# 参数名称：backbone.features.10.conv.6.weight
# 参数形状：(64, 384, 1, 1)
# 参数数据类型：float32
# 参数值（保留6位小数）：
0.019597
0.215374
0.198993
0.033783
0.363468
-0.135385
0.163519
0.152145
0.133029
0.230475
-0.088106
0.082134
-0.253453
-0.255374
-0.078687
0.077053
-0.157526
-0.117742
0.328490
-0.014175
-0.104526
0.014064
-0.013587
-0.274916
0.260173
0.056636
-0.173387
-0.320107
0.128391
0.053950
0.195809
-0.180468
-0.102956
-0.373021
-0.053654
0.374756
0.223331
-0.202738
0.027821
0.153777
-0.031002
0.211629
-0.081087
0.187227
-0.215866
0.117212
-0.047155
0.088669
-0.200823
0.292250
-0.106381
-0.005962
0.006837
-0.248846
-0.131805
0.026413
0.128425
0.019890
-0.476295
0.189180
-0.139009
-0.073667
-0.054994
0.287884
-0.025811
0.011455
0.290142
-0.213512
-0.155019
0.305035
-0.008168
-0.317166
-0.233882
0.119518
-0.226780
-0.003686
-0.064000
-0.109497
0.111206
-0.152322
-0.041056
0.287313
-0.161582
-0.057784
0.169768
0.129588
-0.056599
0.008282
-0.149956
0.315379
0.099831
0.242716
0.130252
0.100314
-0.185555
0.073476
0.183404
-0.318385
0.461643
0.071250
0.181926
0.085183
0.050688
-0.320530
-0.207906
-0.253517
-0.076771
-0.284980
-0.176219
0.012982
-0.123964
0.010743
-0.110644
-0.071895
0.101718
-0.004772
-0.118366
-0.071172
0.036108
0.004753
0.127713
-0.069218
0.093689
-0.083306
0.195588
0.198218
-0.073863
-0.325731
-0.121653
-0.132034
0.012884
-0.230990
0.257557
0.048315
0.277848
0.129957
0.045872
-0.390959
0.028960
-0.169884
-0.039045
-0.169374
-0.251557
-0.044845
0.077702
-0.026368
-0.061023
0.160906
0.058099
-0.032776
-0.140100
0.050935
-0.087082
-0.054711
-0.148140
0.347845
-0.014333
-0.012051
-0.032025
0.167037
-0.288012
-0.200424
-0.142323
-0.234724
-0.128058
-0.204529
-0.039345
-0.321392
-0.184088
-0.173299
-0.216565
-0.069441
-0.180516
-0.509842
0.071093
0.082918
0.214794
0.262576
0.033670
-0.222622
-0.323765
-0.034831
0.172111
-0.032746
0.175264
0.265274
0.346534
0.486969
0.066105
-0.057075
0.134554
-0.232761
-0.186886
0.246033
-0.146421
-0.160560
0.086143
-0.018604
0.106633
-0.010810
-0.186562
-0.112268
0.314284
0.279048
-0.071905
-0.117525
0.219130
-0.057666
-0.203257
-0.112891
-0.129159
-0.045367
-0.228640
-0.033592
0.063592
-0.051124
0.123457
0.149792
0.007518
-0.152911
-0.078300
-0.069045
-0.165192
0.341145
0.030735
-0.013121
-0.080133
0.004100
-0.218170
-0.249436
0.254257
0.100407
-0.188691
-0.139133
0.107630
0.212712
-0.086034
0.053022
-0.149515
0.032478
-0.071447
-0.144062
-0.094266
0.126587
-0.038031
-0.056992
-0.139787
-0.084120
-0.084947
-0.124865
0.194563
-0.303454
0.067230
0.135503
0.025972
0.141380
-0.150403
-0.078440
-0.204988
0.048413
-0.015831
-0.112651
0.175390
0.163372
-0.156177
-0.039407
0.213640
0.148924
-0.031996
-0.046130
-0.067565
0.051772
-0.139177
0.101892
-0.072360
0.014687
-0.125088
-0.254016
0.007664
-0.217805
-0.069955
0.041857
0.354316
-0.066382
-0.049051
0.047355
0.164576
-0.146356
-0.125033
-0.102135
0.172280
-0.078033
0.080124
0.019118
0.088090
0.486030
-0.124081
-0.084662
0.046652
0.015756
-0.036865
-0.083123
0.302897
-0.030339
-0.085648
0.073089
0.016813
0.355088
-0.100180
-0.005887
-0.303532
0.233431
-0.113870
0.092027
-0.288105
0.123510
-0.099235
0.057332
0.014595
-0.238374
0.035586
-0.282945
0.179108
0.228984
-0.079272
-0.086966
-0.096247
0.082002
0.457613
-0.087544
0.043189
-0.074723
0.015257
-0.019886
-0.325577
-0.216985
0.204922
0.069934
0.041148
-0.042468
-0.098687
-0.372716
0.014359
0.074511
0.308328
0.168735
0.119509
-0.360511
-0.065718
0.030355
-0.056897
0.004666
0.091215
0.103579
-0.087778
0.125131
-0.060880
-0.130312
-0.040882
-0.186141
0.074363
0.314687
0.017913
-0.004340
0.204695
-0.023598
0.148642
-0.050779
0.265167
-0.413155
0.139124
-0.013949
0.330196
-0.078928
0.201525
0.328803
-0.064012
-0.009428
0.263044
-0.168797
-0.046563
0.009323
-0.127907
0.272760
0.305560
0.105832
0.038842
0.067426
0.072141
0.103423
-0.044220
-0.191470
-0.318637
-0.068611
-0.251367
-0.015715
0.201788
-0.128350
0.241894
-0.008633
-0.060395
0.245287
-0.323911
0.214487
0.301765
-0.082617
0.110988
0.320066
-0.193333
0.209714
-0.222439
0.193421
-0.149297
0.204137
0.015711
0.116040
-0.121950
0.141119
-0.027132
0.131865
0.079262
0.054028
0.158362
-0.053652
0.013468
0.068520
-0.036740
-0.132560
-0.049687
0.103978
0.052997
-0.003042
-0.034270
0.026142
-0.052448
0.296614
-0.074852
0.117216
0.288805
-0.031458
0.129866
-0.207678
0.060445
0.435841
-0.047204
0.175963
0.105714
0.037998
-0.227144
0.041483
0.115079
0.182066
0.082925
-0.024847
-0.324716
-0.039161
0.107558
-0.030023
-0.175176
-0.254031
-0.171700
0.102422
0.023648
0.021662
-0.178335
0.232407
-0.227901
0.160685
-0.144551
-0.048818
-0.051936
0.088900
0.029989
0.307469
0.119159
0.155410
0.106034
0.233965
-0.038802
0.041210
-0.079903
-0.129889
-0.275882
-0.092428
-0.280510
-0.283870
0.058414
-0.228264
0.126027
0.052597
0.125953
0.348525
-0.168431
0.286428
-0.042615
0.180917
-0.224654
0.185136
0.021226
0.287804
0.230320
0.091446
0.166525
0.191143
-0.165835
-0.289060
-0.009800
-0.167974
0.116770
0.078284
0.119907
0.281670
0.220682
0.204797
0.027675
-0.007398
-0.001340
-0.087128
0.042361
-0.069868
0.206978
0.166678
0.102530
0.112743
-0.132508
0.040700
-0.024882
0.079013
-0.156776
-0.093545
-0.054167
0.189859
-0.087106
-0.118907
-0.046197
0.088808
0.088030
-0.204383
0.175505
-0.069807
-0.080867
0.124164
-0.005619
0.139923
0.049745
-0.306042
-0.167557
-0.154276
-0.207092
0.339758
0.062796
0.172022
-0.318624
-0.119603
0.186084
0.111890
-0.182620
-0.171774
0.121542
-0.395286
-0.222705
0.044103
-0.357945
-0.198041
-0.063715
-0.101833
-0.126477
0.073780
0.004149
0.241495
-0.251029
-0.124139
-0.263646
-0.279899
0.121847
0.096979
-0.023281
-0.109138
0.171649
-0.042428
-0.075245
-0.081491
0.080190
0.421124
-0.193303
-0.225449
-0.162872
0.018254
0.269411
0.042087
-0.051040
0.153762
0.105939
0.203586
-0.015175
0.082648
0.223899
-0.088600
0.095395
-0.121276
0.007461
-0.165784
0.205814
-0.170587
0.341893
0.077437
0.452347
-0.312351
-0.028242
0.097347
-0.253292
-0.222078
0.072302
-0.186640
0.094084
0.242604
-0.094904
-0.073515
-0.112838
-0.091495
0.000654
0.256660
0.032104
0.031766
-0.216712
0.017970
0.096047
-0.201776
-0.328012
0.001291
0.054743
-0.315743
0.172092
0.156019
0.200142
0.234647
-0.106581
-0.143875
-0.352452
-0.262586
-0.257347
-0.180916
-0.196049
0.242914
-0.043872
-0.203241
-0.073626
-0.388180
-0.180409
-0.109336
0.121889
0.098820
0.174454
0.038824
-0.079902
0.033130
-0.054717
-0.243277
-0.172680
-0.013442
0.268758
0.086485
-0.104272
-0.242238
-0.117103
0.207936
-0.094123
-0.005240
-0.059236
0.016100
-0.072150
0.144883
-0.004874
-0.065095
-0.165494
0.101027
-0.028274
-0.151697
-0.322019
0.064034
0.024468
0.059446
0.172666
0.120852
-0.319504
0.086077
0.004315
0.095240
0.084529
0.140154
-0.310425
-0.130186
0.075654
0.089135
-0.074851
0.053795
0.044849
0.267362
-0.012253
0.021956
0.013013
0.161148
0.045114
0.116525
0.038211
0.028201
-0.142653
0.163557
-0.018719
-0.276102
-0.036168
-0.164656
-0.155326
-0.121347
-0.080731
-0.183359
0.095958
-0.274416
0.171081
0.095925
-0.174767
0.237743
-0.057939
0.030470
0.348947
0.114743
0.175703
-0.078367
0.163909
-0.042677
0.209956
0.061425
0.137560
0.158258
0.070647
-0.030189
-0.406718
-0.058417
-0.162754
-0.077889
-0.098762
-0.272687
-0.090520
0.276042
0.070586
0.046800
-0.190913
0.031915
0.117916
0.094021
-0.005680
-0.027563
-0.134666
0.034390
0.170472
-0.076638
0.066527
-0.111620
0.055713
0.061863
0.015435
0.115444
-0.006278
0.099213
0.251354
0.113209
0.212367
-0.136754
0.071874
-0.279849
0.035784
-0.204840
0.007048
0.100135
-0.213207
0.172057
0.038088
-0.221960
-0.083583
-0.154195
-0.127271
0.041595
-0.073005
0.194889
0.128887
0.014651
0.050913
-0.167450
0.126587
0.137447
-0.084292
0.180721
-0.005874
-0.057129
-0.157913
-0.044765
-0.026658
-0.055928
0.101610
0.014901
-0.007949
-0.374018
0.014753
-0.113766
-0.063880
-0.151456
-0.087272
0.052652
-0.102492
0.143553
-0.013625
0.380840
0.165207
-0.174491
-0.165796
0.036392
0.215195
-0.192634
-0.147803
-0.143709
-0.009280
-0.006431
-0.204532
0.115560
0.136545
-0.172243
0.188949
-0.122283
0.335412
0.192139
-0.059851
-0.287978
0.179283
0.071487
0.091471
-0.045837
0.019908
-0.369097
0.094823
-0.060020
0.084583
-0.119808
-0.064921
0.034490
0.200171
0.088709
-0.136862
0.219245
0.011328
0.054266
0.388440
-0.033562
0.066262
0.083267
0.059142
-0.010984
-0.019338
-0.013317
0.008384
-0.001562
-0.631268
-0.004247
-0.001256
0.478612
-0.015494
-0.036373
-0.052905
-0.110789
-0.163207
0.004286
0.191532
0.081219
0.260106
-0.164463
0.087754
-0.037365
-0.014502
-0.092200
-0.110634
-0.165453
-0.214014
-0.100822
0.243242
-0.196716
0.182913
0.097375
-0.109897
-0.042312
0.005279
-0.058630
0.267554
-0.116605
-0.152685
-0.015790
-0.101310
-0.110516
-0.117775
-0.134143
-0.042505
-0.178431
-0.177118
0.011145
0.179027
-0.010214
0.060617
-0.220199
-0.034055
0.178891
-0.103636
0.392372
0.142803
0.293621
-0.045738
-0.015686
0.046574
-0.135892
0.210094
0.040070
0.054718
0.299034
-0.013578
0.265700
-0.180125
-0.014553
-0.045214
0.015561
-0.197029
-0.155613
0.023903
0.207476
-0.114631
-0.010357
-0.142341
-0.296446
-0.078265
-0.420590
0.290238
-0.219532
-0.223553
-0.213420
-0.064389
-0.034032
-0.107491
0.181534
0.030529
-0.042794
0.206866
-0.091957
0.102167
-0.142553
0.157735
0.077369
0.117901
-0.002706
-0.032125
0.059606
0.080090
-0.052825
0.088607
0.038712
-0.202781
-0.142677
0.051832
0.038363
-0.111259
0.098201
-0.339855
-0.105706
0.142032
-0.049382
0.042602
-0.114648
0.072216
-0.234161
0.278712
-0.075328
-0.116113
0.032503
-0.172186
0.028434
-0.062590
-0.175685
0.170651
-0.025067
0.171827
-0.139713
-0.173045
0.079168
0.097628
-0.259414
0.071127
0.057344
0.154134
-0.300402
-0.195145
-0.063561
0.096558
0.269163
-0.008881
0.044959
0.128203
-0.060632
-0.397130
-0.261631
-0.222630
0.269070
-0.226089
0.147102
0.146519
-0.381824
-0.186159
-0.016910
-0.117485
-0.043176
-0.106883
0.206054
0.031339
-0.147818
0.123002
0.119290
-0.026396
0.017644
-0.038865
0.318102
-0.493700
0.306288
0.029285
0.162149
-0.144104
0.040411
0.114065
-0.284628
-0.159147
0.185264
-0.037394
-0.036981
-0.166756
-0.341584
-0.074226
-0.122981
0.197339
-0.180662
0.001006
-0.360502
0.042419
-0.002183
0.129042
-0.133671
0.093455
-0.080098
0.039241
0.059009
0.303900
-0.076035
0.444561
-0.108541
0.110152
0.185417
0.226099
0.026730
0.024589
0.189937
0.170685
0.324728
-0.069090
-0.166358
-0.495543
0.023898
-0.115019
0.005354
0.369848
-0.068567
-0.175062
0.013495
-0.194253
-0.156411
0.142020
0.095048
-0.203692
-0.066959
-0.225876
0.099054
-0.218866
-0.080575
-0.128469
-0.107478
-0.070738
-0.082068
-0.059482
-0.030143
-0.225879
-0.056092
-0.130193
0.073422
-0.100535
0.162587
0.116678
-0.060369
0.040247
0.242476
-0.175462
-0.087133
-0.180125
-0.160432
-0.062596
0.084166
-0.362210
-0.130134
-0.193886
0.225764
0.112168
-0.054392
0.040865
-0.279770
0.321494
0.220021
-0.113646
0.043566
-0.046797
0.084588
-0.270521
-0.173544
-0.017526
-0.054535
-0.113909
-0.034807
-0.194463
0.236282
-0.090394
0.242259
-0.095213
-0.087796
-0.295807
-0.179691
0.158799
-0.415409
-0.012134
0.027423
0.384836
-0.140990
-0.056675
0.074896
-0.022432
0.198174
0.066903
-0.224155
-0.140763
-0.155337
-0.101804
0.032976
-0.150087
-0.052243
0.394758
-0.117525
0.092515
0.018866
0.154993
-0.084279
0.025569
0.194684
-0.118126
0.072826
0.371284
-0.177830
0.328403
0.123391
0.255688
0.248195
0.170565
-0.056665
-0.007277
0.083743
-0.122089
0.028205
-0.160236
0.006998
-0.186372
0.259712
-0.096108
-0.148777
-0.187701
0.019427
0.009972
-0.161871
-0.219673
0.204811
-0.027840
0.223818
-0.047311
0.031269
0.027020
-0.199187
0.067454
0.119259
-0.079817
0.094727
0.011530
-0.015361
-0.108670
0.188832
-0.240004
-0.074700
-0.121293
-0.130786
-0.100211
0.089522
-0.008395
0.034043
0.300593
0.089289
-0.009765
0.261752
-0.064338
0.049622
0.144138
0.389204
0.154011
-0.030405
0.160757
0.026380
-0.209054
0.187315
-0.175069
-0.272518
-0.132858
0.073349
0.008021
-0.106396
0.261305
-0.266869
-0.177865
-0.029252
0.036017
-0.336498
-0.348892
-0.309663
-0.004570
0.204545
0.263515
0.144119
0.117510
-0.224636
-0.007875
-0.189174
0.190610
-0.354492
0.327136
0.169952
0.015939
-0.000670
-0.118926
-0.029403
0.377077
-0.077083
-0.016894
0.016855
0.244323
-0.061995
0.172215
-0.182463
0.426137
0.134246
-0.050292
0.318552
-0.228514
0.021359
-0.423088
0.204521
0.126048
0.110106
-0.170138
0.069705
-0.172433
0.278852
0.023065
-0.220366
-0.255678
0.315012
0.104594
-0.034890
0.324547
0.037151
-0.180713
0.338996
-0.030437
-0.012274
-0.120189
-0.305440
-0.029307
0.333780
-0.209321
-0.136103
0.211189
-0.246334
-0.190085
0.095362
0.226464
0.028678
0.002969
0.122502
0.162497
-0.046673
-0.234977
-0.037143
-0.138469
0.076394
0.228290
0.230666
0.154124
0.166573
-0.209678
-0.136572
-0.154784
-0.022078
0.206735
-0.268370
-0.018736
0.008547
-0.041025
-0.056097
0.231415
-0.086285
-0.007889
-0.023374
-0.328395
0.038997
-0.053253
-0.083781
-0.152735
-0.160645
-0.108311
-0.220806
0.044266
0.106952
-0.032887
0.143678
-0.214119
0.146000
-0.125033
0.247988
0.095649
-0.106036
-0.017253
0.091503
-0.065091
-0.023677
0.190714
-0.007041
-0.102157
0.000193
0.051824
-0.068297
-0.297601
0.053284
-0.007412
0.115648
-0.242093
-0.027090
-0.307313
-0.015887
0.328012
0.047967
0.112541
0.133988
0.424468
-0.134767
0.032282
0.087597
0.247022
-0.172750
0.225298
0.061137
0.147626
0.025259
-0.118300
0.029593
-0.174751
0.193873
-0.337415
-0.079410
0.200629
0.059063
0.172588
-0.140584
0.002487
0.229739
0.291386
-0.190054
-0.254116
0.168774
-0.101050
0.249998
0.249755
0.133106
0.190892
-0.046463
-0.002723
-0.240704
0.183482
0.066859
0.025264
0.166236
0.254073
-0.144281
-0.118077
0.137283
-0.133333
-0.063788
0.143280
-0.017713
-0.224697
-0.223334
0.056945
0.183987
0.163057
-0.208580
0.013917
0.214390
-0.072256
-0.039893
0.154134
0.014306
0.084515
-0.231108
-0.101356
0.195448
-0.087553
-0.192358
-0.298062
0.142777
-0.240365
-0.029152
0.081653
-0.169847
-0.059568
0.058090
0.043557
0.041837
-0.226289
0.009837
-0.073766
0.039776
-0.077616
-0.010503
0.171908
0.354072
-0.007595
-0.001597
0.054433
0.164898
-0.007478
0.304160
-0.234219
-0.118395
-0.131403
-0.268045
0.037182
-0.247027
-0.118829
0.099265
-0.002644
0.063175
0.134670
0.122798
-0.106584
-0.172035
0.294151
0.044326
0.324501
0.210385
0.216143
0.188213
0.270074
0.264515
0.103233
-0.027996
-0.273035
-0.049624
-0.035517
-0.082418
0.203298
-0.077599
-0.045122
-0.145507
0.187628
0.234823
-0.280486
0.171276
-0.103669
0.179958
-0.070310
0.160884
-0.323169
0.084866
0.047502
0.060610
0.235709
-0.119620
0.128578
0.144650
-0.210761
0.217546
-0.183363
0.121167
0.012670
-0.276685
-0.036573
-0.276854
-0.049992
-0.155683
-0.164005
0.198711
0.303024
0.232396
-0.111641
0.110146
-0.110606
-0.078975
0.058421
-0.126220
-0.220336
0.042633
-0.016013
0.447858
-0.186395
0.051681
-0.158813
0.057302
-0.268005
0.052737
-0.000594
0.078332
-0.118918
0.165409
-0.253373
0.185184
0.037227
-0.118339
0.196774
0.034331
-0.017641
0.325624
-0.291994
0.096280
0.021314
0.182330
-0.091451
-0.000987
-0.035496
0.123297
0.136734
-0.100351
0.426882
-0.195755
0.406391
0.016811
0.042681
0.006113
-0.164384
-0.097114
-0.302333
-0.338002
-0.157356
0.035844
0.398089
-0.245830
0.051439
0.113397
-0.131833
0.049335
-0.364912
0.128462
-0.219404
-0.225644
-0.025709
-0.038666
-0.351385
-0.164919
0.037696
0.009307
0.059839
0.219325
0.089525
-0.010767
0.128832
0.074458
-0.045583
0.026465
-0.075289
0.147068
-0.027714
0.021841
-0.046655
-0.208549
0.029019
0.055728
-0.178582
-0.082147
-0.257011
-0.029726
0.166585
0.316455
-0.044121
-0.098312
0.170321
-0.254904
-0.225171
-0.046947
-0.184088
-0.104627
-0.043048
0.307188
-0.386071
0.032876
-0.380878
-0.148627
0.009011
0.121433
0.156399
0.150068
0.481728
0.014174
-0.156072
0.424850
-0.150101
-0.111364
-0.028891
0.011869
-0.179584
-0.125116
-0.272388
0.020002
-0.089305
0.180673
0.014371
-0.135293
-0.119713
0.381814
-0.143506
0.009777
0.177516
0.003830
0.200940
-0.077760
0.054147
0.024900
0.042360
-0.064473
-0.236498
-0.008346
-0.010993
0.175040
0.337166
0.104640
0.094157
0.109397
0.101239
-0.348532
-0.038465
0.051476
0.147152
0.044438
-0.211253
-0.136860
-0.448374
0.205989
-0.298662
0.097844
0.098827
0.198533
0.188186
0.058927
0.141445
-0.163164
0.066928
-0.098040
0.188043
0.107292
-0.018133
-0.029086
-0.171455
-0.022715
-0.067481
0.342972
0.024546
-0.057475
0.032781
0.332768
-0.062933
-0.022166
0.165873
0.124648
-0.226289
-0.024784
0.322326
-0.096153
-0.255535
-0.149809
-0.144980
-0.111088
0.235316
0.022074
-0.003497
0.054585
0.092046
0.363187
-0.027970
-0.208114
0.056085
-0.282523
-0.026276
-0.237111
-0.108420
-0.210594
0.283908
-0.086330
-0.119377
0.117608
0.061697
0.250808
-0.209555
0.237555
-0.034942
-0.034039
0.001904
-0.191577
-0.057585
0.005494
0.216580
0.051406
-0.008552
-0.057555
-0.203721
-0.073702
-0.082088
0.186962
0.162355
-0.164758
0.134710
0.092493
0.072646
-0.067951
-0.228032
0.479369
0.273452
0.011287
0.016568
-0.241459
0.186405
-0.198884
0.015036
0.106589
0.115552
-0.262575
0.235606
-0.166326
-0.243568
-0.180001
0.148326
0.005133
-0.191020
-0.278349
0.057830
0.135975
0.099346
0.100468
0.051464
0.038244
0.075246
0.316649
0.028743
0.190343
-0.212478
0.111286
0.116625
-0.058502
-0.144497
-0.029504
0.000713
-0.227897
-0.140650
0.321536
-0.152231
0.120821
0.072385
0.336438
0.056701
-0.208897
-0.067035
-0.090299
0.084464
-0.105433
0.196207
-0.021994
-0.143382
0.010215
0.128540
-0.294453
-0.121814
-0.040205
0.007131
0.061263
0.031349
0.192553
0.278511
0.016865
0.294485
0.052421
-0.085268
-0.016252
0.054958
0.166685
-0.064855
0.168005
-0.061072
0.055131
-0.015322
0.275376
0.382785
0.184941
0.085041
-0.120630
-0.160392
-0.176347
0.013478
-0.314752
-0.108098
0.090995
-0.262738
-0.081518
-0.391375
-0.200285
0.184172
0.157822
0.378189
-0.062130
-0.134106
-0.172685
0.068135
-0.114440
-0.135847
-0.227592
0.307131
0.028680
0.431760
-0.067319
0.189713
-0.474642
0.420024
0.091533
-0.220425
-0.138020
0.026468
0.214653
0.190971
-0.008823
0.392214
0.075734
0.134031
-0.064703
-0.041189
-0.050308
0.233081
-0.235674
-0.107665
0.114909
0.048821
0.013152
0.114656
0.104917
-0.106817
-0.189770
0.145177
-0.273677
-0.061180
0.375944
0.012064
0.170894
-0.141683
-0.005863
-0.038781
-0.239043
0.179709
-0.111833
-0.137590
-0.117290
-0.091144
-0.195745
0.037785
-0.081337
0.109079
0.120166
-0.190131
0.164192
-0.320369
0.127826
0.160841
0.252939
0.104900
0.022531
0.011825
-0.044055
0.105369
0.275817
-0.128778
-0.079226
-0.038753
0.133592
-0.214874
-0.292231
0.143611
0.021016
-0.020433
-0.301310
-0.131944
0.285192
0.055795
0.023000
-0.061683
-0.163491
0.028068
0.305885
-0.072551
-0.315593
0.225807
-0.183127
-0.238987
0.037767
-0.044977
0.058587
-0.108134
-0.048326
-0.050161
0.101531
-0.160138
-0.162638
0.021382
-0.189199
-0.075077
0.175252
0.259152
0.032158
0.033888
0.124094
-0.124436
-0.271190
0.062636
0.039098
-0.046505
0.093921
0.137549
0.014516
-0.262901
-0.504106
-0.092355
0.058477
-0.274264
0.057425
-0.041837
-0.050825
0.098486
-0.032960
-0.193873
0.184949
-0.093141
-0.064450
-0.174571
0.066356
-0.025019
0.057203
0.056491
-0.035186
-0.126669
0.224584
-0.200688
-0.041901
0.070121
0.205226
0.045296
-0.125413
-0.257974
0.197779
0.350677
0.091938
0.109678
-0.093086
0.187570
0.235603
0.005537
-0.089092
-0.122580
-0.123830
-0.134770
-0.114334
-0.273183
0.127654
0.136653
-0.044610
-0.447717
0.424809
-0.022833
0.283084
0.085548
-0.031932
-0.197901
-0.110082
0.022503
0.424590
0.067523
0.009600
0.055757
0.265128
0.106320
0.124265
-0.098910
-0.056179
-0.122986
-0.127578
0.052938
-0.056344
0.010519
-0.068269
-0.299272
0.303455
-0.173552
-0.059581
0.235091
0.058115
0.246312
-0.070226
0.041551
-0.142681
-0.062802
0.131643
0.152274
0.117614
0.051850
0.068493
0.165604
0.051914
-0.013606
0.248085
0.166927
-0.163664
-0.167135
0.102717
-0.073407
-0.060684
0.124566
-0.158691
0.069590
0.197728
-0.064993
-0.349870
0.109430
-0.016641
-0.265424
-0.185528
-0.081799
0.083002
0.068871
0.135974
0.014618
-0.114726
-0.170885
0.026458
-0.279256
0.219174
-0.058055
0.016360
-0.232466
-0.006481
0.260511
-0.006068
0.050984
0.085539
-0.151479
0.031682
0.228240
-0.148517
0.112002
0.004039
0.322566
0.096357
0.226663
0.146483
-0.109207
-0.068607
-0.000668
-0.280011
-0.393881
0.017025
-0.086699
0.237756
0.150107
-0.172880
0.214867
-0.247235
0.025666
0.252687
0.109432
0.149993
-0.007941
0.067420
0.361053
0.070615
-0.390170
0.133139
-0.105433
0.238222
-0.137889
-0.073768
-0.050647
0.110954
0.179131
-0.315064
-0.110927
0.036388
-0.022816
-0.000525
-0.117772
-0.095381
-0.219220
0.147107
0.291010
-0.111727
0.088452
-0.092855
0.222142
-0.109680
-0.022927
0.130728
-0.085991
0.266573
0.044404
0.008696
0.233765
-0.128595
-0.302420
0.128651
0.225370
-0.099214
-0.219396
0.161123
0.180694
0.259881
0.195560
-0.198752
0.037176
-0.004538
0.056083
-0.068955
-0.136800
0.028645
0.113778
-0.105950
0.195926
0.156779
-0.016129
-0.158491
0.127928
-0.120373
-0.074916
0.100864
0.187937
0.060163
-0.055757
0.208594
-0.225328
0.202154
0.067366
0.320128
-0.148421
-0.043803
0.017772
0.066150
-0.061475
-0.155830
-0.209288
0.103984
-0.013196
-0.092884
0.199945
0.028073
0.041752
0.078692
-0.019437
-0.195324
-0.094714
0.274134
-0.245001
0.049547
0.094783
0.087056
0.215970
-0.074729
0.251794
-0.245461
0.031698
-0.122958
0.067261
0.060367
0.051586
-0.166597
0.035087
-0.007123
0.006847
0.078319
-0.090593
-0.115695
-0.003107
0.058547
0.059689
-0.058519
-0.228121
-0.079509
0.017690
0.152920
0.060739
-0.273338
0.245613
-0.092013
0.147363
-0.148676
0.217985
-0.034247
0.029845
0.046557
-0.000100
0.035330
0.035961
0.151839
-0.015043
0.118322
0.056477
-0.008120
0.010740
0.315988
-0.295990
0.173444
-0.217655
0.064284
-0.080043
0.117882
-0.104736
-0.002719
-0.112313
0.075375
0.148868
-0.003891
-0.003428
-0.068086
-0.240895
0.179540
0.003147
0.536738
-0.177988
0.112270
-0.004073
0.310495
-0.006431
0.092267
-0.028344
0.301200
0.338343
0.081408
-0.035236
-0.011782
-0.017965
-0.032868
0.098315
0.263827
0.062488
0.167796
-0.130894
-0.232839
0.241907
-0.001545
-0.088085
0.407815
-0.021094
-0.092853
-0.197867
0.013839
0.177560
-0.041706
0.133425
-0.129264
0.058624
-0.066320
0.023101
0.286269
0.400933
0.044801
0.009640
0.090200
-0.088780
0.020239
-0.171287
0.302009
-0.043978
-0.059027
-0.057679
-0.003574
0.164573
0.111548
-0.068142
0.070827
-0.216556
0.035336
-0.317395
0.130756
0.052210
0.148980
0.202886
0.003379
-0.002335
0.201134
-0.014002
-0.200673
-0.063490
0.143046
0.261914
-0.269361
-0.686777
0.161990
-0.121066
0.366573
0.000437
-0.037791
-0.067220
-0.173735
-0.263199
-0.165273
-0.020447
0.150334
0.069211
0.009659
0.309333
-0.156879
-0.121163
-0.015399
-0.377915
0.107100
-0.110016
0.004149
-0.215843
-0.054936
-0.002911
0.015739
0.107222
0.342413
-0.253869
-0.020514
0.071418
-0.236305
0.186014
-0.364818
-0.000195
-0.143646
-0.323218
0.042568
-0.057051
-0.042547
0.057936
-0.168544
0.332675
0.124651
0.280215
0.081681
0.239370
-0.357863
0.048507
-0.038582
0.012009
0.163297
-0.039294
-0.363228
-0.044620
-0.009459
-0.164290
-0.164055
-0.192329
0.221950
0.334754
0.081447
0.177127
0.098334
-0.006523
-0.165307
0.121806
0.019956
-0.247701
0.095800
-0.139894
-0.090393
-0.039807
-0.257864
-0.004234
-0.095814
0.034816
0.008201
0.030472
0.120161
-0.387931
0.353003
-0.081917
-0.185542
0.050539
0.223807
-0.049269
-0.186577
-0.095211
-0.375042
-0.250387
0.161615
0.288838
0.085207
0.007518
-0.181453
-0.402533
-0.030250
-0.043706
0.133238
-0.010232
0.041514
-0.092209
0.136103
0.303526
0.308256
0.018034
-0.087793
0.022429
0.206165
0.280247
-0.089517
-0.010262
-0.226303
0.029815
0.094748
-0.023486
-0.178589
0.172324
-0.013370
-0.046662
0.233226
-0.189253
-0.288796
0.081519
0.156550
-0.058375
-0.096298
-0.108288
0.073577
-0.090324
-0.003660
-0.095283
-0.038698
0.149740
0.362805
0.121537
-0.343276
0.401468
0.180563
0.165157
-0.019011
-0.355355
-0.151702
0.108255
0.276029
0.152957
0.004274
-0.109671
-0.091076
0.381489
0.123670
0.011878
0.040182
-0.087534
0.074963
-0.101786
-0.231600
0.066056
-0.082037
-0.160367
0.271470
0.186217
0.123265
-0.084821
0.078851
-0.034454
0.235784
0.226911
0.019797
0.193739
-0.278853
0.215572
0.045326
-0.241127
0.064889
0.253469
-0.070656
-0.078411
0.093039
0.042578
-0.118415
0.078667
-0.176616
0.007447
-0.065972
-0.491630
-0.092060
0.093108
0.003499
0.235970
0.050865
-0.193221
-0.228441
-0.239720
0.019812
-0.028505
-0.028707
0.008883
0.046346
0.117960
-0.110412
-0.276835
-0.026557
0.096370
0.111170
-0.155485
0.151145
0.049218
0.137507
0.219806
0.464047
0.095544
0.058275
0.130929
0.043298
-0.065940
-0.010546
0.154400
-0.224931
-0.046206
-0.123353
-0.093330
0.279280
0.024304
0.078024
0.050254
-0.330223
0.009010
-0.102791
-0.259117
-0.050185
-0.049523
-0.107669
0.310638
0.186591
-0.052401
-0.145629
0.229801
0.042711
0.037239
0.044497
0.098845
0.188657
-0.150156
0.050163
-0.050709
0.026043
-0.360802
-0.041770
0.102048
-0.230772
0.154430
-0.304091
0.022372
0.068004
0.327542
0.019321
0.042706
0.148162
-0.041138
-0.181529
-0.254535
-0.321843
0.024273
-0.082519
0.095712
-0.028786
-0.011753
0.243332
0.006112
-0.002918
0.102418
0.068710
-0.149579
0.074256
-0.034010
-0.119728
-0.253065
0.348145
-0.254650
0.021544
0.191208
-0.060961
-0.149593
0.086148
0.023778
-0.065291
0.193023
0.010691
-0.013044
0.079300
0.176737
0.040472
-0.045394
0.154623
-0.213695
-0.186400
-0.062556
-0.089008
0.151378
-0.174816
0.044164
0.013141
-0.022195
0.028605
-0.278718
-0.021618
0.120344
-0.082235
-0.100608
0.022452
0.201789
-0.081196
0.242965
0.021429
-0.139605
0.000872
0.086007
0.113068
0.058035
-0.092274
0.029856
-0.158458
0.143312
0.139619
0.017074
-0.163858
0.187555
-0.051179
0.262841
0.144972
-0.090251
0.375196
-0.437857
-0.071413
0.275310
-0.020847
-0.065417
-0.022225
0.116545
0.035514
0.097161
-0.081678
-0.036063
0.200394
-0.134202
-0.090413
0.166244
-0.078056
-0.024601
0.264403
0.305090
0.194976
0.151883
-0.128509
0.028469
-0.253223
0.110604
0.160376
-0.400275
0.277516
-0.083173
0.091604
-0.029759
0.008973
0.052763
-0.063276
-0.009084
0.220357
0.033297
-0.011360
0.163773
-0.227600
-0.089623
0.016781
0.296395
0.011146
-0.289304
-0.258999
-0.088191
-0.342439
-0.443421
-0.082983
0.182578
0.206731
-0.201938
-0.050628
-0.059901
0.370319
-0.162916
0.091619
0.032502
0.196888
0.053111
0.450970
-0.243957
-0.176322
0.219796
-0.073154
0.184226
0.060547
0.042023
0.331626
-0.103208
-0.036407
0.034880
-0.219195
-0.336420
0.351821
-0.034403
0.013245
-0.126717
0.084696
0.133309
-0.049829
-0.016762
-0.084429
-0.012743
0.161179
0.163052
0.218803
-0.074017
-0.011713
-0.374610
0.134215
-0.172501
-0.098947
0.049099
0.118867
-0.268820
-0.110432
-0.056122
0.098861
-0.025898
0.116046
-0.245922
-0.291734
-0.220750
0.128928
0.157314
-0.088921
0.054107
-0.056605
-0.176210
0.162176
0.165108
-0.280384
0.020930
-0.244279
-0.148622
-0.027469
0.152941
0.006129
0.049224
-0.052758
0.141817
-0.048533
-0.168480
0.146940
-0.044005
0.297855
-0.068818
0.011406
-0.007379
-0.118089
0.062434
0.011556
0.199949
0.057343
-0.227089
0.174555
0.036576
0.274354
-0.051884
-0.024954
-0.117621
-0.030417
-0.143093
0.026817
0.024520
-0.039014
-0.054541
0.082078
-0.059042
0.266346
0.018007
-0.109517
0.219501
-0.184869
-0.232839
-0.074474
-0.036122
-0.034320
-0.229188
0.077933
0.062615
0.241222
0.311975
-0.236245
0.047443
0.083956
-0.275856
0.393094
0.052222
0.313716
-0.362491
0.309015
0.030850
0.184388
0.082117
0.054474
-0.212312
0.243613
-0.128769
-0.187890
-0.200574
0.088197
0.032274
-0.173995
0.363180
-0.080983
-0.115576
-0.138374
-0.246737
-0.022112
-0.048837
0.337217
-0.217576
-0.233541
-0.300615
-0.022568
-0.041628
0.136702
-0.383579
-0.233866
0.142330
0.133573
-0.194257
-0.077225
0.181935
0.003322
0.198857
0.001486
-0.076027
-0.064549
0.077382
0.059171
-0.063720
-0.161905
0.049817
0.290375
0.120691
-0.045183
0.148350
-0.091580
-0.028841
0.316085
-0.094341
-0.133197
0.220318
-0.294995
0.236067
-0.110925
0.062066
0.162013
-0.129506
-0.018525
0.146214
-0.314162
0.114541
0.181381
0.055487
-0.075125
0.073969
0.003760
-0.129711
-0.020710
-0.085360
-0.088517
-0.004760
-0.113168
0.096147
0.073324
0.171807
-0.127014
-0.142993
0.135836
0.008229
-0.006611
-0.194427
0.264609
0.103003
-0.194310
-0.145595
-0.063086
0.190473
0.107553
-0.037963
0.065649
-0.064650
0.077074
0.173509
0.000111
0.022150
0.038700
0.110476
0.494383
-0.327603
0.059667
0.052548
-0.286337
0.020607
0.082752
0.021630
0.175870
0.110274
-0.075985
0.260172
0.283504
-0.084576
0.029617
-0.149406
0.088039
0.184941
-0.330132
-0.039379
0.159194
-0.006193
-0.098062
0.279140
-0.008292
-0.364962
0.009689
0.249917
0.354289
-0.078406
-0.100402
-0.176777
-0.304763
-0.213509
-0.053037
-0.423950
-0.021858
-0.023666
-0.210257
0.163771
-0.176740
0.036672
-0.250018
0.143229
0.061763
0.011842
0.108224
0.190755
-0.068717
-0.228162
0.094437
0.048083
0.002084
0.061782
-0.098387
-0.091092
0.423718
-0.184813
0.007463
-0.016033
-0.128724
-0.041296
-0.238861
0.184253
-0.173958
-0.012301
0.120251
0.226865
-0.165357
0.030168
-0.069171
0.150234
0.123888
-0.030078
0.040311
-0.240440
-0.037135
0.097207
-0.112227
-0.104559
-0.064688
-0.264239
-0.045967
0.006709
-0.027541
-0.070244
0.033350
-0.316083
-0.052839
0.263494
0.040647
0.352857
-0.019334
-0.282362
-0.133953
0.017013
0.367576
0.191762
-0.041413
0.399436
-0.203169
-0.042054
0.317778
-0.353525
-0.038212
0.276143
-0.181866
0.202960
0.085254
0.035790
0.046792
0.051936
0.097709
0.342678
0.038540
-0.206881
0.164415
0.097691
0.046226
0.144279
-0.282890
0.058902
0.165431
0.566833
-0.053983
0.135790
-0.209948
0.085279
-0.250469
0.435138
0.204005
-0.097600
0.028150
0.120966
0.036529
0.049711
-0.240298
-0.268269
0.038638
0.028647
-0.309195
-0.095099
-0.063596
-0.141836
-0.087941
0.095162
0.079278
0.247096
0.192604
0.028435
0.164235
-0.347489
0.000843
0.097635
0.032674
-0.076234
0.240568
-0.055063
-0.019915
0.061531
0.364344
-0.234542
0.032937
-0.199298
0.085570
0.118594
-0.071564
0.018032
-0.013694
-0.157358
-0.245992
0.130391
0.122400
0.035959
-0.003044
-0.052262
0.246413
-0.146102
0.112228
0.076166
0.063547
0.125722
0.251444
0.093585
0.141140
-0.047591
0.218249
-0.142658
0.455798
-0.249508
0.636866
-0.298787
0.026623
0.178236
-0.017711
0.139000
-0.299135
-0.070236
0.114111
-0.038315
-0.370455
0.157232
0.235318
0.050882
0.195011
0.120983
-0.087652
-0.292075
0.067323
0.287138
-0.186896
0.047055
-0.033611
-0.198697
0.244710
-0.170872
-0.076069
-0.024253
-0.042372
0.058248
-0.180774
0.064716
0.004614
0.191571
0.176584
-0.068858
0.255188
-0.129609
-0.064564
0.125787
-0.086057
0.079467
-0.169782
-0.250520
0.031982
0.080864
0.056025
0.179395
-0.006413
-0.023642
0.216726
0.400140
0.092765
0.194407
-0.204897
0.021597
0.028776
0.155669
-0.115373
0.735305
-0.082198
0.181861
0.238508
0.268454
0.249501
0.156875
-0.072986
-0.203046
-0.189639
0.250232
0.079619
-0.002481
0.176424
-0.159811
0.148635
0.063537
-0.068964
0.206773
0.184088
0.130452
-0.174772
0.278283
-0.181687
-0.222402
-0.071138
-0.337541
0.176537
-0.071382
0.211008
-0.125255
0.377809
-0.062044
0.047610
0.179712
0.038174
0.062286
-0.281826
-0.112260
-0.155245
0.070314
-0.070939
-0.141624
0.100716
0.068765
-0.001888
-0.201154
0.170435
-0.077252
0.280953
-0.071580
0.149541
0.006658
0.235161
-0.217295
0.060920
0.048383
0.134858
-0.097504
-0.114084
0.012890
0.001390
0.364457
0.066440
0.217703
0.142963
0.210121
-0.142906
0.040361
-0.026584
-0.074000
0.144742
-0.017836
-0.060785
0.197640
0.287059
-0.290545
0.098202
-0.432854
0.310579
0.262214
-0.182496
-0.095779
0.178905
-0.046618
0.031191
-0.091166
0.006746
-0.135274
-0.152444
0.198361
-0.064628
0.256128
0.074086
0.046215
0.005396
0.227827
-0.047532
-0.138354
0.092828
-0.111523
0.300826
-0.066872
0.103143
-0.002319
-0.202187
-0.137365
-0.125121
0.335009
-0.094312
-0.021238
0.002528
-0.149942
-0.152279
0.006537
0.114274
-0.011862
0.213162
0.206927
-0.046313
-0.180553
0.169750
0.128024
-0.151007
0.190640
-0.051271
0.091836
0.011322
0.024104
0.218461
-0.038189
-0.181655
0.118883
-0.171233
-0.084245
-0.087367
-0.072499
0.111735
0.095459
0.069642
0.010470
0.053817
0.090208
0.226802
0.102946
0.098346
-0.025191
0.218092
0.173955
0.058325
-0.016796
0.088818
-0.170007
0.030798
0.271055
-0.138659
-0.273544
-0.107022
0.213224
-0.230003
-0.046157
-0.346278
0.109987
0.186243
-0.253976
0.167229
-0.341028
-0.045435
-0.161684
0.299800
0.414642
0.038088
0.020522
0.098474
0.250819
-0.163003
0.069665
0.061415
-0.197621
-0.039544
-0.201008
-0.121254
-0.330569
0.175774
0.040198
0.079758
0.021964
-0.157147
0.248120
0.477222
0.106118
-0.189646
-0.395075
0.249559
-0.177464
-0.286449
0.281030
0.001065
-0.297456
-0.142125
-0.217096
-0.014988
0.149475
-0.328202
-0.062893
-0.058005
-0.033376
0.556185
0.012773
-0.012209
0.122858
0.044712
-0.065571
-0.002943
-0.258860
0.034836
0.201291
-0.071160
0.047438
0.297199
-0.047581
-0.196527
0.240553
-0.122407
0.165255
0.044963
0.124578
0.022250
-0.287802
-0.030689
-0.021345
-0.007063
0.070281
-0.275400
0.034701
0.132198
-0.103245
0.126207
0.136523
0.001276
0.229296
0.143026
0.068905
-0.115927
0.162719
0.120979
0.194896
-0.088354
-0.292790
-0.091322
0.126411
-0.415742
0.230906
-0.083760
-0.126782
-0.034267
-0.107519
-0.168276
-0.014086
-0.041631
0.187697
-0.113704
-0.020652
0.025503
0.034675
-0.000367
0.121964
-0.048291
0.266157
0.016789
0.004463
-0.220537
-0.146387
0.121783
-0.084751
-0.147631
0.136832
-0.196343
0.079740
0.051338
-0.101681
0.162749
0.204586
0.104859
0.063666
0.182596
-0.023826
0.122285
-0.082305
-0.032803
0.043731
-0.063373
-0.028105
-0.087645
0.181072
0.108205
-0.193849
-0.152632
0.308156
-0.319500
0.233360
0.105143
-0.114499
-0.286875
0.247861
-0.253118
-0.055445
0.118775
0.265405
0.053298
0.074089
-0.062592
-0.140465
-0.025950
-0.038535
0.243809
0.078580
-0.230271
-0.143297
0.206645
0.028463
-0.082923
0.090004
-0.193330
0.233410
-0.010903
0.380021
0.198173
0.106767
0.167980
0.093102
-0.224935
0.046670
-0.130909
-0.052583
-0.070312
-0.055730
-0.034981
0.176423
0.053232
0.570486
-0.087998
-0.006318
0.211585
0.173903
-0.209262
0.059348
-0.175951
0.035232
0.075549
0.048143
0.154581
-0.092705
0.035723
0.014735
0.024442
0.238601
-0.017390
-0.036798
0.029083
0.080711
-0.194359
0.169789
0.018585
0.212804
-0.085222
0.027031
0.108413
0.170793
0.137781
-0.135115
-0.267997
0.003068
0.160676
-0.027625
-0.303141
0.209082
-0.151409
0.187211
-0.211978
-0.147758
-0.408012
0.047868
0.021665
-0.141091
-0.147936
-0.046556
-0.103404
0.383322
-0.088852
-0.023177
0.113944
-0.036600
-0.176970
-0.349986
-0.009241
-0.089450
0.223355
-0.154828
-0.098633
-0.185509
-0.045583
0.094413
-0.063211
0.436031
-0.042017
0.091749
-0.116654
-0.152065
0.205434
0.031957
-0.084029
0.045224
0.027232
0.168468
0.285058
0.061502
0.076410
0.129273
-0.119507
-0.077701
-0.059702
0.103869
-0.026698
0.210704
-0.288550
-0.113841
0.105265
-0.012988
-0.088151
-0.012039
0.072645
-0.068910
0.169977
-0.073954
-0.061329
-0.252495
0.089537
0.037478
0.058449
-0.039619
-0.082697
-0.024218
0.068486
0.323351
0.240609
0.202752
-0.275283
-0.035305
-0.022732
0.026076
0.051810
-0.146734
-0.222817
0.020671
0.041528
0.188063
0.157990
0.043006
-0.220305
-0.091511
-0.332626
-0.077332
0.039273
0.008004
0.116332
-0.062807
-0.018237
-0.027229
-0.190235
-0.025714
0.038764
-0.118089
-0.031500
-0.015005
0.092321
-0.174396
-0.036012
-0.072651
-0.057292
0.160722
-0.064031
0.077667
0.243086
-0.284811
-0.208759
-0.086142
0.182510
0.248984
-0.072518
-0.073989
-0.033002
-0.184929
0.211911
0.088103
0.119501
-0.215551
-0.195898
-0.194705
0.025405
-0.134297
-0.152973
-0.134198
-0.414220
-0.113479
-0.130838
0.050530
-0.072371
0.071617
0.089374
0.201936
0.116000
0.305877
-0.077182
0.110481
-0.156825
-0.197496
-0.060302
-0.273570
-0.232678
-0.228705
0.053448
-0.016120
-0.094253
0.066376
-0.201282
0.077156
0.043330
0.255986
0.015839
0.103537
0.069823
0.092773
-0.158378
0.073768
-0.002459
0.171881
-0.239513
0.029526
-0.233801
0.235114
-0.429757
0.019217
0.134404
-0.146546
0.038456
-0.269752
-0.000832
-0.167147
0.348286
0.081711
0.089855
0.074187
0.069919
-0.050911
-0.008856
0.291309
0.342753
-0.071269
-0.155286
0.005085
0.073630
-0.074337
0.294361
-0.213202
0.028671
0.132212
-0.091410
0.305733
0.136611
-0.080483
-0.095559
-0.017614
-0.246630
0.061868
0.179828
-0.057711
0.007613
0.078494
0.223477
0.310443
0.118019
0.305756
0.106238
-0.151298
-0.165292
0.050770
-0.124781
0.228397
-0.094298
0.055022
-0.213761
-0.070694
-0.344772
0.186472
-0.014586
-0.148354
0.289152
0.323431
-0.099363
-0.041526
0.028576
-0.282850
-0.147497
0.482524
-0.012921
-0.217659
0.341531
-0.062085
0.143265
-0.297324
0.151290
-0.103702
-0.125412
0.382630
-0.040550
-0.127617
0.180108
-0.080147
0.076652
-0.025253
-0.305711
0.092900
-0.026404
0.291601
-0.126586
-0.241036
0.091285
0.099385
0.055803
-0.108668
0.037197
-0.034499
-0.019141
-0.086913
-0.402623
0.059386
-0.241480
0.089483
-0.133517
-0.029862
-0.163300
-0.035522
-0.008571
0.373545
-0.157419
-0.026851
-0.335233
-0.176261
0.008611
-0.019748
-0.239018
-0.044563
0.006718
-0.138866
-0.174557
-0.103519
-0.128004
0.146813
-0.070196
0.095548
0.059483
-0.003803
0.066898
-0.109640
-0.030579
0.056139
-0.046437
-0.197045
-0.140439
-0.216570
0.108913
-0.335698
-0.055659
0.155722
-0.107507
-0.182940
-0.069973
-0.011738
-0.052760
-0.175290
0.175768
0.337706
0.184987
0.234917
-0.117150
0.175727
0.007659
0.018927
-0.348162
0.097777
0.033087
-0.161451
-0.018100
-0.091283
-0.043297
0.359873
0.112282
0.401748
-0.129570
0.042018
-0.108028
-0.280707
-0.081726
0.272182
0.045959
0.067775
-0.031832
-0.242800
0.057728
-0.171340
-0.222175
-0.007829
0.061500
0.065662
0.089411
-0.074040
0.246647
-0.141355
-0.053244
0.139158
0.305702
0.266818
-0.138061
0.027274
-0.226157
-0.083004
0.330525
0.092082
0.259610
-0.040718
0.100041
-0.016303
-0.050087
0.067899
0.259872
-0.143139
-0.158663
-0.207838
0.179323
-0.161212
-0.412392
-0.380971
-0.208729
-0.133762
0.147234
-0.114258
-0.331667
0.119995
-0.012393
-0.263716
-0.120319
-0.140882
-0.109258
0.101862
0.102480
-0.273817
0.034772
-0.032111
0.045972
0.009538
-0.247643
0.162081
-0.085211
-0.068943
0.041186
-0.055926
0.064600
-0.003397
-0.318393
-0.096611
-0.154840
-0.115886
-0.115420
-0.192503
0.122515
0.017321
0.209775
0.166541
-0.179716
0.027115
0.027703
-0.033926
0.071784
0.016374
0.009715
0.268901
-0.032744
-0.344710
0.082338
-0.213182
-0.130266
-0.196930
0.210973
0.147265
0.254325
0.154538
-0.026862
0.118511
0.042857
-0.113283
0.136665
-0.127607
0.024391
-0.018360
0.233388
-0.031887
-0.123836
-0.203275
-0.054688
-0.134432
0.182642
0.122148
0.284245
-0.130671
0.136892
-0.291170
-0.120836
0.051517
-0.068821
0.289107
0.097516
-0.198050
0.030046
-0.177863
-0.262415
-0.065254
0.021936
0.026203
0.174186
0.254884
0.002806
-0.101104
0.216540
-0.091121
-0.236567
0.238199
-0.084867
0.195366
0.071651
0.275457
-0.061610
-0.060203
0.145843
-0.060585
-0.000719
0.222785
-0.008513
-0.277594
0.056822
-0.171046
-0.072951
-0.235310
0.177173
0.037345
0.193613
0.000785
-0.217166
-0.097511
0.306758
0.168233
-0.043937
0.234789
0.126670
-0.338278
0.176482
0.074110
0.062925
0.339741
0.253339
-0.340367
0.148308
-0.008393
-0.235523
0.109104
-0.081049
0.000976
-0.256017
0.005827
0.147053
0.038492
0.465225
0.130847
-0.082238
0.211100
-0.003263
0.085070
0.117959
0.236763
0.070502
0.014340
-0.080557
0.113151
0.197628
0.262203
0.052100
0.009619
0.256679
0.069487
0.060285
-0.105494
-0.031585
0.118477
0.229535
-0.308725
0.195393
-0.025843
0.084935
0.031582
0.106138
-0.094414
0.050476
0.027877
-0.101591
-0.018617
0.038402
0.165128
0.215808
-0.150900
-0.146725
-0.012844
0.155124
0.137741
0.117901
0.198997
0.170118
-0.261479
0.133078
-0.003883
0.145222
0.015000
0.219734
-0.171581
0.125445
-0.176400
0.258568
-0.125651
-0.178935
0.182873
0.032105
0.166067
0.045316
0.191852
0.041512
0.047197
-0.095147
-0.045584
0.142621
0.159853
0.245081
0.001562
-0.012075
-0.252519
-0.397582
-0.076990
-0.022602
-0.089260
0.054261
-0.067564
-0.201696
-0.022278
0.043207
-0.012082
-0.029191
-0.142074
0.185052
0.116394
-0.009669
0.037350
-0.244165
-0.032934
-0.040170
0.112130
-0.150541
0.095214
-0.095465
-0.296430
0.299592
0.043046
0.268685
-0.239472
0.103435
-0.030797
0.110786
-0.071604
-0.166825
0.029588
-0.007197
0.114319
-0.200761
0.174106
0.017865
-0.166354
-0.224272
0.003134
-0.146271
-0.336805
0.376437
-0.242648
0.061445
-0.086639
-0.265697
-0.238558
0.024494
0.162177
0.235739
0.119784
0.108812
-0.053217
0.029146
0.035276
-0.213956
-0.128011
0.097735
0.178202
0.128765
-0.129883
-0.121380
-0.083236
-0.019779
-0.020622
0.255851
0.080889
0.426670
-0.094210
0.313048
-0.040345
0.140607
-0.014155
0.084811
-0.157393
-0.092636
-0.222096
0.216590
-0.043562
0.506023
0.181152
-0.121146
-0.002114
0.308847
0.016893
0.030852
0.094908
0.127604
0.063197
-0.278639
-0.098023
0.237754
-0.141644
0.005785
0.091137
0.193264
-0.014935
-0.265147
-0.024904
-0.323276
-0.131827
-0.018439
-0.280674
0.184365
-0.138405
0.076913
-0.299501
0.135264
0.073968
0.063219
-0.098043
0.522130
0.173474
-0.167447
-0.259562
0.169507
0.130008
-0.095151
-0.045588
-0.077846
-0.105955
0.063154
0.049869
0.352988
0.043733
0.125043
0.199280
0.128831
0.061984
0.197007
-0.085274
-0.059533
-0.195838
-0.026331
0.013928
-0.196052
0.319357
-0.020217
0.128335
-0.079956
0.124377
-0.001570
0.035290
0.011157
-0.032850
-0.003251
-0.010088
0.104681
0.197707
-0.125009
-0.141312
0.036116
0.141002
0.274926
0.143341
-0.271492
0.059105
-0.048583
-0.209530
0.151242
0.065975
-0.351448
-0.083868
0.003924
-0.415578
-0.090650
0.140321
-0.002174
-0.021177
-0.268391
0.179995
-0.022209
-0.026525
-0.007321
-0.240661
0.343239
-0.061326
0.131304
0.009153
0.150933
-0.092275
0.067572
0.145725
-0.150303
-0.052732
0.122352
0.101522
-0.031720
0.119240
0.198382
-0.177650
-0.223087
0.133152
-0.058844
-0.347900
0.104355
-0.023560
0.191474
-0.270530
0.009722
0.210468
0.074616
-0.059368
0.011671
-0.200491
0.075921
-0.175066
-0.187264
0.270414
0.221517
0.078713
-0.022074
0.158000
-0.161433
0.190152
-0.096545
-0.072635
0.087096
0.137588
-0.109052
-0.073429
-0.200822
0.369538
-0.210883
-0.041422
0.006253
-0.216793
-0.046973
0.175164
0.024725
-0.217894
-0.233973
0.040657
0.041436
-0.283477
-0.016618
-0.048111
0.149825
0.117887
-0.298887
-0.019097
-0.112019
-0.143026
-0.042393
0.139271
0.018542
-0.235066
0.135672
0.096593
0.001323
-0.018397
-0.395109
-0.032142
0.048976
0.167851
0.327632
0.088857
0.286672
0.086268
0.228374
-0.183057
0.290231
0.101112
-0.022245
0.111533
0.057701
0.093898
-0.028501
-0.288228
-0.132988
-0.280313
0.024881
-0.065872
-0.302085
-0.089349
-0.257772
-0.040460
-0.108418
-0.176228
-0.212614
0.377646
-0.171005
0.045760
0.106830
-0.191703
-0.007758
-0.213749
0.158964
-0.273356
-0.246761
0.006712
0.249652
-0.202717
0.167362
-0.045396
0.242816
0.460967
0.064159
-0.295642
-0.059683
0.186788
-0.352691
-0.035731
-0.015513
-0.062460
0.037243
-0.245743
-0.145428
0.298226
0.189778
-0.072461
-0.035985
-0.199329
-0.007240
0.129547
-0.251499
0.020148
-0.031108
0.123302
-0.025776
0.014470
-0.222419
-0.282136
-0.084053
0.112671
0.128990
0.319594
0.263579
0.265533
0.038946
-0.127919
-0.111530
0.058484
-0.002728
-0.040068
0.019355
-0.040894
0.187806
-0.134352
-0.246087
-0.011066
0.036949
0.002857
-0.089435
0.140774
0.097155
0.102777
0.409100
0.098097
0.073902
0.001646
-0.061115
-0.197690
-0.087649
-0.062993
-0.051605
0.011644
0.190821
-0.165571
-0.026846
0.050160
-0.075318
0.162433
-0.146684
0.041878
0.149822
-0.134011
0.079251
-0.119245
0.200815
-0.208303
-0.012575
0.100481
-0.251917
-0.161549
0.026906
-0.035087
0.017745
-0.190140
-0.035698
-0.113148
-0.084079
0.347791
0.412590
-0.168645
0.424436
-0.113906
-0.031992
0.069698
0.081272
-0.197117
-0.068020
0.153410
0.036752
-0.206311
-0.214194
-0.144247
-0.007868
-0.144174
-0.129088
0.083256
0.141600
-0.252687
0.009824
0.044215
-0.006557
0.002474
0.572268
0.193169
-0.188216
-0.048121
0.160227
0.263822
0.095159
-0.191650
-0.097121
0.037638
0.070251
-0.381266
-0.048637
0.202357
0.205922
0.285133
-0.037984
-0.063544
0.219210
-0.002388
0.076967
-0.031420
-0.114970
0.212071
0.116131
-0.169570
-0.132949
0.226859
0.098938
-0.111469
0.217623
0.106910
0.209967
-0.273930
0.076759
0.072891
0.046328
0.065914
-0.363771
0.097138
-0.079095
-0.049480
-0.289366
0.113600
-0.040737
-0.234448
0.276315
-0.050524
-0.217833
0.172758
-0.046826
-0.001719
-0.053363
0.132306
0.204025
0.000422
0.166025
-0.076159
-0.225607
-0.253747
-0.064098
-0.218624
-0.072653
0.017778
-0.096395
0.228841
0.126078
-0.092920
-0.289754
-0.400686
-0.022277
0.248834
-0.205952
0.017094
-0.055391
0.019991
0.044173
-0.208569
0.114737
0.142040
0.273981
0.135986
0.071267
0.263753
-0.186667
0.023537
-0.067385
-0.074850
0.119567
0.116021
0.028994
0.047909
0.074452
-0.013837
0.422369
-0.190409
-0.035944
-0.192826
-0.026900
-0.227968
0.022272
-0.143098
-0.161110
-0.083570
-0.045278
-0.152769
-0.146884
-0.124394
-0.066280
0.044499
-0.273692
-0.232888
0.030536
0.144896
-0.142015
-0.105466
-0.268463
0.144570
-0.078818
-0.120769
0.242740
-0.056971
0.011978
0.013257
-0.279440
0.052101
-0.207460
-0.244972
0.144703
-0.077209
0.252463
-0.072439
0.132099
-0.191293
0.022496
0.337270
0.012648
-0.116789
-0.028187
0.003360
0.225118
0.285074
-0.031509
0.145606
-0.031550
0.030222
-0.067912
-0.017514
0.195707
-0.256957
0.370088
-0.293925
-0.307713
-0.093832
-0.133550
-0.172038
0.130002
-0.120329
0.054993
0.028146
-0.065714
-0.104104
-0.019750
0.151422
0.005126
0.240453
0.136399
-0.102566
-0.278984
-0.100062
0.171517
0.092581
0.337371
0.073615
0.084609
0.081018
-0.153135
-0.119525
0.104513
0.087282
0.212941
-0.057575
0.076023
-0.578914
0.138796
-0.159783
0.041162
-0.053923
0.059091
-0.052339
0.085120
-0.093010
0.282225
0.143094
0.062471
0.098992
-0.036316
-0.043583
-0.004776
-0.119887
-0.061517
0.038523
-0.002084
-0.059196
0.004434
0.289695
0.239830
-0.133217
-0.001799
0.041798
0.162961
-0.017181
0.083442
0.088776
-0.014476
0.309600
-0.088521
0.289033
0.220231
0.039285
-0.181856
0.074466
0.392074
-0.003708
0.078389
-0.091951
-0.051150
-0.168666
-0.063415
-0.213033
-0.000880
0.085398
0.020211
0.023229
-0.296405
0.201430
-0.034473
-0.238536
0.130983
-0.084086
-0.237508
-0.186844
0.376877
0.156677
-0.110838
-0.393783
-0.034244
0.093770
-0.031824
0.270144
0.033790
-0.006992
0.262268
0.119434
0.302214
0.010208
0.189021
-0.175348
0.047497
-0.208098
-0.379795
0.015957
0.121265
-0.118267
0.067554
-0.008848
0.160269
0.023531
0.318971
0.042251
0.064360
-0.242964
-0.003779
0.082272
0.071236
-0.358220
-0.152992
-0.011411
-0.118387
-0.039788
0.066551
-0.111394
0.115772
-0.228201
-0.053137
-0.241332
-0.001705
0.030968
-0.008163
0.028106
0.042253
-0.085877
0.217872
0.338790
-0.113284
-0.032361
-0.141558
-0.110935
0.038851
0.090698
0.212235
0.188210
0.352727
0.111334
-0.575844
-0.098885
0.173018
0.013809
-0.141153
-0.068031
-0.094576
-0.058232
-0.312142
-0.397783
-0.095491
0.134275
0.111335
0.006075
0.010039
0.087540
-0.066317
-0.231927
0.331672
-0.158255
-0.125619
-0.155996
-0.016340
-0.177545
0.175521
-0.032504
-0.349439
0.055500
0.329693
-0.012920
0.052953
0.231084
-0.000739
-0.257178
-0.109502
-0.130716
-0.001511
0.053165
0.229249
-0.275393
0.077840
-0.182576
0.224081
-0.116156
0.163105
-0.215639
0.001625
0.031762
0.001724
-0.224745
-0.050906
0.251845
0.228350
-0.140153
-0.055192
-0.119992
0.059914
0.114323
0.149451
0.021197
0.291857
-0.215158
0.123514
-0.012399
0.142857
-0.044275
-0.144050
-0.000754
0.130295
0.261911
0.169764
-0.176565
0.246916
0.019536
-0.279738
0.127573
0.212041
-0.126856
0.070427
0.189823
-0.243223
-0.113645
0.159359
-0.008337
-0.432741
0.100056
-0.011464
0.247594
0.015388
0.208097
0.119062
0.118573
0.099978
0.038478
0.014428
0.317119
-0.039953
-0.325999
-0.124071
-0.148489
0.193998
-0.234603
0.403588
0.064996
0.150958
0.010779
-0.124345
-0.180361
-0.002406
0.184864
-0.043113
0.237101
-0.094712
0.464645
0.145017
0.168860
0.065454
-0.084265
0.003076
0.020525
0.127318
0.123953
0.300941
0.003436
0.020156
0.034047
-0.055954
-0.052982
0.274102
-0.056025
0.030028
-0.078081
-0.135761
0.024902
-0.060804
0.159851
0.041483
-0.116220
-0.020553
-0.043226
0.282133
0.104737
-0.439244
0.254265
0.014791
0.058231
0.340552
0.200769
-0.003926
-0.014092
-0.125976
0.032879
-0.228504
0.206129
0.005981
-0.303193
0.309749
-0.216339
0.060161
0.128282
-0.130870
0.232776
-0.210451
0.302627
-0.121518
-0.119686
-0.105877
0.253734
0.257439
0.149297
0.118462
0.134817
-0.017765
-0.239963
0.252468
0.316305
0.204770
0.085167
0.057473
-0.245325
0.150485
-0.112030
0.046998
-0.084142
-0.175148
0.254646
-0.150803
-0.191804
0.101411
0.003703
0.195055
0.007529
-0.465802
-0.022472
0.383054
0.192306
-0.379461
-0.131903
-0.285743
-0.092385
0.361891
-0.208979
-0.152801
-0.204923
0.063765
0.137330
-0.051269
-0.026845
0.180350
-0.380949
-0.077767
-0.051761
-0.262684
-0.051366
-0.187562
0.137212
0.192560
-0.015700
-0.534680
0.089187
0.136753
0.076251
-0.365276
0.134634
-0.006868
0.002881
-0.252115
-0.157379
0.301353
0.016875
-0.299320
0.084102
0.078718
0.067909
-0.042558
0.139721
0.003115
-0.166307
0.112674
-0.057809
0.112648
-0.210077
0.094052
0.146526
0.183956
0.029164
-0.079827
-0.120109
-0.023657
-0.095220
-0.310854
0.237042
0.145679
-0.280051
-0.184583
0.086390
0.091753
-0.165154
-0.252166
0.191064
0.050747
-0.073426
-0.155203
-0.155691
0.451860
0.288508
0.246970
-0.351148
-0.260883
0.057579
0.095237
-0.064786
-0.315710
-0.155577
0.020495
-0.001617
-0.019414
0.011095
0.076321
-0.271414
0.204010
0.330390
0.154990
0.172307
-0.022687
0.003956
-0.208573
0.081823
0.257846
0.074896
-0.177728
0.185359
0.027045
0.045844
-0.080244
-0.003363
0.181157
0.098119
0.097811
0.012717
-0.007029
-0.040697
-0.015903
-0.223495
-0.051921
-0.147470
-0.155385
-0.155819
-0.086974
-0.096369
-0.066054
0.354945
-0.013202
0.106644
-0.106136
0.048336
-0.269047
0.043781
0.093928
-0.169165
0.008107
-0.115378
-0.007015
-0.263330
-0.278252
-0.337343
0.071662
0.071077
0.278406
-0.046932
-0.151188
0.076193
-0.062029
0.260931
0.039816
0.043602
0.147823
-0.269087
0.150086
-0.096432
0.204737
-0.179467
0.079198
0.176793
-0.002447
-0.238105
-0.054969
-0.146609
-0.137368
0.113008
-0.044530
-0.276366
-0.036038
0.152593
0.018893
-0.061437
-0.186586
-0.149653
-0.005189
-0.024854
-0.346513
0.085515
0.006276
0.035877
0.508057
-0.005963
-0.237383
0.182918
0.278325
-0.062809
0.148679
-0.124054
-0.009574
-0.128832
-0.197453
0.093634
-0.115388
-0.173315
0.193829
-0.056596
0.007625
-0.052317
-0.089489
-0.017377
0.014729
-0.022008
-0.037627
0.429777
-0.093371
-0.017034
-0.073558
-0.079061
0.032504
0.065668
-0.252966
-0.243901
0.037493
0.315808
0.118517
0.404824
0.040784
0.030069
-0.355071
-0.078765
0.258217
-0.226512
-0.343835
0.127189
0.011918
0.156142
0.025137
-0.041022
0.054573
0.011421
-0.167567
-0.156365
-0.072368
-0.148431
0.167091
-0.006726
-0.010069
-0.143239
0.085800
-0.169265
-0.098704
0.095812
0.056401
-0.033717
0.103939
0.162632
0.017817
-0.011641
-0.026110
0.388014
0.285898
-0.074292
0.401991
-0.169445
-0.132625
0.157786
0.073649
-0.007999
0.152173
-0.374965
-0.153498
-0.024882
0.109481
-0.183363
0.158681
0.085348
-0.267162
0.060457
-0.254343
0.333837
0.004351
-0.033097
-0.008612
-0.198392
-0.037062
-0.001727
0.072236
0.178918
-0.094545
0.199899
-0.084724
0.020298
0.264979
-0.013913
0.154459
-0.012357
-0.406481
0.090154
0.139028
0.164689
-0.114644
0.003031
-0.093860
-0.274640
-0.086581
-0.188817
0.023439
-0.302333
-0.319792
-0.087316
-0.101093
-0.038372
0.280382
-0.254361
-0.002412
-0.195072
-0.047622
-0.029673
0.155944
0.029097
0.092679
0.106378
0.112208
0.081054
-0.085213
0.042126
-0.012676
0.201118
-0.051838
-0.220170
-0.155993
-0.013062
-0.135026
0.022548
0.192936
0.153509
0.122455
-0.111901
0.047067
0.315488
-0.039003
-0.356212
-0.006017
0.064811
-0.207849
0.061891
-0.141607
0.282979
0.045910
0.306499
-0.047373
0.132942
-0.057847
-0.160114
-0.188232
0.120322
0.013823
-0.043324
0.138280
0.111755
-0.002490
0.160994
0.219353
-0.187292
-0.133477
0.155251
-0.247484
-0.093999
0.103113
-0.208344
-0.121403
-0.256808
-0.077532
-0.265442
0.037904
-0.048270
0.254543
0.119735
0.173914
-0.104111
-0.183269
0.019505
0.221817
-0.012273
-0.038748
0.313866
0.120246
0.195347
-0.037731
0.103829
0.009477
0.112491
0.286515
-0.139515
0.676666
-0.164018
0.289504
-0.176621
0.253380
0.001651
0.155524
0.226854
0.083936
0.126892
0.059047
-0.218664
-0.197185
-0.098553
-0.202176
-0.113667
0.042358
0.140116
0.318601
-0.023996
0.066528
-0.252013
-0.129597
-0.121250
0.206633
0.220327
0.056051
-0.132387
0.032023
0.329595
0.051585
0.082201
0.276165
-0.108518
0.265743
-0.367080
-0.016928
-0.279481
0.038870
-0.137275
0.084075
0.058923
-0.011140
0.198791
0.003329
-0.180711
-0.132221
-0.171703
0.475043
-0.059793
-0.247539
-0.261088
0.006379
-0.196832
0.003879
0.252326
-0.165855
0.030686
-0.027500
-0.066315
0.139701
0.019771
0.036793
-0.089756
0.101167
-0.019112
0.019644
0.142752
0.124226
-0.289523
-0.271402
-0.130922
-0.049541
0.200552
-0.158760
-0.090615
-0.061817
0.239064
-0.151097
-0.226001
0.121543
0.123590
0.133051
0.232024
0.103472
-0.231645
-0.135128
-0.145844
-0.037875
-0.001870
0.088019
-0.086537
-0.135765
-0.163176
0.082613
0.005267
-0.099221
0.306282
-0.008453
0.025316
0.131521
-0.094646
0.031636
0.268273
0.120474
0.029453
-0.037328
-0.171110
0.025357
0.168901
-0.036823
-0.202563
-0.111167
0.072888
-0.124208
-0.235210
-0.157131
0.362881
0.431715
-0.116812
-0.259556
-0.123994
0.034878
0.123418
0.199336
-0.115326
0.128900
0.165378
-0.116589
0.095542
0.061270
0.031939
-0.019169
0.075618
-0.111449
-0.014870
0.287382
0.226559
-0.104672
-0.337248
0.120991
-0.380100
-0.110002
-0.145935
-0.173803
0.092670
-0.273917
-0.393597
0.056636
-0.093439
-0.057119
0.024351
0.057150
-0.185415
-0.238702
-0.071429
-0.085380
0.107390
-0.073338
-0.075948
-0.293740
-0.061648
-0.059451
-0.311638
0.039970
0.120112
-0.044575
-0.049277
0.098171
-0.121279
0.232181
-0.168754
0.234451
0.116596
-0.220658
-0.212881
-0.106024
0.285923
0.107113
0.060249
-0.176592
0.201011
-0.058097
-0.019988
-0.309030
0.036555
-0.031465
0.415545
-0.182334
-0.115524
0.359893
0.313194
-0.120065
0.083810
-0.222321
0.086524
0.027380
0.008849
-0.069907
-0.103948
0.358747
0.162788
0.008207
-0.105396
-0.333480
-0.066929
-0.037160
-0.229361
0.219925
-0.233235
0.136155
0.019710
-0.137172
-0.002904
0.289560
0.122133
-0.040111
-0.020178
0.027113
0.071627
-0.166989
-0.000195
-0.091961
-0.021280
0.036414
0.093589
0.084374
-0.012603
0.257437
-0.294291
0.013447
0.067063
-0.156691
-0.184419
-0.196294
-0.099704
-0.047591
-0.139449
-0.151113
0.066972
0.074781
0.033248
-0.141156
0.231071
0.025405
-0.164933
0.076431
0.191405
-0.117975
0.001045
-0.260836
0.323245
-0.498845
0.103434
-0.168590
-0.045047
-0.024622
0.045662
-0.273630
0.137279
-0.137745
-0.100807
-0.177670
-0.005344
0.122739
-0.312653
-0.038971
0.128793
-0.023971
0.072905
0.238548
-0.204675
0.033140
0.108061
-0.150821
0.177261
0.104646
-0.068322
0.318233
0.265167
0.030852
-0.065892
0.211682
-0.008707
-0.279218
-0.063357
0.036059
0.097133
0.241667
-0.150862
0.353331
-0.045124
0.160594
0.208147
0.101727
0.053425
0.034206
0.168169
-0.262003
-0.115702
-0.127537
0.519798
0.094395
0.067399
0.104807
-0.059800
-0.015510
0.066743
0.051030
0.020992
0.032525
0.046418
0.291231
-0.232159
0.107121
-0.003924
0.189107
-0.141105
0.093666
-0.070728
0.096572
-0.002530
0.345990
-0.170372
-0.226201
0.180482
-0.034664
-0.143141
0.138193
0.002443
0.350717
0.100169
0.039657
-0.103993
-0.125705
0.069050
0.070850
-0.293955
-0.090351
-0.204012
0.029327
0.106206
0.015638
-0.077832
-0.158555
-0.156151
-0.255455
-0.101416
-0.184633
0.125821
-0.086309
0.158998
0.026471
0.182468
0.212053
0.084829
-0.033746
-0.030965
0.236880
-0.143536
-0.141669
0.289703
0.164202
-0.006552
-0.002174
-0.075446
0.087998
0.009742
-0.244803
-0.181954
-0.233700
-0.116146
0.086448
-0.182962
0.235246
-0.215941
0.008956
-0.009740
0.045140
0.180707
0.078596
0.057147
0.202281
0.038231
-0.209258
-0.040601
0.043301
0.169719
0.011969
0.121540
-0.039760
0.184726
0.195720
-0.355277
0.088178
0.022382
0.087946
0.159078
0.084642
-0.057503
0.045171
0.206488
-0.122251
0.299776
-0.047139
0.038804
-0.197462
0.013907
-0.131721
0.111692
-0.045092
0.047125
0.071255
0.050350
-0.039430
0.143744
0.129687
0.113144
0.003527
-0.124682
-0.207122
-0.005266
-0.079374
0.150825
0.128769
-0.112401
0.183624
-0.117297
-0.078251
0.167873
-0.289716
0.050794
0.043642
0.104315
-0.056462
0.286473
0.069790
-0.375967
0.147679
0.036690
0.048782
-0.009235
0.209458
0.042276
0.022493
0.024991
0.088290
0.081414
-0.034179
0.146484
-0.096863
0.090688
0.068839
0.248087
-0.015427
0.195957
-0.412694
0.143136
0.193210
0.082771
-0.092715
0.030397
-0.200153
0.094465
0.054919
-0.085781
0.006125
-0.044597
-0.348355
-0.005156
-0.031069
-0.035360
0.222030
0.186577
0.078982
-0.064455
-0.089900
0.041925
-0.023917
0.128405
-0.295182
0.347684
-0.184668
0.054992
-0.356258
0.018920
0.011080
0.127873
-0.177653
0.345594
-0.284593
0.339284
-0.083051
-0.094149
-0.093011
-0.077429
0.058058
0.069033
-0.075467
0.321090
-0.454228
0.111884
-0.237835
-0.083626
0.426241
-0.138196
-0.002499
-0.063414
-0.084609
0.037094
0.285111
0.101239
-0.004102
-0.241183
0.035397
-0.193855
0.093402
0.131982
-0.078266
0.035939
-0.365520
-0.048285
0.060328
0.096885
0.249507
-0.148110
0.301363
-0.166136
0.084223
-0.133539
0.331896
0.252202
0.107249
0.056048
0.309882
-0.220809
0.010356
-0.113743
-0.185905
-0.072526
-0.028318
0.257557
0.023740
-0.176507
-0.077331
0.172495
-0.082842
0.211044
0.050943
0.056983
-0.079458
0.017706
-0.206159
0.055587
0.289496
0.094685
-0.160166
0.038533
0.341128
0.305620
0.025674
0.193741
0.043971
0.467501
-0.150096
-0.021458
-0.035961
0.122035
0.110797
0.137015
0.375936
-0.146489
-0.001152
0.116657
-0.163811
0.057322
0.150763
0.088179
-0.395169
-0.100423
0.131068
0.013332
-0.001240
-0.047166
0.196181
0.197053
-0.058260
-0.185678
-0.031598
0.020373
-0.014947
0.144127
-0.169600
0.078196
-0.076334
-0.246087
0.100098
0.101003
-0.007110
-0.146814
0.109466
-0.154374
0.225387
0.178970
-0.105757
0.241402
-0.011950
0.288058
0.147256
-0.028652
-0.143825
0.051018
0.028730
-0.183540
-0.110041
0.310895
0.212808
0.100524
0.254880
-0.035550
-0.147286
-0.219511
0.225206
0.008535
-0.280794
0.183584
0.086800
-0.060640
-0.180710
-0.037237
0.448664
0.452159
-0.106474
0.078197
0.140645
-0.055909
-0.107765
-0.136870
0.055218
0.180271
-0.043791
-0.325024
0.185607
-0.222645
0.029157
0.158411
0.273859
-0.084235
-0.153646
0.219627
0.058831
0.070079
-0.255999
0.179928
-0.491995
-0.005739
-0.158971
-0.041559
-0.037920
-0.307782
-0.017564
-0.062195
-0.029900
0.006146
0.222628
-0.203243
-0.116796
0.251112
0.113258
0.403077
0.192608
-0.175295
0.130090
0.196061
0.078041
-0.020855
0.099099
-0.363791
0.082172
0.309992
0.105874
-0.089618
0.131152
-0.203364
-0.144204
0.315404
-0.114412
0.263271
-0.068299
-0.141205
-0.069561
0.109801
-0.084322
0.359455
0.035841
-0.141052
0.352793
0.261719
-0.272470
0.223088
0.060802
-0.104881
0.316919
0.176195
-0.029231
0.020015
-0.339845
0.058906
0.049594
0.001741
0.130075
0.099877
-0.022072
0.273767
0.262057
-0.141177
-0.124388
-0.094726
0.324272
0.113842
0.052659
0.285547
0.292077
-0.009326
-0.033791
0.096465
-0.039873
-0.032500
0.029807
-0.213022
0.115175
-0.053765
0.211078
-0.333086
-0.146458
0.117148
0.145372
0.340775
-0.328794
-0.155788
-0.161328
0.294198
-0.150347
0.267699
0.038833
0.088572
0.290027
-0.009842
-0.249821
0.008138
0.147418
0.043533
0.180701
-0.137560
-0.058236
-0.125068
-0.209324
0.152599
0.152690
-0.067725
0.042236
0.230139
0.135975
-0.139836
0.081554
0.116267
0.282259
-0.082431
-0.182934
-0.318511
-0.081641
0.118440
-0.085058
0.075958
0.206209
-0.130312
0.138653
0.087771
-0.499369
0.145698
-0.033171
-0.319340
0.322712
0.244137
0.063098
-0.234786
-0.046420
-0.304937
-0.039467
0.105122
-0.148323
-0.075446
-0.120544
0.038351
-0.073789
0.151838
0.191895
-0.047214
-0.179790
-0.230938
-0.020606
0.209513
-0.071378
-0.031665
0.140725
-0.232504
-0.261729
-0.281502
0.402154
-0.218902
-0.163112
0.100361
-0.120181
-0.107721
-0.071776
0.057113
0.211819
-0.002640
0.261732
0.306576
-0.274899
-0.071969
-0.159353
-0.189402
-0.072522
0.074649
-0.025691
-0.169203
0.215998
0.032555
-0.203679
0.126373
-0.128108
0.188347
0.002501
-0.104238
0.042574
-0.184732
0.141211
0.054710
-0.016747
0.318311
-0.021184
0.009964
0.172189
0.054213
0.031456
-0.197985
0.050118
0.312488
-0.290751
0.040052
-0.073025
0.064463
-0.332882
-0.306360
0.143178
0.038898
0.036941
-0.618946
0.007252
0.036963
-0.196351
-0.004812
0.102625
-0.413094
0.275352
-0.061002
0.201401
0.058613
-0.240866
-0.035042
-0.094075
0.092719
0.059731
0.144043
0.129486
-0.237195
0.319826
-0.292619
0.248379
-0.194188
0.122661
-0.229516
0.111465
-0.198223
0.092821
-0.020296
-0.008490
0.290589
0.015544
-0.248353
0.011852
-0.199390
-0.091758
0.078656
0.149317
-0.046447
-0.285507
0.048904
0.130711
-0.163073
-0.097015
-0.157739
0.205582
0.006720
0.108563
0.244220
-0.376379
-0.188504
0.122152
-0.063640
-0.068791
0.317489
-0.168737
0.373978
-0.200058
0.030381
0.040295
0.157924
0.287703
0.276255
0.244984
0.024602
-0.049876
0.128535
-0.014800
-0.110775
0.101437
0.058339
-0.025104
0.096972
-0.287342
0.028572
0.014328
0.052157
0.307108
-0.151856
0.315169
0.068318
0.232823
0.021725
-0.202918
0.037996
0.029052
-0.083869
-0.308929
0.356705
-0.178026
-0.090472
-0.091990
-0.047814
-0.234383
-0.181476
0.058198
0.126065
0.081100
-0.014259
0.122696
-0.042037
0.176378
0.026420
-0.022029
0.079850
0.201142
0.166364
-0.146264
0.004484
-0.203984
0.126919
0.088799
0.144760
-0.234066
0.008552
-0.087073
-0.173834
-0.323284
-0.231615
-0.083852
-0.006755
0.244225
0.063069
-0.229445
0.189532
-0.098203
-0.120257
-0.331596
0.105813
0.225881
0.034372
0.002753
-0.229435
0.230056
0.440090
-0.245449
0.257075
0.159792
-0.100019
-0.119821
-0.219739
0.201580
0.196597
0.096615
0.059147
0.067862
0.127456
-0.194644
0.070814
-0.112738
-0.040817
-0.087685
0.080470
0.271636
0.130886
-0.069316
-0.024197
0.077736
0.018320
-0.094129
0.065103
0.266136
-0.201264
-0.007455
-0.017981
-0.094399
0.435692
-0.287014
0.186050
0.163568
0.113871
-0.163801
-0.201700
-0.132678
0.318197
-0.067549
0.240604
0.083503
-0.282334
-0.090678
0.079396
-0.040457
-0.101909
0.229467
-0.098954
0.040790
0.088177
-0.135333
0.019308
-0.158929
-0.542500
-0.429367
0.289108
-0.285004
-0.269164
0.175259
-0.087688
-0.162286
-0.106852
0.081928
0.268152
0.159588
0.096112
0.097759
0.103613
-0.028016
-0.094350
-0.030678
0.156250
-0.018312
-0.122516
0.120200
-0.067626
0.541499
-0.008873
0.390181
-0.242627
-0.114311
-0.162289
-0.248187
-0.358999
0.016900
0.134315
0.139745
-0.214734
-0.293458
0.068193
0.031252
-0.005565
-0.090723
-0.175909
0.102951
0.156362
-0.074156
-0.206776
-0.110679
0.090024
-0.049063
0.258999
-0.067358
-0.339130
-0.030153
0.168927
-0.014282
0.088032
0.207232
0.281213
-0.044252
0.088462
-0.063115
0.001228
0.033451
0.036776
0.170195
0.536081
-0.225874
-0.092107
-0.127100
-0.093362
-0.019330
-0.030059
-0.156251
-0.008502
0.426554
0.007973
0.206634
-0.040837
-0.238866
0.040775
0.089071
0.096684
-0.206788
-0.192364
-0.253139
-0.014835
-0.260272
-0.304157
-0.095964
0.147036
-0.253449
0.015725
0.112584
-0.033353
0.261621
0.208220
-0.140298
0.078009
-0.087818
0.056531
0.186667
0.387506
-0.012755
-0.231773
0.113506
-0.300681
-0.224373
0.169209
-0.231917
-0.137530
0.318512
0.128699
0.274368
0.000346
-0.000815
-0.209495
-0.032492
-0.141455
0.088761
-0.235462
-0.024079
-0.224668
0.067774
0.068136
0.089962
0.261031
0.211505
0.216067
0.285753
-0.098302
0.351195
0.075487
0.141605
-0.075685
-0.039652
-0.098709
0.055680
-0.098201
-0.090389
0.090121
-0.011483
0.057172
0.004928
0.051718
0.100740
0.028709
0.315501
-0.121555
0.085961
0.038494
0.046380
0.309148
0.202704
0.117832
0.210726
0.245082
-0.034273
-0.190926
-0.005225
-0.133253
-0.171705
0.161899
-0.025099
0.271367
0.384796
-0.256285
-0.105648
-0.072956
-0.056694
0.065575
-0.187241
-0.146771
-0.105336
-0.024826
0.058781
0.043121
-0.038448
0.063843
-0.078185
0.079021
-0.022328
-0.260694
0.035640
0.018537
-0.055585
-0.074489
-0.092221
-0.192756
-0.121017
-0.057885
-0.021505
-0.328754
0.043628
0.154355
0.041660
-0.132285
-0.026613
-0.163170
-0.186916
0.070480
0.048882
-0.070156
-0.245371
0.266186
0.264616
-0.252427
-0.089237
-0.154418
-0.100211
0.099621
0.021294
-0.058467
-0.135488
0.074594
0.101696
-0.076192
-0.073813
-0.067275
-0.170844
-0.241213
0.306155
0.126081
-0.188791
-0.077543
0.225769
-0.021843
-0.171553
-0.029590
-0.072408
0.084805
-0.374824
0.061418
-0.118217
0.155389
-0.117958
0.007929
-0.221111
-0.280804
-0.041394
0.097242
0.061954
0.001326
0.012372
-0.273893
-0.007773
-0.043410
0.162594
-0.230524
-0.283615
0.321273
0.101479
-0.048312
0.041661
-0.236976
0.184760
-0.015103
-0.205091
0.152677
-0.064640
0.117300
0.092838
-0.182111
0.007906
-0.127830
0.064499
-0.082343
0.081990
-0.106617
0.042789
0.388149
0.258377
-0.170829
0.335052
0.064114
0.018091
-0.164526
0.060804
0.289481
-0.018386
0.184325
-0.091520
0.044474
0.048895
-0.069599
-0.010550
-0.166863
-0.049655
0.091755
-0.097118
0.022047
0.019576
0.010212
0.202212
0.160268
0.265418
0.033923
0.514720
0.023177
0.140716
-0.012746
0.068113
-0.339395
0.020281
0.052022
0.054376
-0.291646
-0.158388
-0.028858
0.067682
0.029950
-0.113429
0.047380
0.134737
-0.164631
0.009779
-0.349623
0.000327
0.090642
0.343766
0.043527
-0.173668
0.011321
-0.171519
0.126515
0.151501
0.344972
-0.185578
-0.047524
0.111295
-0.151148
-0.004734
0.033175
0.036243
-0.083746
0.120600
0.170440
0.315777
0.009648
-0.070335
0.050273
0.445738
-0.325244
0.066910
0.249405
0.054867
-0.129344
0.268901
-0.061438
0.059590
-0.027018
0.047854
-0.150879
-0.093027
0.133521
-0.172382
-0.024761
-0.095885
0.192023
0.298107
-0.084667
-0.079522
-0.089678
-0.092483
-0.129856
-0.113850
0.002563
-0.151332
-0.330907
-0.228795
-0.010008
-0.471587
-0.094680
-0.078675
0.113754
0.054019
0.102114
-0.177013
0.153757
-0.156281
0.004078
0.221831
0.034656
0.067033
0.237215
-0.018601
0.151032
0.036582
-0.025483
-0.008953
-0.342574
-0.306969
-0.148388
-0.118704
-0.267765
0.122842
0.151100
0.019186
0.149085
-0.119971
0.121082
0.084961
-0.147067
0.005011
0.279247
-0.174638
0.033682
-0.014892
0.220339
0.044662
0.121242
-0.017162
0.194487
0.245867
0.131536
-0.091635
0.083784
-0.001581
-0.278270
0.118290
0.135580
-0.203458
-0.058874
0.016459
0.103577
0.281212
0.005096
-0.041051
-0.055713
-0.414034
0.075804
0.189224
-0.261851
0.161911
0.249485
0.158843
-0.119341
0.024887
0.091351
0.382202
-0.201301
-0.064546
-0.088688
0.147825
-0.160609
0.176657
-0.114215
0.093630
-0.219122
-0.015294
0.057879
0.234913
0.077849
-0.015165
0.266607
-0.087359
-0.019158
0.132281
0.185452
-0.165064
0.258047
-0.148946
0.114369
-0.135099
-0.164409
0.243278
0.057477
0.103951
0.003180
0.044547
0.075139
-0.196532
0.061322
0.091156
0.076294
-0.337093
-0.073440
-0.073675
-0.019818
0.059701
-0.129501
0.177345
0.011143
-0.152043
-0.023363
-0.134867
-0.180654
-0.071806
-0.035798
0.048420
-0.135673
0.116348
-0.017974
-0.016526
-0.052546
-0.234402
0.022109
0.249251
-0.110670
0.054895
0.061536
0.219947
-0.032643
0.421256
-0.003914
0.148875
0.153807
-0.046136
0.222598
0.179814
0.423934
0.243491
0.080378
-0.169979
0.123427
0.132908
-0.187149
-0.138596
0.005698
0.242257
0.087308
-0.056043
-0.280624
0.189645
0.024442
0.007424
-0.034228
-0.215255
0.005528
0.030072
0.249014
0.082466
-0.052480
-0.027899
-0.242576
0.139142
0.284949
-0.158660
0.162690
0.144415
0.015544
0.076493
-0.127750
0.165649
-0.137696
-0.130865
0.221638
0.019285
0.136384
-0.043494
0.168639
-0.248913
-0.055657
-0.178302
0.103256
-0.008657
0.206727
0.200368
0.241131
-0.034285
-0.181396
0.147566
-0.057459
-0.066623
0.042188
0.234596
-0.168901
-0.100322
-0.008587
-0.017373
0.211634
-0.086117
0.092477
0.292420
0.001849
0.289541
0.316963
-0.239046
0.210854
0.237820
-0.209798
0.116854
0.149455
-0.007164
0.274179
-0.192528
0.116907
0.014430
0.393636
0.119234
0.199171
0.069760
0.062195
-0.095947
-0.140741
0.340171
-0.014583
0.172782
-0.089243
-0.039656
-0.145769
0.097832
0.005564
-0.115417
0.099234
-0.144079
0.005031
-0.161588
-0.122500
-0.061381
-0.363420
-0.077995
0.287367
0.164288
0.035508
0.134276
0.094301
-0.115774
-0.051887
0.149755
0.042246
0.328566
0.047369
-0.140022
-0.189850
-0.070246
-0.097429
-0.074535
0.014899
0.098976
0.290728
0.235206
-0.115683
0.019492
-0.150419
0.026545
-0.085063
-0.294642
0.123553
-0.003385
0.175786
-0.070393
0.007576
-0.152803
-0.078849
0.161466
-0.018023
-0.002427
-0.104441
-0.142479
-0.038735
0.002483
0.223203
-0.363588
0.069618
-0.219527
-0.063368
0.057381
-0.308771
0.285483
-0.326130
0.555324
-0.180068
0.089086
-0.076541
0.211371
-0.030944
-0.003333
0.107489
-0.224900
0.223750
0.125766
-0.134241
-0.012217
-0.028618
-0.033450
-0.223205
-0.088077
-0.034342
-0.164479
0.179237
-0.282230
-0.193924
-0.151448
0.022694
-0.113816
0.062288
0.144797
0.235786
-0.004255
-0.025280
0.034497
0.059580
0.432834
-0.244223
0.051168
-0.445508
0.023709
0.002644
-0.047754
-0.148272
-0.050559
0.210636
-0.113540
-0.009580
0.117046
-0.236293
-0.168945
-0.074001
0.371569
0.019890
-0.151281
-0.172727
-0.048393
0.196945
-0.257646
-0.124769
0.180092
-0.215455
-0.021042
0.160036
-0.003742
0.070472
0.044105
-0.075945
-0.011893
0.301630
-0.115822
-0.028953
0.049794
0.168373
-0.160096
0.195222
0.094790
-0.281329
-0.045567
-0.362684
0.094414
-0.040865
0.287826
-0.155265
0.034012
-0.211418
-0.318964
-0.112070
0.253811
-0.007203
-0.174943
-0.158437
0.138919
-0.246709
-0.306282
-0.089134
-0.076613
-0.366890
-0.151946
0.133254
-0.029910
0.189617
0.042389
-0.115045
0.143344
-0.247837
-0.103699
0.156000
-0.227038
0.452587
-0.092458
0.065858
-0.133719
0.001950
-0.124805
0.042293
-0.233268
0.069175
0.096090
0.117978
0.124654
-0.185031
0.394054
-0.068698
-0.065692
-0.297088
-0.100526
0.037802
-0.102510
0.107706
0.137664
-0.182075
-0.264933
-0.120976
0.197105
-0.082113
0.214379
0.235731
0.131396
-0.082977
-0.049478
-0.305779
-0.056296
-0.046221
-0.114219
0.089967
0.246268
0.167125
0.068847
0.234889
-0.173473
0.063279
0.119203
0.101411
-0.028435
0.176513
-0.071602
0.087883
0.293467
-0.027000
-0.267571
-0.096042
0.070281
-0.142966
-0.041032
0.016246
0.136964
-0.112582
-0.282776
-0.188542
-0.074418
0.275841
-0.201152
0.347706
-0.298920
-0.236985
-0.177553
0.122573
-0.136206
-0.347267
0.063582
-0.230557
0.246275
-0.164080
-0.030500
-0.075744
-0.160093
0.240766
0.115608
0.248573
0.127588
0.064397
-0.271794
0.069689
0.104120
-0.003015
-0.170938
-0.277750
-0.126187
-0.290127
-0.128662
0.010595
0.006284
-0.267066
0.326500
0.206655
0.059033
-0.225896
0.154128
0.134700
0.036456
-0.133644
0.216325
-0.098365
0.030510
0.091245
-0.284669
-0.072153
0.058543
-0.070613
0.320512
0.104163
0.208510
-0.140490
0.133463
0.209729
0.298559
-0.250071
-0.098649
-0.142380
0.206638
-0.154733
-0.193393
0.020760
-0.207474
0.062554
0.223127
-0.444182
-0.079862
-0.168545
-0.028893
0.227057
0.045118
0.037230
-0.093670
0.171197
-0.105280
0.239650
0.189287
-0.031182
-0.233449
-0.084411
0.378542
0.145074
0.003479
-0.391193
-0.474943
-0.150080
-0.376029
0.021595
0.110736
-0.026514
0.498850
-0.164893
0.011281
-0.043368
0.135528
0.168209
0.168643
-0.174962
-0.041551
-0.233949
0.047093
0.142368
-0.192476
0.204726
0.215059
-0.013474
-0.143720
0.114323
-0.254256
-0.055170
-0.022221
-0.022950
-0.294753
0.070979
-0.236171
0.052646
-0.252015
0.128967
0.309781
0.130502
-0.225411
0.156709
0.099535
-0.134661
-0.121333
0.010183
0.206846
0.060408
0.089944
-0.071245
0.100521
0.012397
0.171127
0.320744
-0.253073
0.003725
0.121020
0.248630
0.195957
-0.007724
-0.118685
0.388311
-0.054452
0.034668
-0.037852
0.095092
0.220267
0.240452
0.212144
-0.080754
-0.037883
0.177214
-0.103834
-0.455856
0.070599
0.026969
-0.103662
-0.163329
0.258860
0.139539
0.103835
0.163138
0.018214
-0.274251
0.059064
-0.046352
0.018970
-0.062151
0.155404
-0.252450
0.252493
0.095915
-0.096085
0.078272
0.040426
-0.230792
-0.228651
-0.318364
0.219667
-0.041489
-0.351041
-0.234135
0.315812
-0.102373
0.135292
0.069402
-0.431997
-0.319124
0.028350
-0.063445
0.121487
-0.052230
0.207761
0.038958
-0.134227
0.068460
0.084467
0.000114
-0.183920
0.163275
-0.187654
-0.264378
-0.067332
-0.015254
-0.102933
-0.041061
0.038537
0.064061
0.045523
0.150798
-0.117944
0.247626
0.052990
-0.054358
-0.092443
0.136632
0.065955
-0.011129
-0.344380
0.128264
0.194972
-0.270784
-0.041382
0.177380
0.157328
-0.026410
-0.134404
0.043530
0.024463
0.313832
0.321569
0.356690
-0.029349
0.333644
-0.055822
-0.129297
-0.308062
0.028607
-0.007966
0.009703
-0.151921
-0.241370
-0.275178
0.051053
-0.172755
-0.079718
0.170145
-0.015907
-0.077744
-0.203744
-0.574886
-0.089843
0.111164
0.094173
-0.208763
-0.269026
0.259897
0.173564
0.186719
0.110450
-0.157551
0.140892
-0.028701
-0.089088
-0.138457
-0.136517
0.181642
-0.149083
-0.178420
0.233017
0.013074
0.358462
-0.150124
-0.123359
-0.000731
0.044293
0.091637
-0.262389
0.023653
0.223793
-0.140073
0.091703
-0.032900
-0.237526
-0.022536
-0.038164
-0.116550
-0.084176
0.089759
-0.026542
0.019228
0.115525
-0.160931
0.022778
0.084126
0.099030
-0.126345
0.115186
0.267183
-0.111211
0.087526
-0.207205
0.039862
-0.091479
-0.035559
-0.019609
-0.082655
-0.135394
0.044394
-0.019698
-0.058551
-0.175971
-0.176344
-0.291032
-0.093739
0.195044
0.106224
-0.118077
0.002688
-0.053905
0.036215
-0.018819
-0.173921
0.049625
-0.274587
-0.186986
-0.090560
0.039240
0.197941
-0.002424
0.006758
-0.067077
-0.053004
-0.523965
0.184400
0.256220
-0.014925
0.049966
-0.176202
0.149468
-0.296368
-0.342838
0.102646
0.279683
-0.246791
-0.148213
0.012211
-0.219262
0.119294
-0.213401
-0.074029
0.172782
-0.257248
0.079340
0.091337
-0.080714
0.028477
-0.245961
-0.410438
0.155859
0.038605
-0.071134
-0.051722
-0.021936
-0.230743
-0.065785
0.095445
0.061159
-0.075121
-0.042818
-0.330667
-0.291494
0.009689
0.062406
0.247969
-0.141266
-0.221559
-0.009683
0.196837
0.065655
0.046373
0.166811
0.075802
0.093711
-0.063517
-0.095218
-0.047816
-0.334378
-0.068228
0.032671
-0.186595
0.023373
-0.164377
-0.227845
0.229455
0.009889
0.053166
0.288622
0.163432
-0.061890
-0.129060
-0.024341
0.180986
0.036672
-0.153022
-0.037472
-0.107220
0.073457
-0.014594
-0.259103
-0.327389
-0.153532
0.144109
0.087064
0.134304
0.062142
0.386808
-0.147509
0.178643
-0.257633
-0.122371
-0.082579
-0.315241
0.221200
-0.068757
-0.015011
0.200811
-0.128935
0.013505
0.264436
0.476269
0.117105
0.096689
-0.020641
0.087729
0.204983
0.068064
-0.052563
-0.152398
0.005041
0.069912
-0.143616
-0.109393
-0.095856
-0.208627
0.066809
0.028962
0.099741
-0.084483
0.114074
-0.261498
-0.084842
-0.302075
-0.177669
-0.058001
-0.172296
-0.009142
0.111472
0.187042
0.001166
-0.093055
-0.088710
0.124548
-0.205926
-0.119647
-0.215237
0.067556
0.015665
-0.272588
-0.099979
-0.275368
-0.106391
-0.153009
-0.237634
-0.120736
-0.376634
0.167045
-0.050534
0.243014
0.218241
0.248471
0.112158
-0.132865
0.158291
0.018136
-0.073386
0.005082
-0.111728
-0.191475
-0.037178
0.102940
0.357065
-0.111541
-0.316785
0.254396
-0.036446
-0.249154
0.340875
0.095149
-0.106043
-0.034005
0.018675
-0.060602
0.314364
-0.040607
0.133020
-0.072712
-0.278699
-0.047700
-0.022319
-0.150772
0.344114
0.171629
-0.050980
0.033016
0.201399
-0.007405
0.046999
0.153715
0.024302
0.023187
0.080023
-0.034874
-0.155926
0.076379
0.054070
-0.176518
-0.315000
-0.174563
-0.069724
-0.131754
-0.327331
-0.391440
-0.159207
0.135892
0.312369
0.078496
-0.087003
0.209548
0.030251
-0.209471
-0.204590
0.087165
-0.020719
-0.020678
0.232883
-0.004084
-0.222655
0.123227
0.031442
0.265333
-0.038467
0.091698
-0.005690
0.026347
0.049086
0.293912
-0.232381
-0.141981
0.100271
-0.082005
-0.127825
-0.201444
0.031320
-0.067631
0.253572
-0.237559
-0.134179
0.265830
0.072702
0.114079
-0.377505
0.040812
-0.041346
0.301811
0.180733
-0.112899
0.061767
0.252551
0.080525
0.069493
0.183495
0.099842
-0.130584
0.141541
0.266440
0.173226
0.123326
0.126459
-0.220854
0.126058
0.038167
-0.154819
-0.080859
-0.053992
-0.071566
-0.001997
-0.060436
0.430353
0.319305
-0.305508
0.122161
-0.087544
-0.151829
-0.222568
-0.195079
0.073589
-0.071331
0.048952
-0.096433
0.263691
0.003352
0.053047
0.196863
-0.051916
0.161304
0.181276
-0.135211
-0.020285
-0.260681
-0.065303
0.154949
-0.188699
-0.217280
-0.237060
0.088236
0.297464
0.123001
0.036397
0.411274
0.008043
0.082177
-0.027008
-0.384616
-0.109563
0.050323
0.130912
-0.050920
0.068656
0.106303
0.123665
-0.168014
0.096617
-0.088596
0.085952
0.004969
0.235256
0.157617
-0.004367
0.161737
0.107205
-0.245773
0.202682
-0.013722
-0.106660
-0.100206
0.059305
-0.061481
0.001752
0.374123
0.364611
-0.273174
-0.031597
0.014434
-0.208108
0.072307
-0.324424
0.335601
-0.230864
-0.152292
-0.036400
0.086921
0.004193
-0.026881
-0.276344
0.048842
-0.145946
-0.133005
0.048151
-0.171041
0.140344
-0.102752
-0.098501
-0.126587
0.103841
0.190909
0.112391
-0.090274
-0.107505
-0.275802
0.061120
0.049764
-0.052575
0.241816
0.038775
-0.101521
0.236591
-0.048751
0.100608
0.093982
0.094626
-0.183547
-0.272577
-0.000604
0.042346
0.003205
0.115639
0.068709
-0.295585
0.121843
-0.249751
-0.038660
0.052569
0.147282
-0.137107
0.331506
0.126348
-0.204913
0.133914
0.015001
0.352849
-0.059477
-0.094206
-0.039736
0.075296
0.152975
0.423707
0.156955
0.063993
-0.020262
0.223514
-0.169422
0.131408
-0.016155
0.203343
-0.063706
-0.069287
0.066391
-0.138968
0.065665
0.029043
0.090763
0.063279
0.169639
0.028676
-0.006684
0.137441
0.088232
0.087902
-0.009687
0.105324
0.123428
-0.154331
-0.112312
-0.054461
-0.298760
0.260142
0.098455
-0.064143
0.204337
-0.189555
0.092337
-0.083055
0.054450
0.147778
-0.035808
0.090170
-0.032747
-0.007401
0.222700
-0.112798
0.159140
-0.018269
-0.145290
0.033168
-0.049067
0.050351
0.296629
0.171641
-0.133979
0.250645
0.085605
-0.071136
0.151599
0.144492
0.212236
-0.144657
0.121405
-0.238719
-0.166676
-0.209876
0.179090
-0.331509
0.181357
-0.052510
0.021630
0.020173
0.225738
-0.203143
-0.047129
0.034723
-0.253155
0.008691
0.054727
-0.156435
-0.042956
-0.219964
-0.385101
-0.070120
-0.027490
0.121671
0.104767
-0.212155
0.037886
-0.112529
0.018957
0.135837
0.025786
-0.084402
-0.031787
0.070242
0.193412
-0.124382
-0.191773
0.090782
0.269697
-0.195286
-0.289669
-0.058230
-0.111945
-0.371051
-0.048278
0.157391
0.074493
0.188036
0.049058
0.299714
-0.159118
0.251166
0.060396
-0.080081
-0.010962
-0.068686
0.059491
0.063778
-0.018287
0.103146
0.072306
-0.178100
-0.127300
-0.007277
0.001062
-0.008746
-0.211471
0.084945
0.034359
0.068075
0.089400
0.101869
0.088288
0.008344
0.083674
0.364994
0.202929
-0.324974
0.209603
0.076511
-0.018863
0.263522
-0.083655
0.112923
-0.108920
-0.238767
-0.189282
0.064963
0.078260
0.216947
0.012220
-0.015593
0.164517
-0.219392
-0.008909
0.124630
0.146932
0.289769
-0.026372
-0.128817
-0.027738
-0.003936
0.064835
-0.162565
-0.117810
-0.026623
0.086787
-0.157939
-0.056478
0.023888
-0.007216
0.217581
0.205196
0.051771
-0.124097
-0.242081
-0.056134
0.011370
-0.072527
0.109092
-0.081968
-0.069720
0.052112
-0.049878
-0.077409
-0.003662
-0.055168
-0.078232
0.054163
-0.127753
0.211073
-0.055694
0.020210
0.038742
-0.033505
0.082386
0.127998
-0.087535
0.125791
-0.100948
-0.296412
0.209482
-0.023700
-0.188443
0.359707
0.181826
-0.000499
0.121844
-0.009393
-0.203959
0.073071
0.009232
0.109516
0.046148
0.227528
0.032177
-0.266689
-0.281907
-0.282927
0.137734
-0.159486
-0.029459
-0.309545
-0.072488
-0.061764
0.171010
-0.156350
0.422163
-0.114856
-0.066467
-0.317371
-0.164527
0.135380
-0.112713
-0.040394
-0.102218
0.082604
0.123406
-0.159695
-0.001807
0.089701
0.213820
0.146550
0.118123
-0.135540
-0.129481
-0.073896
0.038708
-0.037242
-0.021833
-0.126266
0.106336
0.056677
-0.084758
-0.133561
0.049656
-0.407683
-0.225566
0.271091
0.145687
0.058414
0.252086
-0.147073
-0.019663
-0.109782
-0.076800
-0.183069
-0.073332
-0.108493
0.044056
0.005054
0.239968
-0.085510
-0.043027
-0.043208
-0.160495
-0.028429
0.033306
0.057143
-0.050634
0.032320
-0.113358
0.140090
0.134349
-0.077755
-0.053550
0.052722
0.190951
-0.227909
0.069366
0.020898
0.268679
0.157370
0.095713
-0.061631
-0.117047
0.122814
-0.263864
-0.238715
-0.136612
-0.017189
0.123318
0.183143
0.328031
-0.016052
-0.100700
-0.170516
0.221817
0.101736
0.474187
-0.044705
-0.348708
0.327279
-0.096222
-0.319442
0.028296
-0.223361
-0.060408
0.204727
-0.186673
0.050042
-0.096504
-0.209758
0.022230
-0.069750
-0.199651
-0.143175
0.112310
-0.123796
-0.054043
0.035816
0.409533
0.179832
0.327477
0.142066
-0.013708
0.255295
0.014915
0.339437
-0.247845
-0.142311
0.060191
0.006953
-0.299608
0.035825
0.171043
-0.062265
0.406453
-0.078594
0.290554
0.122630
0.020889
0.229616
0.071656
0.293256
-0.026814
0.035944
0.267361
0.047560
0.033285
-0.153269
0.067478
-0.095113
0.071263
0.116344
0.028529
-0.148707
-0.087807
0.035003
0.250975
0.002072
0.183718
0.171586
0.217061
-0.441395
0.047946
-0.004569
-0.085041
0.201283
-0.183981
-0.050435
0.051794
-0.061263
-0.029445
-0.157976
0.048784
-0.044750
-0.029461
-0.103261
-0.169021
-0.181690
0.097986
0.239643
-0.138969
-0.038424
0.019894
0.219873
-0.175168
-0.139588
-0.129117
0.038720
-0.167168
0.080064
-0.215107
0.064994
-0.125740
-0.171030
0.039819
0.131746
-0.049054
0.077959
-0.031905
-0.426053
-0.064081
0.005412
-0.252167
0.092127
-0.150144
0.102770
0.046869
0.083552
0.135800
-0.297628
-0.126270
-0.161793
-0.097519
-0.267370
0.218045
0.021024
-0.363789
-0.038287
0.173179
-0.103526
0.014330
-0.038528
-0.076391
-0.006837
-0.250058
-0.184279
-0.282739
-0.055977
-0.093281
-0.156820
-0.022906
-0.105322
0.002681
0.212706
0.428333
-0.139232
-0.035800
-0.077461
-0.025170
-0.039751
-0.413309
-0.180759
-0.000934
-0.020799
-0.068824
-0.071549
0.468893
-0.143826
-0.036507
-0.056208
0.107464
0.037891
0.238382
-0.028243
-0.328249
0.134916
0.196619
0.118381
0.253547
-0.172845
-0.041107
0.030265
0.134914
-0.077815
-0.177413
-0.006771
0.083075
-0.065971
0.133476
-0.230180
-0.120137
-0.069417
0.086443
0.097694
-0.025129
0.210824
-0.270313
0.056708
0.248080
0.006313
-0.021071
-0.324069
-0.127911
0.164777
-0.016505
0.230244
0.124352
0.076397
-0.067513
-0.252043
0.126780
-0.094327
-0.042222
-0.074918
0.260086
0.143894
-0.000610
-0.029972
0.079374
-0.002767
-0.025992
0.154889
-0.196178
-0.089411
-0.223402
0.267510
-0.034128
-0.063923
0.212184
0.080924
-0.078956
0.045441
-0.139262
0.000482
0.056800
0.133567
0.019136
-0.031000
0.019336
0.096022
-0.352844
-0.220490
-0.140115
-0.153141
-0.015247
0.376000
-0.058954
0.136159
-0.073104
0.154641
0.072515
-0.135326
0.188660
0.131902
0.162775
0.176762
0.210959
-0.125535
-0.087626
-0.121331
0.036926
0.219739
0.099857
-0.264005
0.204479
0.224855
0.109128
0.162254
-0.176080
-0.183560
0.142734
0.047756
-0.013012
-0.186637
0.165912
0.134152
0.161455
-0.035951
-0.149572
0.189241
-0.130296
-0.171350
-0.111460
0.172339
0.210914
-0.097800
0.163273
0.322252
0.087054
0.134371
-0.089618
0.172696
0.026616
-0.093300
-0.109769
0.163362
0.013573
0.152168
0.425181
0.035604
-0.422068
0.291720
-0.030625
-0.118221
0.015386
-0.022257
-0.179653
0.154481
-0.092858
-0.157498
0.046987
-0.030896
0.203336
0.070167
0.264352
0.035590
0.216409
-0.098563
-0.028053
0.259313
-0.109714
-0.213685
0.141527
-0.002705
0.091570
-0.018532
0.217538
0.098839
0.133634
-0.097080
-0.075532
0.143980
0.190529
0.054564
-0.102666
-0.152346
-0.338720
0.065045
-0.288837
0.077630
-0.179656
0.154027
-0.339119
0.106546
-0.365642
0.042793
0.005370
0.006639
0.064802
-0.151477
0.030458
-0.003718
0.223941
0.178905
-0.031563
0.089533
0.053887
-0.089484
0.104618
0.002554
-0.043674
-0.151452
-0.213206
-0.134948
0.139707
-0.128598
0.127250
0.049177
-0.132395
0.144482
0.008646
0.102548
0.044401
0.119787
0.381037
-0.011430
-0.178956
-0.008178
-0.033460
0.358627
0.185323
0.266424
0.070108
0.224877
0.136844
0.116384
-0.125264
-0.062071
0.155422
0.121421
0.031752
-0.238321
0.312615
-0.094258
-0.026112
0.066051
0.117710
0.112537
0.044511
-0.032405
-0.044473
0.052779
-0.202478
0.140830
0.050049
0.062080
0.084167
-0.140436
-0.027354
-0.028796
0.099816
-0.152964
-0.188851
0.225866
-0.240161
0.037967
-0.211583
0.198543
0.329156
0.209636
-0.263034
0.144291
-0.116051
-0.012766
0.184415
0.155007
-0.109993
0.247812
-0.294449
0.178781
0.216057
0.096091
0.127728
-0.072349
0.042376
-0.106040
0.289384
0.158534
0.267548
0.162945
-0.161929
-0.080604
0.062599
-0.009831
-0.099401
0.025688
-0.214906
0.009324
-0.093784
-0.416315
0.139395
0.209375
-0.187040
0.096846
-0.020612
0.046199
0.199510
0.103955
-0.252331
0.079653
0.109876
0.151464
0.086681
-0.020151
-0.019329
-0.187820
0.073799
-0.188584
0.043777
-0.009414
-0.033261
-0.231342
0.036825
0.149869
-0.033201
-0.142868
-0.100152
0.285778
-0.296726
0.042942
-0.275667
0.097087
-0.031793
0.058506
-0.109902
-0.014003
-0.021994
0.112380
0.238135
-0.117120
-0.161261
0.142272
0.095310
-0.026067
0.224473
0.148036
0.133551
-0.074798
0.136990
0.172033
0.096354
0.009775
0.076435
-0.168802
0.004197
0.018743
0.018073
-0.020342
-0.186326
0.084373
-0.053435
0.001321
0.003794
-0.065413
0.259623
0.086212
-0.139476
0.182776
-0.133045
-0.202382
0.042535
0.125288
-0.054543
-0.017977
0.007013
-0.264981
0.020553
0.168443
0.114093
-0.331985
0.186244
0.233163
-0.093399
-0.267671
0.180101
0.050213
0.029109
-0.316846
0.227061
-0.021269
0.030964
0.129854
0.007892
0.145871
-0.319533
0.378336
0.094507
-0.071028
0.040025
0.160564
0.249702
0.072609
0.041814
-0.026622
0.318727
-0.354099
0.011848
0.147959
0.056819
0.061917
0.069569
-0.104094
-0.133725
0.138342
0.461890
0.114715
-0.185784
-0.076153
0.003278
0.264984
0.191710
0.003451
-0.341881
-0.054200
0.242235
-0.049992
0.165540
0.233720
-0.009067
0.414501
-0.021095
-0.058788
0.017056
0.190488
-0.003336
0.199763
-0.049954
0.184462
-0.170746
0.108325
-0.115263
-0.039331
-0.192811
-0.048458
0.138625
0.117117
0.278210
-0.177789
-0.190059
-0.008673
0.057050
-0.111933
-0.098886
0.055226
-0.011776
0.116093
0.178793
-0.024154
0.171410
-0.213763
0.160136
-0.033227
-0.208490
0.153248
-0.089878
-0.082778
-0.074169
0.182646
-0.068678
0.227642
0.017890
-0.100782
0.054839
-0.102873
-0.081898
-0.397816
-0.122529
-0.241201
0.112087
-0.314011
-0.080541
-0.082235
0.109867
0.028436
-0.027899
-0.020575
0.067092
0.153504
-0.275913
-0.089474
-0.025898
-0.116267
-0.246841
0.114588
0.054722
-0.049813
-0.262485
-0.033401
0.397993
0.043783
0.101667
-0.020562
0.008328
-0.034422
0.123899
0.027738
0.012230
0.045736
-0.340106
0.002487
-0.047472
-0.096228
-0.026552
0.055520
0.033900
-0.194752
0.019108
0.285310
0.225208
0.069353
0.279518
0.131927
0.135511
-0.279297
0.077575
-0.127537
0.373035
-0.394036
-0.106959
-0.019880
0.112349
0.048950
-0.100012
0.129660
0.015537
-0.031429
0.147627
0.028125
0.061793
-0.099192
0.099115
-0.280934
-0.094255
0.007124
0.006158
-0.050734
0.044357
-0.084918
0.162895
0.061922
0.193932
0.045560
0.104120
-0.215613
-0.077857
0.117479
-0.292849
0.055667
0.128384
-0.146547
0.099405
0.102785
0.088069
-0.243590
0.232932
0.230081
-0.081126
-0.206302
-0.170171
-0.047287
-0.122545
0.198975
-0.075225
-0.208933
-0.003997
0.093497
0.109787
-0.082292
-0.243141
0.224968
-0.257389
-0.057870
0.202814
0.135831
-0.071640
-0.009438
0.038408
-0.014361
-0.197227
0.173146
-0.054524
-0.087987
-0.138437
-0.039910
-0.325705
-0.070767
0.011883
-0.202106
-0.055411
-0.193492
0.195657
-0.134424
-0.073521
0.055703
0.208925
-0.065799
0.057434
0.167657
0.173782
0.297317
0.239238
0.087612
0.004201
-0.184096
-0.271165
0.101032
0.226482
-0.174939
0.255355
-0.008721
0.238088
-0.133756
-0.042819
-0.411268
-0.252929
0.108217
0.008006
-0.264168
-0.179428
-0.185375
-0.164199
-0.194918
0.147229
0.021671
-0.104484
0.032831
-0.186062
-0.068216
-0.003224
0.113893
0.268902
0.365719
0.084797
0.170984
0.108665
0.000717
0.164086
-0.164929
0.122972
-0.137813
0.130163
-0.150600
0.256253
0.224496
0.240499
-0.162870
-0.326503
-0.045168
0.241540
-0.078894
-0.124482
0.157582
0.126822
-0.023404
0.041350
0.120498
-0.149356
-0.058921
0.140791
-0.276074
-0.070877
-0.061419
-0.006669
0.178880
0.197884
0.015493
0.111736
0.069506
0.033953
0.145619
-0.052556
-0.169835
0.128682
-0.025793
-0.012718
0.001306
0.017154
0.037380
-0.180644
-0.187035
0.011196
-0.233249
-0.059316
-0.038145
-0.062576
-0.037837
0.213416
-0.294781
0.052031
-0.192796
0.059212
-0.103775
-0.186733
-0.075574
-0.095084
-0.220426
-0.183670
-0.394584
0.208095
-0.034110
-0.165951
-0.296274
-0.306387
0.018476
0.005061
-0.273927
-0.022534
-0.123102
-0.102334
0.328249
-0.274955
0.002404
0.040160
-0.032859
0.140832
0.329919
0.038056
-0.003078
-0.062616
0.067091
0.054747
-0.113654
0.256854
-0.096743
0.076048
-0.097212
-0.052201
0.143634
0.060948
-0.136684
0.253779
0.049482
-0.271536
0.140792
-0.246299
-0.175598
0.078023
0.157650
-0.181380
0.218341
-0.101702
-0.201170
-0.155134
0.171674
0.126089
0.232234
-0.102205
-0.076436
0.336975
-0.047733
0.081991
-0.199220
-0.051123
-0.042196
0.085494
0.034194
-0.143640
0.348638
0.120921
0.110269
-0.322411
-0.218656
-0.207847
0.074330
0.052251
0.324302
0.050385
0.124450
0.042338
0.046146
0.193660
0.251378
-0.111705
-0.208907
0.340177
0.142409
-0.135518
0.158696
-0.099972
-0.124450
-0.031810
-0.433994
0.276619
0.087731
0.365948
0.056356
0.012672
0.114887
0.118700
0.021202
-0.043355
-0.157073
-0.278451
-0.064908
0.179765
0.088069
0.050742
0.009996
0.181727
0.359741
0.052709
0.028967
-0.241866
0.252513
-0.172292
-0.069188
-0.041812
-0.060856
0.078382
0.243543
0.109278
0.143422
-0.000447
-0.010954
0.056481
0.042591
-0.141895
-0.090997
0.132348
0.090013
-0.161419
0.155450
0.266682
0.260507
0.087598
-0.088755
0.229227
-0.067715
0.022991
-0.104221
0.037057
-0.165840
0.282632
-0.087242
0.014064
-0.149790
0.076901
0.122351
-0.019218
0.126576
-0.102704
0.213449
0.126435
-0.070712
0.088424
-0.404567
-0.053703
-0.046812
0.134358
0.148410
-0.028200
-0.312611
-0.124816
-0.108048
0.255560
-0.109162
-0.347524
-0.036613
-0.012801
-0.115204
-0.236505
0.340989
0.017174
-0.008161
0.058943
0.138386
-0.353844
-0.087240
0.210919
0.129927
-0.285510
-0.183628
0.008987
-0.205539
0.238398
0.371537
0.113588
0.226197
0.040171
-0.044994
0.151600
0.216272
0.010382
-0.025128
-0.053416
-0.318956
0.229326
0.436916
-0.145811
-0.073884
-0.041672
-0.060380
0.061410
0.227291
-0.066840
0.141440
-0.271808
0.048359
0.054777
-0.186024
-0.123251
-0.207481
-0.232563
-0.185263
-0.187412
0.061240
-0.120801
-0.028749
-0.225271
0.157320
-0.101440
-0.170182
0.088697
-0.112934
-0.042531
0.295558
-0.038722
-0.545519
-0.255409
-0.033990
-0.098267
0.121834
0.004702
0.338411
-0.070620
-0.010373
0.002032
0.066338
0.147128
0.272872
0.145168
-0.064076
0.055200
-0.253567
0.121941
0.271714
0.178126
0.200506
-0.045653
-0.172661
-0.037612
-0.084703
0.025538
-0.068664
0.271284
-0.046479
0.087040
0.130251
-0.034945
-0.085133
0.080020
-0.054387
-0.163750
0.320390
-0.029035
-0.047601
-0.099258
0.197381
-0.234268
-0.397994
-0.028229
0.098598
-0.098737
0.255604
0.046006
-0.142096
-0.118115
-0.024553
0.257475
0.306333
0.035201
-0.216224
0.006093
0.037994
-0.176095
-0.009820
-0.239286
-0.153468
-0.149774
-0.299289
0.247169
-0.125868
0.182738
-0.090615
-0.083230
-0.103984
0.069830
0.052435
-0.061593
-0.009186
-0.123305
0.521596
-0.242516
-0.137855
0.037977
-0.078959
-0.092169
-0.397490
0.221563
0.047025
0.060504
-0.120509
0.257838
0.171417
-0.074059
0.132748
-0.022961
0.243583
-0.060269
0.237386
0.113990
-0.282832
0.264704
-0.054500
0.147040
-0.078670
0.201391
0.068261
-0.026481
-0.236224
0.033143
-0.305192
0.410784
0.171201
-0.011477
0.096755
-0.148509
-0.061421
-0.028407
-0.213167
0.303893
0.119634
0.073696
0.031495
0.044700
-0.049967
0.057821
-0.101643
0.055754
0.280599
-0.108238
-0.061864
0.032765
0.407917
0.070128
-0.094724
-0.367577
-0.004421
0.311045
0.106089
-0.027963
-0.178503
0.089523
-0.094330
0.017073
-0.400444
-0.240841
-0.234394
0.095275
-0.232093
-0.078832
0.180911
0.058392
-0.198266
-0.010048
-0.056656
-0.034318
0.013462
0.224227
-0.088465
-0.301974
-0.009098
0.001952
-0.073640
-0.482079
0.162426
0.009594
0.030280
-0.150584
0.074275
-0.155261
-0.044901
-0.085749
0.134611
-0.119476
-0.003307
0.424645
-0.060495
0.080736
-0.157326
-0.016175
0.039349
0.342120
-0.084547
0.298070
-0.117439
0.033781
-0.083018
-0.145177
0.085357
0.091251
-0.156840
-0.231759
0.031821
0.210729
-0.201819
0.010975
-0.086841
-0.109710
-0.246724
0.010426
0.247554
0.012894
0.067292
-0.036896
-0.176621
-0.040362
-0.397338
0.068267
-0.088449
0.186003
0.026648
-0.306623
0.129708
-0.183817
0.034051
-0.407501
0.240809
0.058154
0.175355
0.072500
0.148281
0.205020
-0.003660
-0.309739
0.056839
-0.353590
-0.179438
0.094344
-0.196741
0.199014
0.248760
0.422853
-0.205600
-0.117044
0.221954
0.127593
0.017366
0.029015
-0.053101
0.054613
-0.008971
0.440138
0.143452
-0.285465
-0.177606
-0.046143
-0.023379
0.080899
0.089374
-0.245481
0.339954
0.232371
0.313012
0.193420
0.305747
0.110895
-0.120862
-0.073174
-0.215989
-0.007257
0.210809
-0.078407
0.147850
0.164735
0.160533
0.161970
0.345334
0.152909
-0.287357
0.016201
-0.293150
-0.018344
-0.102891
0.146833
0.015478
-0.162601
-0.001901
0.170276
0.182515
0.057241
-0.019203
-0.087551
0.210894
0.236641
0.174221
-0.070660
0.181383
-0.127705
-0.072696
0.068858
0.256403
0.058338
0.089063
0.072296
0.126436
0.118695
-0.039846
-0.025927
-0.326381
0.376700
0.129818
-0.193018
0.345928
0.114791
-0.013091
0.036906
0.113594
0.018610
-0.066589
-0.282554
-0.109841
-0.078699
-0.085146
0.183385
-0.186002
0.040794
0.003288
-0.177285
0.108074
0.014910
0.324971
-0.119978
0.146670
0.055960
0.011890
0.044547
-0.006370
-0.056756
0.327497
-0.110214
0.174358
0.100462
0.025056
-0.025842
0.150028
0.240390
0.045855
0.103632
-0.227526
0.017943
-0.123995
-0.012525
-0.347360
-0.221325
0.025852
0.011955
0.094326
0.094008
-0.157219
0.033375
0.066230
0.189423
-0.051384
0.041616
0.189953
-0.317035
-0.190362
-0.106527
0.176284
0.038703
-0.044907
-0.320244
0.189827
-0.180089
-0.152124
0.062130
-0.008993
-0.037465
-0.337477
-0.239729
0.148187
0.228224
-0.021262
-0.047638
0.000594
0.135108
-0.133207
0.196199
-0.265799
0.030705
0.042903
0.028419
0.218246
-0.078516
-0.169832
-0.038126
-0.275532
-0.057388
-0.086449
0.266422
-0.015939
-0.111686
-0.033261
0.095272
-0.121173
-0.084322
-0.139740
-0.212202
-0.255199
0.298245
0.246876
0.074461
0.083068
-0.063226
-0.169678
-0.003473
-0.375454
-0.184808
0.144839
-0.100280
-0.070299
-0.316252
-0.178127
0.224184
-0.203255
0.113501
-0.102829
0.221254
0.057983
-0.080789
0.024967
-0.194907
0.104542
-0.021891
-0.142299
0.168333
0.310925
-0.391322
-0.078769
0.254399
-0.195714
-0.023212
0.188790
0.078881
0.366563
-0.012301
-0.000392
-0.212399
0.189250
0.081584
0.098260
-0.037817
-0.074670
0.038271
0.388808
-0.063794
-0.080989
-0.227006
0.115281
0.217361
-0.026149
-0.066915
-0.126819
0.048774
-0.181089
0.105265
-0.208043
0.133082
-0.131405
-0.021184
0.026588
0.018707
0.074295
-0.212744
-0.122084
-0.157184
-0.034718
0.372903
0.109243
-0.019376
0.069552
0.163451
0.272576
0.198084
-0.080262
0.043106
-0.145199
-0.201548
-0.035555
-0.318459
0.273157
-0.228354
0.086836
-0.201265
-0.011370
0.064775
-0.153790
0.231217
-0.048734
0.137546
-0.023421
0.230687
-0.143262
-0.138612
0.002800
-0.090932
-0.075982
-0.236917
0.059899
-0.117599
-0.001189
-0.093869
-0.322713
0.061180
-0.110042
0.104873
-0.023070
-0.191638
0.114494
-0.093918
-0.121339
0.103003
-0.085122
0.027849
0.077207
0.093785
0.036826
0.040704
0.188652
0.119678
0.228234
0.167453
-0.169032
-0.179312
-0.156348
0.199156
-0.141020
0.135860
0.280153
0.140158
0.044360
-0.063344
-0.082150
-0.225655
-0.109160
0.262700
0.024648
0.050217
-0.075458
-0.160077
0.095425
0.103045
0.091199
-0.108215
-0.007745
-0.219200
0.138592
0.179595
0.170549
-0.176250
-0.364342
0.208972
0.188291
0.008022
-0.048813
0.050405
0.040993
-0.103362
0.375761
0.319056
-0.123506
0.032189
-0.109307
-0.492090
-0.168227
0.231498
-0.081076
0.164163
0.266353
-0.089640
0.014803
0.161149
-0.017568
-0.121112
-0.055708
-0.093917
0.185572
0.176546
0.107330
-0.478966
0.065899
0.029976
0.028162
0.101575
-0.051854
-0.073210
0.031539
-0.007464
-0.323708
-0.028663
-0.193528
0.023407
0.203079
0.108263
0.266658
0.144370
-0.069760
-0.116923
0.161945
0.059093
0.080717
-0.018125
-0.047158
0.097648
0.113162
0.103853
-0.099992
-0.134477
-0.195135
0.041055
-0.025812
0.042378
-0.355756
0.057949
-0.050879
-0.140802
-0.333647
0.141749
-0.061301
0.108999
-0.116021
0.291127
-0.122013
-0.070550
-0.033786
0.141095
0.323953
0.040213
-0.236222
-0.150063
0.133660
-0.110913
-0.121936
0.185862
0.000640
0.203439
0.043926
-0.059102
0.051723
0.037072
-0.184744
-0.012330
-0.141104
-0.121069
-0.145258
0.041453
-0.019996
-0.041921
0.244368
-0.233496
0.404273
0.247335
-0.129110
0.221517
-0.230377
0.062614
0.158408
-0.372014
0.137550
0.337707
0.030391
-0.160895
-0.038405
0.129167
-0.034202
0.100525
0.076471
0.264333
-0.335651
0.398624
0.249789
-0.115881
-0.032208
0.042041
-0.193708
0.160390
0.078801
0.158462
0.315189
0.068055
0.070087
0.100560
-0.064132
-0.386094
-0.159305
0.058497
-0.031717
-0.095806
-0.400285
-0.164551
0.117702
-0.011037
0.103016
-0.070388
0.153436
0.120235
0.103855
0.081746
0.065783
0.143296
-0.116760
0.068051
0.035380
-0.371518
-0.068494
0.048192
0.010480
-0.473312
-0.129368
0.044631
0.176542
-0.225365
0.179718
-0.302653
0.059038
-0.182135
-0.176631
-0.144073
0.042512
-0.277511
0.233275
-0.318177
0.243627
-0.097955
-0.072468
0.150275
-0.096712
-0.159712
0.104109
-0.118178
-0.001686
0.178566
-0.260300
-0.507773
-0.059172
-0.098802
0.082664
0.177006
0.010389
0.130876
-0.146738
-0.222161
0.118133
-0.323359
-0.105419
0.015824
0.137681
-0.168109
0.045171
0.153416
-0.025466
-0.142045
-0.331865
0.116490
0.107696
-0.009960
-0.048369
0.260234
0.015636
0.088000
-0.001658
0.219733
0.163433
-0.286873
-0.223338
0.215204
0.154686
0.058705
0.212099
-0.011517
-0.161922
0.001092
0.182005
-0.024848
0.042255
-0.092828
-0.139295
0.363094
0.204410
0.013323
0.157374
-0.172734
0.000364
-0.214178
0.124320
-0.263028
-0.255522
-0.253483
0.137779
0.177152
0.114786
-0.093450
-0.093030
0.346862
0.057362
-0.114319
-0.235011
0.261565
-0.114881
-0.146226
0.479709
0.112401
0.386138
0.091702
-0.013463
-0.170069
0.145617
0.048327
-0.096853
-0.130427
-0.076275
0.071849
-0.082256
-0.038540
0.029440
-0.088936
0.097422
0.245062
0.129466
0.237231
0.130676
0.026596
-0.162743
-0.147432
-0.227267
-0.004959
-0.040609
-0.056267
0.000041
-0.089757
-0.100829
0.110415
-0.071581
-0.114237
-0.065855
-0.079858
-0.237120
-0.293280
-0.320170
-0.084467
0.131989
0.003189
0.251384
0.179946
0.313165
-0.071195
-0.155328
0.068968
-0.335641
0.092974
0.080453
0.076339
0.236509
-0.012049
0.002648
0.019178
-0.024755
-0.031818
-0.081949
-0.038450
0.036433
0.185538
0.086907
-0.249428
0.033489
-0.080124
-0.098467
0.166711
-0.052102
-0.342051
0.042332
-0.058435
-0.027098
-0.021869
0.135899
0.274558
-0.106981
-0.146872
0.075099
0.196639
0.004685
0.079965
-0.076643
0.184163
0.176272
-0.098896
-0.206058
0.200762
0.020619
-0.477084
-0.035016
-0.116832
0.148723
0.232158
0.312234
0.002899
-0.177896
-0.041777
0.068125
-0.002676
-0.079062
-0.335832
0.083501
0.166359
0.261915
-0.106232
0.003789
-0.156731
0.151147
-0.101710
-0.135142
-0.062877
0.123367
0.084269
0.099585
0.025792
-0.204983
0.045408
-0.028966
-0.207929
0.150788
0.178768
0.037627
-0.032886
-0.350374
-0.273647
0.010820
-0.070468
0.258922
0.265805
-0.016708
-0.079941
0.111500
-0.033630
0.059097
-0.101314
-0.116813
0.095492
0.110707
0.075457
-0.123140
-0.123056
-0.087986
0.267002
-0.142366
-0.207967
-0.175090
-0.227726
-0.278217
0.131452
0.253887
0.016892
0.046309
0.076663
0.029315
0.104254
0.199545
-0.120551
-0.472681
0.048461
-0.130401
-0.211546
-0.045948
0.051962
-0.037646
-0.211705
-0.301471
-0.205468
0.048626
0.167725
0.082952
0.053554
-0.232777
0.211869
0.104466
0.397589
0.122242
0.025666
-0.027321
0.086407
-0.166403
-0.420402
0.215274
0.055578
0.071128
0.315327
0.121539
-0.191905
0.033201
0.249272
0.098150
0.060371
0.232040
0.278405
-0.103128
-0.078507
0.113165
0.183236
0.189943
0.033666
0.071099
0.081436
-0.323527
-0.045481
-0.062331
-0.057056
-0.134572
-0.266139
-0.010675
-0.157213
0.082071
0.183583
-0.220858
-0.015679
0.307389
-0.326680
-0.030523
-0.470547
-0.006188
0.065072
-0.259243
-0.051176
0.204642
-0.035098
0.138480
-0.373389
-0.008817
0.107834
-0.144783
-0.060376
-0.025316
-0.256994
0.039239
-0.200867
-0.040390
0.132297
0.098377
0.454942
0.282627
-0.094891
0.164145
-0.184210
0.048349
0.178887
-0.160916
0.053601
0.081499
0.017566
0.337609
0.089614
0.106345
0.318806
-0.085771
-0.073370
0.233573
0.394934
-0.002985
-0.179764
-0.011979
0.054913
-0.134643
-0.458346
0.012295
0.067701
0.237496
-0.368303
0.015231
-0.247819
0.166542
-0.172009
-0.207555
0.184796
-0.027335
0.126128
0.329379
-0.068618
-0.070930
0.046261
0.034592
0.056271
-0.176065
0.188393
0.242352
0.025871
0.051840
-0.085689
-0.030611
-0.027317
-0.087577
-0.073127
0.105013
-0.115824
-0.101034
0.189171
0.006195
0.219878
0.032618
0.003155
0.253493
-0.062179
-0.038451
0.352106
0.070392
0.062914
0.112284
0.019551
-0.212464
0.188864
0.032770
-0.255923
0.144561
0.050840
-0.191306
-0.098223
0.173619
0.164875
-0.143720
0.175294
0.561250
0.183596
-0.389801
-0.367699
0.190405
0.084090
0.046515
0.044721
0.109302
0.298944
-0.077401
-0.269737
-0.176822
-0.118007
-0.178391
-0.163825
-0.047387
0.157412
0.185840
0.045603
0.101573
-0.049756
0.286680
0.007484
-0.187656
0.069770
-0.000308
0.057940
-0.218284
0.042447
-0.026930
0.239305
-0.070074
0.074722
0.047156
0.269465
-0.182421
-0.029576
-0.113518
-0.041830
-0.053110
-0.212415
0.186090
-0.052746
0.153681
-0.157414
0.040833
0.021840
0.150988
-0.031742
0.161640
-0.287723
-0.182558
0.009676
-0.388700
0.016419
-0.038272
0.077382
0.176995
-0.170280
0.173357
-0.000036
0.215271
0.155058
0.145661
-0.052600
-0.145593
0.234032
-0.262701
0.035213
0.232916
-0.154176
-0.297931
0.361944
0.108440
-0.218396
-0.190266
0.165931
-0.082350
-0.236622
0.048577
0.101275
-0.232461
-0.161450
-0.121478
0.167139
0.042283
0.002871
-0.003094
0.147983
0.178110
-0.206578
0.099370
-0.104515
-0.261839
-0.041539
0.014542
-0.040544
0.107764
-0.078072
0.155709
-0.136177
0.141379
-0.050124
-0.312361
0.190059
0.203351
-0.063426
-0.025243
0.266576
-0.030229
-0.106857
0.008470
0.113497
-0.197869
-0.030842
-0.079585
0.117932
0.013019
-0.056027
0.118588
0.153131
0.266999
0.038739
0.052681
0.175172
0.083326
0.096078
0.112478
-0.104657
0.032470
0.247833
0.006621
0.059539
0.058768
0.111298
-0.229166
0.158678
0.026761
0.178318
0.053103
-0.031639
0.049906
-0.271914
0.112109
-0.031167
-0.078019
-0.012965
-0.240903
0.014157
0.098929
-0.072057
-0.040446
0.221320
-0.170509
-0.021699
-0.139877
0.001720
-0.177470
0.035756
0.003147
0.137954
-0.006777
0.493341
-0.004316
-0.209741
0.015596
0.174806
-0.131549
0.043199
-0.205552
0.183142
0.213265
0.019365
0.044578
0.012095
0.205865
-0.173154
0.084880
0.243814
0.091083
-0.096349
-0.240506
-0.603517
-0.070203
-0.069170
0.221483
0.027219
0.162307
0.219076
-0.164385
-0.265322
-0.039767
-0.139857
0.052325
-0.082786
0.031027
-0.161363
-0.407016
0.322253
0.113018
0.031729
-0.002687
-0.171509
0.073909
-0.091358
-0.213958
0.372138
0.197321
0.087204
0.010757
-0.517950
0.287067
-0.296315
0.042737
-0.343888
0.166801
0.096283
0.069975
0.365281
0.291904
-0.157660
-0.262379
-0.260114
-0.077795
0.018696
-0.177066
-0.052175
-0.076540
-0.085848
0.226030
-0.214421
-0.306941
-0.131400
-0.063327
-0.139963
0.303623
0.026220
-0.005229
0.138623
-0.310481
0.317892
-0.027264
-0.057880
-0.017587
0.021554
0.149602
0.194677
-0.040791
-0.177335
0.297981
0.389131
0.255816
0.005185
-0.045806
-0.168723
0.308184
0.158525
0.140628
-0.024399
0.142296
-0.171229
0.102711
0.258852
-0.019932
0.122550
-0.271815
-0.018948
-0.177079
0.003278
0.372287
0.005427
-0.250874
0.419780
-0.057868
0.225567
-0.115005
0.017381
0.067627
-0.098247
-0.139569
-0.184009
-0.214211
-0.205845
-0.049977
-0.150708
0.133562
0.135992
-0.087334
-0.063515
0.221181
0.040059
0.219777
-0.043386
0.222226
0.285555
0.071373
-0.137265
-0.188300
-0.032758
0.121207
-0.138555
-0.347028
0.166468
-0.067690
0.022769
-0.303714
0.033840
-0.357687
-0.237546
0.234054
-0.129361
0.151439
-0.041281
0.006883
0.239709
-0.017214
0.151996
0.141066
-0.454939
-0.031628
0.172976
0.137490
-0.045893
0.261908
-0.082468
0.013151
-0.054917
0.016279
-0.243439
0.093228
0.215572
0.136994
-0.018612
0.177512
-0.063351
0.067256
0.030353
0.067732
0.158661
0.083171
0.080449
0.134754
0.124606
-0.136619
-0.114101
0.056703
0.072548
-0.017893
0.068139
-0.154094
0.177375
-0.052269
-0.072233
-0.178840
-0.007783
0.353491
-0.409554
0.153639
-0.048338
-0.219544
0.146691
0.024842
0.163184
0.089699
-0.064533
0.167623
-0.367861
-0.324211
0.114913
0.022846
0.169935
-0.078571
0.059264
0.111374
-0.044299
-0.193619
0.075025
-0.050067
0.025412
0.054810
-0.169218
-0.163697
-0.141729
0.199464
-0.226778
-0.049772
-0.185724
0.096916
-0.043675
-0.118100
0.278042
0.293376
-0.092721
0.111280
-0.099040
-0.176360
0.059999
-0.107715
0.038576
-0.214203
0.100976
0.062794
0.290663
-0.303716
-0.104013
-0.201180
-0.091485
-0.104062
-0.282465
-0.105116
0.024536
0.203422
-0.338745
0.064860
-0.085828
-0.163003
0.073873
0.145482
0.135602
-0.152244
0.110547
0.095869
-0.163206
-0.031253
-0.483295
-0.073665
0.216959
0.091717
0.162114
-0.130995
0.025184
0.139367
-0.014803
0.395344
-0.151098
-0.049840
-0.116061
-0.243209
0.253845
-0.047471
0.067822
-0.143821
-0.038141
-0.000956
-0.149678
-0.007331
0.095473
0.245267
0.300260
0.123394
-0.253400
0.088203
-0.195496
0.267542
-0.076145
-0.202319
0.222261
0.244623
-0.173347
0.063094
-0.190683
-0.095811
-0.240657
0.175816
-0.121152
-0.093147
-0.004867
0.033288
-0.354563
-0.084054
-0.262469
-0.297901
0.142301
0.151170
0.032752
0.003780
-0.132607
-0.180816
-0.084914
-0.221204
-0.077365
-0.064376
-0.029131
0.052970
-0.024013
-0.209103
0.197473
0.200574
0.092881
0.267749
-0.249493
0.226866
0.183719
-0.221145
-0.100987
0.219245
0.309439
0.113288
-0.088294
0.184822
-0.370063
0.041478
-0.152128
0.188935
0.120125
0.068828
-0.011030
0.155978
0.327367
0.127920
0.081996
0.150483
0.017904
0.139618
0.143179
-0.008495
-0.119193
-0.021913
0.197747
0.113507
0.067805
0.066768
-0.033814
-0.126422
-0.056420
0.030535
0.035163
0.086355
0.009044
0.204660
0.212952
0.141094
-0.056057
0.137053
-0.032042
-0.364877
-0.469851
0.154373
0.247781
0.160744
-0.127895
0.073307
0.023165
0.196575
0.185261
-0.033389
0.061804
0.090470
-0.035045
-0.032937
0.093463
-0.016467
0.056071
0.106587
0.063762
0.124633
-0.085341
0.176669
-0.058613
0.164961
0.051146
-0.009298
-0.000719
-0.085349
-0.218153
-0.147642
0.198805
0.153532
-0.305157
-0.018543
-0.481153
0.264589
-0.072144
-0.061472
0.140710
-0.149180
0.088411
-0.327215
0.048403
0.054073
-0.260894
-0.069132
-0.132652
-0.219327
-0.121025
0.079516
-0.256235
0.197775
0.188144
-0.169575
-0.067898
0.042821
0.208478
0.122433
0.090255
0.141350
0.248512
-0.055703
0.138960
0.306280
-0.112182
-0.085657
0.098419
-0.075629
-0.451053
-0.225235
-0.168975
0.140837
0.134274
0.017900
0.205057
-0.106953
-0.059321
0.098523
0.011984
-0.067450
0.196967
-0.043233
0.026603
0.167573
0.068964
-0.172292
-0.061818
-0.319191
0.256527
-0.215428
0.028897
0.052502
-0.174648
0.046730
-0.163002
0.016133
0.074483
0.060576
0.078306
0.089931
-0.378250
0.070090
-0.143572
-0.246036
-0.002323
-0.107176
-0.096702
0.048649
-0.062533
0.068057
-0.187855
-0.081920
0.136335
0.299209
0.030305
0.027693
-0.035397
-0.085202
-0.027981
0.015226
0.190436
0.002764
-0.106006
0.038509
-0.008519
-0.254880
0.041556
-0.149909
-0.158212
0.038671
0.009619
0.244456
-0.233522
0.187675
-0.118978
0.212486
-0.175288
-0.007061
-0.124298
-0.411494
0.236521
-0.159621
-0.107818
-0.265131
-0.147006
0.135984
-0.052468
-0.299550
-0.302914
-0.041610
-0.081302
0.078445
-0.177821
-0.158434
-0.072357
0.124501
-0.052893
0.065380
-0.089186
-0.014925
-0.075600
0.249060
0.153150
0.355660
-0.079335
-0.116589
-0.055531
-0.128875
0.079039
-0.036580
-0.072125
-0.187037
-0.037648
-0.039411
0.312107
-0.005572
0.093416
-0.148988
0.123308
0.008443
0.016192
0.056419
0.493818
0.200249
-0.007715
0.245906
-0.210227
-0.000094
-0.030881
-0.180666
-0.280613
0.070106
-0.118147
-0.082616
-0.163552
-0.016047
0.007520
-0.079820
-0.141714
0.098059
-0.230905
0.119154
-0.017754
0.109859
-0.102382
0.104322
-0.000262
0.125176
0.095846
0.197336
0.049744
-0.048323
-0.210675
0.237586
0.347054
0.303230
0.089392
-0.147102
-0.025553
0.246534
0.239432
0.131415
-0.249956
0.360936
-0.069991
0.080614
0.211234
0.230530
-0.156562
0.240248
-0.111284
-0.083503
0.202477
-0.062548
-0.106277
-0.239732
0.140660
0.003696
-0.082117
-0.035336
0.158482
0.047086
-0.332542
0.057896
-0.166172
0.032946
-0.217834
0.179140
-0.020267
0.020080
0.023327
0.191609
-0.051586
-0.016379
-0.194527
0.085428
0.102612
0.285636
-0.151563
0.060689
0.137716
0.336448
-0.092981
0.113371
0.344451
0.086517
0.260655
-0.038284
-0.277396
-0.265661
0.028722
-0.237607
-0.023773
-0.080205
0.076597
-0.072739
-0.273601
0.037084
0.104859
-0.057290
-0.027862
0.252374
-0.040705
-0.254535
-0.035747
0.451570
0.111048
0.283891
-0.116375
-0.201246
-0.077985
0.062307
-0.125197
-0.182576
0.325663
-0.138918
-0.127477
-0.210034
-0.001202
0.080611
0.107775
0.092167
-0.113798
-0.076451
-0.131074
0.100942
0.233885
0.250492
-0.148606
-0.087221
0.289016
0.289522
0.158346
0.330627
0.116092
-0.113486
-0.028019
0.008975
0.104629
-0.064368
-0.134862
-0.061529
0.085545
-0.266271
-0.112720
0.148643
-0.240300
0.112201
-0.084850
0.016771
0.026237
-0.027067
-0.000845
0.057896
0.104775
-0.073887
0.151560
-0.025999
-0.140938
-0.130738
-0.000583
-0.230193
0.234498
-0.113165
0.127796
-0.119959
-0.209308
0.163638
0.111601
0.042594
-0.092962
-0.092161
0.003541
0.023384
0.038847
0.007758
0.395726
0.153181
0.120982
-0.120780
-0.134312
-0.114265
-0.189296
0.062267
0.257314
-0.127326
0.103186
-0.118991
0.015947
0.109779
-0.030447
0.147071
-0.016019
0.075204
0.347386
-0.350948
-0.310652
0.023113
0.017409
0.007132
0.252511
-0.053339
0.093174
-0.170028
-0.232861
-0.146129
-0.201193
0.033405
-0.262473
-0.059818
0.103621
0.022787
0.003365
0.148384
-0.257734
0.329864
-0.015724
-0.073599
-0.167443
-0.270730
-0.194165
-0.239669
0.102887
-0.089779
-0.000578
0.110971
0.367876
-0.007799
-0.273017
0.148271
-0.064679
-0.112289
0.261081
0.071613
-0.167134
-0.037836
0.177094
-0.107000
0.143708
-0.022054
-0.099196
0.208823
0.112119
-0.233014
0.112280
-0.044324
0.118393
0.063619
0.009451
-0.115440
0.002718
0.107461
0.120265
0.136859
-0.098543
-0.078739
0.055356
0.122018
0.029936
-0.212072
0.099580
-0.080827
0.235249
0.051217
0.077516
0.039492
-0.043103
-0.227161
-0.289214
0.048535
0.277473
-0.047500
-0.160189
-0.201937
0.255281
-0.212443
0.275911
-0.213222
-0.118270
-0.206752
0.113850
0.098898
-0.100364
0.014289
0.226003
-0.052796
-0.377181
-0.140104
-0.132024
-0.388738
-0.027875
0.187556
-0.137153
-0.126268
0.063388
-0.042615
0.441558
0.218952
0.168312
-0.051043
0.169506
0.074761
0.121824
-0.070005
-0.044233
-0.106138
-0.123366
-0.162846
-0.104417
-0.012888
-0.093212
-0.147279
-0.035272
0.010813
0.379723
0.319916
-0.042066
0.017982
0.113075
0.066503
0.150797
-0.115302
0.058239
0.056418
-0.062880
0.033319
-0.163713
-0.120411
0.088888
0.071191
-0.235215
0.290430
-0.160706
-0.143697
0.452468
0.162827
0.123062
0.000111
-0.178511
-0.035239
0.134700
0.063563
0.079033
0.216067
0.244628
-0.144236
-0.047882
0.037986
0.201583
-0.010329
-0.039714
0.060170
-0.202354
0.156968
-0.260883
-0.166558
-0.101306
-0.039705
-0.063335
0.167564
0.035973
0.235461
-0.211299
0.066723
0.018770
-0.078160
0.126295
-0.268266
0.077842
0.212950
0.192030
-0.041575
0.129082
-0.169461
0.320572
-0.236574
-0.002855
0.099032
0.094751
-0.135769
-0.180382
-0.357008
0.008487
-0.024158
-0.247511
0.168463
-0.005070
0.081476
0.153425
-0.149410
-0.198460
-0.042548
0.093480
0.038373
-0.011984
0.061305
0.195818
0.263749
0.107489
-0.043953
-0.156227
0.035380
-0.045072
0.002741
-0.011997
-0.092227
-0.131846
-0.316203
0.228647
-0.031834
0.113045
-0.063907
0.102894
-0.194653
-0.024085
0.204043
-0.270957
0.079015
-0.170311
-0.177168
-0.050632
0.225419
-0.356825
-0.058777
0.443261
0.161568
-0.059493
0.047611
-0.169476
0.212677
0.097111
-0.318827
0.049469
0.154902
0.135631
0.211674
0.023793
0.071433
0.004276
-0.020818
-0.238652
-0.263231
0.154331
0.077832
0.050145
0.109287
0.031629
-0.199206
0.043528
0.255632
-0.119405
-0.020248
0.227087
0.061718
0.100434
-0.056029
-0.197866
0.120442
0.284180
0.153338
0.011419
0.020668
0.089257
0.167655
-0.346372
-0.197369
-0.133454
0.279702
-0.139584
-0.117952
0.103671
0.043008
0.164656
-0.125378
-0.206432
-0.162355
0.005409
-0.128957
-0.186959
0.160170
-0.260422
0.124086
-0.027409
-0.094519
-0.081177
0.365963
-0.034306
0.085077
0.023698
0.334791
0.028519
0.098598
0.035851
-0.115274
-0.099960
0.125629
0.054988
-0.277759
0.175921
-0.090672
-0.028196
0.383997
-0.189548
0.348121
-0.103938
-0.080023
-0.131257
-0.072397
-0.018350
0.207016
0.186362
0.206942
0.000401
-0.056992
0.158764
0.186261
-0.074492
0.125684
0.104904
-0.042559
-0.171164
0.019271
0.013449
0.076196
-0.208881
0.151893
-0.006652
-0.060114
-0.082423
-0.073698
-0.142444
-0.256914
-0.027845
-0.154602
0.179126
0.078826
-0.215619
-0.017305
0.079867
0.184944
0.080734
0.002579
0.040689
-0.102859
0.036294
0.082196
0.102294
-0.122743
-0.069569
0.135599
-0.265841
-0.056988
-0.137114
0.074318
0.004879
0.082308
-0.283805
-0.050163
0.301224
0.096542
0.091089
0.213001
-0.161912
-0.168695
-0.082140
-0.189275
0.122143
-0.015184
0.143085
-0.035925
0.253796
0.132066
0.115478
-0.103835
0.102961
0.047614
0.026468
-0.130499
0.047596
-0.291160
-0.264579
0.137833
-0.193702
0.172075
0.000629
0.089500
-0.127144
-0.058261
0.089044
-0.164407
-0.089721
-0.073240
-0.049251
0.164888
-0.071535
-0.112887
0.017684
-0.059095
0.189209
-0.092907
-0.264698
-0.148523
-0.157762
0.127794
-0.060799
-0.136137
-0.150298
-0.251766
-0.013601
-0.308367
0.289437
0.040697
0.147665
-0.135921
-0.059717
-0.051852
-0.178507
0.066963
0.124491
0.125073
0.366740
-0.013318
-0.085610
-0.251960
-0.104584
0.232402
0.042191
-0.150265
0.026009
0.127077
-0.173361
0.037556
0.054792
-0.014343
0.087221
-0.160685
-0.068636
0.209955
0.065631
-0.156134
0.405320
-0.495869
0.139859
0.078504
0.040529
0.137035
-0.052227
0.003075
-0.161216
-0.204985
-0.181145
-0.200333
-0.146339
0.009867
0.021965
0.017893
0.323751
-0.119593
0.455133
0.043963
-0.169127
0.399604
0.024206
-0.033619
0.023689
-0.453193
0.029067
-0.121961
-0.238379
-0.076208
0.103423
-0.122231
-0.219172
-0.225028
0.174732
-0.049597
-0.079433
0.054820
0.078524
-0.129797
-0.379233
0.087186
0.143370
0.170935
-0.188896
0.101908
0.495780
0.155192
0.100817
-0.004663
0.052091
-0.046837
-0.001895
-0.072607
0.069308
0.092916
-0.161333
0.000839
-0.101292
0.400768
-0.130607
0.037409
-0.155607
0.376375
-0.236531
0.113983
0.178123
-0.202562
-0.181839
0.376711
0.360900
0.129407
0.136553
-0.172439
0.215275
-0.019785
0.201812
0.227090
0.190295
0.016598
0.148204
0.102794
-0.303116
0.263679
-0.134013
-0.011243
-0.027777
0.137706
-0.047637
0.001923
-0.047775
0.349271
-0.129870
0.068109
-0.095039
0.027937
0.323181
-0.046633
0.124607
-0.021278
0.054605
0.012513
0.082550
-0.194671
0.007370
0.100344
-0.076941
-0.034602
0.247886
-0.315060
-0.037023
-0.133985
-0.274827
-0.076529
-0.218249
-0.033523
-0.132574
0.034433
0.040614
0.062446
0.080663
-0.191907
-0.072591
0.200488
0.086961
-0.305188
-0.159162
-0.131606
-0.135966
-0.278666
-0.002769
0.156687
0.056754
0.028115
-0.037303
-0.052648
-0.188209
0.182767
-0.098899
-0.064966
0.109176
-0.026331
-0.124951
0.170781
0.149145
0.059103
0.169636
0.215500
-0.149414
-0.096284
0.122206
0.149400
0.144254
0.022610
-0.247196
-0.233279
-0.351364
0.014503
-0.005700
0.084808
-0.021749
-0.140876
-0.195553
-0.001237
-0.165155
-0.049781
-0.154259
-0.226330
0.277960
-0.285774
0.004586
0.202285
0.210139
-0.136415
0.031279
0.000331
-0.055801
0.086799
0.230541
-0.260406
-0.032081
-0.227024
0.004618
0.080687
-0.075060
-0.181908
0.236768
-0.011061
-0.262072
0.079328
-0.077425
-0.007495
0.010154
-0.010526
0.106844
0.089789
0.031667
-0.051069
-0.177489
-0.096030
-0.192229
-0.305829
-0.042380
-0.129699
0.007313
0.014103
0.248571
0.214331
-0.147015
-0.122579
0.164440
0.012181
0.207724
-0.346031
-0.131971
-0.027281
0.077783
0.127982
-0.370674
0.191035
0.096487
-0.030646
0.200791
-0.073574
-0.296545
-0.124731
0.101994
-0.015787
-0.041240
0.057842
-0.217995
-0.259638
0.026194
-0.125863
0.067641
0.205901
-0.095036
0.173347
-0.117404
-0.502580
0.104043
0.153059
-0.082721
-0.258318
-0.104081
-0.019647
0.070370
-0.200472
0.218204
-0.211018
-0.132665
0.027815
-0.043979
0.210335
0.095281
-0.136001
0.011157
0.142586
0.193850
-0.160686
0.025633
-0.213715
-0.285600
-0.193005
-0.244710
0.037282
0.001524
0.058914
-0.237192
0.088637
-0.065373
0.262454
-0.034757
-0.080629
-0.005813
-0.284367
0.091752
-0.062706
0.030404
-0.011013
0.125415
0.015464
-0.005472
-0.028245
-0.135010
0.073571
0.067299
0.054206
0.123984
0.057891
-0.095119
-0.199594
-0.203162
-0.007050
0.130585
0.154421
0.128744
0.172652
0.025880
0.142253
-0.064206
-0.028506
0.172891
0.025938
-0.056096
-0.135727
0.034447
0.006743
-0.113553
0.061553
0.089650
-0.207699
-0.042885
-0.000574
-0.051664
-0.087596
0.219831
0.139566
0.181906
-0.187762
0.197936
0.240491
-0.094117
0.027368
0.063175
-0.298848
0.084664
-0.278360
0.130953
-0.049393
0.013868
0.115763
-0.171615
-0.103780
0.104929
0.221983
0.031432
0.306467
0.165863
0.050770
-0.028267
-0.090247
-0.215814
-0.097196
0.188898
0.161864
0.262082
-0.177466
0.090611
0.044172
-0.206954
0.157932
-0.107298
-0.056659
-0.159070
0.158957
-0.005246
-0.269564
-0.245003
0.030578
-0.128833
0.175167
0.020971
-0.086497
-0.214350
-0.112151
-0.010699
0.136032
0.220186
0.281651
-0.026415
-0.252466
-0.079859
0.082638
0.256691
-0.224376
0.457604
-0.119001
-0.196269
-0.014508
-0.520996
-0.132115
-0.040776
-0.095726
-0.117842
-0.100550
-0.131870
-0.046906
0.026443
-0.072788
-0.021031
0.038157
-0.317121
-0.116942
0.030459
-0.219829
0.055503
-0.130869
-0.039581
0.213609
0.066464
-0.160301
-0.056787
-0.010122
-0.062050
0.013609
-0.156082
-0.150521
-0.158163
0.020339
-0.032410
0.146021
0.077724
0.016681
-0.180357
-0.055057
-0.054388
-0.083478
0.034109
-0.366542
-0.150939
0.221173
-0.210486
0.086528
0.227394
-0.062990
0.040812
0.202147
-0.228910
0.164457
0.238025
0.172765
-0.197846
-0.102058
-0.049458
-0.079887
0.440930
-0.018432
-0.420391
0.197514
-0.177738
-0.010848
0.096325
0.095502
-0.297189
-0.133193
-0.045834
-0.056436
-0.219806
0.055901
0.175009
-0.289939
0.038001
0.102420
-0.116055
-0.330456
0.455777
0.152919
-0.052276
-0.098678
-0.066114
-0.022270
-0.337250
0.044403
0.060351
-0.141873
-0.077026
-0.147063
0.042901
-0.025951
0.053444
0.102159
-0.168185
0.077259
0.029673
-0.122901
0.031333
-0.255766
0.006804
-0.227504
0.068649
0.228649
-0.250272
0.182979
-0.307107
0.036211
-0.055654
-0.058229
-0.323011
-0.108230
-0.153776
0.019310
-0.155723
-0.043245
-0.073033
0.058372
-0.137917
0.084114
0.237929
0.008206
-0.126381
0.228765
-0.250684
-0.187378
0.230491
0.085796
-0.113217
0.056613
-0.078456
0.189014
0.012513
-0.060519
0.047776
0.044303
0.093712
-0.076961
-0.107942
-0.129302
-0.225413
0.021430
0.018163
-0.437903
-0.041843
0.204337
-0.017583
-0.065067
0.337983
0.198325
-0.012614
-0.177706
0.191532
-0.115021
-0.083051
0.017893
0.079968
0.155822
0.082670
-0.193485
-0.144225
0.350927
-0.069539
0.166726
0.152655
0.073422
-0.154055
0.339232
0.035570
-0.087232
-0.107257
-0.059881
-0.172718
-0.262213
0.121216
0.245550
0.069504
0.227387
0.153719
0.251246
0.246932
-0.069390
-0.044585
0.082258
0.196311
0.012016
-0.082513
0.324665
-0.039066
0.056711
0.262770
0.109544
0.174843
-0.131264
0.236035
0.068555
0.110561
0.329957
-0.147699
-0.242645
0.043670
-0.179042
-0.082654
-0.031343
-0.191304
-0.173472
0.228178
-0.013827
-0.123875
0.041619
0.079389
-0.050451
-0.203372
-0.065801
0.023688
0.195649
0.233446
0.109684
0.073776
0.079041
0.189601
-0.034795
-0.063814
0.018861
-0.062904
0.269593
0.501871
-0.182588
0.033017
0.030906
-0.037215
0.077615
0.080666
0.398293
-0.084313
0.006379
0.079772
-0.160658
0.317075
-0.035793
0.455237
-0.245588
0.290227
-0.114369
0.135618
-0.017871
-0.138441
-0.113324
-0.218508
0.133730
-0.038437
0.092906
0.066041
0.022590
0.176731
-0.066162
0.216909
0.141651
0.275829
0.059054
-0.159892
-0.066179
0.049905
-0.094892
-0.087659
-0.010250
-0.043088
-0.289654
-0.109191
-0.169818
0.163794
0.118070
-0.143241
-0.141100
-0.136579
0.248907
-0.106490
-0.050593
-0.041651
-0.059505
-0.054296
-0.050167
0.169423
-0.221231
-0.060094
-0.522263
-0.092016
-0.123416
-0.004795
0.014548
0.188354
-0.113434
0.117765
0.145543
0.036064
0.041452
-0.152088
0.122871
-0.173799
-0.248488
-0.054008
0.145509
0.037929
-0.204449
0.026232
0.035768
-0.291253
-0.228464
-0.040338
-0.389123
-0.087976
0.070637
-0.114036
-0.099101
-0.064921
0.030168
0.056043
-0.186948
-0.024593
-0.007139
-0.051621
0.196935
0.056889
-0.165446
-0.291015
-0.069611
-0.128268
0.266163
0.110194
-0.029722
-0.099511
-0.128623
0.111016
-0.068682
-0.265902
0.103746
-0.361303
-0.166858
0.050571
-0.346125
0.137191
0.026265
0.118350
0.177625
-0.120868
0.018035
0.024213
-0.346513
-0.002378
-0.311786
0.295679
-0.004293
0.187688
-0.160065
0.027110
0.162864
-0.053118
0.402367
-0.335700
0.300307
-0.198410
-0.015309
0.089340
-0.073316
-0.066918
-0.194704
0.035625
0.164608
-0.124130
0.153255
-0.350098
-0.056539
0.081907
-0.093443
0.234660
-0.026031
0.281840
0.271925
-0.190883
-0.078521
0.099160
0.349533
0.264215
-0.069392
-0.059761
-0.202991
-0.112152
0.211134
-0.207154
0.057617
-0.147526
-0.095869
-0.067340
-0.162209
-0.174791
0.234850
0.017313
-0.245756
0.138593
-0.036978
0.320996
-0.010961
-0.256965
-0.105030
0.241828
-0.196887
-0.297095
0.121673
0.001737
-0.215286
0.206135
0.040319
-0.200782
-0.152021
-0.231557
-0.168651
0.157911
-0.000604
0.029015
0.021314
0.149925
0.182402
-0.101161
0.062748
-0.276597
0.177087
-0.229365
0.055437
0.011272
-0.204275
0.095232
-0.072633
0.128728
0.081759
-0.283719
-0.339322
0.172284
-0.035379
-0.060462
-0.114990
0.190784
-0.005278
0.185825
-0.455767
-0.147107
-0.079373
-0.119031
-0.047260
0.307137
-0.118288
0.015509
0.074742
0.276594
0.110838
-0.008373
0.094231
-0.033542
0.041401
-0.113488
0.327700
-0.193173
0.063223
0.066178
-0.167665
-0.117968
0.207674
-0.110209
-0.085915
0.206452
-0.144351
-0.238333
-0.127066
-0.244995
-0.054533
-0.106386
-0.532366
-0.086610
0.039593
0.153052
0.149827
-0.121556
0.078185
-0.047249
0.173657
0.019668
-0.198245
0.129624
0.333738
-0.143939
-0.077010
-0.075661
-0.080498
0.153023
-0.070968
0.126274
-0.000001
-0.021123
-0.119541
-0.114460
-0.229361
-0.048787
0.093854
0.030637
-0.252803
-0.090158
-0.071702
0.384048
0.040088
-0.032841
-0.077209
-0.079153
0.020025
0.181154
0.287889
0.078171
0.276870
-0.107881
-0.159396
0.000458
0.307466
0.198169
0.083553
-0.019551
-0.078397
0.113503
-0.131413
0.002803
-0.371617
0.078294
0.003637
-0.252210
-0.114096
0.032175
0.088825
0.240646
-0.069733
-0.116838
-0.122827
0.095752
0.112928
0.171050
0.041665
0.037369
-0.251298
0.235477
-0.091029
0.139702
0.234948
0.026805
0.088562
0.259104
0.084042
0.129152
-0.170834
-0.031580
0.192920
0.092336
0.121532
0.029015
0.118360
-0.098658
0.134237
-0.097063
0.026946
0.005508
-0.018933
-0.312146
0.088053
-0.091030
0.008934
0.257203
0.115197
0.079913
-0.329845
0.013334
0.106736
0.496775
-0.119123
0.118404
0.098364
-0.027913
-0.249695
-0.141378
0.025922
-0.059742
0.008150
-0.009117
0.109545
0.346277
0.120079
0.114770
-0.134840
0.041500
-0.139211
-0.010840
-0.124137
0.073302
0.052988
-0.049194
-0.000589
-0.074501
0.102447
-0.245469
-0.169617
0.171471
0.037591
-0.017964
-0.011499
0.061771
-0.126628
-0.022209
-0.060326
0.108260
0.014261
-0.159606
-0.064372
-0.189327
0.013300
0.106099
0.043887
0.043901
-0.162443
0.054222
-0.147660
-0.097959
-0.470016
0.255746
0.105881
-0.051347
-0.167482
-0.180211
-0.129882
-0.246274
0.166306
-0.083813
0.260920
0.000169
0.183135
0.128802
0.014850
-0.216463
0.020749
0.038049
0.092779
-0.286997
-0.144895
0.200430
-0.029027
0.004667
0.052306
0.205584
-0.134588
0.160141
-0.120874
0.168495
-0.027864
-0.224996
0.037108
0.056539
-0.279935
0.024065
0.058447
-0.068352
0.315983
-0.180048
0.109076
-0.145176
0.045684
-0.089679
0.004767
-0.186884
-0.036891
-0.162842
0.001591
-0.096953
0.072052
-0.303862
0.366992
0.079889
0.160092
-0.213712
0.013455
0.086387
0.042456
0.106201
0.192248
-0.140041
-0.151470
0.140949
0.073546
0.185195
0.065571
-0.174140
-0.147608
-0.081491
0.399732
-0.154390
-0.048173
0.211467
-0.120850
0.121982
0.121435
0.080007
-0.101276
-0.152071
-0.027594
0.181630
0.217871
0.004022
0.093712
-0.170841
0.448067
-0.097076
-0.003571
-0.153578
0.037006
0.113249
-0.002091
0.058050
-0.013630
0.030348
0.009032
-0.183077
0.171323
0.155768
0.001598
-0.107917
-0.086540
0.321368
-0.028313
-0.101637
-0.573951
-0.186730
0.363121
0.159788
0.028053
0.248449
-0.110930
-0.233074
-0.030146
-0.198252
-0.135307
0.131521
-0.111539
-0.152961
-0.036435
0.140939
-0.324194
-0.048390
0.056131
0.037270
0.002098
-0.239887
-0.079567
0.020935
-0.233305
0.180009
-0.313038
0.093844
-0.238378
-0.144718
-0.084216
0.059460
0.250197
0.110446
-0.041916
0.039793
0.129439
-0.434501
0.267556
-0.004911
0.058317
-0.007301
0.028212
-0.148768
0.071192
-0.188287
-0.139905
0.115675
0.034924
-0.149676
-0.169877
0.263039
0.362895
0.159307
-0.195358
-0.050316
0.017607
0.019887
0.201543
-0.268029
-0.208655
0.023565
0.236875
-0.241283
0.066378
-0.133812
0.215911
0.184363
0.200086
-0.186499
0.038648
0.015518
-0.017931
0.364033
0.187188
-0.003912
0.353087
0.044203
0.178958
-0.183556
-0.001139
0.186040
0.008416
0.002629
-0.158746
-0.165610
-0.109254
0.003572
-0.058559
0.169293
0.012009
0.183821
0.158506
-0.063933
0.112621
0.274860
0.122890
-0.079680
-0.006582
0.187447
-0.101735
0.113183
-0.074727
0.215769
0.059741
0.160483
-0.066477
-0.287540
0.104757
0.029452
-0.017163
-0.060313
0.075221
-0.036461
0.008319
0.167600
0.033011
0.284179
0.050605
-0.061490
0.237107
0.202344
-0.135952
0.017908
-0.300687
0.101674
-0.271411
-0.228048
0.197129
0.232575
0.288070
0.015907
0.302115
-0.462328
-0.101013
-0.199503
-0.026885
0.050422
-0.024323
0.084397
-0.045117
0.071212
0.010416
0.331477
-0.114310
-0.089230
0.088704
0.086510
0.119890
-0.197493
0.231296
0.284641
-0.172443
0.350098
-0.123021
-0.257164
0.024511
-0.075909
0.021918
-0.066923
-0.113306
-0.105787
0.018619
0.161146
-0.165431
-0.291122
-0.055708
0.217427
-0.147923
0.072535
-0.318299
0.189867
-0.008032
-0.091800
0.160000
0.192010
-0.090040
-0.160583
-0.019626
-0.127557
-0.095312
0.015639
0.358588
0.011556
0.213903
-0.103268
-0.082272
0.098061
-0.004759
0.177503
0.373218
0.004633
-0.104756
-0.120672
-0.214989
-0.143095
0.120696
-0.234001
-0.068948
0.156439
-0.080880
-0.284517
0.408248
-0.331408
0.278767
-0.215361
-0.166255
-0.199244
0.001558
-0.024062
0.056690
0.097043
0.075290
-0.025313
0.338657
0.370308
-0.005856
0.260810
0.110500
0.002975
-0.041176
0.005568
0.099329
-0.340362
0.052391
-0.140141
-0.248153
0.162752
-0.041660
-0.066377
0.270152
0.206459
-0.036535
0.261255
0.001142
0.035841
0.134113
0.349048
0.173575
-0.011760
0.295931
-0.246480
-0.205327
0.250439
-0.123423
-0.237592
0.164058
-0.175804
-0.276073
0.160811
-0.024496
0.039803
0.251816
0.208497
0.097492
0.152818
-0.060690
-0.090386
0.209195
0.113122
0.085412
-0.111528
0.112026
0.023754
-0.160284
-0.156410
-0.280694
-0.336255
0.060441
0.175060
-0.133663
-0.143848
0.160110
0.319033
0.077607
-0.090570
-0.332994
-0.093342
0.150976
-0.019940
-0.334382
0.231565
0.214080
-0.200713
-0.138780
-0.018075
0.025994
-0.027169
0.062499
-0.179606
-0.149776
-0.233695
0.047058
0.061825
0.046402
-0.083053
0.057194
-0.228868
0.101111
0.049376
-0.086434
0.138892
0.081249
0.121300
-0.089179
-0.111062
-0.331672
-0.031864
0.053194
0.052029
0.071324
-0.165160
0.067785
-0.082750
0.183989
0.175381
0.302093
0.075254
0.039013
0.181629
-0.020353
-0.189323
-0.173446
-0.179322
0.049592
0.155328
-0.140424
-0.103342
0.113943
-0.082629
-0.039961
0.399531
0.264665
-0.135863
0.025473
0.139429
0.095035
-0.281713
0.135608
0.283565
0.279015
-0.129675
0.101236
0.044056
-0.123617
-0.076626
-0.144427
-0.086976
-0.024317
0.019370
0.131749
-0.247814
0.063841
-0.251643
-0.193564
0.259779
-0.032076
-0.326405
0.058291
0.023462
0.438140
-0.033576
0.049020
-0.047341
0.175604
0.022506
-0.095051
0.138057
-0.141803
0.159262
-0.095709
0.338675
0.268425
-0.033193
0.242342
0.151020
-0.169618
0.121590
-0.064637
0.145775
-0.107284
-0.054077
0.258258
0.248396
0.199741
-0.100415
0.203693
-0.044800
0.047433
0.075796
-0.005611
-0.036148
0.133894
-0.102049
-0.042596
0.289018
0.053829
0.333562
0.047123
0.096158
0.121198
-0.136069
0.036740
-0.089123
-0.048719
0.052292
0.129196
0.231754
0.034517
-0.335947
0.337047
-0.123624
-0.040433
0.088782
0.115351
-0.119377
0.160214
0.111748
-0.158607
0.051015
0.186205
-0.163782
0.075250
0.116872
0.114036
-0.067965
-0.033178
0.298564
-0.142229
-0.059412
-0.061732
-0.039588
-0.033469
0.000452
0.211440
0.006064
-0.167150
0.194585
0.120940
0.330728
-0.078626
0.363141
0.064929
0.084949
0.075404
-0.029687
-0.079992
-0.253130
0.175857
0.070974
-0.001171
0.004613
0.105014
-0.037098
-0.299549
-0.052537
-0.026017
-0.011573
-0.144727
-0.012811
-0.086284
-0.021466
-0.110533
-0.097035
-0.055162
-0.093274
0.131749
-0.192600
0.204884
0.181494
0.018848
0.335693
0.225177
-0.033738
0.096515
0.002023
-0.079758
-0.191223
-0.125889
0.012556
-0.226561
-0.033191
0.086083
0.114652
-0.031823
-0.040823
-0.312495
0.083774
-0.180676
0.143558
-0.116573
0.137844
0.053531
-0.057059
0.282218
-0.087525
0.088661
-0.166861
0.026040
-0.149340
0.173277
0.153216
-0.213265
0.204239
0.136133
-0.260551
-0.083320
0.086153
-0.095946
-0.068348
-0.353711
0.207068
-0.177164
-0.018040
-0.291137
0.092536
0.152734
0.028206
-0.088378
0.100616
0.102094
-0.120272
-0.090109
0.085307
-0.331484
-0.209690
-0.176542
-0.205073
0.049992
0.098963
0.276080
-0.125485
-0.121816
0.112600
0.187707
0.177831
0.271899
0.022700
-0.250552
0.174357
0.141137
0.153299
0.201330
0.067431
-0.016535
-0.135998
-0.065363
-0.119825
-0.288881
-0.097601
-0.052364
0.066253
-0.078572
-0.240400
0.059732
-0.095915
0.014586
0.045422
0.049507
0.151208
-0.175839
-0.257550
-0.150616
0.115110
-0.128672
-0.111797
-0.128530
-0.140842
0.032686
-0.307769
0.031791
0.189700
0.062349
-0.007703
-0.061032
-0.052657
-0.129677
-0.241015
-0.025535
-0.006451
0.112666
-0.079003
0.110807
0.131181
0.181555
0.016126
-0.105689
0.099370
-0.229113
0.341425
-0.235591
0.033875
0.036671
-0.038776
-0.099850
-0.260709
-0.109204
-0.159836
-0.251085
-0.074807
0.101582
0.193564
0.209200
0.159446
-0.092435
-0.015700
0.012313
-0.193660
-0.167029
0.080576
-0.013576
0.249239
-0.141121
-0.278114
0.110415
-0.277133
-0.106034
0.060571
0.003757
0.088638
-0.212975
0.201982
-0.083863
0.186919
0.087534
-0.133221
-0.105201
-0.003536
-0.048450
-0.349803
0.019398
0.239165
-0.094219
0.107569
0.032668
0.125066
0.118485
0.254102
0.224620
-0.039174
0.150486
0.049797
-0.038685
-0.240956
-0.031058
0.127353
-0.182466
-0.144465
0.155084
-0.240604
0.080471
-0.419560
0.016992
-0.093775
0.114907
0.027632
0.087506
0.001428
0.095036
0.187257
0.047021
-0.154928
0.024006
0.216168
-0.060564
-0.109430
-0.223673
-0.112444
0.102153
-0.199515
0.221539
0.016068
-0.138422
-0.150921
-0.029106
0.276362
0.000295
-0.253818
-0.077614
0.204829
-0.089745
-0.099020
0.157288
0.280253
-0.170389
-0.060059
-0.200706
0.099781
-0.032206
-0.108342
0.085340
-0.010225
-0.005987
0.238172
-0.014721
0.088407
0.067025
0.344248
0.253630
-0.269447
0.238986
-0.125932
-0.160292
-0.105744
-0.018827
0.078010
0.276611
0.064947
-0.146997
0.272709
0.169335
-0.119226
0.024630
-0.172104
0.272707
0.146147
-0.037563
0.057156
-0.220706
-0.220877
0.078524
0.166599
0.199641
0.048814
-0.108216
-0.055613
0.199408
0.044865
0.069947
-0.222217
-0.037392
0.102014
0.167886
0.024995
0.000232
0.011879
0.083265
-0.050236
-0.059286
-0.180980
0.104960
-0.112798
0.121145
-0.063668
-0.317974
0.080388
0.337009
-0.053511
-0.296415
0.334853
0.141251
0.094852
0.402844
-0.193399
-0.235520
-0.157948
0.266581
0.077369
-0.109357
0.208174
-0.020608
-0.494512
-0.197481
0.063416
0.090887
0.090460
-0.130459
-0.075836
0.105652
0.127448
0.164740
0.051920
0.288947
-0.160731
0.293817
0.092154
-0.166455
-0.060948
-0.050051
0.009600
0.153828
0.222343
-0.012396
-0.046399
0.223421
0.245653
-0.067056
-0.056378
0.155942
0.163403
0.076532
-0.107846
0.109142
0.134607
-0.084820
0.389732
0.009950
0.273565
0.027476
-0.140676
0.203632
-0.155447
-0.173015
-0.238135
-0.235888
-0.135684
-0.123861
-0.166512
-0.043053
0.348043
-0.123692
-0.324467
0.006724
0.015807
-0.017181
0.144169
0.128829
-0.238412
0.267577
0.068480
0.001437
-0.316126
-0.037416
0.140347
-0.110338
-0.049092
-0.274960
-0.038041
-0.070187
-0.232311
0.383372
0.097598
-0.228336
0.178010
-0.028415
0.126173
-0.340311
0.087016
-0.020824
-0.208312
-0.235935
-0.351951
-0.112238
0.367584
0.109400
0.131731
-0.108841
0.148083
-0.254538
-0.086910
0.073728
0.087001
-0.010366
0.000585
-0.049039
0.054961
-0.108966
0.194729
-0.061938
-0.098107
-0.358258
0.137378
-0.156481
-0.042179
0.307957
-0.030292
-0.284470
0.223936
0.108742
-0.039006
-0.309962
-0.014973
0.058809
-0.031286
-0.156182
-0.114102
-0.297634
0.268757
0.130845
-0.110029
-0.271101
-0.038637
0.139952
0.306890
-0.116178
0.087870
-0.455789
0.068457
-0.162566
-0.121363
0.259250
-0.012830
0.257378
-0.176098
-0.098694
0.239343
0.053611
-0.178196
0.056508
-0.124009
0.124514
-0.015614
0.010344
0.098480
-0.016991
-0.132097
0.202169
-0.185919
0.124285
-0.019864
-0.270952
0.197886
0.067431
0.040811
0.307082
-0.370094
0.147247
-0.294069
0.479987
-0.006500
-0.067982
-0.194440
0.315885
-0.194581
0.090722
-0.091447
-0.176217
0.045335
-0.120843
0.080958
-0.052344
-0.079769
-0.099086
-0.156245
0.152758
0.113587
0.156306
-0.030068
-0.116341
0.267304
-0.219346
-0.169591
-0.235865
0.095050
-0.203931
-0.061671
0.270866
-0.148649
-0.053156
-0.081119
-0.202738
-0.001781
-0.016713
-0.081953
0.080881
0.164847
0.042913
0.277628
-0.016327
0.065267
-0.082416
-0.006592
-0.220300
-0.082191
0.099701
0.083346
-0.021616
-0.269435
-0.198217
-0.031144
0.046821
-0.256066
-0.152072
0.008104
0.033851
-0.091671
0.145018
0.098413
0.065399
-0.033254
-0.065755
-0.140427
0.028014
0.118146
0.362783
-0.323792
0.036535
-0.115072
0.163566
-0.113301
0.176780
0.204776
0.018244
-0.354376
-0.062244
-0.022540
0.409784
-0.108986
0.241169
0.050338
-0.011095
0.206206
-0.126987
0.038190
0.295227
0.021226
0.016617
-0.329139
0.162230
0.033560
0.075254
0.190527
0.244648
0.044046
0.017557
-0.117180
0.067931
0.452554
0.039498
0.190530
0.425772
0.373068
0.296075
-0.237444
0.225462
-0.080222
0.207824
0.067029
0.294622
-0.058515
-0.030353
0.181577
0.069894
0.072815
0.001705
-0.000475
0.030622
0.208645
-0.009903
-0.166307
-0.117602
0.230934
-0.012756
0.342626
0.140751
-0.115431
-0.059239
-0.055790
0.297127
-0.016265
0.397389
0.145392
0.132118
0.333719
-0.032038
0.023728
0.003521
0.334384
-0.079232
0.019416
0.007483
0.061609
0.204507
0.313147
-0.328066
-0.000848
0.235799
-0.178282
-0.181839
-0.024385
-0.143941
-0.145809
0.043566
-0.133134
-0.287055
-0.061473
0.100169
-0.069908
-0.018432
-0.009342
-0.231014
-0.077483
0.168782
-0.090781
-0.253979
0.029859
-0.244445
-0.148309
0.109963
-0.031389
-0.175489
-0.022107
-0.102180
0.132555
-0.042751
0.127971
0.059693
-0.169978
0.016225
-0.273268
-0.065591
0.077288
-0.220029
0.176406
0.169952
-0.021464
0.185158
0.107361
-0.285425
-0.106233
0.165296
0.026456
0.002550
-0.466180
-0.365700
0.126445
0.067178
0.208401
0.257155
-0.227293
-0.121025
-0.204553
-0.258651
0.062434
0.010391
0.136240
0.173348
0.092517
0.055128
-0.008729
-0.352730
0.292592
-0.061667
0.164244
-0.137112
-0.099838
-0.126100
0.125895
0.017176
-0.039788
-0.290122
-0.189215
-0.103461
0.179859
0.011957
0.010871
-0.064852
0.157456
0.054741
0.027404
-0.005963
0.106975
0.207700
0.009184
0.216123
0.059794
0.064908
-0.259964
-0.042412
-0.055618
-0.260671
-0.296737
0.215428
0.169826
0.246841
0.553570
0.076310
0.095498
0.171109
-0.226635
-0.036893
-0.063543
-0.001401
0.012346
0.253041
0.089754
0.256044
-0.077764
0.051611
-0.193181
0.084839
0.088894
-0.035648
0.011223
-0.150662
-0.119691
0.053212
-0.211307
-0.248812
-0.072936
-0.039322
-0.036980
0.146639
-0.036853
-0.156090
0.081844
0.084601
0.216027
-0.107857
0.058538
-0.026343
-0.242573
-0.094355
-0.070325
-0.072216
-0.042372
-0.003364
0.033096
0.056860
-0.046192
-0.074765
0.077009
-0.022452
-0.087221
-0.097771
-0.361878
0.060206
-0.033163
0.127145
-0.163711
-0.012216
-0.222962
-0.098939
0.172410
-0.274979
-0.256334
-0.106454
-0.039116
0.170087
-0.216478
0.175413
-0.138856
-0.045383
0.060474
-0.210945
-0.138435
0.263203
0.217936
-0.195118
-0.347541
0.111384
0.039515
-0.177026
-0.025934
0.097579
-0.079618
-0.298423
0.127281
0.136072
0.277903
0.185271
0.052152
0.309869
-0.092345
-0.066331
-0.057799
-0.241262
0.064988
0.051950
-0.009246
0.187026
0.169239
0.051025
-0.002554
0.349314
-0.087204
0.185189
-0.190978
-0.251746
-0.234469
0.159714
0.039135
0.376222
-0.011100
-0.031363
-0.058059
0.069589
-0.027215
0.107814
0.023909
-0.035548
-0.167572
0.065420
-0.183216
0.023967
0.065624
0.341104
-0.110452
0.308575
-0.040431
0.066935
-0.097336
-0.279730
0.377880
-0.260308
-0.245850
-0.116597
-0.279755
-0.267857
-0.077060
0.332333
-0.068391
0.012137
0.004014
0.024210
-0.171066
0.329425
0.033278
-0.080696
-0.059722
0.182364
-0.072025
-0.152617
0.042938
0.150548
0.188976
0.100135
-0.104590
-0.021495
0.311467
-0.105651
0.304072
-0.008654
-0.262362
-0.082771
0.167502
0.171516
0.177925
-0.063885
0.045532
-0.013876
0.158016
0.353584
-0.100968
0.006813
0.143098
0.139819
-0.485406
0.078755
-0.124403
0.192648
0.012902
-0.110568
-0.250910
-0.107906
0.062237
-0.344107
0.179324
-0.044967
0.062083
0.198920
-0.032621
-0.130862
0.042069
0.029827
-0.140500
-0.406507
0.011220
-0.268663
-0.055709
-0.021326
-0.288870
-0.064293
0.282466
0.213285
-0.048097
-0.033542
-0.194703
0.336928
0.206658
-0.023972
-0.221368
-0.013746
0.150714
0.125301
-0.046467
-0.187410
0.094711
-0.383070
0.237433
0.236307
-0.351438
-0.209284
-0.247351
-0.199414
0.014947
-0.157864
-0.216104
-0.095263
-0.225385
-0.202270
0.045869
-0.275670
0.095879
0.020097
0.057508
0.093183
0.127298
0.147812
0.180682
-0.308715
-0.256089
0.040248
-0.082912
-0.015543
-0.243477
-0.134204
0.228659
-0.185743
0.167117
0.252299
-0.013338
0.130918
-0.086977
-0.014021
-0.094767
0.020993
0.195809
-0.138262
-0.034839
0.245582
0.250195
0.048876
0.021015
0.022122
-0.485326
0.066621
0.020376
-0.002277
-0.011151
0.151035
0.029368
-0.023664
0.034820
0.028244
-0.018851
0.041669
-0.109767
-0.082166
0.112883
0.062788
0.126231
0.104447
-0.094444
0.032135
0.036365
0.032487
0.094565
0.166932
-0.228636
-0.129390
-0.254488
0.076849
-0.100236
-0.285577
-0.077823
-0.162118
-0.300541
0.174861
0.086108
0.162837
-0.064731
-0.044340
0.128873
0.149325
0.193829
0.229729
-0.087756
-0.204520
-0.052960
-0.161374
0.084319
0.027254
0.130063
0.172756
-0.074478
-0.307030
0.105384
0.043907
0.309183
0.240598
0.232834
0.062237
-0.028296
-0.085188
0.109682
-0.006858
0.179616
0.021453
0.330471
0.066453
-0.089399
0.124870
-0.291587
-0.092025
0.130944
0.234798
-0.049802
0.165441
0.111365
0.087855
0.205423
0.440359
-0.174582
-0.051011
0.163612
-0.181000
-0.127404
0.111001
-0.233303
0.115485
-0.074093
-0.131844
-0.114981
0.079187
0.193207
0.053637
0.478814
-0.021186
-0.015710
0.082871
0.007703
0.039505
0.164605
0.022255
0.060466
0.033758
-0.214691
0.073666
0.052985
0.019381
0.000982
0.192318
-0.189184
0.103245
0.174352
-0.217537
0.091677
0.009194
-0.217204
-0.085790
-0.060067
0.091443
0.141455
0.206924
0.037492
-0.127076
-0.130845
-0.187395
0.061705
-0.054430
-0.156183
-0.010794
0.120676
0.011874
-0.132678
-0.314943
-0.233911
0.091869
-0.467803
0.047467
-0.049029
-0.082207
0.159563
-0.107225
0.077575
0.094240
0.051059
0.088774
0.293665
-0.062865
-0.121620
-0.119939
-0.040168
-0.145716
-0.009359
0.189147
-0.080914
-0.061865
0.192113
-0.281736
-0.108037
-0.135761
0.075646
0.056052
-0.186946
-0.025142
0.051254
-0.050621
0.068698
-0.050973
-0.104276
-0.218438
0.041879
0.290773
0.358843
0.043481
-0.098836
0.141656
0.386103
0.001588
0.169366
0.021622
0.120385
0.052044
-0.097500
-0.158269
0.014189
0.077754
-0.173345
-0.116990
-0.056272
0.094731
0.332514
0.118074
-0.120207
0.066484
0.022407
0.171098
-0.009579
0.286614
-0.005780
-0.265179
0.183230
0.137444
-0.263921
0.250569
-0.122900
0.219450
0.128762
0.142222
0.376364
0.380485
0.073575
-0.292376
-0.115290
0.109686
-0.412248
0.243668
-0.176053
0.197120
-0.173861
-0.013759
-0.121580
0.183326
0.127051
-0.325010
-0.302162
0.207699
-0.184589
-0.100303
0.002245
0.399964
0.035479
0.023380
0.065587
-0.139151
-0.180934
-0.009662
-0.102525
-0.247823
-0.045094
-0.155052
-0.125819
-0.076420
-0.241248
0.240366
-0.095093
0.266395
0.007859
0.209762
0.062377
0.129041
-0.157564
-0.110521
-0.263735
0.132060
-0.336979
0.174042
0.134493
-0.129468
-0.329209
-0.002257
0.210186
-0.102281
0.279031
-0.012377
-0.019215
0.176807
-0.322890
0.291833
-0.119360
-0.140556
-0.039354
-0.027879
0.288398
-0.131973
-0.003287
0.001504
0.107971
-0.375882
0.243245
0.026773
0.006372
-0.196853
-0.087926
-0.282692
0.703029
0.315225
0.031591
-0.102065
-0.151268
0.125345
-0.083145
-0.063480
-0.258591
-0.197822
0.228521
0.096066
-0.356202
0.028616
-0.005613
0.120927
-0.050084
0.146323
-0.311016
-0.180855
0.172113
0.058770
-0.106978
-0.084779
-0.041195
-0.077415
-0.000569
0.325325
-0.019685
0.074788
0.048117
0.135116
-0.235341
-0.055368
0.234140
-0.014964
-0.114949
0.136950
-0.147705
0.083362
0.206435
-0.181146
0.325980
-0.109847
-0.041244
0.164915
-0.038759
-0.193817
-0.064492
0.108335
0.052165
0.054392
0.203389
-0.246462
0.182627
-0.208196
0.107910
0.089907
-0.156289
0.168982
0.185628
0.269616
0.157458
-0.195602
-0.034613
0.061352
0.427956
0.152984
0.283593
-0.190973
0.078854
-0.105050
0.076367
-0.210800
-0.002334
-0.021278
-0.207215
0.022437
-0.096823
-0.128156
-0.176737
0.097184
0.005608
0.113376
-0.084399
-0.146558
-0.128953
0.016134
-0.036106
-0.256364
-0.103189
-0.349779
-0.117814
-0.014539
0.202990
-0.073261
-0.428976
0.183720
0.218703
-0.112606
-0.251428
0.190997
-0.395162
-0.152640
-0.053021
-0.182336
-0.095370
0.254531
0.066874
-0.074429
-0.213120
-0.196782
0.063231
0.326698
-0.037033
0.134627
-0.267519
0.119873
0.090404
-0.218380
0.055415
-0.057443
-0.227028
0.042733
-0.151107
-0.084821
0.013192
0.112119
-0.235937
-0.042302
0.065122
0.115197
0.210334
-0.046845
0.194471
0.240343
-0.450018
-0.179539
-0.218096
-0.011389
0.118153
-0.121113
0.055922
0.158884
0.082667
0.137888
-0.092135
0.077587
0.007921
0.062275
-0.041375
-0.253141
-0.313629
0.299939
-0.037864
0.106828
-0.294300
0.204837
-0.091784
0.045998
-0.190319
0.015151
-0.018686
-0.026378
-0.094031
0.057302
-0.046332
-0.065256
0.329278
0.066926
-0.306173
0.049297
0.083556
0.104416
-0.108925
-0.206338
0.133630
0.025365
0.018071
-0.150156
0.150210
-0.250332
0.242219
0.019199
0.125338
-0.078233
0.139271
-0.031738
0.158816
-0.114825
0.272048
0.081657
-0.170209
-0.134119
-0.065859
0.053235
0.140105
0.038261
-0.083942
-0.056617
0.270842
0.034850
-0.024222
-0.120619
0.044563
0.134471
-0.210772
-0.065485
-0.283108
0.119788
-0.406001
-0.014918
-0.229004
-0.112278
-0.273686
0.125996
0.119864
0.061388
0.005455
-0.390790
-0.290229
-0.148455
-0.079695
-0.318871
0.059772
0.062153
0.078848
-0.050774
-0.259487
-0.110638
0.075869
-0.024562
0.183772
0.053902
0.105268
-0.020753
-0.166426
0.109379
0.150883
0.274153
-0.085662
-0.058010
-0.031842
-0.053864
-0.102035
-0.150042
0.424347
0.247092
0.122238
0.016404
0.116531
0.062777
0.195401
0.053335
0.094279
0.103801
0.284190
0.267291
0.147939
-0.078246
-0.184796
0.089597
0.218446
0.000225
0.468734
-0.337038
-0.228157
-0.392402
0.179854
-0.015840
-0.233236
-0.151095
0.080417
0.169398
0.025328
-0.292336
-0.056042
0.337404
0.063204
0.210588
0.231012
-0.235159
-0.094288
-0.240007
-0.111520
-0.400943
0.093079
-0.007492
-0.179189
-0.027452
0.166299
-0.075203
0.245344
-0.292167
0.166427
0.168149
0.109635
-0.022427
-0.142624
0.292461
0.158478
0.031596
0.003875
-0.216030
-0.071667
0.008451
-0.333266
0.224383
-0.013332
-0.062234
-0.035812
0.038648
-0.031253
0.120488
-0.108028
-0.189010
0.064475
0.076898
-0.086569
0.074526
-0.206524
0.093347
-0.012879
0.036959
-0.233789
0.258348
-0.284407
-0.191778
0.098175
0.170494
0.061104
0.099118
-0.266996
-0.236949
-0.145974
0.037108
-0.110916
-0.248899
0.021351
-0.194511
0.072439
0.478202
-0.242678
0.099360
0.115478
-0.141248
0.002652
-0.490827
0.335139
-0.003594
-0.036583
-0.117150
0.016265
0.163668
0.140406
0.033200
0.109951
-0.185214
0.224009
-0.316498
-0.325184
0.088716
0.026391
0.056007
0.091466
-0.019135
-0.266744
-0.013797
0.032205
-0.067934
0.072704
-0.049527
-0.151705
-0.001343
-0.114347
0.145004
-0.025393
-0.300763
0.070214
-0.063166
0.011377
0.029538
0.185939
0.133373
-0.092833
0.125701
0.313145
0.011255
-0.091299
-0.258272
0.142683
-0.039407
-0.028103
0.047222
0.255235
-0.146258
0.024406
-0.157440
-0.022686
0.163224
0.067288
0.133628
-0.214461
-0.010207
0.072091
0.045605
0.043091
-0.080555
0.150326
0.221094
0.199645
0.027440
-0.104791
-0.304265
-0.119018
0.008127
-0.432640
0.115137
-0.004163
0.031745
0.123834
-0.234668
0.035317
0.064808
-0.043101
0.284692
-0.192239
0.128521
0.150523
-0.096712
-0.078635
-0.044513
-0.068344
0.093908
-0.195863
-0.160636
-0.124288
0.153109
-0.141502
0.216304
-0.164874
0.116238
-0.080163
0.218178
-0.133988
0.009385
0.079569
0.497635
0.122765
-0.025030
0.225369
0.035923
-0.017153
-0.039370
0.068388
0.125261
-0.148266
0.096422
-0.374425
-0.078074
0.168984
-0.358639
0.008798
0.067163
0.117661
-0.130359
-0.017397
0.032349
0.017976
-0.103039
-0.186922
-0.151128
0.195344
0.278038
-0.004810
0.110005
0.358598
0.111877
-0.204904
0.033390
0.199866
0.072738
-0.179656
0.012596
-0.006267
-0.037482
-0.372089
-0.283220
0.103502
-0.211399
-0.244861
-0.142610
-0.135875
-0.156118
-0.096057
-0.095129
-0.217536
-0.136538
-0.410566
0.149901
0.005934
0.056725
-0.073784
0.033503
-0.257028
0.078530
-0.224947
0.100756
-0.078261
0.218660
-0.063350
0.228377
0.053625
-0.074234
-0.276306
0.089941
-0.334571
0.320024
0.084114
-0.080174
-0.399960
0.048265
0.028247
-0.053718
-0.033096
0.155576
-0.017111
0.262106
0.154105
-0.024711
-0.001119
0.071266
0.026920
0.373814
0.117517
-0.089796
-0.358644
-0.035166
-0.132933
0.113233
-0.115889
0.049919
-0.028154
-0.054796
-0.071989
-0.116484
0.027520
0.199137
0.382697
-0.043101
0.092565
-0.174405
0.071375
-0.042084
-0.231969
0.117644
-0.003906
-0.089173
0.154969
-0.266888
0.245820
0.018605
0.224281
0.036952
0.367960
-0.110529
-0.102984
0.140384
0.289151
-0.037627
-0.192971
0.001710
0.062835
0.167217
-0.232393
0.244392
0.008450
0.169302
-0.130897
-0.050953
-0.285570
-0.224052
-0.270571
-0.138670
0.097330
-0.438559
-0.025773
0.286219
-0.025786
0.269046
0.156218
-0.271093
0.419290
0.140404
0.108272
0.075519
-0.078052
0.217622
0.007121
0.194228
0.222178
-0.000734
-0.066998
0.164846
0.172495
-0.068260
0.224764
0.187044
0.015823
-0.420959
0.077210
0.083246
0.202433
-0.260382
-0.247268
0.034402
-0.022881
-0.048866
-0.183777
0.067074
-0.223111
-0.021916
-0.309099
-0.022682
-0.178348
-0.182940
0.298484
0.093773
-0.266305
-0.101017
-0.304753
-0.118510
0.039823
-0.101867
-0.135919
-0.055580
-0.073663
-0.035457
-0.096695
-0.082076
-0.051864
0.122403
-0.145193
-0.260753
-0.092490
-0.030450
0.343825
0.178209
0.028734
-0.362921
0.136307
0.074823
-0.135803
-0.206428
0.060807
-0.090202
0.317861
-0.056202
-0.044318
0.196663
0.205218
0.290354
0.004094
0.017329
0.240293
0.034888
0.157945
0.010536
0.215069
-0.330775
-0.006954
0.053745
0.205516
-0.088506
0.156832
0.064548
0.074575
-0.116446
-0.015458
-0.197757
-0.227240
-0.145235
-0.153964
-0.098615
0.102655
0.111157
-0.401629
0.093500
-0.057304
-0.097555
-0.205876
-0.115717
0.142503
0.233966
-0.141821
0.136846
-0.035083
0.096634
0.097615
0.057078
-0.103613
0.011196
0.250262
0.246710
-0.061429
-0.333923
0.074265
0.056763
0.193902
0.122520
0.171441
0.097463
-0.236118
-0.357612
-0.143055
0.118535
0.075324
0.003132
0.146700
-0.015512
0.042391
0.148965
-0.017738
0.018179
-0.223029
-0.317921
-0.134106
-0.062104
-0.066204
0.134037
0.106861
0.111574
-0.002012
-0.083011
0.011169
0.320503
0.235823
-0.239458
0.003512
-0.200247
0.058791
-0.385500
-0.361575
0.011713
0.066700
0.197113
0.111515
0.101919
-0.111986
-0.098985
-0.011881
0.108853
-0.111380
-0.041711
0.013550
0.102685
-0.020437
0.129786
-0.056878
-0.214094
0.139948
0.099865
-0.000366
0.205122
0.049920
-0.389502
-0.321933
0.065648
-0.157146
-0.058490
0.030385
0.067381
0.014297
-0.024536
-0.257097
0.020514
-0.052116
0.146868
-0.191779
0.025475
-0.226285
0.278015
0.358457
-0.144416
0.120251
-0.149618
0.121812
-0.103781
-0.017003
-0.157855
-0.083402
-0.011958
-0.085156
-0.294570
0.044417
-0.094918
-0.344992
0.101839
0.134799
-0.430286
0.035018
0.007396
-0.146803
-0.152541
0.161885
0.105501
0.278821
0.029564
0.155642
0.280036
-0.011792
-0.078427
0.264720
-0.111923
-0.079085
-0.036947
0.044778
0.006217
0.044613
0.106885
-0.007200
0.005080
-0.105732
-0.304704
-0.175525
-0.130485
0.197744
-0.135171
-0.009446
0.045888
0.078731
-0.082181
0.043201
-0.248909
-0.372206
0.076435
-0.088958
0.555599
-0.177716
0.109969
-0.023530
-0.207293
0.048211
0.119812
-0.150928
0.001263
-0.083091
0.054725
0.266595
0.092591
0.203016
0.270956
-0.255131
-0.019767
0.141698
0.122638
0.103824
0.019330
0.306215
0.224033
0.254800
0.125640
0.148873
-0.316799
-0.001436
0.047634
-0.168442
-0.115009
0.296011
0.092728
0.131687
-0.118315
0.170788
0.021433
0.211826
0.066519
0.108588
-0.004703
0.353515
0.205253
-0.014134
0.165892
-0.254567
0.201405
0.109558
0.092505
-0.197412
-0.078066
-0.060129
0.087315
-0.086917
0.136228
0.120450
0.003151
-0.085125
-0.165696
0.358970
0.205322
0.335844
0.145380
0.141313
-0.028384
-0.049860
0.150398
-0.207540
-0.097769
-0.163650
-0.194091
0.001931
-0.388561
0.073056
-0.014678
-0.056663
-0.026182
-0.169106
-0.115249
-0.226054
-0.014662
-0.006448
-0.073466
-0.156955
0.052484
-0.191616
0.312491
-0.243007
0.136238
-0.110124
0.029450
0.336333
0.249823
0.051772
0.018122
0.002556
0.055643
0.142749
-0.035056
-0.199568
-0.326355
-0.029325
-0.034617
-0.005344
-0.206202
0.271518
0.024269
0.120239
0.298929
-0.088207
0.084329
0.099539
-0.054407
0.196117
-0.019987
0.181975
-0.021087
0.034803
-0.055430
0.120848
0.053820
-0.027041
-0.077619
0.033791
-0.149881
0.140546
0.292821
0.011462
-0.255134
0.133502
0.284488
-0.053478
-0.021908
-0.406217
0.142760
0.093728
-0.077352
0.190646
-0.030852
-0.007429
-0.114155
-0.285859
0.098634
-0.032921
0.285889
-0.323715
0.151737
-0.153237
0.156831
-0.184159
-0.013262
-0.050700
-0.023498
0.058440
0.150943
-0.134925
-0.356168
0.018699
-0.373509
-0.279914
0.078042
0.189987
0.125954
-0.006525
0.159470
0.057256
0.066832
0.086849
0.012916
-0.035612
0.027905
0.150313
-0.007518
0.205811
-0.071480
-0.026097
-0.131413
-0.087753
-0.035990
0.453017
-0.038642
0.113466
-0.055163
0.025653
0.357713
0.162562
0.183033
-0.092126
-0.273692
-0.142044
0.081512
0.081359
0.116810
-0.075481
-0.222331
0.131360
0.009807
-0.018839
-0.082230
-0.108627
-0.107881
-0.168868
-0.433425
-0.075247
-0.301602
0.351358
-0.023340
0.372665
-0.043478
-0.194314
0.079957
0.224093
0.037942
0.078989
-0.195153
-0.048891
-0.168565
0.165180
-0.045636
0.101629
0.038446
0.216550
-0.201894
-0.023684
-0.128777
0.077736
-0.260166
-0.077512
-0.087138
0.265725
-0.204112
-0.154867
0.243770
0.055214
-0.111993
0.245686
-0.027231
-0.109267
-0.190620
0.100034
0.027637
-0.043179
0.168070
0.064083
-0.013459
-0.301298
-0.058115
0.185443
-0.003929
0.031699
-0.288421
-0.217994
-0.298562
-0.120062
-0.127434
0.058048
-0.086651
-0.038777
0.166039
-0.217779
-0.006862
-0.061828
0.051560
-0.124236
0.050050
-0.118977
-0.120871
0.140278
-0.243054
0.095327
-0.089976
-0.023297
0.056606
-0.244450
0.075641
0.047746
0.044346
-0.061118
-0.029581
-0.023894
-0.004413
0.017563
-0.019063
0.167145
0.052104
0.065334
-0.316665
0.230111
0.022246
-0.128290
-0.016135
0.124175
-0.044556
-0.124139
0.084187
0.364185
0.021263
0.086875
0.126887
-0.004134
0.289940
0.034934
-0.040081
-0.034504
-0.143403
0.020765
-0.066734
-0.124691
0.016193
0.025058
-0.155364
0.150927
-0.153709
-0.003067
0.133153
0.141482
0.004755
0.153913
-0.097339
-0.226714
0.150087
0.112556
-0.102661
-0.181977
0.184749
-0.075453
0.094217
0.131611
0.010504
-0.034932
-0.200271
-0.211664
0.227382
-0.124590
0.143646
-0.071771
0.098538
-0.002013
-0.102298
-0.217306
0.249323
-0.146114
-0.209040
0.258070
-0.076021
-0.026894
-0.172029
0.153668
0.063774
-0.194868
0.061320
0.083457
-0.265860
0.113175
-0.202798
-0.201098
-0.030622
-0.049322
-0.083651
-0.196062
0.249495
0.340304
0.193855
0.119996
0.254122
0.107515
0.091554
-0.125906
0.395512
-0.005773
-0.059162
-0.294745
-0.102688
0.110439
0.222248
-0.270140
0.163519
0.002801
0.011978
-0.000555
-0.035202
-0.067249
0.107871
-0.178996
0.231579
-0.291569
-0.263339
-0.173009
0.077123
-0.113081
0.072094
0.204018
-0.275824
-0.048087
-0.159099
0.267505
-0.147464
0.303153
-0.123402
0.331420
-0.464687
-0.111043
-0.042089
0.025785
-0.054975
-0.278626
0.071996
-0.240613
0.039023
-0.067832
-0.155283
0.085863
0.261407
0.156339
0.001612
0.037123
0.104244
-0.330836
0.050892
-0.105952
-0.225677
0.041344
-0.103107
0.031162
0.056150
0.172912
0.056911
-0.516985
-0.164275
0.160937
0.011996
-0.068141
0.094903
0.084568
0.120475
-0.116095
0.174123
-0.190627
-0.087477
-0.370076
0.129538
0.194466
0.095880
0.002673
-0.101803
0.091847
0.069804
0.400279
0.158267
0.002503
0.054441
-0.052065
-0.191363
0.235884
-0.074540
0.086333
-0.118296
-0.078934
-0.252335
-0.172743
0.038867
0.040276
-0.209216
0.004334
0.280677
0.191513
0.046586
-0.158342
0.205879
0.010631
-0.051656
-0.036667
0.470434
0.278148
0.138061
0.097725
-0.288648
0.291978
-0.163844
0.006299
-0.115857
0.102031
0.178541
0.206402
-0.123443
-0.074750
0.264664
-0.258279
-0.115170
0.220613
0.016138
0.108199
0.109421
0.288040
-0.060421
-0.312962
0.170128
-0.004239
0.038979
0.182423
0.483372
0.141966
-0.081003
0.123768
0.355251
0.115472
-0.176238
0.364886
-0.023814
0.096309
0.047412
-0.006891
0.140691
-0.103435
0.072843
-0.076274
-0.148610
-0.181396
0.450822
0.247037
0.212771
-0.331636
0.137855
0.225805
-0.169898
-0.090086
0.234919
0.021418
-0.016806
-0.146609
0.352823
0.134431
0.053418
0.003788
0.000369
-0.156898
0.150743
-0.132069
-0.008752
0.173912
0.055563
0.042871
-0.074857
-0.017528
-0.031485
-0.112182
-0.029322
0.251642
0.167534
0.142662
-0.002073
0.028272
-0.075812
-0.098100
-0.056250
-0.254310
0.027216
-0.165096
0.348018
-0.067126
-0.017676
-0.037031
0.332781
-0.122174
-0.180575
-0.165578
0.208278
-0.056688
0.182725
0.190942
-0.232894
0.006179
-0.134991
0.202389
-0.004846
-0.027524
0.043673
0.081619
-0.112451
0.259833
0.207266
0.138495
-0.082911
0.181794
-0.161272
0.015230
-0.187779
-0.215240
0.159882
-0.337335
0.094641
-0.091810
-0.018608
-0.199130
0.316509
0.058753
0.111532
-0.257194
-0.043926
-0.125051
-0.085504
0.184878
-0.137382
0.267929
0.079013
-0.014731
-0.103750
-0.185339
-0.178805
-0.144561
-0.177269
0.161474
0.230126
-0.102815
-0.108299
-0.075242
0.168454
0.117438
0.102009
-0.060165
0.000751
0.084865
0.038175
0.190025
-0.187277
-0.109610
0.223178
-0.101788
0.286162
-0.132733
0.022194
-0.058085
-0.133272
-0.181595
0.226283
0.102748
0.046220
0.197906
0.027022
0.036271
0.032750
0.098078
0.051373
0.052433
-0.019222
-0.073657
0.261322
0.044062
-0.185660
-0.091493
0.203234
-0.236638
0.055691
0.060676
-0.215020
-0.197340
0.143157
0.049048
0.016222
-0.088797
-0.104828
0.003719
-0.210819
-0.197601
0.132222
-0.109676
-0.312202
0.148059
-0.166750
-0.025460
-0.154376
0.236750
0.058374
-0.115976
0.013809
-0.258118
0.161554
0.167502
-0.200250
-0.340416
0.022144
0.083033
-0.440701
-0.123088
0.093341
0.068107
-0.093570
0.039916
-0.007868
0.091958
0.454035
-0.108438
-0.203198
-0.228851
-0.099000
0.180980
-0.076432
0.108781
0.034019
-0.081885
-0.088477
-0.106239
0.006573
0.108275
0.086570
-0.075876
-0.240059
-0.140514
0.071153
-0.177378
0.180553
-0.019537
0.203898
-0.022732
-0.117710
-0.196706
-0.202450
0.075432
-0.425825
0.209767
-0.224290
0.098651
0.233895
-0.012868
-0.266202
0.224569
0.076604
-0.236934
0.269657
0.204913
0.126959
-0.076932
0.011307
0.025867
-0.062588
-0.088676
0.283298
-0.066266
0.185025
0.080584
0.146952
-0.104612
0.107781
-0.186747
-0.010910
-0.050164
-0.267266
0.167532
-0.015859
0.000065
0.026491
0.214792
-0.090711
0.211924
-0.191011
-0.016427
-0.092550
0.048533
0.253940
-0.057349
-0.165918
0.321724
-0.017688
0.135372
-0.036780
0.215982
0.107905
-0.341023
0.108576
-0.065941
0.079301
-0.115128
-0.095640
0.197130
-0.203216
0.091826
0.202678
-0.272991
-0.061231
0.164962
-0.086949
0.050938
-0.302500
-0.125386
0.133955
0.065067
0.022091
0.092868
-0.123848
-0.075320
0.148786
0.344689
0.213594
-0.201524
-0.149838
0.316991
0.120927
-0.022462
-0.050030
-0.101095
-0.060329
-0.294541
0.049942
-0.028325
0.026483
-0.202375
-0.062966
0.106836
0.118835
-0.142782
0.157669
0.117458
-0.031669
0.172061
-0.084530
-0.175423
0.051002
-0.272927
-0.092677
-0.247491
-0.169662
0.087253
-0.039227
0.066553
-0.150782
0.216322
-0.049577
0.183227
-0.050068
-0.253334
-0.143941
0.106012
0.253270
0.139680
-0.125947
-0.152574
-0.111814
0.077697
-0.312526
-0.263254
-0.102263
0.014044
0.130943
-0.069923
-0.389580
0.016091
-0.002444
-0.044455
0.175791
0.300329
0.114545
0.100324
0.126540
-0.215188
-0.049677
0.132771
-0.176959
-0.067647
-0.057373
0.370938
0.338870
0.080769
0.010792
0.121710
-0.271003
-0.201331
0.096292
-0.267286
0.305454
-0.049913
0.138145
-0.035620
-0.061888
-0.066121
-0.133280
-0.164634
0.160383
-0.302079
0.208842
-0.102659
0.440529
0.049338
0.221035
-0.039229
-0.317293
0.022678
0.101085
-0.354083
-0.159023
0.062155
0.218798
-0.127635
-0.252331
-0.152075
0.388661
-0.389113
-0.119136
0.037462
0.206888
0.228976
-0.064985
-0.059709
0.192704
0.016481
-0.202226
0.416172
-0.142351
0.037604
-0.135320
0.187790
0.253236
-0.096400
-0.039308
-0.191718
0.021581
0.042429
-0.037451
-0.225454
0.061927
-0.113763
-0.241355
-0.239710
0.079420
0.199086
-0.370710
0.086238
-0.219196
0.191449
0.146008
-0.057674
0.079331
-0.161406
0.167823
-0.032158
-0.181494
0.210421
-0.148345
0.171282
-0.027470
-0.060100
-0.013761
-0.082713
-0.272171
-0.072537
0.120976
0.197379
0.235033
-0.260419
0.057631
-0.104638
-0.006896
-0.117489
0.012923
-0.039315
-0.112102
-0.091223
-0.059260
-0.146400
0.150144
-0.082377
-0.060151
-0.059060
0.361222
0.021212
-0.067917
0.023026
-0.188414
0.147400
0.130644
0.284087
0.134313
0.180141
0.323477
0.043015
-0.024760
0.008824
-0.068464
0.044338
0.039011
-0.311939
0.298740
0.010333
-0.087224
-0.155184
-0.090701
-0.092862
0.176862
-0.126657
-0.175047
-0.060524
0.107182
-0.014413
-0.265038
0.316689
-0.061577
0.066584
-0.216213
-0.086955
0.058453
-0.069402
-0.022442
0.474016
-0.154885
0.141323
-0.097313
-0.394208
-0.111691
0.058780
0.002057
-0.037838
-0.067010
-0.084617
-0.321618
0.138040
-0.124037
0.061680
0.212315
0.042910
0.044169
-0.349202
0.160965
0.218204
-0.304630
0.005553
-0.163317
0.218356
0.083217
0.331709
0.029079
0.114257
0.013309
0.548816
0.026909
-0.172177
-0.272992
0.040911
0.111301
0.156072
-0.066801
-0.063610
-0.131825
0.058055
-0.110845
-0.111787
0.176016
-0.078668
-0.223881
-0.068366
0.122458
-0.020999
-0.086454
-0.017537
-0.057695
0.091305
-0.064083
-0.107391
-0.044429
-0.130740
0.042559
-0.075917
-0.108704
-0.025009
-0.064761
-0.006946
0.081196
-0.264607
-0.086251
-0.019787
0.111341
-0.064978
0.073812
-0.327431
-0.273299
0.050997
-0.073394
-0.217056
0.227909
0.146811
-0.238114
0.166203
0.009439
0.008083
0.181074
-0.024633
-0.038307
0.014571
0.208019
0.144386
-0.345668
0.179736
-0.038563
-0.123799
-0.115526
0.009536
0.047235
0.206426
0.015715
-0.099299
0.140918
-0.024903
0.072125
-0.227450
-0.128896
-0.370877
-0.038039
0.018224
-0.170560
-0.017563
0.082628
0.035317
0.077199
0.113775
-0.214505
0.114599
0.007414
0.229550
-0.214370
0.018559
-0.105267
-0.069471
-0.153920
0.239624
-0.044571
-0.005742
0.054673
-0.130067
0.499096
0.086032
0.326410
-0.418872
-0.235158
0.279605
0.318649
0.008834
-0.078426
0.063660
0.083572
-0.279388
-0.245772
-0.077269
-0.389595
0.016929
-0.153479
0.003496
0.125793
0.035147
0.080896
-0.279999
-0.377603
0.316301
0.113377
-0.083684
-0.196890
-0.188728
0.034052
-0.206190
0.161963
-0.098978
-0.095642
-0.293452
0.113995
0.417890
-0.163369
-0.079526
-0.303799
0.115756
-0.248715
-0.125223
-0.061042
0.060323
0.010636
0.162366
0.255072
-0.057509
0.110138
0.098576
-0.243253
0.040835
0.027802
0.116114
0.011010
0.003173
0.206407
-0.124354
0.000210
-0.340803
-0.262231
-0.102404
-0.065404
-0.021867
0.231153
0.000891
-0.290239
-0.257160
0.285000
-0.177084
-0.057081
0.032561
-0.039272
0.080876
-0.145311
0.157379
0.243284
-0.254706
-0.043750
-0.038898
-0.023551
0.157730
-0.088809
-0.058048
-0.188703
0.079328
-0.024483
0.011222
0.238747
0.228624
0.030140
0.096488
0.182711
0.286755
0.123217
0.171841
-0.135158
0.183944
-0.158706
-0.237365
-0.199833
0.042852
0.270646
-0.054733
-0.135472
0.145505
0.004901
0.324781
0.023837
0.128359
0.210220
0.096670
0.054110
0.097595
0.030122
0.164320
0.075109
-0.073840
-0.093288
-0.026363
-0.046852
0.075566
-0.098737
-0.182556
0.013852
0.113330
0.343718
0.009730
-0.094826
-0.031021
-0.306767
0.131259
0.132300
0.198156
0.015472
0.010285
0.171814
0.134687
-0.241717
-0.079260
0.119587
-0.219679
-0.025786
-0.105275
0.019420
0.000940
-0.414474
-0.104824
-0.044435
-0.066941
-0.051862
-0.363178
0.103674
0.058301
0.028433
0.149046
0.193963
-0.262057
-0.024338
0.125505
-0.152483
0.050949
-0.134591
0.117324
0.255185
-0.179728
-0.037611
-0.073547
0.093849
-0.140033
0.190059
0.002315
-0.062943
-0.112754
0.005767
0.134559
0.171117
0.172170
0.349492
-0.154676
-0.302466
-0.001695
0.170449
-0.110178
-0.118506
0.077311
-0.014208
0.220928
-0.001132
0.037164
-0.101205
-0.220561
-0.379822
0.002297
-0.132623
0.141610
0.290616
-0.013013
0.044179
-0.200619
0.277829
-0.152994
0.229425
-0.195991
0.355358
-0.175357
0.255310
0.027838
0.078546
-0.054032
0.103329
-0.061489
-0.274460
0.176352
0.058320
-0.018791
0.010192
-0.152640
-0.060199
0.004890
0.083887
-0.042501
-0.170224
-0.276630
-0.004781
-0.152233
0.005330
0.075552
-0.165702
-0.196391
0.070761
0.126484
-0.013312
0.060875
-0.187079
-0.090087
0.098334
0.140760
-0.333360
0.050108
-0.063029
-0.304949
0.462873
0.024146
-0.110391
0.252887
-0.079041
-0.074618
0.026470
-0.211757
0.188144
0.375824
0.005602
0.157310
0.069118
-0.050104
-0.132846
-0.407244
0.135447
0.114644
0.024983
-0.086393
-0.040403
0.165491
-0.187966
-0.090730
-0.257478
0.137775
0.046165
0.186344
0.051603
0.124024
0.117707
0.356561
0.022243
0.069590
-0.173229
-0.216823
-0.125907
-0.234392
-0.410912
-0.164772
0.126254
-0.188116
0.251731
-0.057414
0.040344
0.164990
0.149323
-0.037093
0.022084
0.070633
0.161410
-0.047151
0.112510
0.188665
-0.216829
-0.346443
0.056286
-0.043866
-0.125290
-0.006395
-0.053813
0.206143
0.070217
-0.023395
-0.216042
0.159537
0.135837
-0.247646
0.020365
-0.289323
0.057345
-0.119804
-0.174506
0.194788
-0.078084
-0.064026
0.035207
0.089562
0.150544
-0.210916
-0.065022
-0.297044
0.089475
-0.071654
0.142999
0.144603
0.126166
0.190539
0.026187
-0.111760
-0.049589
-0.275535
0.008405
0.196146
0.213259
-0.204896
0.041310
-0.027749
-0.036666
0.065884
-0.026737
0.258304
-0.224124
0.150974
0.308470
0.133767
0.018199
0.007230
0.021689
-0.118721
-0.046793
0.065528
-0.183271
-0.096144
0.105138
-0.339172
0.125054
0.438314
0.262797
0.352639
0.010753
0.203537
0.009981
0.054398
0.057398
-0.214489
0.137181
0.303962
-0.106315
0.410091
-0.060484
-0.151317
0.001416
-0.279332
-0.071825
-0.159445
-0.100978
-0.003221
-0.203798
0.031087
0.235323
0.054058
-0.076301
-0.116911
-0.001921
-0.013757
0.081071
-0.036947
0.044271
-0.027918
0.277312
0.251134
-0.207852
0.224257
0.027214
-0.163164
-0.037667
-0.040924
-0.180324
0.200179
-0.082094
0.099152
-0.022368
-0.148580
-0.036990
-0.109981
-0.068410
0.141665
0.072558
0.215969
-0.020244
-0.538548
-0.011613
-0.256174
0.074545
0.223131
0.028781
-0.057746
-0.360981
-0.166889
0.039675
0.163358
-0.503645
-0.067091
0.029872
0.062025
0.324969
-0.125420
-0.029372
0.096061
0.015991
-0.136324
-0.249627
-0.051106
-0.127334
0.390912
-0.217524
0.111746
-0.411861
-0.235387
0.137789
-0.174541
0.235332
-0.134432
0.299004
0.253063
0.194380
0.141443
-0.217209
-0.157303
-0.323026
0.045977
0.025132
-0.054445
-0.028490
-0.111108
-0.017360
0.341022
0.135311
-0.009818
0.075855
-0.123692
-0.142390
-0.047441
0.176040
0.043354
0.110501
0.195917
-0.108582
-0.040682
0.171620
-0.076205
0.100324
0.407919
-0.132283
-0.066921
0.123627
0.146972
-0.076769
0.201595
0.004399
0.321598
-0.189759
0.290397
0.038167
0.125357
0.178531
-0.156778
0.053825
0.080255
0.088120
0.128917
0.365236
-0.050365
-0.096389
0.290554
0.028405
-0.031389
-0.053206
0.046993
0.143497
-0.348598
0.130359
0.095821
-0.066862
-0.033613
0.012235
-0.006850
0.087738
0.162342
-0.177212
0.020963
-0.238522
0.001033
0.115810
-0.027555
-0.060657
0.416906
-0.123497
-0.021933
0.142420
0.123686
0.071004
0.064384
0.189917
-0.090328
-0.078573
-0.016723
0.106153
0.000438
-0.006466
0.043250
0.206355
0.284588
-0.003070
0.249297
0.134324
-0.220426
0.010106
-0.191977
0.433010
-0.247439
-0.043989
0.006317
0.160824
0.068078
0.024391
0.097728
-0.108367
0.099039
-0.254334
0.020783
-0.003072
0.052106
-0.020296
-0.248859
-0.112113
-0.304832
0.079787
0.495480
-0.006563
0.118176
0.090122
-0.183487
-0.218019
-0.008244
-0.185513
0.208251
0.098088
0.411196
-0.279818
0.231826
-0.016712
0.075565
-0.021317
0.041915
-0.057880
-0.324160
0.011556
0.214189
-0.184859
0.062901
-0.165193
0.001080
-0.207384
0.262116
-0.069352
0.079789
-0.115282
-0.075396
0.068686
0.268292
-0.150778
-0.099366
0.046060
0.031847
-0.009717
0.316832
-0.095353
0.049482
0.029494
-0.007790
0.028432
0.193164
0.160586
-0.002509
0.418943
0.078246
0.202635
0.066241
0.020312
-0.226690
0.154133
0.145992
0.146762
-0.047451
-0.261903
-0.244836
0.026693
-0.323427
0.139237
0.070237
0.278843
0.052900
-0.081325
0.186925
-0.068765
-0.043106
-0.038495
-0.039771
-0.004399
0.137272
0.130337
-0.131547
0.134273
0.248580
0.084409
0.050572
0.106313
-0.203853
0.316548
-0.119952
0.028789
-0.191980
0.120657
0.091218
0.171770
-0.209930
0.010371
0.106167
0.262431
-0.025114
-0.088725
-0.005281
0.160860
-0.394450
-0.096107
0.039763
-0.140273
-0.136959
-0.108655
0.042044
-0.156295
-0.039990
0.016058
-0.157886
0.009833
-0.079702
0.025697
-0.158453
0.006232
-0.153453
-0.013856
0.039962
-0.183093
0.124219
-0.185168
0.150533
-0.282091
-0.085901
0.192185
0.331718
-0.255366
0.058652
0.077717
0.184111
0.068625
0.139529
0.163248
0.319075
0.285656
0.088180
-0.102238
-0.238634
0.283319
0.076248
-0.140931
-0.010603
0.028746
0.059511
0.359736
-0.078667
0.085347
0.117102
0.227650
0.145586
-0.235829
-0.030893
-0.123037
0.087755
-0.019952
-0.051580
0.080039
0.188954
-0.026689
-0.013498
-0.194464
-0.354349
0.064745
0.371871
0.088365
-0.233633
-0.034693
0.157766
-0.088088
0.120767
0.050791
-0.250156
0.421056
-0.024543
0.004109
-0.216068
0.266267
0.002650
-0.056651
-0.027871
0.103623
0.082802
0.042317
-0.032008
0.132301
0.136061
0.015856
0.099144
-0.000657
0.083113
0.263987
-0.453618
-0.024117
-0.102244
-0.306239
-0.168927
0.013713
0.155742
0.050900
-0.010375
0.154325
-0.102422
-0.028561
-0.172157
0.057681
0.123165
0.051906
0.110631
0.067487
-0.161096
0.535437
0.238785
0.085440
0.147643
0.086113
0.223217
-0.001163
0.197975
0.029113
-0.019083
0.111233
-0.027955
-0.021485
-0.011654
0.161830
-0.016383
-0.121265
0.008059
-0.328817
0.393798
0.047518
-0.191809
-0.025519
-0.201416
0.009364
0.060317
0.489053
-0.154500
-0.230159
0.334505
0.287290
-0.060239
-0.164527
0.116644
-0.006828
0.100918
-0.001799
0.391233
-0.015993
0.350180
-0.019981
0.186318
-0.129039
0.086490
0.080640
-0.202660
-0.025957
0.214220
-0.026692
0.108178
-0.187127
-0.012772
0.124720
-0.028334
0.257983
-0.035645
-0.039656
0.072851
0.014544
0.154927
-0.144761
-0.030097
0.211619
-0.097381
0.072569
0.101414
-0.162481
0.039721
0.085302
-0.181020
0.249384
-0.386369
0.065679
0.060171
0.190651
-0.110765
0.194813
-0.063316
0.238115
-0.082068
0.163700
0.001626
0.038967
0.022326
-0.050583
-0.076549
-0.191378
0.139411
0.141666
-0.298437
0.228495
0.030829
-0.278411
0.023683
0.209435
0.050568
-0.205455
0.041912
0.106408
-0.119282
0.083819
-0.139031
-0.061240
0.202314
0.070493
-0.081254
0.023242
0.090998
-0.314106
0.109932
0.088610
-0.045956
0.146827
-0.236624
-0.157445
-0.049999
0.063337
0.018135
0.154991
-0.305478
-0.290736
0.261678
0.113178
-0.387835
-0.208593
-0.160831
-0.123170
-0.055508
-0.213005
-0.009389
-0.312690
-0.057745
-0.176045
0.049694
-0.053369
0.253815
-0.061010
-0.251603
-0.133932
-0.106298
0.134043
-0.221546
0.022833
-0.003640
0.190846
-0.033867
0.096945
-0.404096
0.031988
-0.121916
0.196396
-0.236942
0.081754
0.147752
-0.294754
-0.071435
-0.142125
0.030947
0.414676
0.370960
0.015735
-0.095202
-0.150761
-0.310257
-0.072155
0.299257
0.050946
0.089657
0.101576
-0.276109
0.272585
0.120277
-0.029891
0.154723
0.237554
0.032846
-0.078410
0.116643
-0.290884
-0.094780
-0.145733
-0.050192
0.041013
-0.343836
0.034475
0.404276
0.075528
0.196238
0.168323
-0.122972
-0.213918
0.070794
-0.123351
0.076619
-0.208621
-0.548218
0.024673
-0.027787
-0.054200
-0.266894
-0.118928
0.143086
0.038977
0.137736
0.204721
0.137744
0.066092
0.187602
0.207635
-0.048472
-0.052052
-0.117344
0.017663
0.201631
0.341960
-0.128695
-0.012007
-0.082084
-0.344358
0.204054
0.022305
-0.073509
0.070665
0.142913
-0.118423
-0.047767
-0.345929
-0.161218
0.124212
0.403095
0.117817
-0.066025
-0.205926
-0.123298
0.067625
0.186542
0.161897
0.252327
0.095686
0.349954
-0.071934
0.084630
0.335922
0.053473
-0.059989
0.091826
-0.004538
-0.077923
0.050431
-0.279267
0.164631
0.027926
0.126906
-0.016636
0.145730
-0.019712
0.360042
-0.125621
0.271550
0.007458
-0.396416
0.177050
-0.202582
-0.260274
-0.309280
0.063740
-0.016321
0.028502
0.024970
0.323876
0.294898
0.002948
-0.018235
-0.078952
-0.074474
-0.303871
-0.029391
0.068672
0.229538
-0.073766
-0.310084
0.038049
-0.347005
-0.243826
0.063051
-0.008255
0.407060
0.110904
0.183689
-0.166772
-0.181853
-0.322076
0.015072
-0.345852
-0.230550
0.037355
-0.363994
-0.098349
0.134496
-0.098538
-0.099294
-0.160757
-0.214591
0.091901
0.063347
0.117806
0.345043
0.032683
-0.324337
0.001715
-0.156183
-0.157781
-0.071082
0.091251
0.082274
0.063049
0.198422
0.094393
0.135212
-0.086962
0.043726
0.012353
0.134442
0.102567
0.036937
0.023144
0.035029
0.048850
-0.122136
0.016117
0.341100
0.005282
0.191970
0.023245
-0.054532
0.097255
0.000350
-0.052332
0.088515
-0.097201
-0.061842
0.195244
0.022424
0.011405
0.217323
0.152766
0.188664
-0.031090
0.037121
-0.278620
-0.046626
-0.154947
0.107459
0.123973
-0.050654
-0.024450
0.334888
-0.141448
-0.011386
-0.257819
0.041581
0.102197
0.319371
-0.051626
-0.124470
0.245409
0.163720
-0.098795
-0.056048
0.121977
-0.091478
0.204216
0.043885
-0.221163
0.226357
0.039493
-0.281448
0.111678
0.000351
0.040875
-0.020455
0.098829
-0.290398
-0.242052
0.035529
-0.080599
0.260485
-0.109983
0.053957
-0.058988
0.326822
-0.152973
0.088446
-0.298197
-0.174232
0.260838
0.081657
0.133292
0.171105
0.037755
0.073648
-0.176751
0.104509
-0.008245
0.140601
-0.368215
-0.024746
0.026987
0.317104
-0.276019
0.088728
0.160100
-0.178575
0.014378
0.027751
-0.010502
-0.123116
-0.049668
-0.308211
-0.005359
0.026670
0.211056
0.208218
0.132060
0.245912
-0.055780
-0.080262
-0.129147
0.270580
0.086817
-0.314845
0.081812
0.041603
0.159947
-0.094156
0.077006
-0.157993
0.066631
0.168174
-0.032772
-0.457126
-0.033013
0.031908
0.037766
-0.243025
0.243136
0.101073
0.077835
0.179969
-0.107321
-0.033943
-0.262780
0.092984
0.223721
-0.072635
0.023205
0.151845
-0.066186
0.030666
0.197836
-0.071769
0.052377
0.204397
-0.133274
-0.142575
0.100922
-0.059349
0.043699
0.057594
-0.012548
-0.026393
0.034943
0.154773
0.099140
0.008578
0.107057
0.014419
0.067812
-0.079403
0.237485
0.053837
-0.102866
-0.011719
-0.169461
-0.249832
-0.296742
-0.109845
0.050695
0.182174
0.081471
0.290056
0.410546
-0.197982
0.206280
-0.277046
-0.283489
-0.118674
-0.116377
-0.111693
0.056377
-0.225007
0.056331
0.106661
-0.161607
0.180096
0.097522
-0.041882
0.021124
-0.055517
0.373621
0.208849
0.411305
-0.124372
0.060919
0.194400
0.167582
-0.199750
0.078541
0.078272
-0.438816
0.064606
0.060506
-0.034919
-0.046045
-0.068713
0.035586
0.169191
0.008125
0.041603
0.040975
-0.017947
-0.287448
-0.184016
0.455973
0.155303
-0.153575
0.042317
-0.078413
-0.258618
-0.171348
0.026801
-0.194005
0.032278
0.012568
-0.177192
0.191915
-0.095130
0.190079
0.142347
0.048382
0.062071
0.133291
0.022066
-0.270425
0.000762
-0.052881
0.068682
0.088816
-0.270800
-0.157737
-0.542795
-0.239118
0.123487
-0.121146
0.170988
0.000947
0.036361
-0.252915
0.092449
0.085564
0.092877
0.000218
0.120852
-0.120335
-0.108657
-0.297343
-0.202283
0.062970
-0.271160
0.062890
0.008208
0.011921
0.175737
-0.209543
-0.058116
0.117792
0.132309
0.188992
0.163927
-0.188211
-0.018919
0.341439
-0.195195
-0.105007
-0.079449
0.011765
-0.033943
0.270027
-0.100703
-0.020928
-0.073522
0.149644
0.131252
-0.045713
0.286983
0.082746
-0.011203
-0.009571
-0.122547
-0.035950
-0.235887
-0.098375
0.040929
0.187013
0.056713
-0.098230
0.178542
0.296179
-0.116107
0.154378
-0.244920
-0.306492
0.122027
-0.040220
-0.249445
-0.258414
-0.098722
0.050688
0.225920
-0.027377
-0.166238
0.025307
0.067664
0.040344
0.001610
0.075624
0.401902
-0.114836
0.131245
0.039996
-0.161600
-0.065134
0.186601
0.276940
0.041668
0.011602
0.306861
0.060351
0.129035
-0.052564
-0.022341
-0.087151
0.088759
0.187177
-0.105623
0.224119
-0.075213
-0.101045
-0.184635
-0.079942
0.078202
0.154492
-0.053027
0.173425
0.021151
-0.028981
0.177694
-0.005571
0.227509
-0.078460
-0.030862
0.111166
0.134227
-0.008976
0.175406
-0.352559
0.079132
-0.018332
-0.329577
0.037403
0.158110
-0.172354
-0.026164
0.032615
0.010436
0.200718
0.120667
-0.095545
-0.368246
0.206161
0.026398
0.155303
0.040857
-0.115152
0.324058
0.202628
0.130084
-0.214169
-0.103192
-0.022048
-0.055406
-0.193576
-0.178314
0.102057
0.269325
-0.150847
0.119532
-0.053798
-0.218458
0.125591
-0.114749
0.186478
-0.433771
-0.099968
0.375176
-0.015537
0.073864
0.177223
-0.064260
-0.007041
-0.077525
0.138506
0.350750
-0.049622
0.212469
0.024755
-0.136516
-0.340173
-0.183944
-0.326017
-0.159719
0.072009
0.087039
0.025175
0.011509
0.009454
-0.126606
-0.234483
-0.034067
0.017615
0.283013
0.060277
-0.506479
0.116607
-0.092496
0.103200
0.026620
0.119196
-0.046144
-0.527937
0.048362
-0.190521
0.091042
0.048730
0.079963
-0.010979
-0.095122
-0.200449
0.124482
0.193816
0.041303
-0.098703
-0.058924
-0.055688
0.258546
0.034810
0.069751
-0.032443
-0.105257
0.117181
-0.076978
-0.085955
0.032615
0.056000
-0.189505
0.334873
-0.042784
-0.107590
0.237743
-0.033581
0.183502
0.163379
-0.130705
0.084283
0.191191
-0.115862
-0.009605
0.114602
-0.203932
-0.222332
0.237412
0.208774
-0.337610
-0.074722
0.058055
-0.196717
-0.173928
0.054407
-0.262102
-0.197620
-0.303302
0.065490
-0.138020
0.205925
0.045329
-0.158036
0.197622
0.063447
0.070020
-0.046843
-0.154138
0.171239
-0.196780
-0.147464
-0.125082
-0.097938
-0.110354
-0.282143
-0.008502
-0.086553
-0.140225
0.359561
0.093223
0.123044
-0.019267
0.153621
0.104783
0.059106
-0.114704
0.199738
0.125069
0.052011
0.210984
0.060947
0.235628
-0.163172
-0.018397
-0.270834
0.019702
-0.136523
0.206353
-0.106541
-0.147128
0.052653
0.009898
0.194946
0.042436
0.086211
-0.035175
-0.233716
0.145667
-0.207176
-0.180336
0.064356
0.274122
0.011224
-0.035254
-0.086443
-0.280813
-0.241310
0.073110
-0.227721
0.289087
0.121056
0.071757
0.488230
-0.182409
0.320365
-0.180345
0.161106
0.120002
0.055531
-0.099963
0.218061
-0.276766
0.062756
-0.105943
-0.366873
-0.030056
0.055464
-0.141864
0.200253
0.176535
-0.128713
0.067146
-0.242962
-0.013721
-0.064995
-0.091142
0.126174
0.333899
0.056760
0.009617
-0.031608
0.115806
-0.117646
0.102329
0.408423
0.104826
-0.166386
0.148344
0.225333
-0.054057
0.098486
-0.078742
0.187464
0.118044
0.015366
-0.180836
0.108763
0.095853
0.005136
0.070583
0.066388
0.147582
0.009037
0.008745
0.095769
0.010034
0.109240
-0.279357
0.040546
0.113444
-0.093922
-0.070091
0.165346
0.115650
-0.006088
0.146974
0.076901
0.216047
-0.112385
0.301102
-0.025847
0.037028
-0.163540
-0.036630
0.089709
-0.348925
-0.083359
0.034969
-0.138942
0.100895
-0.155609
-0.041829
-0.071841
0.105688
0.060712
-0.136841
0.196033
0.140334
0.052364
-0.178061
0.015590
-0.275303
0.061412
0.116594
0.044904
-0.382342
-0.027474
0.471775
-0.136844
0.046760
0.227628
-0.132491
0.061940
-0.025252
0.340856
0.174421
-0.057931
0.167730
0.023848
-0.019655
-0.114849
0.017364
0.419640
0.004134
0.066811
0.243502
-0.036755
-0.097051
0.121473
-0.301446
0.019378
0.362183
0.088558
-0.195524
-0.163278
-0.052867
-0.087608
0.018838
-0.203821
-0.020011
-0.340086
-0.067417
0.039140
0.056794
0.070198
0.034711
0.042216
0.038968
-0.079203
-0.183379
-0.237115
-0.078773
-0.052412
-0.341989
-0.033716
0.093549
0.042686
-0.070627
0.113450
0.058150
-0.037369
0.225154
-0.128740
0.026223
0.023369
-0.068408
0.091995
0.247064
-0.018248
-0.178113
-0.193859
0.237925
-0.111346
-0.041481
-0.073123
0.118476
-0.201951
-0.092784
-0.000419
-0.037038
-0.217478
-0.132869
-0.231055
-0.182627
0.146902
-0.166146
-0.144395
0.130952
0.094599
-0.076992
0.231256
-0.245667
0.085340
-0.218350
-0.214825
0.071361
-0.158974
0.308399
0.077911
0.040030
0.019155
0.220298
-0.099028
0.059333
0.144305
-0.346447
0.066464
-0.277952
-0.193225
-0.039756
-0.059082
-0.226182
-0.103502
0.209808
0.000731
-0.112839
0.293065
0.271928
-0.111618
0.119636
0.134406
-0.121560
0.018082
-0.069086
-0.004801
0.026475
-0.010492
-0.133210
0.144670
0.000652
-0.042480
-0.139355
-0.172351
0.019390
-0.005308
-0.179435
-0.131060
-0.313087
0.186718
-0.213192
-0.031480
0.224450
0.004174
-0.044019
0.156131
-0.026241
-0.104302
-0.134531
-0.227640
0.145426
-0.142102
-0.049189
0.028902
-0.107294
-0.011786
-0.199743
-0.045564
-0.238558
-0.179828
-0.119240
-0.000265
-0.058155
-0.035152
0.057818
0.113635
0.048073
0.154559
-0.142206
-0.141222
-0.204630
0.089869
0.059225
0.145125
0.117770
-0.043369
0.136287
-0.160306
-0.007039
-0.128392
0.161464
-0.477999
0.125191
0.053554
-0.220524
-0.158863
0.005958
-0.054110
-0.190660
-0.050044
-0.102809
0.084370
-0.082490
-0.136722
0.063244
0.104460
-0.087623
-0.400487
0.088765
-0.090798
0.191129
0.153749
0.106112
-0.005370
-0.131016
-0.112442
-0.076405
-0.144277
0.490252
-0.175892
-0.243785
0.154334
-0.204448
-0.092339
-0.126747
-0.274321
-0.351388
0.095105
-0.332758
0.084295
-0.063911
-0.099028
-0.159016
0.167914
-0.017711
-0.162335
0.307847
0.040738
0.021286
-0.038634
0.040985
0.029967
0.252465
-0.189344
0.106743
-0.482317
-0.199517
-0.158377
0.056329
-0.100745
0.284806
0.129747
-0.174394
0.269210
0.117158
-0.230843
-0.149390
-0.184719
-0.130377
-0.333671
-0.071183
-0.103313
-0.233321
-0.172588
0.012336
-0.113625
-0.029145
-0.127682
0.018337
0.130132
-0.124237
0.092462
-0.197127
-0.017807
-0.110430
-0.053786
0.037060
-0.208647
-0.034423
-0.023782
-0.135519
0.319528
-0.008116
-0.307231
-0.344283
-0.268808
-0.177763
-0.212812
0.114291
-0.012488
-0.179428
-0.173590
-0.130905
-0.002815
-0.129877
0.246085
-0.150504
-0.365751
-0.028277
0.170385
-0.114989
-0.042549
-0.098127
-0.179493
0.063272
0.168374
-0.081883
0.042551
-0.098257
-0.019318
0.178053
0.054056
-0.116280
-0.137975
0.038020
0.166558
-0.388268
-0.085359
-0.230929
-0.125086
0.283622
0.238216
0.125384
-0.014950
0.267162
0.262275
0.154334
-0.219133
0.359096
-0.204914
0.225781
-0.099908
0.157225
0.102628
0.232127
0.199315
-0.260943
-0.084207
-0.015542
-0.062269
-0.101048
0.131171
-0.028875
-0.095500
-0.170108
-0.118500
-0.370496
-0.035578
0.091423
-0.148408
0.118248
-0.237743
0.014883
-0.037651
-0.108610
-0.126062
0.012745
-0.218080
-0.088167
0.031911
-0.029212
0.184582
-0.432070
-0.084042
0.149138
0.121051
0.207094
-0.313599
0.117225
-0.041554
-0.091524
0.076474
0.155988
-0.008739
0.100443
0.236302
-0.123745
-0.099600
0.123320
-0.465731
-0.334711
0.108540
-0.278077
-0.308042
-0.113342
0.131475
0.036745
0.176194
0.137167
-0.098792
0.164254
0.089325
-0.169407
0.030200
0.020899
-0.260555
0.148282
-0.047880
-0.057009
0.043263
0.038990
-0.245896
0.049153
-0.137492
-0.128594
0.022060
0.181652
-0.184402
0.255877
-0.079941
-0.004562
0.121730
-0.146508
0.432935
-0.065331
-0.188143
-0.154083
0.066008
0.221203
-0.300469
-0.068482
0.305110
-0.141284
-0.169081
-0.186385
0.057719
-0.189625
0.058432
0.130707
0.220096
0.002103
0.047249
0.083021
-0.001990
0.099350
0.296190
-0.098475
0.006404
0.121450
0.026118
0.116868
-0.148479
0.155983
-0.106272
0.269638
-0.113460
-0.016243
-0.087851
0.247338
-0.124794
-0.035117
-0.093963
0.037081
-0.163918
0.093984
0.010961
0.114753
0.045276
0.022178
-0.053167
-0.238375
-0.084375
-0.307059
0.107922
0.081016
-0.126297
0.073562
-0.210143
0.223347
0.142877
0.002878
0.196920
0.050971
0.116472
-0.134035
-0.141472
0.290724
-0.013450
-0.160572
-0.030060
-0.040993
-0.030951
0.192642
0.132249
-0.216809
-0.011882
0.181597
0.034449
-0.049640
0.159133
-0.270085
0.110331
-0.224533
-0.049439
-0.182632
-0.267196
-0.018185
-0.095355
0.042210
-0.077202
-0.038296
0.018160
-0.002748
-0.017591
0.035695
0.114341
0.312677
0.321495
0.175051
0.015883
-0.080706
-0.303176
0.116476
-0.269200
0.034309
0.115029
-0.023841
0.140186
-0.152225
0.264532
0.087881
0.160761
-0.207294
-0.086093
-0.307535
-0.055384
-0.115923
-0.194594
-0.134842
-0.124130
-0.118631
0.186568
0.184225
-0.304113
0.110962
0.048288
0.005993
0.093681
-0.081662
-0.042252
-0.329853
-0.197968
-0.221513
-0.055214
-0.081200
0.058787
0.136308
0.265694
0.039487
0.205290
0.027771
0.045017
-0.275915
0.002785
-0.149419
-0.134296
-0.090563
-0.093524
0.095999
0.094148
0.166539
-0.270545
-0.154509
-0.096419
0.172562
0.072908
-0.010705
-0.084991
-0.050683
-0.162118
-0.441807
-0.147687
-0.356544
-0.054034
-0.055603
-0.018749
-0.098548
0.084211
-0.102626
0.149963
0.073767
-0.134576
-0.046624
-0.208263
0.050554
0.018717
-0.069198
-0.152093
0.270620
-0.073194
-0.146793
0.026506
0.082161
-0.041630
-0.190889
0.109074
-0.181090
0.114332
-0.147841
-0.017957
-0.092938
0.138344
0.121638
-0.259743
-0.104152
0.103059
0.009522
-0.267827
0.047908
-0.177862
0.289345
0.146183
0.223639
-0.136969
-0.166160
0.023532
-0.030772
0.169711
0.053692
-0.002384
0.086969
0.160397
-0.060476
0.085228
0.091328
0.111257
0.107472
0.106995
0.007346
-0.304174
-0.143973
0.155937
-0.095855
0.033999
-0.045167
-0.086301
-0.374529
0.099547
-0.009585
0.164504
0.035629
0.023241
0.020119
-0.013932
0.025538
0.125529
-0.303518
-0.050082
-0.049270
-0.182026
0.001933
-0.093036
-0.167245
-0.105011
0.190796
-0.185321
0.113359
0.337295
0.025972
-0.152962
0.037788
0.067409
0.022469
-0.113246
0.057733
-0.040098
-0.290054
-0.259206
0.048173
0.011762
-0.298745
-0.051141
-0.063366
0.020849
-0.015643
0.105534
-0.003154
-0.257359
0.238647
-0.001446
-0.087890
-0.104423
-0.204030
0.198806
0.006349
0.366053
-0.122966
-0.063777
0.057750
-0.002365
-0.053312
-0.098111
-0.138362
-0.154357
-0.002002
-0.126207
-0.007176
-0.107356
0.213052
-0.157472
-0.202838
-0.187417
-0.028879
0.196385
0.038518
-0.054883
0.077780
0.191894
0.000560
0.010108
-0.342379
-0.115013
-0.204627
0.090253
-0.158880
-0.041651
0.275661
0.097310
-0.127371
-0.012539
0.152664
-0.065822
-0.135857
-0.232611
0.199120
0.064109
0.119517
0.023678
-0.004413
-0.409056
-0.221117
0.008618
0.141464
0.158412
0.148555
0.053101
-0.280757
0.060052
-0.108146
-0.122485
-0.011429
-0.108506
0.305818
0.126113
-0.101077
-0.077869
0.024880
-0.208801
-0.188545
0.125587
0.313448
0.285613
0.039965
0.115574
-0.335203
-0.065640
0.113299
0.006605
0.273626
0.125454
-0.040937
-0.083842
-0.133974
-0.045221
0.101843
0.121797
0.058104
-0.173922
-0.142821
-0.187115
0.059067
-0.278505
0.162775
0.002149
0.004860
0.130144
-0.125975
-0.052890
0.203170
0.171266
-0.073729
0.200652
-0.102399
0.246556
0.291255
0.137743
0.043914
-0.062395
0.277976
-0.301480
0.042708
0.022323
0.053148
-0.019381
0.193750
-0.135770
0.000431
0.069097
0.123759
0.128689
-0.043298
0.038530
-0.168950
-0.206165
0.083161
-0.341165
0.223898
0.012140
-0.168129
-0.042568
0.209300
0.190394
-0.023613
-0.281178
-0.093483
-0.244200
0.008732
0.137786
0.030836
0.189222
0.170788
-0.202515
0.151940
0.068579
0.023741
-0.205241
0.295407
-0.078247
0.185864
0.546551
-0.182443
-0.046282
0.240233
0.081014
-0.276107
-0.322313
-0.216112
-0.009842
0.110647
0.129288
0.056143
-0.206812
0.297859
-0.093515
-0.171433
0.091587
-0.092597
-0.205607
-0.118553
0.128537
0.420789
0.028857
-0.073870
-0.138558
-0.144412
0.016715
-0.008471
0.068422
-0.379546
-0.099188
0.178345
0.063088
0.040417
-0.083299
0.204555
-0.009378
0.031922
-0.277705
-0.220451
0.009471
-0.070502
0.032646
-0.020188
-0.128659
0.296259
-0.079292
0.122802
0.047735
0.004854
-0.024711
-0.093431
-0.167121
0.028436
-0.210590
-0.034895
-0.028779
0.201002
0.019109
0.204121
0.085388
0.334498
-0.023756
0.004813
-0.168871
0.121946
0.105246
0.005459
-0.113226
-0.295863
-0.074592
0.020669
-0.099733
0.138046
-0.145925
-0.152968
0.186361
-0.213187
-0.302022
-0.211152
-0.178556
0.001756
-0.196003
-0.020613
-0.292954
-0.062236
0.239347
0.021829
0.042904
0.373720
-0.221754
-0.083766
0.375507
-0.070121
0.077092
-0.615095
-0.078882
-0.258287
-0.046010
0.073314
0.136976
0.041560
0.364686
-0.106086
-0.078154
-0.019037
-0.192271
-0.023951
-0.165987
0.126479
-0.030677
0.076328
-0.031793
0.340033
0.007214
-0.217818
0.008525
0.184079
0.192645
0.180746
-0.002110
0.101364
0.419422
0.023952
0.244685
0.129874
-0.061871
0.130685
0.278139
0.176530
-0.132264
-0.134329
-0.130196
0.251156
-0.347082
-0.181120
-0.059660
-0.072088
-0.002162
0.222224
-0.238656
-0.434892
-0.002614
0.019860
0.047064
0.007408
0.249861
0.179617
-0.255796
-0.348107
0.171891
-0.047654
0.094946
0.145215
-0.122012
-0.110699
-0.023920
0.288786
0.066226
0.189652
0.196387
-0.036829
-0.167061
0.076286
-0.090528
-0.158643
0.037200
-0.138089
-0.045769
0.275764
-0.227530
-0.131126
0.070427
-0.093977
-0.061715
-0.077412
0.087472
-0.213417
-0.066392
0.103338
-0.106968
-0.285079
0.236132
0.120350
-0.084835
-0.027338
0.278649
-0.106255
-0.060752
-0.010949
0.058540
-0.014770
0.065290
0.041709
-0.240669
-0.034863
-0.104452
0.496380
0.255620
-0.015511
0.087718
0.034058
0.242344
0.088297
-0.184054
0.212360
0.160061
-0.004557
-0.038450
0.180319
0.120005
0.146158
0.047401
0.195832
-0.257278
-0.159891
-0.040022
-0.444665
0.213423
0.217184
0.052975
-0.033473
-0.065619
-0.011117
0.268591
0.022355
-0.061761
0.177508
-0.220876
-0.105377
0.005401
0.149049
-0.022792
-0.095199
-0.345187
-0.017487
-0.184089
-0.168813
-0.208606
-0.150905
0.257972
-0.035520
-0.146550
-0.046717
-0.185030
0.133049
-0.165391
0.341317
-0.259825
-0.353835
0.159557
0.241644
-0.203083
-0.092524
0.257995
-0.186645
-0.066699
0.039943
-0.075682
0.151447
-0.072738
0.225063
-0.189301
-0.017496
-0.068087
-0.178332
-0.003125
-0.128069
-0.201880
-0.136943
0.071076
-0.343697
0.215782
-0.132929
-0.168290
-0.031841
-0.042419
-0.134716
0.016560
-0.020344
0.177682
-0.216633
0.031159
-0.108220
-0.094139
-0.228616
-0.293421
0.046195
0.105011
-0.051362
-0.067070
0.190777
-0.087870
-0.367776
0.311719
0.079052
-0.084463
0.231081
0.014444
-0.312577
0.151893
0.083611
-0.252403
0.140031
-0.036728
-0.053608
-0.020388
0.044470
0.230689
0.177923
0.165447
-0.165765
-0.149020
0.050335
-0.044351
-0.045886
0.231965
-0.018151
0.045354
0.287141
0.057081
-0.012558
-0.084639
-0.394427
-0.069516
-0.146930
-0.102602
0.083432
-0.325613
0.065661
0.002362
0.059155
-0.216309
0.094304
-0.465483
-0.371076
-0.118330
0.118004
-0.277043
0.097134
-0.085521
0.102835
0.081739
0.293603
-0.545588
0.046384
-0.085215
0.186901
-0.315862
-0.222320
0.044129
0.058196
-0.076000
-0.131195
0.164842
-0.015401
-0.124660
-0.054960
-0.018628
0.022672
-0.061108
-0.040274
-0.187074
0.129070
-0.044321
-0.096041
-0.147678
0.251175
0.171468
-0.014000
-0.239325
0.071101
-0.104646
-0.132182
-0.020147
-0.076670
-0.041935
0.086147
-0.030713
-0.015277
-0.023331
0.039392
0.065464
-0.193715
-0.018065
-0.009600
-0.230867
-0.238362
0.021885
0.548721
-0.049186
-0.057530
-0.147888
0.016378
-0.143213
-0.166940
0.133969
-0.274565
-0.038807
-0.010019
0.243039
0.136538
-0.186065
0.197159
0.157954
0.007363
-0.118759
-0.089891
-0.221818
0.342874
-0.086396
-0.050600
-0.068275
0.115831
0.277549
0.047431
-0.341483
-0.243523
0.053395
-0.192189
-0.177915
0.024002
-0.333717
0.466361
-0.119983
0.065767
0.012958
0.114296
-0.141450
-0.083004
0.264139
0.138378
-0.003512
0.308849
-0.238965
0.004255
0.095115
0.171235
-0.251140
-0.102741
-0.140048
0.068425
-0.475483
-0.127381
0.135135
-0.157480
0.119818
-0.322090
0.043400
0.084443
0.420391
-0.135824
-0.176277
-0.173884
-0.225053
-0.264756
0.167922
0.102094
0.022243
-0.295607
0.022733
0.131430
-0.045585
-0.065053
-0.355108
-0.175653
-0.110466
0.010564
-0.143374
-0.122842
-0.070546
0.075236
0.152059
-0.093548
0.064771
-0.048617
0.270392
0.130267
-0.104235
-0.058960
0.045450
0.272448
0.206929
-0.242124
0.100943
-0.271807
0.109514
0.048368
0.044702
-0.365523
0.048198
0.077142
-0.199116
-0.203167
-0.082798
0.006845
-0.163595
0.049906
-0.302694
-0.067185
0.069165
0.057700
-0.001691
-0.110706
-0.331810
0.292221
-0.294556
0.017402
-0.034251
0.001631
-0.001341
-0.225849
0.031530
0.100829
0.063810
-0.096953
0.164523
0.233921
0.073788
0.101817
0.236369
0.052979
0.137391
0.018202
-0.054348
0.251645
-0.143691
0.207543
-0.109166
-0.011471
-0.198574
0.146400
0.250511
0.235396
-0.078882
-0.002334
-0.072689
0.061537
0.102723
-0.002096
-0.070899
0.249204
0.020420
-0.048468
0.210508
-0.031299
0.394460
-0.105166
-0.245859
0.083791
0.117627
0.250852
-0.094929
0.090727
0.074971
0.070071
-0.312370
0.122717
0.019751
0.200266
-0.133191
-0.228023
0.150854
0.020838
0.022588
0.035815
0.004627
0.209788
-0.056233
0.342401
-0.094964
0.016737
-0.157142
0.057673
0.120800
0.199278
0.465086
-0.169473
0.251855
-0.217188
-0.037418
0.209764
0.016029
-0.093377
-0.130119
0.028333
-0.098181
0.135797
-0.301651
0.108458
0.010485
0.234781
0.504566
-0.000769
0.335592
-0.205771
0.202460
0.337652
0.354087
-0.010668
-0.083149
-0.130245
-0.107134
-0.046865
0.043269
0.150010
-0.077869
-0.067087
0.193555
-0.061546
0.017524
0.096441
-0.056389
-0.147483
-0.224206
0.058313
-0.181615
-0.081349
-0.179637
0.119796
0.201023
0.130600
-0.029090
-0.057307
0.056491
0.147099
-0.215945
-0.128204
-0.004754
-0.163253
-0.004993
-0.131288
0.101494
0.296447
-0.042183
-0.216472
0.029108
0.192890
-0.004394
0.232617
0.148675
-0.030157
0.119454
-0.066091
-0.137345
-0.089613
-0.062886
-0.101716
0.144055
0.081247
-0.090360
-0.152732
-0.026613
-0.030065
0.038904
0.114268
0.167469
-0.147068
-0.232406
-0.011892
0.311757
0.229645
-0.129163
0.267201
0.325534
-0.152402
0.081964
0.094081
0.113137
-0.066605
0.196875
-0.069786
-0.057999
-0.009072
0.051917
-0.052983
0.091579
0.356077
-0.081925
0.152851
0.222361
-0.045878
-0.206622
-0.154549
0.195204
-0.095592
-0.101117
-0.173254
-0.131405
0.122968
0.117690
-0.334402
-0.103990
-0.137930
-0.066440
-0.161718
0.087856
0.244617
0.138945
0.134333
0.036880
0.115515
-0.194059
0.043454
-0.260491
0.237514
-0.043947
0.253448
-0.029701
-0.205924
0.063701
-0.001007
-0.244955
-0.122807
0.008225
-0.143727
0.255481
-0.333274
-0.129550
0.096731
-0.004001
-0.013249
-0.047462
-0.071744
0.245449
-0.106624
0.118219
-0.244218
-0.144649
0.005256
-0.147891
-0.273346
-0.095239
0.131143
0.006681
0.115032
0.042883
-0.195248
0.083053
0.162746
-0.038861
-0.128427
0.110847
0.078860
0.404626
-0.315867
0.002686
0.031229
-0.257159
0.092648
-0.073688
-0.150056
0.127006
0.148316
0.434441
0.040788
0.060065
-0.074319
-0.115007
0.026191
-0.157192
0.176799
-0.145846
-0.212581
0.145662
-0.025512
-0.062390
-0.225014
-0.091006
-0.340255
-0.037414
0.146457
0.060414
-0.057986
-0.174540
0.052664
0.303363
-0.060460
0.231649
0.235104
-0.118161
-0.004226
-0.025019
-0.242972
-0.284209
0.164775
-0.140146
0.180141
-0.137724
0.095711
-0.038989
-0.312104
0.163554
0.022199
0.248193
0.296200
-0.106479
-0.083480
-0.089637
-0.007092
-0.256436
-0.248515
0.011342
0.146143
0.132724
0.155271
-0.015439
-0.186658
-0.100910
-0.213056
0.199366
-0.065360
0.036463
-0.077384
0.285206
-0.035064
0.286551
0.009155
0.223281
0.111258
-0.037086
-0.021480
-0.382052
0.295578
-0.072885
0.142799
-0.245171
0.051105
-0.061072
-0.113227
0.080762
0.242902
0.046149
0.119671
0.078642
-0.041847
0.174840
-0.152218
-0.050067
-0.451677
0.187398
-0.173066
-0.146644
-0.112704
0.105069
-0.257874
0.142966
-0.290603
0.029020
-0.191672
0.073489
0.028557
0.068869
-0.176123
0.106496
-0.112976
0.061077
-0.125163
-0.062508
0.193387
0.053069
-0.072440
-0.208861
-0.058823
-0.104372
0.127070
-0.168767
-0.132596
-0.291723
0.210206
-0.137694
0.092351
-0.100524
0.138384
0.199465
0.055607
0.383917
0.267459
0.052757
0.339915
-0.064342
0.435082
-0.043315
-0.146246
-0.108095
-0.003146
-0.258188
0.087808
-0.284067
0.111991
0.000486
0.009761
-0.040698
0.119775
0.094625
0.083747
0.417103
0.201874
-0.009890
-0.032781
-0.302641
-0.254523
-0.210844
0.151271
0.082615
0.131091
0.008250
-0.222723
0.124854
-0.103595
0.064684
-0.272498
-0.106167
-0.029376
-0.152710
0.219912
-0.035945
-0.215571
-0.010305
-0.304790
0.028382
-0.104144
-0.125674
0.390044
-0.163669
0.186908
-0.136322
0.204081
0.160061
-0.057508
0.108287
0.002790
0.072203
0.202302
-0.037098
0.038117
0.103041
0.116975
-0.089710
-0.025880
-0.104193
-0.146124
-0.371797
-0.089983
0.443427
-0.366153
-0.093221
-0.002854
-0.005681
0.044495
0.108317
-0.074639
0.302309
-0.238143
-0.259466
0.142204
-0.024750
-0.036745
-0.218668
0.122272
-0.268478
-0.037461
-0.138447
-0.193810
0.058626
-0.047639
0.213899
-0.335027
0.002294
-0.072750
-0.160168
-0.091472
-0.018041
-0.295569
0.258660
0.190649
0.076900
-0.021342
-0.034588
0.198930
0.382277
-0.126352
0.115122
0.108341
0.310222
-0.059380
-0.127635
0.129417
0.182224
0.274220
0.176735
0.242731
0.003163
-0.082543
-0.017988
-0.219267
0.056367
0.355469
0.263876
-0.261436
-0.134523
0.190262
-0.033515
0.048248
0.071774
-0.104974
-0.122148
0.051978
-0.081634
-0.309662
0.399075
-0.034434
0.384626
0.224067
0.145414
0.336904
-0.026228
0.220594
0.099422
-0.209524
-0.007169
-0.011397
0.018648
-0.093421
0.005680
0.520616
0.009706
-0.156001
0.083901
0.102128
-0.397788
-0.086886
-0.120815
0.218929
-0.093741
0.109591
0.214554
-0.006571
-0.383471
-0.005483
-0.069568
0.066260
-0.198622
-0.191245
-0.126584
-0.174774
-0.309305
-0.327250
-0.040922
0.023416
-0.108574
0.126792
0.072349
0.106508
-0.312116
-0.050180
0.174525
-0.005159
-0.010215
-0.297139
-0.050145
0.342719
0.025348
0.043259
-0.055177
0.008564
0.043020
0.155820
0.023160
-0.088984
0.141048
0.154019
0.021962
-0.036127
-0.125445
0.093987
-0.195075
0.155778
-0.126142
0.013525
-0.027559
-0.002902
-0.076364
0.001829
0.051828
0.086073
-0.285882
0.166453
-0.036509
-0.013631
-0.014321
0.073836
0.042782
-0.260575
-0.098183
-0.408752
0.168475
0.157053
-0.038948
-0.071352
-0.006044
-0.027593
-0.031153
0.227505
0.167929
0.154938
-0.060074
0.018126
0.055785
0.186188
-0.382248
0.100812
-0.115654
-0.093043
0.040993
-0.131111
0.195147
0.009864
-0.229666
0.115475
0.332166
-0.187564
0.125542
-0.079196
0.028081
0.022839
-0.011838
0.132402
0.067108
0.074673
0.030496
-0.156310
-0.116859
-0.063325
-0.004784
0.011479
0.047910
0.245297
0.111137
-0.011430
0.058302
-0.158436
0.038272
-0.056629
0.158078
0.236079
0.056021
-0.313645
0.174231
-0.058249
-0.092866
0.066373
-0.080667
0.249092
-0.025981
-0.079952
-0.193753
0.105475
-0.167278
-0.188216
0.083275
-0.011457
-0.459528
0.166746
0.016031
0.237585
0.007445
0.038199
-0.034492
0.208023
-0.086242
-0.017327
0.206038
0.428786
0.062363
-0.050557
0.258926
-0.198758
0.107670
0.069493
0.269772
0.054223
0.070860
-0.358743
0.072755
0.013286
0.049888
0.114929
-0.196634
-0.151714
-0.115328
-0.136718
0.192829
0.070268
0.169275
0.201175
-0.180864
0.100479
0.145421
-0.125715
-0.167190
0.069740
-0.146904
-0.133062
0.007543
-0.211725
-0.046123
-0.013448
-0.113798
-0.020437
-0.119616
-0.282355
-0.194445
0.055420
0.099105
0.246019
-0.109143
0.055586
-0.169718
-0.134968
0.004464
0.047107
-0.140486
0.356941
0.071059
-0.357486
0.225127
-0.007281
0.312950
0.058941
0.020705
0.035736
-0.103917
-0.134882
0.105097
-0.057320
0.270592
0.138112
0.143914
-0.138874
0.324843
-0.007397
-0.081213
-0.084643
0.053250
0.205058
-0.083781
0.069137
0.060386
0.354775
0.072844
0.219028
0.277774
-0.127805
-0.062749
0.134184
0.028299
0.018167
-0.069826
0.203830
0.059031
-0.580468
0.038569
0.099499
0.141465
0.035210
0.213675
0.028052
0.065541
-0.091761
0.010655
-0.079496
0.034112
-0.062608
0.017804
-0.115909
0.107399
-0.010281
-0.086701
-0.169301
0.011783
-0.050718
0.132462
0.102378
0.123114
-0.120785
0.283772
0.057774
-0.065395
-0.104974
-0.116952
-0.202295
0.269920
0.302679
-0.168677
0.035533
0.022746
0.080802
0.223595
-0.129904
0.002240
0.026025
-0.193748
0.082247
0.144887
0.103012
-0.077120
0.031944
-0.249582
0.164411
-0.136173
0.193605
-0.183198
0.100040
0.208599
0.079054
-0.360214
-0.003638
-0.238297
-0.208759
-0.439130
-0.138613
0.004947
0.041777
0.096921
-0.365908
-0.060061
-0.306857
-0.014686
0.166690
-0.075985
0.200341
-0.054264
0.071275
0.066143
0.341466
0.319170
0.183956
0.035720
0.170562
-0.044288
0.130399
-0.097991
-0.117658
-0.142226
-0.175735
0.129737
0.064128
0.150955
0.086121
-0.168860
0.042151
0.078999
-0.118735
-0.225984
0.054957
0.012118
-0.215795
-0.132666
-0.026460
-0.025188
0.032249
0.148531
-0.321711
0.073413
-0.095577
-0.284625
0.177219
-0.208093
0.091595
0.151194
0.144227
0.248803
0.042950
-0.084548
0.299623
-0.136039
0.434133
-0.087266
0.120608
0.237905
-0.436259
0.298275
0.024980
0.083493
-0.001537
0.151647
0.026583
-0.144645
-0.124952
-0.190189
0.176858
-0.079018
0.203396
0.115692
-0.085559
0.049412
-0.329635
-0.033463
0.124646
-0.362610
-0.133634
-0.155182
-0.065990
0.191347
-0.029941
-0.067559
-0.351358
-0.070664
0.192841
0.057585
0.076580
0.305676
-0.305418
-0.103124
0.016581
0.260127
0.175930
0.192567
0.121609
-0.022907
-0.115812
-0.066904
0.136523
-0.083511
0.110548
-0.055189
0.104854
-0.067052
-0.008445
0.022505
-0.093688
0.005384
0.074038
0.301104
-0.010553
-0.014147
-0.179031
0.159439
0.379336
-0.152562
-0.073132
0.103644
0.104852
0.151404
-0.162787
-0.256154
-0.079004
-0.093363
0.220856
-0.205224
-0.173186
-0.033664
-0.119270
0.291556
-0.149722
0.306834
-0.052259
0.352179
0.174195
0.017063
0.011235
-0.144461
0.010581
-0.162795
0.043732
-0.370010
0.001457
0.108703
-0.082480
-0.010001
-0.033513
0.209810
-0.372687
-0.054121
-0.015993
-0.287097
0.120776
-0.044257
-0.034385
-0.045766
0.062333
0.281620
0.052900
0.101784
-0.079435
-0.390011
0.000638
0.181833
0.135869
-0.077778
0.325485
-0.196593
-0.143027
0.159337
0.074332
0.170116
0.265564
-0.219900
0.198413
-0.085157
0.168494
-0.104840
-0.097036
0.278375
0.056741
0.128249
-0.153578
0.002974
0.044119
-0.246623
-0.019079
0.167335
0.198915
-0.002217
-0.033728
0.027128
0.228252
0.117962
-0.145967
0.006578
0.016132
-0.002328
0.068665
0.204210
0.390062
-0.044723
-0.099234
0.267012
0.084393
-0.045262
0.305154
0.253680
0.184347
-0.141364
0.260074
0.143779
-0.182842
-0.181972
0.120370
-0.021518
0.159595
0.251419
0.078676
-0.399719
-0.060845
-0.173855
0.067434
-0.378415
0.197101
0.411266
-0.059523
-0.259933
0.014344
-0.205334
0.115318
-0.007468
0.134645
-0.049507
-0.320197
-0.339234
0.199906
0.096319
-0.188817
0.017089
-0.194168
-0.193612
0.031831
-0.055915
-0.038532
0.176276
-0.054847
-0.048982
-0.001988
0.102723
-0.111254
-0.175253
0.022438
-0.041138
-0.056173
-0.021555
0.143843
0.089099
0.034020
-0.168443
-0.062057
-0.362060
-0.225670
0.099737
0.246692
0.049060
0.001739
0.087432
-0.170924
-0.250479
-0.261208
0.155034
0.081126
-0.083727
0.341013
0.106689
0.092320
0.324681
0.243334
0.349514
-0.257135
0.219477
0.035602
-0.021969
-0.123682
0.001767
0.046396
-0.048384
0.220622
-0.171651
0.126910
-0.035123
0.013494
-0.235725
0.006347
-0.105899
-0.029858
0.029432
0.054047
0.255545
0.025499
-0.167117
0.069213
-0.214397
-0.052839
0.006696
-0.428949
0.015803
-0.020743
0.095721
0.045690
-0.063926
-0.084772
0.073699
-0.152379
0.011237
0.157117
-0.026026
0.074619
-0.009977
-0.052078
0.153095
0.122686
-0.008703
-0.076685
-0.184431
-0.143413
-0.105384
0.121947
0.096029
0.027418
0.255624
-0.072620
0.049357
0.206761
0.005480
-0.399685
0.174981
0.139006
0.503895
-0.330854
-0.193088
-0.089663
-0.132850
0.026319
0.223987
-0.033288
0.062476
0.138620
0.109845
0.022886
-0.112877
0.055429
0.054366
0.080449
0.011460
0.125447
-0.172074
0.159608
-0.050507
-0.366943
-0.009346
0.068250
-0.124002
-0.003346
-0.148365
0.394169
-0.186144
0.491645
0.103339
-0.204454
0.490544
0.001847
-0.147609
0.007424
-0.018678
0.060761
0.220526
-0.137674
-0.002010
0.278893
-0.111910
0.185945
-0.125887
-0.001132
-0.130207
0.091772
0.112641
0.203162
-0.179121
0.024049
0.046592
0.104160
-0.013320
-0.130388
-0.024473
0.059663
0.111890
-0.013466
-0.120338
-0.147433
-0.037582
-0.387137
-0.216326
-0.070987
0.026782
-0.142195
0.153742
-0.128830
0.006643
-0.028952
-0.155592
0.088734
-0.157391
-0.083422
0.135778
-0.089373
0.016817
-0.043236
0.029182
-0.078184
0.161333
-0.016391
0.266177
0.082143
-0.044912
-0.001019
0.057622
-0.050027
0.130960
0.055913
-0.099362
0.264377
-0.128641
0.004121
-0.083089
0.009568
0.021543
-0.142521
0.298091
-0.002756
-0.007502
0.094192
-0.184925
0.040609
-0.015654
0.084327
-0.041595
0.062695
-0.125299
-0.164332
-0.189493
-0.003291
-0.140114
0.036110
-0.204788
-0.069633
-0.042725
-0.120844
-0.186134
-0.321326
-0.105879
-0.089816
-0.427496
0.232548
0.176483
0.023089
-0.007447
0.043139
0.093343
-0.013334
-0.122929
-0.046624
-0.173192
-0.058890
0.304933
-0.166855
0.207380
0.117900
-0.109316
-0.125954
-0.058712
0.275913
-0.142816
0.159021
-0.062509
-0.114964
0.026594
-0.081960
0.103285
-0.215774
-0.022488
0.152453
0.152912
-0.138726
-0.176808
0.101499
-0.031650
0.101783
-0.145176
0.221599
0.088349
0.371264
-0.149712
-0.145979
0.082467
-0.134045
-0.026704
-0.258218
-0.087954
0.471916
0.016257
0.394627
0.089723
-0.122469
0.145986
0.166590
0.160370
-0.079406
0.025810
0.013657
0.087371
0.009960
-0.083084
-0.100200
-0.122185
-0.194774
0.213889
-0.102738
0.087213
0.285980
0.203768
0.095761
0.233626
-0.107134
0.067155
0.092343
-0.350688
-0.129440
0.004891
-0.056731
0.054283
0.034234
-0.150859
-0.006474
0.376723
-0.254687
0.032900
-0.192527
0.133833
0.196038
0.204678
0.086644
-0.197251
0.030303
0.249074
0.220037
0.369361
-0.141845
0.390460
0.432496
0.333766
-0.180973
0.049599
0.231527
-0.178316
-0.023747
0.166332
-0.373789
-0.266172
0.268073
-0.107981
0.164509
0.333983
-0.094547
-0.193990
-0.094940
-0.168569
0.045510
-0.153883
0.280144
-0.217830
0.110806
-0.013668
-0.061171
-0.365524
0.022431
0.137115
0.063512
-0.176213
0.174709
0.000912
0.123770
-0.193015
0.237198
0.339223
-0.105752
-0.019595
0.059368
0.059168
0.235127
0.168537
0.157121
0.247280
0.128338
-0.081998
-0.042596
0.009503
-0.377995
0.120203
0.189425
-0.277924
0.104107
0.145138
0.076140
-0.085945
0.194067
0.183017
0.243844
-0.003274
0.188842
0.037605
0.257568
-0.015226
0.030597
0.362348
-0.026877
0.118518
0.154928
-0.189641
0.264240
0.228673
0.057548
-0.124109
0.017921
0.080448
-0.097403
0.021823
0.018315
-0.010054
0.173000
0.069594
-0.160618
-0.142864
-0.417039
-0.258363
0.145546
0.021291
-0.093798
0.100389
-0.307120
-0.138101
-0.341565
0.095191
0.026338
-0.016318
-0.084693
0.064389
0.030624
-0.107914
0.221563
0.154232
0.214128
0.110960
0.144456
0.236157
-0.072577
-0.078774
0.051844
-0.197663
0.314541
-0.034438
0.192647
-0.016112
-0.015282
-0.290110
0.202681
0.071600
0.061174
-0.117667
-0.123592
0.037587
0.120260
0.235191
0.027876
-0.226880
-0.038470
-0.290721
0.039391
0.013062
-0.010708
-0.212515
0.076206
0.003928
-0.287608
0.239443
0.314742
0.123761
-0.074448
-0.218057
0.113717
0.285152
0.068677
-0.135275
0.011034
-0.199483
0.128868
-0.308169
-0.127268
-0.288005
-0.039493
0.040435
-0.262004
0.079328
-0.149392
0.183151
-0.033519
0.026858
0.280877
0.115330
-0.141155
-0.028235
-0.120689
0.196435
0.089603
0.209192
0.355646
0.169497
-0.034369
-0.383833
-0.360098
0.071273
0.247733
-0.102866
0.272862
-0.186958
0.172499
-0.036626
0.076557
0.127217
0.021987
0.120977
-0.048201
-0.038839
0.237666
0.206464
-0.050839
0.122566
0.090245
0.081287
-0.175209
-0.224664
0.059453
0.162734
-0.074753
-0.075654
0.186768
-0.082774
0.196449
-0.089777
-0.060040
0.049364
0.364182
0.111681
-0.122423
-0.141437
-0.218848
0.145255
-0.156292
0.064972
-0.085294
0.005340
0.237608
0.055931
-0.018205
0.035192
0.011342
0.119152
0.126908
-0.244472
-0.059809
0.002788
0.091086
0.106977
0.004790
-0.166104
-0.130137
0.409231
0.046650
0.251029
0.349212
0.079975
0.007136
-0.042798
-0.133132
-0.081431
-0.006941
-0.231911
0.113368
-0.108466
0.238479
-0.233126
0.306810
-0.008130
-0.157616
-0.121503
-0.116185
0.181641
-0.072021
0.023398
0.156173
-0.184942
0.061642
0.011063
-0.263185
-0.069627
-0.185666
-0.243228
0.189532
0.317471
-0.153844
0.198612
0.008830
-0.184527
0.148609
0.182779
-0.010276
0.028507
0.006569
0.063720
-0.155063
0.023452
0.116506
0.048016
-0.095032
-0.190821
0.085073
-0.358373
0.064035
-0.235628
0.137012
0.130434
-0.544506
0.228769
0.090180
0.110695
0.113995
0.088194
0.139417
-0.144973
-0.266834
-0.011643
-0.089251
-0.009479
0.183742
0.140635
0.156888
-0.006643
-0.069624
-0.135556
0.128054
0.261140
-0.263944
0.131953
-0.059870
0.142182
-0.206682
-0.120832
0.135124
0.294802
0.232840
-0.293668
-0.305006
0.110316
-0.061657
-0.130268
0.078383
0.064890
-0.101319
-0.080038
-0.021253
-0.162733
-0.003462
0.436549
0.002934
-0.169075
0.182861
0.104849
0.048335
-0.108430
-0.067464
-0.223174
-0.057817
0.169665
-0.150464
-0.004935
-0.024764
-0.006879
0.081589
0.070655
0.071209
-0.084226
0.251944
-0.019537
-0.050987
0.170771
0.164674
-0.086178
-0.060226
0.279280
-0.013864
0.123734
0.195092
0.124919
-0.133848
0.066127
0.080063
-0.141450
-0.088355
-0.090541
0.304395
-0.094222
-0.107286
-0.283715
-0.261740
-0.071589
-0.052354
-0.269254
-0.057601
-0.143326
-0.017906
-0.296490
0.061253
-0.152683
0.351100
0.185208
-0.098435
0.406424
-0.144654
-0.009722
-0.267023
0.060014
0.293246
0.046107
0.135556
-0.245335
0.119038
-0.004079
-0.247085
0.089750
-0.024040
0.082760
0.078345
0.068795
0.153911
0.105105
0.002491
0.320086
-0.142988
-0.037756
-0.229415
0.181978
0.074898
0.202816
-0.198164
0.283248
-0.062720
0.085277
0.182880
-0.165005
-0.401852
-0.330477
-0.091201
-0.003892
0.249041
0.134654
0.035082
-0.026637
-0.086455
-0.238847
-0.092388
-0.021830
-0.193823
-0.033791
0.459557
-0.084719
0.112974
0.115381
0.084071
0.090874
0.062846
0.129732
-0.306674
-0.169893
-0.189646
0.010735
-0.009294
0.133588
-0.066197
0.252318
-0.257228
-0.099458
-0.006399
-0.137443
-0.139371
0.009498
0.013169
-0.111336
0.240358
-0.297889
-0.174870
-0.260300
-0.043786
0.061357
0.008258
-0.091873
0.011341
-0.005456
0.209305
-0.056144
0.018502
-0.091321
0.092249
-0.030803
-0.137301
-0.042461
0.150650
0.145598
0.518966
0.170800
0.253247
-0.556020
-0.199738
-0.326212
0.067389
0.208393
-0.045170
-0.255920
-0.074486
-0.091922
-0.047859
0.235834
0.115611
-0.062132
0.004703
0.083241
0.022054
0.034456
0.173162
0.277876
-0.034832
-0.293172
0.251976
0.132686
0.041456
-0.214195
0.274783
-0.076713
0.007479
0.160367
-0.097630
0.014005
0.097734
-0.349258
0.081367
-0.066580
0.133933
-0.064680
0.216658
-0.010234
-0.062715
-0.200323
-0.018887
0.223184
0.004128
-0.101072
0.010364
-0.319529
-0.173413
0.220195
-0.195907
0.060738
0.216135
0.190223
0.070093
0.196276
-0.210480
-0.077874
0.072611
0.363330
-0.021757
-0.221973
-0.025949
-0.275969
0.209331
0.270768
0.170866
0.151463
0.221564
0.088466
-0.240577
-0.026394
-0.098859
-0.162072
-0.021192
-0.146067
0.029660
0.224827
-0.334162
-0.248306
0.012007
0.033123
0.195465
0.105412
0.011466
0.039114
0.024393
0.128129
-0.089750
-0.168433
0.290730
-0.109639
-0.219251
-0.101651
-0.003047
-0.013004
0.161846
0.016732
0.068074
0.139629
-0.048899
-0.285500
0.221255
0.007818
0.230758
-0.078429
-0.298488
0.067466
0.246560
0.315489
-0.027775
-0.019155
-0.044486
-0.128345
-0.139009
0.025264
0.327706
-0.209969
-0.109174
-0.058658
-0.130607
-0.277978
-0.067854
0.089734
-0.066398
-0.035223
0.122524
0.177094
0.079395
-0.209337
-0.055861
0.153562
0.044546
0.403400
-0.036549
0.055822
0.113543
0.358493
0.111602
-0.126485
-0.160598
0.035255
0.097101
0.416998
0.065328
0.282441
0.146322
-0.392895
-0.186892
-0.126145
-0.162374
0.164477
-0.038419
0.259119
-0.005756
-0.002879
0.185661
-0.235938
0.130367
0.107194
0.165732
0.081152
0.305628
-0.093019
-0.314712
-0.012985
0.059339
0.090406
0.205423
-0.187103
0.079373
-0.030622
0.039082
0.120640
0.153841
-0.057249
-0.074005
0.099631
-0.141845
0.061319
-0.204337
0.037623
0.200219
-0.047447
-0.057102
-0.018240
-0.057632
0.329348
0.083380
0.061716
0.111181
-0.136762
0.002910
0.043282
-0.019158
0.017504
0.085040
-0.019160
0.034368
-0.134083
-0.186487
0.186254
0.064334
-0.164832
0.033602
0.418413
-0.085537
-0.253147
0.021885
0.200801
-0.181958
-0.137863
0.010171
-0.239584
-0.139655
0.052785
-0.003942
0.276845
0.360612
-0.312337
-0.392476
0.011707
0.196479
0.189625
0.104459
-0.109169
0.024334
-0.122517
-0.248103
0.051661
-0.398960
-0.069601
0.022155
-0.020817
-0.187005
-0.334306
-0.078345
-0.122798
0.028742
0.120765
0.149076
0.120816
0.476473
-0.074900
-0.181525
-0.094249
-0.225710
-0.230917
-0.053675
-0.373361
-0.336038
0.001240
-0.236491
0.001470
-0.262303
0.076762
-0.024569
0.036997
0.095445
0.256068
0.078312
0.068957
0.255593
0.014231
-0.199956
0.022201
-0.027776
0.001144
0.251203
0.103322
-0.049670
0.230327
-0.025752
0.251564
0.125119
-0.058755
-0.285685
0.222809
0.363408
-0.131303
0.269422
0.042800
0.120159
-0.223507
0.092565
-0.078607
-0.080689
0.097971
-0.116398
-0.040093
0.263573
0.069856
-0.223020
0.109966
0.052664
0.181759
0.158505
0.024721
-0.116437
-0.102174
-0.002540
0.229825
-0.061988
-0.271157
0.152893
0.264323
-0.113674
0.090697
-0.028205
0.144071
-0.099484
-0.153590
-0.081038
-0.055958
-0.132497
-0.073079
0.204271
-0.096649
-0.270961
-0.158764
-0.053694
0.384920
0.062972
0.064582
0.294388
-0.051305
0.009348
-0.246844
0.101393
-0.114607
-0.089240
0.285087
-0.196398
-0.139670
0.203218
-0.413890
-0.005599
-0.042803
0.251902
-0.277014
-0.115754
-0.134784
0.150322
-0.017608
-0.231747
-0.004274
0.254631
-0.024776
0.061656
-0.048497
-0.174751
0.227554
-0.292568
0.111877
-0.351294
-0.086390
0.003943
-0.266542
0.207471
0.033294
0.246990
0.274026
-0.299302
-0.100367
0.201247
-0.223219
0.040278
0.073064
0.111458
-0.289179
0.075718
-0.033768
0.162331
0.089564
0.096550
-0.191652
-0.154552
0.104911
0.085576
0.003067
0.234972
0.008407
-0.204145
-0.067769
-0.332337
-0.084796
0.134664
-0.008165
0.144567
0.143635
-0.040599
-0.199958
-0.299969
-0.137033
-0.003980
0.053209
0.194666
-0.051349
0.096885
-0.126226
0.044408
-0.026609
0.189329
-0.146967
0.158732
0.290946
0.105246
-0.211415
0.205821
-0.033027
-0.058037
-0.143302
-0.288730
0.020640
0.022721
0.025974
-0.182076
-0.156899
-0.061473
0.282460
-0.188453
0.298218
-0.132249
0.235155
-0.100857
0.130998
-0.030024
0.038840
-0.265131
0.364889
-0.156122
-0.089631
0.107307
-0.153048
-0.176875
-0.007925
-0.043811
-0.178417
0.096500
-0.043206
-0.011668
0.359533
-0.228775
-0.114028
0.196155
0.036425
0.168158
-0.080309
-0.237023
0.150620
-0.260877
-0.168340
-0.197330
0.263961
-0.093467
0.148141
0.098323
0.399999
0.045035
-0.066319
-0.077978
-0.263815
-0.159799
-0.080539
0.237241
-0.379512
-0.062209
-0.173877
-0.083570
-0.129139
0.002770
-0.007467
-0.405873
0.184622
-0.203302
0.086905
0.157141
0.109082
-0.093026
0.073589
-0.091325
-0.129912
-0.194937
-0.094414
0.052711
0.106318
0.260305
-0.022358
-0.384090
-0.095667
-0.115254
0.170672
-0.068241
0.065401
-0.324858
-0.045799
-0.036146
-0.130795
0.590290
-0.038390
-0.077536
-0.047862
0.062257
-0.255679
-0.069216
0.014702
-0.147415
-0.027282
0.266079
0.103928
0.341558
0.074322
-0.156827
-0.139305
-0.007977
-0.204084
0.236960
-0.079186
-0.025288
-0.077272
-0.063978
-0.178929
0.008015
-0.198130
-0.028278
-0.114184
-0.083689
0.133565
0.198256
-0.017483
-0.199386
-0.200344
-0.350736
-0.095233
0.621867
0.238585
0.347241
0.222267
0.280551
-0.155452
-0.273888
-0.141616
0.161917
-0.020147
-0.018320
0.160823
-0.109553
-0.120470
0.044363
-0.036498
-0.038407
-0.059437
-0.190740
-0.079449
0.114704
0.161475
-0.070497
0.237138
0.247553
-0.073648
0.261277
-0.046852
0.109221
0.132799
0.299283
-0.033649
-0.025226
-0.086187
-0.105307
0.198213
0.001013
0.140988
0.010525
0.029233
0.047352
-0.124427
0.076755
0.139276
0.108640
-0.087112
-0.204330
0.181685
-0.144431
0.117143
0.313410
0.019400
0.148501
-0.342372
-0.005365
0.234092
0.142041
0.083739
-0.228710
-0.037108
0.072948
0.527958
0.174462
-0.151697
0.038288
-0.175823
0.125957
0.315878
0.208413
-0.012783
-0.213949
0.159989
-0.360504
-0.096169
-0.104926
0.031916
0.181223
0.141411
-0.283430
0.001851
0.186691
0.232520
0.241517
-0.131001
0.099512
0.054900
0.169817
-0.132273
-0.121836
-0.292335
-0.260450
0.001745
-0.040898
-0.014937
0.309712
-0.378479
-0.124299
0.240329
-0.189560
0.241823
0.054907
0.272549
0.096078
0.099830
-0.402011
0.051435
-0.175956
-0.078142
0.056708
0.203035
-0.221690
-0.207232
-0.118412
-0.275986
0.248107
-0.301701
0.225160
0.106303
-0.087889
0.049662
-0.025426
0.037745
-0.254400
-0.168049
-0.158155
0.111574
-0.186724
-0.107111
-0.003488
-0.045170
0.079621
0.073553
0.307522
-0.156325
0.041252
-0.014069
0.252128
0.084606
0.078658
0.375367
0.233509
0.075507
-0.000223
0.066197
-0.045670
0.102927
0.144820
0.096121
0.254992
0.005822
-0.195420
0.120160
-0.045966
-0.007386
0.221367
0.084179
-0.003690
-0.035943
0.191837
-0.045542
-0.075883
0.071373
0.059298
0.116919
-0.272515
-0.084912
-0.114061
-0.107908
0.074182
0.133004
0.076714
-0.105126
-0.092981
0.102783
0.147295
0.115551
-0.060490
-0.048718
0.002825
0.200630
0.065686
-0.078726
0.109919
-0.043075
0.168037
-0.031706
0.523288
0.111756
0.154229
0.114619
0.116496
-0.159664
-0.167172
-0.024555
0.199723
-0.089257
0.008923
-0.115561
-0.033317
0.146347
-0.188641
-0.096649
-0.077652
0.109286
0.097662
-0.368703
-0.339151
-0.105162
0.201032
-0.162841
0.144449
0.028444
-0.033179
-0.157444
0.062064
0.321977
0.113010
-0.185935
-0.095986
0.184006
-0.010890
-0.159083
0.231631
0.073356
0.011251
0.031307
0.056933
0.045838
-0.028158
0.144696
-0.039331
0.147651
-0.165393
0.191016
-0.018928
0.081663
-0.347715
0.217437
-0.058958
-0.252326
-0.098902
0.291818
-0.050241
-0.217153
0.243328
-0.077841
0.060002
-0.297089
0.053184
-0.117277
0.226686
0.110559
0.017077
-0.158638
0.127191
-0.110568
-0.162925
0.143248
-0.080360
0.298628
-0.224680
-0.095195
0.225199
0.262138
-0.075318
-0.128701
0.034766
0.100896
0.221401
0.029944
-0.055576
0.027936
-0.091158
0.079192
-0.119394
0.187348
-0.087274
0.201644
-0.262296
0.293734
0.386624
-0.023604
0.134541
-0.192700
0.171604
-0.000278
0.206927
0.223886
0.392351
0.300274
-0.020644
0.035108
-0.014412
0.282184
-0.285265
0.161497
-0.151967
-0.115234
0.251320
-0.234966
-0.013655
-0.063490
-0.003774
-0.073294
0.091529
-0.072176
-0.136291
-0.057748
-0.122560
0.057432
0.100567
0.382503
-0.224592
-0.019530
0.123569
-0.053594
0.143389
-0.326167
-0.299490
-0.199517
-0.100272
0.033914
0.145869
0.170993
-0.125817
0.059922
-0.010054
0.244609
-0.234819
0.417154
0.075314
0.067532
0.101930
0.072660
0.212108
0.188563
-0.129720
-0.105215
0.107911
0.004767
-0.045422
-0.115831
0.014568
-0.000020
-0.156689
0.139664
-0.177157
0.006745
0.003269
0.084568
0.016804
0.009403
-0.106028
-0.098199
-0.103015
-0.191024
-0.049641
-0.013374
-0.088457
-0.060409
0.083729
-0.273936
0.077051
0.481980
-0.109703
-0.024098
-0.083341
-0.083290
0.016848
-0.198053
-0.105525
0.061654
0.170490
0.084984
-0.113540
0.059662
-0.111276
-0.133546
0.007086
0.328720
-0.162806
-0.016592
-0.346432
0.133240
0.194051
-0.222784
0.283704
-0.162137
0.139392
0.027772
0.008984
0.014557
-0.211511
-0.272373
-0.197568
0.092044
0.058985
0.238685
-0.232971
0.171165
0.182205
-0.076176
0.068601
-0.094747
0.228160
-0.182983
-0.097039
-0.088547
-0.024850
-0.146706
0.123850
0.097654
0.171592
-0.118967
0.002597
-0.409741
0.094509
0.309707
0.043401
-0.124466
0.137981
-0.235719
-0.177598
0.216751
0.179149
-0.045683
0.046647
0.188623
0.037687
-0.046693
0.152762
0.168207
-0.011039
0.203592
0.104937
-0.083946
0.137616
-0.150411
0.145486
0.120741
-0.009896
-0.180954
0.007715
-0.246570
0.216341
-0.077335
0.011346
-0.318483
0.109838
-0.031122
0.242996
-0.077642
0.419612
0.151659
-0.186912
-0.373319
0.026382
0.263812
0.005794
-0.031185
-0.047438
0.009136
0.224734
-0.153358
-0.128279
-0.144628
0.368461
-0.415762
0.184281
0.316634
0.275428
0.254194
0.049227
0.072841
-0.057053
0.036268
0.051262
-0.010821
-0.000915
-0.337112
-0.093125
-0.007403
0.052206
-0.034035
-0.012426
-0.003105
-0.169578
-0.106857
-0.124122
0.081917
-0.221672
-0.111375
-0.202107
0.033927
-0.011323
-0.060443
0.194159
-0.013968
-0.121612
0.008539
-0.105730
-0.058049
0.024026
-0.227132
-0.235844
-0.121917
0.007647
-0.007090
0.054142
-0.052015
0.304423
-0.085390
0.087144
0.378003
-0.102612
0.189662
-0.018162
-0.344347
0.168054
0.079012
-0.421148
0.054729
-0.077454
0.007195
0.133564
0.108284
0.036641
-0.211136
0.141505
-0.084847
-0.013901
-0.046330
0.105623
0.208414
0.052834
-0.384679
-0.269685
-0.315796
-0.005689
0.064168
0.025923
0.342431
0.036722
-0.325389
-0.157046
-0.058659
-0.197748
0.174452
-0.022902
0.066348
-0.166971
-0.004368
0.003042
-0.168897
0.064013
0.292449
-0.434342
-0.140052
0.119963
0.051899
0.210152
-0.048330
-0.037588
-0.377930
0.031929
0.201581
0.141107
0.163781
0.135688
0.146728
0.037693
0.073595
0.108652
0.100429
-0.074380
0.106872
-0.055908
0.102774
0.008868
0.039592
0.160280
-0.035160
0.223787
-0.363556
-0.027735
-0.050419
0.045837
0.044915
-0.137996
0.166368
0.078024
-0.339262
-0.144379
-0.050861
-0.197231
-0.102642
0.152890
0.193470
-0.548338
-0.147691
0.236607
-0.377658
0.003844
-0.133089
0.109440
0.003503
0.026930
0.023680
-0.136019
-0.146273
-0.109235
-0.199561
-0.106010
-0.210138
-0.066059
0.015418
-0.003164
-0.038131
0.044977
0.068340
0.155246
0.324074
0.205661
0.222981
-0.156199
0.049074
0.249974
0.011317
0.214331
0.113683
0.065604
-0.177402
-0.077897
-0.256526
-0.269237
-0.066370
0.444351
0.185979
0.054730
0.154387
-0.099613
-0.056637
0.012198
-0.196298
-0.249658
0.011007
-0.066656
-0.191012
-0.066249
-0.093053
0.104029
0.133000
-0.018210
0.074347
0.290071
0.228269
0.106386
0.041956
0.168312
-0.113482
0.271935
-0.073910
-0.033859
0.007408
-0.333667
-0.063655
-0.199749
-0.043005
0.074220
-0.036699
0.010645
-0.051982
0.007259
0.385894
-0.061137
0.164891
-0.014061
0.026202
0.071447
-0.077280
-0.109560
-0.056531
-0.291835
0.046050
0.133874
0.081833
0.110244
0.319070
-0.073640
-0.183253
-0.023933
0.129007
0.110803
-0.007840
-0.182997
0.326814
0.063140
0.322761
-0.017312
0.406529
0.137157
0.047215
0.022906
0.205571
0.028737
0.272343
0.130755
-0.236797
-0.045792
-0.272881
-0.079584
-0.077602
0.114596
-0.157273
0.130313
-0.057291
-0.050374
0.226130
-0.006134
-0.388403
-0.099492
-0.157721
0.183035
-0.012081
-0.031261
-0.043615
0.127495
0.217933
-0.212146
0.181475
-0.213047
0.143373
-0.170316
-0.030082
-0.048534
-0.229852
-0.063062
0.066827
0.008402
0.098940
0.231681
-0.000632
-0.038759
0.061911
-0.017709
-0.239404
-0.201712
0.418998
-0.234970
0.065238
0.028065
-0.127205
-0.485036
0.237730
-0.084209
-0.028867
-0.201057
-0.180591
0.033441
0.143517
0.048810
-0.394686
-0.212697
-0.098331
0.036206
0.029637
-0.092521
-0.128552
-0.255672
0.132555
0.015154
0.258616
0.059857
0.045849
0.128023
-0.331293
0.168632
0.158889
-0.006945
-0.236185
-0.246044
0.155624
-0.184960
-0.094932
-0.132440
-0.289348
-0.006885
0.041623
0.143818
-0.081746
0.104857
0.013457
-0.092392
-0.240284
-0.006252
-0.045143
-0.274952
-0.140744
0.082595
0.006050
-0.126578
-0.102974
-0.186073
0.050719
0.318803
-0.019994
-0.158305
0.208416
-0.251539
-0.337869
-0.041796
0.466275
0.183353
0.138719
-0.038775
0.146718
-0.188257
-0.188912
-0.076359
0.103749
-0.092575
0.259049
0.204029
-0.050392
0.014720
0.292307
-0.303783
-0.204225
0.023897
0.072920
-0.272591
0.105059
-0.369174
0.241245
0.074120
0.103399
0.048011
-0.068924
0.070301
-0.125319
-0.223302
-0.066059
-0.023310
-0.161891
0.136347
0.043632
0.146008
-0.059894
-0.165687
0.227869
-0.186503
0.077383
0.096871
0.123401
-0.239664
0.159982
-0.023373
0.073151
-0.057854
-0.061584
0.081250
-0.204124
-0.044026
0.388235
-0.324225
0.059451
-0.107820
-0.256463
-0.102992
0.112641
-0.206338
-0.177981
-0.114547
0.221697
0.241561
-0.295098
0.011540
0.107647
-0.028746
-0.049443
-0.103053
0.007804
-0.325656
0.047357
-0.248149
-0.419733
0.242530
0.050280
0.302066
0.114736
0.171409
0.111760
0.074191
-0.027379
-0.009101
-0.018995
0.076199
-0.114799
0.201824
0.304611
0.148937
-0.194131
-0.264282
0.146002
0.070906
0.254400
0.233315
0.336048
0.043407
-0.202186
-0.053974
-0.127751
0.021540
0.044843
-0.289012
0.108019
-0.257077
-0.062777
0.052995
-0.208983
-0.190892
0.176072
-0.184017
0.181086
0.139611
0.226820
-0.234807
0.243572
-0.300624
-0.055115
0.004862
-0.041272
0.053041
0.255648
-0.026949
-0.153090
-0.093921
0.270691
0.051103
-0.052382
-0.054549
-0.016331
-0.054019
-0.081413
-0.133767
-0.019432
-0.183636
-0.012912
-0.408871
0.135679
-0.146930
0.099230
0.127389
-0.168567
-0.100958
0.052604
-0.255640
-0.098926
0.015561
0.102650
-0.219123
0.190773
0.191275
-0.008333
-0.028163
-0.018940
-0.438363
-0.069807
-0.076396
0.119042
-0.005417
-0.313972
-0.105507
-0.071844
0.102626
0.021806
0.154345
-0.088922
0.127046
-0.217551
0.076146
-0.105026
0.113563
-0.111581
0.271362
-0.210628
-0.198305
-0.008413
0.053285
0.209251
0.164804
-0.352583
0.070204
-0.235990
-0.028873
-0.055127
0.089863
0.259843
0.431019
-0.099555
-0.130214
-0.034984
0.065197
0.026135
-0.070001
0.032533
-0.162544
-0.204610
-0.169603
-0.197374
-0.030344
-0.172569
0.139926
0.060621
0.048852
0.099019
0.012434
0.011000
-0.054352
0.408147
-0.060142
-0.119803
0.107092
-0.333037
0.254542
-0.170119
-0.048229
0.063098
0.087343
0.325537
-0.023833
-0.293512
-0.165061
-0.097518
0.148270
-0.102992
-0.316004
-0.053913
-0.005398
0.081576
-0.182271
-0.251143
-0.257637
0.118508
0.084969
-0.104988
-0.400588
-0.133702
0.080067
0.014776
0.099747
0.026638
0.068051
0.185007
0.119103
0.141388
0.119777
-0.398560
0.082940
0.136966
0.093257
0.206882
-0.178058
-0.006752
-0.142145
0.059988
0.140071
-0.010812
-0.045339
0.229248
0.134893
-0.042473
-0.361305
0.012044
-0.163408
-0.047047
-0.249968
-0.207430
-0.193197
0.162260
-0.170621
0.119977
-0.209216
0.205431
-0.092597
-0.059901
-0.030384
0.087874
0.072952
0.069841
-0.060909
0.167385
0.042708
0.045618
0.148492
-0.025435
-0.127468
0.236677
-0.158853
-0.222941
-0.090664
0.001983
0.103483
0.051727
0.200661
0.108640
-0.261999
0.068845
-0.081880
0.106380
0.317964
0.035349
-0.380197
-0.058423
-0.031310
0.028742
-0.079608
-0.078050
-0.010178
-0.036042
0.008323
-0.035725
-0.113239
0.047012
-0.062645
0.185806
0.281594
-0.114954
-0.094294
0.304990
0.004029
0.196775
0.037396
-0.047265
-0.471428
-0.119997
-0.089210
0.126991
0.130296
-0.180518
-0.052326
-0.035164
-0.184560
0.120781
-0.130717
-0.017852
0.230934
0.059760
-0.245630
-0.010361
0.063097
-0.334327
0.250403
0.062761
-0.135012
0.028612
-0.051894
0.082949
0.309264
-0.209569
-0.080987
-0.075660
0.022969
-0.205351
0.008578
0.036296
0.048712
-0.156307
0.124720
0.168268
-0.353115
-0.361464
-0.222992
-0.306879
-0.109434
-0.153896
-0.123399
-0.171502
0.102298
-0.094469
-0.203626
-0.377383
0.208216
-0.191467
0.084638
0.247186
0.180747
-0.021392
-0.016896
0.223846
0.063761
0.220704
0.120293
0.125576
-0.094869
-0.008312
0.136693
0.086623
-0.247791
0.041833
0.002734
0.255915
0.210758
0.149931
-0.211234
0.072166
0.211222
-0.155936
-0.020034
0.320740
0.146183
-0.272709
-0.190686
0.024034
0.061094
0.077048
-0.211576
0.381030
-0.049622
-0.181787
0.003394
0.243971
-0.098310
-0.168766
-0.096256
0.175687
0.292840
0.258436
0.101844
0.213135
0.154883
0.107888
-0.264852
-0.239896
-0.242003
0.426067
-0.090795
-0.134269
0.049683
0.108042
-0.097597
0.137131
-0.147974
-0.160516
0.221486
0.128355
-0.078651
-0.013498
0.182020
-0.147507
0.080618
-0.227772
0.081902
0.005597
0.016186
0.128047
0.014878
-0.045890
0.258187
-0.015777
-0.035517
0.138103
0.044859
-0.191895
0.033957
-0.096485
0.176172
-0.050585
0.097057
0.283010
-0.171058
-0.031014
-0.361316
0.042454
-0.178349
0.138267
-0.229189
-0.151945
0.033202
-0.103426
-0.293595
-0.168822
-0.068321
0.134136
-0.127459
0.094201
-0.144186
-0.302038
-0.145709
0.178520
0.036050
-0.177754
-0.085831
-0.062032
0.280796
-0.060895
0.261102
-0.160710
-0.183226
0.027226
0.157247
-0.015600
-0.373778
0.051106
0.063141
0.012059
-0.065292
-0.108085
-0.174336
0.026022
-0.038862
0.139389
0.179481
-0.167817
-0.118792
0.008653
0.040138
-0.228753
0.211090
-0.194153
-0.103982
0.047555
0.095310
0.080524
-0.114242
0.077779
0.016747
0.180172
0.113246
-0.250903
0.014473
-0.143455
0.025068
-0.262403
-0.103728
0.035090
-0.116773
-0.141444
0.053006
0.012135
0.011828
-0.027115
0.176326
-0.158125
0.028220
0.100975
0.029760
-0.064171
-0.081846
0.250126
0.061952
0.062232
-0.215417
0.126914
0.028461
-0.039311
0.082159
0.099387
0.147126
0.008611
-0.022759
0.128183
0.006230
-0.125119
0.010255
0.175956
0.009272
0.115485
-0.048717
-0.219878
0.070627
-0.317289
-0.267541
0.417148
0.243006
-0.026221
-0.056688
0.027357
-0.072809
-0.006043
-0.053757
-0.186069
0.178182
-0.198406
-0.262028
0.241055
-0.036789
0.009471
0.011852
0.139804
-0.020656
-0.255720
-0.145066
-0.309455
0.276507
-0.181382
-0.061289
-0.091345
-0.163521
-0.051462
0.129808
0.124650
-0.043529
0.102873
-0.141349
-0.326600
-0.069804
-0.165119
-0.188296
0.032207
-0.218812
-0.101964
0.098177
0.008239
0.108314
0.029304
0.044558
-0.033514
-0.057361
0.076774
-0.149225
-0.006024
0.202614
-0.484538
-0.123688
-0.042492
0.173371
-0.010652
0.028117
-0.192487
-0.008923
-0.228580
0.140735
0.183744
-0.129327
-0.294383
-0.087201
0.107541
-0.290756
-0.068295
0.347712
-0.008159
-0.087590
0.058607
0.076520
0.212382
0.003192
-0.149512
-0.301913
-0.076648
-0.074580
-0.036138
-0.020531
0.256906
0.036409
0.001187
-0.099684
-0.283638
-0.461721
-0.134995
0.220736
0.213470
-0.058057
0.175217
0.104640
0.000291
-0.038678
0.304526
0.048224
-0.393051
-0.168795
0.129120
-0.190949
-0.133843
0.090033
0.107771
0.171400
-0.011696
-0.128651
-0.217866
0.021816
-0.086922
-0.201064
-0.045505
0.028815
-0.248269
0.281820
-0.004014
0.102720
-0.128475
-0.111604
-0.089812
0.056001
-0.124112
-0.043041
-0.112121
0.018032
-0.119589
-0.042734
0.067512
0.003974
0.044183
0.346528
-0.089293
-0.244123
-0.129655
0.048972
0.122214
0.156979
-0.069828
-0.123664
-0.001635
0.200599
0.031032
0.083720
0.011098
0.035793
-0.118837
0.188299
0.101893
0.214922
0.188222
0.040815
-0.009710
0.123471
-0.010574
0.210631
0.130873
-0.200932
0.224439
-0.011569
-0.024004
-0.342507
-0.091696
-0.091473
0.001745
-0.309679
-0.104930
-0.072975
-0.357511
-0.122776
-0.007829
-0.017010
-0.221177
0.116162
-0.169532
0.198396
0.030507
-0.061747
0.166908
-0.031597
-0.022121
-0.294032
-0.360008
-0.129481
0.271843
-0.057004
0.233408
-0.025297
0.255237
-0.018256
0.168611
-0.199331
0.020009
-0.007322
0.017251
-0.204362
0.176155
0.094666
0.238108
0.117639
-0.212809
0.108312
0.085552
0.201746
-0.004528
-0.013384
-0.098137
0.059014
-0.355130
-0.044408
0.519965
-0.022021
-0.001207
-0.094109
-0.155972
-0.136487
-0.319427
0.111029
0.250458
-0.250569
0.005851
0.450872
0.363282
-0.143367
0.062459
0.030651
0.028066
-0.208907
0.140572
0.405283
-0.063225
0.316299
0.126052
-0.138501
0.026407
-0.100078
-0.254054
0.178635
-0.159351
-0.067092
-0.067324
-0.153400
0.295080
-0.117740
-0.368950
-0.178178
-0.212582
-0.023517
-0.086832
0.223611
-0.157671
0.092933
0.028666
0.333490
-0.143092
-0.141935
0.050653
-0.061317
-0.142446
-0.020465
-0.107440
-0.045205
0.012969
-0.043038
0.163370
0.010420
0.048707
-0.152674
-0.109129
-0.151151
-0.101736
-0.058473
-0.040668
-0.102390
-0.119762
-0.121600
0.005920
0.201130
-0.143096
0.246706
-0.032584
0.113067
-0.340375
0.164521
-0.042469
-0.207909
-0.109654
-0.075570
0.156111
-0.030432
0.172743
0.058798
0.251967
-0.057686
-0.268103
-0.014980
-0.155906
-0.236946
0.039925
-0.076705
-0.133820
0.055801
-0.436198
0.009259
0.038361
-0.206904
0.117071
-0.135875
0.282240
-0.332273
0.069892
-0.022517
-0.047238
-0.009889
-0.215084
0.175246
-0.180340
0.158385
-0.093115
0.272905
-0.115169
0.082456
0.013827
-0.137777
-0.154069
-0.027814
0.097204
0.085757
-0.083862
-0.079856
-0.038738
0.013133
-0.070518
0.095658
-0.081553
-0.118226
0.038215
0.135770
0.014186
-0.294327
0.031097
-0.209142
0.256345
0.040867
0.182559
-0.039718
0.179682
-0.425121
0.187444
-0.057713
0.109005
0.025575
0.072048
-0.050065
-0.324986
-0.139537
-0.053967
-0.092474
-0.298605
0.106907
-0.051424
0.097162
-0.131407
0.003392
0.279311
0.017901
0.152298
0.157432
-0.004730
0.129613
0.155670
0.074073
-0.188487
-0.127758
0.088500
-0.027773
-0.004123
-0.138847
-0.042622
0.199204
-0.088983
0.288343
0.354228
0.087143
-0.098322
0.224817
-0.092386
0.240958
0.012171
-0.137636
-0.198093
-0.023244
0.111956
-0.016550
-0.013798
-0.093397
0.040422
0.074629
-0.296123
-0.042655
0.083702
0.124820
-0.004956
0.072677
-0.052688
-0.042428
0.100864
0.185228
0.123353
-0.278787
-0.150001
0.270089
0.079129
-0.100373
-0.010831
-0.298765
0.351265
0.120637
0.152418
-0.053311
-0.095057
-0.198645
0.251277
0.070965
0.115502
0.179377
-0.217423
0.195904
-0.380507
-0.053440
-0.080334
0.264957
-0.293828
-0.184576
0.270671
-0.459135
0.242603
-0.192130
-0.037693
-0.149120
0.153740
0.044244
0.210478
-0.140302
-0.101300
-0.077929
0.019516
-0.052856
0.031813
-0.375818
-0.114187
-0.293640
-0.081454
-0.129939
-0.016846
-0.077917
-0.104220
0.045797
0.150296
-0.230783
-0.116366
-0.006412
-0.132606
0.070310
-0.042755
-0.128464
0.086527
0.072354
0.139133
-0.193451
0.138995
0.321121
-0.382998
-0.025513
-0.143304
0.130935
0.216046
-0.022803
-0.065451
0.033578
-0.060444
0.171338
0.014392
-0.064391
-0.027214
0.115017
-0.288025
-0.121667
-0.127014
-0.042586
0.173892
-0.133571
0.123589
0.068528
0.107086
-0.027316
0.047668
0.123641
0.025369
0.047519
-0.324540
-0.234100
-0.145792
-0.119355
-0.258481
0.066792
0.163457
-0.290305
-0.075836
-0.240281
-0.199658
-0.264573
-0.113759
0.104297
-0.030455
0.133644
-0.041760
-0.275937
0.020836
-0.119843
0.264516
-0.051490
0.157565
-0.189704
-0.178981
0.126550
0.173111
-0.168387
-0.340910
0.032991
-0.100221
0.113940
-0.100837
-0.128442
-0.034526
0.324543
0.112424
-0.032184
0.140201
-0.073145
-0.096410
-0.085623
0.446911
-0.160864
-0.262716
0.178198
0.025440
-0.161402
-0.062803
-0.100258
-0.223633
-0.105738
0.049495
-0.002323
0.226784
0.203733
0.060343
0.155231
-0.073108
0.202918
0.036455
-0.037605
-0.120476
-0.004836
0.207195
-0.026198
-0.010606
-0.239988
-0.132568
0.120491
-0.266962
-0.083137
0.113635
0.097862
-0.031952
0.029380
-0.024535
-0.009641
0.220460
-0.096063
0.028280
-0.024839
0.346216
0.024603
-0.181386
-0.184793
0.092933
0.186162
-0.069703
-0.189357
0.258861
0.119811
0.037802
-0.005704
-0.130723
-0.018140
0.039372
-0.028176
-0.010061
0.179247
-0.291397
-0.165398
-0.072209
0.093610
0.109209
0.107114
0.180709
-0.109510
-0.047435
0.064230
-0.211427
-0.074871
0.034008
0.022754
0.204291
-0.386653
0.021203
-0.077156
0.054255
-0.026884
0.023244
-0.124781
0.003753
-0.003342
-0.069693
-0.258764
-0.147545
0.114846
0.067029
0.100633
-0.080311
0.052493
-0.295159
0.185443
0.118694
-0.120402
-0.033850
-0.036951
-0.171935
-0.059486
0.042289
-0.018672
0.263063
0.238818
0.173146
0.209616
0.282919
-0.308481
-0.443978
0.081985
0.063604
-0.010156
-0.069573
0.010858
0.156860
0.086528
0.232136
0.013428
-0.075829
0.182455
0.008653
-0.260244
-0.036346
-0.066827
-0.335665
-0.138225
0.070753
0.061990
-0.061242
-0.331269
-0.269648
0.152287
-0.170994
-0.103961
0.255085
0.259426
0.305033
-0.002785
-0.060593
0.027637
0.017278
0.045566
0.234210
0.024254
0.232546
-0.208487
0.010558
-0.067506
-0.038774
0.125117
0.073364
-0.200614
-0.149012
0.264443
0.276343
0.067931
-0.068828
0.077536
-0.539273
0.220868
-0.056399
-0.302575
-0.154093
0.149952
0.059333
0.091880
0.487407
-0.136698
0.101487
-0.118342
0.006477
0.110739
0.080169
0.287401
-0.136702
-0.171592
0.041902
0.481667
-0.114945
-0.272911
0.225280
0.029417
-0.060483
0.110416
0.102654
-0.066903
-0.260609
0.027880
-0.095442
-0.152848
-0.055373
-0.362557
-0.104089
0.164397
-0.110796
0.078811
0.052945
0.159517
0.115920
-0.050441
-0.010755
-0.191330
0.062394
-0.003591
0.073344
0.096470
-0.069445
-0.090363
0.092047
-0.172420
-0.062362
-0.175242
-0.291056
-0.210750
0.024241
0.023827
0.167718
-0.069279
0.176909
-0.116664
0.044993
-0.038106
0.024252
0.048061
0.344548
-0.102931
0.186574
0.073391
0.034192
0.047635
-0.002276
-0.032506
-0.009634
0.092358
0.127385
0.039691
0.178980
0.044294
-0.002019
0.232165
0.039308
-0.094805
0.190363
-0.183697
-0.091313
-0.053079
0.132251
-0.077163
0.096322
-0.066513
0.045335
0.125727
0.257007
-0.189719
-0.228089
0.150150
-0.028535
-0.373037
-0.140469
0.189848
-0.123232
0.131501
0.166838
-0.078849
0.056735
-0.048827
-0.000030
-0.060479
-0.186623
-0.061242
-0.127906
0.338851
-0.013337
-0.116237
0.169850
0.013315
0.094269
0.025990
0.025241
0.085046
-0.146359
-0.063286
-0.038098
0.226317
0.073180
0.013373
0.119028
-0.122090
0.217224
-0.146524
0.226613
0.156256
0.022342
0.021904
-0.282716
0.196805
-0.058971
0.203511
-0.002330
-0.053512
0.114258
0.248051
0.070702
-0.131674
0.025840
-0.103219
-0.132968
0.187122
-0.290714
0.073074
0.057842
0.311375
-0.183076
0.153469
0.019600
-0.134592
-0.039953
-0.139505
0.002506
-0.229107
-0.215547
0.134894
0.154017
-0.162443
0.149779
0.086024
0.016932
0.178279
-0.100528
-0.111450
-0.279436
0.170184
0.073668
-0.510879
-0.264140
-0.032186
0.041566
-0.049845
-0.464310
0.010061
-0.281955
-0.175835
0.015127
0.138002
0.019132
-0.003697
-0.081885
0.100171
-0.079246
0.207450
-0.060702
-0.016129
0.154202
-0.022933
0.087955
-0.134835
-0.058346
0.070566
0.106784
-0.288246
0.024627
-0.009540
0.373499
-0.004132
0.274263
-0.051959
-0.090379
0.030882
0.171203
-0.232146
0.031299
0.117883
0.310844
-0.132691
0.078508
-0.266978
0.181621
-0.358609
-0.089422
0.128679
0.026727
-0.113988
0.199294
0.043044
0.383233
-0.177011
-0.119153
0.092488
0.302365
0.104506
0.059454
0.062401
-0.208561
0.103929
0.078999
0.059743
0.129926
0.301161
-0.037343
-0.178639
-0.176682
-0.117267
0.078637
0.127834
-0.084864
-0.407361
-0.199918
0.096109
0.002648
0.080064
-0.159851
-0.018051
-0.149706
-0.044639
-0.037452
0.159798
0.013457
0.202004
-0.224615
-0.216612
0.339649
0.014512
0.074497
0.024835
-0.041971
0.001346
0.028195
0.168131
0.042981
-0.050826
-0.331755
-0.083174
-0.265447
-0.176291
0.020036
-0.149052
0.133737
-0.091357
0.220388
-0.018064
-0.138292
-0.069780
0.123714
-0.013068
-0.013447
0.204568
-0.109865
-0.000304
-0.146169
-0.077917
-0.113005
0.124591
-0.003844
0.193263
-0.040664
0.066956
0.028944
0.497209
-0.135943
-0.255577
0.153173
0.193835
0.062357
0.029083
0.123303
0.010601
0.142391
0.119788
-0.047615
0.149438
0.417491
0.001557
0.037296
0.063984
-0.065829
0.110994
-0.262311
0.018620
0.169789
0.080315
0.029970
-0.076738
-0.187522
-0.107787
0.063651
0.002913
-0.099249
-0.019156
0.139865
0.258171
-0.082093
-0.403051
0.090716
-0.048403
-0.114649
-0.219241
-0.022976
0.095672
0.144244
0.164278
0.094474
-0.198639
-0.030481
0.064002
0.020418
-0.008327
-0.124831
0.168773
-0.057415
0.304578
0.077298
0.165598
-0.011852
-0.018813
-0.130965
0.009581
0.207969
-0.040793
0.182522
-0.356963
-0.252220
-0.019422
-0.366753
0.033808
0.315273
-0.070858
0.091736
-0.241961
-0.088975
-0.113424
-0.157526
-0.078634
-0.204451
-0.106219
0.025082
0.159999
0.270187
-0.404938
-0.140681
0.039427
-0.031270
0.162723
-0.007763
0.028317
0.058714
0.198579
-0.031522
-0.037613
0.043507
-0.226360
-0.178386
-0.097102
-0.196549
0.066037
-0.107134
-0.002690
0.136296
-0.021996
-0.317097
0.329758
-0.040273
-0.020949
0.120344
-0.243554
-0.171258
0.000447
-0.139838
0.058809
-0.013015
0.411395
0.044332
0.181094
-0.004490
0.172453
0.221240
0.009295
-0.183616
0.146476
-0.183589
0.291417
0.195908
0.010789
-0.053459
-0.471189
0.017496
0.060636
0.053529
0.084490
0.101393
0.319060
0.270396
0.022241
0.035737
-0.167986
-0.032908
0.329308
0.104879
0.017939
-0.073756
-0.158440
0.053399
