# 参数名称：backbone.features.14.conv.6.weight
# 参数形状：(160, 576, 1, 1)
# 参数数据类型：float32
# 参数值（保留6位小数）：
-0.183143
-0.007097
-0.127012
-0.073670
-0.113260
-0.000578
-0.087264
-0.006622
-0.094765
0.039858
0.072474
-0.176913
0.001180
0.143807
0.046666
-0.080886
-0.149175
0.029243
0.020817
0.017581
0.027314
-0.051358
0.072644
0.030824
0.068629
0.078871
-0.026989
0.003059
-0.038509
-0.148216
-0.016741
-0.036400
0.045677
-0.074730
-0.011410
0.006711
0.010016
0.078155
0.103076
-0.190851
-0.073507
-0.023519
-0.117005
-0.120882
-0.085502
-0.082340
0.009282
-0.228603
0.226034
0.124900
0.071114
-0.092362
-0.049800
-0.076757
0.032114
0.033110
-0.162372
0.049293
0.018326
-0.320356
0.007781
0.087584
0.166015
-0.113972
-0.038021
-0.264705
0.096889
0.111667
0.025442
-0.234283
0.061543
-0.130630
-0.147309
-0.007013
0.030712
-0.001434
0.142490
0.177956
0.204162
0.073304
-0.045133
-0.054129
0.032774
-0.004182
-0.024945
-0.199562
-0.096833
-0.008798
-0.073400
-0.081140
-0.103520
-0.229455
0.257802
0.050864
0.085896
0.141681
0.026533
0.061072
-0.158846
0.008791
-0.062988
0.069774
-0.122239
-0.013116
-0.000537
-0.064376
-0.053276
0.055340
-0.114405
0.025208
0.093488
-0.008284
-0.112716
-0.051149
0.056734
-0.014327
0.060493
0.057787
0.015621
0.160340
0.000888
0.002357
0.112406
0.101481
-0.186837
0.071838
-0.036516
0.109860
0.010490
0.087645
-0.106219
-0.155065
-0.088953
-0.098167
-0.065702
-0.040261
0.025902
-0.115617
0.078874
0.161302
0.020991
-0.020294
-0.087567
0.124172
-0.092772
-0.054574
-0.062125
-0.032420
0.087271
-0.024187
0.014114
-0.010317
-0.001548
-0.088682
0.015043
-0.008095
-0.045610
-0.037506
0.143026
0.172429
-0.307061
-0.044077
-0.089752
0.012782
0.035873
-0.114085
0.141603
0.095378
0.141662
-0.051018
0.053545
0.071082
-0.055505
0.026848
-0.000157
-0.057631
-0.080824
-0.181095
-0.164071
-0.025043
-0.003690
-0.072787
0.055214
0.077510
0.186211
-0.048562
-0.044636
0.029407
-0.026395
0.072022
-0.062431
-0.058489
0.036934
0.140756
-0.241996
-0.114734
0.045959
0.146350
-0.148043
-0.117523
0.003505
0.012361
0.155656
0.071399
0.041621
0.189166
0.029206
-0.025821
0.033717
-0.041433
-0.032069
0.014570
0.035032
0.077771
0.015539
0.111467
0.044802
0.111704
-0.044411
0.007608
0.099977
0.022528
0.074710
0.088174
-0.006895
0.182874
-0.187620
-0.044057
0.156267
0.071510
0.107058
-0.028941
0.028381
-0.161793
-0.244154
0.123074
0.040645
0.067275
-0.301793
0.128517
-0.067377
-0.034539
-0.006615
0.149742
-0.212955
-0.038343
0.035524
0.194738
0.105052
0.034046
0.120732
-0.093222
-0.009230
-0.129728
0.007400
0.031309
-0.068076
-0.080691
-0.087103
-0.203718
0.026250
0.011172
-0.022061
-0.046909
-0.074315
-0.110334
-0.065937
0.038022
0.162124
0.065431
-0.070450
-0.093624
-0.051985
0.006619
0.119105
0.007376
-0.043958
0.012701
0.022007
0.047702
-0.036629
-0.229882
-0.257521
0.094120
-0.130044
0.163744
0.016415
0.056385
-0.094134
0.176288
-0.083915
-0.071492
-0.195526
0.114955
0.099844
0.073245
-0.189174
-0.144630
0.093803
-0.047594
0.102487
-0.013007
0.110702
0.072497
-0.047237
-0.096361
0.030776
0.017486
-0.185078
0.071604
0.022804
-0.026686
0.085600
-0.011518
-0.074065
0.130266
0.066501
0.013555
-0.034629
-0.130381
-0.111746
0.114000
0.163767
-0.064326
-0.085821
-0.058076
0.029855
0.094601
0.100007
0.083746
0.122436
0.097339
-0.035418
-0.147964
-0.050038
-0.112797
0.199657
0.165295
0.220791
0.230267
0.065751
0.082079
-0.125986
0.104067
-0.094582
-0.098213
0.035280
0.083383
0.006715
0.185932
0.042076
0.004448
0.018013
0.164069
-0.023539
0.045807
-0.012608
0.079748
0.146648
0.098789
0.051397
0.003288
-0.006935
0.094419
0.099363
0.153112
0.108873
0.019199
0.020662
-0.004789
0.197850
-0.040139
0.021796
0.021091
0.043292
-0.003974
-0.071264
-0.019105
0.040421
-0.035831
0.000102
0.013400
0.088722
-0.083621
-0.069442
-0.044772
0.092477
0.033709
0.100436
0.056463
-0.161013
-0.134967
0.266957
-0.041768
-0.055857
-0.126562
-0.089164
0.030784
0.011249
0.107506
-0.126438
0.058958
-0.140332
-0.154701
0.013033
-0.049249
0.011783
-0.062937
-0.202032
0.083997
-0.002891
0.021231
0.039606
0.018275
0.097723
0.019765
0.162433
-0.097982
0.018415
-0.053718
-0.121035
0.064602
-0.169557
0.137305
-0.098121
-0.047616
-0.117198
-0.023665
0.027933
-0.082948
-0.034884
0.066535
0.061950
0.000168
-0.046688
0.111262
-0.053002
-0.137393
0.078188
0.091876
-0.134891
-0.072506
0.028913
-0.139846
0.087621
-0.113702
-0.045512
-0.119021
0.009601
-0.064426
-0.126642
0.063227
0.167661
-0.071600
0.100809
0.000039
0.128207
0.013086
0.018699
0.100451
0.135582
-0.239222
-0.102624
-0.028218
-0.032486
0.083916
0.115669
-0.018590
0.077245
-0.113058
0.065125
0.026086
-0.078072
0.020563
-0.059711
-0.107490
-0.071923
-0.036832
0.002013
-0.043072
0.056390
-0.066406
0.149957
-0.108580
0.033418
0.048915
-0.013355
-0.075801
-0.058177
0.005381
-0.176889
-0.037839
-0.025180
-0.079134
0.173776
0.230432
-0.110455
-0.117460
0.041071
-0.229646
-0.052978
0.014409
0.118851
0.122445
0.159062
0.143481
-0.131099
0.073537
0.191765
-0.037356
0.018532
0.089310
0.216064
-0.016690
0.043691
-0.074046
0.211231
0.036706
0.012803
0.040126
-0.129022
0.104894
0.051877
0.170849
-0.296013
-0.014370
-0.081168
0.157570
-0.060367
0.006275
0.111206
0.065506
0.146966
0.014792
0.100635
-0.226495
-0.070708
0.052916
0.112991
-0.072200
0.061240
0.107022
-0.166747
0.081324
-0.128813
0.017286
0.029460
0.029837
0.092231
-0.014526
-0.063950
-0.325189
-0.032841
0.178433
0.098601
-0.031383
-0.062588
0.046911
-0.074152
0.081151
0.090700
-0.072139
0.041299
0.176480
-0.194573
-0.037563
0.006925
-0.105192
0.064080
0.047470
-0.040784
0.012135
-0.053724
-0.085899
0.223533
0.174943
0.048792
0.052434
-0.100666
-0.014409
-0.036677
0.038636
0.041363
0.103765
0.063906
-0.107799
-0.051978
-0.037530
-0.028580
0.110373
-0.028537
-0.159653
0.112397
-0.147558
0.112511
0.173944
0.139957
-0.013762
0.132241
-0.103362
0.042600
-0.021257
0.017097
0.142768
0.038898
-0.229494
0.027300
0.005010
0.124760
-0.236343
0.049868
-0.016417
0.049266
0.104938
-0.041832
0.014935
0.165095
0.042491
-0.201132
0.262029
0.158226
-0.023031
-0.036175
-0.046308
-0.105763
0.106777
-0.139896
-0.035247
-0.024152
-0.118788
0.151378
-0.050358
-0.050450
0.060433
-0.058700
-0.156647
0.027732
-0.055952
0.069396
-0.096225
-0.088711
-0.042378
0.044655
0.022880
-0.071145
-0.057638
-0.235056
0.090210
-0.018271
0.073805
-0.009297
0.142768
0.017635
-0.024799
0.075667
-0.154805
0.130475
-0.018958
0.102057
-0.176139
-0.004826
0.048412
-0.072111
0.081082
0.059969
-0.120150
-0.075944
0.002363
-0.045406
0.065274
0.070772
-0.095035
0.150613
-0.200111
-0.059732
0.131935
-0.015172
-0.006452
-0.018376
-0.145180
0.152964
-0.174468
-0.048184
-0.078698
0.214844
0.158751
-0.117001
0.009731
-0.027322
-0.140138
-0.050929
-0.015555
-0.067849
-0.030245
0.026878
0.044573
-0.064205
-0.004859
0.070481
-0.124759
-0.015506
-0.053530
-0.090611
0.259357
0.012780
0.123585
-0.066027
-0.109871
0.019976
-0.036358
0.233258
-0.073050
-0.048012
0.069894
-0.160057
-0.197689
0.099311
-0.192939
-0.016958
-0.070086
-0.042780
0.274226
-0.126594
-0.045037
-0.030551
0.039996
-0.091812
0.129436
-0.054340
-0.173844
0.103491
-0.047359
0.053369
-0.036226
-0.166770
0.001601
-0.080979
-0.038936
0.052426
0.034199
-0.039439
-0.080979
0.009079
-0.147933
-0.056226
0.048964
0.020853
-0.080361
-0.156138
0.012060
0.131219
0.065088
-0.176592
0.147255
0.030608
0.087438
-0.056363
-0.047210
-0.103980
-0.085778
-0.134579
0.094291
0.031631
0.030431
0.036805
0.135448
0.043613
-0.120002
-0.012203
0.004804
0.158078
-0.194571
0.120160
0.069313
-0.002550
-0.075089
0.071506
-0.178137
0.031241
-0.155605
0.131289
0.111153
0.005168
0.036623
0.051309
0.053183
0.048148
-0.038290
-0.107741
-0.045810
0.045904
0.148506
0.142903
-0.109232
-0.089544
0.079160
-0.050721
0.061653
-0.072227
-0.186385
0.060634
0.061311
0.060785
0.099439
-0.202892
-0.019486
0.048762
-0.169478
0.081338
-0.058193
-0.036617
-0.119441
-0.094024
0.032692
-0.017918
0.127606
0.042896
-0.038944
-0.070413
-0.021910
0.107785
-0.098931
-0.232359
-0.061973
-0.008454
0.144354
0.124055
0.126527
-0.044174
-0.032208
0.097888
-0.054667
-0.040034
-0.138511
0.055611
-0.019684
-0.091078
0.078084
-0.010490
0.081373
-0.113775
-0.138968
-0.118983
0.107359
-0.087622
0.000386
-0.182611
0.142861
-0.134116
0.012241
-0.041257
-0.085447
0.168361
-0.057423
-0.054801
-0.220609
0.020016
0.065339
-0.104937
0.100535
-0.084506
-0.076972
-0.030848
0.064382
-0.028934
-0.045735
-0.174076
0.140420
0.008137
-0.062910
0.041150
-0.105538
0.148581
-0.012331
0.088713
-0.324546
0.034336
-0.005255
0.027873
0.010885
-0.038158
0.002318
-0.169271
-0.139674
0.045179
-0.003536
-0.088925
-0.031200
-0.077878
-0.084995
-0.112295
-0.140286
-0.015270
-0.104367
-0.010358
-0.007736
-0.088085
-0.021224
-0.079570
0.079749
0.090885
0.197376
-0.051507
0.073454
-0.091930
-0.062428
-0.036205
-0.024780
0.076566
0.136804
0.058205
-0.027607
0.241497
-0.094840
0.044272
0.153788
0.113243
-0.046160
0.193260
0.000451
0.059986
-0.099389
-0.069235
-0.086251
0.079876
-0.078697
-0.020762
-0.035739
-0.007493
-0.112136
-0.125409
-0.070046
0.183352
0.223489
0.012620
-0.054517
-0.077539
0.120581
0.054013
0.232163
0.164604
0.039026
-0.017301
-0.010430
0.101576
0.045752
0.102871
0.020565
0.043007
-0.101707
0.131429
0.123163
-0.008454
0.052779
-0.008893
-0.002242
-0.217933
-0.129144
0.076847
0.132421
0.003914
0.057894
0.008473
-0.003427
-0.084944
-0.059547
0.032859
0.056406
0.041204
0.082909
-0.019619
0.099782
-0.007891
0.074849
-0.003757
0.029255
-0.142018
0.001219
-0.107615
0.043214
0.037178
-0.009306
-0.123062
0.042848
-0.025163
0.081877
-0.155149
0.071747
-0.090285
0.034337
-0.047288
0.017178
-0.043568
-0.078328
-0.104468
-0.044223
-0.042642
-0.097306
0.137724
0.075665
-0.028533
0.066460
-0.005219
-0.155607
0.032805
0.121308
0.047398
0.000639
-0.048672
-0.036698
-0.117285
0.076553
0.085839
0.122860
-0.053165
0.104636
0.085408
0.098836
-0.096358
-0.140453
-0.001452
-0.027899
-0.005334
0.038046
0.014597
-0.215527
0.057931
-0.207747
-0.022027
-0.082777
-0.057362
0.072554
-0.097281
-0.115073
0.018988
-0.033063
-0.045460
-0.064575
0.138875
-0.165424
-0.033717
-0.066240
0.122515
0.166598
0.008161
-0.026586
0.045083
-0.084124
-0.057096
0.132736
0.166482
-0.032166
0.045864
0.036240
0.117430
0.124588
-0.039958
0.063331
-0.220580
0.195880
-0.026918
0.160233
-0.004625
-0.112946
-0.040203
0.042107
0.131357
-0.114395
-0.070207
0.117841
-0.161086
0.106698
0.034682
0.176274
0.042770
-0.137969
0.033509
0.072113
0.120098
0.131505
0.027137
-0.034180
0.128014
0.027568
0.091368
-0.081980
0.213981
0.043620
0.075588
-0.150891
-0.105362
0.049848
-0.089793
0.079997
0.201554
-0.016555
0.047148
-0.113080
0.061447
-0.160635
0.159050
0.039678
-0.126781
0.042180
0.078079
-0.006517
-0.079373
0.002031
-0.024217
0.017769
-0.018428
-0.065182
0.040961
-0.132967
0.056199
-0.322629
-0.095222
0.010284
0.083652
-0.111013
0.036883
-0.085756
0.116226
-0.077278
-0.020099
0.045200
0.003010
-0.054760
-0.147344
-0.052535
-0.086964
-0.225750
0.094126
0.115206
-0.039043
-0.101229
0.194412
0.034764
0.129701
-0.076065
-0.033614
0.075038
0.172705
-0.022602
0.052440
0.015475
-0.043102
0.141865
0.165066
0.023698
0.193471
-0.030857
0.008378
0.030140
0.017912
0.024424
0.069744
-0.086563
0.013202
0.008218
0.132370
0.002000
0.062397
-0.190886
0.117703
-0.197035
0.126743
0.030604
-0.108274
-0.002630
0.125250
0.093346
0.103182
-0.048893
0.080734
0.060080
0.072761
0.008119
-0.157422
0.086858
0.134635
-0.086158
-0.048130
0.018561
-0.011724
0.121885
-0.250684
0.138416
-0.136069
-0.073574
0.030107
-0.115430
0.084602
-0.004199
0.123115
-0.046547
0.115130
0.022995
0.011902
-0.097361
0.266779
0.016866
0.114417
-0.058019
0.039633
-0.071100
0.041681
0.006917
0.030898
-0.055115
0.011708
0.086031
0.167759
-0.204265
0.046542
-0.042921
-0.040971
0.267095
0.046481
0.035076
0.100369
0.088518
0.049845
-0.181260
0.066102
-0.091966
0.022887
-0.003429
0.188834
-0.068581
0.189847
0.106949
-0.043213
0.019233
-0.116884
-0.096650
-0.093597
0.018638
0.011847
-0.118980
0.059008
0.057558
-0.077621
-0.051873
-0.126991
-0.030817
-0.114586
0.015740
0.078819
-0.137347
-0.218850
0.000714
-0.130288
-0.094512
0.061265
0.127156
-0.026366
0.048048
-0.048369
-0.050934
-0.015582
0.098844
-0.061113
0.124579
-0.063906
0.016539
0.038974
0.163614
0.079002
-0.126022
-0.044526
-0.066028
-0.047038
-0.043090
0.005543
-0.078980
0.108311
-0.042027
-0.079485
-0.060783
-0.025405
0.062550
-0.132324
0.090670
0.072525
0.048657
-0.091399
0.118831
-0.178759
-0.061132
0.019198
0.268465
0.158507
0.019555
-0.160178
-0.018852
0.044953
-0.014634
0.102545
0.050691
0.114435
0.069053
0.085350
-0.180138
-0.001937
0.018431
-0.042031
-0.007892
0.028553
0.096974
-0.076315
0.006964
0.064322
0.164455
-0.103581
-0.124187
-0.081666
-0.015609
0.174828
0.042473
0.003469
-0.016495
0.144259
0.090573
-0.071702
0.111965
0.119735
0.041338
-0.048261
-0.039836
-0.046254
-0.022947
0.125765
0.100271
0.060308
-0.026910
-0.139895
0.117912
0.000814
-0.037916
0.031857
0.024640
0.052832
0.076170
0.050229
-0.007391
0.127487
-0.014444
0.064430
-0.020128
-0.095657
0.115095
0.106748
0.002625
0.051417
0.165966
0.107332
-0.092678
0.189040
-0.023650
0.088597
0.047995
-0.195184
-0.201768
-0.015596
0.087595
-0.080308
-0.031620
0.126183
-0.002995
-0.035840
0.271376
-0.079807
-0.152272
-0.131228
0.092951
0.081669
0.041345
-0.086486
0.086802
0.066724
-0.048791
0.107119
0.034957
0.075327
0.145630
0.274088
0.066479
-0.076440
-0.007140
0.255364
-0.112993
-0.236305
0.040932
0.031026
0.138747
0.046560
-0.030129
-0.142815
0.034067
-0.084008
-0.000670
0.017899
0.220453
-0.005932
0.056680
0.020171
0.009996
0.137295
-0.117086
-0.043350
0.044659
0.123067
0.099568
-0.036885
0.108806
-0.159288
0.019984
0.025506
-0.051935
0.201274
-0.065253
0.015682
0.167481
-0.162537
-0.136274
0.006558
-0.126156
-0.094358
-0.237540
-0.000895
-0.045595
-0.070152
0.289754
0.111845
-0.071698
0.082848
0.054164
-0.062006
-0.052690
0.043199
-0.036218
0.065384
0.022875
-0.010068
-0.061104
-0.048406
0.197636
0.084766
0.121599
0.253961
0.024008
-0.030895
0.105144
-0.098693
0.029635
0.097536
-0.015437
-0.053671
-0.047191
-0.158859
0.051767
0.075513
-0.038976
-0.212781
0.035714
0.065713
0.053844
0.104210
0.053695
0.000544
-0.094474
-0.149031
-0.187815
0.162453
0.059846
0.093478
-0.021635
-0.025052
-0.181240
0.143290
-0.077089
0.026380
-0.105223
0.089853
-0.105418
-0.160284
-0.123712
0.174725
0.047648
0.062169
0.170846
0.058643
-0.089424
-0.081052
0.096227
-0.025873
-0.004939
0.014181
0.176072
0.082737
0.201472
-0.051451
-0.030357
0.258434
0.125096
0.006903
-0.023141
-0.144737
-0.117254
-0.098542
0.006963
-0.022718
0.165974
-0.034036
-0.047102
-0.052130
-0.029291
-0.072613
-0.053645
0.029519
-0.069691
-0.138195
-0.096109
0.096548
0.138533
0.144476
-0.016879
0.147226
-0.047479
-0.118458
0.083465
-0.085373
-0.023810
0.107228
0.031101
-0.169261
0.166250
-0.062354
0.021360
0.023001
-0.094023
-0.172642
0.065041
-0.071118
0.175430
0.020323
0.005043
0.073182
0.090404
-0.006815
0.049829
-0.029887
-0.047626
0.163397
0.033190
0.154523
-0.243376
-0.016091
-0.064103
-0.024766
0.096717
0.050133
0.136936
0.063719
0.021764
0.023452
-0.040676
0.036069
-0.292373
0.018260
0.016725
0.010096
0.080341
-0.150786
-0.068982
0.150141
-0.071045
-0.045123
0.113613
0.120508
0.082969
0.078763
0.015869
-0.002707
0.063896
-0.103753
0.006050
-0.077765
0.062712
0.094151
0.106457
-0.078609
-0.071187
-0.199742
-0.081263
0.122980
-0.080191
-0.071305
0.057112
-0.003367
-0.181910
0.045167
0.224329
0.058797
-0.026362
-0.041715
0.019356
0.002132
0.161089
-0.008785
-0.037506
-0.145333
-0.045961
0.169228
-0.044196
0.036262
0.054072
0.071360
-0.097433
0.031393
-0.006779
0.054837
-0.100043
0.084003
0.141260
0.040955
0.223720
0.056283
0.125776
-0.130942
-0.058391
0.227872
-0.029850
-0.084354
-0.044184
0.020325
0.143991
-0.003589
-0.088110
-0.075460
-0.177193
0.045844
0.174891
0.104569
-0.051599
0.029879
0.211201
0.083037
0.066458
-0.115207
-0.087125
0.006068
0.106645
-0.006193
-0.020629
0.299009
-0.068721
0.123625
-0.085915
-0.004384
-0.155637
-0.145205
-0.063982
-0.032932
-0.187341
-0.166765
-0.156590
0.094694
-0.027424
0.022510
-0.012641
0.063807
-0.014554
0.042839
0.155919
-0.101855
0.078023
0.188874
0.030713
-0.043321
0.031396
0.010155
0.106212
-0.010824
-0.032161
0.091223
0.149399
-0.010677
0.017895
0.063482
-0.153934
0.067302
-0.010616
0.094802
-0.200536
0.025351
0.196903
0.024091
0.073050
0.300568
0.139836
-0.060963
-0.067844
-0.162963
-0.011901
0.021431
-0.017319
0.112909
-0.047368
-0.129800
0.109399
-0.062990
-0.050516
0.024860
0.073251
-0.192001
0.120160
0.148424
-0.040215
-0.175813
-0.019800
0.163730
-0.026447
-0.023454
0.129306
-0.013300
0.039929
-0.104730
-0.002598
0.049216
-0.121474
-0.083290
0.153421
0.132445
0.022371
0.141707
0.035334
-0.095118
-0.042416
0.008919
-0.054703
-0.175395
-0.069235
-0.012321
-0.008686
-0.076205
0.121343
-0.048159
-0.138953
-0.032637
0.098876
-0.015965
0.018936
0.062528
-0.105272
-0.200500
-0.281665
-0.081166
-0.018792
0.114774
0.103991
0.091828
0.048849
0.009719
0.028870
0.085003
-0.056453
-0.042950
-0.036137
-0.025056
-0.052668
-0.085436
-0.021596
-0.070831
-0.115397
0.025740
-0.083521
0.183649
-0.098964
0.011302
-0.112659
0.000612
0.181389
0.088485
-0.128966
0.056638
-0.124746
0.042888
-0.102792
-0.040506
0.050081
0.045888
-0.177557
-0.003083
0.018595
-0.129220
0.078416
-0.099388
-0.228538
-0.025682
-0.041687
0.004497
0.006596
0.071704
-0.052165
-0.029945
-0.153708
0.046366
-0.119518
0.049506
0.046836
0.144127
-0.091052
-0.036648
-0.051619
0.146160
-0.014185
-0.147480
0.073731
-0.135816
0.297547
-0.116471
-0.163022
0.191898
0.163893
-0.082194
0.101458
-0.065729
-0.021911
-0.057064
-0.169336
0.032928
-0.183713
0.090109
0.055433
-0.014616
0.047612
0.099882
-0.035926
-0.025071
-0.021915
0.044774
0.102969
0.036583
0.156123
0.132145
0.208841
0.014084
0.055071
0.052742
0.004139
-0.093010
0.020917
-0.040196
-0.159342
0.074138
0.003207
-0.049530
0.011596
-0.033878
0.074582
0.113874
0.144601
-0.064885
0.055834
0.128861
-0.160426
-0.127460
0.080471
-0.102776
-0.016396
0.070596
0.226709
0.189762
-0.067739
0.035023
-0.055646
0.047987
-0.043300
-0.034761
0.116487
-0.025552
-0.087333
0.105267
0.121059
0.085441
-0.163755
-0.163935
-0.037981
-0.086878
0.045503
-0.038806
-0.078001
-0.104851
0.045961
0.029027
-0.056912
0.054790
0.115202
-0.031597
-0.043534
-0.026720
0.116094
0.084213
0.075698
-0.039293
0.240352
-0.103230
0.224587
0.046249
0.026972
0.165001
0.065007
0.153839
-0.041797
0.028123
0.151430
0.024525
0.037196
-0.066913
0.076975
0.090609
-0.001985
0.065656
-0.067232
-0.212352
-0.236430
-0.135753
-0.037886
-0.044917
-0.109603
-0.191107
0.178740
-0.032494
-0.075870
0.117333
-0.008093
-0.078882
-0.188942
0.158654
-0.073970
-0.033259
-0.057805
-0.053269
-0.012168
-0.000635
0.051197
-0.040854
0.085142
0.043337
0.154924
0.049077
0.190910
-0.115565
0.062152
-0.075521
0.004346
-0.040634
0.070550
-0.074639
0.081250
-0.111137
-0.033016
0.058142
-0.028321
-0.085533
-0.013841
0.013372
0.094880
0.024544
-0.278658
0.099288
0.172375
0.060471
0.122031
-0.073145
-0.109506
-0.045627
0.024463
0.033558
-0.097858
0.062452
-0.026497
0.040748
-0.183531
0.029253
0.210385
0.082695
-0.048509
-0.111494
-0.049423
0.225543
-0.166670
0.076673
0.043321
-0.038297
-0.120274
0.076332
-0.057156
0.005401
0.152471
-0.099541
-0.163584
-0.051200
-0.061064
-0.110463
0.113709
0.015408
-0.059281
-0.032935
0.044451
-0.154724
-0.060301
-0.215643
0.095559
0.026981
-0.048393
0.207682
0.055049
0.140409
-0.056404
-0.084663
-0.105564
-0.117448
0.106979
0.025477
0.148052
-0.284968
-0.062623
-0.110077
0.084584
0.250185
0.031262
0.051900
-0.091473
0.071078
0.052537
0.048431
-0.087164
0.013460
0.048571
-0.014126
-0.117863
0.022375
-0.012167
0.110644
0.246470
-0.084025
0.208648
0.163222
-0.069681
0.045029
0.001786
-0.014179
-0.159206
0.095384
0.012373
0.061039
-0.140099
-0.016817
-0.011227
0.168342
-0.122299
-0.095815
0.089672
0.013639
-0.165203
0.042111
0.009406
0.094536
-0.012700
-0.040231
0.030828
-0.012412
0.041128
-0.068581
-0.137596
-0.015066
0.036687
0.058846
-0.105097
0.060179
0.071481
-0.051717
0.004852
-0.092001
0.034462
0.015809
0.057473
0.024454
0.056378
-0.081253
-0.044442
0.212293
0.112045
0.011934
-0.042428
0.068135
0.019250
0.190004
0.079509
-0.113610
0.030354
-0.061722
-0.006501
0.131176
-0.222730
0.023841
-0.034337
0.030052
0.114646
0.168803
0.027228
-0.141893
-0.185796
0.073369
-0.124147
-0.106887
0.110197
-0.036352
0.093635
0.255367
0.112565
-0.069602
0.107860
0.175766
-0.009854
0.262020
-0.009147
-0.101019
0.089361
-0.180604
0.022724
0.017987
-0.109558
-0.045413
-0.215570
0.063465
-0.084935
0.027825
-0.013692
-0.034558
0.121161
-0.050412
-0.029482
-0.038205
0.070934
0.064023
-0.172143
-0.107560
0.168657
-0.071015
0.152735
-0.012038
0.086526
0.026570
0.129655
-0.139202
0.005395
0.039872
0.033507
-0.132886
0.064198
-0.008752
0.171940
0.012476
0.002784
0.069102
-0.025028
-0.252615
-0.120822
0.042086
-0.116276
-0.152423
-0.041737
0.233931
0.012194
0.060217
0.294927
0.042646
0.110901
0.063341
0.014555
-0.042164
0.106964
-0.043549
0.012345
0.161141
0.157895
0.046498
-0.153662
-0.043588
0.182654
-0.128873
0.010984
0.171882
-0.134452
-0.025030
-0.120591
0.070640
0.063497
-0.019193
0.068874
-0.029058
0.165205
0.021025
0.028250
-0.014287
-0.028626
0.070152
0.101310
-0.157283
0.069875
-0.026257
-0.079608
0.097733
0.012944
-0.108368
0.101632
-0.023015
0.121344
0.171480
0.024295
0.111308
-0.017566
-0.002699
0.034194
0.099906
0.073823
-0.063620
0.033300
-0.130494
-0.030749
0.019668
0.182485
-0.049223
0.016204
-0.155992
-0.032506
0.108097
-0.193832
-0.017444
-0.027439
0.149925
-0.145350
0.071817
-0.071121
0.027393
0.008351
0.131766
-0.073580
0.037400
0.014449
0.082518
-0.195681
0.165311
-0.084750
0.109643
0.078893
0.144337
-0.184670
-0.106024
0.172334
-0.188898
-0.121977
0.264387
0.013723
-0.003949
0.109026
0.076696
0.069830
-0.042511
0.148551
-0.036362
0.119448
0.023605
0.016104
0.059481
-0.053914
0.025734
0.088355
-0.032212
-0.098363
0.130664
-0.019990
-0.142988
-0.132619
0.014497
0.079516
0.124791
-0.158752
-0.153744
0.088420
0.014376
0.080725
-0.026969
-0.057025
0.107322
0.051005
0.079804
-0.022817
0.172651
0.013284
-0.248725
-0.025477
-0.167760
-0.017109
-0.190750
0.067156
-0.121222
0.019344
0.102508
0.048685
0.053644
-0.278191
-0.004356
0.040652
0.028791
-0.005785
0.023867
0.011867
-0.013219
-0.023242
0.002331
-0.097841
0.034605
0.007620
-0.095974
-0.028372
-0.021123
-0.210657
0.065342
0.125404
-0.000512
0.035947
0.051298
0.085824
-0.064728
-0.054366
-0.025079
0.033118
-0.180393
-0.228883
0.044468
0.005745
-0.055731
-0.064691
0.015056
0.057374
-0.128586
-0.115489
-0.076462
-0.033507
0.200393
-0.005437
0.021105
-0.032860
0.142973
0.108776
-0.076013
0.024495
-0.112675
0.024937
0.039078
0.109741
0.052067
-0.115752
0.034413
0.039484
0.096291
0.023761
-0.118895
-0.083568
-0.087684
0.014648
0.080280
-0.030747
-0.137441
-0.167836
0.033110
-0.015128
0.059961
-0.026808
0.033634
0.152227
0.023302
0.013512
-0.053118
0.193420
-0.178507
-0.035031
-0.045057
-0.067996
0.063788
0.071753
-0.058577
-0.070100
0.013996
0.056754
-0.095337
-0.184243
-0.001448
0.121013
0.101019
-0.127201
-0.039429
0.051693
0.130487
-0.045682
-0.047057
0.293452
-0.012462
-0.287739
0.005534
-0.114092
0.051747
-0.123701
-0.112616
0.052041
-0.001108
0.007542
0.208799
-0.170141
0.018818
-0.139068
-0.006405
0.159396
0.064145
-0.088602
0.000745
-0.001014
-0.066153
-0.157861
-0.074546
0.127686
0.170861
0.064295
-0.004320
0.079906
-0.042960
-0.158284
-0.184573
-0.116250
0.089282
-0.208874
-0.153956
0.060248
0.076596
-0.182182
0.113960
-0.190241
0.060688
-0.103095
-0.020504
0.063291
0.104473
-0.074629
0.021374
0.088443
-0.192488
-0.212699
0.000722
0.229126
-0.068751
-0.003872
-0.037583
-0.115825
0.009095
0.110922
-0.097263
-0.182074
-0.014770
0.117966
-0.095820
0.022310
0.196396
-0.038789
-0.080221
0.129891
-0.178210
-0.099599
0.104953
0.030059
-0.137732
0.065874
-0.011301
0.040795
0.242068
-0.113182
-0.003102
-0.152120
-0.142320
-0.074240
0.093445
0.073295
-0.082895
0.060521
0.028653
-0.104641
-0.122914
0.058171
0.009971
-0.111857
-0.114364
0.003374
0.053275
-0.005200
0.109800
0.056180
0.052839
-0.002466
-0.105651
-0.171522
0.118840
0.018852
-0.049243
0.183023
0.106994
0.040151
0.002229
0.241276
-0.160829
-0.081691
0.052529
0.070229
-0.010303
-0.172392
0.052629
-0.198536
0.101598
-0.044739
-0.038574
-0.098346
-0.061755
0.016958
0.006386
-0.126364
0.074891
-0.158941
0.006639
0.067787
-0.108258
0.196451
0.018037
0.033820
-0.209618
-0.069844
-0.155449
-0.000173
-0.063204
0.027838
-0.087816
-0.051118
0.003000
0.031684
-0.027766
0.044526
0.107672
0.132163
0.040452
-0.028200
0.077176
-0.069723
-0.127499
-0.145387
0.044611
-0.020814
-0.172150
-0.091565
0.047075
-0.201166
-0.004445
-0.169756
-0.000302
0.141687
-0.089018
0.105392
0.091338
0.002917
-0.021059
0.073968
0.068110
0.003793
0.026670
0.029335
-0.094241
0.059002
0.121394
0.216124
0.204395
-0.008727
-0.041378
-0.018504
-0.205016
0.017403
-0.164294
0.023984
-0.209918
-0.066344
0.124429
0.092779
-0.078312
0.088026
0.100177
-0.021058
0.082568
-0.037243
-0.013511
0.019873
-0.062358
-0.002936
-0.069399
-0.097684
0.146226
-0.175029
-0.027847
0.114381
-0.069968
0.084989
0.026475
-0.131552
-0.085814
0.039392
-0.032539
-0.022484
0.109735
0.104858
-0.152311
0.174195
0.199871
0.042899
-0.037959
0.030253
-0.198557
-0.129142
0.052624
-0.028566
0.102327
0.047411
0.047634
0.025766
0.177505
0.097035
-0.133076
-0.044646
0.184123
-0.182405
-0.138164
-0.018598
-0.087427
-0.022361
-0.064171
0.108979
0.036067
-0.051005
0.093140
0.198054
-0.072521
-0.102946
-0.038770
0.070445
-0.012941
-0.169514
0.010107
-0.225459
-0.034868
-0.063116
0.013365
0.162962
-0.179701
0.001406
0.129044
-0.021186
0.084891
0.086672
-0.127845
0.139119
0.267666
0.008200
-0.124031
-0.100615
-0.077175
0.098638
-0.000320
-0.018501
0.046956
0.067347
-0.153264
-0.048670
0.090450
-0.057466
0.027615
0.114954
0.118554
0.130982
0.014288
-0.050913
0.027952
-0.082745
0.066758
0.128239
0.038152
0.005797
0.098249
-0.021673
-0.023012
0.039480
0.030417
0.167299
-0.120548
0.024778
-0.091891
-0.027426
0.114335
-0.068824
0.238754
-0.074008
0.099000
0.070033
-0.023490
0.018145
-0.188950
0.195899
0.231228
-0.156890
-0.091995
0.119977
0.014396
0.080612
-0.007202
-0.004355
0.020307
0.108757
-0.045098
0.070584
-0.030158
-0.081442
0.002003
-0.067596
0.003195
-0.032374
0.084915
-0.086887
0.032735
-0.021735
0.146658
0.166926
0.138805
0.084773
0.050047
-0.105624
-0.106739
0.157420
-0.032276
-0.130017
-0.007367
-0.098613
0.038214
0.041927
-0.060386
-0.084097
0.013150
0.087119
0.008112
0.037744
0.031255
-0.029991
0.007206
0.160651
0.094228
0.142180
-0.087237
0.068943
-0.124104
0.189028
0.148503
0.030720
0.026063
0.055831
0.057094
0.083354
-0.062893
-0.172108
-0.048837
0.103955
-0.049780
-0.080616
0.034937
-0.072126
-0.155176
0.184736
-0.135009
-0.013481
-0.084858
-0.134402
0.100540
0.020463
-0.010207
-0.079339
0.144353
0.171016
0.000721
0.025312
-0.008102
-0.156029
0.032726
0.126678
-0.079314
0.084725
0.078395
0.032108
0.035283
0.027058
-0.136535
-0.118375
0.059222
0.081356
0.191873
-0.109394
-0.031923
0.048856
0.153480
-0.055365
-0.018674
0.042784
-0.068183
-0.034775
0.093064
-0.120420
0.044999
-0.042832
0.088215
-0.002212
0.043380
-0.078497
0.001911
-0.008483
-0.077937
0.112345
0.059036
0.016294
-0.019529
0.075044
0.206244
-0.021235
-0.077298
0.142559
0.118716
0.148466
0.147988
0.095613
0.201531
0.073368
0.109952
0.048251
0.200459
0.384201
0.045921
-0.040386
0.069419
0.020532
-0.012556
0.031134
-0.119733
-0.104374
0.009335
-0.002070
-0.007541
-0.069225
-0.041099
-0.124480
-0.054674
-0.094174
-0.003754
0.077750
0.014518
0.034947
-0.040135
-0.032787
-0.022992
0.025260
-0.019778
0.077640
0.121120
-0.073895
-0.093507
0.041380
-0.021476
-0.154700
-0.017510
0.051987
0.131925
-0.018735
0.034442
0.033102
-0.068290
-0.012915
-0.108614
0.006900
0.114234
0.042202
0.187955
0.075509
-0.041122
0.285594
0.133507
0.159629
0.091429
-0.007704
0.070750
-0.110140
-0.023834
0.031894
0.090240
0.022790
-0.103617
-0.105059
0.088063
0.192591
0.138985
-0.057288
-0.005988
-0.055203
0.039123
-0.021846
0.074416
-0.183555
0.047911
-0.007357
0.167447
0.022691
-0.142537
0.089966
-0.065338
-0.011901
-0.058200
-0.123159
0.059402
-0.225871
0.317798
-0.065519
-0.078263
-0.086017
0.124067
-0.202949
-0.022440
-0.048036
-0.026069
-0.051780
-0.038131
0.065002
-0.049552
-0.001237
-0.002816
0.115450
-0.193038
0.228798
0.177865
0.126690
0.026357
0.015568
0.064809
-0.027870
0.133021
-0.135520
0.122762
0.157910
0.038661
-0.117429
-0.098638
0.023342
0.124589
-0.043779
0.101616
-0.001632
-0.114470
0.112818
-0.001008
-0.022933
0.062001
0.228887
0.108338
0.051818
0.031975
-0.007036
0.082131
0.033076
-0.074115
0.106423
-0.122018
0.066224
0.176184
-0.038870
-0.120477
-0.061744
-0.024231
0.161438
0.101946
0.150030
-0.050865
0.017641
-0.043832
0.003954
0.045230
-0.162205
0.136109
0.110317
0.034828
0.094449
-0.072639
0.094187
-0.019819
-0.050078
-0.096348
0.227338
0.083426
-0.055208
0.046191
0.146887
-0.013556
-0.057182
0.046581
0.018448
0.015884
0.013856
0.106816
-0.202510
-0.076254
-0.180286
0.029145
0.069439
0.227676
-0.068046
-0.012554
-0.128484
0.019073
-0.007488
-0.088130
-0.038033
0.041116
0.075268
0.060589
0.106863
-0.132716
0.004775
-0.030835
-0.062459
-0.029485
0.015302
-0.130808
-0.022652
0.168451
0.024121
0.070357
0.087651
-0.023958
0.094427
0.066944
-0.209322
-0.112487
-0.023468
-0.021038
0.180696
0.099288
0.092266
-0.029576
0.071424
0.174880
0.078068
0.095897
0.042321
0.030144
-0.107604
0.061028
0.015656
0.052745
0.039355
0.016706
0.049704
0.071907
-0.064443
0.083108
-0.055693
-0.003380
0.193821
0.307172
-0.005977
0.006249
0.151635
-0.106114
0.055714
-0.109405
-0.096700
-0.062467
-0.012401
0.026330
-0.113861
0.041166
-0.003475
-0.018603
-0.007145
0.026311
0.063042
0.075778
-0.032368
-0.101209
-0.113468
-0.191539
-0.105884
-0.049140
-0.035345
-0.238601
0.093448
-0.163251
-0.078543
0.035696
-0.054369
0.106401
-0.122768
-0.023124
0.021353
0.046578
0.058144
-0.117122
0.111864
0.063806
-0.160361
-0.142145
0.101894
-0.002012
0.151485
0.283753
0.038994
0.059884
0.031272
-0.029642
0.129199
-0.105359
-0.063968
0.179518
0.239337
-0.000823
0.086384
-0.045022
-0.073557
0.097932
-0.267092
-0.083200
-0.021160
0.040321
0.031698
-0.019604
-0.099821
0.070755
-0.101100
-0.136076
-0.059730
-0.022403
0.007224
-0.066049
-0.145469
-0.069397
0.115038
0.145234
0.037817
-0.106547
-0.121079
-0.018069
0.014406
0.019417
0.055889
0.085160
-0.025096
0.013842
0.183854
0.109967
-0.030832
-0.198873
-0.058909
-0.142531
0.014547
-0.019296
-0.162235
0.113128
0.066566
0.018796
-0.016290
-0.085511
0.100063
0.124661
0.025069
0.260836
0.039697
0.110008
0.017712
-0.077095
-0.006927
-0.043512
-0.246290
0.067894
-0.189016
0.078212
-0.275131
0.100472
-0.051996
-0.152892
-0.032252
-0.013295
-0.136933
0.154715
-0.054599
0.092927
0.039204
0.092920
-0.037259
0.045347
0.041619
0.030002
0.108222
-0.005091
0.138056
-0.004909
0.013904
-0.123556
0.016564
-0.050564
0.141404
-0.055144
-0.033192
-0.022212
-0.096422
-0.077946
-0.017000
0.069827
0.142516
0.007312
0.051758
0.039654
0.006504
-0.075773
0.062641
-0.157606
0.121554
-0.060227
0.066841
-0.106681
-0.128071
0.089439
-0.166178
-0.176149
0.150676
-0.175236
0.063522
0.018839
-0.058538
0.194908
-0.105761
0.011973
0.075737
0.066995
0.145364
-0.079668
0.058082
-0.033012
0.145828
-0.051363
-0.058314
0.022657
0.164751
0.035403
-0.101027
0.085737
0.073055
-0.002856
-0.216878
-0.022120
-0.027041
-0.081785
0.040563
0.009576
-0.115601
0.066962
0.008176
0.139952
-0.011235
0.050859
0.009093
-0.091457
-0.012245
-0.000465
-0.036612
0.025408
0.040025
-0.018737
0.015100
-0.082818
0.080760
-0.052326
-0.070168
-0.054264
0.089646
0.119071
-0.051613
0.088776
-0.106077
0.161533
-0.179686
-0.000140
0.075327
-0.018297
-0.021102
0.130309
0.091855
0.050380
-0.098582
-0.091032
0.095524
0.072199
-0.039830
-0.065658
-0.027521
0.079718
-0.138433
-0.174046
-0.021689
-0.000962
0.134436
-0.055349
-0.037024
-0.066797
-0.111385
0.003198
0.215896
-0.057343
0.129028
-0.018545
-0.091141
-0.025227
-0.205767
-0.037484
0.035974
-0.201390
-0.054063
-0.057390
-0.069042
-0.099040
0.089927
0.005858
-0.027655
0.057520
-0.072676
-0.001528
-0.100955
0.051472
-0.130481
0.052272
-0.230406
-0.030360
-0.023563
0.042820
-0.081641
-0.128843
0.059509
-0.116992
-0.054882
0.213774
-0.026942
-0.124937
0.127338
-0.042225
-0.020820
-0.069865
0.048649
-0.019418
0.170888
-0.074832
0.265205
0.236874
-0.191000
0.070624
0.000975
-0.002055
-0.031906
0.071235
0.063469
0.021797
-0.000533
-0.163923
-0.075734
-0.125588
0.159111
0.052617
0.101995
-0.009218
-0.005281
-0.123918
-0.024394
-0.138032
0.069536
0.082082
-0.058823
-0.149696
-0.157635
-0.027119
0.028664
0.320737
0.037694
0.259323
0.047770
0.056027
-0.084098
-0.250212
-0.083630
-0.075725
-0.006301
0.017306
-0.031578
-0.050551
0.102739
-0.019249
0.042532
-0.074264
-0.040923
-0.035254
-0.150645
-0.123492
0.054032
-0.070903
0.167274
0.050988
0.127386
0.117882
0.274567
-0.092301
-0.013456
0.007404
-0.057464
0.030289
-0.011559
0.042494
0.125914
0.062830
-0.056898
0.088356
-0.074026
0.078805
-0.226913
-0.041859
0.013666
-0.053629
-0.124531
-0.013442
0.030693
0.071901
0.014032
-0.012599
0.005709
0.060891
-0.082829
0.133516
0.014233
-0.102890
-0.073072
-0.081268
0.099715
0.270718
0.069681
0.054563
-0.210779
0.092356
-0.144260
-0.033845
-0.010162
-0.012607
0.026898
0.156563
0.043564
0.045419
0.080083
0.180699
-0.116755
-0.253525
-0.065428
0.039588
0.067745
-0.003417
0.073487
-0.012402
-0.016435
-0.010241
-0.043567
0.004932
-0.096376
0.003316
-0.008650
-0.006460
-0.017743
0.133318
0.056369
0.051539
0.009238
-0.028427
-0.014302
-0.116197
0.172558
-0.112467
0.039558
0.098535
0.094804
-0.006418
0.089691
-0.144041
-0.057687
0.000914
-0.049954
0.009577
-0.082581
0.032997
-0.174963
-0.169441
0.175759
-0.057281
0.156142
-0.127138
0.010822
0.012706
0.031341
-0.083036
-0.137463
0.043195
0.082768
-0.049271
0.034489
0.111703
0.048389
0.108283
0.184538
-0.036600
0.073292
0.061817
-0.113149
0.061691
-0.069538
-0.006242
0.092135
-0.061198
-0.107172
-0.207761
-0.030969
0.073963
0.081469
0.170518
-0.059130
0.061316
-0.019045
0.005280
0.001050
0.121264
-0.194672
0.014435
-0.042112
0.091095
-0.076005
-0.007599
0.044829
0.057941
-0.020746
0.019394
0.034214
0.059009
0.108859
0.117547
-0.119937
-0.013447
-0.009591
-0.051139
-0.093289
0.088957
-0.043049
0.166839
0.026330
0.158365
0.012793
-0.085698
-0.118846
0.054054
-0.003226
0.087231
-0.071034
-0.059078
-0.030246
0.001447
0.092548
0.015704
-0.056013
-0.153483
-0.035243
-0.039202
-0.103881
0.147789
0.025132
-0.218936
0.076711
0.112883
0.037739
0.117357
0.057618
-0.147026
-0.141625
0.111343
0.002553
-0.009404
0.123381
0.102417
0.005252
-0.011043
-0.133171
-0.146649
0.101314
0.144885
-0.047683
0.046488
0.150605
-0.178435
0.097422
-0.074621
0.001110
0.093318
0.113318
-0.009885
0.119334
0.038889
-0.090695
-0.082001
0.085177
-0.021518
0.002688
-0.153920
0.016741
-0.025209
-0.165192
0.002748
0.069777
0.049986
-0.161932
0.099687
0.061025
-0.109985
-0.105604
-0.055077
-0.123572
-0.189314
0.050254
-0.043553
-0.203748
0.103407
-0.111308
-0.031167
0.196700
0.097895
-0.033190
-0.089654
0.075595
-0.023847
-0.061077
-0.040462
-0.157958
0.060618
0.052929
0.129165
-0.033332
-0.006094
-0.161801
-0.081760
-0.046721
-0.005302
-0.028313
-0.007692
0.060383
0.192255
0.087712
0.012744
-0.108587
-0.123994
0.271514
-0.011200
-0.070636
0.183139
-0.153328
-0.051120
-0.071613
-0.074434
0.072810
0.033289
-0.043482
-0.011873
-0.045165
0.162722
0.029242
0.190033
0.032524
0.020634
0.231125
-0.152932
-0.005855
0.074039
0.030016
-0.215129
0.165794
0.018406
0.093984
-0.001965
-0.057827
-0.104375
-0.045015
-0.084303
-0.123337
0.090672
-0.055933
0.116273
-0.009028
-0.051972
-0.086871
-0.098195
0.105226
-0.015459
0.057564
0.021556
0.053701
0.017019
0.006096
0.092829
-0.003826
0.000554
0.137861
0.045286
0.153448
-0.092714
-0.158847
0.108723
-0.220753
-0.014966
0.103785
0.062326
0.024389
0.054390
-0.110977
-0.060010
-0.120348
-0.140389
0.089250
0.019889
-0.016827
-0.122749
0.168542
-0.156967
-0.033441
0.099213
-0.009789
-0.035029
-0.069226
-0.113591
0.036479
0.001559
-0.112087
-0.134330
0.044315
-0.195776
0.025510
-0.060233
0.024505
-0.079570
-0.117211
-0.195798
0.001609
-0.074401
0.011309
-0.094315
-0.207624
-0.064631
0.056217
-0.037228
0.097265
0.229322
-0.116647
0.013850
-0.045422
-0.052922
-0.143010
0.068766
0.034848
0.113685
0.004989
0.125236
0.156822
0.052055
0.199510
0.019138
0.072011
-0.067092
0.196066
0.251515
-0.044667
-0.039848
0.101524
-0.047288
-0.113949
-0.060890
-0.133487
-0.056775
0.055631
-0.095116
0.125944
0.019357
-0.037340
-0.023598
-0.066424
-0.059073
-0.015405
0.239753
0.006665
0.049932
-0.149364
0.016110
-0.092180
-0.064048
0.037283
-0.021894
-0.021739
-0.098933
-0.087700
0.152178
-0.102037
0.013707
0.043204
-0.031264
-0.060767
-0.056630
-0.111613
-0.060551
0.226644
0.026271
-0.118533
-0.041426
0.005425
-0.003838
0.001750
0.072899
-0.051906
0.072584
-0.065327
-0.097061
-0.118805
0.246477
0.073272
0.092537
0.010193
0.084495
-0.114320
-0.102572
-0.114836
-0.033334
0.110102
-0.066930
0.038705
0.037294
0.183719
0.010303
-0.065534
-0.023850
0.173933
0.067141
-0.061433
0.128554
0.016187
-0.053461
0.070314
-0.138368
-0.086356
-0.108971
0.023966
-0.093223
-0.102982
-0.019804
0.008337
-0.011720
-0.127926
0.184808
0.005576
-0.063788
0.166848
0.120505
-0.145759
0.027247
0.115791
0.180898
-0.072250
0.093496
0.156733
-0.077746
-0.134072
0.070953
-0.066581
-0.053148
-0.070184
0.012987
0.052290
0.083209
-0.075455
0.058627
0.016608
-0.053350
0.092798
0.025765
-0.050589
-0.007493
0.178838
0.018687
0.069853
-0.061678
-0.122322
0.014092
-0.040459
-0.067964
-0.073718
0.010674
-0.217909
0.067420
0.054443
0.034658
-0.080275
0.143259
0.019498
0.070530
0.065320
0.103967
0.051188
-0.128592
-0.014453
0.075413
-0.028691
0.051900
-0.068713
0.150661
-0.137499
0.054378
-0.003921
-0.019915
-0.022229
0.027890
-0.012537
0.017792
-0.155301
0.154001
0.112609
-0.019300
-0.027972
0.261626
-0.042153
0.038732
0.063176
-0.109136
0.071014
0.188512
0.174571
-0.039395
-0.101597
-0.079702
0.026269
0.090392
0.093041
-0.075306
0.023624
0.022597
0.041278
-0.019240
0.080870
0.090559
0.066550
0.113941
0.141494
-0.061748
-0.147837
-0.196189
-0.118315
0.057266
-0.101378
0.125061
0.007293
-0.028554
0.036059
-0.072221
-0.119009
0.155959
-0.050730
-0.124039
-0.106150
0.048991
0.124363
0.011512
0.125169
0.314717
-0.105487
-0.060753
-0.024084
0.047872
-0.102064
0.020241
-0.027314
0.047191
-0.224187
0.098418
-0.013860
0.009096
0.106887
0.071074
-0.001221
0.114075
-0.088001
0.058685
-0.061372
0.075084
-0.147365
-0.097406
-0.059244
0.169781
-0.172575
0.112134
0.040349
0.015682
-0.082374
-0.032175
0.004862
0.217769
-0.054175
0.177531
0.082732
-0.126189
0.233309
-0.220147
0.131094
0.086860
0.053133
0.137386
0.061404
0.032428
0.217158
-0.129178
-0.030209
0.022923
-0.232360
0.169088
0.179672
-0.088895
0.019079
0.071560
0.010446
-0.055090
-0.005717
-0.154193
-0.094888
0.032551
0.013693
-0.153528
0.159813
-0.144933
-0.140430
0.022881
0.011264
0.012629
0.018969
-0.075874
-0.041893
-0.142179
-0.148975
0.200711
0.016302
0.038149
0.176640
0.165473
0.011484
-0.144478
-0.082496
-0.038477
0.003791
0.013967
0.146475
0.026979
-0.054208
-0.044291
0.087572
-0.207878
-0.118787
0.076098
-0.043831
0.041360
-0.025942
0.057430
0.056362
-0.025448
0.075764
-0.091444
0.069064
-0.056881
0.058824
0.086203
-0.025455
-0.067433
-0.010831
-0.079806
-0.011580
0.053396
0.041928
-0.047390
0.104732
-0.026741
-0.068481
0.069372
-0.043777
0.049378
0.037331
0.118377
0.174780
0.096889
0.019368
-0.016905
0.079339
0.033891
-0.086727
-0.008481
-0.041951
0.090702
-0.023662
0.036709
0.069303
-0.071048
-0.116937
0.165809
-0.017743
0.017121
-0.156272
-0.237039
0.101639
-0.046711
0.065733
-0.065214
-0.182353
0.048124
0.100580
0.024643
0.048846
-0.062557
-0.060398
0.122761
-0.002531
-0.016760
-0.038180
-0.134015
-0.100749
-0.018209
0.085680
-0.032433
0.183925
-0.011364
-0.009161
0.033133
0.001910
0.120151
0.090850
0.041611
-0.173603
-0.238887
0.066615
-0.184308
-0.054419
-0.118513
0.008923
-0.004289
-0.004059
-0.070805
-0.057998
0.033300
0.075383
-0.061174
-0.132956
-0.095243
0.072316
0.030583
-0.098418
-0.151404
0.043796
0.034967
0.076208
0.144306
-0.021383
-0.118747
0.168981
0.039976
0.079795
0.055633
-0.011262
-0.055215
0.060060
-0.050740
0.055976
-0.025090
-0.092022
0.110211
-0.224500
-0.027267
-0.031252
0.170125
0.010333
0.045511
-0.038217
0.115526
0.196010
0.033515
0.093216
-0.136038
0.118773
0.066642
-0.155647
0.046115
-0.007574
-0.067892
0.124365
0.047415
0.134021
0.124081
0.145838
0.039501
-0.112128
0.069779
-0.144290
0.076129
0.011201
-0.028888
-0.044779
-0.067837
0.039092
0.010264
0.230442
-0.021667
-0.004923
-0.111949
-0.059635
0.048608
0.100702
-0.048275
-0.047345
0.168867
0.137515
-0.144685
0.180197
0.035795
-0.070721
0.146105
-0.029003
-0.157239
0.185435
0.056535
0.095605
0.084035
-0.086627
0.090431
-0.125908
0.106002
0.065598
-0.162363
-0.156053
-0.064018
-0.025321
0.175773
0.026956
-0.129888
0.072414
0.061876
-0.169371
-0.037892
0.072678
-0.045920
0.081428
0.075413
0.107804
-0.002956
-0.051620
-0.088301
0.194110
0.001985
-0.107111
0.011187
0.006977
-0.039873
-0.119847
0.207912
0.075532
-0.056438
-0.046801
-0.062016
0.116835
-0.016893
-0.238783
-0.064171
0.077073
0.000678
0.000599
0.005861
-0.094985
0.075107
-0.005991
-0.065646
-0.046939
-0.013291
-0.105476
0.017478
0.125931
0.020867
-0.054748
-0.006181
0.035934
0.188784
0.038526
-0.131259
0.032945
0.020422
0.034344
0.055534
0.065860
-0.125147
-0.104222
-0.050930
0.006937
0.051815
-0.004537
-0.125544
0.114234
0.093456
-0.131292
0.114493
-0.088139
0.157965
0.033783
-0.190006
0.090372
-0.087191
0.105200
0.145749
0.069007
-0.085947
-0.058855
0.255470
0.137265
-0.144802
0.189960
-0.055622
-0.254709
0.006475
-0.129101
0.099962
0.127889
-0.027909
-0.080597
-0.091708
0.003721
-0.161170
-0.074506
0.130933
-0.036021
-0.162171
0.140167
0.007298
0.096284
-0.056333
0.039294
-0.169620
0.017541
-0.068552
-0.009816
-0.108836
0.002835
-0.163123
0.158897
-0.176665
-0.068686
-0.111737
-0.073695
0.204184
-0.036210
0.051596
0.027451
-0.042156
-0.066456
-0.079721
-0.190969
0.148509
-0.009391
-0.025571
0.040162
-0.057756
0.255318
-0.025352
0.118435
-0.031571
-0.004226
-0.160145
0.082728
0.024583
-0.113325
-0.077246
-0.087816
-0.194371
0.176654
0.067642
-0.020354
-0.086297
0.026719
0.154107
0.024154
-0.028202
0.068320
-0.152862
0.005838
-0.111268
0.084899
-0.001360
0.089464
-0.092204
-0.057680
0.087003
-0.143670
0.122435
0.002347
-0.059280
0.039528
-0.044733
-0.002796
-0.075493
0.070071
-0.069017
-0.099164
-0.037930
0.096339
-0.013674
0.101635
0.189906
0.005754
-0.099685
0.049226
0.108887
0.107190
-0.061058
0.002318
0.013403
-0.106440
-0.101434
0.115578
0.029369
-0.145260
-0.033499
-0.096269
0.078495
-0.172799
-0.016686
0.113109
0.089741
0.024364
-0.040436
-0.161944
0.181647
-0.127414
0.052058
-0.137666
0.136683
-0.007985
-0.020894
0.060368
0.007761
0.193644
-0.171115
-0.077714
0.009777
0.060041
-0.293292
0.049443
0.004189
-0.064353
0.052826
-0.079000
-0.081095
0.086033
-0.002259
0.008140
-0.171124
0.156061
0.041364
0.014418
-0.073701
0.066806
0.072963
-0.237493
0.030558
0.000834
0.095556
0.047610
0.141289
-0.102258
0.134597
0.005206
0.033147
0.044369
0.021315
-0.045571
0.090601
-0.148780
-0.115770
0.101640
-0.067152
-0.101485
-0.086446
-0.114253
0.080157
0.039046
0.128283
0.067901
-0.024218
0.057559
-0.031889
-0.173489
0.088259
-0.142005
-0.168918
-0.014483
0.011552
-0.081898
0.077944
-0.019252
-0.131083
-0.030600
0.022808
-0.068428
-0.009969
-0.202500
-0.257209
0.130715
-0.083493
0.178540
-0.047397
-0.055053
0.205782
-0.286812
-0.039927
-0.085531
0.034603
0.033551
0.010952
0.115751
-0.090081
-0.008363
0.010889
-0.102759
0.077545
0.072267
-0.085367
0.035330
0.023916
0.132105
0.000473
-0.038892
0.047638
-0.046456
-0.059657
-0.021760
0.051469
-0.139520
0.181792
-0.129565
0.134283
-0.004281
-0.045310
0.056470
0.137357
0.111414
-0.063587
-0.172506
-0.083609
0.021444
0.101615
0.070645
-0.112296
-0.062132
-0.073276
-0.060264
-0.180732
0.050006
0.205287
-0.024511
-0.258892
0.011031
0.182271
0.003545
-0.096240
-0.049052
0.018111
0.081917
0.139817
0.180297
0.064576
-0.170187
-0.118615
0.025532
-0.002053
0.009025
0.074565
0.198562
-0.066999
0.180483
0.075398
-0.159218
0.030385
-0.048998
-0.098912
0.122835
-0.026157
0.037803
0.040308
-0.034890
0.020104
0.124448
0.107268
-0.073278
-0.037721
0.054191
-0.007619
-0.142709
0.014418
0.072919
0.100970
-0.069599
0.090931
0.053614
0.003414
-0.082610
0.094675
0.111155
-0.119534
0.212316
0.026399
0.022963
-0.166358
-0.040812
0.030190
0.218495
-0.181010
-0.170763
-0.001610
-0.029033
-0.057305
-0.241483
0.011405
-0.016205
0.094051
-0.085725
0.011949
0.002139
-0.109543
-0.079209
0.046084
-0.000227
-0.121908
0.044285
-0.015861
0.198507
-0.043533
-0.007610
-0.159621
0.085150
0.058069
-0.102608
-0.119571
0.265503
0.009315
0.072188
-0.085331
-0.065644
-0.034771
-0.212222
-0.070236
0.141599
-0.030054
-0.000608
0.179111
0.181919
-0.107270
0.102845
-0.152466
0.119018
0.043151
0.172330
0.038739
0.082507
0.115333
0.045920
-0.089660
-0.089907
0.004604
0.114834
-0.082137
-0.005138
0.075035
-0.001538
0.044230
0.080328
-0.075665
-0.293545
-0.068039
-0.170126
-0.038455
0.019045
0.015364
0.027682
-0.096815
-0.058090
-0.106182
0.004551
-0.005928
-0.173368
-0.039182
0.058775
0.058932
-0.053754
0.148600
-0.084091
-0.186428
0.000182
0.078066
0.051128
-0.090770
-0.009380
0.135412
0.086914
0.013365
0.026122
0.062586
-0.112696
-0.118331
0.081566
-0.095853
0.010644
0.137607
0.024792
-0.010509
0.093822
0.014337
-0.097169
0.093169
-0.000405
0.242202
0.203389
-0.075308
0.195249
0.011272
0.029954
-0.077175
0.118831
0.031486
0.125709
-0.034225
-0.278638
0.209060
-0.003239
0.095747
-0.125709
-0.042976
0.039341
0.057456
-0.099528
-0.151502
0.010979
-0.116340
0.171042
0.071033
-0.000996
0.028274
0.078865
-0.086300
-0.024125
0.055016
0.025228
0.089647
0.045255
0.008648
0.176442
-0.058271
0.011116
0.201781
0.127300
0.058252
0.181622
-0.047544
-0.086901
0.010719
-0.016051
0.039816
-0.024430
0.099666
-0.033395
0.031898
-0.195501
0.009851
-0.100194
0.253314
-0.280920
0.059306
-0.036806
0.152316
0.061141
-0.054697
-0.092737
-0.124886
-0.038823
0.068511
0.000667
-0.025124
-0.030436
-0.062238
0.051411
-0.166265
-0.007048
-0.206367
-0.052703
-0.080041
0.075515
-0.037350
-0.121494
0.012393
-0.068026
-0.037749
-0.138320
-0.017130
-0.055460
-0.193491
0.125409
-0.016648
0.020729
-0.294158
-0.002636
0.150001
0.048553
0.114347
0.005907
-0.045156
-0.012780
-0.048736
0.077009
0.010216
-0.160296
-0.085021
0.195081
0.038379
0.268356
0.131188
0.167180
0.057540
0.205917
-0.084451
-0.035770
-0.196557
-0.027296
0.035076
0.084990
0.077777
-0.171839
0.055590
-0.003083
0.093244
-0.014474
0.106397
-0.221180
0.055825
-0.087335
0.011282
0.076575
0.021300
0.043912
-0.092106
-0.070260
0.023911
0.138988
0.187334
0.006529
-0.079995
-0.116938
-0.054650
-0.114905
-0.073407
-0.099013
0.058100
0.006700
-0.080535
-0.005635
0.075134
0.071572
0.144199
-0.000149
0.001291
-0.032706
-0.129541
0.089942
-0.024382
-0.049322
-0.096228
0.155979
-0.093709
0.012681
-0.182799
-0.027656
-0.016649
0.156651
-0.153680
0.157752
0.123097
0.165731
-0.064787
0.088984
-0.003525
0.047606
-0.033578
-0.032146
-0.033433
0.002774
-0.137238
0.110632
0.064572
0.083524
-0.137629
-0.077302
-0.003354
0.030725
-0.023449
-0.043796
-0.075502
-0.084891
-0.057872
-0.099703
0.185086
-0.101559
-0.051027
0.010689
0.138854
-0.088887
0.068516
-0.148507
-0.004669
0.071294
-0.105412
0.042379
0.103581
-0.096920
-0.123410
0.183772
-0.007428
0.047101
-0.195345
-0.121599
0.108112
-0.034744
0.032956
0.177893
0.036209
0.145422
0.008122
0.292329
0.051369
0.102197
-0.079135
-0.256749
0.025802
-0.056476
-0.044836
0.134013
0.101721
0.085300
-0.092733
-0.039756
-0.044755
0.024442
0.060585
-0.094654
-0.163247
0.063305
-0.028552
0.015023
0.004351
0.013080
0.003261
0.210069
-0.013693
-0.077232
0.002325
0.049297
0.018505
-0.031901
0.149456
-0.008386
0.076388
0.004613
-0.019657
0.094430
0.073782
-0.011525
-0.025530
-0.063376
0.019337
-0.163250
-0.096780
-0.066081
0.074531
0.005785
-0.027197
-0.043289
-0.019016
0.023375
-0.018333
0.156427
0.091446
-0.027549
0.035258
0.151168
0.119934
0.055694
-0.144592
0.188204
-0.130062
-0.056442
-0.023723
0.007560
-0.191124
0.090430
0.055963
0.009432
0.075626
0.026956
-0.057188
0.044264
-0.078093
-0.074661
0.052408
0.039996
0.091796
0.061289
-0.072870
0.043137
-0.062188
0.204916
-0.071502
0.170372
-0.062971
-0.199033
-0.202262
-0.089028
-0.078776
-0.016275
-0.081575
0.069024
-0.182417
0.045467
-0.006862
-0.192007
-0.041785
0.093363
0.033700
-0.159046
-0.073818
0.072385
0.168368
0.093221
-0.038759
0.152156
-0.081554
-0.010340
-0.043298
0.064551
0.195449
-0.118006
0.008943
-0.068884
-0.104332
-0.029000
-0.084428
0.079322
-0.028107
-0.020158
0.182577
0.012166
-0.005681
0.070679
-0.129444
-0.128405
-0.198145
0.104157
-0.299728
-0.080658
-0.097499
-0.055592
0.179256
-0.059731
-0.001607
0.008871
-0.054758
-0.006702
0.020072
0.050781
0.017426
-0.132916
-0.026746
-0.081780
-0.021511
0.259288
0.036457
-0.068300
0.032060
0.109556
0.136957
0.007073
0.018816
-0.016149
0.160257
-0.029898
-0.108240
-0.034719
0.028811
-0.003160
0.140599
0.035820
-0.064674
-0.022114
-0.016463
-0.129688
0.033669
0.096161
0.030089
0.180813
-0.108561
-0.002510
-0.099930
0.041595
0.018924
-0.047303
0.198687
-0.114504
-0.162982
-0.029432
0.043711
0.064703
0.010556
-0.025537
0.133493
-0.140370
0.034675
-0.060469
0.074949
0.031748
0.034791
0.053967
0.036064
-0.021134
-0.014035
0.109414
0.081624
-0.092159
0.017962
0.165179
0.145929
-0.006806
-0.120179
-0.080067
0.110463
0.076186
0.042580
-0.027957
0.042710
-0.015191
0.021932
-0.135909
0.069413
0.065375
-0.115416
-0.031840
0.133211
0.007959
-0.013980
0.036372
-0.097441
0.138051
-0.078577
0.027970
0.091631
0.192651
-0.107938
-0.120187
-0.013443
0.053925
0.003933
0.050204
-0.084944
-0.017079
0.035082
0.032807
-0.092769
0.018614
0.175743
-0.135336
0.067473
-0.194890
-0.081678
0.020451
-0.046165
0.066363
-0.097387
0.186172
-0.019165
-0.075420
-0.083884
-0.016320
0.088649
0.148378
-0.061939
-0.036924
0.004140
-0.048170
-0.078001
-0.143641
-0.183084
-0.127554
-0.143171
-0.093747
0.271995
-0.127228
0.038050
-0.150172
0.050797
-0.143549
-0.023487
0.105040
0.198192
-0.202083
0.145148
-0.193207
0.006320
0.086955
-0.083609
-0.150721
0.209212
-0.140455
0.005166
-0.091584
-0.067888
0.066697
-0.109146
-0.022798
-0.001640
-0.003228
0.037350
0.055114
-0.052085
-0.059151
-0.228403
-0.047216
0.110671
0.156468
0.069182
-0.058910
-0.062783
-0.055938
0.049257
0.091011
-0.038209
-0.068282
-0.017046
0.133145
-0.040834
-0.047485
0.088423
0.064462
0.035987
-0.079906
-0.229319
0.069563
-0.094858
0.022524
0.047763
-0.022941
0.068559
-0.076042
-0.072732
-0.171194
0.053562
0.027859
0.160764
-0.002766
-0.066536
0.021960
0.200474
0.006155
0.019983
-0.069309
0.032702
-0.189946
-0.186859
-0.065603
-0.008953
-0.149112
-0.144469
-0.147392
-0.352412
-0.043174
0.107197
0.030593
-0.023633
0.100280
-0.197847
-0.145430
-0.137607
0.063597
-0.128801
0.028741
-0.054007
-0.003109
0.025428
0.199578
0.012717
0.097193
0.139711
-0.158583
0.083519
-0.029861
-0.100609
0.052171
-0.102672
0.143105
-0.110048
-0.086080
-0.066713
-0.114396
0.086387
-0.075866
0.070982
-0.169586
-0.147139
0.096625
-0.029868
0.090839
0.025768
-0.049407
0.010480
0.290799
0.092425
0.013341
0.065956
-0.051781
0.044931
0.141874
0.267653
-0.007106
-0.081432
-0.046090
-0.123402
-0.019033
-0.103325
-0.092286
-0.002738
0.167504
-0.008600
0.078919
0.054005
0.024338
0.036957
-0.006378
0.042521
0.044127
0.061477
-0.100505
0.105281
0.155231
0.007690
-0.043280
-0.156358
0.145129
0.105936
-0.025095
-0.023722
-0.141426
-0.263233
0.068390
-0.208119
0.060030
-0.232665
0.146545
-0.178828
0.101038
-0.098782
-0.000957
-0.082282
0.058336
0.031740
0.023750
0.093440
0.032998
0.039707
0.071132
-0.120558
-0.069992
-0.147075
0.002138
-0.033554
-0.101593
0.055577
0.011379
0.159443
0.048614
0.132543
0.005856
-0.028588
0.014801
0.051322
0.029686
0.251111
-0.009849
-0.001584
-0.028118
0.141930
-0.054109
-0.022143
-0.077723
0.289326
-0.033700
0.035687
0.022708
0.074444
0.010276
-0.024069
0.120144
0.094507
0.089742
-0.044701
-0.034329
0.076277
0.019488
-0.012154
-0.002159
-0.018423
-0.078561
0.073611
-0.190501
-0.061892
0.146120
0.003872
-0.093118
0.157628
0.040000
-0.039946
-0.090868
-0.053369
-0.155100
-0.036111
0.172090
-0.140800
-0.016129
0.042355
0.000990
-0.029534
0.042381
0.097960
0.078598
-0.073974
-0.049320
-0.116573
0.085061
-0.004774
0.133326
0.023235
0.163498
0.106324
0.016453
-0.003390
-0.018280
0.118362
0.031065
0.010187
0.010998
-0.027918
0.071360
0.041303
0.068201
0.010508
0.041547
0.234823
0.128031
0.040413
-0.335922
-0.103162
-0.123357
-0.145490
0.160409
-0.378138
-0.078391
0.164178
-0.033376
-0.002861
0.001894
-0.172597
0.021115
-0.166267
-0.124712
-0.084140
-0.059827
0.151056
-0.132481
-0.070876
0.151495
-0.044088
-0.130571
0.142521
0.030117
-0.015862
0.167811
0.121798
0.027811
-0.015690
0.070468
-0.183510
-0.115044
-0.056740
-0.146385
0.286538
-0.185536
0.023642
0.130312
0.042592
0.178691
0.021884
0.149454
-0.050624
-0.013311
0.077880
0.051946
-0.059660
-0.095381
-0.083023
-0.095697
0.109455
-0.112779
0.181581
-0.042675
-0.181539
0.083919
-0.023407
0.048389
0.060185
0.036429
-0.055005
0.047739
0.093876
0.113882
-0.000639
0.104234
0.029224
0.049839
-0.192353
-0.061023
0.053698
-0.024054
0.036975
-0.094302
0.009658
-0.007781
-0.086596
-0.195757
-0.069308
-0.073457
0.110563
-0.180413
-0.096125
0.062622
-0.001799
0.014169
-0.278328
0.059990
-0.076983
0.000655
-0.036564
-0.026529
0.174939
-0.205531
-0.114874
-0.021995
0.031516
0.161772
-0.065044
-0.200977
0.041258
-0.089383
0.016160
0.050280
-0.000504
0.007994
-0.056427
0.081287
-0.112888
0.118013
-0.091981
0.105909
-0.279571
0.008881
0.061027
0.169795
-0.052657
0.200252
0.017238
0.220065
0.001094
-0.015678
-0.067295
0.167145
0.123027
-0.021291
0.021388
-0.086401
0.079221
0.035247
0.172206
0.143315
-0.076277
-0.013666
0.016490
-0.099687
-0.133172
0.245433
-0.028785
0.020279
-0.006520
0.014778
-0.173542
-0.038527
0.094102
0.167843
0.151797
0.068029
-0.089425
0.174425
0.182198
-0.144447
0.057395
-0.145765
-0.154820
0.059151
-0.037618
0.115963
0.225344
-0.015105
-0.069437
-0.018882
-0.050974
0.167548
0.029860
0.055137
0.218657
0.009394
-0.020967
-0.054167
0.102385
-0.118999
-0.124122
0.162622
-0.121854
-0.066146
-0.021094
-0.195540
0.024436
-0.027142
0.088872
0.153516
0.309275
0.003608
0.087049
0.066344
-0.192978
0.031884
0.123306
0.028117
-0.082731
-0.028183
-0.022766
0.087342
-0.009337
-0.067873
-0.045163
0.150302
-0.096139
0.021230
-0.043453
-0.064003
0.033244
0.134736
0.120734
0.107428
0.029403
0.078532
0.019263
0.127920
-0.089027
0.104130
-0.078952
-0.124819
0.227364
0.185684
0.011051
0.218917
-0.027219
0.059283
0.039649
0.109337
-0.100714
-0.050985
0.093528
-0.059504
-0.331368
0.085349
0.146320
0.023339
0.014506
0.051409
0.022878
-0.009210
-0.050337
-0.053008
0.033481
-0.021135
-0.028816
0.115349
0.097761
0.014717
0.083347
-0.130009
0.080302
-0.034393
-0.091650
0.055190
-0.128073
-0.023744
0.120036
0.102941
-0.144877
-0.047661
0.118720
0.090070
0.055088
0.119431
0.147518
0.173279
0.108451
-0.047391
-0.072431
0.022987
0.173127
-0.245601
0.217825
0.187011
-0.048217
0.022601
-0.022050
0.080357
-0.041958
0.022187
-0.079788
-0.062736
0.175187
-0.120838
-0.097745
0.017454
-0.056889
-0.018896
0.040950
-0.080918
0.087807
0.115894
0.055406
-0.155469
0.005859
-0.037700
-0.168509
-0.092458
0.061072
-0.006111
0.000675
-0.059677
-0.053272
0.149080
-0.101030
0.089478
-0.071315
-0.119645
0.076439
0.015000
0.058085
0.080245
0.045828
0.065534
0.030400
0.166336
-0.003456
-0.063071
-0.062528
0.125921
0.013079
-0.069839
-0.012509
-0.149321
0.012567
-0.040287
-0.034465
0.057844
0.112106
0.224768
-0.031830
-0.072688
0.056695
0.102165
0.198553
0.042186
-0.054711
-0.009967
-0.152838
-0.073889
-0.042848
-0.036183
-0.103139
-0.062410
-0.088288
-0.138032
0.028532
0.038643
-0.112122
0.068504
0.070924
0.146258
-0.084935
-0.039038
0.025897
0.002406
-0.031187
0.041405
-0.013868
0.015225
-0.045480
0.064647
-0.022451
0.136531
-0.077116
0.075474
-0.141264
-0.188908
-0.091749
-0.190918
0.034860
0.002229
-0.103375
0.106255
-0.058916
-0.002753
-0.091050
-0.046842
-0.010136
0.036529
0.038061
-0.095395
0.249973
0.031553
-0.160229
0.115672
-0.005631
0.063176
0.242507
0.102750
0.088187
-0.193113
-0.038127
-0.070800
0.113435
-0.011641
-0.100520
-0.080063
-0.090867
0.152884
0.010790
-0.005668
-0.067785
0.204158
0.037300
0.048710
-0.025003
0.078470
-0.131139
-0.021928
0.142871
-0.097327
-0.045615
0.144216
0.001441
0.069720
0.034950
-0.133113
-0.311968
0.063463
0.030848
-0.222453
-0.090860
-0.302511
0.094224
0.034300
0.087144
-0.182290
-0.074477
0.035691
0.119198
-0.045509
0.147980
-0.072982
-0.113717
-0.047174
-0.066647
-0.094674
-0.016102
-0.100269
-0.060423
-0.043666
-0.160143
-0.040918
-0.109614
-0.036138
0.102735
-0.015648
-0.113670
0.032224
0.059876
-0.112675
-0.105906
-0.093285
0.093674
0.112232
-0.020432
-0.103501
0.098909
0.069547
0.031611
-0.041597
-0.091014
-0.001074
-0.032741
0.075611
-0.038911
-0.058821
0.085121
-0.117547
0.008934
0.113270
0.111516
-0.037032
-0.133837
-0.157631
0.157704
-0.090008
0.092661
0.053580
-0.115861
0.198715
0.055585
0.025185
-0.078504
-0.004110
-0.036370
0.006221
0.109877
-0.062902
-0.052537
-0.097069
0.067192
0.039144
0.168285
-0.094555
0.048283
-0.125595
-0.109787
-0.142116
-0.026574
0.143794
-0.041668
0.063757
0.198988
-0.205989
-0.249455
-0.062915
-0.035399
0.024408
-0.039756
0.046790
0.040090
0.214406
-0.042404
-0.040548
0.001456
-0.253519
0.091316
-0.087512
-0.147479
0.096240
-0.045887
0.064928
-0.005493
0.111358
-0.023097
0.071542
0.120731
0.099322
-0.048952
0.121831
0.028373
-0.050575
0.048532
-0.004436
0.201533
-0.011197
0.055876
-0.036163
-0.047240
-0.102906
0.135958
0.017024
-0.055380
0.036039
-0.052958
-0.130911
0.192543
-0.109694
-0.182699
0.069267
0.045853
0.113123
0.056325
-0.193071
-0.108326
0.107445
0.051172
0.138754
0.043707
-0.056463
0.026143
0.036763
0.083603
-0.062187
-0.165959
-0.099632
-0.029894
-0.284748
0.140766
-0.057119
0.012380
-0.083404
0.021135
-0.120231
0.164728
-0.099530
-0.019258
0.061684
-0.062828
-0.215740
-0.026356
-0.007626
-0.063666
0.001673
0.009469
0.075517
-0.006998
-0.169970
-0.041909
-0.079073
0.056479
0.130461
-0.038423
-0.059177
-0.004724
-0.057360
-0.077678
0.032375
0.068080
0.139390
-0.072068
-0.060879
-0.025436
0.028012
0.148419
-0.130626
0.015837
-0.001439
0.082375
-0.055962
-0.111996
0.008873
0.247119
0.216259
0.140357
-0.126289
-0.008377
0.038874
-0.004071
-0.017519
0.001219
0.141173
-0.054755
-0.065965
0.093973
0.055306
-0.169576
-0.163123
-0.047874
-0.059282
-0.088670
0.088306
0.037280
0.035714
-0.167918
-0.107278
-0.146724
0.035933
0.003226
-0.177981
-0.014694
0.067384
0.122271
-0.124012
0.063274
0.008151
-0.077999
0.035178
-0.351737
0.077571
-0.081049
-0.033856
-0.136528
-0.066995
0.054645
-0.185865
0.035144
-0.123007
0.052820
-0.071820
0.019205
-0.081765
-0.031268
0.053178
0.120724
0.004447
-0.113966
-0.165517
-0.033496
0.117154
0.177096
0.006397
-0.140921
0.085009
0.142190
0.182750
0.012463
0.044916
-0.134899
0.085392
-0.031165
0.015402
0.045486
-0.014514
0.133453
0.078309
0.152839
-0.066177
-0.085151
0.060250
0.198966
-0.158077
0.197877
0.010691
-0.128997
-0.065658
0.335285
0.066236
0.114293
-0.051636
0.056368
-0.150451
-0.152218
0.088396
-0.138560
0.109963
0.180511
0.095991
0.048410
-0.000714
0.040013
-0.083920
-0.108855
-0.026499
0.157263
-0.032200
-0.111923
0.054172
0.055830
0.004482
0.041577
-0.013257
0.192461
0.057705
0.076114
-0.090109
-0.117605
-0.143078
0.159106
0.007172
0.203196
-0.092502
-0.163595
0.073030
-0.053942
-0.147704
0.097540
-0.216388
-0.006196
0.062403
-0.023874
0.184047
0.125893
0.087961
-0.048798
-0.045988
-0.147666
-0.076927
0.057277
-0.004554
-0.054221
0.070315
-0.057568
0.060969
-0.017052
-0.074791
-0.025908
-0.200420
-0.078318
-0.160860
0.157461
0.174457
0.003383
0.013262
0.093627
0.004885
-0.016816
0.110060
0.149061
-0.026284
0.021176
0.023813
-0.153021
-0.121608
0.017450
0.170409
0.149861
-0.073643
0.015751
-0.096180
-0.133095
-0.042903
0.066126
-0.141446
0.178025
0.020148
0.062800
0.244319
-0.156604
0.096261
0.018147
0.010068
0.072960
0.034216
0.063300
-0.005523
-0.039993
0.027569
0.063648
-0.043044
-0.072316
-0.085388
-0.286984
0.011058
-0.046437
-0.067381
0.003732
0.122624
-0.125274
-0.174148
0.166722
-0.096308
-0.226436
-0.024044
0.024068
0.069012
-0.075555
-0.109051
0.087639
-0.030173
-0.046096
-0.044283
0.117674
0.182253
-0.075060
0.043676
0.171559
0.083618
0.093026
0.058688
0.043317
0.068019
0.081456
-0.072154
0.143440
-0.052077
0.029871
-0.162486
0.216278
-0.068571
-0.034570
0.095217
-0.024374
-0.189160
0.090210
0.040847
0.108331
-0.046691
0.029629
0.137808
0.009141
0.191173
-0.015913
-0.021547
0.147179
0.040335
-0.061934
0.080060
-0.096894
-0.152499
-0.015572
0.125969
-0.189970
0.003740
-0.031479
-0.002208
0.071071
0.054680
-0.101038
0.006869
-0.138211
-0.133115
0.155621
0.026347
0.116957
-0.166433
0.049748
-0.093888
0.080798
-0.047883
-0.035992
-0.131538
0.051702
-0.177587
-0.087226
-0.101686
0.076993
-0.053290
-0.110759
0.022387
-0.050302
-0.077136
-0.117897
-0.078949
0.039412
0.008174
0.220755
0.144593
0.073781
0.042686
0.000464
-0.135485
0.101217
0.092680
-0.027906
0.164267
0.163699
-0.008233
0.048227
-0.045816
0.059355
-0.003094
0.116176
-0.036621
-0.077831
-0.015162
-0.033864
-0.030089
0.056007
0.027511
0.130993
0.178965
0.072550
-0.187873
-0.014998
-0.081575
-0.039331
-0.145342
-0.068186
0.008279
0.068770
-0.019270
0.035702
-0.017116
-0.201838
0.041110
0.006751
0.009382
-0.156382
-0.021995
-0.035220
0.094794
0.037004
-0.061669
0.048147
-0.077863
-0.017395
0.034905
-0.074715
-0.062306
-0.047580
-0.094980
0.153551
0.014423
-0.000562
0.052918
-0.133441
-0.047371
0.000287
0.009561
-0.131909
0.055578
-0.034242
-0.036023
-0.008518
0.055849
0.141138
0.037350
-0.011059
-0.181987
-0.077060
0.045775
-0.018517
-0.031340
0.057279
0.227382
0.063072
0.013498
-0.127031
0.067459
-0.041858
-0.074557
0.102014
0.147928
0.140251
-0.138781
0.129822
-0.114158
0.164341
0.060401
-0.006852
-0.119256
0.079066
-0.062715
0.025493
0.175004
0.063198
0.136170
0.054230
0.012371
-0.020020
0.008361
-0.014624
0.017294
-0.105952
-0.043073
-0.087785
-0.136584
-0.084894
0.042370
0.056702
-0.007790
0.061876
0.018402
-0.024871
-0.246676
-0.019247
-0.008337
0.095224
0.040119
0.109065
-0.009083
0.110940
-0.105453
-0.068636
0.024592
0.032865
0.057826
-0.116480
-0.049711
0.110605
0.010124
0.105718
-0.064762
0.031316
-0.019596
0.087805
0.062186
0.164780
0.038285
0.016185
-0.080170
0.148410
0.151062
-0.084544
0.002180
-0.012073
-0.019144
0.001931
-0.043716
-0.057996
-0.071700
0.149507
0.062590
0.008380
0.031625
-0.340342
0.267349
0.121871
-0.266447
0.028496
0.105361
0.010873
-0.022817
0.107965
0.070739
-0.003769
-0.091008
-0.227966
-0.138942
0.105681
-0.107271
-0.032508
-0.114858
-0.146424
-0.099657
0.062750
0.134840
0.051538
0.034693
0.144508
-0.002928
-0.030592
0.006309
-0.002509
-0.022643
0.096867
-0.035946
-0.147964
0.044158
-0.159161
0.085520
0.030223
-0.132537
0.145036
-0.064226
-0.157426
0.022639
0.177313
0.081596
-0.225093
-0.096235
-0.035407
-0.007490
-0.011398
-0.051168
-0.235454
-0.078465
0.048703
-0.088511
-0.010988
0.155302
0.030906
-0.128871
-0.118142
-0.155759
0.069599
-0.173446
-0.025677
-0.090463
-0.247724
0.076995
-0.085564
-0.089797
0.121632
0.176013
-0.007183
-0.134547
0.030399
-0.290064
-0.059617
0.060895
-0.168764
-0.003983
-0.066511
-0.069151
0.073240
-0.093983
-0.038131
-0.010870
-0.070209
-0.101827
0.035452
-0.024248
-0.128741
0.206482
0.105005
0.022807
0.109080
-0.051776
-0.276512
-0.038101
-0.029367
0.074021
-0.091611
-0.275192
0.097530
-0.131706
0.080858
-0.112356
0.079273
-0.039289
-0.144922
-0.073503
0.051414
0.097555
-0.015936
0.009532
0.013459
0.029290
0.014228
-0.107491
-0.191831
-0.059773
-0.126434
-0.093164
-0.029793
0.046187
0.000497
-0.266787
-0.046496
-0.061617
-0.178703
0.023696
0.136768
-0.042831
0.000536
-0.085596
0.098560
0.080553
0.001066
0.003545
-0.030238
-0.099951
0.042553
-0.081436
-0.033401
0.112055
0.043910
-0.090615
0.000601
-0.000837
0.108517
-0.017865
-0.181759
0.086564
0.018487
0.002313
0.093604
-0.141790
0.084166
-0.042998
-0.152291
-0.066927
-0.175115
-0.178858
0.071116
-0.003700
-0.046943
-0.058179
-0.037749
0.086096
0.080330
-0.045536
0.110749
-0.066384
-0.115522
0.116276
0.029919
0.085503
-0.075369
-0.124824
-0.148964
0.090870
-0.179048
0.188685
-0.072781
0.053876
-0.100703
0.016782
-0.042779
-0.245962
0.055069
0.035824
0.091576
0.072022
0.161111
-0.147608
-0.017233
-0.052333
0.023992
-0.127576
0.000757
0.274777
-0.023667
0.072787
0.068988
0.100338
0.051912
0.057922
-0.181808
-0.008734
-0.002817
0.075149
0.037648
0.003918
-0.045429
0.141683
-0.008687
-0.184362
-0.040470
-0.189692
0.127237
0.068575
0.094081
0.046959
0.060678
-0.058139
-0.037148
0.219158
-0.192833
-0.115643
0.009277
0.052787
0.030985
0.052352
-0.193186
-0.125022
-0.028596
0.040387
-0.204844
-0.166443
0.151066
0.282194
-0.040425
0.038896
-0.134474
-0.043935
-0.102711
-0.266891
0.074733
-0.145024
-0.094280
-0.195224
0.041441
0.066621
0.100339
0.059855
-0.012099
0.057962
0.056505
-0.122556
-0.120181
0.049860
0.007925
0.039070
-0.123393
-0.032425
-0.025176
0.073593
-0.126758
0.193866
0.072629
0.084221
-0.099880
-0.069008
0.079946
-0.230870
0.032772
-0.223317
-0.091561
0.027256
0.016952
-0.034934
-0.202786
0.063363
0.067382
-0.142735
0.063386
0.071258
0.008800
-0.114013
-0.024706
-0.018783
0.117500
0.168640
-0.063583
-0.029825
0.029445
-0.162576
0.110050
-0.016060
0.131176
-0.010468
0.140770
0.156149
-0.202983
-0.049650
-0.024296
0.026340
-0.155259
0.086886
0.101557
0.031733
-0.113068
-0.119408
0.201115
-0.086206
0.006739
-0.123615
-0.090307
-0.194229
-0.154665
0.004328
-0.268124
0.065865
0.023585
0.092478
0.096726
0.035162
0.066289
-0.047984
0.050284
-0.014924
0.039969
0.015939
0.052702
0.106221
-0.112741
-0.020635
-0.065421
0.021613
0.099896
0.017670
-0.064113
0.183234
0.158726
-0.222690
-0.040970
-0.110710
-0.159534
0.096644
0.043466
-0.018792
-0.050994
-0.100713
-0.062635
-0.031858
0.227440
0.110903
-0.063868
-0.031212
0.026602
-0.067222
0.055147
0.085683
-0.039953
0.085695
-0.074831
-0.040333
0.015874
0.088651
0.128921
-0.193441
-0.001140
0.229198
0.098539
0.050604
-0.150130
0.007791
-0.037502
0.062775
-0.140101
0.082580
0.030076
-0.105298
-0.271202
-0.004179
-0.139853
-0.312877
-0.013934
0.102790
-0.001006
0.169023
0.067964
0.095445
-0.051092
-0.056604
0.090676
0.018876
-0.156052
0.079455
-0.089275
-0.144281
0.041752
-0.190564
0.001290
0.008186
0.215773
-0.010378
0.031538
-0.141914
0.071900
-0.091259
0.208925
0.113267
0.059955
-0.031947
0.082648
0.037719
-0.081959
0.117266
-0.136423
0.056893
0.150938
-0.218657
-0.017200
0.070972
-0.018140
0.205892
-0.030881
-0.099605
-0.078750
0.015013
-0.105074
-0.094657
-0.143939
0.178894
-0.167052
0.008668
-0.040829
0.204651
-0.151376
-0.000136
0.036812
0.020072
0.040535
-0.120455
0.065881
-0.101872
0.013008
0.021259
-0.036078
0.015238
0.158291
-0.096162
0.050355
0.050628
-0.031895
0.017993
-0.140427
0.080901
0.021912
0.118416
0.047753
-0.012745
-0.002045
-0.100987
0.106273
0.049614
-0.022941
-0.012229
0.065622
-0.126697
-0.070407
-0.145286
-0.140792
-0.104480
0.016895
-0.079608
-0.088729
0.025252
0.076218
0.047022
0.037658
-0.012558
0.016381
0.172612
0.077808
-0.151422
0.011112
0.115856
0.036891
0.039835
-0.067108
-0.099653
-0.022047
0.039698
-0.088872
-0.111108
0.038891
-0.061667
0.034013
0.304740
-0.011962
0.032812
-0.035542
-0.133320
-0.057363
0.108209
0.104576
-0.152271
0.145649
0.135260
-0.207803
0.136143
-0.173411
-0.002115
0.028716
0.154390
0.179709
0.090428
0.129278
0.099526
-0.132867
-0.050412
0.123007
-0.167514
-0.090294
0.021038
0.024568
-0.146247
-0.129180
0.088359
0.070541
-0.189813
0.258382
-0.076980
0.081797
0.164753
0.047539
-0.004274
-0.098525
0.116546
0.143883
0.068150
-0.070945
0.019025
0.156030
-0.043718
0.036427
-0.085415
-0.145076
-0.167322
0.224788
0.128853
0.065835
0.012921
0.051067
0.229266
-0.030661
0.015338
-0.007094
-0.239078
-0.004872
0.016566
0.053113
0.130871
-0.075435
-0.212539
0.041339
-0.112109
0.142689
-0.035878
-0.029198
0.052374
-0.117671
-0.197299
0.067926
-0.048869
-0.195550
-0.228972
0.031918
0.123748
-0.131987
-0.071535
-0.123243
-0.161501
-0.028069
-0.097549
0.067422
0.168564
-0.058412
0.039609
0.124184
0.108463
0.069371
0.053738
-0.031749
-0.071107
0.050345
0.109172
0.053411
0.102112
-0.078267
0.163702
0.058295
-0.061707
0.120151
0.077138
-0.010477
0.075572
-0.123815
-0.248022
0.066730
0.136653
0.137217
0.060390
-0.073540
-0.034766
0.163434
0.046157
-0.030142
0.012007
0.019997
0.068685
-0.031245
-0.058754
-0.121510
-0.035853
-0.032594
0.030051
-0.061812
-0.065526
0.129606
-0.033505
-0.033050
0.065498
0.026181
-0.053052
-0.006971
-0.061097
-0.167649
-0.034930
-0.184573
0.115969
-0.091345
0.045762
0.152406
-0.098360
0.075505
-0.118046
-0.023756
-0.057390
0.002431
-0.081480
-0.148000
0.212239
0.051115
-0.088143
-0.003755
0.134072
-0.104297
0.077894
0.039184
-0.115614
-0.131743
-0.100283
-0.089013
0.091676
-0.217552
0.080652
-0.119096
0.071694
0.025990
-0.018217
-0.114302
0.193422
0.209148
-0.033115
0.188117
-0.202976
0.023426
0.054767
0.022694
-0.042355
-0.032411
-0.057001
0.028619
0.015098
-0.064407
0.031652
-0.053146
-0.239966
0.096436
-0.055318
0.243558
-0.054731
0.023700
0.022789
0.043050
0.031238
-0.046567
-0.134612
-0.122128
0.108399
0.048744
-0.101246
0.060749
-0.202357
0.035256
0.036141
0.110298
-0.049098
0.028071
0.116667
0.060124
0.040196
-0.085276
-0.128922
0.028197
-0.110607
-0.098957
0.135690
0.024820
-0.011091
0.040859
0.181874
0.034813
0.047889
0.025171
0.069044
0.019186
-0.024304
0.278888
-0.098352
-0.146032
0.044256
0.040100
-0.050362
0.013609
0.049004
0.092963
-0.102935
-0.117100
0.012952
-0.007140
-0.036305
-0.061632
0.077783
-0.226506
-0.099850
-0.021626
0.003684
-0.037361
0.010896
-0.121729
-0.090829
-0.000050
-0.162844
0.115798
0.015927
-0.086667
-0.217202
0.101483
-0.118422
0.147505
-0.159302
0.036652
0.011859
0.087898
0.195892
0.174721
0.074455
0.133526
-0.012769
-0.155686
-0.106716
0.068868
0.063164
-0.120860
0.207403
-0.094007
0.055025
0.070272
0.083533
-0.022191
-0.032574
-0.075663
-0.198803
-0.002165
0.025428
-0.008180
-0.003187
0.114175
0.165484
0.082958
0.030429
0.038737
-0.078142
-0.138715
-0.097109
0.033757
-0.015911
0.004825
0.187717
-0.241666
0.090216
0.068065
0.174493
0.047021
-0.046179
-0.167678
-0.034963
0.109661
0.008270
-0.022574
-0.011350
-0.031266
-0.013184
0.042891
-0.009840
0.123325
-0.119372
0.046456
0.031818
0.107685
-0.044196
0.246295
0.091160
-0.020286
-0.199462
0.000896
-0.014570
0.145245
0.011323
0.106665
-0.073537
0.148390
-0.242832
0.012592
0.102092
-0.021986
0.083884
-0.051661
-0.073909
-0.077671
-0.014315
0.026448
-0.064094
-0.013413
-0.193276
-0.138570
-0.109241
0.046506
-0.000136
-0.193530
-0.059730
-0.175276
-0.061377
0.159926
0.062615
-0.061966
0.043146
0.055610
0.184171
0.034721
0.134796
-0.025060
0.066556
-0.228493
-0.139615
-0.051851
-0.116699
-0.018174
-0.008724
-0.048290
-0.019541
-0.027442
-0.064097
-0.063736
0.017641
-0.140536
-0.277887
0.300197
0.054186
0.064182
0.109847
0.067590
0.092898
-0.015611
-0.066503
-0.093247
0.049934
0.054766
-0.027437
0.139427
0.054622
0.010188
0.137557
0.047726
-0.109464
0.034138
-0.112055
-0.067826
0.136871
-0.038603
-0.055730
-0.034586
0.026293
-0.057138
-0.067314
0.045778
-0.114930
0.104192
-0.075001
-0.175938
-0.158889
0.020388
-0.197487
0.190668
0.089523
-0.124653
0.010619
-0.153361
-0.136106
-0.081697
0.037665
-0.024767
-0.095821
0.020581
-0.039244
0.009145
-0.000796
0.066445
0.065087
-0.022906
-0.007995
0.058182
-0.015351
-0.095989
0.048721
-0.082115
-0.125241
-0.019135
0.124632
0.047594
-0.014759
-0.056789
-0.152184
-0.113206
0.112881
-0.071755
0.285777
-0.029284
-0.205127
-0.036525
0.061539
-0.033157
0.151802
-0.137009
-0.176915
0.213278
0.065334
0.163855
-0.115332
0.023128
-0.171791
-0.176162
0.045966
-0.155487
-0.071162
0.085783
0.034549
-0.033931
-0.030074
-0.125874
-0.192277
-0.011158
0.130785
-0.103636
-0.115308
0.090300
0.118898
-0.190965
0.160813
-0.130515
0.014168
0.110666
-0.056401
-0.134857
-0.148854
0.069646
-0.006728
0.159233
0.154135
-0.041413
0.103840
-0.112065
-0.001740
-0.133797
0.078714
-0.012943
-0.012266
-0.160055
-0.137214
-0.005065
0.153546
0.155714
0.061139
0.149350
0.153759
-0.048437
0.123259
0.007985
0.151536
-0.094757
-0.115060
0.004516
0.044491
0.247849
-0.006114
-0.085865
0.087199
0.175244
0.168173
0.168822
0.108223
0.137027
0.115517
0.222980
0.010964
-0.168638
-0.077943
0.149561
-0.054540
0.004223
0.042787
0.076978
0.208886
0.124784
0.115410
-0.015834
0.104426
-0.065324
-0.035911
-0.017754
0.119267
-0.045172
-0.059082
0.116540
0.051844
0.075066
0.131927
0.010085
0.087105
0.000235
-0.075256
0.068272
0.085869
-0.010945
0.133214
0.044143
0.016526
0.130623
0.055620
0.262694
-0.047453
0.022059
-0.137288
-0.120317
0.113400
0.020914
0.060929
0.092628
0.014878
0.131643
0.155053
-0.004854
-0.051580
0.036912
0.084015
-0.103128
-0.161075
-0.003363
-0.027810
-0.065790
0.046904
0.013088
-0.117535
-0.035176
-0.012872
-0.032245
0.070478
-0.048797
-0.010207
-0.134189
0.085874
0.049034
0.118630
-0.114528
-0.086245
-0.029366
0.124649
0.030508
0.067689
0.031725
-0.127204
-0.129402
-0.004461
-0.016038
0.121308
-0.162620
-0.193414
-0.058365
0.089974
0.118159
0.161473
0.097390
-0.107157
0.161802
-0.063957
0.050448
0.016084
-0.130941
0.110898
0.073385
0.238134
0.115329
0.205123
-0.049630
0.037027
0.147248
0.015035
-0.259185
-0.039828
-0.102922
0.002010
-0.192318
0.001764
-0.046037
-0.096782
-0.112549
0.018955
-0.030202
-0.051321
0.163920
-0.266246
-0.121005
-0.082038
-0.052542
-0.106114
-0.140666
-0.005670
0.098170
-0.086734
0.193672
-0.207510
-0.027043
0.066710
0.025987
-0.035876
-0.200406
0.167149
-0.026385
0.007947
-0.005646
0.060009
0.053498
0.044519
0.018721
0.009024
-0.124706
-0.071129
-0.043201
-0.005898
0.040165
0.125233
0.021801
-0.173603
0.058294
-0.001580
0.068224
0.154942
0.173104
-0.131816
-0.092239
-0.005425
-0.019396
-0.273499
-0.184099
0.021848
-0.003349
0.010532
0.062135
-0.007770
0.039263
-0.046794
-0.168287
-0.161956
-0.143283
0.009731
-0.028248
0.007476
0.165638
-0.007709
-0.072207
-0.039899
-0.000400
0.030356
0.123086
-0.001579
0.028009
0.031655
-0.003351
0.079452
0.211396
0.026916
0.159943
-0.030385
-0.086111
-0.017552
0.112804
-0.024450
0.033760
-0.042020
-0.056492
-0.117242
0.011151
-0.027391
0.127176
0.020472
-0.003337
0.098592
-0.069579
-0.053417
0.004038
-0.049976
0.035604
0.026449
-0.039511
0.106665
-0.012119
0.075726
0.060589
-0.105823
-0.033311
0.075786
0.038964
0.044900
-0.046940
0.017936
0.096701
0.052967
0.090364
-0.002381
0.061066
-0.036908
0.015460
0.137817
-0.156337
0.041640
-0.049962
0.062812
0.136705
-0.196912
-0.117442
-0.096740
-0.109442
-0.279062
-0.098261
0.020238
-0.133362
-0.035092
0.033134
0.027077
0.216624
-0.050570
0.110443
0.192134
-0.127721
0.097517
-0.018818
0.046816
0.068642
0.168645
0.048068
-0.058557
0.014810
-0.193675
0.004488
0.008288
-0.143501
-0.049828
0.056308
-0.027917
0.112078
-0.165036
0.176601
0.054890
-0.080888
0.066734
0.040311
-0.101593
-0.056018
-0.061493
0.036595
-0.096803
0.030306
0.195340
0.011238
-0.063245
-0.054064
-0.188061
-0.036290
0.149277
-0.113478
-0.023753
-0.132822
0.158290
-0.115720
-0.106683
-0.063263
0.068481
0.059458
-0.043458
0.019367
0.042075
-0.052160
-0.019163
-0.158422
-0.008770
0.058382
0.017680
-0.081077
-0.193906
-0.002026
-0.056481
0.083785
0.018005
0.014951
-0.097303
0.099935
0.164186
0.071514
-0.092497
-0.149489
0.056050
-0.005901
0.062755
-0.031796
0.128119
0.021037
0.157819
-0.176374
-0.138178
-0.219918
-0.156520
-0.173426
-0.026773
-0.087717
0.006904
-0.135089
0.063953
-0.094547
-0.044784
0.159943
0.056630
0.107295
0.064892
0.158456
-0.154390
-0.121161
0.101431
0.029629
0.152939
-0.154151
0.078559
-0.107706
0.118814
0.001560
0.085536
0.009332
-0.198309
-0.067470
0.073918
-0.000738
0.113871
0.032000
0.102274
0.059711
-0.013857
0.059470
-0.066442
-0.073499
-0.159455
0.018719
-0.061248
0.012531
-0.102043
0.046963
0.130031
0.134080
-0.122839
0.025972
-0.044944
0.129632
0.017366
0.128852
-0.058584
-0.080954
-0.053523
-0.019797
-0.012103
-0.116961
0.121320
0.141571
-0.171521
-0.043003
-0.044370
0.205631
0.195593
-0.044824
0.053721
-0.001072
0.025984
-0.125787
-0.281997
0.107996
-0.012512
-0.059019
-0.124578
0.052301
-0.147236
0.046989
0.007527
-0.020789
0.105470
-0.035279
0.009598
0.005236
0.040760
0.074466
-0.039755
0.163468
0.086730
0.093957
0.213072
0.127096
0.089392
0.127466
-0.092730
0.190663
-0.032528
0.040465
0.137217
-0.134589
0.095945
0.069394
0.009217
-0.047477
-0.248240
0.012387
0.074308
-0.114340
-0.214970
-0.040137
-0.101671
0.080973
0.047488
-0.056307
-0.013002
0.111940
0.087089
-0.027867
0.010059
0.129053
-0.126913
-0.138224
-0.189306
0.069136
0.073903
-0.055100
0.038964
-0.087760
-0.090441
0.050907
-0.045981
-0.061623
-0.038654
-0.058630
-0.071628
0.077500
0.073707
0.060251
-0.025183
-0.111513
0.152828
-0.054251
0.146678
0.037208
0.173669
-0.085148
-0.119924
-0.035936
0.136583
0.062977
-0.001977
-0.075584
-0.061564
-0.172826
-0.107518
0.002617
0.037284
0.112100
-0.086956
-0.174273
0.148045
0.024800
0.003797
0.119211
-0.047501
-0.103168
-0.057986
-0.236572
-0.168399
0.022597
-0.165894
-0.141145
-0.005734
0.047157
0.084149
-0.043493
0.041826
0.021581
-0.215732
0.023729
-0.182674
-0.109902
0.049616
0.189547
-0.076233
0.008013
0.160468
0.195341
0.140395
0.133321
0.058835
0.054426
-0.011544
0.094167
0.046907
0.048154
0.028835
-0.170578
0.065576
0.008597
0.042288
0.039821
0.098368
-0.044418
-0.155272
-0.041720
-0.187191
0.052472
0.144779
0.045960
-0.048878
-0.028960
-0.040384
-0.020326
-0.014630
0.077426
-0.006349
0.097259
-0.048851
-0.041114
0.012977
-0.074693
0.054884
0.028465
0.033103
-0.022342
0.049221
0.023284
-0.030795
-0.018982
-0.112415
-0.068414
0.060779
-0.158597
0.074721
-0.102661
0.033969
-0.012160
0.043645
-0.081619
0.002177
-0.120160
0.103454
-0.000551
0.034411
0.009756
-0.043136
-0.120067
-0.145282
-0.092415
0.077181
0.033220
0.039221
0.063477
-0.103448
-0.069957
-0.246860
-0.256225
-0.078897
-0.005067
-0.295179
-0.116172
0.006629
-0.001779
0.062267
-0.159660
0.077199
0.114017
-0.010625
0.164141
0.006639
-0.133268
-0.219748
0.013557
0.072456
-0.022494
0.027805
-0.060003
-0.174737
0.059239
0.100866
0.080988
-0.046532
-0.143590
-0.041724
-0.154974
0.053010
0.073530
0.056370
-0.032567
0.117557
0.135812
-0.098372
0.004251
-0.084462
0.010560
0.033664
0.088124
-0.100946
-0.200008
0.090441
0.027351
-0.047815
-0.058809
0.148762
-0.138209
-0.082506
-0.122013
-0.087473
-0.087067
-0.115411
-0.002943
-0.082892
-0.009843
-0.088259
0.091553
0.155670
-0.032925
0.036230
-0.193174
0.028502
-0.139550
-0.084648
0.139003
-0.205761
0.036613
-0.022627
0.142324
-0.112378
-0.050280
0.018811
0.059422
-0.093965
-0.112461
-0.049976
-0.157475
-0.122349
-0.025979
-0.010245
0.149189
-0.119965
-0.020491
0.098955
-0.073566
0.042002
-0.033536
-0.061156
0.222757
-0.070717
-0.045650
-0.039208
0.031630
0.031781
-0.036746
0.007273
0.093706
0.078887
-0.015253
0.239942
0.087550
-0.074442
-0.161297
-0.048843
-0.031160
-0.172379
-0.053119
-0.097972
-0.009539
-0.063221
-0.185873
0.100645
0.078105
0.180587
0.060528
0.037240
0.061719
-0.039171
0.165768
-0.090508
0.036444
0.099196
-0.091775
0.084016
-0.023289
0.002388
-0.017491
-0.060904
-0.060996
-0.183855
-0.125710
0.082232
-0.050733
-0.012747
0.030298
-0.110075
0.126051
-0.069390
-0.056332
-0.028701
0.044637
-0.017413
-0.002469
0.084233
0.013275
-0.088623
0.019160
0.096592
0.039758
0.063820
-0.066719
0.025167
-0.089352
-0.128254
0.009757
-0.078442
-0.042293
-0.224029
0.258173
0.046348
-0.134121
0.002755
-0.010110
-0.039849
-0.216316
-0.098002
0.071917
-0.050861
0.046692
-0.003297
0.110203
0.057883
-0.146488
-0.105833
0.158223
-0.089692
-0.072793
-0.147815
0.146689
0.060690
0.084667
-0.003043
-0.115930
0.086172
0.028550
0.033069
0.056895
-0.018804
-0.047297
-0.079462
-0.021686
-0.102072
0.059004
0.067841
-0.052414
-0.150800
0.197857
0.019845
-0.049764
-0.067981
0.185062
-0.106925
-0.087021
-0.027059
-0.243646
-0.210808
-0.100093
0.034429
0.009581
0.043988
-0.013665
-0.172966
0.117967
-0.018251
0.044839
-0.159018
-0.002756
0.034601
-0.022488
0.084653
-0.002459
-0.057436
-0.054769
0.057739
0.237676
-0.041336
0.023682
-0.000542
0.096591
-0.232374
0.040190
-0.025645
-0.002384
-0.091992
-0.061684
-0.055650
-0.027083
0.062651
0.167223
-0.105946
0.083346
0.009316
-0.029096
0.227344
0.105996
-0.182909
0.016657
-0.077506
-0.114726
0.031556
0.002068
-0.113909
-0.084437
-0.207984
0.136939
-0.069875
0.125101
-0.086391
-0.051213
-0.114329
-0.016515
-0.075665
-0.129468
-0.108900
0.141231
-0.007969
0.177970
0.109085
0.071139
0.140027
-0.168588
-0.078683
0.111728
-0.178748
-0.114536
-0.033642
-0.038253
0.119705
-0.090906
0.028670
0.135985
-0.170284
0.089728
-0.048791
0.090657
0.106263
-0.013177
0.118292
-0.050982
-0.036953
-0.091319
0.031426
0.067213
-0.063098
0.149136
-0.121780
-0.020098
0.135517
0.130030
-0.210992
0.034286
0.074718
-0.138475
0.001084
-0.218561
-0.047041
0.045752
0.027301
-0.022270
-0.094084
-0.011393
0.152311
-0.018704
-0.013639
0.055312
0.022605
-0.105283
0.016130
0.078226
-0.037012
0.078691
0.047768
-0.061480
0.071166
0.027099
-0.047423
0.110032
-0.125694
0.104650
-0.161548
0.165895
0.059030
-0.020933
-0.279671
0.093627
-0.018449
-0.112630
0.062532
0.023963
-0.031661
-0.056656
-0.203638
0.067859
-0.021374
-0.063652
0.061900
-0.166608
-0.126561
-0.231327
0.056436
-0.089387
-0.040653
-0.080700
-0.124981
0.047552
0.006521
-0.121116
-0.133471
0.072748
-0.140030
-0.024560
0.012568
0.162933
0.018100
-0.194020
0.228135
-0.139747
0.090640
-0.059364
-0.046928
0.140420
0.159412
-0.132776
-0.006463
0.063581
-0.152900
0.030566
0.002590
0.031706
0.001216
-0.038463
-0.079049
0.033048
0.175087
0.104245
-0.051738
0.143721
0.017105
-0.142946
0.019734
0.022717
0.003624
0.012012
-0.050274
-0.138186
-0.021212
0.027690
0.045425
0.196962
0.159265
-0.114238
-0.086266
0.115506
0.097417
-0.036105
0.054862
-0.157378
0.089305
0.134830
0.080972
0.161757
-0.043527
0.029060
-0.065787
0.019125
-0.017890
-0.029637
-0.059450
0.076618
-0.068908
0.139801
-0.001536
0.066330
-0.036586
-0.170673
-0.076170
0.181384
-0.051080
0.151492
0.130677
-0.075435
-0.083749
-0.050574
-0.047410
-0.161171
0.078296
0.082013
-0.029285
-0.101322
0.099633
0.088045
0.019147
0.083730
0.005126
-0.003117
0.016147
-0.115417
0.098623
-0.057926
-0.010033
-0.098876
0.047251
0.024867
0.137109
0.003108
-0.019463
0.219487
0.105462
-0.114922
-0.029433
-0.042064
0.079264
-0.277463
0.049388
0.038869
-0.112206
0.132420
-0.036672
-0.000140
0.025171
0.166938
0.181633
0.050810
0.165242
-0.016894
-0.020677
0.113042
-0.010077
-0.171617
-0.101347
0.090736
0.103177
-0.127093
-0.134258
0.032592
-0.079774
-0.070225
-0.048032
-0.005163
0.050213
0.053060
-0.136021
-0.035183
-0.190858
-0.104558
-0.281772
0.098219
-0.028195
-0.032835
-0.059765
-0.013299
0.183774
0.049298
0.058863
0.004692
0.056977
-0.053093
-0.092402
-0.221211
0.040326
-0.015965
0.039048
-0.080128
-0.132493
-0.025860
0.211322
0.151353
-0.035750
0.098867
-0.032157
0.153232
-0.018594
-0.214414
0.014112
-0.010734
0.087146
0.142283
0.005482
0.017564
0.031111
0.092485
-0.001593
0.112179
-0.217055
-0.031824
-0.011084
0.157636
-0.114390
0.004329
0.017514
-0.132523
0.015305
0.252749
0.164617
0.027321
-0.045508
0.101007
-0.049434
-0.103672
-0.030871
-0.032993
-0.106524
-0.038607
0.069847
0.068835
0.016143
0.038383
0.262847
0.134758
-0.203458
0.169207
0.245716
-0.095972
-0.105235
0.182152
-0.033335
-0.139019
-0.104026
0.190061
0.090179
-0.084016
-0.108742
-0.182677
0.020351
0.173518
-0.017287
0.088492
-0.057321
-0.073300
-0.152712
-0.044711
-0.115563
-0.086538
-0.069715
-0.081405
-0.018211
-0.035120
-0.148267
-0.067079
-0.093550
0.113627
0.088433
-0.014935
-0.101947
0.055945
0.101001
0.065377
0.079598
0.032420
0.102743
-0.107110
0.134915
-0.040223
-0.067246
-0.092511
-0.021942
-0.125120
0.119726
-0.022040
-0.111311
0.023617
0.026083
-0.057146
0.005116
0.151372
0.015583
0.055158
-0.023726
-0.106173
0.024728
-0.129178
0.011256
0.237216
-0.063307
-0.104659
0.086485
0.045918
-0.182395
0.044996
-0.040863
-0.191180
-0.049837
-0.030137
0.001248
0.003332
0.123789
-0.049562
0.108167
0.029906
0.019900
-0.034477
-0.038428
0.009520
0.096593
-0.109196
0.008739
-0.094228
-0.013418
-0.122547
-0.011779
0.000538
-0.017999
-0.005423
-0.135406
0.049843
-0.045841
-0.134571
-0.120009
0.177106
-0.006784
-0.085516
0.243799
-0.025432
0.047073
-0.131441
0.034791
-0.007052
-0.066223
-0.147789
-0.156455
-0.026782
-0.073852
0.175150
-0.008575
0.072040
0.123405
-0.089775
0.210750
0.094511
0.013344
0.124124
0.106741
0.035869
0.048734
-0.051146
-0.200351
0.232925
0.013212
0.074925
0.033758
-0.004072
0.054436
0.062032
0.022940
-0.098809
0.212296
0.037011
0.151329
0.137941
0.005175
0.169107
-0.058303
-0.105304
0.093386
0.117357
-0.099178
-0.083383
0.060422
0.035861
-0.068385
-0.019500
-0.017740
-0.099612
-0.136404
-0.075054
0.098883
0.149211
-0.301212
-0.036172
-0.006388
0.120173
-0.011183
-0.235437
-0.225735
-0.084879
-0.082265
-0.012579
0.121487
-0.012983
-0.014543
-0.143638
-0.039156
-0.081197
0.141437
0.137416
0.096928
-0.094622
-0.287308
0.118815
-0.019571
0.353801
-0.021528
0.030596
-0.008894
-0.085585
0.151218
0.061889
0.085071
0.215429
0.008001
0.046416
0.036107
0.191392
-0.057799
-0.019522
-0.111563
0.045862
-0.080817
-0.114313
0.146750
-0.119339
0.072514
0.016283
-0.096429
0.158516
0.089015
-0.083999
-0.024124
0.021725
0.007593
-0.017313
0.015011
-0.090223
-0.005219
0.084109
0.063180
-0.178158
-0.021849
-0.060370
0.073077
-0.048275
0.007576
-0.005273
0.075995
0.118858
0.094240
0.111337
0.058596
-0.161712
-0.068007
-0.096788
-0.034956
-0.002662
-0.145944
-0.053682
0.138843
0.077593
-0.061312
-0.192450
-0.014232
0.086698
0.171345
0.042752
0.057544
-0.174169
-0.157070
-0.031325
0.014432
0.002196
0.127062
-0.011937
0.044963
0.163868
-0.122099
-0.013954
0.019465
0.052153
-0.181760
0.145883
-0.060592
0.017946
0.073981
0.034528
-0.145020
0.119534
0.103197
0.118579
-0.047128
-0.115096
0.169538
-0.074248
-0.022194
0.079427
0.091499
-0.141691
0.062501
-0.045417
-0.091497
0.152860
0.094611
0.018894
-0.014654
0.039697
0.087421
0.162898
0.095666
-0.011225
0.077074
0.070286
0.090788
0.112559
0.109963
-0.077686
0.126521
-0.164369
-0.150749
0.052673
0.046174
-0.001495
0.021985
0.054781
0.262117
0.076987
0.087807
0.115530
-0.044870
0.146715
0.005717
-0.101199
0.208361
0.130672
-0.059197
0.004239
-0.020167
-0.053937
-0.035585
-0.122677
0.133682
-0.015609
0.029837
-0.175903
-0.088286
0.103371
0.218919
0.136725
-0.018276
-0.038954
-0.058972
0.115601
-0.016128
-0.156607
-0.010478
0.155703
-0.268428
-0.124778
-0.149946
-0.207918
-0.110658
0.162885
0.039627
0.021885
-0.107067
0.003373
0.093894
0.021897
-0.051551
0.162476
0.091142
0.005059
-0.120431
-0.116379
0.118315
-0.077465
-0.071688
0.018835
-0.162622
-0.009316
-0.102196
-0.009907
-0.183641
-0.174051
0.043983
0.108788
-0.171824
0.084200
-0.044818
-0.060906
0.002275
0.066105
-0.152945
-0.004779
-0.021308
-0.089923
0.307466
0.180372
-0.087708
-0.021383
0.078045
0.105046
-0.058100
0.105609
-0.060057
0.242678
-0.162699
-0.058465
0.100641
-0.087008
-0.044959
-0.082949
-0.182349
0.030001
-0.027803
0.196763
0.028099
0.152482
0.024346
0.003945
-0.090396
0.195384
-0.122376
-0.064291
0.000497
-0.102713
0.083816
0.108311
0.139032
-0.046941
-0.043137
-0.110989
-0.022741
-0.112334
0.016804
0.071834
0.007214
-0.056910
0.120809
-0.036592
0.123682
0.000660
0.009721
0.267569
-0.036001
0.130942
0.112335
0.085780
0.009764
0.012872
-0.192541
-0.066969
0.047928
0.017813
-0.171506
-0.115112
-0.174616
-0.019688
0.021722
0.058430
0.086432
0.032694
0.156149
0.011208
-0.041840
0.018109
0.159792
-0.150934
-0.094140
-0.140117
0.055282
-0.036451
-0.019038
-0.106448
0.115514
-0.113884
-0.083023
0.018257
0.073074
-0.078982
-0.039445
0.103639
0.181250
-0.086751
0.047744
0.060087
0.013149
-0.048387
-0.025340
0.061213
0.104448
-0.075119
-0.018659
-0.109776
0.004346
-0.082165
-0.132411
-0.147496
-0.277562
0.068548
-0.073023
-0.196921
-0.175010
0.117629
0.146862
0.070793
-0.039452
-0.062822
-0.032283
-0.041735
0.061345
-0.015000
-0.086477
0.043897
-0.079210
-0.044278
-0.022361
-0.022084
0.026326
-0.079533
-0.055818
0.025891
0.011600
0.049961
0.160991
-0.140192
-0.000634
-0.076705
0.048054
0.028260
0.005563
0.075277
-0.118285
-0.019588
-0.020784
0.008371
-0.151881
-0.017849
0.061171
0.008601
-0.031698
0.086359
-0.133507
0.020069
-0.163851
-0.005594
0.080195
0.091616
-0.067436
-0.057636
-0.048649
0.022717
0.035307
0.224775
0.007815
0.037988
-0.102914
0.075624
-0.118407
0.018895
-0.109230
0.003572
0.153625
-0.010730
-0.141203
-0.281370
-0.032743
0.093980
0.134317
-0.070068
-0.090471
0.219147
-0.085677
-0.041885
0.005475
0.068456
-0.028323
0.002680
-0.031850
-0.037033
-0.050017
0.131191
-0.052456
0.070883
-0.043877
-0.006847
-0.287735
-0.072894
-0.067390
0.117502
-0.112383
-0.083974
-0.131525
0.040472
-0.138168
-0.023945
0.076444
0.078777
-0.056732
-0.088875
-0.157766
-0.061998
0.086365
-0.156598
0.146901
-0.067918
-0.048125
-0.122190
0.133730
-0.020580
0.036874
0.105737
-0.105095
-0.015004
-0.071860
0.022348
-0.037507
-0.007380
0.077946
0.117230
-0.017811
0.237700
-0.077642
0.205784
-0.005886
0.055330
-0.126680
0.050351
0.012059
-0.048209
-0.133737
-0.077008
0.002806
-0.082006
-0.040747
0.015926
0.144793
0.093764
-0.047720
0.055302
0.118241
0.089073
-0.147254
-0.008683
-0.085772
0.178079
0.031632
-0.106971
0.023407
-0.080073
-0.145396
-0.016647
-0.046425
-0.146923
-0.024144
-0.073855
-0.194142
0.007771
0.084579
0.071511
-0.051522
-0.100938
-0.239665
0.073965
0.145808
0.090602
0.008371
-0.007526
0.061015
0.040894
0.073235
0.024139
0.009013
0.014560
-0.099003
-0.011912
0.141744
-0.058791
-0.205306
-0.108240
-0.023316
-0.051129
0.091931
0.066590
-0.054759
-0.038753
0.123299
0.045019
0.167766
0.102580
0.001159
0.065305
-0.080552
0.058253
0.088337
-0.131059
-0.178407
-0.072172
0.044858
0.002086
-0.076076
0.037174
-0.010324
-0.183213
-0.044683
0.115971
-0.234065
0.172491
0.038388
0.065124
0.029424
-0.025069
0.122344
-0.048292
0.103470
0.003350
-0.135066
-0.074151
-0.157869
-0.023878
-0.154834
-0.010895
-0.015519
-0.050166
0.134870
0.058846
-0.114457
0.000264
-0.016726
-0.101255
-0.177297
-0.094849
-0.086261
0.098930
0.012839
-0.019968
-0.022481
0.120572
-0.032397
-0.017528
-0.112731
0.098151
-0.117472
-0.202889
-0.098565
-0.047493
0.046229
-0.054955
-0.008974
-0.054390
-0.144127
-0.032179
-0.094997
-0.121970
-0.034943
0.000505
-0.093182
-0.029775
0.065242
0.121090
-0.040604
0.151949
-0.027180
-0.007170
0.004770
-0.335832
-0.012346
0.154307
-0.158001
0.085189
0.123753
0.105372
-0.025489
-0.194254
-0.087426
0.006552
-0.007608
0.077540
-0.155023
-0.001398
0.087291
0.007548
-0.054262
0.047306
0.077343
-0.057930
0.093531
-0.135708
0.165235
-0.188934
-0.101575
0.238488
0.020436
-0.050487
0.068198
0.045254
0.004819
-0.055539
-0.101274
-0.183214
-0.115143
0.055557
-0.123402
-0.055976
0.069426
-0.334222
-0.121250
0.104177
-0.149092
-0.153514
0.077239
0.053927
-0.053818
0.212869
-0.108697
-0.060549
-0.161460
0.116683
0.037819
-0.065919
-0.128062
0.174402
-0.004918
-0.219036
0.149469
0.092943
0.031792
-0.041702
-0.184318
0.026560
-0.130670
0.009491
0.097057
0.057816
0.225072
0.170440
0.172903
0.024222
-0.036512
0.063960
0.283405
-0.102256
0.159706
-0.021305
-0.319064
0.049810
0.209220
0.034968
-0.082041
0.228087
0.111171
-0.145457
0.047741
-0.061928
-0.099862
0.020527
0.026846
-0.169438
0.021321
0.000428
-0.250390
-0.033055
0.171210
-0.048126
0.209671
0.048782
0.091817
-0.138793
0.118878
-0.031405
-0.073346
0.087892
0.033293
-0.008608
-0.220405
0.126023
-0.067609
0.111094
0.016849
0.074007
-0.106633
-0.025436
-0.000576
-0.049992
-0.185313
-0.085395
-0.178305
0.121113
0.080932
0.021885
0.003108
-0.181905
0.211335
0.011657
-0.106324
0.169033
0.122192
0.060975
0.117209
-0.131846
0.073233
0.008629
0.035257
0.051572
-0.016977
-0.093923
0.084010
0.187456
0.140120
-0.123253
0.211405
0.038129
-0.010918
0.086940
0.061652
-0.064848
-0.180142
-0.121022
0.129420
-0.035034
-0.025239
0.044957
-0.111093
0.278776
0.018537
-0.001697
-0.093075
0.013121
-0.037782
-0.027505
-0.139504
0.085377
0.007987
0.088730
0.094893
-0.139433
0.206689
0.047396
0.022773
-0.060973
0.031240
0.138308
0.034455
-0.031346
-0.285263
-0.028627
-0.090454
0.037290
0.040266
0.213245
0.154007
-0.111733
-0.156752
0.156420
0.045261
-0.060342
0.197891
0.167730
0.154486
-0.071416
0.018622
-0.013067
0.046897
-0.215871
0.159341
0.161560
-0.039587
-0.074356
0.032872
-0.182671
0.087773
-0.007992
-0.212834
-0.093248
0.069949
-0.212633
0.047999
0.112820
0.091601
-0.058763
0.026131
0.002410
0.046041
-0.119323
0.002176
-0.097072
-0.109514
0.031745
0.134213
-0.082877
0.016975
0.149541
0.054855
0.095633
-0.049430
0.182469
-0.094502
-0.103913
0.027738
0.116614
-0.199142
0.069135
0.099812
0.077842
-0.093553
-0.091788
-0.172905
-0.028678
0.140598
-0.138506
0.007337
0.208137
-0.054214
0.002033
-0.004311
-0.000302
-0.014398
0.002714
-0.101379
-0.057789
0.001141
0.030621
0.074292
-0.006103
0.230574
-0.159990
-0.000919
0.127880
-0.001830
-0.082373
-0.072298
0.010261
-0.065687
-0.064221
-0.023498
-0.033290
0.015253
0.054079
-0.085481
0.122215
0.075103
-0.052145
0.054499
0.053696
-0.032237
-0.053573
-0.063785
0.027557
0.036567
0.051721
0.083582
-0.200045
0.098892
-0.085986
-0.001193
-0.022558
-0.148420
0.171272
0.049723
0.096422
-0.001605
0.278451
-0.043910
-0.034313
0.056202
0.044958
0.042414
0.143091
0.082441
-0.145391
-0.070628
0.128777
-0.244018
-0.063234
-0.002084
0.039731
-0.075831
-0.014786
0.105808
0.051745
0.152630
-0.087616
0.030360
0.097748
0.048916
-0.115001
-0.034796
0.008861
0.024354
0.165228
0.107849
-0.031225
-0.073671
-0.019784
-0.218966
0.177529
0.048692
0.035446
0.038541
0.086843
0.084458
-0.029225
-0.113526
0.112840
0.115653
-0.231157
-0.176298
0.010504
-0.003124
0.105470
-0.050395
-0.089484
0.079183
0.010700
0.155203
0.063712
-0.024838
-0.036164
0.039920
0.026733
-0.142364
-0.096227
0.004713
-0.066355
-0.026638
0.020355
0.054602
-0.087984
-0.161205
-0.059988
-0.030844
0.129748
0.012412
0.123546
0.119274
-0.209189
-0.053373
0.147865
0.130116
0.064067
-0.169313
0.034334
-0.239835
-0.098263
0.071377
-0.174330
-0.008098
-0.056474
0.037474
-0.024366
0.111649
0.054302
0.104894
0.143938
0.140650
0.115274
0.168541
-0.015638
0.118511
0.099612
0.070589
0.041369
-0.072427
0.019859
-0.169745
0.047609
0.071662
-0.070363
0.221389
-0.136134
-0.087056
-0.015928
0.002076
-0.143084
0.168073
0.056362
0.056448
0.086122
0.098405
0.188114
0.076189
-0.036625
0.145279
0.126752
-0.053436
-0.022620
0.086525
0.079331
-0.134798
-0.024724
0.034033
0.025159
0.008116
-0.076107
0.100923
0.073956
-0.030525
0.030919
-0.169814
-0.063395
-0.138899
-0.100322
0.011668
-0.008871
0.105674
-0.034095
-0.090750
0.005697
-0.146505
-0.129349
-0.044612
0.002815
0.029765
0.131470
-0.160718
0.048727
0.011116
-0.077917
0.049758
0.007132
-0.098981
-0.013217
0.095987
0.078085
0.051616
-0.128140
-0.064807
0.192960
0.065771
0.019084
0.049565
-0.031157
0.087338
0.020389
-0.119902
-0.066684
0.092543
0.018086
0.031673
0.009138
0.045658
0.152329
-0.058351
0.121434
-0.132762
-0.062081
0.083320
-0.048144
-0.004032
0.124786
-0.149935
0.048739
-0.157518
-0.072730
-0.166506
-0.018432
-0.080847
-0.095097
-0.015519
0.086060
0.012722
-0.140763
-0.071593
0.081021
0.050894
0.022484
0.065719
0.117462
0.045953
-0.139637
-0.035009
-0.054081
-0.241024
-0.050147
0.083440
0.077582
0.143035
0.081916
0.000461
-0.054501
-0.094370
0.081295
-0.110352
-0.037636
0.081592
-0.055017
0.086696
-0.222305
0.085682
0.231388
-0.005826
0.037581
-0.053670
-0.028788
-0.092128
0.187074
-0.173656
-0.036579
-0.034041
0.127139
0.072273
-0.204071
0.228750
-0.180085
-0.056812
0.022755
-0.079002
-0.001018
0.151840
0.090471
-0.162994
0.038395
0.094812
-0.091488
-0.008202
0.007253
0.052241
0.054693
-0.082765
-0.106908
0.007905
0.030039
-0.010561
0.123982
-0.073430
0.011663
-0.054540
0.078886
-0.115897
-0.017729
0.018298
0.192433
-0.040524
0.036095
-0.014331
0.157563
0.017423
0.259633
-0.039552
-0.096550
-0.017743
0.015986
0.021464
-0.023067
0.083525
0.012744
-0.032172
0.092991
-0.032159
0.001178
-0.096867
-0.232677
0.032834
0.028984
0.003935
-0.162034
0.025023
0.009117
-0.143657
-0.027264
0.150761
-0.129798
0.146015
-0.003280
-0.022490
0.076542
0.012968
-0.036956
0.113343
-0.079079
-0.160249
0.011084
0.079904
0.026870
-0.181215
0.031550
-0.008408
0.023548
0.108182
-0.076885
0.035742
-0.017242
-0.160523
0.052045
-0.181669
-0.065166
-0.196910
0.046077
-0.072378
-0.065921
0.057152
0.049561
0.025818
-0.007058
0.221946
0.261306
-0.206511
0.019354
-0.150507
-0.004529
0.046318
0.002051
0.080773
0.044627
0.062955
0.236966
0.158608
0.024278
-0.004162
-0.007041
-0.157706
-0.017315
-0.001426
0.112957
-0.088062
0.035657
0.033389
-0.007124
0.007546
0.056075
0.142055
0.156358
-0.138162
0.158908
0.015784
-0.110078
0.017501
0.014857
-0.009115
0.004774
-0.084076
0.033279
-0.184909
-0.018860
0.085508
0.087047
0.202132
-0.051648
-0.095140
-0.176332
0.125269
-0.157563
-0.050958
0.145850
-0.171381
0.045325
-0.012956
0.083716
0.180599
-0.143765
-0.076261
0.048959
-0.094108
-0.054459
0.182375
0.009445
0.025975
0.089452
0.145975
-0.066082
0.046069
0.097025
-0.117960
0.044236
0.044195
-0.008267
0.114373
-0.050106
0.002101
0.028840
0.147404
0.103357
0.013260
-0.136391
-0.096132
-0.145329
0.253701
0.099948
-0.126131
0.027221
-0.018736
0.054369
0.013644
-0.133477
-0.036810
-0.044604
0.238633
-0.053863
0.001159
-0.027263
-0.088509
0.015802
0.012940
0.171761
0.070266
0.048515
-0.119988
-0.053970
-0.084030
0.006376
0.211480
-0.095695
-0.086876
0.009701
-0.094093
0.186969
0.080221
-0.141565
0.021024
0.035151
-0.013651
-0.161400
0.064308
0.057169
0.004967
0.049117
0.054106
-0.145374
0.065616
-0.013143
-0.075086
0.032864
-0.046944
0.021868
0.038723
-0.004236
0.139993
-0.008939
-0.159382
0.042898
-0.139630
0.032329
0.079686
0.067609
-0.043023
0.163131
0.014402
0.034259
-0.080592
0.195144
0.010164
0.012399
-0.089285
0.126728
-0.088012
-0.004218
0.182051
0.116533
0.094914
0.011372
0.084481
-0.113439
-0.175940
0.007925
-0.022734
0.111263
0.052345
-0.014026
0.084581
-0.063230
-0.163167
0.014651
-0.105288
-0.045421
-0.306339
0.060983
0.008647
-0.105582
0.021385
0.152311
0.166461
-0.098567
-0.061466
0.026650
-0.184825
0.094718
0.163869
-0.006919
0.015722
-0.025113
0.061725
-0.076472
-0.302629
-0.095787
0.172870
-0.020145
0.045268
-0.030621
0.182472
0.024674
-0.001728
0.175592
-0.153750
-0.046119
-0.075195
-0.018611
-0.148736
0.130875
-0.089077
0.046325
0.006894
-0.067182
-0.140924
-0.105176
0.026549
0.101404
-0.283665
-0.014329
0.096165
-0.126454
0.066111
-0.070380
-0.004400
-0.068805
-0.236110
0.040148
-0.158959
-0.063807
-0.059377
-0.114022
-0.077194
-0.009009
0.024189
-0.020163
0.039041
-0.041543
-0.003544
0.076504
-0.080711
-0.073209
-0.047963
-0.029843
-0.178441
-0.064323
-0.088410
0.096677
0.030692
-0.059663
-0.031309
0.083637
0.107334
-0.017173
-0.090477
-0.022258
-0.004981
-0.101820
0.158680
-0.060521
0.102609
-0.083159
-0.044520
-0.088959
-0.102170
0.031586
-0.048497
0.132277
-0.052184
0.061495
0.076851
0.008204
0.036812
0.061026
0.106858
-0.160388
0.003218
-0.043203
0.058326
-0.068912
0.057119
0.014774
0.160861
0.103631
0.023381
0.082895
-0.175710
-0.011680
-0.008795
0.058875
0.019275
-0.178349
-0.060155
0.002402
0.219286
-0.102012
-0.007667
0.232879
-0.031842
0.064355
-0.041552
-0.035430
0.083941
0.080938
0.075130
0.235987
0.165979
-0.030197
0.123393
-0.043541
-0.066199
-0.006162
-0.068052
-0.074529
0.020254
0.028451
-0.172144
-0.074923
-0.033140
0.144959
-0.028061
-0.110157
-0.086683
0.066593
0.106466
0.093419
0.070753
0.105633
0.075646
0.207407
0.017639
0.011305
0.024439
-0.159214
0.156772
-0.031058
0.047383
0.073199
-0.025561
0.115763
0.127306
0.090627
0.011382
-0.082684
0.096499
0.000546
-0.033115
-0.109385
0.034267
0.249329
-0.025283
-0.104973
-0.097768
0.034566
0.191391
-0.066606
0.206163
-0.017992
-0.037371
0.066123
-0.045385
-0.041846
0.106287
0.086807
0.036766
-0.022175
0.137664
-0.229829
0.053288
-0.039104
-0.000829
-0.116269
0.020130
0.054115
0.075587
0.066514
-0.020128
-0.040639
0.048583
-0.045240
-0.088762
-0.162503
0.004292
0.067159
0.004725
-0.242308
-0.069955
-0.101306
-0.005164
0.030611
0.267586
-0.056142
-0.089644
-0.056997
0.032785
-0.041329
-0.090063
0.127479
-0.025945
0.066776
0.049889
0.106065
0.072997
0.052553
-0.005838
0.009166
-0.006217
-0.094737
-0.179319
-0.114874
0.036898
-0.208858
0.012506
0.028294
0.075206
-0.101694
-0.072039
0.004089
0.113633
-0.019445
-0.018015
0.183123
-0.082295
0.118675
0.050362
-0.039368
-0.098209
-0.082538
-0.019734
0.028073
0.035058
0.016606
0.209727
0.062736
0.226603
-0.085387
-0.027487
-0.059637
-0.017934
-0.041539
-0.002897
-0.036541
-0.011704
-0.170844
0.092841
0.086927
-0.078131
-0.142598
-0.110555
-0.017059
-0.049464
0.129017
0.142632
0.059644
0.090690
0.056371
-0.014858
0.003842
-0.042982
-0.099788
-0.000998
0.099398
-0.039596
-0.121767
-0.156839
-0.041352
-0.035048
-0.087037
-0.006389
0.038315
-0.123391
-0.193555
-0.035111
0.266921
0.083130
0.013924
-0.051314
-0.078929
-0.023136
0.015602
-0.152751
0.164433
-0.006274
0.194518
-0.115647
0.016053
-0.068695
-0.018894
-0.065635
0.020175
0.025823
0.045554
0.074661
0.039497
0.148710
0.009407
0.097518
0.100900
0.099489
0.155826
0.085870
0.186418
-0.175183
0.114879
0.149568
0.003037
-0.060698
-0.239536
-0.002220
-0.140077
-0.044700
0.037241
-0.005995
0.156056
-0.089151
0.037001
-0.159000
0.190546
0.077035
0.006261
-0.038300
-0.050061
0.025262
0.048749
-0.102154
0.115023
-0.051959
-0.066430
-0.103628
-0.153673
-0.013257
-0.074405
0.114839
-0.145351
0.141824
0.060951
-0.131355
-0.088360
-0.036638
-0.078881
0.123167
-0.026003
0.019730
0.189346
-0.091478
0.079754
-0.049983
-0.052065
0.072121
0.102234
-0.016691
0.016570
0.067260
0.127541
-0.012981
0.033238
0.092243
-0.148534
-0.034976
0.150685
-0.042628
-0.084021
-0.069431
-0.058636
0.019204
-0.052050
-0.013042
-0.123458
0.035938
0.080553
0.047621
0.012623
0.007728
0.038891
-0.012813
0.066888
-0.032634
0.025886
0.039577
0.024785
0.082132
-0.072844
-0.020611
0.025601
-0.175391
0.123134
-0.058807
0.169914
0.067715
0.125247
0.040275
0.038688
0.004365
0.147407
-0.088331
0.010147
-0.000635
0.045827
0.123403
0.029295
0.035715
-0.024276
-0.100908
0.019178
0.187049
0.045947
-0.206310
0.141229
0.141615
-0.117360
-0.002006
-0.253210
0.002374
-0.008159
-0.139557
0.142054
-0.080784
0.134656
-0.024138
0.002767
0.048722
-0.233721
0.132239
0.024674
0.083557
0.171913
0.062763
0.004336
0.155472
0.011065
-0.037630
-0.057726
0.052767
0.046705
0.017663
0.073888
0.080566
-0.067865
0.086180
-0.198987
0.015990
0.098985
-0.026527
0.001246
0.162960
0.062268
0.056974
-0.095433
0.065442
0.096672
-0.073803
-0.057071
-0.000128
-0.188064
-0.177950
-0.032977
0.069299
0.085980
0.084042
0.178079
0.012386
0.035127
-0.039709
0.013609
-0.074255
0.046671
0.114930
-0.096989
0.088739
0.067878
-0.120025
0.010804
0.080997
0.021709
0.217807
0.072741
-0.086382
-0.076867
-0.077487
0.027651
-0.025223
0.022081
0.095933
-0.227201
-0.179024
0.031760
0.102030
-0.060992
-0.037856
-0.014160
-0.077019
-0.072108
0.115286
0.139699
-0.048850
-0.001810
0.114647
-0.077625
-0.039040
0.021238
0.135578
-0.022322
0.061817
-0.009280
0.128260
-0.129541
0.210223
0.105697
0.006161
0.170754
-0.052862
-0.131357
-0.194118
-0.246608
0.051421
-0.031364
-0.065160
0.035815
-0.058011
-0.060054
-0.019536
0.068065
0.048435
-0.110472
0.064734
0.101738
0.261833
0.143983
-0.071924
-0.038702
0.119221
0.037273
-0.009978
-0.059304
-0.171095
0.087317
-0.008132
0.163881
0.078301
-0.014277
-0.098433
-0.131917
-0.055165
-0.124824
-0.125494
0.116037
-0.108189
0.170320
-0.019842
-0.038494
0.049422
-0.092394
0.170141
0.031773
0.005746
-0.197269
-0.059408
0.058926
0.042573
-0.062243
0.199477
0.046564
-0.151863
0.047340
-0.166595
0.161016
0.216531
-0.113254
-0.104853
-0.066730
0.072522
-0.022438
0.039784
-0.098708
-0.009321
-0.072319
0.125386
0.074315
0.113743
-0.119597
-0.094630
-0.084429
-0.166008
-0.063858
0.121327
-0.054965
-0.017397
-0.044330
-0.034577
-0.136463
0.048116
0.131594
0.080303
0.042139
-0.062885
-0.032729
0.203388
0.018262
0.087254
0.090769
-0.091765
0.059974
-0.278539
0.051501
-0.031364
-0.149840
0.060805
0.168402
0.056291
0.050328
0.077446
0.046713
-0.078611
0.060569
-0.171425
-0.105549
-0.115422
-0.046131
-0.085852
-0.090741
0.015932
0.193028
0.042670
0.057065
0.061661
0.168376
-0.019550
-0.023623
0.040894
-0.072233
-0.035571
-0.121432
-0.198000
-0.002400
0.195563
-0.079637
-0.140471
0.059845
0.023498
0.069951
-0.135535
-0.214603
-0.045902
0.023196
0.128602
-0.011716
0.094022
0.071745
0.104728
-0.076019
0.057309
-0.031089
0.008898
-0.148080
0.032867
-0.142928
0.091806
0.206999
-0.090998
0.101171
0.069319
0.015878
0.242432
-0.086539
-0.054128
0.023045
0.126335
-0.145618
0.031246
0.012529
0.097597
0.025446
0.119314
0.246441
-0.255640
-0.110607
0.025613
0.011999
0.009711
0.036994
-0.135227
-0.013470
-0.009642
0.147990
-0.087221
0.044469
0.178692
0.032142
-0.133031
0.072654
-0.065785
0.075041
0.038493
0.039930
0.000400
-0.207643
0.047516
0.087428
0.142007
0.015718
-0.104692
0.003946
0.213145
0.055902
-0.024821
0.277633
0.029066
-0.031103
0.059468
-0.007658
0.089334
-0.059670
0.197388
-0.128074
0.000816
-0.134583
-0.013896
-0.122919
0.117289
-0.162625
-0.055916
0.121036
-0.022230
0.176542
-0.088924
0.015924
0.026044
-0.063831
0.035969
0.019834
-0.127235
0.152392
0.006811
0.073923
-0.122609
-0.219784
0.052279
0.266451
-0.117047
-0.006430
0.080010
0.173532
0.036139
-0.058813
-0.100163
0.027519
0.045672
0.011742
-0.114133
0.000380
0.062784
0.052582
0.019555
0.030147
0.122593
-0.049073
-0.129194
-0.026877
0.074804
0.005694
-0.241118
0.009043
-0.068985
-0.060832
0.020134
0.064246
0.077405
-0.081407
-0.014975
0.013721
-0.050203
0.108526
-0.168442
-0.043245
-0.083002
0.004686
-0.015599
-0.008498
0.047687
0.060603
-0.048271
0.126052
0.092781
-0.138752
0.117137
0.013780
-0.058148
-0.031688
0.136574
0.026930
0.062577
0.094787
0.035142
-0.016874
-0.135850
0.033396
0.012610
-0.042537
0.195377
0.037361
0.067123
-0.112694
-0.003197
-0.208549
-0.000746
0.069973
0.022239
0.091125
-0.112846
0.027367
-0.180606
-0.109121
0.016949
0.014332
0.135503
-0.145014
0.218844
-0.056949
0.120408
-0.141721
0.165773
0.078601
-0.021206
-0.015400
0.048980
0.048400
-0.053142
0.104439
0.020410
0.033305
-0.059455
0.029545
0.121681
-0.126685
0.018205
0.043370
-0.141361
0.068180
-0.019565
0.077530
0.064033
0.006618
0.111061
-0.018117
-0.035819
-0.062365
0.074667
0.071121
0.016431
0.211645
0.187710
-0.108899
-0.025599
0.057845
-0.007467
0.157791
-0.098729
-0.021597
0.002078
-0.060171
-0.015548
0.136862
0.123396
-0.023832
0.000970
-0.116815
0.040714
-0.042297
0.065846
0.100166
0.196684
0.153109
0.019184
0.008266
-0.098255
-0.029670
-0.035195
0.014564
-0.035467
0.011018
0.002085
-0.158613
-0.181087
0.084270
-0.017282
0.072972
0.036375
0.028879
0.000827
-0.076713
0.046361
0.054095
-0.056053
-0.050347
0.159090
0.147404
-0.007641
0.046936
0.045563
0.101283
-0.088841
-0.002100
0.174873
0.020752
-0.063252
0.245242
-0.124662
0.056623
-0.054301
0.052754
0.092299
-0.009509
-0.108651
0.174289
-0.131967
-0.090254
0.014335
0.005421
-0.154072
0.023408
0.182364
-0.013517
0.061478
-0.015459
0.045222
-0.047166
0.061865
-0.039952
0.035872
0.020881
-0.003422
0.108631
0.187614
0.134349
0.013545
-0.007822
0.108509
0.122733
-0.117538
-0.042084
0.020280
0.026361
-0.096190
-0.113890
-0.084105
-0.123241
-0.267324
-0.117098
-0.025999
0.075075
-0.084228
0.054080
0.110394
0.113850
-0.130339
0.076609
0.128766
0.003875
0.063452
0.010956
0.085348
0.068929
-0.058834
0.039576
-0.080332
-0.196959
0.081782
-0.070770
0.111845
0.166800
0.047965
-0.018777
-0.065671
0.020171
0.093954
0.125007
0.040244
0.008940
0.103247
-0.042077
-0.081384
-0.101483
0.038638
-0.120094
0.034298
-0.016510
0.000774
-0.094609
-0.051582
0.046100
0.066128
-0.006733
0.073330
0.053654
-0.087215
-0.012006
-0.099589
0.018141
0.041988
-0.019265
0.024022
0.055039
0.025400
-0.066438
-0.017269
0.037700
-0.056003
-0.004191
-0.277563
-0.241520
-0.143983
0.074903
0.003605
0.266162
0.015530
-0.171753
0.151530
-0.028839
-0.030377
0.086041
0.047592
-0.025025
-0.089816
0.054290
0.038730
0.067118
0.006607
0.095255
-0.147905
-0.249407
-0.047097
-0.057773
0.023833
-0.064027
0.115392
-0.028785
0.043671
0.018782
-0.049013
-0.134822
0.015790
0.023178
0.144937
0.076853
0.243022
-0.008354
-0.054113
0.041278
0.008717
0.120700
0.097173
-0.012596
0.050458
0.259075
0.055312
-0.064611
0.023789
0.159248
0.054339
-0.001436
-0.089911
-0.084388
0.071410
-0.145215
-0.142142
0.132126
-0.018959
0.202923
-0.116082
-0.038827
-0.025160
-0.065729
0.012216
-0.166647
-0.076688
-0.078715
-0.228835
0.027515
-0.005967
0.087332
-0.243681
0.053856
0.070059
0.084088
-0.052502
-0.176082
-0.057468
0.026369
-0.072433
0.005290
-0.063775
-0.021532
-0.043685
0.117064
0.035707
-0.048276
-0.166938
-0.137267
-0.085459
-0.155632
-0.006472
0.020585
-0.011578
0.049531
-0.025467
0.127083
0.108339
-0.017077
0.041626
-0.076544
0.000471
0.054749
-0.272567
0.061665
-0.017638
-0.067830
-0.297438
0.001405
-0.141285
-0.065403
0.053506
-0.064583
-0.022224
-0.178497
-0.125574
0.002970
-0.059735
0.067327
-0.148969
0.091873
-0.076839
-0.076714
-0.134234
0.010241
-0.044509
0.211665
0.135761
0.066745
0.017870
-0.007286
-0.159458
-0.012912
-0.060763
-0.156732
0.005492
0.013372
0.119262
0.251619
-0.060200
0.087259
-0.116117
0.015753
0.129547
-0.027690
0.113133
-0.130721
-0.076055
0.013426
0.000855
0.165428
-0.240019
-0.036382
0.022147
0.006155
0.040599
-0.026185
-0.089958
0.082096
0.139093
0.041562
-0.102746
0.210557
0.169532
-0.014327
0.092436
-0.108849
-0.216115
0.012740
-0.011736
-0.100133
-0.029207
-0.007982
0.033907
0.055425
-0.002377
0.039256
0.007515
-0.151262
-0.051732
0.016986
-0.094645
0.084988
-0.033634
-0.027987
0.158597
0.141430
0.076353
-0.052451
0.064545
0.010496
-0.100988
0.007485
-0.113634
-0.071478
0.103017
-0.016735
0.148653
-0.010186
-0.161609
0.029028
-0.025788
0.074024
-0.090888
0.024653
-0.070038
-0.058334
-0.056392
0.036722
0.026771
-0.010996
0.077390
0.144748
-0.017363
-0.045568
0.109158
0.116970
0.074810
-0.019673
-0.111002
0.078770
-0.098193
0.114665
-0.120444
-0.033389
0.132555
0.033996
-0.194911
0.063811
0.171251
0.054417
0.134253
-0.013970
-0.051440
0.004099
0.231664
0.012109
-0.179694
0.060625
-0.063164
-0.035666
-0.149923
-0.039586
0.007086
-0.182007
0.051888
-0.008010
0.018680
-0.117714
0.117780
0.105315
-0.228164
-0.046997
0.151849
-0.017116
0.125125
-0.044771
-0.014597
-0.063885
0.050880
-0.080989
0.029393
-0.009686
-0.002689
0.007190
0.127199
-0.075026
0.223081
0.011352
-0.011009
-0.065392
0.043184
0.036751
-0.122554
0.100654
0.104099
-0.106888
0.096560
0.034118
-0.109531
-0.100028
0.093047
-0.032045
0.152874
0.018818
-0.060440
-0.150614
-0.027925
-0.062054
-0.090002
0.056728
-0.030442
0.074988
-0.043811
-0.130732
0.067015
-0.089139
-0.226895
0.049313
-0.016313
0.098199
0.112265
-0.096904
0.007025
0.012476
-0.139162
-0.188742
-0.140243
-0.054206
-0.126923
-0.038739
-0.028205
0.002216
-0.097145
0.074878
0.033923
-0.237439
0.035158
-0.156645
-0.122527
0.106708
-0.136621
0.130403
-0.207148
-0.236167
0.178391
-0.045301
0.142297
-0.041222
0.126009
-0.122340
0.015940
0.038436
-0.088145
-0.066025
-0.185588
0.081267
0.183396
0.004292
0.088455
0.112745
0.037674
0.052799
-0.098016
0.082676
0.064338
-0.118945
-0.003188
0.033594
-0.080505
0.044502
0.028621
-0.077902
0.131258
0.103406
0.134600
-0.022579
-0.039612
-0.063399
0.046781
0.100961
-0.103362
0.081804
0.050252
0.055157
0.042635
-0.003541
0.024018
0.053045
0.048630
-0.137164
0.065656
0.106352
0.039020
-0.012374
0.161987
-0.134303
0.173776
-0.015132
0.002931
0.004217
-0.100806
0.209347
0.147348
0.179954
0.128223
0.028532
0.073935
-0.042993
-0.017729
-0.165369
-0.080701
-0.034390
0.076436
-0.143452
-0.056280
0.086171
0.191163
0.118360
0.001638
0.006279
-0.079279
0.150353
0.303381
0.111121
0.019165
0.081069
-0.027080
0.002699
0.024216
0.161287
0.073469
0.033871
-0.005426
-0.096712
0.084513
-0.026642
0.200245
0.121929
0.042581
0.161936
0.047352
0.070520
-0.133320
-0.045849
-0.135426
-0.288848
0.072639
-0.055306
-0.097275
-0.067288
-0.054630
0.093473
0.228687
-0.049319
-0.043444
0.033894
0.163421
-0.003316
-0.032182
-0.123699
0.000573
-0.075351
-0.038124
-0.009280
0.199837
-0.021289
0.097930
0.245514
-0.071431
0.240725
-0.093171
0.131845
0.037475
0.083137
0.075749
-0.042130
-0.016116
-0.106497
0.223909
0.063622
-0.032998
0.051145
-0.126816
0.074270
-0.014566
0.052995
0.035079
-0.046760
-0.068533
-0.015131
0.114652
0.003799
0.076524
0.121983
0.051385
-0.044897
-0.070719
0.177826
-0.144286
-0.107618
0.054691
-0.085681
-0.175634
0.137251
0.053551
0.105261
-0.117090
-0.016539
-0.039646
-0.054555
0.011484
0.094911
0.024929
0.071787
-0.063711
0.207206
-0.110301
-0.014821
-0.174902
0.068836
-0.031753
-0.099404
0.021903
-0.111150
-0.078684
-0.094242
0.158642
-0.183442
-0.016498
-0.019128
0.025387
-0.070280
-0.222532
0.040712
-0.037706
-0.059088
0.092259
-0.054808
0.065504
-0.010069
-0.072842
0.097887
-0.041879
-0.054334
0.044184
0.031530
-0.131020
-0.069118
-0.197613
-0.084838
0.009374
-0.036262
0.119425
-0.052599
-0.124162
-0.080331
-0.041208
0.170179
0.092473
0.068414
-0.028722
-0.026684
0.081689
-0.078393
0.000004
-0.028841
0.012128
0.060096
-0.058020
0.115209
-0.010708
-0.037979
-0.197608
-0.058140
0.069405
-0.007075
-0.015808
0.103330
0.119446
0.047494
-0.155886
-0.016587
-0.012996
-0.071985
0.114928
-0.139142
0.009806
0.058527
0.030203
0.145216
0.042224
-0.065060
0.023660
0.168472
-0.086814
0.093369
-0.199904
0.122442
0.026801
0.065377
-0.050221
-0.022809
0.074510
-0.153469
-0.164347
-0.110004
-0.111632
-0.023772
0.012520
0.117915
0.072651
-0.029222
0.157409
-0.055749
0.003042
0.086925
-0.096801
0.018414
0.174594
-0.142803
-0.029028
0.187424
0.208664
-0.087364
-0.090737
-0.243387
-0.091944
-0.112095
0.094457
0.078412
-0.083650
0.049160
-0.050178
0.095440
0.032159
-0.162973
0.066403
0.092528
-0.022187
0.079388
0.014294
0.188807
-0.004540
-0.064872
0.008413
-0.226900
-0.041378
0.099324
-0.186939
0.083924
0.227614
-0.195791
-0.126449
0.108320
0.076218
-0.039068
0.001848
-0.150600
-0.162048
0.127946
-0.077060
0.082436
0.067704
-0.167693
-0.381977
0.000155
0.116599
0.092228
0.181637
0.069048
0.025329
-0.035303
-0.012067
0.035421
-0.103811
-0.157177
0.024043
-0.029159
0.314659
0.170219
-0.116572
0.057977
-0.131565
0.027469
0.051560
-0.119571
-0.081250
0.025777
-0.075097
0.092578
-0.019292
0.136820
-0.161762
0.056195
0.030274
-0.130971
0.022490
0.149302
-0.070934
0.007814
0.048152
-0.153722
-0.148719
0.034820
0.071749
0.084948
-0.039317
-0.205962
-0.262185
0.053654
0.191350
-0.059465
0.014311
-0.070363
0.142206
-0.108371
0.107007
0.040218
-0.088327
0.178676
0.062302
0.159813
0.013771
0.109280
0.049174
-0.066601
0.232559
0.076884
0.306490
0.047963
-0.027502
-0.004793
-0.054342
-0.042866
-0.059732
-0.243613
-0.032952
-0.128604
0.073675
-0.102497
-0.176773
-0.111185
0.032829
-0.076474
-0.317817
0.198663
0.100621
0.012105
0.085638
-0.069709
-0.109098
-0.137504
-0.013310
-0.059810
-0.045966
-0.242224
0.002064
-0.089385
-0.119580
0.209847
0.036176
-0.286993
0.164641
0.040035
-0.069664
0.202048
0.156722
-0.060781
-0.040965
-0.003990
0.083166
0.033171
0.207688
-0.052418
0.115240
0.049547
-0.014712
0.032484
-0.021701
-0.021265
0.015711
-0.028550
-0.078286
0.004454
0.115967
-0.042836
-0.024116
-0.038649
0.121498
0.091628
-0.087948
-0.060604
0.015581
0.035607
0.043992
0.049499
0.165279
-0.016893
-0.026560
-0.061183
-0.118141
0.094562
-0.179647
-0.098444
-0.090910
-0.183189
0.052501
-0.100717
0.071594
-0.080199
0.062161
-0.056472
-0.063270
0.032584
-0.075846
-0.058360
0.076263
0.170789
0.069892
0.012918
0.119737
-0.130654
-0.108131
-0.058622
-0.092510
-0.050881
-0.169995
-0.068600
0.096735
0.027701
-0.038356
0.296353
-0.147949
0.150014
-0.082264
-0.047804
-0.085267
-0.028204
-0.132157
0.097939
-0.053056
-0.074978
-0.135048
0.054635
-0.050001
-0.154549
-0.061324
-0.048640
0.008759
0.029795
0.073624
0.099061
0.024382
0.063033
-0.056620
0.136424
0.084251
-0.164371
-0.057979
-0.097089
-0.009530
0.106928
0.104838
0.127047
0.117008
-0.002206
-0.360071
-0.099405
0.079407
-0.060350
-0.016908
-0.105108
-0.165815
0.151054
-0.095705
0.034915
0.139695
0.045764
0.054539
0.030287
-0.026229
0.002917
-0.119294
-0.133837
0.024004
0.218776
0.092739
-0.035029
0.192274
0.054855
-0.234344
-0.061304
-0.091324
-0.130033
0.103516
-0.029205
0.144644
-0.125152
0.079363
0.095960
-0.106846
0.020978
0.050560
0.158087
0.199550
0.178737
0.031036
0.103904
-0.010522
-0.100150
-0.119004
-0.122780
0.134091
0.004956
-0.045509
-0.098297
0.205898
-0.041943
-0.151562
0.033511
-0.083919
-0.007239
0.035023
-0.092764
-0.054708
-0.100804
0.011470
-0.076391
-0.070927
-0.173459
0.093932
0.110723
0.101597
0.077769
0.113822
0.118320
0.132240
-0.132619
0.137711
0.058700
0.009365
0.078019
0.070439
0.080875
0.063154
-0.104241
0.047574
0.040168
0.010558
-0.064954
0.117423
0.000883
0.078753
-0.037196
0.168208
0.004528
-0.015285
-0.157155
0.024476
-0.015070
-0.049421
-0.128286
0.069191
0.017438
-0.169797
-0.102465
-0.165868
0.053354
-0.046330
0.249989
0.084152
0.101067
0.029416
0.031032
-0.041271
0.035316
0.026566
-0.054312
-0.113847
0.135151
0.047478
0.161801
-0.013431
0.166696
-0.007141
0.033764
0.043813
0.122325
-0.024274
-0.126696
0.137743
0.057259
0.145443
-0.032278
0.126469
0.097954
-0.028497
-0.040638
-0.170086
-0.043752
0.116355
0.026301
-0.084410
-0.159502
0.227558
-0.110581
0.272090
-0.047599
0.201512
-0.021748
0.142327
0.025436
0.027749
-0.062972
0.106868
-0.097976
0.008029
-0.011400
0.018501
-0.021950
-0.103003
0.038738
-0.027610
-0.243486
0.018252
0.071883
-0.039955
-0.092487
0.041358
0.088643
-0.158377
-0.207295
0.085366
0.005757
-0.156435
-0.057864
0.061006
-0.020920
0.038112
0.003305
-0.089570
0.069930
0.032473
-0.153728
0.022190
-0.071867
-0.069628
0.080747
-0.006249
0.040165
0.202109
0.066274
0.031452
0.119727
-0.094072
0.025538
0.025104
0.134286
-0.030534
-0.136054
-0.098867
-0.134569
-0.102488
0.038355
-0.031144
-0.128994
-0.149256
-0.108708
0.015180
0.159974
0.133157
-0.062176
0.183721
-0.249165
0.072956
0.000293
-0.024247
0.060824
-0.083264
-0.082666
-0.010818
-0.051518
0.049011
0.098151
0.001289
-0.017446
0.073820
-0.061355
-0.004174
-0.004714
-0.048374
0.208603
0.047523
0.072464
-0.079715
-0.185596
-0.006676
-0.103972
0.032334
0.038673
0.011129
-0.174163
-0.047515
0.057808
-0.139037
-0.069184
0.068094
-0.020516
0.147247
0.067881
-0.032088
-0.059740
-0.119718
-0.153944
0.026380
-0.054778
0.008922
-0.116000
-0.111201
-0.141652
-0.008047
-0.000039
0.045571
0.141481
0.060887
0.009170
-0.111155
-0.080731
0.067467
0.061764
0.020079
0.036286
0.110390
-0.044667
-0.131635
-0.103204
0.165308
-0.098723
-0.085177
-0.069528
0.007262
0.026739
0.073574
-0.112291
0.098231
-0.098766
0.098365
-0.054179
-0.026711
-0.079978
-0.111128
0.066904
0.122179
-0.158314
0.181477
-0.099342
0.007405
-0.029270
-0.010104
-0.029237
-0.054681
-0.013045
0.060991
0.028397
-0.053302
0.096547
0.166119
-0.145789
-0.000315
-0.093703
0.027676
-0.112946
0.075013
0.089823
-0.016631
0.080119
0.218553
-0.004345
-0.049927
0.045688
0.065560
0.246292
-0.064784
-0.003059
0.026246
-0.013928
0.041445
0.085666
0.092352
-0.021597
-0.008525
-0.028621
0.213632
-0.079180
-0.010803
-0.018926
-0.082156
0.101147
0.229365
0.106855
-0.001802
-0.133890
-0.068039
0.101298
0.051041
-0.011385
0.011183
0.001919
-0.021749
0.056527
0.068003
-0.155575
-0.065159
0.003672
0.021170
0.160082
-0.045151
0.310170
0.061731
-0.098350
-0.065691
0.054139
-0.138610
0.082965
0.167519
0.112225
-0.017998
0.046260
0.122542
-0.183898
-0.129719
0.109528
-0.108664
-0.037942
-0.122590
0.177261
-0.039731
0.089273
-0.055215
-0.056623
0.062846
-0.102473
-0.142534
0.231124
0.004713
-0.019039
-0.051572
-0.078823
0.053331
0.097598
-0.245644
-0.138128
-0.060480
0.133562
-0.005243
0.011511
0.039440
-0.002798
-0.082828
0.050645
0.002606
-0.069465
0.099990
0.037022
-0.019245
0.157095
0.044608
0.032347
-0.046508
0.173520
0.175133
0.331898
-0.114628
-0.088363
-0.099261
-0.103817
-0.128359
-0.106761
0.037825
0.040708
-0.017178
-0.003289
-0.060151
-0.122836
-0.051705
-0.100921
0.107983
-0.039533
-0.005233
0.099550
0.068753
-0.074449
0.066317
-0.070114
0.060234
-0.056046
0.071785
0.126079
0.019310
0.024377
0.032136
0.118527
-0.136928
-0.043642
-0.058447
0.019606
0.021301
-0.017728
-0.112023
-0.089167
-0.046815
0.087567
0.007072
0.085289
0.004366
0.027454
0.198405
-0.033492
-0.095040
0.090059
0.247962
-0.122060
0.008228
-0.173313
0.216914
-0.116678
0.025726
-0.056653
0.163455
-0.120675
0.042262
-0.001597
0.323125
0.256544
0.152601
0.009295
0.017405
-0.029075
0.048516
0.137749
0.028399
0.155827
0.013665
-0.142000
-0.231125
-0.104027
-0.108541
0.063663
-0.198694
-0.095150
-0.059583
-0.107941
0.065667
0.236333
-0.020166
-0.028365
-0.130270
-0.012819
-0.075868
-0.172114
0.177389
0.017974
-0.095992
-0.177230
-0.142130
0.106132
0.103366
0.173096
0.025703
0.007714
0.103092
-0.013996
0.149163
0.234121
0.001825
0.138747
-0.026885
0.080394
-0.110025
0.146327
0.125333
0.237904
0.172616
0.032017
0.040704
-0.100651
0.037867
-0.126418
0.131594
0.121613
-0.049033
-0.085634
-0.077463
-0.083669
-0.299690
-0.018936
-0.255746
-0.033752
-0.160021
-0.148568
-0.153515
-0.038336
-0.058004
-0.084134
-0.082636
0.010639
0.066822
-0.168065
-0.052842
0.059116
0.050035
0.167032
-0.137054
0.018253
0.037453
0.022355
0.129785
0.036672
0.028214
0.061101
-0.027556
-0.054792
-0.098601
0.059937
-0.097831
0.024629
0.118101
-0.034632
0.248664
-0.039347
-0.102425
0.123312
-0.006218
-0.042585
0.044277
0.163702
0.077399
0.122779
-0.120944
-0.095466
-0.047393
0.027133
-0.038104
-0.163319
0.033968
-0.034102
0.096308
0.093412
-0.050650
0.059967
-0.035939
-0.106634
0.071142
-0.061714
0.159497
-0.121198
-0.147650
-0.091310
-0.349841
0.234716
0.088389
0.000107
0.163903
0.037189
0.034561
-0.022575
0.119317
0.175426
0.038989
-0.143680
-0.049354
0.070444
-0.065391
0.055626
-0.038869
-0.146116
0.066145
-0.000189
0.104013
-0.029322
-0.014893
-0.088208
-0.051360
-0.079885
-0.045914
0.101063
-0.084425
0.237397
0.040973
0.038740
0.138935
0.067573
0.008940
0.142136
-0.034350
0.215967
0.021780
0.112096
0.127024
0.172454
0.033547
-0.123412
0.030623
-0.004151
0.049544
-0.004499
0.252084
0.005837
-0.059457
-0.036974
-0.074342
-0.048717
-0.116794
0.020297
0.034952
0.009730
0.085503
-0.044658
-0.061394
-0.011112
-0.150046
-0.065623
0.148275
-0.006748
0.035954
0.055755
0.093276
-0.307443
-0.042530
0.178313
0.018240
-0.056086
0.037392
-0.114495
-0.087728
0.161561
0.001901
0.118860
0.006264
0.308591
0.002644
0.103183
0.048037
0.194198
0.072117
-0.007117
0.052890
-0.262238
-0.093341
-0.061905
0.102707
-0.043685
0.027739
-0.112905
-0.057516
0.034475
0.122187
0.011332
-0.082173
0.024276
0.040675
-0.041631
0.139993
0.047486
-0.058518
-0.069025
-0.057320
0.035986
-0.291242
0.155043
0.103355
-0.064507
-0.031254
0.058851
0.079430
-0.235611
-0.233753
-0.052625
-0.197216
0.039465
0.129475
0.088249
-0.110007
0.197706
-0.018781
-0.103550
0.017001
-0.072286
-0.153772
0.139390
-0.033159
-0.006194
-0.140938
0.102726
0.165268
-0.243283
0.133198
-0.157301
0.111657
-0.047021
-0.314599
-0.003099
-0.178040
-0.036081
-0.040455
-0.012127
-0.052537
-0.020737
0.037933
0.071000
-0.103616
0.080975
-0.064010
-0.117478
-0.066493
0.194262
-0.140741
0.116197
-0.105747
0.064798
-0.187967
0.032833
-0.126927
-0.105156
0.007185
-0.041083
0.010331
0.008600
0.056461
-0.314599
-0.028429
0.000620
-0.014768
0.208054
0.048432
-0.045219
0.157650
-0.086032
-0.049661
0.052102
-0.093372
-0.070166
0.018911
0.002179
-0.007108
0.088057
0.064903
-0.080359
0.213878
0.018440
-0.004274
0.125153
0.170647
0.168204
-0.008066
0.033940
-0.104478
-0.111097
-0.025622
-0.052406
0.036026
-0.115603
-0.260569
0.083247
-0.040016
-0.097707
0.037995
-0.072030
-0.083741
-0.122452
-0.205442
-0.091367
0.024952
-0.080450
-0.054102
0.082701
-0.022453
-0.115473
-0.057469
0.110081
-0.149569
0.125587
-0.031175
-0.036281
0.008096
0.100859
-0.006136
-0.054358
0.038748
-0.066840
-0.081556
-0.073022
0.066800
0.070462
-0.058866
0.073451
0.129936
-0.051993
-0.123787
0.095774
0.015598
-0.030591
0.088258
-0.072138
0.101136
-0.069821
0.012089
-0.100989
0.106725
-0.032894
0.009455
0.076168
0.114028
-0.066435
-0.074253
0.048654
0.106512
-0.073823
0.141717
0.016929
-0.092442
0.127817
0.132421
-0.102682
-0.128720
-0.024889
0.116062
-0.106483
0.028728
0.039689
0.250164
0.145960
-0.169075
-0.079436
-0.020301
0.155911
0.083418
0.096964
0.042553
-0.057605
-0.050275
-0.038838
-0.092846
-0.075065
-0.104858
-0.015167
-0.002513
0.025908
0.056921
-0.057828
-0.100642
0.103147
0.023148
-0.113500
-0.038601
-0.179899
0.168859
-0.016091
0.172736
-0.114339
0.048200
0.029405
0.104075
0.033294
0.020656
0.065703
-0.069900
0.035142
-0.012122
0.119552
-0.149942
0.141810
-0.011124
-0.044994
-0.026164
0.185287
0.129309
-0.002045
-0.061016
-0.057356
-0.041782
0.074927
-0.018265
-0.028898
0.149671
-0.041861
-0.017800
-0.161270
0.122807
0.004173
0.178582
-0.137663
0.066649
0.043785
-0.015429
-0.140720
0.014803
-0.141777
0.048735
0.085391
0.188870
-0.140199
-0.060801
-0.067118
0.188647
0.036579
-0.110347
-0.060684
-0.031638
-0.121034
-0.081016
0.193611
0.008258
0.037666
-0.019714
-0.091374
0.114874
-0.132114
-0.118243
0.061961
-0.183880
0.045137
0.214745
0.048824
-0.058287
0.059397
0.079169
0.000230
0.149285
-0.042119
-0.015523
-0.018142
-0.179358
-0.095488
0.103798
-0.120479
0.155942
0.088747
-0.097835
-0.100980
0.111481
-0.117503
-0.073139
-0.032693
0.214373
0.036091
-0.033316
-0.094992
0.090863
-0.122336
-0.011398
0.109158
-0.133840
0.041620
0.008914
0.092753
-0.053962
0.000319
0.244306
0.006339
0.045270
-0.053275
0.227616
-0.011537
0.079017
-0.103588
0.073826
-0.016237
-0.015757
0.054127
0.052643
0.047905
0.002864
0.002703
-0.229375
-0.204707
0.127579
-0.081305
0.005273
0.205802
-0.076845
-0.082992
0.011004
0.047559
-0.013038
0.145943
0.063710
0.189781
0.023603
-0.056270
-0.151489
-0.091286
0.077421
0.167008
0.048883
-0.097031
-0.227254
0.058608
-0.216116
-0.138439
0.077963
0.212530
-0.008848
0.086126
0.175678
0.035558
-0.098319
0.040602
0.194547
0.007700
0.117564
0.196042
-0.168625
-0.051784
0.181720
-0.060204
-0.096092
0.204728
-0.079674
0.025432
-0.216526
0.013059
0.063237
-0.131143
0.024933
-0.115247
0.013911
0.075693
0.002588
0.020369
0.156887
-0.057653
-0.188978
-0.122474
0.091660
0.108646
-0.267041
-0.243103
0.051665
0.100071
-0.168816
-0.121649
-0.095286
-0.152147
0.109244
-0.029454
0.117971
0.114471
-0.027550
0.005394
0.038509
-0.048017
0.024380
0.045249
0.015985
-0.095034
-0.043984
-0.114929
0.102337
-0.052056
-0.166726
-0.174187
-0.010811
0.008480
0.070901
0.152103
0.073792
-0.000013
0.124230
0.010712
-0.288818
-0.024547
-0.065775
0.027953
0.160281
0.046966
-0.084876
-0.025992
0.121070
-0.030525
0.053992
-0.028369
-0.250980
-0.062311
-0.019641
-0.024481
-0.024031
0.088899
-0.184759
-0.225333
-0.052935
0.320727
0.006603
0.157407
-0.063875
0.102106
0.101927
-0.060225
-0.095725
0.088931
0.099024
-0.073243
0.153399
0.061529
-0.030749
0.044715
-0.176830
-0.028552
0.007645
-0.085060
0.039881
-0.044726
-0.184597
-0.048537
0.070644
-0.056338
-0.115253
-0.004556
-0.108350
0.059279
0.074759
-0.157038
0.069024
0.082500
0.054280
-0.006245
-0.047743
-0.018048
0.126805
-0.120238
0.111569
-0.101324
0.105497
-0.037804
0.006658
-0.158742
0.015822
0.005143
-0.075871
0.048186
-0.091014
0.039110
0.007263
-0.000334
-0.036464
-0.071175
0.175910
-0.070477
-0.106208
0.055148
0.066174
-0.051006
-0.025953
-0.174707
0.085147
-0.178578
-0.131689
-0.110000
0.056201
-0.056610
-0.105869
0.064618
0.003479
0.139622
-0.168785
-0.003985
-0.015518
-0.046482
0.142599
-0.055551
0.016959
0.164608
0.059422
0.064764
0.015882
0.009678
0.112070
-0.106640
-0.079342
-0.055512
-0.014722
-0.091697
-0.052923
0.103184
0.193562
0.123664
-0.062032
-0.001631
0.090143
0.252664
-0.033261
0.047969
-0.025423
-0.205030
0.107688
-0.149369
0.142502
0.071717
-0.035582
-0.183609
0.019990
-0.011079
-0.008012
0.043599
0.027739
0.039102
-0.050759
0.078608
-0.036526
-0.019186
0.016795
0.139547
-0.059720
-0.080311
0.004431
0.110414
-0.005259
0.058802
-0.022731
-0.002101
-0.044414
0.052998
0.066690
0.067868
-0.088670
0.078508
0.060281
0.033575
-0.095613
0.195632
0.087220
0.032163
0.110334
-0.111919
-0.076335
0.006896
-0.030128
0.063982
-0.026430
-0.217472
0.037355
-0.095542
-0.010051
-0.090777
0.211316
-0.150613
-0.097155
-0.005334
-0.175210
0.023208
-0.072933
0.090013
-0.024552
0.070624
-0.148737
0.044506
0.040393
-0.027407
0.126307
-0.019284
-0.091543
-0.029776
0.126972
0.127951
-0.079816
-0.037240
-0.019823
-0.026919
-0.054035
-0.116280
0.109730
-0.133200
-0.072812
0.064493
0.109767
0.192981
-0.025704
-0.031350
0.123694
0.002149
0.003780
0.022299
0.009102
-0.099521
0.018508
-0.270861
-0.083923
0.037314
-0.196539
-0.132364
0.078367
0.100429
0.092842
-0.094441
0.097894
0.139427
0.129095
-0.004671
-0.037519
-0.128811
0.076586
-0.071385
-0.000143
0.089681
-0.060173
0.135671
0.031272
-0.043278
0.025465
0.088630
0.178253
0.105942
-0.039382
0.029300
-0.052621
-0.009493
-0.206670
0.131037
-0.000765
0.068234
-0.161910
0.314657
0.069920
-0.094199
-0.069823
0.223737
-0.122911
-0.129423
0.106464
-0.031800
0.051764
0.068904
-0.151322
-0.012260
0.000842
-0.048328
0.134826
0.056570
-0.133687
0.028206
0.066326
0.001660
-0.055203
0.028471
-0.029078
-0.019809
0.048442
-0.088780
-0.097985
0.186619
-0.061578
-0.098871
-0.129611
-0.078946
0.207726
-0.140381
-0.035755
-0.055307
-0.047841
-0.162786
-0.025276
0.100293
-0.180311
0.011813
-0.091453
-0.030417
-0.163424
-0.152236
-0.156059
0.015104
-0.087325
0.040934
0.081485
0.122017
0.215852
-0.029319
0.021504
-0.027601
-0.025185
0.062898
-0.014717
-0.047739
0.097067
-0.234148
0.020864
0.203291
-0.026216
-0.066682
-0.097388
0.070537
-0.042407
0.045324
0.000028
0.077905
-0.013554
-0.085409
0.025652
-0.145978
-0.056729
0.106850
-0.075797
0.020005
0.059201
-0.054092
-0.068828
0.111153
0.001335
0.020195
0.135477
0.121033
0.127598
0.010875
-0.044255
-0.003737
-0.005367
0.007586
0.027872
0.142837
0.205151
0.063058
-0.081843
-0.147224
0.006070
0.214337
-0.050522
0.057399
0.126588
-0.058605
-0.061862
-0.102615
0.053756
-0.035125
0.078248
-0.162236
-0.033858
-0.000436
0.041654
0.083031
-0.078701
0.045415
-0.016771
-0.001856
0.118368
0.037988
-0.022738
0.171094
-0.060508
-0.154597
-0.002531
-0.060669
-0.200937
-0.052141
-0.083677
0.035433
0.085691
-0.063621
0.078750
-0.143872
0.146962
0.005972
0.087966
0.121614
-0.037493
0.037172
-0.315904
0.028880
-0.078216
0.028766
0.076313
0.016497
0.088095
-0.048086
0.015070
-0.046765
0.137876
-0.116780
0.076557
-0.059294
0.014859
0.068067
-0.214255
-0.073692
-0.119599
-0.067517
-0.022255
-0.258155
-0.070634
0.046148
0.026364
-0.132491
-0.139284
-0.016255
-0.072492
-0.084008
0.053726
-0.012984
-0.123731
0.117778
-0.138654
0.068117
0.163258
-0.204750
0.062213
-0.078666
0.097243
-0.164069
-0.072831
-0.058414
0.105945
0.077689
-0.015767
0.195737
0.002376
0.060321
0.063346
-0.206042
0.013640
-0.092508
0.030666
-0.076909
-0.121102
0.097234
0.015782
-0.008513
0.129948
0.055503
-0.129324
0.030655
-0.176597
0.100373
0.191253
-0.152043
0.014445
-0.058690
-0.197527
-0.072375
-0.113025
-0.069889
0.025821
0.033442
-0.081092
-0.026990
-0.065743
-0.045686
-0.096533
0.243991
-0.071335
0.077150
0.079372
0.035234
-0.027645
-0.006962
0.123298
-0.059883
-0.087197
-0.100036
0.057916
-0.000512
-0.001884
0.008927
-0.046531
0.070054
0.219930
0.155242
0.010390
-0.077516
-0.053802
-0.038031
-0.063985
0.202785
-0.005265
-0.115247
-0.061065
0.198616
-0.123758
-0.058030
-0.135764
-0.051533
0.106658
0.110301
-0.099255
-0.031517
0.131663
-0.154254
0.063882
-0.082656
-0.035012
0.014283
0.279997
-0.197361
-0.071418
0.063258
0.042093
0.076100
-0.033535
-0.034315
-0.143925
-0.124579
-0.015783
-0.295640
-0.117110
0.109658
0.120693
0.213387
0.015501
0.080691
-0.093752
0.009853
-0.003118
-0.182561
0.041718
-0.087202
-0.146465
0.214035
-0.076021
0.000584
-0.096363
0.075327
-0.062300
-0.059098
-0.107170
-0.037979
0.074424
-0.113879
0.124662
-0.217888
-0.063243
0.079270
0.049116
-0.337616
-0.081080
-0.039791
0.031159
-0.045316
-0.061240
0.146842
-0.070862
0.021707
-0.176005
0.082697
0.007419
0.137847
-0.002800
0.131719
0.002994
-0.036206
0.061559
-0.035004
-0.197731
-0.112307
0.076153
-0.038196
0.138062
0.021384
0.021304
-0.134492
-0.137001
-0.100392
0.120922
-0.006389
0.047537
-0.006407
-0.044813
0.045443
-0.033334
0.001669
0.065960
-0.113711
-0.105784
-0.019585
-0.055407
-0.177860
0.010551
-0.116990
0.073167
-0.018130
-0.005913
0.126356
0.067290
-0.135896
-0.064237
-0.081321
-0.032502
-0.062565
-0.002110
-0.067922
-0.012049
-0.077412
0.018401
-0.009456
-0.082947
0.024132
-0.054289
0.067802
0.146155
0.052026
-0.062767
-0.075681
-0.015117
-0.185989
0.027184
-0.158623
0.102415
0.052264
-0.008282
0.016311
0.040275
0.094064
-0.015250
0.035769
-0.021325
-0.107679
0.048869
0.096184
0.053499
-0.044474
0.124079
-0.084780
0.114134
-0.024309
-0.072571
0.068668
-0.017911
-0.187358
-0.124259
-0.041458
-0.040672
-0.074462
0.161607
-0.088933
-0.073727
-0.151179
0.035131
0.094646
0.122063
-0.103235
-0.050912
-0.103098
-0.143161
0.056003
-0.035783
-0.038148
0.073161
-0.129849
-0.015634
0.134159
-0.016582
0.082565
0.175819
-0.136111
0.016605
-0.148642
-0.070400
-0.010760
-0.027896
0.098798
0.024975
-0.041577
0.014049
-0.231324
0.065613
-0.197891
-0.089384
0.044233
-0.043248
0.085270
0.015981
-0.039012
-0.125561
-0.050147
0.061302
-0.021722
-0.004180
0.153717
-0.177695
0.172201
0.046326
-0.068887
0.017258
0.065208
-0.107446
-0.136441
-0.014159
0.111832
0.040777
0.030877
0.080743
0.007587
0.038731
0.001450
-0.047707
-0.127721
-0.011678
0.041380
0.113464
-0.150481
-0.044995
0.065776
-0.070101
-0.037988
0.108443
-0.021096
-0.107943
-0.157991
0.093382
-0.018953
0.023511
-0.137337
0.071924
0.061532
-0.103739
-0.116030
-0.093065
-0.004166
-0.003854
-0.007215
-0.044306
-0.187535
0.069445
-0.070618
-0.062560
0.151293
-0.063428
0.006604
0.124738
-0.193238
0.006652
-0.044209
0.104157
0.017951
0.122613
0.071293
-0.014855
0.199330
0.023162
-0.047521
0.058622
0.070952
-0.069196
0.057927
-0.084750
-0.000946
0.007084
-0.135722
0.025906
-0.025469
0.084720
-0.033909
0.098413
0.110609
-0.068084
-0.093648
0.069006
-0.025593
0.163042
-0.041321
-0.059356
-0.107315
0.057051
-0.036549
-0.060695
-0.037417
0.004175
-0.046692
0.051571
0.065288
-0.116122
-0.013650
-0.038378
-0.063447
-0.230278
-0.055332
0.321050
0.156924
0.041633
0.129906
0.008206
0.062223
-0.151102
-0.086363
-0.144258
0.153172
0.006927
0.211393
0.001131
-0.062720
-0.072359
-0.128369
-0.058818
-0.036728
-0.073105
-0.056755
-0.069003
0.113122
0.113119
0.032925
0.069984
-0.107542
-0.068623
-0.098326
0.024375
0.120783
-0.051600
-0.060174
0.010642
0.105308
0.033038
0.022559
-0.025304
-0.040203
0.066383
0.014728
-0.105677
0.057804
-0.013252
-0.030890
0.019681
-0.011373
-0.179104
0.123077
-0.094360
-0.065970
0.156992
-0.326245
0.123428
-0.102526
-0.181970
0.069956
0.013283
0.070832
-0.040819
0.113199
0.032228
-0.146280
0.153159
-0.105305
-0.082420
-0.099466
0.034411
-0.069267
0.100468
-0.067149
0.136069
0.040460
0.104837
-0.027391
0.024385
-0.114367
0.048464
0.035311
-0.155486
-0.039590
-0.011722
-0.036891
-0.074989
-0.013013
-0.005581
-0.233537
-0.036607
-0.116427
0.015617
0.055406
-0.093343
-0.066740
-0.081892
-0.081872
-0.036821
-0.001007
-0.019653
0.170851
0.059006
-0.069871
0.061981
0.098976
-0.110326
0.126958
0.137354
-0.117169
-0.233338
0.175971
-0.105111
-0.071444
0.021583
0.229424
-0.050296
0.014696
0.015042
0.068008
-0.072618
0.056850
-0.146927
0.035544
0.055043
-0.016121
-0.068926
0.038368
0.139858
-0.072450
0.079908
0.058678
-0.025788
-0.039883
-0.045026
0.081490
0.132537
-0.051094
0.019744
-0.085327
0.172426
0.060272
0.253260
0.199353
0.101742
0.226566
-0.072261
0.013114
-0.015692
0.064468
-0.201648
0.018088
-0.051818
0.040287
0.044308
0.083306
0.217523
-0.034198
0.030236
0.018157
-0.011394
0.089292
0.055942
-0.031902
0.170325
0.013167
0.018025
-0.047049
-0.004812
0.048836
-0.109836
-0.004736
-0.145986
0.152875
-0.015813
0.123730
-0.075636
-0.059051
-0.056509
0.226646
-0.028404
-0.276919
0.053201
0.088820
-0.037134
-0.072146
0.184634
-0.106737
0.055309
-0.102621
0.055145
0.078862
0.091299
-0.032077
0.099867
-0.039925
-0.219323
0.028690
-0.044427
-0.030497
-0.024422
0.053723
0.191296
0.194572
-0.034695
0.105622
-0.140748
0.131214
0.107796
-0.016278
0.010367
0.176780
0.127462
0.152288
0.066841
0.164017
0.133806
0.087891
-0.229238
-0.065044
0.101973
-0.218812
-0.043544
0.116601
-0.115683
0.007554
0.089860
-0.081150
0.212557
-0.133274
0.139505
0.084323
-0.085914
0.103800
-0.028735
0.021240
0.028919
-0.101401
0.010180
-0.272709
0.188854
-0.043744
-0.007166
-0.105270
-0.012976
0.032177
0.106116
-0.128776
0.291401
-0.030284
0.077455
-0.062284
-0.013992
0.011117
0.167784
-0.147657
-0.054114
-0.001929
0.118100
-0.075428
0.054176
-0.179297
0.017969
-0.055964
-0.026192
0.209105
-0.144169
0.069285
0.069741
-0.054108
0.083586
0.044305
0.038668
0.013000
0.078923
-0.177847
0.075366
0.182993
0.035138
-0.059953
0.088171
-0.069128
-0.001129
-0.187591
0.015978
-0.018958
0.118623
0.086892
-0.123162
0.069594
-0.025687
0.068738
0.082058
-0.034144
-0.194463
-0.254276
0.092216
0.037970
-0.108685
0.023496
0.009277
-0.068162
-0.036067
-0.145019
-0.086157
-0.028737
-0.108030
-0.098695
0.003493
-0.052835
-0.001766
-0.021790
-0.032071
0.013637
-0.117135
0.010657
-0.139213
-0.010288
-0.038375
-0.015179
-0.094997
-0.037186
0.008958
0.034576
0.027193
0.133428
-0.080886
-0.037743
0.067831
0.107218
0.079078
-0.035596
0.017308
-0.157112
-0.066173
-0.066217
0.218892
-0.019641
-0.195663
-0.040012
-0.035009
0.101909
0.164936
0.113389
0.042835
-0.137252
0.310714
0.070461
0.004121
0.017978
0.037487
-0.145441
-0.084177
-0.028851
0.003190
0.060440
-0.003390
-0.029418
-0.120836
0.136663
0.008764
-0.030741
-0.200347
-0.097916
0.018580
0.009475
0.034064
0.129374
-0.152257
0.227794
0.048727
0.049862
0.047406
-0.029936
0.078689
0.068866
0.118971
-0.023809
-0.083440
0.092705
0.009114
0.031141
-0.030757
-0.115515
-0.031681
0.096074
-0.165994
-0.133613
-0.222706
0.170335
-0.103400
-0.238841
-0.017381
-0.102393
0.051252
-0.163238
-0.141605
-0.141918
0.050239
0.048199
-0.158423
0.093780
0.004541
-0.167521
0.033045
-0.057954
-0.045258
0.121105
0.001475
-0.144555
0.010766
-0.122168
-0.051470
0.045144
0.000833
0.236571
-0.109911
0.060448
-0.011881
0.114591
0.069261
-0.087307
0.045059
-0.060552
0.114111
0.088940
0.150302
0.033310
0.018375
-0.099369
-0.031315
-0.021800
0.053033
0.180345
0.073672
0.008290
-0.087698
-0.063496
0.079287
0.099763
0.085049
0.049827
-0.046755
-0.087440
-0.014580
-0.219950
0.004968
-0.042327
0.134598
0.014060
-0.051514
0.286753
0.047111
-0.051359
0.057281
0.000116
-0.050457
-0.192533
-0.040470
0.123236
-0.109622
0.041302
0.027262
0.166615
-0.003906
-0.021427
0.107028
0.039911
0.113663
0.141140
-0.016658
0.071885
0.034122
0.054113
-0.026311
0.045108
-0.059967
-0.005360
0.072832
0.031627
-0.197102
0.242528
0.049933
0.040268
-0.054028
-0.030269
0.038085
0.091306
-0.068232
-0.066860
0.107199
0.065738
0.069118
-0.097826
0.005237
-0.020701
0.056736
-0.059566
-0.039991
-0.122159
-0.023129
0.117602
-0.088606
0.044675
-0.302707
0.186896
-0.088200
-0.109132
0.031736
-0.033165
0.062449
0.024709
0.005367
0.127571
-0.144619
-0.000260
0.085138
0.013651
0.103406
-0.081791
0.034654
-0.136377
-0.034953
-0.064311
-0.072119
0.129770
-0.025576
0.126571
-0.180304
0.099165
-0.065707
0.088197
0.038419
0.093836
0.180270
-0.180254
-0.100145
0.017255
0.096719
-0.152156
-0.054199
0.051778
-0.043067
0.170615
-0.001825
-0.107229
0.147409
0.079348
0.087490
0.147088
-0.148716
-0.045383
0.120557
-0.019773
0.093614
0.015720
-0.043482
0.023055
0.169484
-0.121518
-0.113837
0.159101
0.048244
-0.037671
-0.053289
-0.054879
-0.121409
0.050002
-0.021843
0.029352
-0.019944
0.056020
-0.067312
-0.073292
0.014529
0.119794
0.170798
0.112266
0.097841
0.141357
0.017530
-0.126570
-0.113049
0.000477
-0.042793
0.116963
-0.044560
-0.017912
-0.136834
0.052488
0.080152
0.088735
0.109422
0.005143
-0.059366
0.100184
-0.199436
-0.120732
0.217893
-0.133730
-0.161022
0.162901
0.120880
0.169615
-0.147412
-0.002168
0.238227
0.165506
-0.066669
0.119778
0.044842
-0.053403
0.170046
-0.035541
-0.125566
-0.038656
0.064731
-0.283874
-0.077402
0.078328
0.023988
-0.153092
-0.132071
0.023497
0.115405
0.144977
0.072871
-0.127762
-0.041183
-0.094574
-0.107880
-0.085491
-0.065094
0.125293
-0.176806
-0.061315
-0.056249
0.180273
-0.034465
0.179101
0.072091
0.234073
-0.221997
-0.057318
0.113045
-0.127702
0.030291
-0.302458
0.083263
-0.120779
-0.121179
0.040688
-0.021666
0.122258
0.116658
0.101585
-0.090751
0.103392
-0.009918
0.001680
0.069110
0.005726
0.095826
-0.135438
0.086118
-0.268994
-0.052038
0.030972
-0.070877
-0.011856
0.064256
0.088044
0.148500
0.210806
0.140492
0.010775
0.044610
-0.014654
0.120410
0.060621
-0.047370
0.083188
-0.085676
0.163042
0.021081
0.145676
0.084768
-0.014997
0.017988
-0.090039
-0.113769
0.061247
0.061008
-0.114831
0.165628
-0.283419
0.024838
-0.058777
0.035646
-0.170561
0.171353
0.047228
-0.003241
-0.060249
0.117147
0.028543
0.060886
0.112397
-0.033660
0.124644
0.061128
-0.056046
0.031688
0.078501
-0.114366
0.205506
-0.086305
-0.033364
-0.045675
-0.031429
-0.026119
0.030478
-0.000765
0.022787
0.019726
-0.057383
-0.064109
-0.051323
0.101056
0.195434
-0.190719
0.115566
0.020034
-0.039689
0.060429
-0.067401
0.024280
-0.019483
0.212563
0.084042
-0.119823
0.073146
0.003524
0.087603
-0.025576
-0.139599
-0.088326
0.030056
-0.056585
-0.139946
0.095196
-0.067622
0.012516
-0.159364
0.027019
0.000127
-0.084063
0.098703
-0.073277
0.060389
0.140854
0.013582
-0.104523
-0.082009
-0.037766
-0.119747
0.042322
-0.046770
-0.081086
0.093963
-0.073887
-0.166338
0.059705
-0.020020
-0.104533
-0.103502
0.045748
0.126150
-0.094754
-0.066701
-0.053423
0.125272
-0.026851
0.038207
0.024749
-0.139696
-0.046350
-0.073086
0.237744
0.134366
-0.070224
-0.031925
0.056409
-0.018772
-0.052910
-0.022732
-0.048055
-0.050020
-0.076954
0.123993
-0.090925
-0.057353
-0.016715
0.003404
0.105593
0.085572
-0.321003
-0.068809
-0.137479
0.137591
-0.139496
0.013254
-0.039047
-0.000674
-0.110044
0.027600
0.201423
0.046058
0.076049
0.110858
-0.016153
0.284680
0.092843
0.006997
-0.110962
-0.017203
0.128774
-0.070110
-0.141904
-0.013655
-0.015200
0.012593
-0.023809
0.147170
-0.080293
-0.010977
-0.050610
0.047100
-0.027278
-0.163911
-0.006606
-0.081729
0.115792
0.025680
0.067221
0.072155
-0.087462
0.023432
0.123028
0.205529
-0.023525
0.013721
-0.115931
0.033061
-0.107951
0.048137
0.062161
0.114966
0.027721
0.104009
-0.054672
0.103999
0.061683
0.014042
0.172444
0.070129
0.048768
0.079085
-0.005096
0.028238
0.274547
0.038630
-0.037501
0.116053
0.063089
0.130682
0.064379
0.018007
-0.023476
-0.054839
0.109700
0.121825
0.086536
-0.150852
0.020053
-0.108739
-0.080424
-0.222073
-0.035967
-0.086080
-0.032547
-0.042000
0.010520
-0.050794
0.171293
-0.037891
-0.049148
0.105224
-0.010875
-0.018117
-0.042776
0.091926
0.244799
-0.048868
-0.002430
0.026231
-0.106213
0.065431
-0.090337
-0.103381
0.193573
-0.143369
-0.107259
0.058927
-0.040480
-0.208175
0.084711
0.129083
-0.006169
0.185298
-0.045994
0.118278
-0.157272
-0.130618
0.049558
0.027106
-0.000801
0.040540
0.042417
-0.117335
-0.133766
0.007757
-0.056084
-0.003024
-0.195574
-0.242374
-0.175019
-0.043744
-0.083446
-0.029230
-0.156806
0.077843
-0.138493
0.068524
0.114874
-0.073521
0.042018
0.111102
0.107781
0.024640
0.124398
0.034078
-0.034404
-0.137472
0.045693
0.018965
0.065139
-0.198686
-0.025203
0.087347
-0.106410
0.100692
-0.019970
0.128950
-0.039977
0.051062
-0.014163
0.018311
0.111585
0.032421
0.099082
0.001322
0.054363
0.151160
0.037453
-0.025896
-0.100284
-0.102527
-0.059486
0.075507
-0.020049
-0.156726
0.000804
0.055613
0.083731
0.008558
0.097502
0.108763
0.197375
0.156867
-0.148029
-0.087918
-0.014738
-0.001221
-0.219638
0.134507
0.034044
-0.045653
-0.062615
0.017731
-0.050836
0.043229
-0.178422
0.058463
0.062888
-0.018490
-0.125992
-0.175160
0.148948
0.055948
0.077200
-0.037594
0.096726
-0.027735
0.085239
-0.131017
-0.094100
0.115327
-0.050080
0.020978
-0.008895
-0.049470
-0.081000
0.069535
-0.154049
0.080412
-0.036356
0.097960
0.080032
0.067347
0.193393
0.117083
0.139824
-0.048087
-0.089986
-0.118390
0.020249
-0.146804
-0.024541
-0.152598
-0.191120
0.015991
0.027349
0.070315
0.155358
-0.171917
0.173011
-0.030457
0.115533
0.055616
-0.022226
-0.067247
0.061751
-0.058762
-0.002899
-0.187266
-0.120456
0.057579
-0.012968
0.065655
-0.000143
-0.079281
-0.013511
0.049170
-0.166544
0.017730
-0.019851
-0.151063
-0.005281
-0.128749
0.172820
0.157804
-0.006065
0.041125
-0.168701
-0.050513
-0.086504
-0.065295
-0.176426
0.138492
-0.192518
-0.024370
0.090174
-0.082478
0.160542
0.085007
0.017064
-0.114540
-0.009196
-0.193349
-0.027117
0.035242
0.145632
-0.097464
0.001962
0.062660
-0.087387
0.097913
-0.195645
0.122975
-0.049489
-0.061785
-0.116506
0.060228
-0.117253
0.068671
-0.018945
0.100383
0.044623
0.066050
0.177676
-0.049613
-0.160724
0.149271
0.081386
0.095133
-0.094171
0.016097
-0.051735
-0.067077
-0.010848
-0.101544
-0.079461
-0.122753
-0.070681
0.041133
-0.063713
0.027622
-0.084889
0.041610
0.028904
-0.176689
0.264020
0.011533
0.030039
0.088392
0.037192
-0.081712
-0.147956
-0.052242
0.020097
-0.028229
-0.042222
0.099922
-0.011288
-0.002546
0.048872
0.159185
0.140245
0.306617
-0.157780
0.035848
0.058421
-0.108823
-0.187005
0.263461
-0.106342
0.011499
-0.091067
0.122510
-0.165058
-0.032780
0.008806
-0.054045
0.104789
-0.017834
-0.166061
-0.072518
0.136876
-0.029436
0.114981
-0.048036
-0.017953
-0.088657
-0.126478
0.046143
0.085345
-0.050081
-0.033147
0.041678
-0.034157
-0.171053
-0.036254
-0.081440
-0.043066
0.110374
0.040857
-0.033172
0.156605
0.060125
-0.082476
-0.190099
-0.063598
0.009869
-0.081554
-0.130047
-0.020721
-0.024129
0.016321
0.177083
-0.227644
-0.039480
0.128458
0.232193
0.147279
-0.021568
-0.011102
-0.043086
0.096287
-0.052563
-0.045834
-0.025616
0.093581
0.034007
0.317078
-0.319103
-0.003803
-0.035518
-0.024105
0.087005
0.181602
0.055153
0.026543
-0.131400
-0.020039
0.043878
-0.080900
0.152495
0.098553
-0.088745
0.123672
0.047345
-0.126066
-0.026542
-0.039995
-0.150474
-0.136076
-0.063894
-0.003051
0.055416
-0.070075
0.160045
-0.056577
-0.098307
0.027706
-0.190356
0.003755
-0.099993
0.070784
0.055833
0.104903
0.130022
-0.097728
-0.250636
-0.108504
0.134413
-0.102855
0.128629
-0.064997
0.020686
-0.075486
0.038769
0.010353
-0.069125
-0.019406
-0.006985
0.066917
0.037625
-0.029560
-0.042815
-0.082701
0.009874
-0.010504
-0.221206
0.034114
0.089896
0.008582
0.103608
-0.059277
-0.035676
-0.117905
0.105047
0.076617
-0.079497
0.095389
-0.108479
0.052757
0.040360
-0.006625
0.005836
-0.154099
-0.157000
-0.103685
-0.136549
0.310591
0.047256
-0.029625
0.000125
-0.015541
-0.007993
-0.020872
0.027073
0.004541
-0.145365
0.139445
-0.003800
-0.097730
0.202200
0.058349
0.120348
0.220371
0.071536
-0.117770
0.106981
0.113521
-0.027058
0.066168
-0.035992
0.011384
-0.015427
0.094022
-0.087624
-0.156737
-0.087469
0.032889
-0.060239
0.152884
0.078599
0.028718
0.016456
0.040175
-0.111757
0.083766
0.053856
0.090214
-0.218718
-0.053919
-0.027668
0.005259
-0.074791
-0.000302
0.201871
-0.033078
0.103169
0.028530
-0.081188
0.089682
-0.105591
0.007630
0.035009
-0.151594
0.118854
0.071022
-0.165327
-0.217299
0.086698
-0.006499
-0.070055
-0.168980
0.192480
0.011638
0.005705
-0.138955
0.016372
0.058681
0.141623
0.120610
0.054424
0.041795
-0.042878
0.106853
-0.012100
0.010461
-0.029501
0.009933
-0.061083
-0.171009
-0.041572
-0.144752
-0.121726
0.031405
-0.049703
-0.060406
-0.165827
-0.126676
0.154996
0.226897
0.013287
0.004289
0.179705
-0.059619
-0.116913
0.061073
0.096089
0.222773
0.099063
-0.101117
0.224369
0.119860
-0.077933
0.069303
-0.107223
-0.090662
0.086375
-0.046795
-0.051469
0.052957
0.008798
0.045292
0.008267
0.068226
-0.085657
0.183328
-0.062102
-0.159443
-0.012254
0.006658
-0.062579
-0.032005
0.043273
0.098805
-0.030135
-0.218388
0.039964
-0.002593
-0.047023
0.094781
0.002272
0.012703
0.175620
-0.038065
0.155898
-0.109588
-0.102996
0.003404
0.069419
-0.070217
-0.139342
-0.108959
-0.003171
0.134109
-0.024320
-0.081253
0.015776
-0.029186
0.103412
0.126495
0.105764
0.057451
0.099155
-0.083666
0.084634
0.093773
-0.049646
-0.092466
-0.020288
-0.011242
0.135450
0.000773
-0.031112
-0.035908
-0.015019
-0.160456
0.179215
-0.025758
-0.158093
-0.005417
-0.047950
0.002791
0.014461
0.106453
-0.062216
-0.011313
-0.124508
0.106980
-0.035288
-0.059480
-0.022606
-0.107694
0.125199
0.070803
-0.084349
0.077544
0.010196
-0.096985
-0.069192
0.086984
-0.146291
-0.018156
0.160531
0.004621
0.002136
0.010291
-0.087084
-0.013558
0.027975
-0.157217
0.023632
-0.000852
-0.140048
-0.024553
0.378451
-0.102310
0.044385
-0.172339
0.060910
0.007519
0.006499
-0.021022
-0.006540
0.021427
-0.035160
0.094993
0.121723
0.128941
-0.071411
-0.163282
-0.012141
-0.019893
0.077143
-0.051045
-0.028161
0.039332
-0.065719
0.043546
-0.066308
0.036872
-0.016643
-0.105727
-0.111691
0.086010
0.000080
-0.105439
0.074137
-0.034408
-0.017410
-0.093454
-0.010677
0.020917
-0.035795
-0.077404
0.075954
0.090114
-0.061081
-0.016344
-0.052326
-0.070909
0.069840
-0.064626
0.008278
0.132970
-0.014938
0.247734
0.074140
-0.038532
-0.076385
0.056066
-0.094494
-0.026956
0.084537
0.106448
-0.080512
0.100008
0.089045
-0.022852
0.137193
0.163849
0.173713
0.219056
-0.010086
-0.224184
-0.021318
0.004826
0.013148
0.059794
-0.193733
0.082741
-0.051816
-0.129541
-0.071147
0.083680
0.017872
0.060788
-0.037404
-0.126307
0.045443
0.040252
0.114199
-0.096496
-0.096141
-0.206323
-0.058635
0.123177
-0.005482
0.166005
-0.091168
0.035882
0.056793
-0.082298
-0.134625
-0.056921
0.050925
0.070267
0.053125
0.007137
-0.084427
-0.089776
0.220768
0.048940
-0.085634
-0.176072
0.085950
0.198354
-0.035070
-0.040523
-0.050108
-0.056435
0.060782
-0.036557
0.035445
-0.112867
-0.042926
-0.076100
0.097873
0.168788
-0.079844
-0.061456
-0.162640
0.069277
0.224487
-0.023225
0.173595
0.051922
0.020708
0.103580
0.084562
0.096541
0.045659
-0.057022
0.113136
0.026382
-0.070164
-0.021917
-0.056914
0.013492
0.226001
0.059932
-0.092371
0.112166
-0.166123
0.038639
-0.015505
0.059966
-0.112051
0.111494
-0.080086
-0.090708
-0.015294
0.123841
0.012510
0.100438
-0.091670
0.210269
-0.050657
0.085172
-0.002341
-0.003037
-0.093395
-0.136100
0.124736
0.127866
-0.069841
0.014500
-0.154868
-0.106687
-0.159564
0.132145
0.000997
-0.043227
-0.041271
0.158189
0.023521
0.007975
0.132548
-0.000476
0.072930
0.155016
0.216059
0.154684
0.008750
-0.185180
0.081420
-0.007252
0.070620
0.196963
-0.165284
-0.069077
-0.208329
-0.202325
0.060207
0.189079
0.089344
0.100032
0.097033
0.109817
-0.120198
-0.124036
0.154670
0.127735
0.070359
-0.040128
-0.092559
-0.005950
-0.021499
0.071489
-0.225002
-0.117870
0.196280
0.135024
0.226220
0.251286
0.051196
0.210043
-0.021614
-0.049643
-0.048289
0.150113
0.087768
-0.129350
-0.263789
0.135173
0.054839
-0.186326
0.126256
-0.109169
-0.075057
0.080770
-0.055301
0.154711
-0.136796
0.036723
0.074666
-0.086724
0.098746
0.131884
0.026584
-0.009551
0.005677
-0.029366
0.063093
-0.227973
0.082715
-0.075581
-0.081295
-0.051234
-0.064604
-0.080814
-0.026018
-0.167506
0.025349
-0.079675
0.031332
-0.067870
0.061318
-0.032229
-0.049075
0.145060
0.070002
-0.108003
-0.024938
0.024632
-0.166155
0.092058
-0.056045
-0.074076
-0.068896
0.072637
0.041193
0.084885
-0.093369
0.004293
0.018488
-0.131641
-0.289865
-0.030483
-0.050827
-0.141515
-0.031402
0.099178
0.002199
0.087740
0.019526
0.018959
0.139522
0.072190
-0.122717
-0.069164
-0.033103
-0.068190
-0.043983
0.012020
-0.065298
0.133783
0.009095
0.084748
0.016750
0.055166
-0.039626
-0.074300
-0.151134
-0.096437
0.074743
0.067488
-0.089100
0.181372
0.000068
-0.044095
-0.001983
0.197014
0.007719
0.009447
0.007683
0.038547
-0.215444
0.002134
-0.045605
0.138885
-0.076541
-0.067134
-0.021412
0.064095
-0.093431
0.039398
0.072893
0.172372
-0.034911
0.047046
0.044722
-0.195259
-0.040151
-0.107866
-0.012703
0.020623
0.005150
-0.205027
0.213448
-0.031973
0.193454
0.014420
-0.029992
0.027967
0.043976
0.128632
0.190006
0.076412
-0.058330
-0.044817
-0.162726
0.162355
-0.067137
-0.067393
-0.023600
-0.050018
-0.021779
-0.014259
0.107597
-0.020606
-0.086839
-0.026637
0.068031
-0.028366
0.039002
0.042918
-0.068311
-0.003751
0.064582
0.308887
0.051436
0.193774
0.122514
-0.095627
0.160488
-0.092138
0.046683
-0.074452
-0.030717
-0.000843
-0.058105
-0.026022
0.009261
-0.026232
0.051959
0.190494
-0.003181
0.015534
0.008184
-0.193112
0.001594
-0.051230
-0.174415
-0.025207
-0.021361
-0.066596
-0.043448
-0.019458
0.076953
-0.108767
-0.232480
0.106866
0.144082
-0.102776
-0.076919
0.030396
-0.075296
-0.079479
-0.025305
-0.034259
-0.129195
-0.041991
-0.028106
-0.001086
-0.113885
-0.016659
-0.013195
-0.042573
0.090115
-0.119436
-0.011316
-0.131685
-0.174547
0.052765
0.019061
-0.061395
0.015703
-0.054623
0.051348
-0.139367
-0.033364
-0.105722
0.030823
-0.103215
-0.160481
-0.053893
0.036306
0.091940
-0.003412
-0.164301
-0.037513
0.013309
0.000378
-0.119798
0.060879
0.040444
-0.126695
-0.040484
0.121350
0.064441
-0.068969
0.244545
0.057595
-0.137400
-0.061626
-0.299304
0.121241
0.038400
0.017284
0.057522
0.017349
-0.180892
0.054701
0.088096
0.081421
0.106491
0.228500
-0.143995
0.015660
-0.015209
0.157976
-0.060020
0.185925
-0.013556
0.163105
-0.022264
0.146346
0.064001
-0.044671
-0.117382
-0.025016
0.032692
-0.067795
-0.058717
-0.129706
-0.090608
-0.026348
-0.044165
-0.007470
-0.079159
0.044963
-0.178511
-0.111955
0.164654
-0.021099
0.176322
-0.157002
0.039404
-0.073396
-0.034302
0.043267
-0.029898
0.132846
0.051329
0.010131
-0.234068
-0.098325
0.038515
-0.085272
-0.052676
-0.172453
-0.045118
0.023046
-0.129504
-0.007486
-0.025512
0.108757
0.051710
0.044703
0.029831
-0.113266
0.024072
0.015720
0.108699
0.100542
0.047842
0.001900
-0.245246
0.067404
0.080629
-0.045781
-0.197803
0.100050
-0.165204
0.061979
-0.079692
-0.208757
0.012543
-0.012706
0.045422
0.005775
-0.005821
-0.120379
-0.005934
-0.183468
-0.184612
0.040150
0.172287
0.080344
0.141093
0.105797
-0.178447
0.112056
0.159505
0.055310
-0.122272
-0.143159
-0.096513
-0.069238
-0.140012
0.069765
0.101050
-0.154591
0.065093
-0.100762
-0.234181
-0.260510
-0.182570
-0.015730
0.053935
0.027087
-0.082503
-0.003858
0.073793
0.061181
-0.015675
0.023590
-0.015798
-0.110406
0.020053
0.083127
0.038466
-0.058984
-0.040146
-0.010367
0.118757
-0.004640
0.026433
-0.084503
0.060108
-0.154642
0.024649
0.030959
-0.025191
0.055670
0.109760
0.018727
-0.104743
0.063397
0.028694
-0.008497
0.090928
-0.139705
0.035634
0.015000
0.076802
-0.022757
0.032637
-0.171098
-0.136524
0.047369
-0.112813
-0.040310
-0.253541
0.047629
-0.040904
-0.170497
0.145563
-0.099537
0.041477
-0.031334
0.004949
-0.060110
-0.028592
-0.111232
-0.025012
-0.017901
0.081733
-0.098774
0.086087
-0.147083
-0.023487
0.006062
-0.072158
-0.096805
-0.113247
-0.001169
-0.104881
-0.072118
-0.137780
-0.025552
-0.197197
-0.101091
-0.003813
-0.005008
-0.006651
-0.056627
-0.021457
0.140337
-0.087313
0.020895
-0.096369
-0.258916
0.248714
0.252512
0.091556
0.114545
-0.097704
-0.236214
0.062480
0.051714
-0.033479
0.133454
-0.070534
-0.024760
-0.084994
0.029003
0.026155
0.045124
-0.113932
-0.217311
0.116331
0.004509
0.142397
0.069630
0.082085
-0.097082
0.109021
0.030501
0.072438
-0.163478
-0.022922
0.093282
0.135068
0.222260
-0.141474
-0.141737
0.204957
-0.140142
-0.064902
-0.042649
-0.021707
-0.017028
0.156482
0.072749
0.018777
0.064568
0.021773
0.107048
0.123373
-0.047017
0.011073
-0.088682
-0.006541
0.315192
-0.064263
-0.033095
-0.282068
0.068565
0.222277
-0.040973
0.104174
-0.140367
0.077709
0.000735
-0.046555
0.078758
0.032071
0.074934
0.129561
0.141068
-0.044594
0.018059
-0.182903
0.128661
0.109499
0.134591
0.241043
-0.177627
-0.002981
-0.000909
-0.032729
-0.113873
-0.082492
-0.015243
0.177746
0.019726
-0.044339
0.004626
0.073609
-0.019832
0.054783
-0.079656
0.032612
0.172017
-0.101485
0.010310
0.049944
-0.072067
-0.014842
0.224884
-0.214782
0.132723
0.081324
0.197480
0.154737
0.037241
-0.016795
0.109109
0.249363
-0.042359
0.160986
-0.021390
-0.112599
0.076494
-0.134206
0.016229
-0.095205
0.016762
-0.050868
-0.184483
0.031934
0.059464
0.051532
0.140571
-0.003547
-0.212920
0.044308
-0.127324
-0.095404
-0.069262
-0.034302
0.046823
0.041005
0.139127
0.168793
0.147730
0.052367
0.061904
-0.019271
0.091749
-0.022465
-0.135141
-0.094505
0.144933
0.054764
-0.122384
0.088112
0.079350
0.061306
-0.003650
0.023800
0.134841
-0.131651
-0.015012
-0.196336
0.069828
0.022884
-0.040576
-0.032422
-0.111621
0.098097
-0.054461
0.156895
-0.097396
0.172735
-0.002976
-0.050087
-0.121546
-0.151500
0.048109
-0.038805
-0.179601
-0.056117
0.019242
0.087195
-0.112667
-0.109606
-0.009036
-0.113181
0.074775
0.053831
0.044255
-0.022439
0.010080
-0.120563
-0.141433
0.071048
0.126356
0.220862
0.138328
-0.023593
0.099242
-0.096137
0.018006
0.024801
0.019775
0.043738
0.148190
0.120179
0.003112
-0.075712
0.087485
-0.093270
-0.077667
-0.119907
0.060458
0.049128
-0.009981
0.038285
0.021498
-0.060245
-0.237242
-0.093486
-0.084242
-0.139610
0.086246
-0.069876
0.060828
-0.044380
-0.138017
-0.000071
0.014001
-0.016912
0.054271
-0.037188
0.084149
0.025959
0.022236
0.004126
-0.089765
-0.058953
-0.188088
0.069411
0.024219
0.033740
-0.040035
0.042891
-0.252069
-0.053995
-0.037647
-0.002484
0.013526
0.035633
0.072043
-0.003494
-0.007326
0.103939
0.020116
0.220254
0.048105
0.003554
0.099074
0.033766
0.047682
0.062449
-0.157133
0.033048
0.020043
0.028647
0.117210
-0.087494
0.055850
-0.023546
-0.081291
-0.060594
-0.225342
-0.119398
-0.158862
0.063274
-0.055364
0.177125
0.021339
-0.063278
-0.046041
0.068895
0.075522
-0.077544
0.124770
-0.009758
-0.018942
0.170223
0.152776
0.072747
-0.025823
-0.042882
-0.051028
-0.060060
0.003182
0.126920
-0.051626
0.185570
0.063603
0.034432
-0.074007
0.158483
-0.003746
0.117332
0.066572
-0.016836
-0.030215
0.142235
-0.104296
-0.012806
-0.021399
0.081166
0.057082
0.062664
-0.084018
0.000860
0.096534
0.036828
0.020343
0.071793
0.183409
-0.018249
0.049286
-0.026617
0.229150
-0.008114
0.011377
-0.099357
-0.035131
-0.062999
0.021193
0.187664
-0.015511
0.010940
-0.251670
-0.041619
0.076986
-0.097243
0.011661
0.102741
-0.077226
-0.039325
-0.020252
0.004187
0.261014
0.154937
0.000724
-0.044194
-0.010385
0.005351
0.000081
-0.112062
-0.024668
-0.081735
-0.010603
-0.068191
-0.079271
-0.055210
-0.063518
0.202193
-0.069415
0.267242
0.008588
0.119076
0.119634
0.026231
0.060635
0.047777
0.061285
0.115583
-0.134523
0.027266
-0.052020
-0.068583
-0.084331
0.020351
-0.182507
0.024618
-0.062323
0.090840
0.037379
-0.130594
-0.120809
0.204960
-0.264792
-0.134923
0.025757
-0.107471
0.087263
-0.173718
-0.068451
0.082659
0.079991
-0.040659
0.029456
-0.094433
-0.027208
0.071921
0.189882
0.022701
-0.035490
0.131021
0.053571
0.107939
-0.000479
-0.057394
-0.021875
0.163342
-0.016658
0.025277
0.097502
-0.052674
0.193822
0.058299
-0.036374
0.094335
0.107250
-0.121400
0.039153
-0.021093
-0.020733
0.152075
0.053071
0.048990
0.006297
0.066550
0.104182
0.029696
-0.136139
0.083130
-0.007149
0.006344
0.005957
-0.079895
-0.216405
0.029177
-0.103094
0.175857
0.105064
0.094723
-0.197715
-0.139887
0.120076
-0.059921
0.033831
-0.129698
-0.029140
-0.112714
-0.166813
-0.174432
0.200048
0.014068
-0.069918
0.059505
-0.022834
-0.047642
-0.006821
0.047697
0.013622
0.029745
0.081733
0.084882
0.059502
0.080640
-0.051951
-0.074445
0.018068
0.096826
-0.059890
0.082164
0.088259
-0.092429
0.213599
0.009348
0.008690
-0.232323
-0.050556
0.051524
-0.003855
0.165947
0.130289
0.042951
0.144970
0.090416
0.054407
-0.012874
0.291227
0.065445
0.010628
0.047368
-0.099031
0.197171
-0.043965
0.084350
-0.062752
-0.070448
0.154889
-0.110847
0.176771
-0.092172
0.035734
-0.052536
-0.024939
0.037674
0.033547
0.061159
0.071503
-0.128660
0.071599
-0.075623
-0.315267
0.119365
-0.126373
-0.059023
0.078951
-0.087529
-0.058743
0.130476
0.048801
-0.068161
-0.080377
0.285212
0.155864
0.089238
0.127248
0.095905
-0.111276
-0.078938
0.094021
0.400909
-0.022495
0.045927
-0.026139
-0.072014
0.100053
-0.001649
-0.064939
0.051413
0.113876
0.103233
0.079131
-0.026528
-0.084857
0.059486
0.268794
-0.013463
-0.077223
-0.064588
-0.032968
0.138591
0.207432
0.052198
-0.120885
-0.144593
0.188811
0.042754
0.119011
0.146574
-0.215557
0.115108
0.036036
-0.028973
0.281170
0.138691
0.115949
-0.030319
0.000587
-0.017204
0.023685
0.065000
0.053045
0.009098
-0.080097
-0.055137
0.135099
-0.050908
0.317616
-0.018410
0.012401
-0.123668
0.044608
-0.170875
-0.000764
0.104510
-0.089891
-0.009724
-0.026045
-0.064798
0.201324
-0.037392
-0.045461
0.134588
0.108987
0.037484
0.125950
0.045964
-0.134484
0.015097
-0.013088
-0.085193
-0.078304
-0.048075
-0.047400
-0.022654
0.072451
0.142128
0.038072
0.105056
0.066745
-0.048314
-0.089353
0.080854
0.108054
-0.135075
0.156811
-0.104648
0.075143
-0.057489
0.057078
0.063066
-0.046799
-0.034147
0.146743
-0.036003
0.072307
-0.202466
-0.094425
-0.017965
0.033404
0.039266
-0.124395
-0.033623
0.033603
-0.050394
-0.024580
-0.059684
0.125507
-0.148419
0.086569
-0.034329
0.070429
0.166769
-0.046397
0.009395
-0.127728
0.035870
-0.022070
-0.089768
-0.142052
-0.004108
-0.136289
0.057261
-0.041315
-0.064816
0.117893
-0.135739
0.045184
-0.025966
-0.144200
0.077522
-0.026444
0.141253
0.202770
0.211431
-0.043472
0.028376
-0.105792
-0.171174
0.195040
-0.096749
-0.227262
0.040799
-0.008378
-0.107850
-0.050644
-0.050063
0.077104
0.070308
-0.275363
0.089360
0.104421
0.007811
-0.003795
0.027495
0.004679
-0.049884
-0.037668
0.017226
-0.134811
0.080319
-0.058445
-0.078639
-0.054149
0.009339
0.062561
0.057792
0.005377
-0.083719
-0.137219
-0.005021
-0.100415
-0.059043
0.058195
0.040916
-0.028522
0.217765
0.205562
0.038264
-0.035638
0.200276
-0.019076
0.079656
-0.092720
0.264930
0.180377
-0.167064
0.076624
0.087350
-0.013030
-0.214011
-0.031097
0.080709
0.081893
0.036355
-0.008160
-0.008386
-0.174137
0.089862
-0.081776
-0.096021
0.128448
-0.029141
0.071678
0.018872
0.045821
0.019069
0.168562
-0.104624
-0.016172
0.144708
0.132821
0.114399
0.043943
-0.002218
0.061645
-0.072228
0.018855
0.011871
-0.085169
-0.069306
-0.012288
-0.011304
0.071208
0.052980
0.111847
0.055341
-0.030509
0.077778
-0.008606
-0.205742
-0.033203
-0.098921
0.117850
-0.078619
-0.047800
-0.049559
0.052279
-0.049744
0.166113
-0.181131
0.111220
-0.126759
-0.165796
0.061317
0.097071
-0.101976
-0.005764
-0.108588
-0.039506
-0.049503
-0.112912
-0.138249
0.169227
0.178436
0.013515
-0.050690
0.016513
-0.076340
0.008366
0.083044
0.163755
0.167098
0.088503
0.045481
0.027668
-0.036180
0.044748
0.163930
-0.063501
0.064407
-0.094999
-0.182180
0.119650
-0.018086
0.076716
-0.043630
0.046259
-0.207716
-0.086601
0.106849
0.013069
0.001118
0.083283
-0.005908
-0.028888
0.022457
0.010768
0.014726
-0.021522
0.159561
-0.042005
0.110262
0.047985
0.087793
0.036006
-0.094652
0.050134
0.140279
0.048852
0.069459
-0.136071
0.011699
0.125184
-0.163869
-0.258347
0.041660
-0.029435
-0.055134
0.075499
0.016140
-0.053583
-0.002137
-0.050618
-0.262935
-0.209135
-0.060965
-0.046841
-0.074045
-0.184163
-0.057732
0.003272
0.092459
-0.028138
-0.185688
0.015014
0.010236
0.088626
-0.025376
-0.309183
-0.253512
-0.047684
0.143556
-0.038468
0.055447
0.075096
-0.149665
0.003347
-0.033364
0.111403
0.029858
0.158888
0.066851
-0.071114
-0.063670
0.048097
0.090709
-0.127917
-0.108195
0.025765
0.111883
-0.023955
0.055166
0.004115
-0.004984
-0.015452
-0.178098
0.020017
-0.121077
0.179719
0.076766
0.203616
-0.012950
0.032465
0.004663
0.239353
0.087966
-0.113694
0.095349
-0.169069
0.109268
0.071943
0.007763
0.070823
0.015476
-0.085352
0.029397
-0.042980
0.035867
0.074186
0.083952
0.083256
-0.041402
0.051893
0.082159
0.026442
-0.326329
0.010262
0.033146
-0.109537
-0.045692
-0.063445
-0.004838
0.129599
-0.142328
-0.121787
-0.067608
0.053658
0.067441
-0.099342
-0.019822
0.135941
0.053126
-0.022085
0.000687
0.007450
0.074132
-0.002916
0.056372
0.198551
-0.042530
-0.136870
0.035323
0.202219
0.010998
0.085154
-0.034186
0.155594
0.030991
-0.012091
0.277542
-0.211429
-0.232811
0.131349
0.023091
-0.067540
-0.112444
-0.055157
0.066468
-0.015011
-0.049526
0.040943
-0.047270
-0.022030
0.091428
0.159563
-0.001275
0.031832
-0.083240
0.032480
-0.038648
-0.116198
0.070190
0.050998
-0.142874
0.080921
-0.091664
0.025921
-0.034129
0.167927
-0.097075
0.099298
-0.109114
0.091024
-0.068678
0.018715
0.009218
-0.048897
0.059943
0.009242
-0.063079
-0.055404
-0.031514
-0.134184
0.104327
0.078997
0.116288
0.082908
-0.129423
-0.013379
0.077439
-0.063053
0.015932
-0.000296
-0.010867
0.095686
-0.042146
0.164552
0.113752
0.071644
-0.097730
0.212057
0.116078
-0.083037
0.099741
0.081526
0.040087
-0.021482
-0.003970
0.116313
-0.126650
0.167484
0.142068
-0.044222
-0.027134
-0.013209
-0.110449
0.083669
0.137218
0.050888
-0.013193
-0.036800
0.007020
0.049395
-0.098733
0.172541
-0.021776
-0.018915
-0.065276
0.209399
-0.008039
-0.048828
0.117979
-0.029034
-0.070474
0.020716
-0.034010
-0.074720
0.054019
-0.029005
0.025914
0.047056
0.055466
0.017668
-0.062665
0.004560
0.065129
-0.067304
0.029750
0.033972
0.088535
0.081964
0.120176
-0.034142
-0.021444
-0.067824
-0.186348
-0.006008
-0.008509
-0.050705
-0.027788
-0.054652
0.215924
0.048684
0.039448
-0.088851
-0.064373
-0.215313
0.046995
-0.055416
-0.163917
0.037402
-0.053028
-0.022729
0.016989
-0.174017
0.219943
-0.120989
-0.108001
0.083947
0.046077
0.036893
-0.022408
0.169982
-0.098767
0.004688
0.049172
0.116508
0.035842
-0.054035
0.184164
0.048635
-0.076525
-0.002405
0.036678
0.212121
-0.027076
-0.034421
0.082894
-0.156188
0.023575
0.081486
-0.073166
-0.098538
-0.056625
-0.107543
-0.015619
-0.177683
-0.091608
-0.098191
-0.060629
0.018550
0.129501
0.004286
-0.000471
0.008777
-0.074875
-0.122868
0.066231
0.045373
-0.087324
0.026780
-0.141365
-0.035809
0.034307
-0.115695
-0.057420
-0.014742
-0.130389
-0.042617
0.047635
0.011937
0.024196
-0.046978
-0.031951
0.028630
-0.128638
-0.124499
0.035633
0.116097
0.035897
0.053337
0.052886
0.222229
-0.018958
0.181187
-0.026067
0.011050
-0.049008
0.038655
-0.034270
-0.181828
-0.008245
0.126327
-0.056179
0.092557
0.017449
-0.053557
-0.137902
-0.085744
0.056397
-0.031961
-0.141361
-0.027492
-0.068080
0.050837
-0.060087
0.022718
-0.007253
0.022793
0.042151
-0.017629
0.074190
0.091260
0.065890
-0.017480
0.239593
0.184216
-0.067343
0.050802
-0.062992
0.114466
-0.179412
-0.038442
0.024391
-0.113518
-0.089840
-0.153178
-0.193997
-0.019520
-0.034535
-0.072727
0.071929
-0.049321
-0.081762
0.045727
0.085929
0.093373
0.044663
0.066135
0.066353
-0.210954
-0.072975
-0.040249
-0.127391
0.004915
0.047039
-0.161312
-0.012270
0.112037
0.137700
-0.059059
0.207249
-0.134131
0.158484
-0.001950
0.098918
-0.078531
0.178672
-0.003683
0.024829
0.119969
0.001362
0.122969
-0.073632
-0.187460
-0.091682
0.010447
-0.167924
-0.025608
-0.011339
-0.094447
-0.056617
0.048773
0.029823
0.034708
0.090156
-0.123438
0.122471
0.016411
0.049994
0.024961
0.070871
0.029910
-0.094420
0.073288
-0.204205
-0.167035
-0.018363
0.091987
0.077777
0.124306
-0.038513
-0.079560
-0.159587
-0.044767
-0.080295
0.188393
-0.201778
0.091936
0.017056
-0.099590
0.099701
0.102639
-0.234517
-0.146395
0.084420
-0.099269
-0.034573
-0.086868
-0.054647
-0.001865
0.012966
-0.163795
0.113022
-0.051165
0.256671
0.114751
-0.045647
0.136198
0.044597
-0.065334
0.152908
-0.025787
-0.023894
-0.144814
0.053392
0.193784
-0.089928
0.090441
-0.033731
0.119482
-0.022407
0.001612
-0.021100
-0.135207
0.111090
0.214663
0.024042
0.108808
0.188077
0.005470
-0.245567
0.013148
-0.030002
-0.071772
0.023215
-0.103120
0.002260
-0.117407
0.049995
-0.243703
0.159145
-0.076151
-0.187063
0.055791
-0.014830
-0.112188
0.158523
-0.063066
-0.175273
-0.029592
0.009871
0.175511
-0.079200
-0.023306
0.123497
-0.010456
-0.142705
-0.109845
-0.074597
-0.067284
-0.273009
0.007690
0.027193
-0.054402
-0.062305
0.074118
0.063560
0.097095
-0.004914
0.119201
-0.019306
0.128129
0.074205
0.132317
-0.007174
0.020511
-0.018619
-0.095745
0.012037
-0.074148
0.036836
0.217488
0.037534
-0.014682
-0.088182
0.030043
-0.026233
-0.077999
0.092911
-0.045793
-0.038350
-0.003562
-0.002698
0.024233
-0.137468
-0.204265
0.100417
-0.026049
0.084955
0.179932
-0.036229
-0.047386
0.055903
0.062190
-0.032130
-0.054402
0.021612
-0.166257
0.074333
-0.123718
0.291962
-0.074588
0.195570
0.122219
0.080921
-0.030144
0.158037
-0.164333
-0.105114
0.165009
0.134994
-0.055682
0.089151
-0.025882
0.000202
0.045641
0.091444
0.054284
0.111703
-0.031598
0.242235
0.043248
-0.073174
-0.061188
-0.012190
0.024905
0.036435
0.008654
0.004950
-0.019057
0.130086
-0.103820
-0.106328
0.194509
0.008532
-0.050918
0.048107
0.157363
0.033457
0.029776
0.027523
-0.092498
-0.018379
0.033094
0.020201
0.193817
0.166579
-0.134391
0.018351
0.054949
0.086755
0.108677
0.096678
-0.035369
-0.223969
-0.172143
0.079002
-0.058303
-0.148475
-0.126124
0.086386
0.056532
0.049379
0.001288
-0.107387
0.108291
0.110656
0.096301
0.044486
0.160028
-0.084584
0.021781
-0.098174
-0.003620
-0.044756
-0.051726
-0.055492
0.068135
0.078952
0.036735
-0.065369
0.059122
0.034348
0.067941
0.127763
-0.030686
-0.106704
0.034926
0.161444
0.031343
-0.138062
0.174882
0.036448
0.242855
0.027138
-0.057818
-0.014938
-0.001622
0.170660
0.011137
-0.028741
-0.051829
0.288901
-0.077410
-0.000121
-0.039643
0.077879
0.046885
0.190629
0.149452
0.050298
-0.025106
0.085993
0.031673
0.091569
-0.235400
-0.116829
-0.043425
-0.078840
0.021616
0.165664
-0.046251
-0.102963
0.013713
-0.129682
-0.077019
0.045254
0.004929
-0.110330
-0.069520
-0.041002
0.109333
-0.195620
0.067498
-0.007885
-0.066389
-0.019449
-0.100670
0.070628
0.003813
0.195034
0.001793
0.074760
0.193027
0.084979
-0.019928
0.059953
0.088190
-0.021833
-0.113269
-0.094492
0.116750
0.057927
-0.059679
-0.116637
-0.115419
0.026031
0.095667
0.122474
-0.064959
0.162022
0.030534
0.076198
0.218221
0.241855
0.053149
-0.041242
0.035438
0.079916
0.058889
0.071190
-0.026973
0.039003
-0.010667
-0.099019
0.113483
0.057117
0.116473
-0.021343
-0.036588
-0.024519
-0.197715
-0.172570
-0.132932
-0.057577
0.021526
-0.095187
-0.019006
0.135789
-0.020434
-0.037374
0.218103
-0.018688
-0.138363
-0.114345
0.016100
0.083826
-0.120279
-0.098103
0.006397
0.130828
-0.034037
-0.016993
0.012953
-0.169935
-0.180213
0.053458
-0.128891
-0.024205
-0.084388
-0.030802
0.163278
-0.069266
0.185431
0.027805
0.144856
-0.056890
0.009667
0.025484
0.059922
0.043936
-0.067504
-0.106736
0.048973
-0.206956
0.095971
0.002273
0.012821
-0.052943
0.073692
-0.012691
0.120719
-0.109319
0.122642
0.047566
-0.044682
-0.001986
0.067317
0.056716
0.012546
0.032301
0.188234
-0.150836
-0.079664
0.000070
-0.247514
0.049067
0.060145
0.123977
0.053799
-0.005777
0.012581
0.071816
-0.083679
0.124606
0.072869
-0.073499
0.022374
0.027222
0.037569
0.161798
0.197345
0.002505
-0.281083
0.154811
0.074978
0.024057
-0.025283
0.113556
0.010448
0.036112
-0.170495
0.123431
-0.084478
0.189425
-0.162051
0.108416
-0.105990
-0.030664
0.009224
0.078612
-0.089378
-0.053873
0.005552
0.028748
-0.023742
-0.032595
-0.011694
-0.001238
-0.017897
0.110490
-0.176837
0.013799
0.003053
-0.048334
-0.200372
-0.009261
-0.026561
-0.030174
0.083720
-0.033189
-0.030926
-0.100908
-0.013592
0.066342
0.055507
0.067676
0.054212
-0.027633
0.160113
0.286622
0.112974
0.081593
0.059279
-0.171061
0.106762
0.033035
0.062300
-0.127834
0.288761
-0.021891
0.123494
0.205268
-0.148405
0.031285
0.077389
0.089606
0.209751
-0.182385
0.032175
-0.177891
0.075600
-0.011456
-0.115545
-0.113019
0.184397
0.108869
0.022127
-0.144263
0.017762
-0.131517
0.050439
0.109453
0.343948
-0.036742
-0.103423
-0.096406
0.105179
0.014781
0.143875
0.187287
-0.150785
-0.052390
-0.084355
-0.121241
0.028621
-0.054355
0.000247
-0.106646
0.045005
-0.062683
0.111794
-0.141835
-0.057907
-0.039605
-0.053801
-0.063655
0.013979
-0.083026
0.042114
-0.038741
-0.082950
-0.126529
-0.044758
0.119520
0.058157
-0.070119
-0.078966
0.044604
0.076014
-0.040315
0.061808
-0.148126
-0.109775
-0.091369
-0.028440
0.047285
0.194095
0.038156
0.186243
0.024351
0.026621
-0.002413
0.097986
-0.017356
0.062674
-0.127517
0.086264
-0.032222
0.121721
0.009646
0.005238
0.032622
-0.075531
-0.109178
-0.094323
0.087109
-0.048007
-0.089928
-0.094159
0.164106
-0.025674
-0.069467
-0.034857
-0.119037
-0.186387
0.018943
-0.052120
-0.067155
-0.146056
-0.062294
-0.026101
-0.009811
0.001648
0.116283
0.056470
0.142314
0.161084
0.078362
0.060009
0.172809
0.057707
0.005349
0.086527
-0.060909
0.083679
0.087165
-0.075026
-0.085590
-0.037646
-0.105753
-0.045933
-0.023786
-0.012639
0.051496
0.192856
0.121722
0.090176
0.096019
0.114926
-0.062798
0.112516
0.008059
0.112812
0.037052
0.017830
-0.092041
-0.099942
-0.174482
0.077199
-0.063982
-0.023023
0.100467
0.218172
0.190375
-0.085911
0.118770
0.091393
0.089536
0.001212
-0.087425
-0.091099
-0.074384
-0.131955
-0.091708
0.045427
-0.012409
0.065415
-0.071326
-0.088271
-0.029175
0.069358
-0.117723
-0.073368
-0.158132
0.080173
-0.198372
-0.068218
-0.115214
-0.097956
0.050755
-0.118175
0.007504
-0.128499
-0.067158
-0.099553
0.042747
-0.069078
0.034213
-0.139640
-0.044540
0.049550
0.207491
0.059270
0.035307
0.019528
-0.070224
0.078505
0.046519
-0.033799
0.159485
-0.111142
-0.048404
-0.076394
0.005907
-0.093071
-0.060581
-0.167487
0.047798
0.055955
0.121484
0.145520
0.115237
0.177085
0.048954
-0.045787
0.199993
0.203125
-0.146614
-0.079511
-0.016098
0.080616
-0.170464
-0.161452
0.036824
0.008150
-0.010055
0.040331
-0.098044
-0.111495
-0.019991
0.107025
0.118622
-0.168936
0.039363
-0.027896
-0.088472
-0.109696
-0.266520
-0.061173
-0.121084
-0.134366
-0.190380
0.097247
0.070583
0.110693
0.014024
0.353648
-0.011995
0.118077
0.045717
0.013699
-0.005887
-0.103829
-0.147851
0.029135
0.116009
-0.053416
0.083252
-0.003474
-0.042770
-0.040343
-0.140234
-0.068137
0.115752
-0.047407
0.035129
-0.157982
0.064983
-0.068052
-0.004373
0.104215
-0.016713
0.026188
-0.134154
-0.080966
-0.045503
0.020346
-0.160004
0.079799
0.040095
0.090834
-0.058274
-0.000152
-0.069377
-0.013317
-0.068034
0.063967
0.187613
0.098670
0.031039
0.053781
-0.057817
0.098357
0.171725
-0.019226
-0.047564
-0.180153
-0.039429
0.074889
-0.036201
0.080735
0.094983
0.071070
0.028400
-0.020577
-0.093447
0.048345
-0.017282
-0.060548
0.028755
0.035912
0.017127
-0.204192
-0.078624
-0.242305
-0.093818
0.107037
0.067140
0.010486
0.004996
0.071176
-0.049812
0.140254
-0.125160
-0.127581
0.007474
-0.042968
-0.100161
0.069652
-0.006989
0.031553
-0.252938
0.095305
0.008949
-0.074789
-0.106200
0.049295
0.047573
0.158493
-0.092231
-0.082306
-0.113612
0.088635
0.038374
-0.201742
-0.003534
0.061231
-0.115713
0.121615
0.016353
0.058946
-0.084204
0.090638
0.099885
0.148584
-0.192681
-0.048835
-0.077076
0.070894
-0.002964
-0.152647
0.019153
-0.063621
0.074863
-0.018678
0.109086
-0.037057
0.054471
0.135104
0.195926
0.166443
0.004147
0.020031
-0.024727
-0.176741
0.043637
0.007179
0.076009
0.000814
-0.114390
-0.055961
-0.193231
-0.012358
0.036925
0.183822
-0.044120
0.048621
-0.051315
0.101490
0.025088
0.152218
-0.139030
-0.037599
-0.213717
-0.029951
-0.028048
-0.134211
-0.026719
-0.183237
-0.013051
0.101138
-0.027285
0.119151
-0.011115
0.114812
-0.058654
-0.015947
-0.071538
-0.168150
-0.051784
0.122791
-0.152287
0.130933
-0.203319
0.079055
-0.116305
0.018067
0.029783
-0.007955
0.022602
0.058597
-0.098298
-0.102438
-0.125266
0.144364
-0.112369
-0.052936
-0.036922
-0.048094
0.284922
-0.045851
-0.147959
-0.102427
0.035805
0.145707
0.015873
0.121310
-0.206315
-0.010242
-0.126767
-0.068726
-0.060883
0.107198
0.179998
-0.018193
-0.016990
0.010515
0.127092
0.122893
-0.021510
0.020143
0.012879
0.125018
0.014949
-0.077306
-0.140358
0.064569
-0.047033
0.007129
0.073979
0.048159
0.028601
-0.016835
-0.049038
-0.098567
0.105793
-0.042159
-0.172509
0.086644
0.039791
-0.075033
0.046949
0.074710
0.087708
-0.202081
0.074853
-0.026450
-0.002682
0.046904
0.029587
0.015051
0.023060
-0.139786
0.262408
0.076439
0.032110
-0.004267
0.032054
-0.030175
-0.045707
-0.070988
0.112147
0.090599
-0.088406
-0.121883
-0.091141
0.054101
0.062859
0.025290
-0.112687
0.001596
-0.170921
-0.005588
-0.049436
0.220419
-0.083800
-0.017591
-0.009366
0.005284
-0.007286
0.055853
-0.040210
-0.243266
-0.189360
0.113315
0.253187
-0.057503
0.028469
-0.010218
0.001594
0.078991
-0.027438
-0.050527
-0.051217
0.069387
-0.125804
-0.085361
-0.047327
-0.089616
-0.032772
-0.062015
-0.118835
0.059470
-0.057662
0.084514
-0.179803
-0.105934
-0.067658
0.155712
0.231933
-0.067065
0.118369
0.006093
-0.212406
0.030297
-0.025274
-0.034926
-0.023455
0.111638
0.010214
-0.017103
-0.124459
-0.069641
0.077206
0.049799
0.071598
0.129780
0.128052
0.271096
0.042006
-0.002577
-0.007872
-0.043723
0.146426
-0.029779
0.011015
0.014375
-0.239653
-0.009742
-0.196936
0.002268
-0.029403
0.031870
-0.070351
-0.162019
0.129366
0.111913
0.073435
-0.015011
-0.115160
-0.056904
-0.012592
-0.136866
0.004708
-0.039548
0.110077
0.043432
0.004493
0.009788
-0.027812
0.013529
0.007552
0.097169
-0.063879
-0.166989
-0.026470
-0.060286
0.040137
0.063324
-0.012830
-0.152412
-0.134711
-0.004612
-0.025054
-0.023720
0.011700
-0.137232
0.156083
-0.135056
0.068625
0.138816
-0.001428
0.122277
0.092987
0.004366
-0.225672
0.015504
-0.041062
0.051202
-0.057945
-0.014073
-0.074382
-0.011623
-0.107162
-0.021232
-0.059498
-0.131366
0.016787
-0.083118
0.052379
0.011135
-0.031307
-0.013041
0.036807
-0.174036
0.134256
0.082231
0.095449
0.024030
-0.025729
-0.125723
0.065437
0.157008
0.076828
0.338867
0.125033
-0.073538
0.065778
0.060000
-0.036387
0.020157
0.022738
0.135455
-0.043887
0.066625
0.002043
0.078541
0.285902
-0.055467
-0.080794
-0.056443
0.097935
-0.106188
0.079386
0.041415
-0.063296
-0.041181
-0.206277
0.008725
0.013664
0.126861
0.118827
0.187624
-0.028238
0.077078
-0.001107
-0.042322
-0.070176
0.003619
0.059793
-0.046268
-0.012639
-0.106736
-0.099064
0.061970
0.176856
-0.130132
0.098728
0.022589
-0.103947
-0.029189
-0.031498
0.063771
0.157715
-0.131483
0.089988
0.054625
0.080745
0.028074
0.000685
-0.067427
0.140915
-0.123667
0.049642
0.072598
0.041931
0.146754
-0.082099
0.030049
0.008657
0.032081
-0.125339
-0.167637
0.134137
0.185867
0.036965
-0.013296
-0.011844
-0.132526
0.095516
0.046306
0.007520
0.032928
-0.247874
0.004610
0.035378
-0.030046
0.119194
-0.004095
0.079321
0.092498
0.104234
-0.017074
-0.181652
0.047005
-0.135035
-0.060897
-0.032225
0.006858
0.090913
-0.185278
0.166759
-0.004640
0.130984
0.016313
-0.165165
-0.155404
0.107242
-0.151230
0.066438
-0.025053
-0.114072
0.141166
-0.038731
-0.034367
0.319986
0.034866
-0.039126
0.045429
0.047043
0.046732
0.093337
0.050993
0.102137
-0.075003
0.055034
0.071393
-0.000753
0.037848
-0.135553
0.045399
0.058408
0.014391
-0.060040
0.015432
-0.080985
-0.003993
-0.090610
0.192971
0.296116
-0.063039
0.019988
0.085066
0.096628
-0.001801
0.194540
-0.010618
-0.022232
0.179653
0.059064
-0.096440
-0.072473
0.047430
0.103974
-0.183022
-0.016949
0.018108
-0.046645
0.035224
0.092256
0.179363
-0.071977
0.118360
0.052063
-0.122067
-0.072830
0.075200
0.101798
0.033032
-0.172530
-0.025775
0.035824
-0.082482
0.100042
-0.081555
-0.008581
0.053496
-0.077591
-0.030145
-0.095923
-0.028050
-0.080012
-0.053600
0.116758
0.103699
0.098844
0.012484
0.048261
-0.047395
-0.001260
-0.205388
0.204910
0.041846
-0.050677
0.082750
0.009362
-0.221116
0.189198
-0.026827
0.065147
0.102812
0.123801
-0.001944
0.106295
-0.008517
0.020255
0.018314
-0.056893
0.331729
-0.035916
0.105341
0.132073
-0.179497
-0.059860
0.268978
0.065100
-0.080964
-0.121414
0.040066
-0.058141
0.121689
-0.107458
0.000233
0.006184
-0.062532
-0.140840
-0.164478
0.027617
-0.080779
0.096401
-0.064694
0.113339
-0.026057
0.115069
-0.036784
0.001687
0.020008
-0.045762
0.124918
0.027188
-0.036744
0.109758
-0.078638
-0.037928
0.006421
0.006903
-0.004745
-0.064868
-0.154091
0.137620
0.016028
0.049773
-0.051187
-0.227413
-0.007150
0.178089
0.009450
0.068152
-0.200723
0.039297
0.009099
-0.074371
-0.277473
0.079967
0.006040
0.063638
-0.080269
-0.109895
-0.003588
0.007715
-0.037796
0.004028
0.112400
-0.124472
0.058233
-0.005474
0.028070
-0.024118
-0.121800
-0.010769
0.060961
-0.089221
0.114027
0.019209
-0.096024
-0.028125
-0.287724
0.027402
-0.119264
-0.065289
-0.067184
-0.024300
-0.040844
0.147150
0.027840
-0.020873
0.012328
0.018037
0.085366
-0.018453
0.076528
-0.207713
0.125371
0.046139
-0.036736
0.084622
0.071010
0.009194
-0.020932
0.120061
0.004745
-0.005045
-0.070046
-0.100487
0.136157
0.048515
-0.215592
0.000050
0.028809
0.047103
-0.059358
0.009824
-0.191280
-0.068296
-0.005513
0.001944
0.022502
0.003043
0.067337
0.084985
-0.002583
0.196394
0.226314
0.173269
0.047624
0.069314
-0.050012
0.040124
-0.096760
-0.033956
-0.017630
-0.026142
0.100482
-0.131759
-0.030087
0.101466
-0.060346
0.059942
-0.007205
-0.017926
-0.203812
-0.139760
0.049987
0.030701
0.016636
0.058373
-0.043941
0.023177
0.030172
0.043774
-0.151629
0.049386
0.061614
-0.125021
-0.095017
0.188975
-0.009695
0.200375
-0.051166
-0.064534
-0.012782
0.290722
0.142289
-0.104713
0.169776
0.046721
-0.025177
-0.098400
0.020199
-0.173197
0.088625
-0.242448
0.031143
-0.174373
0.098111
-0.062991
-0.023888
-0.008883
0.028992
0.147490
-0.004812
-0.050056
0.198407
0.049764
-0.067269
0.042920
-0.055435
0.041786
0.163507
0.024112
-0.029522
0.015000
0.002841
0.164497
0.018993
-0.120563
-0.079105
0.084595
-0.133855
0.085873
0.000035
-0.218603
-0.013634
-0.110403
0.048827
0.071393
0.028841
-0.087003
0.119476
0.040041
0.005277
0.113914
0.111413
-0.050822
0.126294
-0.083747
-0.093614
-0.079117
-0.020928
-0.069481
0.199394
0.043464
0.154610
-0.008968
0.002412
-0.004058
0.081682
0.004025
-0.124998
-0.060320
-0.022661
-0.080573
0.027082
-0.060592
-0.004469
-0.088600
-0.115315
-0.083013
-0.011687
-0.060537
-0.037335
-0.085184
0.059839
-0.020407
0.112342
0.090585
-0.197100
-0.018017
0.073814
-0.142437
-0.207613
0.226719
-0.013214
-0.045591
-0.077735
0.101102
-0.142081
0.085560
0.086012
0.056133
-0.098063
0.172525
0.081783
-0.046774
0.040599
-0.046466
0.114876
0.188641
-0.024375
0.070957
-0.000973
-0.039229
-0.163306
0.026808
0.151677
0.072467
-0.027800
0.148931
0.103323
0.046269
0.057658
0.001628
-0.008520
0.066028
0.034646
-0.201367
0.092182
-0.139323
-0.038773
0.057746
0.189135
0.064390
0.071236
-0.024147
0.031254
-0.091120
-0.326212
-0.186595
0.016306
-0.023145
-0.076693
-0.121196
-0.038820
-0.059150
-0.054296
-0.216977
0.013615
-0.057048
0.104253
-0.000586
-0.094900
0.006349
0.036076
-0.114580
0.032202
0.116037
0.072790
-0.055074
-0.071816
-0.024384
0.029170
0.021378
0.185135
0.016278
0.106549
0.135421
0.124699
0.021382
0.077035
-0.066223
0.010003
-0.147075
-0.048629
-0.015062
0.002310
-0.031589
-0.081318
0.157548
0.104574
-0.157673
-0.002034
-0.001791
-0.129309
-0.132229
0.193211
0.057369
0.125007
-0.008669
0.030398
0.204148
0.062522
-0.077264
-0.160009
0.100387
0.133228
0.038198
0.009031
-0.019353
0.002869
-0.095572
-0.152793
-0.095496
-0.002045
0.035054
0.098998
-0.054734
0.013525
-0.150094
-0.008767
-0.089070
0.004650
-0.056454
-0.055043
0.026384
-0.149178
-0.007726
-0.074699
-0.124275
-0.086935
-0.110264
0.032354
0.009560
-0.040192
0.114900
0.063094
0.096487
0.038622
-0.069898
0.136202
-0.011157
-0.108036
0.052246
-0.324272
0.047403
0.064284
0.025770
0.007653
-0.056950
-0.011130
0.117086
-0.032622
0.041753
0.031355
0.063350
0.042647
0.153431
-0.067889
0.224917
0.058241
0.105328
0.065850
-0.041825
-0.014059
-0.022350
0.062858
0.151219
0.006856
0.117658
-0.056304
-0.015405
0.122925
-0.022912
-0.035272
0.009313
-0.051686
-0.197030
0.068517
-0.019093
0.225627
0.143273
-0.124893
0.093725
0.050707
-0.086606
0.046857
0.087982
0.115732
-0.117214
0.110419
-0.025789
0.219174
-0.017478
0.108158
-0.214614
-0.035834
-0.049761
0.034137
0.131042
0.178491
0.191801
-0.070685
0.001825
0.007399
-0.193807
-0.060847
-0.080917
0.005901
-0.036183
0.047015
0.024468
-0.090361
-0.096826
0.018510
-0.038840
-0.025743
0.061462
0.059601
-0.033616
0.132399
-0.028055
0.096475
0.008694
0.042124
-0.079963
-0.008354
-0.170593
-0.052417
0.079029
-0.203219
0.043545
-0.078838
-0.067474
-0.040789
-0.194739
-0.091087
-0.260700
0.076072
-0.014571
-0.002165
0.000010
-0.080617
0.232748
-0.010684
-0.034510
-0.043576
0.070094
0.215349
0.081302
-0.024502
-0.097430
0.050816
-0.095811
0.162955
0.208042
-0.011868
0.015498
-0.159536
0.034673
0.052378
-0.020712
-0.074319
-0.022440
0.042061
0.188815
-0.009702
0.037055
0.019512
-0.035894
-0.031725
-0.120207
0.065923
-0.029485
0.055330
-0.066371
-0.072407
0.139367
0.021524
-0.186796
0.031105
-0.050561
-0.158809
0.015848
-0.124632
0.020544
-0.007488
0.004660
0.068079
0.044800
-0.081932
-0.072674
-0.018973
0.040019
0.045392
0.047665
0.041714
-0.152150
-0.063146
0.000490
-0.019311
0.020895
-0.178062
-0.101227
0.059288
0.118128
0.070600
0.098437
-0.020491
0.172773
-0.080260
-0.037335
-0.032125
0.025381
-0.070454
-0.079267
0.080566
-0.107696
0.008872
-0.037707
0.086619
0.110444
-0.097056
0.015443
0.133251
-0.086730
0.034528
-0.025858
-0.102900
-0.036760
0.062335
0.039984
-0.064827
0.158000
-0.000520
0.088297
0.074780
0.034533
-0.183771
0.110506
-0.047041
-0.150477
-0.036680
-0.088675
0.169540
-0.017929
-0.154589
0.084329
-0.052703
0.035447
-0.235001
0.094721
-0.194503
-0.067453
0.035235
-0.000786
0.061817
-0.200703
0.065879
-0.031563
0.056571
-0.033112
-0.117813
0.076083
-0.151898
0.063828
-0.177803
-0.178003
0.048148
-0.044293
-0.011675
-0.038101
-0.225043
0.056046
-0.113540
0.089404
0.129023
0.020482
0.038987
0.023360
-0.203084
-0.182912
0.150501
0.064134
0.076080
0.276697
0.043082
0.073233
0.112813
-0.033708
-0.013811
0.025285
-0.068600
-0.070878
-0.095673
-0.125992
0.039370
0.201581
0.043659
-0.078081
-0.118921
0.132357
0.124410
0.117411
0.144660
-0.029879
-0.068695
0.027924
-0.122262
-0.047385
-0.094258
0.174418
0.077867
0.127729
-0.028926
0.062750
0.030834
-0.045021
0.060617
0.078104
-0.146078
-0.060343
0.097429
-0.006550
0.073504
-0.038554
-0.052788
-0.132771
-0.096702
-0.067188
-0.043596
-0.116803
0.080281
-0.194414
0.143474
0.064266
0.039414
-0.109277
-0.086276
-0.090861
-0.094199
-0.000226
-0.106934
0.051786
-0.039384
0.064397
0.151015
0.097184
-0.019089
-0.116609
0.104297
0.044271
0.001619
-0.129079
0.097867
-0.002938
0.042415
-0.004544
-0.000618
-0.203128
0.104519
-0.020557
0.165254
0.044099
0.063664
-0.037394
0.131216
0.152710
-0.040639
-0.019612
0.049414
-0.012191
-0.153512
0.001248
0.000941
-0.143579
-0.066930
0.159914
0.101866
0.008643
0.069571
-0.031168
0.043857
0.089645
0.004091
0.171184
0.231908
0.052413
-0.039279
-0.023755
-0.059860
0.043145
-0.142028
-0.095058
-0.024123
0.026043
0.060925
-0.149968
-0.076045
0.276215
0.049609
-0.091263
-0.161358
-0.050669
0.068810
0.107936
0.060377
0.140914
-0.043058
0.000989
-0.002728
0.074942
0.028271
0.073511
0.157498
0.034462
0.087887
-0.070402
-0.028680
0.008450
0.180874
-0.084710
0.286155
0.048472
0.116666
0.084182
-0.117217
-0.058851
0.066540
0.144592
-0.114385
0.009021
-0.302203
0.081988
0.005502
-0.148753
0.037597
-0.016596
0.051082
-0.119832
-0.006838
-0.002011
0.090068
0.093257
0.074311
0.064441
-0.123169
0.105665
0.031898
0.062619
-0.016513
0.014401
-0.107346
0.030621
-0.043562
0.060030
-0.064568
0.062078
-0.062345
0.128438
0.173170
0.068140
0.054578
-0.073237
0.052862
0.105891
0.060449
-0.016682
0.196732
-0.146607
0.036265
-0.161510
0.122206
-0.070264
-0.048819
0.181243
-0.019502
0.035443
0.041513
-0.065993
0.096665
0.034929
0.045657
0.002315
0.132756
-0.077278
0.066651
0.176256
-0.030253
-0.120083
0.074316
-0.206884
-0.228022
0.045090
0.102503
0.193869
0.027308
0.084481
-0.153718
0.007705
-0.014979
-0.048186
-0.102786
0.018319
-0.035307
-0.107858
-0.013263
0.113616
-0.048343
-0.012212
0.038164
-0.085100
0.097483
-0.197533
-0.028620
-0.010069
-0.122851
-0.124814
-0.064545
-0.063810
-0.011625
-0.283246
-0.167018
0.005149
-0.005554
0.042436
0.040736
0.105665
-0.076445
-0.143417
0.031047
-0.150508
0.007810
-0.025448
0.078179
0.052672
-0.188704
0.195832
-0.026874
-0.080755
0.179742
0.059849
-0.000781
0.076385
-0.099431
0.179949
-0.164552
-0.010333
-0.059573
-0.158838
-0.178473
0.123409
-0.028150
-0.048188
-0.068253
0.142756
0.069422
0.143629
-0.198687
-0.067653
-0.011188
0.031268
-0.100651
0.042379
-0.034872
-0.075517
0.056216
-0.006010
0.062341
-0.140020
0.070082
-0.085883
-0.151844
-0.006745
-0.175897
0.157494
0.113910
-0.099598
-0.119897
0.015802
-0.015501
-0.048119
-0.219965
0.127614
-0.121035
-0.108005
0.126422
-0.087409
-0.071466
-0.201835
-0.320226
0.023504
-0.119844
-0.034191
-0.108647
-0.026760
-0.040429
-0.069572
0.148895
0.043394
-0.092596
0.076794
0.110290
0.015628
-0.065857
-0.094125
0.144002
-0.087257
0.012019
0.076467
0.113270
0.027951
-0.026003
0.015631
-0.016969
-0.118529
0.184620
-0.079777
0.071376
0.059811
0.048415
0.048390
-0.053321
-0.074926
0.087770
0.030906
-0.098264
0.085580
0.068168
0.034844
0.195791
-0.115617
-0.009781
0.099602
-0.070008
0.085117
-0.135386
-0.205024
-0.060439
-0.049351
0.066086
-0.057095
0.026043
0.129733
0.019677
0.030559
-0.105491
-0.073237
0.012889
0.044180
-0.046880
-0.056455
-0.081076
0.143826
-0.109798
-0.056400
-0.029658
-0.155836
0.005363
-0.001374
0.169250
-0.030236
0.038427
0.053960
-0.081368
-0.023040
-0.201238
0.035235
-0.035396
-0.024900
-0.013576
0.127078
-0.015234
0.043384
0.320373
0.096199
-0.087054
-0.028038
0.117154
-0.074785
-0.025043
-0.005525
-0.053559
0.175839
-0.086673
0.011950
0.199040
0.068860
0.019862
-0.329714
0.037738
0.134706
-0.032126
-0.062918
-0.047611
-0.092088
0.132161
0.074372
-0.168827
-0.022115
-0.039848
0.150237
-0.020776
-0.017166
-0.078475
-0.027823
0.112881
0.136752
-0.258887
0.261847
-0.004797
0.138355
0.189150
0.125991
0.060701
-0.238379
-0.014317
0.163130
-0.087058
0.033660
0.068465
0.209511
-0.068814
0.072627
0.169534
-0.009753
0.001208
-0.042243
0.062234
-0.313907
0.004240
0.021786
0.045816
0.046630
0.003777
-0.072943
0.128598
0.040703
-0.183130
0.113296
0.035930
-0.147676
0.136599
0.115713
0.180940
-0.025804
-0.151485
0.054696
-0.104487
-0.078115
-0.047807
-0.003391
-0.214661
0.142318
-0.032308
0.083229
-0.024209
0.111469
0.086020
0.142623
0.084625
-0.041149
0.125033
0.035520
0.062644
0.210136
-0.007893
-0.102692
-0.105579
0.134565
0.010272
-0.129218
-0.126450
0.207782
0.112385
0.095516
-0.035255
-0.080348
-0.046121
-0.137839
0.097848
0.150166
0.119099
0.075765
0.244003
0.119617
-0.067220
-0.073267
0.064848
-0.192271
-0.038866
0.031976
0.033720
0.133882
0.107794
0.070754
0.063665
-0.060505
0.010540
0.136303
0.059469
0.023985
-0.087742
-0.012303
-0.110137
-0.014959
-0.202359
-0.027504
0.117956
0.075128
-0.091320
-0.024945
-0.020995
0.068245
0.076847
0.072698
-0.137683
-0.011584
0.106677
-0.078167
0.033872
0.037549
0.188483
0.058254
0.150779
-0.073998
0.229967
-0.042830
0.022819
0.044406
0.023992
0.004099
-0.183966
0.197824
0.100608
0.129983
0.097618
0.060459
-0.118367
0.082327
0.041057
-0.049827
0.159296
0.000667
-0.021464
0.162322
0.199767
-0.071209
-0.031135
0.185155
0.009342
-0.098403
-0.147539
-0.093652
0.208255
-0.205144
-0.047411
-0.109787
0.078145
0.098901
-0.067134
-0.063909
0.015185
-0.124484
0.166478
0.083886
-0.107606
0.063605
0.072006
-0.057726
0.191933
-0.023774
0.001093
-0.009210
-0.036606
-0.190724
-0.156912
-0.147866
0.053144
0.204946
-0.066010
-0.090821
-0.075576
0.013342
0.128371
0.131131
0.055637
0.060411
-0.088891
0.048651
0.008957
-0.113025
0.015005
-0.041886
0.121820
0.025287
0.020796
-0.001507
0.116391
0.193254
0.013467
-0.145992
0.018014
0.194571
0.051412
0.027752
-0.060815
0.006705
0.049110
-0.077855
0.003630
0.130760
-0.045911
-0.005793
0.029086
0.102270
-0.014815
0.210469
0.000304
0.082804
0.069729
0.037486
0.035323
0.123881
0.055101
0.212567
0.072893
-0.002962
-0.196779
-0.060971
-0.028651
0.084126
0.066853
-0.303317
-0.089537
-0.058929
0.212794
0.098478
-0.016420
0.007674
0.090014
-0.151526
-0.025348
0.007437
0.045930
-0.160969
-0.011531
0.180683
-0.206873
0.019916
-0.079465
-0.003293
-0.008367
0.096852
0.196614
0.098085
0.000439
0.000612
-0.040707
0.015355
0.018581
-0.177536
-0.102743
0.107599
-0.036422
0.198855
-0.097983
0.063111
-0.137453
-0.031859
0.155029
-0.047733
0.188672
-0.184111
0.039052
-0.155640
-0.052870
-0.114114
0.070424
0.164133
-0.016974
0.179571
-0.100805
-0.088673
0.069644
0.060058
0.004234
0.045568
-0.064170
-0.070166
0.230851
0.123776
0.095063
0.049845
0.107287
-0.089283
0.101712
0.012598
-0.045533
-0.024627
0.029653
0.186374
0.022686
0.106346
-0.013291
0.046738
-0.028865
0.017230
-0.206349
-0.002385
-0.047599
-0.091329
-0.014708
-0.027890
0.069049
0.188818
0.087317
-0.054813
-0.061651
0.191408
-0.160248
-0.041945
-0.030565
-0.013386
0.123753
-0.129953
0.021542
-0.048159
0.040937
-0.019520
-0.042525
0.024981
-0.048226
0.130157
-0.056369
-0.005095
-0.010756
-0.057330
-0.149206
-0.007173
0.041745
-0.079392
0.030774
-0.141146
-0.132399
-0.176435
0.168794
0.121563
0.106817
0.042412
-0.177885
-0.162379
0.038742
0.198114
-0.096672
0.080288
-0.007691
-0.070592
0.124341
-0.112993
0.023178
0.033072
0.005850
-0.172014
-0.036952
0.182548
-0.048220
0.019234
-0.158296
-0.086573
-0.053275
-0.082562
-0.090222
-0.099464
-0.068935
-0.161051
-0.070971
0.112323
0.084615
0.167612
-0.079149
0.047662
-0.107339
-0.006274
-0.092268
-0.049349
0.029475
-0.100990
-0.075703
0.020453
-0.170725
-0.052500
-0.039216
0.050096
0.055982
0.033929
0.082500
0.019425
-0.310759
0.104959
-0.070028
0.011108
-0.056142
-0.035861
-0.014922
-0.055907
0.016554
-0.167526
-0.254445
0.210847
-0.040842
-0.047655
-0.050046
-0.117485
0.088843
0.050558
-0.169782
-0.020655
-0.027330
0.157565
0.021419
0.083115
0.161250
0.086988
-0.065123
0.173883
0.064678
-0.118900
0.097122
-0.021294
0.213507
-0.078802
0.077516
0.033928
-0.051204
0.064734
0.173990
0.111451
-0.024617
0.165087
0.014778
-0.009487
0.042272
0.026500
0.064149
-0.141144
0.125895
0.122142
0.133202
0.076447
-0.197227
-0.001058
-0.171007
-0.112125
-0.016752
-0.148223
-0.143531
0.018781
0.307865
-0.180529
-0.055523
0.073492
-0.043488
-0.168694
-0.092394
-0.153266
-0.080101
-0.109711
-0.091431
0.029186
-0.008272
-0.005788
0.125402
0.048021
0.033752
0.040804
-0.119078
-0.145699
0.069754
-0.169459
-0.070317
-0.017927
0.152604
-0.034295
0.062519
0.031359
-0.097122
-0.044697
0.069801
0.070739
-0.022028
-0.015296
0.062890
0.067417
0.159454
-0.017368
0.051397
-0.050904
0.016910
-0.044510
-0.105566
-0.292345
-0.002448
-0.086042
0.052787
0.181381
-0.037745
0.031965
-0.149458
0.057257
-0.077273
0.098829
-0.012328
0.072529
0.117122
0.011786
0.082999
0.202422
0.012709
-0.210297
-0.175838
-0.207332
0.089789
0.135707
0.090301
0.002167
-0.119990
-0.023021
-0.125935
-0.041951
0.019339
-0.041530
0.124575
0.059580
-0.122067
-0.119276
0.006601
0.100322
-0.211832
-0.129184
0.006397
-0.019505
-0.032032
0.060521
-0.049366
0.080669
-0.061664
0.059341
0.038818
0.105381
-0.103014
-0.036026
-0.105238
0.078626
0.081195
-0.139636
0.098860
-0.091553
-0.050618
0.136422
-0.022359
0.081329
0.089202
-0.103651
0.041643
-0.045341
0.043551
0.031424
0.086127
-0.015086
-0.017769
0.038751
0.035796
-0.040804
-0.018528
-0.049861
0.052655
-0.004885
0.014001
-0.038670
-0.033917
-0.026562
-0.007030
0.038233
0.029215
0.103934
-0.070587
-0.065131
-0.045562
0.045827
-0.001223
0.148761
-0.017667
-0.008289
0.062759
-0.063199
0.016144
-0.167108
-0.105860
0.064132
-0.067580
0.015364
0.029647
-0.074731
-0.186990
-0.033080
0.003620
0.048364
-0.049194
-0.080262
0.078238
-0.027906
-0.028122
0.095958
-0.070829
-0.050767
0.158196
-0.112671
0.066783
-0.029453
0.035749
-0.073860
-0.017413
-0.042110
0.061284
-0.112220
-0.051959
-0.022036
0.199446
-0.070665
0.045811
0.008608
-0.021662
0.134450
0.076345
0.177548
0.016903
-0.079333
0.120707
-0.003185
-0.014849
-0.029060
0.089309
0.045220
0.070124
0.012462
0.075415
-0.023559
-0.203763
-0.178672
-0.077573
-0.125494
-0.030489
0.022766
0.026675
0.075749
0.066475
-0.111830
-0.071648
-0.079947
0.009687
-0.170219
0.212475
0.025964
-0.235812
0.108906
-0.043142
0.106033
-0.010143
-0.208316
-0.045663
-0.113918
-0.031117
0.147578
-0.019720
-0.139301
-0.143305
-0.200244
0.073740
-0.274511
-0.042565
0.083597
0.019402
-0.128602
-0.035802
-0.153747
0.051448
0.097326
-0.012670
-0.113997
-0.050160
0.037960
-0.058067
-0.065998
-0.061175
-0.027184
0.115063
0.046314
0.080933
-0.183610
0.095533
-0.223406
-0.075878
-0.000367
-0.047748
-0.179279
-0.063740
-0.069659
0.039931
-0.137121
-0.118441
-0.165928
0.112261
-0.108255
-0.151463
-0.011161
-0.009558
0.120566
0.096377
-0.073880
-0.009936
-0.130509
0.075908
0.012600
0.084285
-0.026738
0.077685
-0.039119
-0.041848
0.187788
0.088768
0.003438
0.155458
0.080081
-0.108456
-0.092903
0.241274
-0.249373
-0.051869
-0.068032
-0.002494
0.121097
-0.363553
-0.016180
-0.175827
0.050585
0.095479
-0.023729
-0.006210
0.109979
-0.016688
0.034173
-0.025407
0.092875
0.020081
-0.079484
0.033421
-0.074278
0.061435
-0.046078
0.070924
0.060742
0.141396
-0.078966
-0.182209
-0.148016
-0.077465
-0.266582
0.103461
-0.113324
0.098761
-0.039095
-0.048476
0.145412
0.072334
0.130716
0.041096
0.008608
-0.220409
-0.053351
-0.025302
0.048566
0.168491
-0.054848
0.110259
-0.018747
-0.069160
-0.175224
0.152555
-0.096166
-0.027696
0.058772
-0.016426
0.061633
0.050480
-0.140964
-0.026549
-0.090446
-0.115297
-0.105645
-0.179497
0.092893
-0.147603
0.237172
-0.177584
0.074009
0.074624
0.002440
-0.034331
-0.019377
0.169427
0.068648
-0.037789
0.024408
0.067983
0.119419
0.036137
-0.272886
0.146880
-0.104470
0.031194
-0.101394
-0.028174
0.089261
0.114639
-0.078568
-0.061101
-0.201393
-0.027558
-0.092550
-0.019727
0.001830
0.092930
-0.006436
-0.031870
-0.061536
-0.049772
0.180736
-0.235549
0.083972
0.016325
-0.109073
-0.020568
-0.042092
0.025048
-0.071286
-0.023328
0.077535
-0.109348
-0.061166
0.042743
0.198747
-0.088010
0.034394
-0.044574
-0.041383
-0.071808
-0.167304
-0.029359
-0.059767
-0.180763
0.041124
-0.017928
0.245152
-0.195919
0.079110
0.088981
-0.240506
0.139576
0.055221
-0.012219
0.016194
0.097294
0.038416
-0.020144
-0.060723
-0.153652
0.078759
0.028053
0.065675
0.009944
0.080806
0.099002
0.083495
-0.074687
-0.009297
0.057465
-0.095140
0.256961
-0.062929
0.133928
0.106659
0.027903
0.025039
-0.060139
-0.079265
0.114213
0.177780
0.168043
0.030377
0.035514
-0.094494
-0.013524
0.055449
0.040425
-0.003183
0.085781
0.029821
-0.325061
0.006227
-0.022142
0.024530
-0.014288
0.079402
0.122438
-0.013188
-0.059458
-0.067829
-0.026364
0.038419
0.030496
-0.040422
-0.087294
-0.046583
-0.057345
-0.057836
-0.038233
-0.079813
0.002621
-0.029907
0.075758
0.058472
-0.152905
0.019231
0.104469
-0.079271
0.071151
0.135148
-0.055045
0.128513
-0.016965
0.030000
0.015926
-0.050808
0.041860
-0.027294
0.084032
-0.186897
0.091484
-0.151792
0.016372
0.055444
0.177404
-0.082512
0.089557
0.135572
-0.111765
-0.033102
-0.078341
0.025503
-0.060808
0.016660
0.058010
0.062449
0.003191
-0.026215
-0.109615
-0.076462
-0.146411
-0.022422
-0.018955
-0.010432
-0.086262
-0.021719
0.134581
-0.021736
0.058710
0.144221
0.051907
-0.171780
0.061594
0.054067
-0.122416
0.035444
-0.064027
0.048394
0.012646
0.103737
-0.084357
-0.081592
-0.037403
-0.017931
-0.036637
-0.077125
-0.023353
-0.101293
-0.007418
0.078791
-0.036125
0.101585
-0.097913
0.127322
0.133264
-0.067376
0.104448
-0.048825
0.014576
0.007828
0.053846
0.016850
0.206811
-0.109420
0.192683
-0.005041
0.013739
0.149708
0.074961
-0.159114
0.116109
-0.044447
-0.137251
0.116902
-0.062902
-0.244711
-0.001546
0.122584
-0.093968
-0.033775
0.026657
0.185828
-0.023009
0.080609
-0.107776
0.065666
0.181959
-0.208155
-0.156590
-0.103641
0.048140
0.008565
0.108851
0.124615
-0.027828
-0.137457
-0.061364
0.066679
0.009873
0.060490
-0.015598
-0.027596
-0.059522
-0.054269
-0.091959
0.102100
-0.020735
0.121062
-0.025957
0.039522
0.004493
-0.102603
-0.000304
-0.023293
-0.133143
0.076163
-0.186326
0.104341
-0.028084
-0.129267
-0.020514
-0.025794
-0.002834
0.123082
-0.109372
-0.080693
0.058729
0.114365
-0.011244
-0.015531
0.083501
0.055853
0.039444
-0.053224
0.066196
0.027044
-0.044069
0.000174
0.020640
0.111923
0.019261
-0.212156
0.057543
-0.021652
0.004795
0.083454
0.126737
0.085536
-0.021192
0.148250
0.139193
0.026131
-0.205071
-0.032841
-0.077607
-0.093647
0.006787
0.018076
-0.010806
0.104403
0.149620
0.070349
-0.113934
0.102484
0.233034
0.051118
-0.085511
0.037403
-0.132192
-0.009224
0.033559
0.091687
0.179861
-0.027770
0.052391
0.013113
-0.184988
0.098913
0.197753
-0.083015
0.023765
-0.059846
-0.026915
-0.061076
0.078100
0.109015
-0.010087
-0.109113
-0.001237
-0.214723
-0.083484
-0.088972
-0.045624
0.047715
-0.011803
0.135590
-0.088527
-0.064253
0.095274
-0.024800
-0.022599
-0.264311
0.122606
-0.052545
-0.040312
-0.065089
-0.066106
0.011844
-0.038575
-0.142417
-0.093525
0.059637
0.114268
0.016418
-0.069651
0.002992
-0.125170
0.075904
-0.127673
-0.030493
-0.015624
-0.084202
-0.008503
-0.112110
0.101111
0.067951
-0.108563
-0.045773
-0.084158
0.081437
-0.113044
0.133396
-0.025802
0.056308
0.000656
-0.018055
0.059081
-0.026800
-0.083161
0.070722
0.020175
0.136166
0.218218
0.001779
0.003838
-0.137035
0.004404
0.008023
0.059954
-0.204394
0.070802
0.058875
0.008331
-0.131489
-0.087704
-0.252898
0.072686
0.013559
0.270306
-0.090163
-0.041276
0.062615
-0.115441
0.146248
0.014402
0.029488
-0.072684
0.068343
0.051546
0.077369
-0.073506
-0.027108
-0.054068
-0.147447
-0.048676
0.019041
0.016979
-0.031808
0.121678
-0.070677
0.366274
-0.074810
-0.145045
-0.025912
0.013043
0.029237
-0.007299
0.022886
0.052949
-0.107114
0.016630
-0.086407
0.092882
-0.135811
-0.031723
0.052306
-0.065598
-0.079490
-0.114060
0.031546
-0.175821
0.135816
0.108270
0.017865
0.083003
-0.036449
-0.073175
-0.192737
0.168757
0.027319
0.152430
0.104969
-0.096351
0.018136
0.093561
-0.028260
0.028598
0.258682
0.097257
0.046007
0.093950
0.065759
-0.016173
0.060389
-0.138292
-0.054923
-0.069893
0.112156
0.104533
0.121317
-0.089474
-0.186411
-0.116594
0.010869
-0.194908
0.084039
0.065619
-0.024432
0.101214
-0.194134
-0.140986
-0.025652
0.003785
-0.094875
-0.181287
-0.140038
0.021933
-0.013104
-0.179944
-0.004906
-0.127293
0.028864
-0.124488
-0.017471
0.008012
0.153824
0.185458
0.022913
-0.004485
0.039786
0.038757
0.120474
-0.055174
-0.126970
-0.007249
0.083566
-0.054599
-0.022416
-0.001826
-0.007806
-0.138372
-0.032077
0.052823
0.120395
-0.104883
-0.046398
0.107810
0.072756
0.129013
0.001178
0.072927
-0.148338
-0.053798
0.066818
0.010951
-0.110383
-0.211350
0.024086
0.044127
0.087148
0.009928
-0.064298
-0.062747
0.128508
0.018695
0.085891
0.117913
-0.134500
-0.100838
-0.021995
0.038812
-0.055350
0.132961
-0.016101
0.217496
0.025660
-0.083641
0.155930
0.059601
-0.075222
0.130248
-0.076035
-0.068321
-0.061910
-0.137291
-0.041824
0.078270
0.215487
0.081778
0.031295
0.082860
0.045708
0.170088
-0.053950
-0.090640
-0.076834
-0.081620
-0.152642
0.098506
0.020494
-0.111106
-0.121772
-0.057830
-0.254231
-0.044580
0.223650
0.168485
-0.105189
0.057234
0.081865
-0.044563
-0.003743
-0.088766
0.040576
-0.047093
0.098013
-0.129298
0.079730
0.131224
0.025425
0.082817
-0.077439
0.091879
-0.112641
0.038453
0.088611
-0.095403
-0.135438
-0.089007
-0.050938
-0.011068
-0.042210
0.077038
-0.010965
0.033424
-0.096982
-0.189705
0.016725
0.034585
-0.013338
0.009862
0.084800
0.119306
0.065629
-0.031065
-0.106175
-0.023837
0.050421
-0.087731
-0.119673
-0.198362
-0.017800
0.107320
0.093472
0.031622
-0.090018
0.151278
-0.052177
-0.053966
0.002006
0.065278
-0.034696
-0.043103
0.149834
0.011526
0.058466
-0.046702
0.063911
-0.114241
-0.099349
-0.014552
0.086926
0.185966
0.183154
0.206034
0.076878
-0.030551
0.018864
0.004665
-0.210889
0.202419
0.096194
0.091894
-0.021046
-0.045244
0.207634
-0.131428
-0.082326
0.021574
-0.130855
0.014554
-0.119664
0.248481
0.047093
-0.090854
-0.021799
-0.146741
0.138656
0.037389
-0.187325
-0.077274
0.060040
-0.138163
0.058361
0.078009
-0.032601
0.033066
-0.045519
-0.112050
-0.068271
0.078346
-0.069171
-0.220592
0.156411
0.055379
-0.322583
-0.038391
-0.075237
0.172583
0.116371
0.040497
-0.111931
0.007747
-0.212625
-0.010678
0.204701
-0.016509
-0.171121
-0.092093
-0.134186
0.020898
-0.037373
0.197354
-0.025748
-0.096036
-0.069356
0.093744
-0.077150
0.233793
-0.016807
-0.041627
-0.117289
-0.020306
-0.264152
0.184494
-0.055424
-0.070600
-0.014213
-0.022902
0.102449
0.020362
0.018323
-0.033158
0.077820
0.061649
-0.030434
0.131607
0.030121
-0.042155
0.089849
0.008942
0.116818
0.033237
-0.250921
-0.131312
0.084201
0.286956
-0.213018
0.136506
-0.096912
-0.105268
-0.053729
-0.082932
0.043141
-0.089382
-0.114030
0.045483
0.050606
0.065183
-0.016436
0.056049
0.142230
-0.001350
0.118732
0.041560
-0.016213
0.050548
0.076766
-0.025841
-0.033313
-0.089599
0.182861
0.032383
0.057603
-0.031667
-0.029464
0.074447
0.138619
-0.005952
0.131381
-0.061803
-0.174565
0.049526
-0.064185
-0.072825
0.081027
0.001723
-0.090548
-0.015905
-0.064933
0.107869
-0.017114
0.105775
0.107758
-0.026349
0.013982
0.065533
0.022078
0.005289
0.067041
-0.009925
0.063911
0.215041
-0.056937
-0.062016
0.010552
0.024676
-0.055288
-0.091875
-0.112663
-0.049550
0.054223
-0.042018
0.182530
-0.020343
0.055956
-0.069765
-0.097226
-0.003823
0.080731
0.138975
-0.042082
0.066446
0.065833
-0.006970
-0.039448
-0.124877
-0.074217
-0.112539
0.034538
-0.092699
0.045112
0.005630
0.001715
0.088170
0.142628
-0.026530
0.149450
-0.199474
0.105951
-0.071553
-0.032586
-0.002021
0.151135
0.090144
-0.167821
-0.013954
0.097154
0.051110
0.009670
-0.118991
0.026431
0.147868
-0.059298
-0.097806
-0.038061
0.136554
-0.125506
0.197919
0.003662
-0.091524
-0.023256
-0.019850
0.013383
-0.035904
0.072716
0.120957
-0.118158
-0.102734
-0.085974
-0.017891
0.068395
-0.017537
0.044633
0.109422
-0.025953
0.135492
-0.044129
0.104709
-0.031533
0.227275
-0.065587
-0.097025
0.157909
-0.058106
-0.119095
0.030241
0.105447
0.053525
0.089654
-0.095044
-0.151735
0.194460
-0.231981
-0.001207
0.060794
0.051072
0.101780
-0.107870
0.104835
-0.066582
-0.132187
-0.149698
0.121379
0.215387
0.068069
-0.051901
-0.027723
-0.094978
0.016752
-0.093058
0.254463
0.062142
0.093772
0.113535
0.110327
0.014797
0.048560
-0.017330
0.075022
-0.054175
-0.011129
0.149701
0.089981
-0.045025
-0.046324
-0.040460
-0.088295
-0.076001
0.121158
0.029854
-0.029067
-0.104093
0.138351
0.020462
-0.062721
0.047890
-0.127374
-0.026096
0.000119
-0.133504
0.108095
-0.121291
0.026675
0.036902
0.175567
-0.085963
0.234933
0.058187
0.037626
-0.004503
0.194254
0.129071
-0.148646
-0.101682
0.056482
-0.074092
-0.123503
-0.051590
0.133179
-0.012423
-0.117169
0.033590
-0.061751
0.016732
0.130990
-0.143762
0.030740
0.015468
0.097304
-0.024885
0.011486
-0.117787
0.078579
-0.011009
-0.062406
-0.003796
0.112741
0.049646
0.025036
0.021343
0.015958
0.148542
0.081178
0.009545
0.085634
0.079732
-0.122819
0.099900
-0.009964
-0.237494
0.079390
0.036099
0.023638
-0.045099
0.348929
-0.007269
-0.002357
0.174651
0.050025
0.038046
0.127862
0.066990
-0.120920
0.110865
-0.179796
-0.039177
-0.094083
-0.067192
0.015417
-0.016773
-0.141689
-0.059303
0.010346
0.020309
0.027859
-0.041184
-0.038793
-0.017470
-0.129620
-0.032436
0.161161
-0.085689
-0.039434
-0.017284
0.028660
0.050292
0.358161
0.055694
-0.032528
-0.029418
0.142939
-0.067186
-0.135140
0.090016
0.099071
-0.044095
0.246256
-0.076610
-0.212536
-0.099993
-0.050802
-0.073738
0.073594
-0.027708
0.062985
0.072915
-0.201653
0.041294
0.037632
-0.062183
-0.038057
-0.217704
0.015636
0.056421
-0.197878
0.058581
-0.019044
-0.144835
0.161324
-0.048397
0.157027
-0.127132
0.001118
-0.122193
0.050367
-0.006644
0.045574
0.109298
-0.002459
-0.008529
-0.107481
-0.259744
-0.173695
-0.113091
0.029054
0.117633
-0.114255
-0.011673
0.079840
-0.059426
-0.032993
0.084329
-0.044257
0.004731
0.008141
-0.149283
0.008108
-0.074066
-0.122086
0.062734
0.018849
0.009028
-0.024746
0.037340
0.109812
-0.074513
0.002235
-0.161451
-0.027989
-0.099404
0.058246
0.117195
-0.082022
0.114356
0.008678
0.147264
-0.019554
-0.001196
0.065336
-0.057532
0.149145
0.002759
0.043964
0.057374
-0.080938
0.122064
0.126628
-0.043437
-0.101646
0.064039
0.033266
0.078968
-0.176806
0.001656
0.008451
-0.071965
-0.006990
-0.042608
0.115129
0.085584
-0.035863
-0.183419
-0.074914
0.018553
0.227973
-0.059378
-0.285399
0.113265
-0.103463
-0.138826
-0.072377
0.045285
-0.015931
-0.026304
0.054078
0.016581
0.032829
0.079770
0.007784
0.055801
0.100607
-0.021158
-0.023169
0.092986
0.117154
0.052288
-0.094839
-0.062574
-0.036128
0.041925
-0.109466
-0.088777
0.068468
0.007250
-0.059038
0.107106
0.119495
-0.040192
0.095541
-0.229969
-0.018552
-0.156124
0.156299
0.025442
0.089149
0.031887
0.001738
-0.010604
0.000913
-0.075365
0.163707
0.045898
-0.131028
-0.162424
0.121703
-0.069295
0.053018
0.082263
0.242137
0.055213
-0.051960
0.050794
-0.133573
0.152574
-0.006294
0.053859
-0.028609
-0.083203
-0.014503
0.078495
-0.145305
-0.097338
-0.116726
-0.024706
-0.066894
0.103373
0.096872
0.031378
0.134952
0.050620
-0.033902
-0.153433
0.043524
0.058095
-0.091674
0.082567
0.165937
0.067823
-0.087286
0.045609
0.041159
0.003381
0.139463
-0.004082
-0.018326
0.028225
-0.076652
0.012283
0.022412
-0.136220
-0.052575
-0.029688
-0.033736
-0.153064
0.052180
-0.100607
0.082310
-0.036599
0.035082
0.017620
-0.002992
0.111927
-0.011030
0.083812
-0.037893
-0.060756
0.210252
0.038649
-0.087056
-0.074457
-0.054101
0.041462
-0.043985
-0.090607
-0.084904
-0.100281
0.013858
-0.109920
-0.037567
0.070177
-0.008600
0.086365
0.019341
0.093501
-0.018185
0.174419
0.137598
0.137395
0.023744
-0.117511
-0.003134
0.109005
-0.034685
-0.113184
-0.094664
-0.094832
-0.010187
0.050845
-0.027901
-0.083843
-0.218771
0.058950
-0.159169
-0.217072
-0.188062
0.011261
0.072993
-0.013194
0.186765
0.014336
0.045085
0.044527
-0.155802
0.120614
0.096803
-0.103052
0.007584
0.147278
-0.081426
0.061846
0.002604
0.186260
-0.050417
0.176554
-0.070090
0.002755
0.071669
-0.096216
-0.097942
-0.144306
-0.056585
-0.153672
-0.012573
0.174463
0.009632
-0.155957
0.078138
0.060164
0.032206
-0.030283
0.100645
-0.169720
-0.031291
-0.219212
-0.024538
-0.080074
0.065120
0.119196
0.038165
-0.022059
0.172096
0.022731
0.070195
-0.058556
-0.035914
0.118863
0.172921
0.073664
-0.042785
0.019345
0.003573
0.039140
0.006935
0.000078
0.100494
0.094982
-0.031975
-0.137976
-0.055924
-0.015818
-0.186641
-0.060210
-0.031632
0.138498
-0.011002
-0.045197
0.027075
-0.111770
-0.037230
0.080449
0.191504
-0.138973
-0.141855
-0.072044
0.051964
-0.166658
0.076892
0.137914
-0.233670
-0.124514
-0.129168
-0.014361
-0.028184
-0.026090
-0.127906
-0.024625
0.007179
-0.125061
0.044807
0.063165
0.150822
0.052673
0.004588
-0.111776
0.085936
-0.207137
-0.162696
0.130800
-0.047774
0.151605
-0.215886
-0.068318
0.099957
-0.073707
-0.077905
-0.176553
0.204930
0.005158
0.002378
0.088117
0.051190
0.012172
0.099489
-0.025806
-0.034305
-0.052882
-0.049753
-0.083951
0.031400
0.087761
-0.109233
-0.001423
0.122821
0.107567
-0.022115
-0.189208
-0.050849
-0.082331
-0.105149
0.037496
-0.026799
-0.172677
-0.070931
0.052244
0.043514
-0.164469
-0.160188
0.014543
0.284672
-0.058735
0.038512
0.041808
-0.203148
-0.150509
-0.047825
0.008804
-0.008646
-0.117044
-0.064295
0.104521
0.075612
-0.185840
0.024487
-0.057781
0.005609
0.076901
0.077906
0.142836
-0.015062
-0.048063
-0.168364
-0.156366
-0.004633
0.031572
0.022759
-0.123552
0.231490
-0.025095
-0.108775
0.093023
-0.064943
-0.144881
0.040643
0.007464
0.079924
0.156560
-0.002367
-0.047452
-0.183627
0.190632
0.024672
-0.005327
0.213272
-0.062753
0.287224
0.043226
-0.044539
-0.226613
0.088598
0.198787
0.035826
0.026224
-0.052153
-0.056480
-0.006969
0.091255
0.150010
0.051669
-0.074588
0.104887
0.017019
0.294445
-0.177246
-0.017087
-0.146962
-0.130516
-0.129658
-0.031198
-0.041276
0.001556
0.073864
-0.186981
0.026683
0.017999
0.014830
-0.034561
0.189533
-0.112695
-0.031335
0.026667
0.120920
0.095022
-0.008482
-0.026455
0.017482
-0.029451
0.073587
-0.053164
0.011511
-0.195490
0.038201
0.184182
0.030755
0.016605
-0.305811
0.063441
0.051119
0.124664
0.125264
0.114994
-0.017268
-0.085473
-0.114273
-0.219469
-0.028735
-0.058070
0.006746
0.217237
0.031601
0.017745
0.023235
-0.071515
-0.032422
0.115233
0.001851
0.164930
-0.237182
-0.005146
0.026831
0.116734
-0.046952
-0.022360
0.118232
-0.164096
-0.081430
0.079183
-0.064029
-0.093796
0.142112
0.030585
0.026363
0.022407
-0.285711
-0.056284
-0.176650
-0.030765
-0.135849
0.101351
-0.070009
-0.072673
0.107974
-0.155596
-0.001733
0.047492
0.068498
-0.072524
0.112590
0.013749
-0.202978
0.204219
0.060293
0.082770
0.098661
0.021304
0.071086
-0.012920
-0.021720
0.005235
-0.056773
-0.075379
0.006980
0.033205
-0.009285
0.024760
-0.148120
0.140420
-0.043135
0.108882
-0.097400
-0.117011
-0.083516
-0.022929
0.098883
0.065717
-0.195130
-0.094698
-0.134614
0.112701
-0.115561
0.041263
-0.075095
0.025119
-0.206570
0.131447
0.034696
-0.029382
-0.005327
0.106162
0.060354
0.210900
-0.131268
-0.133751
-0.098304
0.052173
0.004636
0.156216
-0.076362
-0.159756
0.021534
0.057847
-0.092436
0.161643
-0.026568
-0.014529
0.063561
0.084693
-0.018935
0.089754
-0.047289
0.030678
0.101854
-0.071881
-0.011290
0.031865
-0.163489
-0.065118
0.163903
-0.208547
-0.037412
-0.002148
0.021246
0.066846
-0.027796
-0.137230
-0.000538
-0.120870
0.123119
0.056919
0.002936
0.043764
0.014227
-0.036979
0.207162
0.026298
0.043854
-0.003616
-0.041846
0.083281
0.030256
0.019392
-0.008627
-0.033899
0.153659
0.064772
-0.128001
-0.095653
-0.047929
-0.071544
-0.022012
-0.093559
0.004355
-0.044536
0.049909
-0.057919
0.144866
0.162374
0.071248
0.028379
-0.150000
-0.086768
-0.027615
-0.005216
0.062646
-0.039425
-0.051675
-0.020883
0.078780
0.005853
-0.041384
-0.111590
0.045173
-0.073050
-0.016780
0.032194
0.021935
-0.198867
-0.068397
-0.111507
0.058607
-0.104916
-0.045107
0.218007
0.129013
-0.052894
0.046921
-0.008276
-0.089556
-0.006815
-0.065156
0.064859
0.018704
-0.018402
-0.008606
-0.090543
-0.017308
-0.103759
-0.109572
-0.073093
0.097318
0.036473
0.068949
0.189252
-0.022467
-0.084295
-0.270696
0.031783
0.078394
0.049055
0.340395
0.027958
0.122300
-0.038078
0.125947
0.126909
0.014681
0.061944
0.159861
-0.013007
0.036325
0.111330
0.232853
0.027220
0.004861
0.019731
-0.140766
-0.094078
0.021306
-0.062233
-0.004739
0.188556
-0.008649
0.062136
-0.131937
-0.027543
0.011725
-0.186455
-0.000868
-0.048972
0.045269
-0.074939
-0.109662
0.109702
-0.050945
-0.043902
0.171281
-0.167675
-0.112257
0.084280
0.130069
0.038536
-0.012111
-0.263407
-0.043929
-0.260808
-0.162480
-0.021905
0.019129
0.046168
-0.070245
0.038905
0.114353
0.020347
0.041788
-0.028714
-0.053335
0.106409
0.106729
0.065452
0.134961
-0.011754
0.090688
0.040345
0.175207
0.104394
-0.070674
0.079685
-0.113627
0.155304
-0.035906
0.066436
-0.087001
-0.022056
-0.176553
0.011024
-0.014455
-0.097788
0.062040
-0.199835
-0.069890
0.008953
-0.087826
-0.007228
-0.060898
0.146170
-0.080122
0.209022
0.100558
-0.048021
-0.034806
0.026923
0.132927
-0.110639
-0.205653
-0.116263
-0.045468
-0.066120
-0.154603
0.051584
-0.130776
0.079785
-0.082202
-0.082469
-0.060684
0.014639
0.077557
0.146426
-0.197123
-0.042346
-0.022459
-0.067512
-0.045507
-0.124182
0.125133
0.242085
0.042569
0.007327
0.002673
0.050243
0.030711
-0.005944
-0.011811
-0.022182
-0.037783
0.145028
-0.273638
-0.039579
-0.021710
-0.037198
0.071526
0.196148
-0.000859
0.175145
-0.159654
0.074272
-0.013936
0.056545
-0.070302
-0.047889
-0.007656
0.113856
0.002245
-0.164388
-0.050403
0.008266
0.033290
0.080674
0.012367
0.097981
0.015023
0.163115
0.200188
-0.079020
-0.134335
-0.127573
-0.074960
0.072146
-0.110599
0.064069
-0.052670
0.048082
0.082645
-0.089493
-0.064628
0.073022
-0.055618
0.049045
0.030568
-0.010567
0.048960
-0.015931
-0.128448
-0.105142
-0.074350
0.055996
-0.236364
-0.020587
-0.122707
0.118365
-0.080518
0.059610
-0.113438
0.089361
-0.006595
-0.083993
0.029241
-0.078478
0.060656
0.001084
0.098655
-0.026379
-0.018217
-0.065023
0.015578
-0.187505
0.163358
-0.013371
-0.072107
-0.075208
-0.246994
0.165601
-0.230205
-0.131024
-0.162721
0.059816
0.094940
-0.045031
-0.025387
-0.133285
-0.120113
-0.184468
0.117753
0.035598
-0.102907
-0.154600
0.116712
-0.079806
-0.117072
0.141332
0.004734
-0.063773
0.129446
0.067856
0.064726
0.031601
0.147231
0.233897
0.010612
-0.116482
0.051660
-0.005611
0.016871
-0.213563
0.115073
-0.019562
-0.036023
-0.030869
0.017107
0.253054
-0.010997
0.096843
0.033362
-0.236549
-0.105903
-0.120714
0.087757
0.129963
-0.179377
-0.019996
-0.062263
-0.174259
-0.064215
0.041520
-0.029062
0.142678
0.008759
-0.005560
0.024340
0.017655
-0.030294
0.097356
-0.084896
0.068196
-0.282758
0.139903
-0.210144
0.154218
-0.067789
-0.113796
0.000017
-0.002003
0.097942
0.098885
0.037379
-0.068719
-0.054129
-0.129999
0.023154
0.097902
-0.097357
-0.073326
0.075467
0.125825
0.169657
0.141270
0.043740
-0.112846
-0.099379
0.305795
0.232652
0.085904
-0.020562
-0.168616
-0.101413
-0.096233
-0.109823
0.005747
-0.049587
0.102974
-0.024151
0.057624
-0.035624
-0.099824
0.127891
0.046757
0.010104
-0.118703
-0.121154
-0.070309
0.325986
-0.032636
0.008958
-0.104778
-0.130265
0.100740
0.048665
0.049569
-0.029413
-0.049732
-0.071903
-0.002889
-0.067062
0.103377
0.081893
-0.086071
0.032352
-0.053504
-0.006869
0.026906
0.039380
-0.136031
-0.157012
0.100009
-0.126249
0.122946
-0.028798
-0.016087
-0.052975
-0.004277
0.016186
0.084469
-0.041464
-0.184888
-0.092653
0.199772
-0.113834
0.209745
-0.113222
-0.072892
-0.077531
0.032285
-0.008391
-0.165379
0.109212
0.033033
-0.073690
-0.164386
0.055516
0.072379
0.048723
-0.012606
0.157206
0.142456
0.049169
0.086827
0.135383
-0.047954
0.006039
0.047853
-0.018131
0.100358
-0.098035
0.109171
-0.076293
0.223425
0.231161
-0.108706
0.047339
0.092200
0.055335
0.004144
0.143071
-0.161975
-0.206228
0.014094
-0.082918
0.098910
-0.140953
-0.094835
-0.208976
0.035537
0.112810
0.013296
0.025288
-0.124303
-0.047822
0.031284
0.070046
-0.061163
-0.065794
0.136869
0.113114
0.146866
-0.094127
-0.084321
-0.056844
-0.043300
0.122833
-0.071638
0.078750
-0.136048
-0.035926
0.073885
0.009503
0.009720
0.106961
-0.088342
-0.147571
0.030570
0.050552
0.026970
-0.004515
-0.068223
-0.077656
-0.194939
0.034689
0.012111
0.036255
0.072586
-0.088402
-0.157919
-0.020863
-0.029401
-0.002960
-0.071633
-0.101889
0.054401
0.108104
-0.007978
-0.063676
-0.115310
0.013644
0.015207
0.030638
-0.052549
0.020248
0.128233
0.151343
-0.026699
-0.049847
0.033769
-0.120942
-0.028296
0.138921
0.029956
0.040900
-0.011850
-0.128326
0.002448
-0.089577
0.052029
0.056645
0.048738
-0.057448
0.147044
-0.069025
0.241677
-0.101033
0.043780
-0.218697
-0.004328
-0.027964
0.110817
0.042699
-0.046795
0.119079
0.099896
-0.082572
-0.046911
0.023866
0.108943
-0.103372
-0.013719
-0.095529
-0.000433
0.084846
0.102998
0.035504
0.024196
-0.230095
-0.083937
0.072342
0.143863
-0.080897
0.107602
-0.174512
0.092094
0.061637
-0.017280
0.140349
-0.231368
0.199861
0.187783
0.038660
0.085166
-0.066457
0.006668
0.020680
-0.071772
-0.051899
-0.094968
0.041862
0.007388
0.034652
0.088744
-0.089030
-0.062253
-0.243726
-0.066361
-0.113642
0.012473
-0.013406
-0.130418
0.197373
0.033252
-0.066151
0.033784
0.045407
0.000374
0.003746
0.027567
-0.068307
-0.003608
-0.107873
0.131014
0.030782
-0.115774
0.038683
0.063068
-0.031890
0.174042
0.045140
0.078904
-0.159321
0.118565
0.062128
-0.033903
-0.052854
-0.072549
0.172789
-0.228244
-0.008665
0.121321
0.107271
-0.043636
0.065572
0.090197
0.004475
0.144951
0.090209
0.036538
-0.025291
-0.061060
-0.148178
0.101306
0.075747
0.032935
0.035293
0.081369
-0.110990
0.053625
0.088133
0.153212
0.046192
0.069421
-0.127013
-0.099085
-0.115338
0.180284
-0.048086
-0.168615
0.135415
0.054188
-0.014779
0.061202
0.176009
0.043986
-0.226585
0.041566
0.040673
-0.100552
-0.159945
-0.053474
0.037570
0.076091
-0.074832
-0.106330
-0.000240
0.157954
-0.062121
0.113559
0.011328
0.050302
-0.018137
-0.082992
-0.042161
-0.105821
0.010239
0.090633
-0.124260
0.035297
0.079154
-0.194079
-0.070973
0.173318
0.094652
-0.093295
-0.008483
0.004645
0.057436
0.026502
0.017726
-0.112893
-0.035353
0.065607
0.099855
0.051290
0.116993
-0.143727
0.021472
0.087214
-0.166291
0.094787
0.020542
-0.080496
-0.024105
0.062814
0.063709
0.080986
0.132248
-0.071439
0.064681
0.110898
-0.005659
-0.024345
0.157471
0.010087
-0.008596
0.112509
-0.150509
-0.093973
0.004051
0.018615
0.034972
0.047174
-0.064344
0.113049
0.027095
-0.133105
-0.113237
0.124017
0.172217
-0.092499
-0.197763
0.012850
0.037704
0.140272
-0.076330
0.031517
-0.091089
0.154251
0.006512
0.166617
-0.006536
-0.058832
-0.070548
0.099764
-0.078850
0.130634
0.043951
-0.002754
0.287509
-0.127360
0.074265
0.129317
0.019893
0.146305
0.006817
0.067900
-0.050761
0.027296
0.190536
-0.074186
0.019551
0.108101
-0.196604
-0.035513
-0.086179
0.181185
0.026762
-0.097304
0.060359
0.143576
0.059190
0.036249
-0.032190
0.026443
-0.031574
0.084599
0.057262
-0.113371
0.051688
0.144947
-0.051290
0.010236
-0.234721
-0.035224
0.108918
0.134719
0.078907
0.087571
-0.029410
0.148474
0.052063
-0.086039
0.128939
0.059528
-0.042088
0.221111
-0.086803
-0.059573
0.109005
-0.108955
0.102131
-0.056337
0.014745
0.113650
-0.294335
-0.104544
-0.118521
0.022779
-0.137623
0.044558
0.289487
0.049712
0.040243
0.037590
-0.060251
0.047995
0.002083
-0.046783
-0.098209
0.079267
0.069844
-0.066252
-0.129351
0.174675
0.003543
0.093094
0.016489
0.011286
0.047787
0.059531
-0.298954
0.020650
-0.059729
0.035104
0.071204
-0.114716
-0.258787
0.093019
0.001231
-0.024062
0.127174
0.049270
0.043650
0.090811
0.158364
-0.018964
0.027241
0.201191
-0.099409
0.122164
-0.005770
-0.009321
0.241097
0.239202
0.210204
-0.003991
0.017102
-0.063955
0.097811
-0.042800
0.048083
-0.012661
0.035473
0.006626
0.087299
0.053038
0.206208
-0.005732
-0.064903
-0.033779
-0.056810
0.113615
-0.055963
0.164377
0.119934
0.160708
-0.143621
-0.092555
-0.064985
-0.076324
-0.063908
0.039950
-0.085461
0.138217
0.039911
-0.019508
0.223832
0.065931
0.063633
-0.119702
-0.131659
-0.100936
0.038600
0.276659
-0.069534
0.102988
0.090712
-0.072119
0.045122
0.074493
0.008137
0.054737
-0.022418
0.057301
0.055786
0.069698
0.070328
0.267657
0.217397
-0.006325
0.023326
0.183957
0.029613
0.049895
-0.038023
-0.110043
-0.019633
0.117066
-0.007392
-0.020933
0.336128
-0.015244
0.069754
0.121235
0.051216
-0.160982
-0.044723
-0.204730
-0.023634
-0.074368
0.013162
-0.018034
-0.017489
0.114729
0.036186
-0.099356
-0.039979
0.091350
-0.038491
0.064988
0.121328
-0.188803
0.040288
-0.138247
-0.036413
-0.038309
0.030124
0.021138
0.005253
0.017730
0.022870
-0.200014
0.078380
0.042154
-0.130148
-0.049236
-0.125677
0.046847
-0.095030
-0.108191
0.169529
0.046427
0.027926
0.177255
-0.040148
0.015294
-0.150546
0.173460
-0.061265
0.047299
0.044634
0.007929
-0.236233
-0.014476
-0.045014
0.098356
0.010561
0.066772
-0.040812
-0.063798
0.122668
-0.072869
-0.105379
-0.204414
0.305135
0.116082
-0.051090
0.229151
0.095004
0.040075
0.079787
0.003049
-0.048343
-0.081864
-0.064592
0.009522
-0.094907
0.033300
-0.216237
-0.128351
-0.108713
-0.066026
0.040214
0.033648
-0.017623
0.067292
0.183577
0.051561
-0.135288
0.039546
-0.032851
0.065582
0.050711
-0.054489
-0.071178
-0.211809
-0.142545
0.087322
0.063191
0.095892
0.132243
-0.125391
0.034007
0.057262
-0.070838
-0.050656
0.083278
-0.035527
-0.035179
-0.045725
0.000719
0.030992
0.057206
0.133391
0.041479
-0.160257
0.134076
-0.041928
-0.009572
0.129075
-0.105540
0.000694
0.053326
0.050350
-0.061905
0.066497
-0.110924
0.133377
0.089756
0.088950
0.071849
0.118004
0.013268
-0.070764
-0.045577
0.067556
0.130159
-0.076632
0.074840
0.050083
0.229099
0.164097
-0.073544
-0.026904
0.125034
0.235262
-0.045469
-0.058604
-0.012118
-0.174416
0.020819
-0.038170
-0.002372
-0.097600
-0.188812
0.012346
0.034332
0.112581
0.173504
0.136377
0.064451
-0.166897
-0.014043
0.162774
0.018719
-0.113535
0.066381
-0.066113
0.052878
-0.093462
-0.065078
-0.028620
-0.003305
0.086413
-0.044772
-0.174403
0.179264
-0.179509
0.064066
0.181036
-0.036659
0.052015
0.091321
-0.163083
-0.166773
0.108361
0.095509
-0.087776
-0.144969
0.077915
-0.155099
0.033943
-0.187369
0.116956
-0.045670
0.240019
-0.153899
-0.152132
-0.119643
0.101957
0.031028
-0.104483
0.154222
-0.031278
0.119981
-0.136823
0.061930
-0.082984
-0.067096
0.030906
-0.018881
-0.148289
-0.055532
0.136338
-0.075336
0.064054
0.009110
0.040675
0.011260
-0.025523
-0.070353
0.102181
-0.016998
0.188386
-0.063346
0.177073
0.032679
-0.169347
0.130828
-0.117241
0.064666
-0.045015
-0.028326
0.048018
0.057888
0.097649
0.095450
-0.033592
-0.088048
0.058519
0.047868
0.029255
-0.077051
-0.046370
0.014813
0.090988
0.187781
0.007181
0.047011
0.082473
-0.025999
0.073691
-0.033712
-0.042344
-0.049233
-0.077796
0.011420
-0.026342
-0.003320
-0.133319
0.090782
0.059281
-0.101347
-0.095420
-0.016203
0.114200
0.045208
0.025017
-0.019717
-0.119592
-0.217539
-0.179459
0.027289
0.022643
-0.080466
-0.062334
-0.070478
0.128643
-0.121278
0.201983
-0.160653
-0.049931
0.053806
-0.041799
-0.005000
-0.134887
0.096674
-0.042264
0.253349
-0.048972
0.199755
-0.203292
0.104775
0.100441
-0.191582
0.013751
-0.020724
-0.088495
-0.065816
0.091819
-0.002969
-0.038071
0.013715
-0.001066
-0.083839
-0.056127
0.079006
-0.170052
-0.048657
0.047878
0.018737
-0.061543
-0.272460
0.158949
0.047977
-0.034622
0.040677
0.148989
0.089177
-0.089226
-0.057242
0.068908
-0.015511
0.100062
0.005887
0.092635
-0.026480
-0.172964
0.045295
-0.017084
-0.029810
-0.198271
-0.013797
-0.027802
0.056576
0.207533
0.057492
-0.208678
0.010557
0.126340
-0.079631
0.118125
0.093518
0.161334
0.054593
0.012390
-0.041077
0.005655
0.003622
-0.022881
0.158907
-0.088273
0.016969
-0.035614
-0.050042
0.010674
-0.189730
-0.130005
0.102339
0.118776
0.017913
0.030508
0.026817
-0.000777
-0.028716
0.117747
0.077421
-0.162758
0.154979
-0.013295
0.023968
-0.122001
-0.076397
0.001784
-0.025023
-0.007576
-0.044303
0.013733
-0.048005
-0.036468
0.018541
0.066982
0.008617
-0.144440
0.133936
-0.004326
0.004453
0.017985
-0.019984
0.080362
-0.131778
-0.056026
-0.101277
0.114580
-0.029825
-0.010615
0.107879
0.174054
0.122109
-0.032583
0.030257
-0.037059
-0.069843
0.021798
-0.241766
0.006700
0.008719
0.055472
0.058907
-0.078817
0.136593
0.003676
-0.037244
-0.005642
0.033687
-0.274600
-0.078222
0.055888
0.125993
-0.124887
-0.040742
-0.006195
-0.212453
-0.013719
0.126781
0.043719
-0.020124
-0.044524
-0.049028
0.064744
0.019877
-0.113529
-0.006598
-0.047634
0.041822
-0.092728
-0.176132
0.064597
0.008484
0.037235
0.123237
0.018324
-0.009911
-0.074338
-0.021611
-0.109241
-0.009619
0.010986
0.040283
-0.017408
0.055484
0.016703
-0.012575
-0.007911
-0.029119
0.051632
-0.121668
0.061025
-0.124305
-0.005775
-0.114609
-0.080408
0.125900
0.075242
-0.133481
-0.013363
-0.076172
0.025944
-0.155712
-0.019130
-0.095198
0.211357
-0.005387
-0.028305
-0.119502
-0.079288
0.149836
-0.010043
0.064067
-0.011955
-0.040142
-0.108160
0.146530
0.067721
-0.011840
-0.071692
-0.010197
0.049881
0.037352
0.225107
-0.228673
0.208042
-0.102633
-0.058985
-0.137590
0.050055
0.068006
-0.043507
0.091448
0.017716
-0.200993
0.028237
0.001858
-0.112675
-0.026435
-0.043516
0.085345
-0.079325
0.052565
0.118257
0.407534
-0.103185
0.216242
0.149366
-0.082435
-0.042487
0.103902
-0.019698
-0.217722
-0.186672
-0.157278
-0.128112
0.075969
0.007194
-0.060030
0.065337
0.074590
0.101543
0.094097
-0.014522
-0.221226
-0.025696
-0.051617
-0.138760
0.053234
-0.169320
0.047744
0.286580
0.208898
-0.075092
0.034373
0.052183
-0.014832
-0.031140
0.136798
0.135084
-0.169175
0.031458
0.017178
0.146376
0.008858
-0.077433
0.104555
-0.169348
0.000876
0.022357
-0.052651
0.078469
0.077355
0.032911
0.077531
-0.122067
0.071543
0.069876
0.115540
-0.004869
0.018110
-0.084693
0.069298
-0.143769
0.059310
0.054789
-0.050341
0.213665
-0.083796
-0.056617
0.017416
0.157909
-0.039449
-0.097761
0.090997
0.043826
0.050509
-0.073551
0.244580
-0.085906
0.041654
0.123443
0.039631
-0.073489
0.158140
0.177629
-0.084027
-0.026889
-0.115305
0.156189
0.027449
0.027353
0.113357
-0.083933
0.024907
0.003389
0.278378
0.125444
0.001506
0.114019
0.000666
0.003742
0.046759
-0.277944
0.189147
0.113434
0.066941
0.096214
-0.081083
0.121317
-0.046875
0.088841
0.019332
-0.076523
-0.079696
0.031078
-0.169841
0.058041
-0.088494
0.009885
0.128406
-0.112209
0.017422
-0.130533
-0.049880
-0.122005
0.092726
0.005689
-0.052089
-0.018581
-0.092876
-0.002836
-0.050280
-0.201213
0.159014
0.053815
0.063242
-0.070258
0.098181
-0.153012
0.126355
-0.140267
-0.060910
0.009772
-0.030178
-0.164359
-0.030167
-0.098230
-0.169299
0.047330
-0.080194
-0.213122
-0.052339
-0.007917
0.002021
-0.103006
-0.258091
-0.144819
0.021602
0.082256
-0.107976
0.113911
0.048790
-0.055197
-0.054914
-0.285852
-0.050926
-0.031243
0.053492
-0.036532
-0.081681
0.029577
0.064111
0.090407
-0.090684
-0.060954
0.061167
-0.099446
0.007641
0.053245
0.062302
0.005358
0.055880
-0.063607
0.093271
-0.168500
-0.007496
0.017039
0.071706
-0.087452
-0.130364
0.032507
0.094248
0.037299
-0.057457
0.108849
0.023288
-0.066165
0.006803
-0.028262
-0.030721
0.048260
-0.161348
0.000005
0.026906
-0.102250
0.118072
-0.131365
-0.046217
-0.070540
0.041357
-0.004385
-0.016292
-0.168558
-0.043802
0.066846
0.002236
0.019732
-0.033886
0.051844
-0.087020
-0.079615
-0.005240
0.012540
-0.135251
-0.047689
-0.045113
0.015215
-0.000853
0.184646
-0.037019
-0.048658
-0.186563
0.175683
-0.098884
0.001425
0.045915
-0.074317
0.029694
-0.013329
-0.115837
-0.094019
0.021943
-0.023406
-0.162936
-0.059258
-0.014824
-0.071906
-0.022268
0.100809
-0.106694
-0.024485
0.140921
0.132224
-0.036041
-0.071687
0.013306
0.078855
-0.133988
0.043168
0.152538
-0.049699
-0.064327
-0.020686
0.025835
0.220008
0.020628
-0.008180
0.048824
-0.150961
-0.010868
0.010502
-0.120803
-0.112981
-0.020278
0.081799
0.084136
-0.242862
0.104806
-0.005542
-0.114837
0.063369
-0.127640
0.003026
-0.027115
-0.087267
0.105389
0.036014
-0.101747
0.169002
-0.133282
-0.149947
0.170621
0.064639
0.093492
0.005461
-0.014530
-0.110534
0.012185
0.048217
-0.010629
-0.104745
-0.037142
0.045591
0.142461
0.102276
0.085529
0.062548
-0.069804
0.138703
-0.082810
-0.030331
0.121049
0.060705
0.185971
0.157236
0.050278
-0.010912
0.090891
-0.017834
0.124937
0.001864
0.058913
0.151900
-0.104248
0.048797
-0.071340
0.012197
0.003153
0.030878
0.092489
0.104235
-0.083254
0.171356
0.059310
0.080352
-0.047734
0.040339
-0.001516
-0.078729
0.013913
0.053533
-0.110709
-0.006361
-0.034310
-0.241555
-0.074261
0.100207
0.012403
-0.028018
-0.105228
-0.065177
0.078914
-0.094673
0.086149
0.095398
-0.131968
-0.035468
-0.187635
0.011485
-0.048817
0.133765
-0.188431
0.136714
-0.053621
0.063982
-0.005020
-0.085812
-0.046608
-0.127860
0.075538
-0.211763
-0.144203
-0.001657
0.028568
0.047078
0.035386
-0.146900
0.011623
-0.083603
0.152001
-0.057006
0.081942
0.101327
0.025450
0.102400
0.007804
0.014619
-0.120819
0.029970
0.008740
-0.018251
0.029629
0.058655
-0.008793
0.081726
0.118940
-0.032477
0.018824
0.075562
0.132698
0.044808
-0.039836
0.068331
-0.016193
0.057366
-0.039861
-0.166200
0.020037
0.141581
-0.227870
0.008836
0.177274
-0.068384
0.070276
0.039757
0.127411
-0.014343
0.192792
-0.080726
0.086275
0.205684
0.110816
0.170967
0.123230
0.042391
0.122768
0.113364
0.057219
-0.171567
0.048399
-0.043916
-0.118635
-0.095380
-0.152308
0.116698
-0.318736
-0.050860
0.205982
0.032644
-0.027854
-0.013486
0.047189
0.170572
0.135798
0.110186
0.107414
0.147019
0.001470
-0.166472
-0.060342
0.049480
-0.000729
0.024676
-0.014457
0.019028
0.170448
-0.131680
-0.244220
-0.035283
0.013404
0.009759
0.028783
-0.178025
0.001518
-0.079506
-0.130836
0.107765
-0.053280
0.008277
-0.078225
-0.017417
-0.131269
0.239261
-0.016898
-0.073014
-0.017318
-0.066103
0.029638
-0.161641
0.217015
-0.049929
0.121894
0.091525
0.011423
0.091589
-0.069254
-0.019955
0.046373
-0.100482
0.042287
0.025251
0.139538
-0.127240
-0.168939
-0.003192
-0.239636
-0.029014
-0.092370
-0.050579
0.113644
0.151328
-0.012661
0.084844
0.062063
-0.091844
0.035529
0.009538
0.103383
0.013930
-0.165770
-0.083620
0.041053
-0.065059
0.091919
0.035055
-0.103912
0.174919
0.075522
-0.004408
-0.044571
-0.123445
0.003341
0.050805
-0.103853
0.060860
0.015359
0.052921
-0.037205
-0.021992
-0.223770
-0.020052
0.039178
-0.048820
0.104652
-0.119265
-0.282618
-0.125048
-0.004771
0.097927
0.047968
-0.004381
-0.158238
0.049940
-0.057688
-0.023229
-0.034692
0.036877
-0.128875
-0.031270
0.008259
0.085627
-0.167155
0.084861
0.010238
0.117468
0.025040
0.008631
0.003880
0.003852
0.118919
0.051705
-0.050667
-0.044657
-0.079989
0.092961
0.003071
-0.067456
-0.030819
-0.084399
-0.047397
-0.010367
0.147551
0.047177
0.000055
-0.103283
-0.052779
-0.204123
0.007318
0.082684
-0.023391
-0.164468
0.069405
0.031199
-0.159072
0.058893
-0.071149
0.021884
0.051321
-0.032483
-0.031037
-0.034898
-0.101967
0.172530
-0.062294
-0.078632
0.080528
0.080567
0.050987
0.211056
0.150576
-0.078466
0.134085
-0.017832
0.022236
0.023283
0.009036
-0.078775
-0.112554
0.190081
0.013804
-0.075018
0.106310
-0.065672
-0.084542
-0.007135
-0.132334
-0.091002
0.048754
-0.133360
-0.019842
0.114331
-0.029755
-0.094819
0.018066
0.011584
-0.022672
-0.004986
0.006183
-0.005298
0.000913
-0.113822
-0.191065
-0.012018
0.020327
-0.045082
-0.054019
0.072473
-0.001037
-0.064986
0.070811
-0.028484
-0.126997
-0.106644
0.037559
-0.097861
0.008682
-0.061565
0.103184
-0.167454
-0.086982
-0.011862
-0.079593
-0.056126
-0.010891
0.087304
0.108950
0.002587
0.034578
0.040420
0.021914
0.065496
0.119533
0.051253
0.031973
0.262672
0.000411
0.096264
-0.006881
-0.126271
0.063348
-0.066633
0.022368
0.020040
0.049256
0.085039
0.033105
0.045061
-0.028029
-0.062641
0.095558
-0.008143
-0.118000
0.075217
0.067039
-0.095645
0.025929
-0.051271
0.189810
0.221148
-0.004220
0.030134
0.053476
0.225932
0.029689
-0.032021
-0.018392
0.083362
0.101873
-0.059750
-0.082032
0.018419
-0.093176
0.151628
0.098998
-0.062520
-0.155962
-0.031786
0.155890
-0.081382
-0.024009
-0.187090
-0.229125
-0.091959
-0.085708
-0.005659
-0.024669
0.020432
-0.005658
0.213914
-0.065844
0.149497
-0.000920
0.016374
0.048764
0.202880
-0.077009
0.132835
0.112719
0.122115
-0.269183
0.091206
0.113397
-0.050070
-0.016535
-0.051878
-0.092725
-0.070324
-0.157946
-0.026309
0.012544
-0.258022
-0.129322
0.155725
0.011803
-0.080610
0.002245
-0.028411
0.208170
-0.051308
0.016250
0.040331
0.100421
0.149276
-0.112990
0.129938
0.178353
-0.078555
-0.075044
0.005026
-0.080612
0.016077
0.049153
-0.162949
-0.004870
-0.063231
0.058217
-0.105150
-0.048986
0.077455
-0.028583
0.118640
-0.037499
0.354097
-0.087616
0.072917
-0.082173
0.083373
-0.091638
-0.011335
0.032294
-0.017289
-0.070752
0.030136
-0.010360
-0.040970
0.032713
-0.325204
0.042089
0.002631
-0.015370
-0.088849
-0.028334
0.147280
-0.106663
-0.125649
0.123677
-0.099578
0.080270
0.061823
-0.211418
0.047283
0.172928
-0.050245
-0.163119
-0.048752
-0.054463
-0.141694
-0.107010
-0.068095
0.051912
-0.013463
0.142624
-0.048626
-0.012645
-0.022842
0.043512
0.011454
-0.037316
0.153072
0.024053
-0.214614
0.061072
-0.098266
0.012948
0.069930
0.021823
-0.063891
0.221270
-0.008452
-0.003331
0.154797
0.140567
-0.032032
-0.024079
-0.035585
-0.026431
-0.068297
-0.068345
0.080665
-0.043669
-0.084949
0.103673
0.050265
0.035803
-0.072785
-0.034010
0.044708
0.021302
-0.029182
-0.139833
0.138668
0.065274
-0.034500
-0.102910
0.108005
0.013503
0.094024
-0.032795
0.080032
-0.110890
-0.035162
0.225176
-0.050944
0.073211
0.119799
-0.021630
-0.187613
-0.102089
0.091607
0.011100
-0.143438
0.011666
-0.107721
-0.013816
-0.100419
-0.086071
0.086988
0.110046
0.068951
0.013490
-0.021003
0.023485
0.022235
0.079715
-0.085454
0.082379
-0.161488
-0.169277
-0.056417
-0.082585
-0.139699
-0.124478
0.099253
-0.057617
-0.085894
0.053657
-0.157590
-0.061352
-0.063713
0.242894
-0.009392
0.076162
0.164275
0.105200
-0.049634
0.092030
-0.232042
0.119369
-0.070782
0.153015
-0.071741
0.029195
-0.078554
-0.178124
-0.013379
0.102903
0.053215
0.029987
-0.025837
-0.031292
0.033073
-0.032575
-0.131295
0.002863
-0.114636
-0.052408
0.071123
0.022329
-0.126264
0.065383
-0.001363
-0.019402
-0.114009
0.003302
0.125934
0.080692
-0.263025
0.024448
0.104302
0.074104
-0.247740
-0.082458
0.086905
-0.036147
0.044176
-0.060937
0.157337
-0.059724
0.068079
-0.046131
0.096003
-0.125668
-0.029217
-0.107978
-0.037599
0.094196
-0.044303
0.010930
0.197885
-0.106116
0.073535
0.038432
-0.005612
-0.032931
-0.126197
-0.074175
-0.173895
0.185748
0.088425
0.033612
0.033950
0.066730
-0.067031
0.102050
0.000246
0.110554
-0.043328
0.068110
0.066331
0.043633
-0.033093
0.056725
-0.033584
0.036908
0.018430
0.042073
-0.019196
-0.126291
0.001877
0.009883
0.054469
-0.071768
0.001874
-0.007420
-0.147068
-0.038612
-0.039863
-0.112485
-0.314386
0.046780
-0.248243
-0.028098
0.020110
-0.004080
0.036158
-0.105175
-0.066012
-0.058427
-0.141446
-0.045753
0.165942
0.002242
-0.110626
-0.100506
0.024468
-0.095967
-0.122003
0.165101
-0.100695
-0.055113
0.007351
-0.052363
0.133919
0.036207
0.097117
0.050222
-0.087717
-0.002781
0.013778
0.009415
0.143593
-0.156620
-0.045062
0.038292
0.071212
-0.021840
-0.191384
-0.030041
0.027661
0.018872
-0.049169
0.071718
0.013393
-0.069738
0.000120
-0.020774
-0.010074
-0.108090
0.297184
0.136154
-0.016838
0.012385
-0.012624
-0.117121
0.007340
0.159341
0.050118
0.017340
0.063538
0.042769
-0.088821
-0.060623
0.016285
0.012251
-0.067787
-0.032842
0.043883
0.016789
0.045949
0.135657
-0.002589
-0.077581
0.185938
-0.105570
-0.121227
-0.208147
0.017645
0.107743
0.005720
0.211283
-0.127930
-0.112763
-0.027162
-0.037769
-0.075011
0.178175
0.090201
-0.096060
0.012057
-0.211756
-0.132089
0.065416
0.033678
-0.095758
0.141249
0.042069
-0.082476
0.004246
0.031316
-0.158118
0.126323
0.047046
0.067978
0.080871
0.025095
0.094963
0.012451
-0.064913
-0.134115
0.137705
-0.058337
-0.057634
-0.064481
-0.012405
-0.022573
-0.035621
-0.001398
-0.152081
0.076038
0.091077
0.160430
-0.122600
0.131005
-0.188726
0.015706
-0.066052
0.105331
-0.027353
0.009503
0.008662
0.072293
0.050078
0.002536
0.103719
0.022065
0.022958
-0.064368
-0.027530
0.133281
0.103786
0.085937
-0.038732
0.153419
-0.277247
0.163537
0.269033
0.032644
0.280095
0.109840
0.079051
0.105526
-0.165294
-0.058650
0.047684
0.272679
-0.016069
-0.056720
0.040442
0.114980
0.016724
-0.103981
-0.042258
-0.066803
0.115505
-0.168560
-0.082879
-0.049564
0.074694
-0.112889
0.141470
-0.029136
0.100170
-0.181619
0.006118
0.023090
-0.140819
-0.062907
0.002429
-0.127624
-0.191960
0.075830
0.062094
0.010607
0.110529
-0.222393
0.057907
0.200247
-0.122284
-0.064896
0.220115
-0.086125
0.163689
0.160024
0.072072
0.129936
-0.021363
0.060245
0.066296
-0.025507
-0.187736
-0.020030
0.004357
0.005604
0.041861
0.144211
0.006514
0.006901
0.023390
0.112585
-0.031466
-0.004693
0.011131
-0.007953
-0.170732
0.067049
-0.124843
0.018606
-0.015624
-0.026264
0.170562
-0.038883
-0.005479
-0.079265
-0.075824
-0.168010
-0.069729
-0.118563
0.017415
-0.043789
0.083365
-0.089100
0.029056
0.112677
0.351979
0.101657
0.041846
0.067923
-0.177115
-0.088122
0.036488
0.130002
-0.050288
-0.045056
0.057175
0.026224
0.188490
-0.249873
-0.017998
-0.051015
-0.022317
-0.091577
0.035211
-0.107902
-0.159888
0.088456
-0.108484
0.113560
-0.137647
-0.022655
0.157061
0.059463
-0.000474
-0.102952
0.008151
0.111830
0.003319
0.142592
-0.075076
-0.107552
0.041523
0.100410
-0.145028
-0.060864
-0.065743
-0.110240
0.067589
0.108580
0.010528
-0.078668
0.050600
0.048305
-0.104943
-0.044539
0.281337
-0.089766
-0.100587
0.066207
-0.008217
0.030158
-0.003699
0.027144
-0.008192
0.108435
0.039962
0.003510
-0.046666
0.008284
-0.048999
-0.028238
0.045947
0.277563
0.022427
-0.046221
0.151242
0.158079
-0.010990
-0.142089
-0.126769
0.101605
0.022506
-0.051929
0.075635
0.111140
-0.070700
0.097424
-0.037533
-0.137006
-0.075179
0.081094
0.082313
0.242351
-0.108676
0.115154
-0.034360
0.036803
0.005215
-0.013105
-0.063641
-0.003846
0.106583
-0.175571
0.022698
0.006388
0.016547
-0.274176
-0.069279
-0.011227
0.069995
0.010582
0.180130
0.007669
-0.015524
0.018835
0.174553
-0.083518
0.140695
-0.177616
-0.165539
0.094220
0.061655
-0.057657
-0.007631
-0.109674
-0.004263
0.137310
0.088069
0.077971
-0.037491
0.139957
0.130855
0.092928
0.180974
0.049025
0.133900
0.096984
0.023489
-0.235050
-0.002976
0.022439
0.089550
-0.119554
0.077671
0.089378
-0.072425
0.078192
-0.031435
0.132386
-0.034552
0.021259
-0.047757
0.168577
0.025093
-0.044568
-0.016138
-0.012871
0.110316
0.134655
0.154723
-0.038921
0.145230
0.051656
0.025939
0.024664
0.055120
0.143481
0.136374
0.045420
0.185554
0.123559
-0.066717
0.257675
0.025433
0.016645
0.054405
0.048798
-0.096864
0.177584
0.022256
0.034645
0.033820
-0.071244
0.057575
-0.156568
0.027337
0.153774
-0.001933
0.225868
0.031574
0.061282
-0.006865
-0.096893
0.047569
0.069105
-0.137883
0.097572
0.097134
0.183825
0.080004
0.068993
-0.073070
0.023828
-0.049375
0.090000
-0.187232
-0.092878
0.041954
0.032245
-0.199716
-0.088979
-0.165480
0.031830
0.190773
-0.016112
-0.000324
0.159601
-0.048742
0.145137
0.043980
0.217993
0.060600
-0.242374
-0.006748
-0.009883
0.035611
-0.046805
0.030277
-0.012352
-0.026022
0.025539
0.146207
-0.037792
0.078852
-0.018000
-0.067975
0.227134
0.052338
-0.035095
0.001932
0.048355
0.054420
0.015851
-0.065843
-0.036775
0.070744
-0.121279
0.049958
0.047727
-0.047667
0.070782
0.036246
0.143049
0.086983
0.150792
-0.047028
0.111600
0.018897
-0.049461
-0.010619
-0.062841
-0.034188
-0.011185
0.047324
-0.037412
-0.030541
-0.030128
-0.021798
-0.066524
0.038731
0.064444
0.004476
0.278257
0.022116
-0.063336
0.015417
0.024698
-0.185196
0.093507
-0.134144
0.070589
0.114971
-0.214405
-0.120084
0.277824
0.017668
-0.154644
-0.063529
-0.064577
0.064367
0.161174
0.151053
-0.060150
0.084122
-0.079243
-0.098339
-0.106582
0.023789
0.038951
-0.018984
0.004955
-0.064565
0.087884
-0.110291
-0.086050
0.000751
0.000066
0.038138
0.045131
0.129056
0.016807
-0.032863
-0.085330
-0.084121
0.192450
-0.255083
0.071994
0.084974
0.160000
-0.084590
0.009901
0.102608
-0.020249
0.033670
0.055611
0.017435
-0.028530
0.169735
-0.068052
0.365222
0.056600
-0.039788
-0.120323
-0.026117
0.080471
-0.039138
-0.154172
-0.146390
-0.085836
0.165110
-0.108205
-0.047548
0.065746
-0.024282
-0.035332
0.024479
0.050986
0.031031
0.023846
0.084212
0.098895
0.048821
-0.064689
-0.011783
-0.123788
-0.083383
0.059377
0.060092
-0.013711
-0.012325
-0.045339
0.178605
-0.145578
0.011352
0.145502
0.021184
-0.178155
-0.020983
0.083897
0.013194
0.154777
-0.256794
0.035135
0.157844
-0.150740
-0.000237
0.054519
0.031221
-0.018522
-0.040913
-0.092923
-0.018803
0.158368
0.165175
0.013133
-0.021327
0.027285
0.038527
0.132200
-0.045951
0.170939
-0.190434
-0.012640
-0.041014
0.073011
-0.011672
0.082804
-0.045601
0.029723
0.002345
0.179730
0.033750
-0.044324
-0.040966
-0.144828
-0.018172
0.191778
0.096438
-0.039059
0.069919
-0.045963
-0.091665
-0.015897
-0.146652
0.083321
0.269361
-0.073134
0.163536
-0.137036
-0.103702
-0.071017
-0.051263
0.011914
0.204635
0.052824
-0.127335
-0.084467
-0.008535
-0.019884
-0.003302
0.045967
-0.172888
-0.011106
-0.143076
-0.122108
0.060495
0.002986
0.286595
0.040761
0.011386
0.013242
0.059738
0.285039
0.214074
-0.034885
-0.169459
-0.093376
-0.108601
0.127208
0.101148
-0.110102
-0.039540
0.123339
0.062801
0.029402
-0.028155
-0.098692
0.245719
-0.015740
0.064155
0.048001
0.036664
-0.130422
0.014718
-0.231659
-0.023990
0.143931
0.081398
-0.006037
0.036241
0.037084
0.119412
-0.165401
-0.043896
-0.019175
-0.070789
0.021083
-0.032586
0.020539
-0.118302
0.012469
-0.055314
-0.234115
0.094049
0.045751
-0.108184
0.035814
-0.083202
-0.002296
-0.102063
-0.140147
-0.094694
-0.001168
-0.072274
0.133102
-0.182373
-0.033792
0.062704
0.115849
-0.139015
0.020015
0.116126
0.041731
-0.023544
-0.090201
0.006023
-0.077197
0.161678
0.111626
0.040601
-0.025540
-0.089591
-0.029729
0.069219
-0.039843
-0.088543
0.211898
0.037931
-0.008151
-0.058010
-0.038416
0.170792
-0.186290
-0.051358
0.023512
0.028486
-0.099218
0.061316
-0.072624
0.149254
0.162188
0.158803
0.030062
-0.123089
0.065212
0.058755
-0.155708
0.039487
0.109295
0.117254
-0.012569
0.006772
0.163159
-0.089631
0.080890
-0.031022
-0.113035
-0.125344
0.047796
0.048261
-0.148947
-0.089903
-0.049628
-0.072621
-0.182337
0.005080
-0.072024
0.083379
-0.058551
-0.054863
0.077150
-0.144119
-0.193752
0.131805
-0.005607
0.097351
-0.005558
-0.034349
-0.056738
0.004517
-0.115723
0.035804
0.099004
0.003074
0.015037
-0.033783
0.059248
-0.011981
0.073337
0.081326
0.051209
0.079591
0.189546
-0.003632
-0.018824
-0.044339
0.024287
0.001175
-0.050676
-0.046423
0.047900
0.016564
0.111601
-0.176838
0.042669
-0.050734
-0.030201
0.009596
0.047969
0.014833
-0.070277
0.113412
0.039781
-0.210562
-0.284500
0.050863
-0.067711
0.151943
0.026930
-0.026298
-0.008507
-0.024625
-0.154092
-0.006577
0.026638
0.057473
-0.107824
0.166536
0.196736
-0.115249
-0.004372
0.010380
0.065180
-0.005429
-0.168212
0.015465
0.006477
-0.037969
-0.312072
-0.010062
0.084204
-0.070190
-0.060148
0.094648
0.116547
0.044971
-0.088746
-0.015815
0.005054
-0.083843
-0.071677
-0.036272
0.066770
0.201330
-0.127840
-0.031135
0.061725
0.003627
-0.044403
0.021686
-0.039422
0.078244
-0.123708
-0.014589
-0.190954
0.128584
-0.040913
0.064204
0.063812
0.081394
-0.094748
-0.078110
0.071059
0.056151
0.123988
0.116725
0.073510
0.196805
-0.008868
0.040656
-0.094166
0.031539
0.060292
-0.081605
0.207267
0.045459
-0.081781
0.293530
-0.015240
0.050844
0.047245
0.114675
0.011248
-0.025382
-0.099353
0.114714
-0.059685
0.081579
-0.082845
-0.077869
0.159942
-0.105205
0.190418
0.166175
0.157219
-0.043918
-0.082345
-0.040230
-0.048197
-0.106783
0.150467
0.049126
-0.056693
-0.030262
-0.089349
-0.032549
-0.200805
0.061653
0.064281
0.080119
0.119380
0.036655
-0.052364
-0.044017
-0.031372
0.119667
-0.034019
-0.147013
0.204168
-0.067365
-0.074307
0.043319
-0.046144
-0.097679
-0.108459
0.006343
0.166661
0.001059
0.007488
-0.214325
0.095066
-0.128404
0.166640
0.030339
0.065221
0.062646
0.023706
-0.044817
0.111767
-0.073543
0.095947
-0.086397
0.091536
0.043171
0.053283
0.041391
0.058481
0.014907
-0.018673
0.232867
0.192441
-0.063743
0.083019
-0.140764
-0.018962
0.008139
-0.037787
0.019821
-0.060672
-0.142018
-0.080152
-0.052862
0.051822
-0.000534
0.025536
0.027071
-0.128162
0.083523
0.061972
0.131997
0.173419
-0.167125
-0.002126
-0.113611
0.172674
0.034287
0.042223
-0.017375
0.110009
0.039671
0.071210
-0.062208
0.079346
0.035871
0.089493
-0.078262
-0.185779
0.134343
-0.146916
-0.005855
0.161794
0.017844
-0.119600
-0.100505
-0.189266
0.066137
-0.152497
-0.014201
0.094191
-0.202801
-0.075368
-0.146215
0.095566
0.365113
-0.082926
-0.033661
-0.020621
-0.034432
0.148322
-0.108039
-0.044585
-0.074702
-0.109216
0.021213
-0.029967
0.151791
0.014820
0.076350
-0.043256
0.105756
-0.186694
0.043855
0.045114
-0.157418
-0.153131
-0.164087
-0.197667
-0.076567
0.216563
0.021938
-0.181021
-0.180368
-0.008555
0.198326
-0.032110
0.040847
-0.009476
0.080955
-0.027334
0.006337
0.193988
-0.133560
0.019173
-0.098190
0.136040
-0.162725
0.001221
0.097164
-0.062125
0.090650
-0.189360
0.010822
-0.136665
0.028791
-0.013503
-0.057535
0.118762
0.119829
-0.020166
-0.111373
-0.040928
0.012708
0.064670
-0.053542
0.028333
0.178527
0.027565
-0.166791
0.048420
0.063562
0.008122
-0.015563
-0.054221
0.091907
-0.081612
-0.109934
0.096167
-0.040613
-0.005662
0.066147
-0.064926
-0.081732
0.047975
0.036413
-0.166080
0.142745
0.185127
0.395835
-0.057078
-0.218298
-0.006047
-0.125272
0.000846
-0.209722
0.070108
0.117582
-0.125068
-0.036109
-0.024964
-0.155420
0.098509
-0.041518
0.203666
0.011346
-0.093424
-0.014548
-0.082016
-0.025349
-0.073239
-0.049661
-0.030708
0.066254
-0.070178
-0.057263
0.064937
-0.091233
-0.032275
-0.128043
0.107675
0.045304
-0.196801
0.107741
0.059516
0.022306
-0.002398
-0.062991
0.034828
-0.031465
-0.006829
-0.037224
0.108168
0.205294
-0.011696
0.031480
-0.028542
0.131628
0.298189
-0.033532
-0.112114
0.097990
0.039474
0.163215
-0.030871
0.129590
0.109542
0.160255
0.027081
-0.097464
-0.045285
-0.105201
0.023964
-0.037320
-0.032333
0.007527
-0.013243
0.077330
0.025806
0.091783
-0.032499
-0.034844
0.056144
0.105824
-0.000797
-0.035416
-0.035080
-0.041123
-0.257332
0.118091
-0.142309
-0.180743
0.033925
0.109986
0.102462
0.091370
0.003840
0.072664
0.108748
-0.024915
-0.075640
0.125522
-0.041440
0.033323
0.009738
0.214646
0.103764
0.027597
-0.006527
-0.095076
0.076649
-0.029764
0.052588
-0.046433
-0.055783
-0.203731
0.067108
-0.001662
0.075245
0.092182
0.038612
0.044797
-0.074009
-0.061591
0.031564
0.030785
-0.072594
-0.140727
0.107719
0.045706
-0.086098
0.006004
-0.167044
-0.167047
-0.041288
0.108796
0.042333
-0.113863
-0.071294
-0.146730
-0.113155
-0.022265
-0.102803
0.181327
-0.083165
0.211819
0.055854
0.032047
-0.046305
-0.068883
-0.121155
-0.020412
0.086593
-0.063648
-0.055318
0.035522
0.131931
-0.167186
0.097289
-0.034082
0.044757
0.098498
0.124341
0.016189
-0.048420
-0.009874
0.171723
0.010038
0.014909
0.077651
-0.005888
0.019663
0.089141
-0.036594
-0.147673
0.055456
-0.206501
0.182386
0.098994
0.051038
-0.051946
0.004910
0.094391
0.116683
-0.023541
-0.069071
-0.057475
0.013751
-0.099101
0.251642
-0.125438
-0.066066
-0.080162
0.075503
-0.027913
0.015899
0.043638
-0.086497
-0.073095
0.166077
-0.095280
0.028326
-0.054255
0.145745
-0.213352
-0.148076
-0.044243
-0.026130
-0.067530
-0.144253
0.056639
-0.060749
-0.074491
-0.211510
-0.096665
0.071840
0.174083
-0.148066
0.023912
0.039581
0.158670
0.051680
-0.136485
0.168369
0.024327
-0.279026
-0.118731
0.045547
-0.089990
-0.178836
0.144203
-0.084794
-0.100879
-0.129364
-0.022162
-0.127052
-0.009130
0.046438
-0.053474
0.121086
0.141746
-0.196119
0.058207
0.051572
-0.035972
0.048198
-0.096000
-0.008795
-0.012526
0.068359
0.107611
0.014756
0.140313
0.050384
-0.123147
-0.009818
-0.032238
-0.032802
0.107157
0.193785
-0.000208
0.038594
-0.006867
0.047319
-0.033477
-0.027563
-0.112490
-0.130676
0.088000
-0.030000
-0.186936
-0.031130
0.055195
-0.018962
-0.026459
-0.134991
0.049644
0.001829
-0.173504
0.062238
-0.126212
-0.010226
0.290059
-0.112977
0.272271
0.051091
-0.058050
-0.089102
0.027397
0.075964
-0.022552
0.135088
-0.132744
0.142922
-0.050382
0.046785
-0.089346
0.036442
0.117953
-0.102589
0.064875
0.025746
0.133606
0.008831
0.125148
-0.107560
-0.039054
-0.197844
-0.049836
-0.038487
-0.027487
-0.052735
0.023582
0.073308
0.089361
0.028983
-0.094516
-0.012961
-0.043816
-0.078341
0.043365
-0.053744
-0.184531
-0.087873
-0.084212
0.166783
-0.069727
-0.156186
0.045545
-0.040717
0.224391
-0.061854
-0.008259
-0.004322
-0.117206
0.054042
-0.158515
0.152707
0.039063
-0.034514
0.021844
0.061668
0.218820
0.049719
-0.162123
0.058966
0.225831
-0.070038
-0.021417
0.061551
-0.067767
0.116243
0.065877
0.033054
-0.005382
-0.063421
-0.064558
-0.148529
0.094042
0.074765
0.029238
-0.084250
0.160575
-0.117609
-0.115005
-0.065306
0.073960
-0.111043
-0.088750
0.065831
0.127790
-0.042750
-0.009496
0.108500
0.027649
0.060315
-0.051940
0.082616
-0.102831
-0.164652
0.132043
-0.113307
0.084237
-0.082937
-0.029298
0.051731
-0.118764
0.142254
0.043058
0.047263
0.137638
0.238298
0.005600
0.132953
0.049374
-0.050346
-0.114581
0.004411
-0.029305
0.072935
-0.002454
0.032959
0.071304
0.047327
0.043048
-0.091709
0.105540
-0.054674
0.220673
-0.069795
-0.060420
0.059451
0.027009
0.167386
-0.012124
-0.027813
-0.014792
-0.083594
-0.076602
0.024202
-0.075364
-0.081181
-0.045661
-0.116772
-0.041918
0.028446
-0.030594
0.093315
-0.172653
-0.151018
-0.002404
-0.070288
0.036015
0.032696
-0.017430
-0.001489
-0.017879
0.126511
0.136726
0.014899
0.053928
0.021289
0.104825
-0.140287
0.115689
0.063603
0.066684
-0.083067
0.000127
-0.102815
-0.020686
-0.028568
-0.254125
-0.058890
0.128404
-0.144251
-0.219494
-0.204966
0.073484
-0.043748
-0.136844
0.046562
-0.090910
-0.191357
0.060980
0.085174
0.125011
-0.138099
-0.255659
-0.008357
0.024272
-0.021910
0.069502
0.063819
-0.041935
-0.062770
-0.059717
-0.126275
-0.059371
0.043948
-0.106971
-0.044874
0.023815
0.013362
0.053094
0.092481
-0.131296
-0.021130
0.041743
-0.039652
-0.001636
-0.088049
0.072543
0.154723
-0.020591
0.039391
-0.110197
0.164826
0.096000
-0.032686
-0.098775
0.122689
0.147998
-0.077480
0.015592
0.006337
-0.200634
-0.079166
-0.039012
0.079509
0.008373
-0.094227
0.083433
0.123860
0.163357
0.020341
-0.139284
0.200626
-0.063474
-0.164085
-0.016066
-0.077564
-0.143334
-0.045771
0.281969
-0.069312
-0.045432
0.015058
-0.125782
-0.084923
0.015573
0.070710
0.066124
-0.082355
-0.032834
0.077174
0.140408
0.072724
-0.090667
-0.000149
-0.060920
-0.076873
-0.050253
-0.086349
-0.055969
-0.062015
-0.018441
-0.050462
0.049017
-0.043728
-0.004141
0.193744
0.099302
-0.128527
-0.068432
-0.025077
0.160481
0.169320
-0.148206
-0.158143
0.135945
-0.040211
-0.033094
-0.246444
-0.087426
0.044047
-0.026367
0.136271
0.096806
0.058349
-0.081805
0.157016
-0.043647
0.162852
-0.182530
0.026292
-0.016524
-0.083553
-0.021043
-0.019251
0.048251
0.102800
-0.175031
-0.107492
-0.076210
-0.091876
0.000451
-0.054658
-0.041172
-0.079728
-0.085726
0.044861
-0.176806
0.199622
0.003186
-0.073744
-0.090751
-0.120241
0.004600
-0.041808
-0.062352
0.041275
-0.003238
0.094116
0.034722
-0.002460
-0.031067
0.062270
0.002733
-0.109352
0.012236
0.055221
-0.161305
0.253743
0.120904
0.039478
0.044651
-0.044980
-0.042549
0.066072
0.034108
-0.103742
0.023639
0.067228
-0.093474
0.132764
-0.135792
-0.053872
0.050769
0.009382
0.120188
0.136924
-0.062172
-0.067279
0.069835
0.127847
-0.142289
0.048222
0.184042
-0.235493
0.027357
-0.075190
0.038931
-0.119193
-0.039872
-0.087352
-0.002834
-0.069113
0.068004
-0.048698
0.015798
0.153224
-0.037912
-0.035649
0.038733
0.093564
-0.133189
0.116836
0.044452
-0.227238
-0.072382
0.077475
0.096804
0.100949
-0.186961
-0.053532
-0.017483
-0.059416
-0.017581
-0.021724
-0.112146
0.163499
0.033833
-0.049541
-0.072597
0.129251
-0.073313
0.004436
0.132175
0.087955
-0.027768
-0.083353
0.057463
0.142652
-0.131608
-0.161081
0.123396
0.033899
-0.062414
-0.061940
0.179517
-0.055320
0.017234
-0.046158
0.104816
0.116335
-0.000967
-0.084925
-0.011140
-0.115837
0.181440
0.075790
0.067932
-0.134005
-0.101529
-0.005795
-0.129552
-0.049996
-0.013312
0.152464
0.056882
-0.177725
-0.083554
-0.041671
-0.128928
0.032293
0.059936
0.080994
0.073343
-0.102082
-0.080280
0.168338
-0.062067
0.070423
0.042477
0.057289
-0.072059
-0.052933
0.068689
0.121285
0.084919
0.022597
-0.142403
-0.119161
0.130776
0.141057
-0.097077
-0.158462
0.106966
0.228756
-0.102523
-0.034555
0.046691
0.000291
0.233515
0.078934
-0.017181
-0.072093
0.008093
-0.160272
0.131657
-0.038771
0.093886
-0.145111
-0.136503
0.146386
0.042623
0.040251
0.110447
0.125434
0.024880
0.133317
0.070401
-0.063248
-0.052376
-0.016058
0.257455
-0.079167
-0.054207
0.134109
-0.111985
0.055996
0.017229
0.033423
-0.028696
0.076238
-0.151175
-0.005484
0.122692
0.135069
0.036859
0.071581
0.056841
0.018957
-0.083606
-0.032095
0.009413
0.074850
0.093451
0.036952
-0.046125
0.119868
0.146113
0.178635
-0.121513
-0.018481
-0.010639
0.140563
-0.121108
-0.055632
0.091232
0.089382
0.010777
-0.078981
-0.110775
-0.203419
0.012062
0.126002
-0.049478
-0.134642
0.020287
0.084821
-0.089380
-0.067289
-0.080878
0.089571
-0.015513
-0.123460
0.100729
0.087469
0.004530
0.012011
0.018723
0.036333
-0.055396
0.056770
-0.018032
-0.031216
-0.025743
0.093519
0.153265
-0.009901
0.000116
-0.068333
0.065992
-0.012736
0.057475
0.033345
-0.066935
-0.083438
-0.111209
-0.071785
0.028704
0.063540
0.071503
0.205557
0.103930
-0.060406
-0.025684
-0.178780
0.009174
0.145744
-0.060324
0.028169
-0.167634
0.040517
0.231784
-0.017913
0.079239
0.112103
0.133480
0.019358
0.033902
-0.093091
-0.021729
0.000107
0.023373
-0.085535
0.126245
-0.038721
-0.015000
0.046986
-0.013486
-0.079785
-0.009183
0.032948
0.097723
-0.078092
0.072190
-0.013225
0.058759
-0.004636
-0.073628
-0.104540
-0.356750
-0.104164
-0.010338
-0.066739
0.160007
-0.126047
0.086777
-0.080000
-0.008894
-0.068480
0.153046
0.073228
-0.099542
-0.041771
0.097118
-0.124406
-0.075963
0.007645
0.106986
0.058778
-0.027139
0.151114
0.046464
0.059628
-0.015428
0.015332
-0.000490
-0.182229
0.017436
0.021158
-0.046989
-0.044691
0.101916
-0.268938
0.002960
0.050392
-0.004675
-0.012156
-0.091581
0.021816
0.193393
-0.058547
0.123481
0.087048
0.048146
-0.078783
-0.026089
-0.005580
0.024894
0.072934
-0.067468
0.044305
0.068216
0.078291
0.037208
0.033947
-0.148099
-0.149519
-0.010396
0.121513
0.070946
-0.088735
-0.213022
0.143404
-0.006528
0.131180
0.034469
-0.040586
0.228524
0.000105
-0.190286
0.055562
-0.046532
0.153556
-0.021528
-0.040759
0.035914
-0.169488
-0.087550
-0.110087
0.025110
-0.048784
-0.100184
-0.004170
0.102556
-0.138176
-0.029103
0.010852
0.132019
0.020764
-0.075980
-0.044387
-0.119311
-0.058643
-0.189724
-0.007200
0.109137
-0.013520
0.130210
0.001530
-0.054045
0.138168
-0.103643
-0.097864
-0.081485
-0.038585
-0.084463
0.061479
-0.104842
-0.002277
-0.070092
0.015726
0.011982
0.005706
-0.038529
0.092955
0.003376
-0.112247
0.102709
-0.170124
-0.064891
-0.029579
-0.034616
-0.095128
-0.118321
0.084812
-0.046797
-0.027452
-0.045127
-0.005826
-0.008137
-0.067378
-0.006869
-0.150902
-0.010483
0.116283
-0.102508
0.094019
-0.045398
-0.151364
-0.057339
-0.229205
0.007668
0.120407
0.002994
-0.046538
-0.033064
-0.045939
0.038475
-0.035951
-0.031088
0.199110
-0.093696
0.114909
0.108413
0.133932
-0.061264
-0.006913
-0.155723
-0.095066
-0.026060
-0.059030
-0.140953
0.014543
-0.071514
0.099047
-0.148847
0.037859
-0.022702
-0.125770
0.155597
0.004987
-0.120259
0.018595
0.009922
-0.049441
-0.081051
0.111117
-0.030746
-0.202138
0.255220
0.052430
0.268738
0.000087
0.097263
-0.060971
0.001650
0.121864
-0.034239
-0.055567
-0.062147
-0.027235
-0.015050
0.091626
0.077038
-0.096683
-0.075423
0.025093
0.063721
0.094224
0.001470
-0.087421
-0.073627
-0.031573
-0.080850
-0.112930
0.059739
-0.075425
-0.032685
0.056371
0.037793
-0.082802
0.011012
-0.074715
-0.006285
0.031138
-0.002384
0.023391
-0.036520
-0.074914
-0.172642
0.015351
0.000803
-0.107562
-0.090754
0.066929
-0.072154
0.066162
0.152024
-0.225929
-0.006581
-0.077168
0.049278
-0.125202
0.120869
0.023822
0.054252
-0.082292
-0.024189
0.058708
-0.078176
0.013397
-0.059843
-0.001819
-0.002040
0.151896
0.026201
0.031939
0.049200
-0.032203
-0.170388
0.219705
0.210963
-0.068215
0.048253
0.063272
0.053145
-0.047753
0.081444
0.131110
-0.302024
-0.015568
-0.016322
0.134391
-0.037752
0.125504
0.113254
0.014591
0.050647
0.213769
0.106433
0.155070
0.042541
-0.043368
-0.099196
0.051301
0.024349
0.024107
-0.010965
0.096565
0.032710
0.030216
-0.064157
-0.061661
-0.136515
0.007124
-0.136988
0.048952
0.176108
-0.062603
-0.062952
0.049969
-0.041231
0.116527
-0.172031
0.117282
-0.145481
-0.134638
0.172909
-0.075373
0.025223
-0.042338
-0.090399
-0.022237
-0.104752
0.095920
-0.160379
0.078387
-0.113317
-0.002083
-0.090840
0.129973
-0.104882
-0.029014
-0.042214
0.244368
-0.047077
0.019806
0.058087
-0.064239
0.021858
0.020546
-0.063154
-0.107211
-0.048255
-0.102815
-0.165065
0.030422
-0.035977
-0.142714
0.131883
0.136524
-0.081376
-0.083994
0.013304
0.142982
0.152958
0.151623
0.089992
-0.028723
0.083837
0.046263
-0.174837
-0.210220
0.077313
0.102769
0.077038
0.078832
0.009473
0.234396
-0.117996
-0.092512
-0.084513
0.053728
0.065555
0.008500
-0.003104
-0.108781
-0.230867
0.102518
0.151856
-0.054203
0.033358
0.188003
-0.035107
-0.100914
-0.130450
-0.061377
-0.096055
-0.099755
-0.152612
-0.144802
-0.029629
-0.045199
-0.049675
-0.001296
-0.138635
0.029920
-0.095277
0.017087
-0.073803
-0.010013
0.129337
0.014523
-0.001186
0.200785
-0.000087
0.039192
0.005619
0.086461
0.042134
-0.024650
0.032262
-0.157431
-0.180773
-0.107773
0.152554
0.107519
-0.043013
-0.253802
0.035082
0.111600
-0.046591
0.127200
-0.055426
-0.041811
0.023249
0.144329
-0.000335
0.159158
-0.057196
0.125107
-0.078834
0.001852
0.014990
-0.075952
0.023145
-0.024491
0.049953
0.086444
-0.071498
0.086522
-0.065407
-0.029249
-0.052156
0.091492
0.268596
0.108569
-0.083758
0.037774
0.161167
-0.042337
-0.239163
0.129437
-0.092803
-0.066322
-0.155507
0.017836
0.196794
0.121195
0.037218
0.037944
0.028607
-0.114356
0.085366
-0.111451
0.044617
0.138164
-0.001234
-0.093431
0.081858
-0.001896
0.012613
-0.125902
-0.038449
0.148801
0.099029
-0.165473
-0.009524
0.063623
-0.133775
0.066253
-0.048910
0.067328
-0.011020
0.131064
-0.095948
-0.032892
-0.055347
0.019485
-0.038957
-0.122215
0.007817
0.140780
0.113558
0.124992
0.082416
0.054241
-0.095463
-0.012715
0.040588
0.041620
-0.011546
0.065410
-0.260286
-0.015812
0.070319
0.106475
0.026545
0.094611
0.059241
-0.160806
-0.090220
0.044989
-0.110749
0.084022
0.055567
0.172253
-0.128954
-0.048568
0.150000
-0.018831
0.031847
-0.248515
-0.024240
-0.113165
-0.193423
-0.163917
0.182844
0.111946
0.074759
-0.066764
0.097083
-0.098529
-0.061213
-0.066890
0.055577
-0.070660
0.100719
-0.215776
0.073134
0.110541
-0.119164
-0.003243
0.013987
0.043466
-0.058748
0.009103
-0.151171
0.153864
0.008905
0.186543
0.042054
0.065589
-0.034060
-0.038071
0.171179
0.076705
-0.042144
-0.019189
-0.112200
0.052727
-0.041614
-0.066053
-0.026008
-0.054329
0.056571
0.151186
-0.065577
0.088139
-0.084250
-0.092956
-0.132787
-0.084817
0.088259
0.055502
-0.154325
-0.008548
-0.039310
0.112873
0.038696
0.014218
-0.030502
0.023424
0.014639
0.095938
0.067998
0.103606
0.099431
-0.027303
-0.023964
0.157921
-0.064089
0.110784
0.070708
-0.094511
-0.146540
-0.211860
0.041183
0.083235
-0.040241
-0.070624
0.066091
-0.192664
0.015833
-0.159155
0.065851
-0.042676
0.074257
-0.043674
-0.117907
-0.014521
0.058047
0.054931
0.016634
0.182223
-0.073661
-0.047059
-0.022387
-0.024923
0.018105
0.080316
-0.021274
-0.000957
0.024734
0.041382
0.136329
0.019850
-0.220731
-0.136742
-0.045184
0.030919
-0.026360
-0.021241
0.028788
-0.118725
-0.121777
-0.065078
0.152669
0.155605
-0.122205
-0.049749
-0.120801
0.013123
0.058033
0.063786
0.053077
0.083855
0.029193
0.023412
-0.189565
-0.167598
0.112035
-0.218230
0.031215
0.048191
-0.053016
-0.012312
-0.087420
0.016954
0.112066
0.007514
-0.188863
0.066213
0.010279
0.061752
-0.062107
-0.050730
0.085137
-0.169396
0.004067
-0.216035
-0.105733
0.031812
0.113763
-0.005642
-0.047282
0.031353
0.007945
-0.017056
-0.195809
-0.081354
-0.170352
-0.071876
0.020116
-0.146318
0.036786
0.017622
-0.049342
-0.060243
0.140557
0.014663
-0.040647
-0.145380
-0.176116
-0.158703
0.004640
0.174557
-0.130520
-0.003521
-0.182044
0.091215
-0.085849
-0.211091
-0.093077
0.170405
-0.085564
0.034057
-0.111690
0.067620
0.132762
-0.156255
0.185766
-0.065528
0.000203
-0.046619
0.038841
0.120849
-0.147622
-0.017102
-0.078869
-0.095726
-0.027225
-0.209608
-0.070960
0.082717
-0.062734
0.021099
-0.238617
-0.162728
-0.202574
0.097565
-0.018531
-0.059666
0.135004
-0.081193
-0.014486
0.108494
-0.202845
-0.254244
0.083290
0.096180
-0.129494
-0.042331
-0.073169
0.085472
0.106434
0.084299
0.010115
-0.125517
0.137927
-0.139249
0.056932
-0.097094
-0.038239
-0.079448
0.067209
0.109083
-0.088005
0.062085
-0.266469
0.049857
-0.119180
-0.066513
0.142483
0.039410
0.003189
0.019368
0.033416
-0.046981
-0.049005
0.013671
0.050675
-0.099402
-0.126262
0.014768
0.032625
0.106469
-0.018045
-0.006701
-0.217202
0.171141
0.071501
0.028994
0.143652
0.050660
-0.120890
0.013166
0.065605
-0.107786
0.044149
-0.038491
0.054859
0.064578
-0.146750
-0.072174
0.080182
-0.009149
-0.069614
0.095825
0.016804
0.146947
-0.070800
0.065328
0.059525
-0.000739
-0.041852
-0.125341
-0.004281
-0.135446
-0.098125
-0.076747
0.084709
-0.037723
-0.001265
-0.045803
0.026125
-0.028425
0.018727
0.022840
0.152459
0.074622
-0.190000
-0.076295
-0.075748
0.075272
-0.244169
-0.215320
0.094193
0.040113
-0.042235
0.060187
0.124905
0.043326
0.103261
-0.026582
0.026508
0.000118
0.178216
0.164932
0.015607
-0.002981
0.037005
0.061749
0.073176
0.020688
-0.133802
0.299804
-0.039619
-0.152676
0.015232
0.127129
-0.008895
0.049129
0.004967
-0.031079
0.018524
0.153077
-0.005865
0.140403
0.011371
0.205612
-0.008802
0.144402
0.028003
-0.061851
-0.090280
-0.042315
-0.056579
0.153522
-0.039608
0.016530
0.005915
-0.044391
-0.022980
0.203215
-0.077925
0.201690
-0.149732
-0.039439
-0.053524
-0.120278
0.033891
-0.068938
0.045508
-0.044704
0.018388
0.148185
-0.095453
0.038234
-0.066711
0.115852
0.023949
0.035250
-0.062064
0.068858
-0.041858
0.053218
-0.086567
-0.048545
-0.136738
0.038311
-0.076209
-0.093272
-0.234154
0.011692
-0.098540
-0.096941
0.116643
0.059925
-0.127662
-0.109000
0.102495
0.100178
-0.133748
-0.104011
-0.105744
-0.094609
-0.137510
0.067667
-0.048824
-0.024544
0.270152
0.053427
0.301943
-0.007172
0.055686
-0.001936
0.007442
-0.052336
0.094208
0.071359
0.093995
0.078918
0.080167
0.045799
0.003586
-0.122936
-0.012372
-0.056576
-0.303277
-0.008392
-0.080424
-0.081739
0.086169
-0.011850
0.186124
-0.075636
0.111459
0.199535
-0.178186
-0.000242
-0.049362
-0.055163
-0.118213
0.057507
0.121615
-0.086755
0.150587
-0.018166
0.075193
-0.084206
-0.061094
0.041548
0.084344
0.112518
-0.001334
-0.007028
0.151450
-0.144464
-0.258376
0.078392
0.044565
-0.072214
-0.173539
0.061867
-0.072464
0.038586
0.087354
-0.097785
-0.024905
0.037435
-0.012306
-0.038932
0.130634
-0.029002
-0.072513
-0.197155
0.029403
0.047606
-0.015374
-0.012878
0.021732
-0.134489
0.016744
-0.101080
-0.072482
-0.015885
0.178408
0.113592
-0.193111
0.030651
-0.113710
0.137355
0.163919
0.021952
-0.152141
0.050976
0.130327
-0.053806
0.029672
0.152736
-0.105647
0.020620
-0.044927
0.008844
0.011418
-0.000999
-0.112886
0.161454
0.149721
-0.064309
-0.059436
-0.090122
-0.129031
0.183465
0.149770
0.129733
-0.005891
-0.065007
0.009867
-0.045655
-0.013019
0.018040
0.038772
-0.030879
-0.139951
0.020625
0.047198
0.186433
0.081631
-0.079790
-0.048727
-0.133650
-0.131383
0.064065
0.024673
-0.150944
0.059457
-0.095117
-0.069308
0.102652
-0.005746
-0.130675
0.081553
-0.259663
-0.000147
0.071320
0.056400
0.144227
0.135521
-0.083377
0.066234
-0.053140
0.135999
-0.089396
-0.149423
0.052119
-0.060481
-0.007305
-0.053845
0.128873
0.060291
-0.154190
0.048630
0.111403
-0.023349
-0.061522
-0.129276
0.033546
0.031384
-0.097734
0.123615
0.058090
-0.083322
-0.197567
0.010051
-0.091236
-0.107824
-0.028993
0.200873
-0.020613
-0.018992
0.090234
-0.133076
-0.092009
0.141649
0.087843
0.178385
-0.124517
0.065308
0.153343
-0.112154
-0.049436
-0.086832
0.183532
-0.135321
0.006741
-0.073675
-0.031450
0.026188
-0.016068
0.045016
0.051570
-0.137475
0.112263
0.036976
-0.034039
0.004356
-0.057652
-0.134855
0.047827
-0.033558
-0.192030
-0.025275
-0.179513
0.003158
0.117554
0.122688
-0.047735
0.096217
-0.018344
-0.034295
0.010003
-0.007482
0.003708
0.067690
0.002322
0.095370
0.031055
-0.004534
-0.118368
0.090487
0.088927
0.135635
0.212165
-0.049572
0.110385
0.074205
-0.078768
0.011359
0.217428
0.094429
0.025173
0.158396
0.229304
0.051120
0.192855
-0.063901
-0.040462
0.138597
0.188461
0.127750
-0.085359
-0.000787
-0.120146
-0.104846
-0.053307
0.061767
0.025800
-0.035162
-0.114429
0.016539
0.046596
-0.009121
0.055975
-0.080001
-0.252960
-0.068440
0.037836
0.053976
0.012067
-0.115357
0.140470
-0.008981
-0.035861
0.140241
-0.084101
0.099303
-0.014994
-0.101855
0.207190
0.077302
-0.011603
-0.158082
-0.256261
0.011813
-0.051707
-0.076569
-0.008958
0.018567
-0.006142
-0.008324
0.078301
0.022380
-0.118645
0.072925
-0.110440
-0.067989
-0.058743
0.046406
-0.056792
-0.053042
-0.024909
-0.117964
0.027164
-0.144849
0.128639
0.000789
0.045557
0.155625
-0.084534
0.005312
-0.039358
0.181224
0.073244
0.068635
0.045757
-0.043478
0.005405
-0.057076
-0.128076
0.038088
0.117110
-0.065044
-0.066700
0.014309
-0.158110
-0.076126
0.069165
-0.008176
-0.115540
0.021624
0.056225
-0.026574
0.027993
-0.046793
-0.270822
0.035060
-0.120253
-0.015592
0.031495
-0.128082
-0.055567
0.063978
-0.174052
-0.164330
0.070138
-0.182037
-0.039136
-0.104969
-0.116852
0.046000
0.011768
0.165601
-0.128862
0.081873
-0.206634
0.238655
-0.096275
0.042608
-0.003040
0.125731
0.103406
-0.081330
0.147104
-0.040373
0.002141
-0.012514
-0.050552
0.017288
-0.228528
-0.077247
-0.060970
0.073096
-0.058478
-0.182676
-0.140312
-0.002444
0.209879
-0.014353
0.079246
0.043290
0.053323
-0.010329
-0.285446
-0.022541
0.056446
-0.115020
0.072889
-0.001006
0.069028
0.037137
-0.222704
-0.017899
-0.024775
-0.057097
0.077585
0.003643
0.022940
-0.122526
0.092315
0.007914
-0.080352
-0.176269
-0.055852
-0.085845
0.033988
-0.083581
-0.183192
0.114443
-0.029327
-0.091183
0.003296
0.043227
-0.145681
0.023908
-0.133489
0.040564
-0.050995
-0.088552
0.044235
-0.061669
-0.087575
0.054093
0.005800
-0.080910
-0.008773
0.092994
0.086455
-0.028304
0.060732
-0.014528
0.012391
-0.148690
-0.106958
0.114622
-0.105529
-0.069048
-0.040559
0.046161
-0.144439
0.023212
0.105354
0.045823
0.019785
0.015684
-0.073506
-0.123838
-0.081557
0.143703
-0.086365
0.082491
0.034685
0.043251
0.118757
0.084074
0.003068
0.077906
0.161195
-0.128663
0.008809
0.090837
-0.015766
-0.023621
0.001551
0.088152
-0.055057
-0.206442
-0.152567
0.061353
-0.029571
-0.042209
-0.076399
0.047829
0.003079
0.068287
0.105005
-0.029155
-0.193305
-0.104416
-0.083684
0.002186
0.055759
-0.215116
-0.055447
0.008679
0.017883
-0.241773
0.053313
-0.043674
0.081612
0.110301
0.029066
-0.061052
-0.065250
-0.023871
0.125811
0.016862
-0.121159
0.142970
-0.163152
-0.027760
-0.001157
0.021718
-0.128372
-0.039175
0.049789
0.203023
0.084836
0.066144
0.076630
-0.049560
-0.064713
-0.072513
-0.087296
-0.003454
0.209583
0.171132
-0.155250
0.038917
0.018217
-0.219064
-0.023986
0.060117
-0.008488
-0.085451
-0.004504
-0.304953
-0.073977
0.087171
0.108544
-0.033367
-0.137266
0.121929
0.140355
0.081502
0.038549
0.089918
0.049209
0.136578
0.146788
0.014403
-0.124717
-0.141204
0.035283
0.079773
0.050332
0.179285
0.028618
-0.141713
-0.179152
0.099430
0.067922
0.057013
-0.144391
0.192696
0.051040
-0.057065
0.037636
-0.111638
0.049290
-0.106623
0.028372
-0.106549
-0.141078
-0.022848
0.140086
0.150135
-0.095511
-0.190911
0.040241
0.059660
-0.012163
0.139842
-0.159118
0.036777
0.042819
-0.186594
-0.031133
0.018319
-0.006471
0.014159
-0.070213
-0.002375
0.015303
-0.095299
0.097884
-0.028517
0.106365
0.011525
0.013744
-0.172054
-0.046170
0.136258
-0.037458
0.093797
-0.162705
0.052865
0.044258
0.022925
-0.091949
-0.057041
-0.078034
0.105609
0.057623
-0.083290
0.016556
-0.058193
-0.264458
0.126881
-0.185259
0.124384
-0.158053
0.132698
-0.103635
0.075439
-0.076046
-0.044337
-0.057909
0.016380
-0.055126
-0.074617
0.002430
0.014142
0.109031
0.273336
-0.091910
-0.004188
-0.080683
-0.042065
-0.005516
-0.215834
0.036468
0.023285
0.068521
0.022067
0.103081
-0.084953
0.016870
0.008751
-0.014301
0.104210
-0.026750
-0.023274
-0.032121
0.041313
-0.101744
0.150109
0.028915
0.085734
-0.055198
-0.088974
-0.053371
-0.072988
-0.077660
0.104653
-0.202724
-0.041352
-0.146775
-0.047998
0.092054
0.070278
-0.055397
0.089998
-0.124895
0.143156
-0.135834
-0.082534
-0.060112
-0.063672
-0.088647
0.124508
-0.184224
0.056197
0.012336
0.000724
-0.054394
0.010336
-0.054370
-0.101668
-0.029295
-0.016869
-0.074880
0.017695
0.058322
-0.037749
-0.008432
-0.076434
-0.015913
0.085593
-0.109493
-0.051623
0.091885
-0.023030
-0.235440
0.002854
0.078049
0.182164
0.194177
-0.017012
-0.104131
-0.005262
-0.005353
-0.113059
-0.104003
0.060350
0.022975
0.029747
0.070650
0.053026
0.035948
0.041043
0.178180
-0.002914
0.015368
-0.017334
0.016575
-0.120188
0.067971
0.063403
0.030590
-0.216991
-0.056473
0.101724
0.008762
0.121344
-0.046804
0.008494
-0.013222
0.109346
0.128955
0.060809
-0.005928
0.008836
0.164908
-0.023126
-0.092692
0.118950
-0.102939
0.008687
-0.059202
0.120090
-0.088277
0.033847
0.081253
0.043984
0.165370
-0.052785
-0.145342
0.031171
0.023403
-0.048848
0.058707
-0.169626
0.049994
0.016793
0.071652
-0.114170
0.261881
-0.025413
0.009610
0.102369
0.073356
0.027400
-0.114490
-0.082112
0.115956
0.037677
-0.060593
0.065340
0.026338
-0.137821
0.123171
0.024815
0.009385
-0.047858
-0.011073
0.019158
0.143941
-0.264499
-0.133333
0.090743
0.054827
0.033774
0.170641
-0.130719
-0.119906
-0.046736
-0.121454
-0.116219
-0.152980
-0.044332
0.262557
-0.040082
-0.227951
0.186160
0.159788
-0.092421
0.080493
0.080329
-0.079173
-0.098010
0.231832
-0.025017
-0.069570
-0.077982
0.055825
0.004947
0.103180
0.115434
-0.214022
-0.088138
-0.047502
-0.046986
-0.004290
0.090647
-0.240351
-0.121742
-0.117000
-0.138343
0.096598
-0.022791
-0.155861
0.035075
-0.080503
0.054895
-0.150677
-0.147633
0.040261
-0.202551
0.026327
0.008285
-0.063902
-0.077593
0.132135
0.019053
0.192538
0.117490
0.039789
0.072873
-0.085329
-0.226992
0.007911
0.015901
0.028217
0.053872
0.087395
-0.001654
-0.195944
0.105355
0.002161
-0.193740
-0.164566
-0.025917
0.046866
-0.010281
-0.083574
0.123907
-0.108022
0.031219
0.055570
-0.002148
0.148880
0.029736
0.178710
-0.091290
0.119847
-0.091531
-0.049185
0.053514
0.106577
-0.046036
-0.082392
-0.001580
-0.059380
0.093476
0.034369
0.041525
0.033672
0.014572
-0.080829
0.131176
0.011104
-0.028849
-0.024273
-0.165006
-0.080957
0.028022
-0.146904
-0.106807
0.068292
0.025307
0.180308
0.166106
0.016902
-0.097635
-0.023810
0.062234
-0.097023
0.040140
0.131725
-0.080949
0.100605
0.137936
-0.153210
0.067531
-0.130443
0.088120
0.082011
0.046091
0.146645
-0.042261
-0.050130
-0.098131
0.160935
0.123549
0.109669
0.044656
-0.099357
0.078115
0.115442
0.006133
0.003644
-0.012667
0.001346
-0.081272
-0.040026
-0.028122
-0.000922
0.055402
0.026027
-0.093577
0.072521
-0.026510
0.021091
-0.006971
0.070190
-0.100539
0.137845
-0.025340
0.007375
0.104400
0.021848
0.195502
0.035500
0.174162
-0.169762
-0.009246
-0.212633
-0.000295
-0.148290
0.018492
0.041942
-0.080838
-0.306897
0.073123
0.069809
-0.096791
0.029450
0.041539
-0.082378
-0.073689
0.055022
0.109634
0.057021
-0.020331
-0.218538
-0.032851
0.155973
0.062136
-0.038481
0.120572
0.013180
0.068057
-0.122330
-0.035147
0.091924
-0.282551
-0.091847
-0.069903
0.117915
-0.037968
-0.021905
-0.071477
0.079953
0.110206
0.155673
0.053595
-0.011370
-0.043705
-0.028293
0.018255
0.129204
-0.027660
0.075006
-0.042996
0.096713
0.075770
0.070001
0.013525
0.168971
-0.024240
0.003265
0.109022
-0.232417
0.181792
0.079812
-0.197474
-0.119724
-0.017228
0.082644
-0.028900
0.164086
0.006368
-0.065779
0.266182
-0.048243
-0.040941
0.069578
0.017379
0.044843
0.055363
-0.194233
-0.024410
0.143963
-0.102057
-0.005047
0.168395
0.129786
-0.211624
-0.137734
0.161338
0.045849
0.129699
-0.157412
-0.101507
-0.046318
0.161285
0.023838
0.127172
-0.048683
-0.168843
-0.163328
0.081626
-0.156210
-0.050973
-0.119366
-0.008243
0.030313
-0.113145
-0.081552
-0.081312
-0.030534
0.022328
-0.055911
-0.155932
-0.011698
-0.202008
0.041438
-0.052255
-0.061113
0.264159
-0.211519
-0.066402
-0.018220
0.091911
0.053216
-0.058285
-0.053585
-0.036389
0.041842
-0.135684
-0.069984
0.053826
-0.207524
0.061355
0.014995
-0.165126
0.037920
-0.147916
0.253400
-0.072961
-0.121352
-0.167925
-0.136838
0.101498
-0.231590
0.077493
0.046730
-0.168570
-0.233024
0.059226
0.050482
-0.108425
-0.024159
-0.229753
0.201237
0.043850
-0.077951
-0.090887
0.104469
0.047870
0.010430
0.091238
0.086521
0.066505
0.063792
-0.197929
0.124011
0.165554
0.069399
-0.073163
-0.156294
0.045730
-0.027713
0.020359
-0.052913
-0.040542
-0.115075
0.015850
0.039344
0.030704
-0.130596
0.019709
-0.054691
-0.090370
0.035487
0.176706
-0.034670
-0.010348
0.176289
0.025067
0.017765
-0.071040
0.188382
-0.003439
0.071500
-0.007248
0.031526
0.071023
0.028423
-0.057164
-0.294375
0.077403
0.081336
0.014690
0.068460
-0.113216
-0.131642
-0.076002
-0.066679
-0.030020
0.248404
0.081641
-0.093174
-0.047218
-0.075058
-0.131689
0.079967
0.127537
-0.008971
-0.108361
-0.138037
0.125228
0.017928
-0.007523
0.043680
0.064269
0.049531
0.085323
0.058310
0.039129
-0.213335
0.068009
0.116563
-0.065487
0.114954
-0.114824
-0.238273
0.009747
-0.068936
0.001852
-0.077413
0.005740
-0.012074
-0.041035
-0.105154
0.074238
0.099363
0.008555
-0.034291
-0.002621
-0.023752
0.053289
0.074805
-0.030193
0.015209
-0.124444
0.141317
-0.081401
-0.097902
-0.136737
-0.213908
-0.115603
-0.190357
0.022410
-0.048676
-0.054049
0.187111
-0.167574
-0.225734
0.120998
0.061050
-0.099389
-0.050566
-0.059387
0.094609
0.216532
-0.118292
0.040039
0.181965
-0.075669
0.090946
-0.017721
0.189549
-0.132168
-0.018199
-0.165390
0.071826
-0.021606
-0.076926
-0.034682
-0.059894
0.090970
0.050804
0.092699
-0.124146
0.086101
-0.111554
-0.088256
-0.017613
0.041538
-0.092078
-0.155238
0.314004
-0.062027
-0.124079
0.246862
-0.094809
-0.101907
0.024244
0.074786
-0.009377
0.038139
0.095459
0.041335
0.137725
-0.005987
0.040263
0.053826
-0.169310
0.035222
-0.088377
0.005598
-0.042521
-0.133897
0.061908
0.115008
0.005533
-0.020816
-0.013516
-0.023524
-0.147166
-0.074436
-0.171085
0.037425
-0.128349
-0.191751
0.138983
0.057755
0.141730
-0.008324
-0.118838
0.101544
0.029162
-0.059709
-0.002140
-0.205791
-0.027312
-0.043330
-0.088292
-0.026572
0.058941
-0.020751
0.034055
0.088817
-0.027187
0.034210
0.177550
0.162406
0.113487
0.071697
-0.080007
-0.018399
0.192543
-0.124678
-0.074298
0.136117
0.057686
-0.117998
-0.074620
-0.185991
0.080044
0.081988
0.041488
0.062787
0.112490
-0.094383
0.075157
-0.018521
0.044873
-0.088088
-0.015731
-0.013053
0.144716
-0.037595
0.217298
0.030414
0.254453
0.056335
-0.026864
0.213933
0.069073
0.168925
-0.134589
0.051005
0.033615
0.075098
-0.072942
0.028630
-0.063905
-0.128042
0.009009
-0.036510
0.047641
-0.022210
-0.335290
-0.075149
-0.062370
-0.033358
0.041847
0.005331
-0.044564
-0.108096
-0.028171
-0.045179
-0.208911
0.050406
0.129791
0.118891
0.081424
0.135397
-0.043707
-0.286534
-0.180924
-0.013196
-0.102659
0.100903
-0.221786
-0.110588
-0.123507
0.255072
0.093461
-0.031255
-0.067435
0.166134
0.191220
0.028352
-0.087398
-0.022719
0.069226
-0.118978
0.075744
0.072682
0.030591
-0.064325
-0.001996
-0.114655
0.123171
0.018700
-0.137100
0.070072
0.241347
-0.029218
-0.017760
0.012686
-0.048077
0.146534
-0.112033
-0.088812
0.060169
0.066314
-0.177936
-0.157278
-0.037359
-0.254184
-0.044978
-0.110631
0.036151
-0.180679
0.140995
0.059023
0.100322
-0.003933
0.027545
-0.060568
-0.082888
0.032061
0.017224
0.115938
0.142624
0.092477
0.026324
-0.070255
-0.134752
0.012487
0.006981
-0.023561
0.267819
-0.214259
0.167408
0.175385
-0.058291
-0.053998
-0.048460
-0.142377
0.057966
0.134822
0.029840
-0.006459
-0.028085
-0.013674
-0.090526
0.188310
-0.006506
0.066531
0.125265
0.189331
-0.108773
-0.147989
0.055629
-0.004307
-0.058283
0.244567
-0.112028
-0.087518
-0.020176
-0.105666
-0.003462
-0.075835
0.046646
0.003965
-0.182466
0.069779
0.083964
0.004198
-0.026784
-0.224858
0.066111
-0.063135
-0.046227
0.111067
-0.030178
-0.042512
0.074212
0.151931
-0.151545
-0.086894
-0.137222
0.106506
0.006133
-0.106105
0.050279
0.029862
-0.022605
-0.036105
0.012025
0.100522
-0.116833
0.069966
-0.211950
-0.038463
-0.030013
-0.047151
0.023793
0.096829
0.010564
0.053027
-0.088926
-0.007427
-0.072402
0.037838
-0.230425
-0.112973
-0.203521
0.020217
-0.068185
-0.126829
-0.040268
0.114573
0.150906
0.016359
-0.005036
-0.133192
0.050972
-0.249071
0.011434
0.023523
-0.102490
-0.002083
-0.098635
-0.008170
0.022237
0.003091
0.112477
0.051368
-0.214317
0.076805
-0.112666
-0.120975
0.036571
0.078167
0.011210
-0.036401
-0.042268
-0.097159
-0.131760
0.032911
0.015601
0.123964
-0.116639
-0.046364
-0.156708
-0.191518
-0.025777
0.036185
-0.080573
-0.021808
0.016964
-0.061962
0.089325
-0.157789
0.148301
0.068568
-0.095594
-0.030985
0.211806
-0.109981
0.111222
-0.087515
0.206719
0.039193
-0.000194
0.054933
0.053857
0.060609
0.104056
0.057239
-0.258853
-0.065598
-0.008556
-0.018577
-0.127202
-0.069842
0.003492
-0.058267
0.058853
0.019818
-0.124868
-0.074229
0.099436
0.031706
-0.061073
-0.067385
0.218418
-0.045553
-0.036136
-0.200021
-0.016518
0.126732
0.091993
-0.029443
-0.048634
-0.033520
0.028133
-0.072371
-0.042961
-0.042331
-0.049578
-0.089179
-0.076436
0.181960
-0.172220
-0.076242
0.007153
0.018438
0.088644
0.060144
-0.061552
0.030400
-0.026126
-0.026951
-0.022099
-0.095836
-0.083238
0.120534
-0.121882
-0.051224
0.128064
0.059277
0.102525
0.124882
0.047020
0.003935
0.062843
0.091275
-0.010578
0.100354
-0.085212
0.139872
-0.081811
0.078044
-0.132714
0.015495
-0.066850
0.097946
-0.020786
0.086551
0.024671
0.099609
-0.038005
-0.102848
-0.079652
0.161653
0.040053
0.020603
-0.167601
-0.247655
-0.044632
-0.037841
0.174154
0.034838
0.011498
0.071101
-0.058582
0.152906
-0.015302
-0.169250
0.031944
-0.029745
0.080158
-0.004240
-0.107860
0.176148
-0.061765
-0.110568
0.130489
0.145205
0.162288
0.009613
0.053502
-0.091024
-0.001723
-0.031973
-0.102763
-0.152613
0.069359
0.012020
-0.042172
0.163364
-0.055782
-0.095748
0.233309
0.052975
0.032680
0.050544
0.071491
0.093277
-0.043230
-0.120524
-0.012205
0.185152
0.060295
-0.126760
-0.065509
0.063002
0.011557
0.090667
0.006558
-0.036172
0.090919
-0.005099
-0.002728
0.035944
-0.085185
-0.121370
0.055960
-0.014435
0.047070
-0.057281
-0.096728
-0.034227
0.032563
-0.030324
-0.043135
0.115287
-0.240510
-0.199828
-0.100489
0.062580
-0.028844
-0.034736
-0.025612
-0.142357
-0.038933
0.157931
0.195328
0.022662
-0.079028
0.070054
-0.048592
0.068219
0.027186
-0.173654
0.198846
-0.048062
0.073498
0.053686
0.077408
0.060631
0.067807
-0.071019
0.196064
0.055326
-0.009174
0.172602
-0.110811
0.075145
0.118457
0.181557
0.154169
0.006341
0.112725
-0.046650
0.004794
0.047014
-0.046560
-0.025834
0.137388
-0.033251
-0.065230
-0.009687
-0.162114
-0.117073
-0.005957
0.102667
-0.051554
0.175874
-0.040483
-0.146091
0.079809
-0.092194
0.063879
0.196480
-0.064518
0.033084
-0.124729
-0.059031
0.040218
-0.139456
0.145807
-0.072391
0.096891
-0.026315
-0.146070
0.064400
0.052069
-0.010039
0.150576
-0.050096
-0.074891
-0.012341
-0.118268
-0.024267
0.046800
0.180423
0.066675
0.257884
0.112371
-0.026993
0.124130
-0.091112
0.055062
0.016109
-0.060568
0.143854
0.034760
-0.123418
-0.040679
-0.041704
0.095878
0.107931
-0.116670
0.116793
0.036775
0.093095
0.060598
-0.018860
0.101582
-0.086162
0.042186
0.019583
-0.109985
-0.146255
0.050112
-0.025297
0.245687
-0.112921
0.041907
-0.075710
0.232090
0.065369
-0.032815
-0.002917
0.042896
-0.032632
0.045745
0.092370
0.045895
0.174664
0.121438
-0.054205
0.043918
-0.149172
-0.007927
0.048097
-0.079819
0.146645
-0.044877
-0.204089
0.030037
-0.107630
-0.033911
-0.137872
-0.073360
0.051326
0.012655
0.099352
0.086625
-0.055087
-0.038365
-0.029652
0.023353
-0.206360
0.013422
-0.141846
0.048897
0.018014
0.051857
0.008945
-0.088346
-0.177782
0.070313
0.003350
0.018682
0.074106
-0.092606
0.001821
-0.102817
-0.004794
0.027818
0.011709
-0.038010
-0.005301
-0.429982
-0.056551
0.095924
0.112902
0.033512
-0.050331
-0.059758
-0.005350
0.109751
-0.050211
0.122639
-0.105538
-0.065191
-0.160895
0.027384
0.115004
-0.086616
-0.134757
0.033010
0.036066
0.023050
-0.019348
-0.067634
0.101527
0.029031
0.187772
0.047749
0.031387
-0.069396
-0.139086
0.004411
0.078535
-0.012090
0.053222
0.137478
-0.141866
-0.102721
0.150307
0.046371
0.065221
0.030543
0.053663
-0.158875
0.051236
0.072393
0.051523
0.134576
-0.035592
0.018947
-0.104594
0.052044
0.007809
0.031505
-0.025235
-0.033218
-0.111848
0.010177
-0.036721
0.066423
0.060962
0.012524
-0.110412
0.013999
0.137001
-0.025437
0.175251
-0.008824
-0.100216
0.000019
-0.039993
0.000057
-0.159936
-0.016037
0.151416
0.048965
0.123535
0.142685
0.064820
0.242806
0.040563
0.088285
0.106734
-0.151661
-0.064946
-0.105876
0.109896
-0.128546
-0.039305
0.078437
-0.027069
-0.028132
-0.027088
0.019905
-0.133909
0.044084
-0.042602
-0.065911
-0.121616
-0.057712
-0.199500
0.219167
-0.112730
-0.014875
0.102167
0.046874
-0.039621
-0.021121
0.363784
0.197246
0.138115
0.059523
0.057960
-0.173373
0.164244
0.104535
-0.106667
-0.215781
-0.067136
-0.016103
-0.199439
0.141673
0.075552
-0.046587
0.011678
-0.036354
-0.318303
-0.146071
-0.134176
-0.078325
-0.000540
0.025988
0.072452
0.072134
-0.024285
0.181648
0.030731
-0.060247
-0.076454
0.070907
-0.281320
-0.057090
0.031324
0.064783
-0.043744
0.081501
0.103951
0.105490
-0.020350
0.043367
-0.069566
-0.036263
0.049781
0.036388
0.206457
0.038723
-0.081585
-0.024805
-0.137036
-0.013240
0.008444
0.010635
0.077515
-0.031207
0.146637
-0.198190
-0.081118
0.072324
-0.034080
0.142926
0.006631
0.088889
-0.110098
-0.124642
0.089908
-0.117903
-0.173819
-0.126434
0.028484
-0.025942
-0.070764
-0.111641
-0.026704
0.037940
0.043490
0.037254
-0.137007
0.002040
-0.200492
0.061813
-0.084771
-0.122809
-0.030457
0.114958
-0.046762
0.112677
0.162542
0.034705
-0.028681
0.133290
-0.075682
0.169192
-0.002544
0.201399
-0.002999
0.215340
-0.022151
-0.117900
-0.031325
-0.117237
-0.053093
-0.112786
-0.080787
0.011526
-0.126105
0.040775
0.113384
-0.091128
0.203522
0.023158
0.004826
0.039747
-0.099966
0.044439
0.164535
-0.032198
0.061766
0.004994
0.155967
-0.060247
-0.032630
0.119088
-0.038920
-0.094689
-0.266263
0.040385
-0.244257
-0.037144
-0.044214
-0.075647
0.037060
0.162534
0.135410
0.009190
0.103917
-0.175574
-0.100872
0.069723
-0.018657
-0.117801
0.009076
-0.057284
0.014942
0.039318
-0.095391
0.092473
0.038074
-0.111299
0.019631
0.106469
0.047313
-0.012171
-0.245143
-0.131999
-0.038353
0.231717
0.062749
-0.055402
0.061758
-0.125153
0.085924
-0.100729
0.005444
-0.145866
0.167628
-0.058060
-0.033772
0.110731
-0.010505
0.104093
-0.031130
0.138727
-0.252203
0.123952
0.118867
0.038467
0.033431
0.054464
0.073105
0.002730
-0.095738
-0.099107
0.067088
-0.026972
-0.101233
-0.123146
0.167664
-0.052855
0.080532
-0.137449
0.091331
-0.045377
-0.162160
-0.104607
0.306719
0.128096
-0.182747
-0.082505
-0.202382
0.014243
0.050849
-0.087125
-0.052849
0.012018
0.033961
-0.009415
-0.007868
-0.113447
-0.017141
0.042276
0.110016
0.000275
-0.003308
0.038134
-0.005909
0.066066
-0.071275
-0.116370
0.111413
0.130734
-0.099918
0.131378
-0.126883
-0.162285
-0.014122
0.003728
-0.011894
-0.025131
0.178581
0.010720
-0.000885
0.120958
0.011896
0.159267
-0.002351
-0.119075
0.158317
-0.037468
-0.144623
-0.096724
-0.049173
0.033261
0.219485
-0.007499
0.013506
0.037540
-0.094777
0.035426
0.066013
0.141789
-0.090971
0.036457
0.037713
0.041686
0.049757
-0.045466
0.165251
0.029323
0.052703
0.145585
0.235985
-0.080388
-0.147122
-0.019251
0.065741
-0.066676
-0.047731
0.027815
-0.041626
0.064319
0.023832
0.073022
-0.006319
-0.059271
0.076084
-0.216589
0.072845
-0.014022
0.086494
-0.080486
0.139863
0.032711
-0.043363
-0.025547
0.166766
-0.006943
0.061333
-0.006877
0.207633
0.004856
-0.007381
-0.016202
-0.096704
0.100496
0.147044
-0.010052
0.141743
0.115791
-0.075888
0.040612
0.016368
-0.022224
0.199660
-0.002593
0.040895
0.119798
-0.084676
0.040296
0.082412
0.012977
-0.031508
0.008911
0.077155
0.079515
0.049863
-0.094857
0.066008
0.139786
-0.023183
0.093602
0.090984
0.018670
-0.067417
0.081559
0.029358
0.158273
-0.282999
-0.055831
-0.146048
-0.114619
0.085849
0.016438
-0.049784
-0.050761
0.007018
0.104635
0.087947
-0.034233
-0.178217
-0.139638
0.040718
0.128260
-0.046217
0.092093
-0.003332
0.076788
0.014171
0.028369
-0.194996
-0.067416
-0.085125
-0.033915
0.003298
-0.284142
0.082155
-0.115420
-0.074215
0.021958
0.009923
0.121229
-0.069519
-0.052056
0.045742
0.122216
-0.053511
0.037436
-0.279027
0.054637
0.093778
0.066233
0.035532
-0.023596
0.083026
0.025626
-0.014732
0.003160
-0.023198
-0.005965
0.046414
0.014367
0.018563
-0.072364
0.001199
0.167939
0.303605
-0.177427
-0.092036
0.084440
-0.125815
-0.272587
0.099963
-0.037139
0.289429
0.039856
-0.122349
0.077165
-0.072673
0.139321
0.099089
0.071968
-0.041487
0.124702
0.037734
-0.061701
-0.062351
-0.005173
0.185424
-0.075202
0.064581
0.196069
-0.093186
-0.059549
-0.038211
0.079222
0.093723
-0.127764
-0.243848
0.121970
0.019415
-0.160037
0.066436
-0.008343
0.046007
-0.041267
0.028930
-0.026664
0.102107
0.091122
-0.018906
0.027395
0.033268
-0.091009
-0.122632
0.178919
0.088878
-0.066099
0.041622
0.103902
-0.078093
0.021060
0.024333
0.107114
0.036486
-0.151532
0.136066
0.086251
-0.023696
-0.080540
0.023717
-0.019416
0.048503
-0.103571
0.090017
-0.248760
-0.204218
-0.039221
0.269049
0.142227
0.122224
0.165411
-0.188921
0.006214
0.074844
-0.014346
-0.090793
-0.019227
-0.073218
0.172791
0.095109
-0.096858
-0.085658
-0.018496
0.059535
-0.038328
0.003560
-0.087631
0.004696
0.056130
0.107423
0.038927
0.137077
0.087873
0.070898
0.066563
0.021978
0.203166
0.015469
-0.027839
-0.210589
-0.065463
0.109076
-0.013816
-0.129478
-0.093862
-0.030827
0.047084
-0.043021
-0.089748
-0.019872
0.050695
0.297847
0.063823
0.170216
0.155034
-0.155675
0.156098
0.064766
-0.089146
0.124724
0.022250
0.176526
0.018977
-0.007478
0.319733
0.089568
-0.055813
0.058974
0.081211
0.178953
-0.071900
0.137347
0.196055
0.161173
0.055400
0.007049
0.014023
0.082652
0.033867
0.057278
0.070199
0.047026
-0.066642
-0.067512
-0.233560
-0.091855
0.157504
0.023591
-0.018879
0.029451
-0.096006
0.092432
-0.093122
-0.004793
-0.297263
-0.008305
-0.161139
-0.035784
-0.044053
0.113179
-0.126962
0.009191
0.022983
-0.069501
0.129767
-0.041959
0.069155
0.147078
0.069409
-0.128388
0.087268
-0.075478
-0.093348
-0.035236
-0.196662
0.125116
-0.098948
-0.009019
0.040004
0.084440
-0.209035
-0.110871
0.024956
-0.231728
-0.050145
0.053080
-0.088060
0.067161
0.086413
0.257447
-0.025762
0.125108
-0.149433
-0.153595
0.006703
-0.128386
0.035427
0.004825
-0.024820
0.107692
0.060863
-0.234780
0.175113
0.109453
-0.073951
0.201884
-0.033874
-0.082605
0.091941
0.165202
0.016179
0.066263
-0.137170
-0.140165
0.220031
-0.141569
-0.042350
-0.046279
0.014311
-0.085304
0.028233
-0.061664
0.021490
-0.044042
0.280269
-0.031544
-0.068850
0.140271
0.005068
0.089423
-0.097135
0.011603
-0.004997
0.112920
0.012513
-0.080054
-0.229943
0.080822
-0.028425
-0.187987
-0.019455
-0.044366
0.045790
-0.181778
0.217198
0.101569
-0.079254
-0.068490
-0.168145
-0.064871
-0.030905
-0.009339
-0.009127
-0.003172
-0.049687
-0.067916
-0.201780
-0.051103
-0.192083
0.176477
0.126683
-0.104384
0.119666
-0.233680
0.005694
0.097981
-0.006964
0.017002
0.122103
0.085680
-0.063788
0.092673
-0.117653
0.060787
-0.158867
-0.013085
-0.155198
-0.064663
-0.147019
-0.138120
0.034254
0.145173
-0.100030
0.036173
0.016528
0.059836
0.064538
0.128312
0.150920
0.100648
0.029813
0.031240
-0.064395
0.073542
-0.157247
-0.057273
-0.035165
-0.027115
-0.089069
0.019635
-0.100129
0.087458
0.040750
0.003065
-0.007544
-0.020308
0.140323
0.061671
0.256614
-0.083949
-0.099996
0.009280
-0.065135
-0.029018
0.112005
0.042885
-0.022144
0.088678
-0.085211
-0.103650
-0.103655
0.126291
0.023288
0.167529
-0.040081
0.171786
0.093330
0.118952
-0.001395
-0.100079
0.032415
0.065487
-0.140953
0.021397
0.024461
-0.200676
0.042316
-0.218884
-0.036906
-0.074578
-0.072192
0.103543
0.165449
-0.042616
0.029520
-0.034515
-0.090421
0.054436
-0.079210
-0.066326
0.206678
-0.048512
-0.079785
-0.065893
0.073653
-0.031235
0.135515
-0.170824
0.062110
0.019611
0.136657
0.005635
0.109493
-0.069139
-0.066265
0.027359
0.032645
0.265150
-0.078122
0.118110
0.117936
0.189143
0.105629
0.062476
-0.016303
0.186040
-0.061294
0.074863
0.103928
0.048987
0.091972
-0.169488
-0.039130
0.048657
0.044431
0.048997
-0.015953
-0.036942
-0.052792
-0.027103
0.055636
-0.112480
0.090323
-0.100885
0.141833
0.021775
-0.098947
-0.080009
0.027332
0.086795
-0.096565
-0.017789
-0.008482
0.134218
-0.041818
0.096093
0.068101
-0.132566
-0.162648
0.071492
-0.064028
0.007746
-0.038672
0.005254
0.057396
0.043163
-0.086971
0.090439
-0.049010
-0.031174
-0.011948
-0.061624
0.007837
0.020819
0.119524
-0.114097
-0.186310
-0.089258
-0.091915
-0.054095
0.086435
0.193623
0.038837
-0.005413
-0.158614
0.043666
-0.015511
-0.027329
0.070807
0.081553
0.020528
0.020402
-0.144808
0.036187
0.048847
-0.244607
-0.061607
-0.030458
0.167882
0.013785
-0.092593
-0.008263
-0.066049
-0.121048
-0.086658
0.074975
-0.100678
0.074960
0.018138
-0.092428
-0.194857
0.097108
-0.173666
0.036067
-0.064644
0.343015
0.042528
-0.023025
-0.000037
-0.105677
-0.198598
0.006769
-0.033114
0.148663
-0.025833
0.093915
0.064616
-0.029313
-0.198229
0.055001
0.096119
0.146225
-0.030376
-0.061300
-0.026853
-0.191823
-0.054705
-0.133075
0.202996
0.012731
0.244574
-0.087365
0.016076
0.062010
0.127257
-0.050227
0.013279
0.124015
-0.104248
0.087241
-0.068324
0.131005
0.220806
-0.132862
-0.021691
-0.212062
-0.013266
0.149431
-0.070124
-0.039704
-0.081811
-0.093165
-0.064495
0.037701
-0.123707
0.065819
0.093075
-0.229447
-0.102650
-0.169561
0.105793
-0.139538
-0.300236
-0.015802
-0.122419
0.041202
0.022606
0.102513
-0.012160
0.156581
0.096538
-0.032483
-0.012029
0.026974
-0.065962
0.060641
0.073381
-0.074732
-0.106424
-0.049639
0.202751
-0.038385
-0.065070
0.159777
-0.038270
-0.027693
-0.294129
0.035180
-0.081778
0.194467
0.063739
-0.051711
0.107996
-0.025724
0.130263
0.099792
0.004932
0.009100
0.022779
0.034428
0.070805
0.181965
0.049600
0.075537
-0.115767
0.112752
0.064692
0.057691
0.020555
0.058449
-0.215268
0.141744
-0.228679
-0.012125
-0.043552
-0.046987
-0.056070
-0.085843
0.051013
0.037097
-0.065509
0.070263
0.137299
0.051480
0.107710
0.133662
-0.060334
0.208537
-0.035069
0.048453
0.087764
0.096472
0.093671
0.177494
0.048689
-0.019707
0.048868
-0.059706
-0.026758
-0.072637
0.124306
-0.141330
-0.202904
-0.028965
-0.028088
0.178993
-0.041121
0.089219
0.049467
0.006715
-0.080566
-0.090140
0.166450
-0.120892
0.002016
-0.091353
0.171359
-0.000833
0.059387
-0.067001
-0.174242
-0.093451
0.003118
-0.149304
-0.142353
0.018308
-0.066438
0.057975
-0.028932
0.210696
0.035828
0.167761
-0.032617
-0.024939
0.123159
0.184668
-0.017695
0.060687
0.068576
-0.030533
0.033710
-0.006459
-0.099344
0.036689
-0.039794
0.215813
0.063761
0.094677
0.036071
-0.060097
0.022619
0.039286
0.108111
0.037421
-0.035956
0.129158
-0.102451
-0.085443
-0.064115
0.005489
0.132778
-0.067629
0.116613
0.046854
-0.119437
0.163997
-0.038797
-0.132069
-0.149753
0.007874
-0.121495
-0.002370
0.015496
-0.149929
-0.088799
-0.048501
0.008477
-0.000872
0.024701
-0.070016
-0.092893
-0.067264
-0.008825
-0.240136
-0.056691
-0.073492
-0.153580
-0.066623
0.066524
-0.115543
-0.102792
-0.126835
0.054004
0.107584
-0.041983
-0.093705
-0.044132
0.082261
-0.116966
0.095988
-0.007071
-0.027585
0.070972
0.108734
-0.103630
-0.076673
-0.095866
0.063990
-0.085493
-0.130661
0.070932
-0.020350
0.011297
0.065212
0.052908
0.113680
-0.108347
-0.016365
-0.081421
-0.147880
-0.090508
0.009970
0.100776
0.071791
0.004999
0.032983
0.028064
0.161277
0.078887
-0.115801
0.003861
-0.053511
0.164231
-0.120114
-0.066973
0.157044
-0.009589
0.037048
-0.164469
-0.022608
-0.113009
-0.029884
-0.033406
0.063973
0.032791
0.036904
-0.076826
-0.082817
-0.180470
-0.060504
0.059408
0.047247
0.018209
-0.201743
-0.189786
0.058018
-0.247768
0.153398
-0.048853
0.038896
0.107559
-0.035758
0.033185
-0.085731
-0.000853
-0.028986
-0.159384
-0.108644
0.119282
-0.155222
0.011978
0.020228
0.252012
-0.045776
0.049791
0.038133
0.240718
0.032471
0.009982
0.076059
-0.102219
-0.029092
0.110525
0.004191
0.009944
0.008405
0.001610
0.097661
0.021767
0.133662
-0.085992
0.208459
-0.093749
-0.056149
0.122344
-0.042265
0.077921
-0.005072
0.178212
-0.047840
0.107329
0.089068
0.032288
-0.011272
0.115101
0.055576
-0.084773
-0.151635
-0.035972
0.165118
0.148630
0.072521
0.042408
0.101898
0.139091
-0.122336
-0.061037
0.101037
-0.010864
0.071377
-0.003875
-0.116540
-0.084812
0.037733
0.219402
-0.091136
0.074528
0.017997
-0.037056
0.116954
0.205944
0.107696
0.189724
-0.253256
0.028748
0.108979
0.016444
0.190503
0.032295
-0.127748
0.068761
0.075059
0.110006
-0.047699
0.059216
-0.101064
-0.041468
0.005748
-0.257984
0.013401
-0.092942
0.128653
-0.056869
0.117655
0.035288
-0.007141
-0.160934
-0.087460
0.068837
-0.119951
0.005808
0.002372
-0.217635
-0.082092
0.029359
-0.053654
0.014973
-0.145294
-0.053691
-0.063914
-0.140582
-0.170301
0.062274
0.065040
0.018809
-0.092391
0.070155
0.045787
0.078393
0.048462
0.014132
-0.070458
-0.123122
-0.122898
0.043733
0.072925
0.068739
0.126056
-0.010992
-0.075728
-0.066789
-0.046717
-0.140220
0.029640
0.099678
0.013947
0.103892
0.116959
0.005729
0.011687
-0.000478
0.150819
-0.029231
0.021108
0.063103
-0.175364
0.039987
0.017646
-0.134661
0.055610
0.059402
0.106239
0.194175
-0.057399
-0.024351
0.030437
-0.192901
-0.095092
-0.023906
-0.009458
-0.022795
0.029216
-0.058342
0.015890
0.132280
0.091250
0.012294
-0.162642
-0.056292
-0.049238
0.093436
0.140674
-0.084743
0.148197
-0.201749
0.073127
0.083419
-0.004046
-0.071863
-0.001496
-0.019828
-0.045528
-0.069519
-0.009752
-0.188791
-0.030083
0.234773
-0.120388
-0.151275
0.156690
0.060545
-0.058346
0.149512
-0.008420
0.183522
0.122620
-0.035924
0.131791
0.007709
0.022565
-0.041911
0.029717
0.031679
-0.001274
-0.043476
0.053043
0.017424
0.008781
0.021330
0.051995
0.045188
-0.154324
0.010281
-0.087500
0.144736
-0.078256
-0.013465
0.049497
0.028145
0.011688
-0.183117
0.046268
0.304860
0.058612
0.043223
-0.024544
0.172220
-0.070599
-0.048645
-0.111535
-0.127807
-0.122715
-0.009446
0.002662
-0.017639
-0.288495
0.071862
-0.143426
0.108393
-0.100884
-0.042307
-0.376088
-0.146719
0.136392
-0.065654
-0.007881
0.080186
0.095756
-0.125413
0.070833
0.055099
0.000775
0.099534
0.023966
-0.258397
0.096534
0.078644
-0.110142
-0.087390
0.095238
-0.002956
0.036098
0.048509
-0.140886
-0.020057
-0.035161
0.105493
0.041881
-0.128954
-0.001526
0.014993
0.013003
0.163187
0.011794
-0.015564
0.043423
-0.100357
-0.104679
0.014483
-0.022471
0.111122
0.139393
-0.029793
-0.103516
0.111963
-0.142992
-0.150872
0.075879
-0.035390
-0.143080
-0.147017
0.050527
0.002536
0.015349
0.048556
0.192876
-0.034430
0.022568
0.020583
-0.036658
-0.040047
-0.036920
0.111328
0.127053
-0.048799
0.005916
-0.058440
-0.013314
0.236186
-0.076559
0.112615
0.090397
0.011915
-0.054676
-0.151965
0.023749
0.116810
0.079985
0.113538
0.229511
-0.048654
0.037036
0.093605
0.079901
-0.102399
0.110694
0.264807
-0.028742
0.052330
0.007558
0.009114
0.182591
0.007410
0.103200
-0.056977
0.141907
-0.256994
-0.055161
0.022175
0.080186
0.088147
0.035767
0.107033
-0.030459
0.046540
0.085568
-0.046316
-0.070214
0.150996
0.167579
-0.137975
-0.194156
0.027862
0.049888
0.044944
-0.059600
-0.041396
-0.125589
-0.001450
-0.072255
-0.062196
0.193189
-0.055954
0.005868
-0.067722
0.097588
0.068424
0.020029
-0.263988
-0.058534
-0.147554
-0.006625
0.056359
-0.082686
-0.032177
-0.173928
0.037785
0.124988
0.087787
0.095701
0.054242
-0.107527
-0.165096
-0.051327
-0.057442
0.147779
-0.009340
-0.189184
0.060298
0.055474
-0.030487
0.184793
0.106587
0.033730
-0.090947
-0.050533
-0.026159
0.079611
0.050516
0.088167
-0.051209
0.080910
-0.111525
-0.058528
0.155350
-0.157083
-0.069679
0.152362
-0.058530
-0.090680
-0.042342
-0.155580
-0.004406
-0.069878
0.178125
-0.081121
0.039395
-0.117505
-0.016437
-0.000209
-0.127657
0.033936
-0.169315
-0.012279
0.067570
-0.016324
0.009321
0.068621
-0.071616
-0.035930
0.039973
-0.000167
-0.194824
0.093706
-0.107662
-0.012631
0.168536
0.012020
0.011473
0.131550
0.070447
0.111045
0.015424
-0.134529
0.088309
-0.205213
0.058621
-0.042600
0.034531
-0.153274
-0.079909
0.250371
0.081124
0.075113
-0.094293
-0.175087
-0.068236
-0.051035
0.161659
0.101917
-0.041323
-0.128591
-0.017252
-0.014102
-0.070430
-0.124295
-0.151240
0.149835
0.017081
0.031973
0.089834
-0.088477
-0.059755
0.216740
0.094311
-0.293544
-0.105189
-0.135162
0.025836
-0.152673
0.197410
0.097795
-0.072168
-0.122051
-0.060421
-0.251345
-0.005665
0.174838
-0.051492
-0.035791
0.043723
-0.148325
-0.070156
0.168950
-0.127503
-0.127635
0.167300
0.001272
0.026158
-0.048949
-0.022058
0.127155
0.091992
0.110321
-0.044085
0.044817
-0.019771
-0.063110
0.026292
0.104808
-0.047837
-0.028075
0.026790
0.023114
-0.110440
-0.025554
0.090836
-0.070347
0.094568
0.075404
0.210934
0.068789
0.032247
-0.037967
-0.178275
0.066464
-0.006463
-0.133550
-0.121249
0.208889
-0.046800
0.083878
-0.141446
0.061973
-0.062585
-0.034724
0.149376
0.107427
0.166246
-0.029217
0.029909
-0.017206
-0.183335
0.027569
0.048263
0.002527
-0.017945
-0.080347
-0.063423
-0.084964
0.030981
0.116798
0.034518
0.126057
-0.004563
0.101826
-0.112864
-0.029196
0.081851
0.054924
0.033885
0.089057
0.158692
0.027401
0.095002
-0.025297
-0.069554
-0.043350
0.138574
-0.086027
-0.123743
0.061105
-0.130233
-0.145491
0.034557
0.074006
-0.031095
-0.103039
0.018438
0.006893
-0.122005
-0.086448
0.059816
-0.049476
-0.007935
0.126608
0.004792
0.047108
0.224407
-0.057514
0.016197
0.049582
0.089953
0.156833
-0.033233
-0.077392
0.056219
-0.113778
-0.051861
-0.177437
0.101548
0.162904
0.097931
0.108223
0.147066
-0.137314
0.245953
-0.011469
-0.038605
0.085143
0.061406
-0.024096
-0.020281
0.150070
-0.009289
0.106445
-0.050487
-0.052641
-0.094479
-0.234506
0.111026
0.050992
-0.122168
-0.047102
-0.061188
-0.026265
-0.013470
-0.035728
-0.008525
-0.016280
0.080599
-0.102656
-0.184965
-0.064503
0.066119
0.001581
0.051592
0.062144
0.031033
0.068495
-0.020347
0.078590
0.051646
-0.042679
-0.010393
0.141931
0.073441
0.172009
-0.255058
-0.150439
0.001348
0.127355
-0.224692
-0.097020
-0.093283
0.280454
0.131106
-0.015369
0.006110
-0.103312
-0.015093
-0.059243
-0.142451
-0.190101
0.009156
-0.121356
0.031670
-0.000233
0.073844
-0.072103
0.220471
-0.083631
-0.071606
0.009272
-0.076988
0.136139
-0.062853
-0.044435
-0.021034
0.002421
0.085967
0.098511
-0.017829
-0.010651
-0.067400
-0.077999
-0.049468
0.062297
0.046719
0.091826
-0.056651
0.092414
0.126436
0.063285
0.094891
-0.047642
0.055541
0.073011
-0.021758
-0.054636
-0.055010
0.033149
-0.102687
-0.000298
-0.202212
-0.029905
0.191310
0.012807
-0.006337
0.098386
0.093589
-0.016344
0.023639
-0.181034
0.231174
-0.022439
-0.097277
-0.147527
-0.035051
0.115419
0.131775
0.133788
0.093468
-0.038348
-0.000178
-0.161873
-0.128524
-0.015325
0.079389
0.116480
0.024404
0.060941
-0.150074
0.197871
0.060670
-0.187329
-0.187341
-0.127975
-0.156908
-0.034341
0.074766
-0.117489
0.043772
0.013777
0.055641
-0.006932
-0.110378
0.054409
-0.048455
0.003131
-0.033641
0.021201
0.175431
-0.095979
-0.003615
0.195155
0.024253
0.079931
0.060369
0.127783
-0.167916
0.054227
-0.065672
-0.045773
0.032574
-0.018819
-0.001014
0.012624
0.129443
0.078317
0.022565
0.088744
0.028381
0.039884
0.048513
-0.106674
-0.055686
0.091897
0.012278
0.000530
0.094872
-0.101611
-0.005561
0.116291
-0.080651
0.042318
0.071228
-0.083892
0.022857
-0.044555
-0.133203
-0.152973
0.078303
0.013397
0.076021
-0.083471
0.175055
0.076146
-0.123388
0.081098
0.150999
0.046128
-0.102829
-0.037654
-0.015163
-0.031255
0.018487
-0.086068
-0.075532
-0.069264
0.144502
-0.105841
0.121244
-0.015857
-0.250990
-0.063366
0.050426
0.151819
-0.178163
-0.093813
-0.038881
0.047914
-0.120338
0.087804
0.060748
0.033036
0.053957
0.141167
0.086195
-0.163262
-0.020017
0.049637
-0.163673
0.003314
0.131087
0.093079
-0.072970
-0.080393
0.022958
0.067727
-0.027906
-0.048742
-0.034596
-0.029399
0.065239
0.053864
0.059321
0.036102
-0.161980
-0.162967
0.149270
-0.007997
0.055630
0.006779
-0.070325
-0.003910
0.026441
0.031695
-0.061596
0.111703
-0.074576
-0.093353
0.004257
0.057792
-0.149619
-0.014309
0.102463
0.008418
0.140956
0.173231
-0.092569
-0.084564
0.056982
-0.101722
0.120681
-0.106539
0.121482
-0.028542
-0.231867
0.030401
0.019197
-0.007148
-0.000082
-0.154724
0.059681
0.028815
-0.016546
-0.111611
0.040409
0.079949
-0.028000
-0.231864
-0.114108
-0.077239
-0.016944
0.157736
-0.094199
0.071671
-0.141862
-0.084085
-0.048407
0.076160
-0.037032
0.020560
0.050644
-0.033141
-0.074249
0.008005
-0.106056
0.055309
0.103596
-0.091979
-0.075083
0.143105
-0.066380
0.047828
-0.021710
-0.070881
0.014000
0.083537
0.026965
-0.130577
-0.098404
0.130418
-0.037508
-0.100485
0.109506
0.061998
-0.050162
-0.055617
-0.046043
0.168216
-0.140199
0.057891
-0.067971
-0.066075
0.125451
0.187527
-0.057852
-0.060553
-0.069162
-0.104010
0.085593
0.057017
0.051646
0.161563
-0.125256
0.039065
0.048344
-0.163798
0.031119
0.182725
-0.148923
0.036322
-0.067277
0.021587
0.215440
0.050735
0.019154
0.155148
-0.049590
-0.039366
-0.055698
0.017775
-0.171126
0.059068
0.001251
0.095208
0.206729
-0.028627
0.111343
-0.078013
-0.057417
-0.068704
0.018448
-0.139867
-0.048805
0.059871
0.061933
-0.195303
-0.029597
-0.070870
-0.033384
-0.023801
-0.016568
-0.096453
0.171772
0.110520
0.142603
0.102952
0.137551
0.124372
-0.022945
-0.060440
0.117526
0.048975
-0.045967
0.122841
-0.145113
-0.235146
0.037699
-0.062395
0.027450
-0.012089
0.156413
0.063876
-0.050143
0.004675
-0.009053
0.044299
-0.046730
-0.016464
0.033902
-0.133175
-0.047920
0.091538
-0.172749
0.099943
0.075586
0.072493
-0.028711
-0.086506
0.033152
0.043442
0.080497
0.113904
0.153094
0.071937
-0.155119
-0.031654
-0.004709
0.017976
0.118582
0.178894
-0.043175
0.013433
-0.113736
-0.082456
0.106843
-0.122167
-0.112511
-0.081644
-0.086877
0.075893
-0.034741
-0.149717
0.106185
0.067977
0.092294
0.040768
-0.018919
-0.074625
0.323859
0.025868
0.117033
-0.179211
-0.066343
-0.144460
0.056275
-0.082288
0.021227
-0.077253
-0.061496
-0.043916
0.001498
-0.052237
-0.069425
0.066729
-0.002729
0.005507
0.094915
0.074163
0.097785
-0.035126
-0.190090
0.112264
0.188070
0.182349
-0.136133
-0.159204
0.027936
-0.063505
-0.146268
0.019946
-0.012318
-0.032923
-0.025455
0.108814
0.062381
0.120259
0.018513
0.025348
-0.010198
-0.047195
-0.029020
-0.080393
0.143854
-0.001023
0.004844
0.005379
-0.100155
-0.040086
0.078569
-0.186003
0.064682
-0.020355
0.049903
0.190698
-0.029562
-0.191537
-0.114821
-0.085494
0.113972
-0.014111
-0.023925
-0.035783
-0.079839
-0.086661
0.058885
-0.074735
0.228089
-0.143145
0.191750
-0.028364
0.065014
0.114382
0.070604
-0.124295
-0.030870
-0.111425
-0.022810
0.044430
-0.076254
0.110807
0.036107
0.119902
-0.223541
0.046792
-0.160512
0.154754
0.047504
0.057432
0.163326
-0.155881
-0.068666
-0.014894
-0.068823
0.123443
0.161455
0.056543
-0.010031
0.069677
0.066286
-0.041472
0.067009
0.033861
-0.123469
0.131174
0.023833
-0.139296
-0.016448
0.146209
-0.075419
0.024145
0.061888
-0.032714
0.153480
-0.004985
-0.024869
-0.266629
-0.274903
-0.188089
-0.033398
0.028833
0.162235
0.047850
-0.055115
-0.010900
0.065326
-0.100018
0.034828
0.076610
0.139767
-0.134324
-0.062600
-0.174505
0.196037
0.117798
-0.000583
-0.009831
0.070496
-0.046580
0.108312
-0.032907
-0.012669
0.017155
0.226982
0.061896
-0.076708
-0.012811
0.041914
-0.015523
0.063888
0.131385
-0.012369
-0.154220
0.058844
-0.039063
0.053376
-0.010152
-0.110728
0.135654
0.061825
0.035065
0.058007
-0.140625
-0.123168
0.029436
-0.080066
-0.125604
-0.099814
-0.090796
-0.009936
0.121623
-0.112633
-0.062944
0.186742
-0.261538
0.122163
-0.130943
0.046750
-0.038025
-0.091145
-0.065337
0.114338
-0.144513
-0.013926
-0.204425
-0.017226
-0.182001
0.037815
0.010535
0.068373
0.068918
0.031054
-0.098935
0.005275
0.003694
-0.028066
-0.074192
0.030891
0.082108
-0.134687
-0.143256
0.012513
0.065326
0.079728
0.013131
0.039811
0.000618
0.189738
-0.045119
-0.062424
-0.076093
-0.183554
0.029294
-0.149591
-0.044789
-0.057632
0.127047
-0.039507
-0.049498
-0.019515
0.150108
0.017093
0.010546
-0.008864
-0.042043
-0.046542
0.112953
0.162612
0.039695
-0.110881
-0.014471
-0.057826
-0.158929
0.009063
-0.082485
0.051003
0.019163
-0.147033
-0.070272
0.063566
-0.085958
0.055418
0.011343
-0.174237
0.104599
0.204041
0.168344
-0.235451
-0.116205
-0.022744
0.180126
0.140756
-0.021943
-0.006514
-0.065620
0.121994
-0.054090
-0.050771
-0.034897
-0.023332
-0.067696
-0.071844
-0.024023
-0.025827
-0.064485
0.089797
-0.258651
0.092797
0.039597
-0.054120
-0.000198
-0.013430
-0.066222
0.174556
0.005840
0.002249
-0.073736
0.074301
0.176826
-0.029308
-0.073800
0.078933
0.057656
-0.124746
0.085184
0.065226
0.033563
0.194182
-0.082901
0.076053
-0.069962
0.054496
-0.008920
0.092630
-0.039606
-0.060785
0.045805
0.094604
0.173434
0.077454
0.118338
-0.068533
0.084851
0.001478
-0.052208
-0.016690
-0.136415
0.198117
-0.043868
0.134952
0.051509
0.035659
-0.125457
-0.000892
0.022578
-0.025885
-0.169634
0.009065
0.162987
-0.108002
0.060361
0.096010
-0.011417
0.088857
0.058401
0.094305
0.044712
0.136393
0.163021
0.061601
-0.022246
-0.039617
-0.133656
0.085902
0.015161
-0.085592
-0.079662
-0.189552
0.063845
0.035212
0.258033
-0.122278
-0.030165
0.179541
0.048456
-0.042393
-0.063606
-0.000663
-0.019589
0.087913
-0.067672
-0.062256
0.037279
-0.205207
0.174054
-0.066104
0.118212
0.024964
-0.196485
0.039620
0.066220
0.020053
-0.044680
0.097611
-0.077663
-0.151670
0.143481
0.128809
0.118171
0.011301
0.028797
-0.041631
-0.131431
0.215154
0.118503
-0.069718
0.004402
-0.060127
-0.087320
0.169089
0.002071
0.104547
0.133318
0.069368
0.061039
-0.059687
-0.113795
-0.112214
0.028829
-0.030886
0.015975
0.151980
-0.125547
-0.152604
-0.088850
-0.117580
0.196256
-0.011140
0.072885
0.002905
-0.195695
0.186709
-0.110030
0.031465
-0.166436
-0.068349
-0.005367
0.036722
-0.126559
0.147459
-0.068382
-0.013441
0.010100
-0.121326
0.064347
-0.068759
0.224008
-0.005663
-0.027240
0.190614
0.049296
0.092680
-0.117070
-0.127620
0.043568
0.011820
0.035604
0.038946
0.093567
-0.076398
0.060377
0.001190
-0.018213
-0.161127
0.029149
0.011145
0.276172
-0.032481
0.198944
-0.008770
-0.054288
0.187865
-0.080256
-0.060508
-0.099419
0.071274
0.218225
0.165869
0.083870
0.034810
0.137442
0.196212
0.048821
0.067176
-0.086255
-0.021599
0.064788
0.008551
-0.028060
0.119030
-0.181131
0.065980
-0.196138
-0.158325
0.258713
0.055215
-0.026416
-0.047645
-0.137685
-0.101614
0.164742
-0.017194
-0.050861
-0.017995
0.019370
0.051040
-0.176732
0.103403
-0.156026
-0.017985
0.055957
-0.075764
0.026976
0.023334
-0.016456
0.037746
0.016056
0.156841
-0.030331
-0.010479
0.003328
-0.174821
0.064633
-0.133538
0.101022
0.001045
0.168138
0.047588
-0.027714
-0.062125
0.031373
-0.036355
-0.079421
0.113712
0.177788
0.022317
-0.170546
-0.091151
-0.036841
-0.140010
0.114553
0.136288
-0.002807
-0.090540
-0.024914
0.083938
0.078450
-0.084528
0.166988
0.019897
-0.021737
-0.068563
-0.091486
0.031239
0.085659
0.009181
0.048088
-0.224861
0.081562
0.085412
0.023494
0.070480
0.028433
0.070922
-0.240268
0.052758
0.097009
-0.032318
-0.090399
-0.086700
-0.168093
0.068554
-0.159744
0.055709
0.099989
-0.035544
0.145448
0.131575
-0.096271
0.015319
0.054744
0.118762
0.158037
0.105840
-0.115409
0.033236
0.121990
-0.027054
0.072552
0.010266
0.110060
-0.025590
0.055226
0.195590
-0.165445
0.069917
0.054431
0.167666
0.028382
-0.009603
0.091500
-0.033625
-0.002998
0.073425
0.024576
0.123795
0.002741
0.025547
0.046256
-0.022253
0.027641
-0.050159
-0.062548
-0.081600
-0.071210
-0.017857
0.051021
-0.071522
-0.121962
-0.110557
-0.068261
-0.216307
-0.012295
-0.084457
0.277296
-0.030164
0.077557
-0.020384
-0.079710
0.038386
0.057859
0.059132
-0.010036
0.020314
-0.027887
-0.128873
0.206803
-0.007070
-0.035487
-0.020538
-0.024265
0.046162
0.039849
0.017815
0.085312
-0.144640
-0.148901
0.153511
-0.050247
0.054394
-0.021048
0.027005
0.069872
0.024353
-0.094862
0.023348
-0.168537
-0.047154
0.079709
-0.064343
-0.195406
-0.111397
0.087382
0.248891
-0.088710
-0.089459
0.143032
-0.113939
0.024216
0.052412
0.013232
0.002746
0.029580
0.083119
0.154931
0.057663
-0.218790
0.006843
0.217024
-0.057996
-0.108637
-0.001203
0.053147
-0.030995
0.037436
0.010675
0.084279
0.076403
-0.069014
0.064782
-0.009539
-0.127820
0.041668
0.027760
0.018477
0.005863
-0.217774
-0.078374
-0.092424
-0.077581
-0.000451
0.009460
0.072236
0.219174
-0.081363
-0.055987
0.105552
0.040157
-0.021920
-0.129032
-0.142490
-0.088226
-0.085823
-0.007784
-0.017766
-0.098235
0.074424
-0.168040
0.036027
-0.020984
0.176851
-0.187945
0.050458
-0.008046
0.004225
0.027142
0.017212
-0.018368
-0.123090
0.048402
0.138731
0.166236
-0.112961
-0.115946
-0.029102
0.107095
-0.060739
-0.114975
-0.116322
-0.059271
0.135976
0.006060
-0.049396
-0.019233
-0.042610
0.001148
0.093426
0.004553
-0.135394
0.182857
0.239631
-0.059741
0.022163
-0.155301
0.071589
-0.127712
0.061430
-0.073785
0.193287
0.058726
0.009440
-0.055160
-0.079337
0.114707
-0.067087
0.094399
-0.036740
-0.078716
0.034423
0.162188
0.062060
-0.057113
0.207483
-0.099661
-0.128604
0.207304
-0.086142
-0.120210
-0.120179
-0.015932
-0.012789
0.187038
0.068966
0.006279
0.078273
-0.149164
0.010959
0.031018
0.006935
0.016421
-0.084711
-0.014360
0.115344
-0.017092
-0.005849
0.235978
-0.094903
-0.130208
-0.135106
-0.085862
-0.143348
0.196468
0.083811
0.105532
0.075922
-0.035160
-0.051249
-0.040569
-0.082281
-0.004517
-0.098537
0.124521
0.086955
-0.129848
-0.193901
0.045742
0.014208
-0.013919
-0.085275
-0.022093
-0.072074
0.094093
-0.118007
0.018266
-0.046845
-0.005828
0.047229
-0.086471
-0.001680
0.050203
0.196166
-0.222995
-0.122412
-0.077478
-0.011491
-0.037625
0.202393
-0.014870
0.026076
0.040219
0.063651
-0.108324
-0.090141
0.076968
0.150781
-0.050427
-0.035185
-0.018838
0.119008
-0.126689
0.022575
-0.044570
0.088841
0.108305
-0.131642
0.207019
-0.034612
0.067851
-0.165464
-0.043315
-0.088725
0.017768
-0.102871
-0.142765
0.002980
-0.010630
-0.062659
-0.086457
-0.153501
-0.041229
-0.101181
0.035210
0.225695
0.105504
0.084263
0.002283
-0.043573
-0.163498
-0.058425
0.124507
-0.031413
0.086881
0.041694
-0.095460
-0.281649
0.025781
0.023711
0.114496
0.064963
0.172896
0.131054
0.198901
-0.062967
0.021709
0.035984
0.074140
0.036032
-0.011342
-0.188702
-0.030715
-0.030168
0.186449
-0.226956
0.172292
0.029967
0.013996
-0.176744
-0.050264
0.026361
-0.073179
0.038508
-0.061025
-0.078967
-0.207235
0.068091
-0.020947
-0.144062
-0.091852
0.105121
0.175022
0.122079
-0.108386
-0.090774
-0.079946
-0.020961
-0.019658
-0.155937
-0.059659
0.027875
0.008587
0.087783
-0.298705
0.190940
0.075712
0.010470
0.041413
-0.053752
0.197731
-0.041315
-0.064761
-0.050055
-0.111489
0.002540
-0.019096
0.098930
-0.145067
0.036454
0.001371
0.074428
-0.027922
-0.135660
-0.044013
-0.029407
0.053382
0.115782
0.024256
-0.138140
-0.147780
0.032750
0.097658
-0.155695
-0.058896
-0.164967
-0.026200
0.163584
-0.016325
0.019025
-0.102062
-0.014536
-0.006112
-0.022642
0.036459
0.138051
0.046125
-0.042061
0.047687
-0.066579
-0.025922
0.205991
-0.095652
0.056873
-0.072752
-0.048802
0.190005
0.000782
0.214122
-0.073810
0.031072
-0.090621
-0.102946
-0.055047
0.064387
-0.098433
0.025272
-0.009622
0.106045
-0.059649
-0.080835
-0.059808
-0.021670
-0.045066
0.171529
0.040773
0.098911
-0.002167
0.024438
0.106157
0.079099
0.084884
-0.026081
0.133115
0.117287
-0.070926
-0.047728
-0.035210
0.189797
-0.086478
-0.062594
0.139753
-0.061656
0.133780
-0.078725
0.162094
-0.113981
-0.157852
-0.017699
-0.107335
-0.031954
0.191198
0.095596
0.014072
0.104347
-0.269859
0.075426
-0.044221
-0.127831
-0.119661
-0.169407
0.080877
-0.065824
0.031100
0.119853
0.178300
-0.070769
0.034075
0.121013
-0.050634
-0.091469
-0.020420
0.039555
-0.046065
0.016840
0.149332
0.006885
0.216308
0.059019
-0.019414
-0.000156
-0.035442
-0.002294
-0.018603
-0.127239
-0.026830
0.176857
-0.052482
0.077206
0.058064
0.107345
0.051734
0.068314
0.058609
0.127914
0.189773
-0.026957
-0.118170
0.120764
-0.081588
0.032012
-0.060304
-0.211058
0.096703
-0.040481
0.000883
-0.117170
-0.010612
0.102601
0.026974
-0.067182
-0.060413
-0.007355
-0.071094
0.046680
-0.287748
-0.093544
0.021074
-0.116012
0.052439
-0.137665
0.093904
-0.247029
0.046422
-0.208845
-0.029810
-0.095419
0.042088
0.118318
-0.036838
-0.134202
-0.013452
-0.137508
-0.147890
0.034617
-0.233101
-0.057309
-0.037916
-0.107037
-0.059388
-0.170178
-0.022630
0.007050
0.177488
-0.053526
0.105539
-0.039494
0.065342
0.129778
-0.172360
-0.067833
0.019922
0.042099
-0.089462
-0.175769
-0.032488
-0.018050
-0.008400
0.009427
0.030654
-0.073260
0.042209
0.160816
-0.137495
0.119042
0.019918
0.094166
0.071294
-0.064412
0.191940
0.043766
0.009634
-0.042512
-0.089293
-0.040525
0.166400
-0.012685
-0.219251
0.143126
-0.036331
-0.000227
-0.074179
0.059352
-0.136468
0.015388
-0.092694
-0.023403
0.006406
0.083673
0.131904
-0.012390
0.014931
0.088907
-0.034791
0.132520
0.050673
-0.074691
0.109693
-0.062547
0.008471
-0.033211
-0.094206
0.010757
0.066729
-0.046248
-0.083469
-0.060214
0.092691
-0.094082
0.109868
-0.045850
-0.067071
-0.078024
-0.155451
-0.013052
-0.036488
-0.024205
0.112573
0.095139
0.121564
-0.134209
-0.039718
0.104873
0.023775
0.101947
-0.169631
-0.038075
-0.005894
0.015323
-0.080936
-0.061028
0.012532
-0.006681
0.122439
0.004066
0.032194
-0.100731
-0.052696
0.029434
0.056687
0.176347
0.033962
-0.046475
0.097122
-0.018115
-0.034194
0.026244
-0.081169
0.091101
-0.080733
0.002451
-0.099642
-0.022466
0.061532
0.017874
-0.015048
0.213666
-0.122549
0.140976
-0.040341
-0.022382
0.023299
0.029521
0.320095
0.065598
0.187757
-0.191827
0.076748
0.005991
0.047487
-0.057634
-0.078848
0.083974
0.108696
-0.051153
0.133386
0.001543
-0.020561
-0.165828
-0.097512
0.119951
-0.105113
-0.107646
-0.109900
-0.027213
0.072081
-0.169630
0.164094
0.151500
-0.011849
-0.055985
-0.006501
0.215790
0.050028
-0.009734
0.025135
-0.043475
-0.125531
-0.036671
0.038227
-0.078575
0.017073
0.129901
0.034583
0.094594
-0.113083
0.050243
0.124415
-0.019116
0.131379
0.066331
-0.138468
-0.184797
0.079187
0.150421
0.060925
-0.059111
-0.256902
0.095444
0.070189
0.053408
0.115500
0.082254
-0.165943
0.043206
0.097495
-0.237975
-0.146519
0.054465
0.158959
-0.211610
0.070978
0.092403
0.015084
0.148047
0.069324
0.228199
0.092572
0.253239
-0.062800
0.055050
-0.072899
-0.061499
-0.078520
-0.209027
0.037436
0.063757
0.057690
0.058052
0.003884
-0.101122
-0.004711
0.030311
0.226704
0.107510
-0.064302
0.102803
-0.166658
-0.042497
0.009699
-0.141076
0.174686
-0.018654
0.116468
-0.057205
-0.092215
-0.183234
-0.009277
0.008335
-0.186950
-0.012680
-0.111889
-0.121393
0.035776
0.119428
-0.066240
0.034699
0.006415
-0.187964
0.184287
0.076608
-0.095391
-0.148719
-0.011940
-0.134554
-0.111449
0.058133
0.087568
0.018755
0.071112
-0.066164
-0.032839
0.034436
-0.133320
0.089800
-0.001558
-0.075020
-0.022248
-0.107734
-0.082407
0.094296
-0.041430
-0.101177
0.011502
0.012518
-0.213467
0.146391
-0.089846
-0.188946
-0.056991
0.181241
0.001273
0.257633
-0.080416
0.004347
0.055838
0.121749
-0.003546
-0.067015
-0.005647
-0.006925
0.019401
0.027914
0.062465
0.085365
-0.083848
-0.022488
0.040706
-0.186886
-0.018547
-0.051263
0.056602
-0.100497
-0.234368
-0.008971
0.123399
-0.017987
0.101049
-0.041563
-0.058379
-0.093094
0.028742
0.032893
-0.013907
-0.196151
0.078265
-0.043707
-0.159991
0.111303
-0.052857
0.089241
0.104458
-0.170782
-0.057640
-0.036650
0.134926
-0.084608
-0.025074
-0.057119
-0.095577
0.130510
-0.007562
-0.029473
0.102342
0.052442
0.006914
0.036324
0.315286
-0.176107
0.094115
0.182805
-0.185376
-0.189635
-0.089969
0.095243
0.140062
0.026031
0.025183
0.169225
-0.252286
0.007307
-0.097097
0.036441
-0.061772
-0.075311
0.052168
0.061297
-0.080539
-0.057402
-0.022619
0.074946
0.187763
-0.000061
-0.132578
-0.056194
0.127024
-0.087721
-0.057668
-0.118672
-0.093624
-0.202696
-0.113667
-0.083915
-0.003507
0.184207
0.135202
0.051888
0.277149
0.265826
-0.101620
-0.037629
0.036536
-0.085740
0.062788
-0.102472
-0.249543
-0.068981
-0.059176
0.166208
-0.051642
-0.050643
0.181750
0.251281
-0.093489
-0.148220
-0.235029
0.078452
-0.185274
0.171600
0.180382
0.036245
-0.087235
-0.097547
-0.098184
0.029494
-0.079642
-0.049883
-0.033536
0.122448
-0.011793
0.004824
-0.023457
-0.121320
-0.118260
0.135794
-0.041659
0.001056
0.134613
-0.175434
0.079611
0.159485
-0.089956
-0.152559
-0.109312
-0.083262
-0.051835
0.076492
-0.095250
-0.130519
-0.117059
-0.081176
0.150164
0.069213
0.070968
-0.048997
0.096644
0.071871
0.036198
-0.006684
0.146572
-0.069927
0.085846
-0.018624
0.009894
-0.042814
0.067277
-0.270268
-0.152259
0.096818
-0.069314
-0.036435
0.253051
0.095750
-0.044656
0.156715
0.150891
0.037890
-0.176938
-0.140605
0.024429
0.189440
-0.093044
0.044170
0.078935
0.161667
-0.009567
-0.066860
0.016208
0.100447
0.043897
-0.081158
-0.143162
-0.088356
-0.097966
-0.033153
0.205726
-0.083653
0.034882
-0.035126
0.048909
-0.130222
0.163345
-0.179641
0.132543
-0.037133
0.017332
-0.080783
-0.002665
0.235559
-0.088960
0.040519
0.130396
-0.050651
-0.066055
-0.052633
-0.050881
0.059660
0.069484
-0.013872
-0.074221
0.017098
-0.014090
0.104372
-0.021819
-0.007328
-0.018241
-0.061817
0.038146
0.002403
0.146709
-0.100010
0.211646
-0.149544
0.134226
0.210557
0.129814
0.115913
0.080424
-0.040893
0.142044
-0.161588
-0.000090
-0.201036
-0.066432
-0.021725
0.100605
-0.146988
0.027048
-0.094934
0.189466
0.082378
-0.103398
0.043681
0.098052
0.006807
-0.091730
0.015716
-0.173915
0.074620
0.011468
-0.041248
0.058139
0.020388
-0.061831
-0.047264
-0.108460
0.110810
-0.150683
0.032131
0.060894
-0.008759
-0.128342
0.159561
-0.091599
-0.028110
0.012077
-0.119299
-0.069673
0.054502
0.055795
-0.048049
-0.098859
-0.115409
-0.001259
-0.001650
0.127661
0.075153
0.022880
0.024936
-0.032031
-0.127717
0.054912
0.165905
0.079566
-0.073741
-0.024518
0.079044
-0.036444
0.013026
-0.066000
-0.249736
-0.023444
-0.005491
0.044271
-0.183065
0.036671
0.114988
-0.105054
-0.138195
-0.050891
-0.081810
-0.122663
0.026613
0.032546
-0.036431
0.036379
0.036889
0.008392
0.047023
0.014926
-0.083275
0.023904
-0.002083
0.014438
-0.030356
-0.038029
-0.144801
0.032034
-0.003119
-0.011074
0.002838
-0.069994
-0.009622
-0.073916
-0.095000
0.051737
-0.024572
-0.095710
0.052223
0.009854
0.158488
0.018032
-0.158834
0.222210
0.129948
0.182692
-0.100258
-0.052317
0.003110
-0.009701
0.069710
-0.073355
-0.032198
-0.101432
-0.004581
0.020674
-0.041378
-0.156004
0.238768
-0.020421
0.115854
0.040643
0.079563
0.137531
0.017784
0.022365
-0.084895
-0.001958
-0.120247
0.074632
-0.059397
0.001910
-0.024512
0.043326
-0.139065
0.013672
0.000362
0.060177
-0.023391
0.049522
-0.016331
-0.064991
0.054729
-0.023675
0.031963
-0.065219
0.031965
-0.001280
0.043052
0.081541
0.034782
0.147021
0.331407
-0.011981
0.061759
-0.105173
0.096506
0.136216
0.060098
-0.025472
0.060713
0.037315
0.000991
-0.047749
0.103336
-0.142473
-0.018997
-0.148197
0.096423
0.083069
-0.139202
0.118393
0.233674
-0.052188
0.203675
-0.025363
0.033973
-0.008461
-0.063064
0.117622
-0.000476
0.013689
0.080255
0.086042
0.016003
-0.032219
-0.094583
-0.129848
0.124699
-0.024178
0.085405
-0.228734
-0.155017
0.164472
-0.009539
-0.110572
0.149904
0.026967
-0.089527
0.142475
0.108911
-0.134429
-0.186177
0.173005
0.046075
0.187618
0.115644
-0.005578
0.051069
0.069879
-0.060210
-0.087705
-0.089307
-0.005485
0.078512
-0.115619
0.009352
0.007881
-0.084644
0.094391
-0.135346
0.212758
0.058187
0.250203
0.103892
0.022877
0.082077
0.039212
-0.011270
0.064446
-0.202270
0.032095
-0.023158
0.094873
-0.247121
-0.047900
-0.063729
-0.005168
-0.124138
-0.143907
-0.042911
0.033003
-0.133191
0.111167
-0.026902
-0.074941
0.129772
0.086046
-0.016127
-0.084545
0.090907
0.221191
0.163811
0.014897
0.148601
-0.125653
-0.064764
0.007990
-0.004570
0.142950
0.005300
-0.014210
-0.018442
0.030433
0.001950
-0.069277
0.024392
0.144995
-0.063210
0.045285
0.044724
0.011052
-0.012939
-0.091887
0.158900
0.179132
-0.156332
-0.122425
-0.141587
0.066351
0.129062
0.082563
0.062006
0.096235
-0.030837
0.148884
0.093854
0.096550
-0.046855
0.010795
-0.036705
0.090254
-0.000305
0.095248
-0.056525
-0.119372
-0.122675
0.013629
0.093841
0.075325
0.001435
0.125237
0.098182
0.040682
0.161711
0.013357
-0.090733
0.129037
0.077996
-0.038301
0.031931
-0.102307
-0.006874
-0.017766
0.094706
0.133520
-0.003280
0.006522
0.043585
-0.167911
0.039940
0.085037
-0.052083
0.015036
0.052268
0.142212
-0.069717
-0.138734
-0.014899
-0.052657
0.055597
0.053943
0.135644
-0.038396
-0.139445
0.083359
0.090360
0.057241
-0.050689
-0.130553
-0.082136
-0.226456
0.006289
0.109822
-0.054522
0.042306
0.026329
-0.051383
-0.128297
-0.152392
0.039130
-0.081255
-0.120908
-0.058866
-0.094618
0.093468
0.133130
-0.114983
0.132306
-0.221117
0.017112
-0.189349
0.044457
-0.124462
-0.022668
0.015450
-0.021041
0.163624
0.001044
0.019032
-0.060827
-0.045667
-0.079958
-0.031852
-0.033017
-0.004358
-0.168037
0.079167
-0.194565
0.251910
0.044171
0.009699
-0.239779
-0.083449
0.053751
-0.023261
0.250314
-0.014108
0.082443
0.006467
-0.027935
-0.003791
0.147689
0.053419
-0.054055
0.111945
-0.037366
0.154516
0.077448
0.095468
-0.003510
-0.062113
-0.025179
0.061169
0.074421
-0.044148
-0.171905
0.014248
-0.065607
0.074388
0.013023
0.133219
-0.098691
0.246779
-0.003259
0.157044
0.097830
-0.029033
-0.080488
-0.034305
-0.080286
0.028506
-0.027359
0.028543
0.070095
0.151073
-0.079620
0.155702
0.105103
0.047384
0.055946
0.146272
0.023930
0.008317
-0.164389
0.011642
-0.200617
0.178854
-0.021658
-0.025017
0.132969
-0.014940
0.108028
0.041859
-0.047705
-0.118172
-0.212225
-0.083113
-0.036950
-0.072082
-0.084974
-0.058880
0.204837
-0.053628
-0.024193
0.009601
0.046865
-0.170706
-0.018996
-0.162042
-0.042828
0.134721
0.074653
-0.171628
-0.056172
-0.096682
-0.034354
0.074371
-0.096519
-0.019144
0.248982
0.050186
0.148696
-0.261433
0.034815
-0.044302
-0.012755
0.012587
-0.012348
-0.080638
-0.068147
0.051252
-0.149174
0.002911
0.020165
-0.001133
0.039897
0.042902
0.244826
-0.261303
0.010505
0.162557
0.036446
0.052618
0.200889
-0.041556
-0.099808
-0.008262
0.022001
0.086673
-0.119590
0.047428
0.091372
-0.012753
-0.177250
-0.025133
-0.091256
-0.006413
-0.099360
-0.154444
-0.224886
0.070996
-0.082163
0.078582
0.034653
0.018026
0.135136
-0.217590
-0.098438
-0.034643
0.014679
0.036556
-0.159211
-0.021745
0.119967
0.026789
0.048066
0.001556
0.014365
-0.031671
-0.224326
0.096960
-0.072996
0.111098
0.015809
-0.204546
0.152614
0.064777
0.053341
-0.062865
-0.386932
0.008486
0.054148
-0.121343
-0.054720
0.018617
0.012016
0.038049
0.175865
-0.207342
0.046175
-0.062774
0.031295
-0.054754
-0.109872
0.088160
-0.115352
0.139964
0.005520
0.019340
0.071635
0.063434
-0.074397
0.005718
0.017647
-0.081075
-0.000076
0.090278
0.050532
-0.198237
-0.012406
0.057647
-0.004744
0.145881
-0.081668
0.084484
-0.029305
0.011964
0.034429
-0.120423
-0.170528
-0.156477
-0.029538
0.028259
0.022691
-0.115433
0.066804
-0.281042
0.132623
-0.097886
-0.119810
0.000203
0.033756
0.185211
-0.124421
0.034320
0.141944
-0.127727
-0.053813
-0.044238
0.056736
-0.084747
0.070146
0.054097
0.255763
-0.326568
0.026897
-0.030992
0.143721
0.110250
-0.096322
0.041423
-0.075656
0.038047
0.215440
-0.005704
-0.025728
-0.106845
0.166385
0.183382
0.049262
0.026820
-0.175717
-0.050275
-0.107911
-0.030208
-0.194706
0.169881
0.038438
0.207894
0.057474
0.108666
0.182760
0.016045
-0.058732
-0.136812
-0.102108
-0.041437
0.040349
0.171341
0.018009
-0.213938
-0.250915
0.039310
0.071265
-0.149649
0.138708
-0.054403
-0.269377
-0.054008
-0.178971
0.085484
-0.038588
0.039415
0.020246
0.018499
0.231487
0.104590
-0.156671
-0.032359
-0.107965
0.027124
-0.049509
0.141019
0.094747
-0.103675
0.175756
0.143557
0.033806
0.094647
0.093060
-0.058582
0.017371
-0.192505
-0.013055
0.111133
0.049170
0.076266
-0.082440
-0.155998
-0.108958
0.137648
-0.041135
-0.045847
-0.128420
0.113877
-0.117900
-0.037266
0.101903
0.070888
-0.236280
-0.102448
-0.052902
0.109789
0.004120
0.024368
0.048651
0.056587
-0.052852
-0.065538
-0.100106
0.022285
-0.218108
-0.146347
0.285756
-0.050482
-0.001090
-0.168420
-0.059404
0.031971
0.081441
-0.135469
-0.011139
0.152157
-0.292393
-0.056942
0.179334
0.188521
0.176935
-0.015262
0.077394
-0.260617
-0.086307
0.037180
-0.025360
0.051601
0.055421
-0.006516
0.160588
-0.124968
-0.130553
-0.051606
-0.040091
-0.097568
0.010200
-0.029999
0.049921
-0.106473
0.070943
0.084555
-0.058709
0.004201
0.022147
-0.087976
0.039872
0.080769
-0.079625
-0.002800
0.014465
-0.152963
-0.150983
0.208042
0.204560
0.057652
-0.007035
-0.054831
0.095403
0.032639
0.016184
0.077475
-0.081354
-0.009929
0.014920
0.028047
0.115918
-0.200819
-0.077242
-0.057750
0.042203
0.047114
-0.184561
-0.153554
-0.044139
-0.128168
-0.190194
0.119671
0.049710
-0.035846
-0.140453
0.165579
0.097945
0.010394
-0.168968
0.042522
0.030370
0.035913
-0.200602
-0.057357
0.004068
-0.060710
-0.041030
0.206246
0.108467
0.020623
0.146081
0.047436
0.055028
-0.170429
-0.102732
0.267346
-0.009973
-0.165553
0.048783
0.193685
0.078253
0.014743
0.054975
0.013461
0.039367
-0.177471
0.065155
0.029832
-0.185469
0.166442
-0.148483
0.006651
0.017731
0.174379
-0.041091
-0.177134
0.122405
-0.142873
-0.152133
0.088259
-0.029808
-0.028450
-0.012136
0.052609
0.011493
0.150305
0.019108
0.135406
-0.096200
-0.136825
-0.017547
-0.190214
0.081126
-0.032430
-0.105188
-0.140803
-0.039182
-0.219783
-0.002161
-0.182589
-0.096583
0.009643
0.020715
-0.094931
0.055377
0.018510
0.077178
0.075595
0.166848
-0.012760
0.067414
0.009531
0.066961
-0.065234
0.217135
0.047828
-0.150816
-0.020886
0.066612
-0.055761
0.123510
-0.099762
0.077012
0.052701
-0.007119
-0.033209
-0.064731
0.052253
0.037252
0.113557
0.145317
0.120051
0.078251
0.077252
-0.002018
0.048686
0.164247
0.107594
0.227636
-0.041732
0.015930
0.024350
0.038867
-0.170960
0.073613
0.048283
-0.021081
0.049153
-0.043115
-0.058220
0.107987
-0.028705
-0.134755
0.113611
0.079049
0.084641
-0.041292
-0.019795
0.036476
0.220972
0.072095
0.091080
-0.088866
0.014515
-0.004204
-0.041271
-0.042388
0.114578
0.046648
0.042444
-0.028735
0.044883
0.025051
-0.027708
0.057897
-0.293752
0.033144
0.034527
0.066577
0.052631
-0.002563
-0.106104
0.051943
0.088778
-0.085583
0.077211
-0.036835
0.081451
0.057365
-0.174757
-0.076714
0.075999
-0.024420
0.091419
-0.016634
-0.062129
-0.029549
0.349586
-0.152459
-0.064948
0.085404
-0.024274
-0.080033
0.067942
-0.023627
-0.128481
0.092573
-0.170160
0.047713
-0.086017
-0.015051
-0.003139
-0.011920
-0.046179
0.192230
0.045202
0.007699
-0.100790
0.066589
0.081910
-0.122183
0.158626
0.152145
-0.019115
0.086455
-0.155097
0.003064
-0.055252
-0.174938
-0.080903
-0.034068
-0.112507
0.083024
-0.198713
-0.030501
0.114906
-0.092962
-0.084102
0.135194
-0.036558
0.020334
-0.056956
0.009703
0.081279
0.163808
-0.175781
-0.187433
-0.088709
-0.099858
0.135494
-0.146170
0.108379
0.004201
0.197652
0.094938
-0.050183
0.183663
-0.135926
0.073901
0.180148
0.088872
-0.057759
-0.031070
0.066170
0.014362
0.033676
-0.072213
0.318322
0.077464
0.118377
0.036784
-0.050942
-0.069805
0.035565
-0.007100
-0.003027
0.008813
0.094656
-0.109332
0.009376
-0.033072
0.174771
0.020570
0.050578
0.066430
-0.058194
0.052905
0.001597
-0.159586
0.064298
-0.125480
-0.023061
0.245902
0.218380
-0.048377
0.080989
-0.056752
0.064449
-0.090498
-0.044091
-0.074929
0.055002
0.032052
-0.012165
-0.050811
-0.116117
-0.024466
-0.003017
0.007516
-0.109490
0.104478
-0.001243
0.099198
0.251570
-0.136125
0.133401
0.132390
0.029802
-0.124557
-0.018157
-0.012936
0.084376
-0.054605
-0.056099
0.128936
0.034142
-0.030683
0.019844
0.035789
-0.001921
-0.182106
-0.176982
0.030059
0.122814
-0.080245
-0.006156
0.051105
0.098063
-0.008884
-0.010432
-0.054445
-0.124661
0.059442
-0.079626
0.019889
-0.047365
-0.062339
-0.054669
0.168774
-0.100444
-0.200357
-0.034512
-0.007513
-0.027893
0.120585
0.005032
-0.213210
-0.082800
0.015747
-0.272867
0.089274
-0.016461
-0.029471
0.021353
-0.108181
-0.052210
-0.140617
-0.099772
0.156023
0.155206
-0.104937
-0.008359
-0.031319
0.255221
0.006017
-0.017710
-0.076004
-0.034835
-0.206812
0.062533
0.074984
-0.087386
0.039395
-0.059855
-0.050990
-0.202167
-0.032419
-0.103440
-0.063149
-0.112354
0.049287
-0.131213
0.007889
-0.032041
-0.027768
-0.085957
-0.102271
-0.169982
-0.088957
0.182116
0.132620
-0.105121
0.053167
0.026562
-0.094440
-0.105725
-0.008093
0.017724
0.056530
-0.074943
0.096560
-0.099698
0.006429
-0.085226
-0.136719
-0.057702
-0.087498
0.094479
0.062284
0.069875
0.090821
0.171165
0.038250
-0.106013
0.128165
-0.070328
0.090577
0.083643
0.057336
-0.151601
-0.059224
0.026600
-0.034253
0.011922
-0.060232
0.097192
0.189838
-0.019281
0.025232
0.047916
-0.199362
-0.074512
-0.055078
0.195752
0.007585
-0.187486
-0.137192
0.112390
-0.214429
-0.062868
-0.084986
-0.027449
0.007068
0.004594
0.056119
0.118214
0.033133
0.108199
0.043368
0.021615
-0.087663
-0.008167
0.144511
-0.012823
0.009863
0.011356
0.084014
-0.034693
0.053726
0.177392
0.075149
0.012417
0.065384
-0.215092
0.142737
-0.060292
-0.037732
0.075720
-0.054455
-0.094309
0.133773
0.032390
-0.036952
0.055659
-0.103440
-0.143598
0.116592
0.019005
-0.058403
-0.132751
0.220613
-0.028574
0.207306
0.044202
-0.168427
-0.005172
-0.197513
-0.018291
-0.059450
-0.075477
-0.043366
0.152795
-0.029542
0.051494
-0.051608
0.038068
-0.018074
0.164506
-0.000762
-0.011611
0.094155
-0.073008
0.122338
-0.092146
0.177790
-0.105519
-0.129968
-0.091628
-0.091505
-0.050591
-0.117370
0.029140
-0.087867
0.011690
0.000053
-0.026138
0.104499
-0.040831
0.016090
-0.036343
0.093992
0.138707
0.055734
-0.140335
-0.071404
0.052648
0.088074
0.051661
0.126226
0.024664
0.031750
0.024066
0.031024
-0.179002
-0.153884
-0.121227
0.211399
-0.063326
0.060153
-0.018400
-0.167333
0.102861
0.059395
-0.020614
0.047397
-0.329374
0.005745
-0.033103
0.088645
0.006615
0.270211
0.026527
0.145560
-0.011016
0.039859
-0.020427
0.055846
-0.076021
0.102263
0.003318
-0.062812
-0.092496
-0.026541
0.056305
-0.040800
-0.087975
-0.028848
0.157483
-0.163245
0.102044
-0.093952
0.014646
0.001943
0.173856
0.052352
0.196869
-0.052049
-0.013645
0.223375
-0.002554
0.005457
0.050175
0.126139
0.063293
-0.199377
-0.036045
0.047368
-0.078416
0.123451
0.002298
-0.104939
-0.125327
0.035459
-0.032293
0.020794
-0.099802
-0.049401
0.066253
0.270220
-0.010547
0.051232
0.049988
-0.023878
-0.130072
-0.041836
0.096433
-0.058760
-0.053912
0.107873
-0.142534
0.151100
0.149394
0.008497
-0.058154
-0.038396
-0.108481
0.137112
-0.045935
-0.025485
-0.105337
0.053231
0.012563
0.113198
-0.056868
-0.145007
0.017834
-0.109800
0.039956
-0.104406
0.088955
0.062130
0.049045
0.133213
-0.044997
-0.019042
0.033075
-0.063780
-0.043410
0.049928
-0.038731
0.222116
-0.106386
-0.240768
-0.088257
0.039623
-0.078312
0.173221
0.017716
0.076085
0.053903
0.075432
-0.177357
-0.078474
-0.268304
-0.087659
0.055158
0.178124
0.157524
-0.025167
-0.007049
0.160202
-0.099805
0.014087
-0.023781
-0.166024
0.191867
0.242942
-0.098179
0.058871
-0.040943
0.060249
-0.084008
0.073443
-0.077703
-0.072032
-0.019923
0.024364
-0.087720
-0.120840
-0.032303
0.063554
-0.045622
0.166754
-0.043506
-0.128677
0.116985
0.029639
0.146061
0.034547
-0.139504
0.100700
0.086425
-0.079656
-0.003680
0.045957
-0.118957
-0.026472
0.069293
-0.150915
-0.043850
0.044422
0.125005
-0.076438
-0.023003
0.013039
0.043896
-0.021833
-0.042488
0.082938
0.197681
-0.081578
0.152192
-0.163921
0.010999
0.034281
0.028874
-0.165935
0.014355
0.064252
0.063197
0.117450
-0.147507
-0.099902
-0.016405
-0.022451
0.016478
-0.056570
0.010495
-0.064880
0.050870
0.041185
0.122555
0.203624
-0.156023
-0.163129
-0.081857
-0.020971
-0.087343
-0.164095
0.171957
-0.154379
0.011750
-0.006194
0.274386
-0.095776
0.023979
-0.025662
-0.006706
-0.044068
-0.044081
0.010668
0.080950
-0.008837
-0.158355
0.084735
-0.057359
-0.018593
0.041850
0.103187
0.155273
0.087717
0.138714
-0.053651
0.010208
0.014370
0.071479
0.013919
0.069067
-0.043049
-0.217490
-0.066703
-0.070241
-0.030202
-0.069458
-0.193940
-0.198882
0.022386
-0.066812
-0.077213
-0.112619
-0.156978
-0.063613
0.010761
-0.054544
0.193960
-0.121918
-0.084625
-0.041709
0.022625
-0.009041
-0.064894
0.058219
-0.054847
-0.038533
0.010884
-0.055537
0.099505
0.010509
-0.219013
-0.182758
0.139108
-0.205154
0.120646
-0.126669
-0.111846
-0.090414
-0.084541
0.099130
-0.111791
0.217256
0.177640
0.080637
0.074617
-0.075568
0.056472
-0.084071
-0.077529
0.189381
-0.000672
-0.058879
-0.160826
-0.035471
0.062257
-0.011925
0.075571
-0.151362
-0.058034
0.073971
0.052893
0.079284
-0.202762
-0.025800
0.108082
0.081610
0.022168
0.098073
-0.206747
0.088423
0.071336
0.113015
-0.011241
-0.038963
0.022507
-0.014605
0.037028
-0.104056
0.066312
0.058513
-0.100030
-0.192485
0.196908
-0.071758
-0.062456
0.006566
-0.028716
0.057106
0.025074
0.046229
-0.078677
0.099522
0.051442
0.084976
0.097144
0.054352
-0.105704
-0.025706
-0.098858
-0.071107
-0.021426
0.011690
-0.019048
0.064465
-0.062470
-0.167240
-0.174086
0.226762
0.087065
-0.064440
-0.159855
0.046052
0.124425
-0.000113
0.034067
0.143932
0.001159
0.056305
0.016136
0.019160
0.080202
-0.052070
0.097602
-0.041751
-0.056652
-0.067124
0.057434
-0.018832
0.009124
0.067579
0.249189
-0.089446
-0.020370
0.032369
0.138667
-0.179817
0.020537
0.079733
0.195443
0.160112
-0.060331
0.050403
0.136429
0.021654
-0.048018
0.015786
0.076437
-0.009885
0.117579
-0.095841
-0.070175
-0.022099
0.032024
0.095304
0.043824
-0.026733
0.305885
0.090974
-0.129440
-0.148646
-0.072361
0.227979
-0.049383
-0.001903
0.132660
-0.095740
0.063660
0.013371
0.175317
0.032701
0.001213
-0.070863
0.146142
0.006773
0.083617
0.069680
0.103561
-0.003984
0.122820
-0.045051
-0.044526
-0.071130
0.131647
-0.034682
0.083325
0.008926
0.104740
0.000612
0.026760
-0.091839
-0.067377
-0.116735
0.043673
-0.074732
0.069318
-0.021787
0.089744
0.026432
0.118406
-0.074671
0.009222
-0.054030
-0.124896
0.182856
-0.053364
-0.128203
-0.120175
0.005885
0.013177
0.163276
-0.218799
-0.087713
0.072926
0.223009
0.202258
0.074279
-0.001326
0.172817
-0.192080
-0.032896
0.050502
0.032606
-0.164846
0.066201
0.066822
0.047405
0.045112
-0.026320
-0.008844
0.096440
-0.184026
-0.028476
-0.164943
-0.165376
0.055345
0.221472
0.116084
0.133332
-0.206172
0.055232
-0.007404
-0.027251
-0.132844
-0.132316
0.174900
0.038070
0.223390
-0.074635
-0.179031
0.070672
-0.024856
-0.063328
-0.103854
0.005535
0.132777
-0.035118
-0.056497
0.080276
-0.032448
-0.081291
-0.124713
-0.172473
-0.142403
0.083410
-0.059117
-0.086102
0.035739
-0.126210
-0.188293
-0.113376
0.218407
0.070574
0.022503
-0.040573
0.040943
0.053203
0.048502
0.113004
-0.019595
0.290780
0.091007
0.112185
-0.174408
-0.193042
0.231262
0.065892
-0.039369
-0.025629
-0.022815
-0.022466
0.149754
-0.076971
0.046981
0.081301
-0.061892
0.117642
0.002026
-0.072212
0.067958
0.111874
-0.094571
-0.056424
0.037242
-0.073541
-0.291538
0.185968
-0.094159
-0.226811
0.036434
0.094299
0.054326
-0.103100
0.088563
-0.037359
-0.099078
0.132518
0.018306
0.096765
-0.000774
0.009539
-0.102692
0.016593
-0.023141
-0.080420
-0.184471
0.078790
0.003362
0.119340
-0.056496
0.000041
-0.037790
-0.039554
-0.012521
0.060936
-0.005852
0.088577
0.049089
0.093074
0.066862
-0.006552
-0.180643
-0.039863
-0.114593
0.096568
-0.035029
-0.054650
-0.158584
-0.101143
-0.140084
-0.020897
-0.142274
-0.058425
0.034215
0.224875
0.021459
0.070549
0.101123
-0.002357
0.104597
0.093047
-0.050442
0.210676
-0.079133
0.102528
-0.004204
-0.013606
-0.034069
-0.112872
-0.078959
-0.125830
0.060027
-0.006946
0.065052
0.036689
-0.159246
0.041336
-0.052925
-0.065053
-0.020943
0.127527
0.007618
0.060299
0.077909
-0.180618
-0.140811
-0.192067
-0.028851
-0.067457
-0.069878
0.094026
-0.217770
-0.071204
0.079022
0.071976
0.094387
-0.093775
0.001430
-0.013786
-0.001409
0.130316
-0.029561
0.021453
0.076826
-0.007474
-0.054692
-0.069712
0.004936
0.048841
-0.178054
0.191755
-0.229252
0.008059
-0.024082
-0.020710
-0.008786
-0.088168
-0.118423
-0.014021
0.073210
0.057836
-0.101661
0.012581
-0.008832
0.008968
0.121444
0.081487
0.080253
0.010689
-0.060840
0.011605
-0.176985
-0.078286
-0.008552
-0.010790
-0.026824
0.044050
0.083166
0.088927
-0.030971
0.013401
-0.125742
-0.229186
-0.210676
0.053720
-0.037742
0.055991
-0.074032
-0.122511
0.014001
-0.071441
0.015012
-0.166578
0.090991
0.085955
0.017131
0.090927
-0.216149
-0.035438
-0.094079
-0.125867
0.011140
0.050858
0.049813
0.158932
-0.002765
0.105076
-0.043296
0.054760
0.201527
0.158334
-0.001282
0.011944
0.039793
-0.014750
0.098028
-0.025693
-0.043716
-0.061344
-0.219550
0.104844
-0.123585
0.115752
-0.037190
0.016935
0.028568
0.018410
0.061459
0.088437
-0.099191
-0.173960
0.067643
0.115951
0.073744
-0.071352
-0.028930
-0.122650
0.116676
0.004453
-0.058390
0.054157
-0.154481
-0.060388
-0.068137
0.142435
-0.081893
-0.005258
0.026531
0.130325
0.104864
-0.039632
0.038685
-0.130577
0.129941
0.020582
-0.195972
0.043527
0.056551
-0.029970
-0.179760
-0.044861
-0.085954
-0.239071
-0.032132
-0.030969
0.108627
-0.170415
-0.100472
0.041616
0.046782
-0.091251
0.087636
-0.036773
0.077839
-0.150635
0.015070
-0.097199
0.113880
-0.104214
-0.251045
0.047790
0.113151
0.306738
0.043928
0.068413
-0.155629
-0.146482
-0.079143
-0.046214
0.127711
-0.014940
-0.225386
-0.065931
0.126841
-0.084505
-0.039444
-0.058032
-0.075230
0.039769
-0.022234
0.153108
0.021245
0.154698
-0.050348
-0.029120
0.052541
0.114423
0.044047
0.036894
0.009744
-0.086880
-0.146318
0.062160
0.054348
0.105864
0.008306
-0.026582
0.114484
-0.239789
-0.293421
0.118135
0.026340
0.070247
-0.041598
0.007453
-0.102943
0.023804
0.038646
0.099864
-0.130713
-0.074633
-0.007207
0.052765
0.107257
-0.067046
0.160675
-0.065316
-0.089006
0.191881
0.017598
-0.140235
0.188585
0.024238
-0.108456
-0.048703
-0.053164
0.071289
0.079176
-0.108341
-0.104819
-0.049085
-0.106565
0.016648
0.033712
0.110495
-0.031937
-0.066858
0.076967
0.036124
-0.007064
0.006413
0.032519
-0.201806
-0.015672
0.177703
0.052732
0.040006
-0.018911
0.192713
0.091677
-0.002135
0.061181
-0.179672
-0.121065
-0.189553
-0.142331
0.047412
0.083601
0.099042
0.070776
0.084878
0.035524
0.103641
-0.081364
-0.088274
-0.114917
0.145240
-0.162679
0.080974
-0.040142
-0.016235
-0.006629
-0.073992
-0.012478
-0.126336
0.159144
0.013762
-0.055415
-0.119148
0.093381
0.060086
-0.041319
0.117498
0.103530
-0.042545
-0.028834
-0.006951
-0.007392
0.142617
0.029724
-0.075116
0.070259
0.207863
0.082295
0.010884
-0.057173
0.082327
-0.023428
-0.117568
-0.013197
-0.015324
-0.041851
-0.092805
-0.080640
0.102513
-0.026496
-0.007489
-0.031597
0.208324
-0.090941
-0.100841
0.056995
-0.103304
0.244605
0.078670
0.042403
0.048535
-0.195978
-0.116456
0.086345
-0.178882
-0.015461
0.057359
0.004116
0.075251
0.122850
-0.148802
-0.004124
-0.033295
0.055056
-0.126861
0.032203
0.136273
-0.084298
-0.005515
0.029054
-0.014241
0.050935
0.117355
-0.053523
0.116654
-0.195156
0.120468
0.067541
0.025626
0.162512
0.015302
-0.177204
0.004441
-0.085673
0.158333
0.089782
0.083630
-0.167007
-0.057642
0.115495
-0.020993
0.051199
-0.311474
0.099339
0.009899
-0.147254
0.033607
0.098940
0.132733
-0.021335
0.006321
0.147477
-0.070240
0.127688
-0.013135
-0.124070
0.001488
0.004016
-0.094062
-0.091251
-0.031456
0.090490
0.089856
0.193043
-0.090290
-0.157555
0.007210
0.018552
0.051720
-0.007678
-0.094393
0.026485
0.025277
0.051199
-0.055623
0.156539
0.008343
-0.089065
0.040227
-0.254926
0.015681
0.092137
-0.051422
0.044217
-0.001799
0.030445
0.001048
-0.216937
0.144638
-0.090656
0.070258
-0.014704
0.134684
-0.108252
-0.147921
0.211395
-0.019743
0.034851
-0.060097
-0.059144
0.221622
0.034319
-0.123414
-0.008568
0.058557
0.120680
0.060947
-0.137857
-0.245898
-0.020395
0.002330
-0.072349
-0.015970
-0.065516
-0.012754
-0.000738
-0.052523
0.009588
-0.216039
0.027941
-0.023175
0.068278
0.120362
0.014832
-0.021254
0.081966
-0.086272
0.195007
-0.060726
0.028656
-0.302054
-0.120559
0.045600
0.068457
0.025713
0.035925
-0.032932
0.098703
-0.107794
-0.148302
0.179196
0.220369
-0.018543
0.026114
-0.009790
0.147620
-0.202395
0.061522
-0.104685
0.112670
-0.040171
0.118906
-0.071834
-0.147736
0.081555
-0.029824
0.231546
0.188463
0.024352
-0.111764
-0.041883
-0.128425
0.033384
0.010382
-0.065537
0.085797
-0.035540
-0.024779
-0.200303
0.028993
-0.115139
-0.144676
0.114763
0.059928
0.024274
-0.138477
0.036460
-0.054231
-0.128890
0.078391
-0.104456
0.156126
0.159950
0.026139
-0.128431
0.137688
0.012085
0.063148
-0.009260
-0.084718
-0.108841
0.134687
-0.140489
0.105185
0.062247
-0.006046
0.010232
-0.132721
0.009707
-0.062183
-0.010574
-0.009367
-0.014159
-0.153993
0.187668
0.096857
-0.057420
0.120535
0.054175
-0.023679
0.136634
0.152551
-0.069695
-0.067533
0.048092
0.045854
0.062112
-0.147223
0.059859
0.169401
0.068073
-0.031412
-0.029952
-0.124747
-0.180548
-0.127042
0.019654
0.037881
-0.088288
-0.128603
0.081205
0.011958
-0.106441
-0.007756
-0.038177
0.109689
0.015191
-0.125890
-0.009139
-0.093793
-0.071448
0.019611
0.069721
0.076483
-0.108418
-0.033333
-0.013658
0.085872
-0.001565
-0.047802
0.020391
0.029880
0.209423
-0.032105
-0.089600
-0.116162
0.106417
-0.136346
-0.168381
0.140492
-0.005336
0.021071
-0.184510
0.094223
-0.069855
0.089841
-0.088523
0.057347
-0.116646
0.031620
-0.056192
0.037325
-0.106808
0.117861
-0.067232
-0.088831
0.066354
-0.025113
-0.043324
-0.258875
-0.167265
0.059503
-0.099672
-0.060676
0.122668
0.032093
0.183705
-0.019639
-0.011453
0.048213
-0.059882
0.025907
0.079964
0.016628
-0.195101
0.141908
-0.021014
0.024486
-0.224456
0.038073
-0.042880
0.043191
-0.059692
0.053945
0.084104
-0.081957
-0.107964
0.074711
-0.067816
0.088272
0.072373
-0.169332
-0.213097
-0.118051
0.156339
-0.049607
0.253845
-0.065583
0.100666
-0.010548
0.044422
-0.030494
-0.046169
-0.053005
-0.103250
-0.131090
-0.102012
0.063095
-0.082584
-0.084484
-0.056795
-0.060953
0.057064
0.123135
0.171422
-0.088876
-0.186017
-0.174616
0.038700
0.024907
0.059493
-0.094718
-0.131825
0.129258
0.092093
-0.180867
-0.019827
0.032446
0.007979
-0.088934
-0.075034
0.056628
0.131021
0.022127
0.106339
-0.138979
0.073937
0.152825
-0.188711
-0.000731
-0.256881
-0.070270
0.088159
0.089548
0.083007
0.074196
0.063661
-0.088876
0.057290
-0.044783
-0.042116
-0.096861
-0.080966
-0.196523
0.029145
-0.018169
-0.094273
0.009366
-0.052318
-0.080057
0.064984
-0.015892
-0.154930
-0.016716
-0.056804
-0.123853
-0.065665
0.106990
-0.060809
-0.045548
0.178182
-0.009682
0.229858
0.150679
0.023854
0.002388
-0.050465
-0.122503
0.166722
0.005115
-0.036048
0.037157
-0.056520
0.084130
-0.059195
-0.010456
-0.026522
-0.214174
-0.083049
0.018718
-0.051336
0.196807
0.042449
0.234500
0.011220
-0.017646
-0.116759
0.164688
0.062243
0.028272
0.120375
0.112948
-0.246631
-0.046331
-0.196816
0.069553
0.155130
-0.022737
-0.051741
0.074703
-0.058736
-0.203894
0.049856
0.021014
0.099814
0.057726
0.151387
0.011271
-0.030174
-0.102585
0.051512
-0.117471
0.019506
0.212796
0.020526
0.052754
-0.043585
0.070321
-0.041237
-0.078672
-0.106840
-0.095288
0.056847
-0.180577
0.161103
-0.207005
0.072565
0.177997
-0.004551
-0.021909
0.083311
-0.170613
0.022446
0.020028
-0.048866
-0.001962
0.039916
-0.002393
-0.076979
0.021152
0.014790
0.002791
0.116659
-0.066748
-0.274157
0.053505
-0.014935
-0.043779
-0.054502
-0.051316
0.028104
-0.011131
0.062991
0.029608
0.090433
0.020456
0.069370
0.062222
-0.093723
0.121905
-0.076316
-0.049586
-0.071985
-0.009222
-0.018730
-0.027305
0.009707
0.026884
0.043777
-0.049876
-0.072405
0.010720
0.034199
-0.076588
0.077550
-0.152505
0.021923
-0.038111
0.016722
-0.036986
0.124920
0.157415
-0.059575
0.096476
-0.007080
0.000550
-0.045576
0.059428
0.106131
-0.038806
-0.032490
-0.138453
-0.075976
0.112753
0.001080
-0.028393
0.124654
-0.033786
-0.087924
-0.040761
-0.066963
-0.114182
-0.068407
0.153688
-0.129283
-0.147607
0.055940
0.011756
-0.038165
0.032743
0.106023
0.093761
0.154276
0.211406
-0.033004
-0.046234
-0.015759
-0.012185
-0.079834
-0.105093
-0.031427
-0.003062
0.097689
0.077418
-0.034848
-0.112944
0.022893
-0.000047
0.260136
0.067953
0.100787
0.255173
0.142882
-0.026439
0.058240
-0.147337
-0.116098
-0.086442
-0.023364
0.213705
-0.051237
-0.035137
-0.149760
0.058590
-0.086504
-0.019977
-0.071427
-0.072848
0.065652
-0.073706
0.148280
0.018192
-0.136884
-0.098885
-0.123218
-0.044087
0.060958
0.049236
-0.087952
-0.007480
-0.206137
0.088386
0.072644
0.135042
0.031201
-0.011839
0.017543
0.019037
-0.091808
-0.066163
0.026677
0.017763
0.006002
-0.006736
-0.026384
0.125097
-0.018810
0.062759
-0.121939
-0.093004
-0.055616
0.092022
0.148518
-0.067337
-0.041404
0.062148
0.062398
-0.066127
-0.093614
0.056658
-0.031064
0.102881
0.103995
0.244976
0.006602
0.030599
-0.006142
-0.008842
0.024737
0.077988
0.070359
0.005236
-0.015111
-0.181164
-0.191088
-0.007492
0.080793
-0.110786
0.084218
-0.165465
-0.136045
-0.136364
-0.017111
-0.192145
-0.026860
-0.049860
-0.185700
0.035768
-0.064976
0.094453
0.175266
0.205212
0.012508
0.079686
0.114650
-0.049855
-0.027112
0.093278
0.026902
-0.028166
-0.105549
-0.280461
0.051656
0.207319
0.116328
0.192854
-0.046819
-0.058741
0.021777
-0.018909
-0.021531
0.023012
-0.007899
0.055601
-0.061521
0.019792
0.138031
-0.137523
0.063723
-0.063949
-0.122122
0.015844
-0.004637
-0.012661
-0.027906
-0.114741
0.038525
-0.055503
-0.129462
-0.051593
-0.165527
0.151393
0.108323
-0.008570
0.144704
-0.050590
0.019216
0.136473
-0.267093
-0.146181
-0.123348
-0.149354
0.101017
-0.079039
-0.031859
-0.103003
0.138529
-0.052257
-0.035389
0.006973
0.017152
0.077546
-0.148440
0.081730
0.156856
-0.135859
-0.062427
0.030705
0.028511
0.221337
-0.216311
-0.085728
-0.094871
-0.061940
0.072786
0.168522
0.109989
0.045769
-0.046644
-0.043625
0.032295
0.053972
0.023316
-0.040728
0.030309
-0.049562
0.039295
-0.037784
-0.049180
0.068095
-0.054633
-0.160479
-0.038524
-0.028439
-0.067885
-0.073842
-0.114721
-0.077939
-0.183353
0.086238
0.063764
-0.070233
-0.172520
0.057179
-0.109693
0.099398
-0.156557
-0.125594
-0.086776
-0.080728
-0.087798
0.131466
-0.026808
0.226161
-0.070337
-0.146316
-0.058412
0.062976
-0.027239
-0.028039
-0.092051
-0.141241
-0.049018
-0.003338
-0.038153
-0.109664
-0.192470
-0.002053
0.098941
-0.061232
0.017946
-0.042681
-0.106424
0.135220
-0.165176
-0.048908
0.049483
0.074204
0.117150
0.067550
0.132013
0.082950
0.117892
-0.088950
0.027842
0.081422
0.034980
-0.004619
-0.078211
-0.021178
-0.029046
-0.137140
-0.029303
0.040832
0.051063
0.157301
0.228072
-0.092271
0.058197
0.171378
0.079427
-0.035963
0.060573
0.080246
0.029571
0.025280
-0.006131
-0.005714
-0.073617
0.085598
-0.019045
0.027479
0.066810
0.032497
-0.085812
-0.108404
0.106842
0.036957
0.041378
-0.096596
-0.100724
-0.075946
0.102244
-0.199141
0.157204
-0.032575
-0.163563
0.025530
0.040706
-0.030189
0.081372
0.055752
0.058784
0.113574
0.069923
-0.173025
-0.020744
-0.015372
0.125835
-0.081476
0.004330
-0.073071
0.189872
0.070585
-0.037613
0.265543
-0.185979
-0.123134
0.088978
-0.021811
-0.099060
0.090572
0.129793
-0.104054
0.155567
-0.023187
0.038280
-0.021082
0.161949
0.018285
0.088843
-0.035330
-0.117188
0.032042
0.043804
0.084839
-0.057495
0.114710
0.118102
0.121104
0.074346
-0.034775
0.057391
0.081388
-0.002242
-0.138787
0.061022
0.018147
-0.115170
-0.003783
0.003795
0.070099
0.066912
0.089912
-0.048922
-0.065160
-0.026640
-0.113752
-0.009664
0.147240
-0.016299
0.314818
0.107978
0.034574
0.142950
0.009540
0.124033
-0.039003
-0.015770
0.143297
-0.013557
0.118667
0.198815
-0.063709
0.136915
0.068590
-0.056604
-0.150971
-0.049741
-0.125417
0.030779
-0.018610
0.024393
-0.114326
0.058214
0.030031
0.077223
0.057314
-0.097233
0.136186
-0.064818
0.123427
-0.213829
-0.087071
-0.094356
-0.058999
0.100497
0.063794
0.065258
-0.041013
0.168191
0.018452
0.001294
-0.193809
-0.044459
0.251267
-0.161474
-0.009674
-0.194112
0.035894
-0.154151
-0.226762
-0.049429
-0.017202
0.027790
0.186169
0.069087
0.002634
0.043167
-0.028157
-0.010731
0.152526
0.017444
0.083329
0.058477
0.053272
0.155349
-0.201177
0.171685
0.029986
0.022717
-0.145547
0.060958
-0.022521
0.007341
-0.173435
-0.018881
-0.079320
0.063053
-0.171153
-0.031443
0.080232
-0.132392
-0.112204
-0.070683
0.264062
0.265831
-0.033879
0.112414
-0.018894
0.080743
0.085030
0.090395
0.111421
-0.052120
0.124381
0.103658
-0.017097
-0.051111
-0.037130
-0.138652
0.183719
0.018056
-0.015660
-0.091624
-0.157114
-0.058204
0.019738
0.008288
0.070889
0.241692
-0.018331
-0.093501
-0.196278
-0.179355
0.091569
-0.075140
0.125412
0.191083
-0.103253
0.048121
-0.164360
0.009206
-0.072385
0.011402
-0.019902
-0.159656
-0.009276
0.089609
-0.029752
0.211635
-0.094816
-0.016974
0.134702
-0.020301
0.136125
0.101203
0.138683
-0.078688
0.000897
0.188528
-0.086084
-0.358053
0.066245
0.010363
0.040033
0.048916
-0.068718
0.118395
0.000003
-0.012536
0.128834
-0.047524
-0.078669
0.167417
-0.037171
0.042250
-0.068736
-0.043674
-0.113364
0.072428
-0.145888
-0.033676
-0.087954
0.052786
-0.024307
0.061648
-0.061136
0.095909
0.056541
0.027736
0.062527
0.037021
-0.222545
-0.115109
0.241311
-0.122679
0.077234
-0.191986
-0.091736
0.079535
0.113406
-0.031856
0.097032
-0.245521
-0.151728
-0.119732
0.102513
0.041691
-0.191924
-0.010821
-0.079445
-0.033264
0.075979
-0.062213
0.106773
-0.163532
0.083878
0.004319
0.018378
0.063350
0.080335
-0.098104
-0.034784
0.165352
-0.000377
-0.066783
-0.091435
-0.130344
0.029418
0.081279
0.008096
0.188891
0.104864
-0.028728
0.012457
0.083995
-0.029937
-0.009269
0.080884
-0.049038
-0.074639
0.056940
0.041441
-0.003392
0.196536
0.147407
-0.067241
-0.109338
-0.014796
-0.006500
0.062084
0.103050
-0.016779
0.094115
-0.079328
-0.102329
-0.084676
0.013115
-0.088896
-0.091944
-0.015087
0.138383
0.003950
0.006721
-0.064622
-0.041462
0.190445
-0.019713
0.061223
0.118958
-0.093930
0.103909
-0.059605
0.052286
-0.144306
0.094719
-0.054908
-0.078064
0.025746
-0.051679
-0.104058
0.038694
-0.154568
-0.075917
-0.057603
-0.011308
0.055002
-0.050022
-0.067796
-0.145405
-0.120144
0.186758
-0.219802
0.062969
0.072095
-0.141878
0.061966
0.029999
-0.162847
0.066822
-0.055215
-0.124658
-0.095013
-0.140049
0.050777
-0.047479
0.061013
-0.049525
0.214869
-0.022770
-0.032580
0.045799
0.118172
-0.044860
-0.058073
0.117364
0.006306
-0.066119
-0.068608
0.198090
0.214121
0.065439
0.067629
0.065206
0.004733
-0.036912
-0.053862
-0.129634
0.010666
0.034674
0.042698
-0.051360
0.024934
-0.112872
-0.105986
-0.102214
-0.018904
0.129308
-0.010871
0.014558
0.053951
-0.187289
0.131690
-0.018795
0.082506
-0.005333
-0.109414
0.037938
-0.132918
0.051937
0.016052
-0.043222
0.002539
-0.197802
-0.125126
0.075725
0.006751
0.203860
0.064574
0.001580
0.038213
-0.009733
-0.122404
-0.022917
-0.059838
-0.077015
-0.108810
-0.008657
0.044388
-0.076102
0.091975
-0.002143
-0.001243
0.072217
-0.139998
0.077198
-0.242176
-0.070439
-0.003449
0.029150
0.110797
-0.021268
-0.031470
0.020059
-0.051149
-0.070826
-0.065318
-0.049930
-0.001636
0.004182
-0.112975
-0.182855
0.155348
-0.186072
0.096181
0.089926
0.042822
0.013141
-0.071652
0.200208
-0.175869
0.150670
0.082084
-0.052264
0.013986
0.118862
0.035372
0.092934
-0.138778
0.126936
-0.052690
-0.070671
-0.023617
0.072958
0.052116
0.070733
-0.194403
0.175776
-0.025283
0.001335
0.036968
0.008811
0.004401
0.029475
-0.037059
0.145107
0.024197
0.000905
0.043115
0.051727
-0.147817
-0.083756
0.054967
-0.047447
-0.174811
0.086209
-0.028229
-0.005099
-0.073866
-0.163591
0.049260
-0.036787
0.053468
-0.070386
-0.072927
0.132601
-0.056065
0.143524
0.113026
-0.032597
-0.009515
-0.027629
0.038589
-0.204315
0.031181
-0.149262
0.153064
-0.015916
0.033547
-0.067378
-0.141873
-0.138931
0.195821
-0.128997
-0.197770
-0.010074
-0.088345
-0.007148
-0.137624
0.346461
-0.007827
0.152033
-0.016808
-0.106857
0.070171
-0.180675
0.076863
0.031207
-0.077078
-0.084723
-0.038402
0.051375
-0.068270
-0.165532
0.055999
0.001818
-0.081791
0.048536
0.162028
0.003279
0.124849
-0.055160
0.066307
-0.013060
0.064011
0.079003
-0.121423
0.051832
-0.015871
0.108689
0.157477
-0.007931
-0.129289
0.042167
-0.181593
-0.020482
-0.119687
0.111462
-0.073723
-0.042545
-0.115980
0.017867
-0.005631
0.016199
0.145696
-0.114172
0.238207
-0.055383
0.085701
-0.149157
0.037555
0.068651
-0.059246
-0.111885
0.148057
-0.112075
0.113418
0.068050
0.100911
0.005017
-0.028278
-0.000574
0.130442
0.010085
0.100179
-0.068618
0.104188
-0.054242
-0.089799
0.148534
-0.003352
-0.121428
-0.128432
-0.105231
0.116141
-0.129930
-0.014816
-0.069085
0.096833
-0.077297
0.152320
-0.026691
-0.163599
-0.023970
0.102813
-0.011924
-0.028239
-0.068546
-0.157423
-0.074534
-0.130206
-0.031715
-0.018272
-0.038809
0.084593
-0.211532
0.232394
-0.092562
-0.155719
-0.018234
0.032103
-0.051783
-0.088193
-0.000609
-0.106925
0.002938
-0.046900
-0.130137
-0.064525
-0.149879
0.146532
-0.032807
0.010726
-0.236062
-0.024053
0.105887
-0.080653
0.081570
-0.173466
-0.133494
-0.214781
0.052007
-0.120761
0.090396
-0.130449
-0.003841
-0.238017
0.120174
0.076005
-0.146551
0.151192
0.099699
-0.068457
-0.021820
0.037044
0.006604
-0.025528
0.219332
0.030149
-0.118974
0.065171
0.006914
-0.153661
-0.105055
0.013720
0.123272
0.005477
-0.169279
-0.069162
-0.000819
-0.235147
0.096031
-0.104957
0.004025
0.117610
0.013776
0.132822
-0.023257
0.026558
-0.074898
0.063765
-0.114797
0.043269
0.019128
0.064738
-0.134147
-0.020977
0.106163
0.039723
0.092489
0.076782
-0.218234
-0.027380
0.013876
-0.048667
0.003847
-0.085115
0.236859
0.036135
0.017568
0.131057
0.009963
-0.008883
0.009038
0.036207
-0.061334
-0.018203
0.022533
-0.046399
0.060256
0.068343
-0.025664
-0.087452
-0.219599
-0.099074
-0.038459
-0.039957
-0.006860
0.084351
0.064755
-0.048958
0.023428
0.163633
0.136297
0.013997
-0.038474
-0.043392
0.089384
0.002701
-0.053804
-0.081618
0.109639
-0.007490
-0.080221
0.079544
-0.178381
-0.004526
-0.137713
-0.122294
0.110311
0.194995
0.016762
-0.094597
-0.147076
-0.071526
0.138933
-0.172756
-0.062800
-0.052190
-0.058393
-0.140924
0.095557
0.034378
0.144777
0.052621
0.052961
0.010065
-0.038686
0.036587
0.006718
-0.049549
0.022276
0.045678
-0.022539
0.157832
-0.121148
0.001746
-0.013606
-0.177829
-0.108854
0.194695
-0.106918
-0.050761
-0.045521
-0.068954
0.012167
0.101321
0.013780
-0.138226
-0.124583
0.094133
0.100699
-0.129730
-0.061587
0.036371
-0.165875
-0.040324
0.139951
-0.030788
-0.087732
-0.041670
-0.008045
-0.040074
-0.181509
-0.105961
-0.005870
-0.103132
0.031008
-0.095473
-0.102656
0.002891
0.181049
-0.018443
0.063822
-0.094218
-0.077781
0.085985
0.039808
0.060353
0.032976
-0.113370
-0.126367
0.015460
-0.116381
0.045018
0.246830
0.147731
0.217581
0.031696
-0.041315
0.079122
-0.145862
0.037797
0.055576
0.003017
0.071609
-0.057629
-0.002148
-0.080263
-0.034951
-0.006919
0.022599
0.199950
0.059654
0.083050
0.246394
0.055768
-0.003797
-0.033727
0.068187
-0.140348
-0.029515
0.028374
-0.179532
0.041851
0.064909
-0.059140
-0.000498
0.029054
0.071680
-0.130085
0.001421
-0.085968
-0.093960
0.000305
-0.086096
-0.031546
-0.050950
-0.086372
0.037079
-0.015139
0.104236
0.042335
0.057508
0.107363
-0.066598
-0.005888
0.015854
0.019995
-0.056390
-0.129307
-0.048277
-0.109947
0.085087
0.025133
-0.053072
-0.147023
0.060416
0.089310
0.016181
0.105399
0.087503
-0.050365
0.072775
0.117949
-0.008645
-0.068305
-0.033658
-0.091029
0.038418
-0.046665
-0.049410
-0.057386
0.028139
-0.047282
0.000845
0.062472
0.172126
0.070401
-0.052589
0.047930
0.189625
-0.015281
0.107070
0.010053
-0.075956
0.164694
-0.060357
-0.074862
0.033051
-0.005689
0.007971
-0.055758
0.069098
0.166821
-0.018786
-0.051949
0.061717
0.137656
-0.050270
0.089404
0.080202
0.108125
0.027012
0.101317
0.144954
0.018186
-0.169124
0.044408
0.179052
0.042552
0.135098
-0.133179
-0.135351
0.152619
-0.072352
-0.047847
-0.008921
0.046521
0.186737
-0.044372
-0.102424
0.048515
0.092677
0.038192
0.062760
0.060281
-0.009265
-0.094428
0.037055
0.109550
0.052792
-0.024187
0.020847
0.041083
-0.051702
0.064278
0.165783
-0.113017
0.057777
-0.060678
-0.101290
-0.131704
0.136626
0.000189
0.009289
-0.084311
0.104125
0.123269
0.068035
-0.104046
-0.093019
-0.086806
0.070450
0.147320
0.088180
0.030359
0.106734
-0.114605
0.140662
0.066654
0.251778
-0.142048
-0.082696
-0.011130
0.067624
-0.019649
-0.091270
-0.059488
0.019426
0.070258
-0.020863
-0.103164
0.174618
-0.117388
0.015312
0.071376
-0.084524
0.195708
-0.062599
0.273571
-0.151505
-0.032688
0.005542
0.007311
-0.007321
0.177440
-0.048047
0.105861
-0.003204
-0.020518
-0.046140
-0.116784
0.214374
-0.343770
0.042947
-0.127877
-0.071367
0.142498
-0.036416
0.098999
0.263517
0.091890
-0.018169
-0.172303
-0.026150
-0.005875
-0.045409
-0.024084
0.074717
-0.199109
-0.105471
0.044890
0.048290
0.119564
0.085254
-0.127880
0.125742
0.062798
-0.026308
0.249562
0.145122
0.099901
0.139095
0.020736
0.121866
0.029621
-0.077766
0.131101
-0.052607
-0.013574
0.161907
0.004117
0.007391
-0.183928
0.032021
-0.182418
-0.170855
-0.031654
0.180716
-0.029659
0.152639
-0.077671
0.106349
0.107857
0.098766
0.043861
-0.076396
0.073492
0.108165
0.203320
-0.089633
-0.155960
-0.117501
0.133690
-0.162769
0.035420
0.087517
-0.130326
0.179176
-0.020875
-0.157447
-0.068125
-0.252462
-0.119373
-0.107460
-0.046916
-0.076692
0.036666
0.096149
-0.093884
0.117846
-0.128640
-0.074543
0.066064
-0.027766
0.044565
0.029597
0.020392
-0.078651
-0.010323
0.021999
-0.113889
0.009591
-0.136317
0.055556
-0.016455
0.090890
-0.170593
-0.114148
0.137310
0.197814
0.167709
0.007031
-0.200462
0.003670
-0.016541
0.077767
-0.005337
0.032062
-0.094018
0.069180
0.028806
-0.102487
0.141679
0.040570
-0.188304
0.113249
0.038765
0.046568
0.112221
0.071745
-0.060868
-0.023185
-0.034546
-0.125788
-0.144026
-0.115228
-0.030205
0.042390
0.001739
0.045824
-0.106886
0.115570
0.163158
0.172466
-0.102217
-0.121979
0.093233
-0.191838
-0.123279
0.187390
-0.108337
0.133304
0.061195
0.058849
-0.183980
0.017713
0.038937
-0.062055
0.085773
-0.000632
-0.133748
-0.149000
-0.036932
-0.005081
0.030498
0.025065
0.113854
0.145486
-0.018766
0.231187
-0.111325
0.076486
-0.050041
0.117150
-0.004178
0.108866
-0.078455
-0.025856
-0.067714
0.166651
-0.110147
0.010185
-0.081099
-0.122726
-0.035894
-0.021409
-0.031374
-0.069179
-0.165159
0.021226
-0.284338
0.132908
-0.169067
0.233447
-0.086691
-0.116271
-0.108670
0.222364
-0.008812
0.109021
-0.132208
-0.121982
-0.159389
0.191912
-0.119959
0.134291
0.045846
-0.131331
-0.108417
0.184966
0.078421
0.139887
0.043302
0.077873
0.039602
-0.227804
-0.013450
0.011331
-0.004731
0.109247
0.010458
-0.001993
-0.079831
-0.108047
0.000912
-0.022331
-0.021089
-0.074942
-0.097301
0.083159
-0.196352
-0.016469
0.026334
-0.217322
-0.042444
0.055198
-0.170584
0.091707
0.104945
-0.128410
0.112088
-0.053421
-0.159967
0.089454
-0.001736
-0.107759
0.008360
0.041652
-0.090698
0.062815
-0.130589
-0.032174
0.001347
0.068196
0.023813
0.167614
0.104596
-0.001753
-0.054753
-0.106541
-0.030133
-0.041957
0.054990
0.060761
0.069855
0.064333
0.004528
0.250511
0.072489
0.225212
0.062742
-0.052448
0.069143
-0.026332
-0.075480
0.023891
0.166027
0.110835
-0.130841
0.014846
-0.166694
0.209874
0.181471
-0.053964
-0.075048
-0.078974
-0.207742
0.086504
0.117858
-0.063097
0.081812
0.187336
0.076200
0.014037
0.057466
-0.073549
0.134623
-0.083050
0.002581
-0.031911
-0.001814
-0.031731
-0.153636
0.097597
0.043115
-0.044412
0.044089
-0.112834
0.069236
0.086842
0.110178
0.032689
-0.089318
-0.120623
0.015106
-0.069757
0.215209
-0.052530
0.192221
-0.037495
0.138910
-0.001283
-0.007668
0.005301
0.032677
0.059529
-0.130159
-0.055673
-0.049086
0.043269
-0.123925
0.021461
0.183134
-0.026890
-0.120748
0.083845
-0.119545
-0.122655
-0.062440
-0.130593
-0.182657
0.092862
-0.030142
0.037513
-0.050479
0.122486
0.053897
0.149172
-0.076512
-0.048352
0.045420
0.076731
0.096793
0.112069
0.205673
0.139150
-0.060846
0.006948
-0.043693
0.055710
-0.083684
0.037120
-0.034187
-0.108821
0.078115
-0.080943
-0.070757
-0.022249
0.233749
-0.065159
-0.005030
0.076726
-0.046208
-0.014054
-0.011123
-0.151527
-0.145266
-0.043388
-0.016620
0.084800
-0.039649
-0.010796
0.052080
0.073073
0.131795
-0.003387
0.042392
0.076506
-0.213745
0.012318
-0.058047
-0.234527
-0.015536
0.006872
0.006313
0.031823
0.255893
0.071413
0.037108
-0.028849
0.155096
-0.275714
-0.019238
-0.109196
0.064407
-0.098542
-0.062104
0.024779
-0.040301
0.174931
-0.066122
-0.178245
-0.088166
-0.040748
-0.111298
-0.024038
0.055436
0.108577
0.019075
-0.022112
0.001758
-0.008708
0.096932
-0.058171
-0.104580
-0.054781
0.098847
-0.204552
0.111904
-0.007487
-0.014413
-0.043942
0.165686
-0.040527
-0.091017
-0.011339
-0.147021
0.143677
0.006538
0.109647
-0.003219
0.049992
-0.057479
-0.026730
-0.041660
0.001516
-0.059245
-0.075943
0.068437
0.043456
0.060485
-0.096232
0.084856
-0.143027
-0.087260
-0.019605
0.131107
0.134621
0.113801
0.034506
0.258080
0.033828
0.050422
0.071398
-0.030067
-0.088322
-0.237850
-0.070558
0.087371
0.015424
-0.044619
0.045744
0.059171
-0.021619
-0.059311
0.089854
-0.048700
0.188644
-0.025689
0.053349
0.003613
0.003114
-0.036955
0.046206
0.171752
0.163346
0.080367
-0.064435
0.092687
-0.072295
-0.200286
0.038581
0.002080
0.211728
-0.138134
0.071159
0.088150
-0.111506
-0.244782
-0.009705
-0.085749
0.145137
0.066345
0.033610
0.057872
-0.004583
0.010448
0.137042
0.137989
0.070918
-0.034979
-0.162824
-0.031344
-0.080558
0.043477
-0.134146
-0.199593
0.005490
-0.061431
-0.042187
-0.089236
-0.004082
0.074512
-0.047735
-0.002667
0.095491
-0.092704
-0.021883
0.005016
0.050022
0.009019
-0.186372
-0.115576
-0.068625
0.047508
0.056130
0.122861
0.084045
0.055344
-0.147093
-0.031423
0.019100
-0.184339
-0.068027
-0.036173
-0.056456
-0.092313
0.102978
-0.230413
-0.108704
0.039433
-0.046359
0.036566
-0.000385
0.060787
0.035825
-0.151002
0.009655
-0.113997
0.110572
0.220446
-0.051623
0.107788
-0.078983
0.038667
0.036774
0.008888
-0.103914
-0.180380
0.185075
-0.027910
-0.040244
-0.152920
0.063308
0.189701
-0.020177
0.024274
0.050166
0.105832
-0.074449
0.018654
-0.115081
-0.051884
-0.071898
0.021101
-0.052921
-0.090878
-0.071746
0.029476
-0.051591
-0.051512
0.125012
-0.007296
0.133278
-0.122055
-0.041176
0.006530
0.094357
-0.075400
-0.144618
-0.094293
0.000888
0.064484
-0.154341
-0.007050
-0.087886
0.027322
0.041061
0.121285
-0.029223
-0.123558
-0.101308
0.097550
0.055881
-0.177774
-0.108191
0.040710
0.058639
0.048374
0.083817
0.185660
-0.052067
-0.171099
0.056257
0.089170
0.169702
-0.093367
0.019674
0.068534
0.095611
0.032305
0.086407
0.118813
0.157693
-0.035963
0.054816
0.095557
-0.079463
0.127225
0.075803
0.031667
0.071425
0.175148
-0.133949
0.055525
0.008845
0.120616
0.184888
0.180623
-0.075387
0.127479
0.003590
0.104248
0.235792
0.004326
0.078195
0.010409
0.055128
0.188189
-0.076564
-0.059553
-0.064080
0.125858
-0.001766
0.009239
0.093856
0.012674
0.053994
-0.109892
0.043907
0.191424
-0.051395
-0.024800
0.097420
-0.001901
-0.261949
-0.282690
-0.027655
0.000194
0.042634
-0.146038
0.019963
-0.118380
0.052767
-0.030356
0.158652
-0.010879
0.002965
-0.025481
-0.068330
-0.112234
0.084182
0.029677
-0.145533
0.011951
0.065594
0.036255
0.096925
0.033263
0.089597
0.137399
-0.065976
0.158523
0.047620
0.053043
0.034048
-0.122532
0.020896
0.019117
-0.080161
0.093182
-0.290623
0.192568
-0.147847
-0.027276
-0.117411
-0.055477
0.020105
0.053632
0.117286
-0.187272
0.057345
-0.126172
-0.127521
-0.050704
-0.013361
0.065831
0.142583
0.049137
0.019891
-0.229589
0.158122
0.160114
-0.108857
0.014204
-0.037603
0.162056
-0.014440
-0.010080
-0.109815
0.018278
0.125465
-0.066809
0.085898
0.039005
-0.012978
-0.047938
-0.076172
-0.121252
0.085707
-0.035497
0.076563
-0.020043
-0.022647
-0.037870
0.053403
-0.018918
0.065612
-0.036247
0.083680
0.028431
0.214702
0.026050
-0.085190
-0.032788
0.030476
0.022994
-0.024670
-0.188131
-0.090191
0.089294
-0.226537
-0.072909
-0.021136
-0.015697
0.108739
0.011734
0.103651
-0.266916
-0.104583
0.188580
-0.038673
0.036429
0.025264
-0.156022
-0.028011
-0.054622
0.013566
-0.258549
-0.022296
-0.127833
-0.041117
0.190156
0.106286
-0.186358
0.050827
-0.014227
0.083687
-0.121565
0.000943
0.091805
0.043751
-0.032061
0.107862
-0.022910
0.045268
0.114565
-0.052416
0.019705
-0.076477
-0.113418
0.001596
-0.062750
-0.126985
-0.108936
-0.030571
-0.045870
-0.012600
0.040020
0.002707
0.162974
0.133115
-0.004307
-0.029556
0.224551
0.108727
0.102952
-0.060399
0.078836
-0.014983
-0.056334
0.091650
0.072595
-0.003898
-0.063014
-0.070073
-0.060008
-0.070435
0.118385
-0.005770
0.075372
-0.130533
-0.065467
0.124331
-0.036014
0.030230
-0.138570
0.009789
-0.146322
-0.009931
-0.151013
0.146318
-0.085334
0.044791
0.019564
-0.011857
-0.205149
0.015505
0.099985
-0.084230
0.085088
-0.045415
-0.052065
-0.149643
0.054750
0.041377
-0.109683
0.016080
-0.071387
-0.157502
0.130067
-0.088774
-0.001005
0.158163
0.056027
-0.013902
0.028755
0.076918
0.124164
0.188123
0.082542
-0.021686
0.178632
0.034819
0.035009
0.012046
0.070815
0.078980
0.016102
0.326009
0.041270
0.014055
0.103595
-0.189520
0.043079
-0.117486
-0.035689
-0.119392
0.004146
-0.118067
-0.100879
-0.001586
-0.076848
-0.008121
-0.044154
0.061111
0.040450
0.055936
-0.078616
-0.015679
-0.116846
0.044701
0.075177
-0.067386
-0.013739
0.127008
-0.080200
0.021368
0.284812
-0.076873
-0.093391
-0.159326
-0.175384
-0.056595
0.096717
0.081264
0.063557
0.056181
0.056487
-0.153609
0.103984
-0.059560
-0.045711
0.023579
0.055890
0.018881
0.015724
0.000528
-0.042386
-0.004036
-0.090685
0.198020
-0.034182
0.203463
-0.096409
-0.011161
0.054149
0.002086
-0.058149
0.001336
-0.047918
0.059362
-0.108429
-0.083018
-0.051399
0.321935
0.256319
-0.077607
0.008158
0.033746
0.192854
0.064816
-0.068910
-0.079899
0.188537
0.040608
-0.077156
0.141177
-0.112384
-0.066334
-0.088399
0.027735
0.150143
0.049741
0.025781
-0.092345
-0.144537
0.035871
-0.054752
-0.092927
0.027754
-0.019939
0.121314
-0.005198
-0.088485
-0.076814
-0.018635
0.170653
-0.003461
0.075043
-0.028171
-0.014329
-0.036853
-0.050544
-0.097427
-0.005134
0.171223
0.152734
-0.052895
-0.290980
0.004594
-0.009489
0.190282
0.029713
0.053487
0.063152
-0.015619
-0.028526
0.061103
0.081244
0.081221
0.178279
0.016262
-0.258489
0.001794
-0.068918
0.074927
-0.161534
-0.057281
-0.099846
0.022136
0.095274
0.137375
-0.312897
-0.142862
-0.080189
-0.046114
-0.000095
0.024119
0.131118
0.141041
0.198347
0.130153
0.051650
-0.028904
-0.060703
0.000129
-0.075123
-0.067118
-0.231260
-0.025971
-0.006900
0.003756
-0.037135
-0.056594
0.061608
-0.254617
-0.074239
0.046397
0.115517
-0.040095
-0.040329
0.019048
0.053870
-0.018034
-0.000653
-0.046094
-0.012674
-0.206804
-0.094807
-0.056129
0.052664
0.081159
0.012411
-0.011930
-0.052801
-0.151395
0.029155
-0.094422
0.111166
0.160804
-0.016709
0.143660
0.059754
0.005125
0.043381
-0.052094
0.090879
0.151685
-0.137685
0.102258
0.119905
0.117255
0.017325
0.029583
-0.003101
0.045534
0.119942
0.114276
-0.041320
0.156259
-0.001281
0.102129
-0.051909
-0.001855
0.110835
0.055700
0.212300
-0.083489
-0.062043
-0.108352
0.094500
0.043345
0.063135
-0.034600
0.004387
0.047305
0.068744
-0.060953
0.105207
0.072237
-0.029260
-0.005497
0.048396
0.052174
0.074553
0.093416
0.164175
-0.075038
0.215780
0.018587
-0.073864
0.107501
-0.054777
-0.008687
-0.086748
0.045607
0.048918
0.104525
0.018380
-0.178390
0.079735
0.139702
-0.042891
-0.015624
-0.070567
0.175462
0.152121
-0.095340
0.041628
0.010149
-0.152739
0.182490
0.025186
0.009906
-0.089759
-0.114598
-0.083375
-0.068516
0.096491
0.201761
-0.079223
0.190094
-0.008293
0.013347
0.190420
-0.090249
-0.178751
-0.010379
-0.007370
-0.112046
-0.096920
-0.058536
0.028628
0.072962
0.093739
0.091521
0.115997
-0.122612
-0.066717
0.016874
0.092889
-0.080284
0.018510
-0.047904
-0.015877
0.032100
-0.021705
-0.188539
-0.076903
0.101209
-0.080636
-0.149013
-0.137553
-0.057648
0.092608
-0.076607
0.131910
0.181414
-0.047885
0.014726
-0.005232
0.114218
-0.197395
0.025935
0.064755
-0.101947
0.022897
-0.146554
0.057556
-0.046351
0.028482
-0.023463
-0.191074
0.021154
0.029715
0.186910
0.046978
-0.137779
-0.064334
0.049305
-0.071713
-0.005930
0.040134
0.119904
-0.096771
-0.029079
0.038586
-0.239764
-0.011622
0.228391
0.036076
0.073898
0.024234
0.136207
-0.114866
-0.079476
0.069131
0.117909
-0.248379
-0.032499
0.093554
0.005005
0.139708
0.109126
0.116325
0.095333
0.097300
-0.042023
-0.232104
0.172055
-0.033742
-0.142567
0.008952
-0.103595
0.039445
0.104324
-0.003998
0.102654
-0.066706
0.091950
-0.062875
-0.006987
0.006653
-0.126191
0.050351
-0.052681
0.122321
-0.025197
0.050297
-0.046139
0.022184
-0.170520
-0.006651
0.174286
-0.052418
0.220357
0.061127
-0.009960
-0.037307
0.035529
-0.044860
0.210543
-0.026957
0.084670
0.046082
-0.126963
0.057295
-0.036965
0.112010
-0.090540
-0.007309
0.106411
-0.028427
-0.192341
-0.115254
0.140347
-0.010728
-0.012946
0.009747
-0.150140
-0.086417
0.019316
0.127100
0.054784
0.017704
0.010928
-0.266446
0.133902
0.127775
0.058371
0.130624
-0.165334
-0.046001
0.279176
-0.002075
0.179872
0.028894
-0.058063
-0.090403
0.023234
0.121412
-0.029076
0.157583
-0.175732
-0.208359
0.016955
0.099472
-0.010375
0.104935
0.152900
-0.039750
0.043754
0.104499
0.301956
0.000011
-0.089805
0.061965
-0.095694
0.024958
-0.003196
0.081680
0.069077
-0.061855
0.029500
0.125292
-0.039112
-0.023459
0.076332
-0.015432
-0.004338
-0.029139
-0.013725
-0.076987
-0.044720
0.019738
-0.052255
-0.143795
-0.214764
0.020693
-0.034352
0.041158
0.090185
-0.081671
0.017065
0.022654
-0.057188
0.036164
0.238637
-0.210236
0.035898
-0.102938
0.025497
-0.070934
-0.025718
0.247143
0.043620
0.063429
-0.087418
-0.106447
-0.061742
0.079827
0.173808
0.112555
0.045671
0.020916
-0.091230
0.000831
0.079888
0.265647
0.083942
-0.178714
0.180776
0.022445
-0.084037
0.000302
0.263919
0.121926
-0.095745
-0.126089
-0.055486
0.169878
0.032537
-0.155351
-0.058132
-0.040463
-0.017951
-0.120245
-0.007881
-0.072674
-0.092428
-0.079497
-0.148974
0.157532
0.094330
-0.058217
-0.134896
-0.009596
0.027168
-0.026995
0.110525
-0.030514
-0.076689
0.219623
0.004462
-0.035481
0.021982
-0.035043
0.108584
-0.009241
0.089494
-0.026192
-0.020017
-0.059170
-0.201496
0.025547
-0.019888
-0.041670
0.125048
0.091059
0.004242
0.040900
0.082475
0.050382
0.019722
0.004316
0.048498
-0.005251
0.113616
0.049319
0.046664
0.022397
-0.060553
0.014783
-0.045276
-0.149650
0.072721
0.272812
0.125655
-0.028832
-0.117489
0.010499
-0.034404
0.069284
0.001870
0.038378
0.018674
-0.027563
0.120339
0.008399
0.145501
-0.023125
-0.100370
-0.096227
0.010914
-0.060375
-0.047408
-0.048998
-0.030980
0.142577
-0.026990
-0.158195
-0.165990
-0.071356
-0.009820
0.016041
0.176013
0.019117
0.119470
-0.105595
-0.052971
0.039588
-0.079953
0.209591
-0.192852
0.220393
0.015430
0.111508
-0.040238
-0.056879
0.048317
-0.024909
0.142057
0.111292
-0.097721
-0.194051
-0.036921
-0.021620
-0.060611
-0.046833
0.010429
-0.046796
0.111110
0.145750
0.057222
0.055768
-0.083244
-0.002354
0.125402
-0.033152
-0.123439
-0.193734
-0.098479
0.008825
-0.097651
0.001253
0.097401
0.044106
0.108857
0.066356
0.051930
0.101429
0.138411
-0.074291
-0.036026
-0.141841
0.145243
0.049043
-0.170388
0.058625
-0.053181
0.005277
0.074371
0.082802
0.024746
0.128373
0.073422
0.220340
-0.149187
-0.125805
0.142505
-0.135694
-0.015858
0.031048
-0.023416
-0.032792
0.149885
0.109796
0.048242
0.004469
0.032813
-0.264782
0.121202
0.149219
0.070965
0.132719
0.089043
-0.060955
-0.138008
0.103258
0.004268
-0.001726
0.037754
-0.022336
0.106864
0.032921
0.149577
0.073724
-0.008452
-0.099787
-0.070649
0.194978
0.068693
0.000029
-0.038070
0.293638
-0.038935
-0.291722
0.062230
0.045915
-0.057344
0.183857
0.044182
0.110302
0.060958
-0.045330
-0.015241
-0.046346
0.015294
-0.104349
0.092313
-0.162988
-0.126938
-0.194782
-0.071926
0.098114
0.042121
0.090486
-0.066013
0.001467
-0.062305
-0.178704
0.048099
0.122165
0.062208
-0.087749
0.093074
0.001265
-0.048668
-0.133091
0.112639
-0.017643
-0.012057
0.271011
0.219823
-0.107488
0.104413
0.007368
-0.099715
0.079825
-0.116572
0.009086
0.095005
-0.018923
0.109025
0.037675
0.077038
-0.014076
0.081189
0.123929
0.049557
0.231348
0.064892
-0.044536
0.101738
0.082930
-0.087397
-0.069776
-0.024104
-0.074956
-0.077429
-0.035124
-0.101233
-0.029972
-0.114977
-0.132187
-0.130425
0.020733
0.004013
-0.191385
0.082934
-0.012875
-0.000772
0.088703
0.004289
-0.100427
-0.115147
0.038020
-0.040317
0.125416
-0.199574
0.157528
-0.056576
-0.022739
0.147357
-0.101530
-0.013826
0.040187
-0.013904
0.037012
-0.035554
0.029041
0.032248
0.119337
-0.047081
-0.039450
0.067901
-0.102399
0.048860
-0.004506
0.067893
-0.062375
0.023975
-0.072211
0.016505
-0.049854
0.091671
0.039812
-0.097824
0.067848
-0.163625
-0.101731
0.078003
0.043629
0.135114
0.011446
-0.055397
0.078838
-0.150120
0.111040
-0.017138
0.089544
0.097862
-0.085180
0.087652
-0.022593
0.064779
-0.137293
0.098980
0.027611
0.077287
0.025120
0.153605
0.082267
-0.026700
0.056863
0.061636
0.092203
-0.023741
-0.046347
0.166187
0.002449
-0.090819
-0.051995
-0.040098
0.170411
-0.178471
0.034935
-0.051428
-0.102650
0.017679
0.058682
0.123025
-0.134112
0.015789
0.006588
-0.059325
0.051463
0.165343
-0.035968
0.033857
0.011164
0.022423
-0.076517
0.130508
-0.128163
0.099267
-0.094152
-0.041486
-0.164965
-0.008664
0.033814
0.126263
0.022235
-0.120993
-0.003368
-0.065062
0.003108
-0.129667
0.021033
-0.038524
-0.014598
-0.096846
-0.149805
-0.020764
0.078807
0.041854
0.263188
-0.092134
0.263327
0.049116
-0.081131
0.129977
0.083791
-0.047804
0.109305
-0.026074
0.177191
0.068611
0.026820
0.063591
-0.062141
0.004034
-0.195225
0.074989
-0.040499
0.129428
-0.121619
-0.048575
-0.015419
0.030946
-0.151928
0.039264
0.028685
-0.136209
-0.062550
0.051754
-0.117071
0.202994
0.060254
-0.105941
-0.138484
-0.118242
-0.174533
0.086674
-0.102454
0.113943
-0.024983
-0.173963
-0.044177
0.142446
0.074693
0.009596
0.013298
-0.060035
0.032083
0.019917
0.086341
0.024207
0.067126
-0.151775
0.012036
0.012564
-0.026295
0.006354
0.086192
-0.122263
-0.059101
0.051872
0.030236
0.045571
-0.066004
0.093609
-0.005844
0.045301
0.052369
0.178436
-0.130345
0.037939
-0.039148
0.135328
0.027041
0.099645
-0.005858
-0.081024
-0.086189
-0.099297
-0.098852
0.133769
-0.131508
0.060444
0.032732
-0.011158
-0.096060
0.010752
0.027751
-0.148492
0.130765
0.091287
0.084929
-0.011651
-0.218523
0.030502
0.008390
0.139542
0.055689
0.017626
-0.032803
-0.018077
-0.201022
-0.084022
-0.077706
-0.015901
-0.149951
-0.017583
0.102339
-0.147689
0.033497
0.143231
0.103555
-0.105291
-0.126434
-0.042455
0.080058
-0.053350
0.013162
-0.085142
-0.093845
-0.105395
-0.047404
-0.034426
-0.023404
-0.128722
-0.070370
0.103633
-0.101370
-0.058801
0.075285
0.129086
0.047517
0.119599
0.078325
0.081618
-0.004475
0.126495
-0.090440
-0.028728
0.045094
-0.227250
0.102755
0.033305
0.137960
-0.109938
-0.140417
0.019590
0.003090
0.156261
-0.097357
0.035169
0.127306
0.037152
-0.065262
-0.066713
0.127555
0.149601
0.143405
-0.021805
0.075154
0.025087
0.084057
0.138159
0.037069
0.032992
0.047662
-0.011423
-0.221819
0.186186
-0.073125
0.185837
-0.124084
-0.115151
-0.041984
-0.084531
0.014382
-0.043422
-0.097340
-0.009687
-0.036226
-0.019894
0.036212
-0.136632
-0.074115
0.054510
-0.099612
-0.052451
0.011334
0.047071
0.013410
-0.043718
-0.144413
0.074973
0.126002
0.199479
-0.193823
0.050700
0.075903
0.054967
-0.041486
-0.065989
0.091552
0.036507
-0.109679
-0.146018
-0.134351
0.031653
0.108524
0.077960
0.074229
-0.062415
-0.113779
-0.055466
-0.006702
-0.021370
0.018211
-0.187499
-0.083887
0.015933
-0.022384
-0.153239
0.008287
-0.088995
-0.038012
-0.025208
0.024246
0.036893
-0.221742
0.122518
-0.035868
-0.089129
0.061966
0.093198
-0.105631
-0.063849
0.089263
-0.254569
0.078423
0.017595
0.050635
-0.100285
0.012538
-0.161774
0.065285
-0.053400
0.146425
0.098282
-0.060315
-0.093498
0.089335
-0.061762
-0.088533
0.103946
-0.076993
0.071692
0.014844
0.071970
0.065939
0.084221
0.004925
0.125193
0.018549
0.024969
0.014965
0.075992
0.002439
0.171973
-0.018769
0.153156
0.078459
0.154976
0.120717
0.053871
0.182154
0.023838
0.140114
-0.170251
-0.119547
0.052405
0.100471
-0.245765
0.096855
0.123113
-0.187359
-0.063314
-0.087734
-0.096286
0.069006
-0.065761
-0.047430
-0.054483
-0.019702
-0.036513
-0.064231
0.053648
0.101499
-0.060261
-0.069390
-0.097631
0.015614
0.141625
-0.077205
-0.133346
0.085026
0.092383
0.025118
0.011618
-0.046344
0.040000
0.062644
-0.042713
-0.119101
0.038720
-0.026232
0.145621
0.200873
0.018521
0.105098
-0.095936
0.035227
-0.242375
0.089306
0.187682
0.098779
-0.140047
-0.075231
0.016877
-0.074546
-0.018280
0.090235
-0.006045
0.042034
-0.126759
-0.007600
-0.095757
-0.054361
-0.229503
0.104241
-0.039044
0.042758
-0.112070
0.132791
-0.128551
0.059105
-0.053646
-0.155246
0.009560
-0.019720
0.031957
0.034307
-0.113489
0.002878
-0.060570
-0.221234
-0.108172
-0.053076
-0.023272
-0.093817
-0.091615
-0.092271
-0.112381
0.138791
-0.187848
0.112493
-0.120959
0.051216
-0.069992
0.075839
-0.138362
0.039690
-0.048772
0.045555
-0.037914
-0.059238
0.168937
0.015541
-0.039732
0.056179
0.046425
-0.059547
-0.176185
0.143465
-0.159966
0.095599
0.117745
0.069236
0.091561
0.241855
-0.042854
0.044618
0.092155
-0.003613
0.128530
0.012054
0.155747
0.012681
0.142106
0.139285
-0.113608
0.150936
0.067751
-0.243121
-0.029593
-0.216247
-0.036051
-0.102544
0.133025
-0.034407
0.071691
-0.015316
-0.062486
0.113475
-0.041742
-0.094520
0.284952
0.248770
0.268395
0.085765
0.095583
0.277240
-0.037055
-0.053030
-0.005604
0.101788
-0.207340
-0.070640
-0.009308
0.056615
-0.027935
-0.005830
-0.117747
-0.108102
-0.352411
0.063098
0.072723
-0.102257
0.057310
0.101909
0.102959
-0.072390
-0.061298
-0.097150
-0.064190
-0.190729
-0.066172
0.046919
0.089237
0.049403
-0.110128
-0.145572
0.053184
0.023072
-0.019313
-0.004717
-0.064570
-0.147694
-0.107708
0.089870
-0.276874
-0.140243
0.071998
-0.115341
-0.009135
0.003396
-0.019216
0.043553
0.075330
-0.031183
-0.022523
-0.165276
-0.042276
-0.076224
-0.070846
0.046512
0.117810
-0.082874
-0.038665
0.134333
0.098866
0.145290
0.168775
0.039885
0.053509
0.111942
0.241485
-0.009887
-0.142343
0.093771
-0.029941
-0.026214
0.144741
0.016710
-0.220152
0.087178
-0.182877
-0.124653
-0.078723
-0.028517
-0.091804
-0.147233
-0.013519
0.028791
0.009712
0.184980
0.088020
0.047287
-0.121071
0.051616
-0.103819
0.199039
-0.012702
-0.129579
0.018436
0.074904
0.040455
0.095812
-0.017740
0.010304
-0.191917
-0.064111
0.012352
0.013089
-0.159890
0.071538
0.246296
0.121323
-0.034324
-0.130013
0.045281
-0.056443
-0.068746
-0.053489
0.028401
0.059532
0.039254
0.134285
-0.040721
-0.101389
0.061732
-0.042162
-0.058083
0.017803
-0.011053
0.104335
0.143783
0.159540
-0.062113
0.018485
-0.014215
-0.114862
0.176596
-0.018613
-0.006107
-0.137734
-0.049263
-0.027560
-0.082832
0.017095
-0.132338
0.025362
-0.024262
-0.012490
-0.015760
0.024820
0.013875
-0.104676
-0.073629
0.007952
-0.161321
-0.052898
-0.068042
-0.162537
-0.041926
0.046987
-0.003397
-0.067375
-0.019711
0.014300
0.080387
-0.125112
0.065482
-0.069708
-0.120042
0.174945
-0.002255
-0.034565
0.064936
0.022374
0.012370
-0.140696
0.016906
0.055056
-0.150857
0.143720
0.069336
-0.182007
-0.104393
-0.004282
0.053848
0.162152
-0.173930
-0.105270
-0.117597
-0.125668
0.193160
0.011950
0.040835
-0.046343
-0.028252
0.071464
-0.056019
0.007363
-0.165475
0.060130
-0.049981
-0.002261
-0.016648
-0.037290
0.083242
-0.068224
0.122718
-0.086169
0.138511
-0.008425
0.079857
-0.122667
-0.056875
0.060063
0.037336
0.122018
-0.096880
-0.098824
-0.085718
-0.012175
-0.108752
-0.069983
-0.042299
0.036217
0.053282
0.097032
0.037447
-0.004345
0.026715
-0.138552
-0.172243
-0.196574
-0.234959
-0.062299
-0.185129
-0.066696
0.081537
0.110509
-0.008774
0.035729
0.022238
-0.003107
-0.019496
0.165932
-0.062234
-0.113377
0.066957
0.232063
0.064219
0.117913
-0.137673
0.088403
0.022998
0.148514
-0.035013
-0.057298
-0.102992
0.205438
0.058482
0.008612
0.042869
0.046713
-0.003311
-0.024631
-0.040786
0.155501
-0.016403
-0.049699
0.045564
0.090343
0.144084
-0.238945
-0.159807
0.057344
-0.011624
0.048088
-0.139605
0.214452
0.089824
0.140484
-0.130857
0.021079
-0.320597
-0.041170
0.040671
-0.101753
0.126663
0.102083
0.206061
0.085539
0.077233
-0.044365
-0.081350
0.149665
0.097749
-0.080504
0.113320
0.061278
-0.050356
0.124098
-0.067878
-0.004131
0.045813
-0.022145
-0.177282
0.086114
-0.029959
0.066232
-0.072451
0.171736
-0.068027
-0.123949
-0.139879
-0.007903
-0.116136
0.164854
0.032457
-0.125339
-0.073355
-0.052810
0.140385
-0.021537
-0.080446
0.057847
0.035260
-0.132622
0.037952
-0.110038
-0.219263
0.142455
-0.047159
0.007403
0.133335
0.010291
0.008701
-0.095013
-0.060043
-0.056095
-0.305182
0.180307
0.003888
-0.064003
0.023933
0.066027
-0.100096
-0.197803
0.036684
0.009150
-0.031726
0.113256
-0.127378
-0.029965
-0.083107
0.115964
0.012017
-0.083626
-0.049763
0.147151
0.041753
-0.118961
0.064125
0.100515
0.081845
0.035349
0.245662
0.016193
-0.010198
0.048198
0.028629
-0.011367
-0.005040
0.035255
-0.044237
0.046950
-0.030822
-0.006508
-0.065681
-0.047030
-0.044038
-0.113634
-0.065247
-0.040061
0.054331
-0.117278
0.218543
0.015887
-0.088065
0.006935
0.009331
-0.005204
-0.124461
-0.005148
-0.026247
-0.013942
-0.023444
-0.016712
0.064962
-0.150065
0.064693
-0.136753
-0.171313
0.111196
-0.155643
0.099145
0.091729
0.007618
0.036012
0.111379
0.084754
-0.057432
0.028006
-0.031634
0.066045
-0.131409
0.098077
-0.210872
0.083624
0.000486
0.117075
-0.072477
0.046105
0.018282
-0.022032
0.069491
0.093787
-0.100886
0.028836
-0.103462
0.008316
0.173886
0.008121
-0.076995
0.090430
0.181185
-0.094910
-0.091484
-0.150790
0.021843
-0.179857
-0.248985
0.078555
-0.033032
0.001297
0.066499
-0.076456
0.111799
0.155713
0.097595
0.166961
0.037188
-0.078239
0.018538
-0.022044
0.198595
0.138062
-0.048978
-0.166876
0.112636
-0.031051
-0.014079
0.097825
-0.056814
0.022777
-0.007025
0.014639
-0.055762
0.047007
0.038729
-0.190627
0.097557
-0.107852
-0.130980
0.013098
-0.022987
-0.080855
-0.094104
-0.038088
-0.019979
-0.015614
0.017830
-0.096657
0.070650
0.010403
0.061000
0.069072
-0.032421
-0.029596
0.075508
0.184190
0.038582
-0.142336
-0.120154
0.069738
-0.202274
0.127694
-0.203484
-0.038183
0.111000
-0.035102
-0.137181
-0.022624
0.006107
0.109316
0.066560
0.018998
0.153278
0.211718
0.075882
-0.234082
0.167273
-0.096992
-0.038676
-0.022686
-0.047911
-0.003774
-0.132682
-0.057464
0.013323
-0.074926
0.175129
-0.054108
-0.047940
-0.255739
0.023674
-0.108846
0.028061
0.057275
0.064772
-0.047513
0.050899
0.050451
0.077632
-0.104217
0.007562
0.091932
0.219841
0.029565
0.126062
-0.118095
0.170507
-0.109003
-0.003231
-0.036763
-0.055765
-0.255170
-0.143850
-0.185763
-0.067996
0.155083
0.032918
-0.087140
0.153201
0.058676
0.083221
0.121442
0.032747
0.180603
0.102448
-0.053314
0.053389
-0.029956
0.066728
-0.002133
-0.033356
0.048043
-0.020006
0.018255
-0.084669
0.038265
-0.075103
-0.148457
-0.038302
-0.093912
0.117468
0.000441
0.059032
0.003676
-0.074650
-0.100331
-0.049388
-0.089992
-0.012610
-0.034448
0.098004
-0.047871
0.189414
0.031898
0.037046
0.054563
-0.171516
-0.184539
-0.126080
0.020593
0.010101
0.120227
0.053000
-0.173295
-0.078966
0.119282
0.126931
0.026283
-0.082345
0.004617
-0.002119
0.025244
-0.074915
-0.057468
0.097004
-0.060668
0.111770
0.002476
0.041063
-0.066030
-0.094640
0.089827
0.003752
-0.175677
0.041434
0.063000
0.039805
-0.173611
0.048463
0.013432
-0.081703
0.162341
-0.062044
-0.079254
0.109646
0.083175
-0.007729
0.290847
-0.048419
0.128203
-0.003650
-0.013771
-0.063384
0.123940
-0.091894
-0.114368
0.083088
0.029909
0.051321
-0.131349
0.163531
0.131972
0.139798
0.062330
-0.086871
0.052513
-0.191443
0.033013
-0.121943
-0.082186
0.122497
-0.173679
0.081650
0.084032
-0.033520
0.017541
0.113981
-0.010687
0.169605
0.183961
-0.013915
0.081283
-0.157568
0.172221
0.052381
-0.103421
0.178881
-0.028005
-0.066511
0.003984
-0.041454
0.096508
0.022221
-0.020492
0.001953
-0.003527
-0.113276
-0.078238
-0.049639
-0.120729
-0.066584
-0.159782
0.039194
-0.146791
-0.006804
-0.040541
-0.014891
-0.091117
0.126315
-0.088775
0.025284
-0.012136
0.014710
0.286137
-0.163240
-0.009640
-0.175410
0.007715
0.000041
-0.063033
-0.040701
-0.078210
-0.091710
-0.170409
-0.102765
0.031558
-0.148388
0.149627
0.005220
0.062491
-0.020965
0.009904
-0.086283
-0.047059
0.052880
0.088623
-0.061914
-0.070808
-0.065131
0.169565
0.117984
-0.001996
0.059305
0.115336
-0.021586
-0.011775
0.003656
-0.190141
0.117763
0.029890
0.057438
-0.080025
-0.014772
0.017625
-0.011006
-0.216361
-0.054975
0.066622
0.082057
0.044455
0.160457
-0.126094
0.000346
0.100938
-0.047443
-0.226459
-0.028010
-0.048381
-0.052706
-0.071224
-0.045495
-0.132083
0.050461
0.090077
0.025360
0.004405
0.038087
0.085210
-0.128064
-0.142947
0.023658
0.076433
-0.128458
0.003771
0.114786
0.068646
0.030787
0.079252
0.095305
-0.000722
0.042618
-0.013461
-0.226278
0.174636
-0.195794
0.165902
0.078803
0.157383
0.025149
-0.001121
-0.029102
0.032198
0.055758
0.103430
-0.027679
-0.047389
0.232745
-0.062950
0.050745
-0.066133
0.026277
0.037540
0.033937
-0.030030
0.040350
0.095693
-0.045730
0.004520
-0.193336
-0.020047
-0.069482
0.001097
-0.027845
0.101508
0.055802
-0.024116
-0.144563
0.060759
-0.038983
0.009215
0.121381
-0.083522
-0.008667
0.093107
0.032069
-0.008590
0.042601
0.013872
-0.034078
0.131278
-0.043597
-0.017868
-0.065015
0.090323
0.113779
0.079442
-0.074266
0.158979
0.062745
-0.037470
-0.166112
0.038901
-0.077897
-0.014187
0.121220
0.027516
0.068212
-0.081524
-0.015611
-0.026049
-0.044457
0.027313
-0.045934
-0.035453
0.114010
-0.001193
0.002208
0.074343
0.104839
-0.003945
0.050959
-0.018716
-0.018461
0.005142
0.111709
0.056808
0.014695
-0.050512
0.051190
0.175220
-0.034922
-0.119187
-0.034072
-0.072559
0.029258
-0.004910
-0.055504
-0.029796
0.058363
-0.008107
-0.049698
0.026776
-0.068911
-0.042120
0.021159
0.077246
-0.044099
-0.034198
0.078101
0.145712
0.032136
-0.061402
0.142290
0.094210
0.047450
-0.040484
0.039772
-0.016814
-0.064140
0.145854
-0.100355
0.085328
0.042016
-0.072458
-0.020883
-0.089628
-0.043084
0.074133
0.034811
0.007979
-0.026610
-0.012787
-0.044513
-0.057209
0.133760
0.109128
-0.174738
0.274796
0.027021
0.076019
0.004447
0.003257
-0.144958
0.011352
-0.001140
-0.128500
-0.190167
0.050175
-0.040231
-0.056469
0.155242
-0.035776
-0.225285
-0.030216
0.037060
0.102930
-0.042089
0.030339
-0.117199
0.142620
-0.048424
0.134148
-0.133916
-0.097855
-0.072908
-0.035947
0.053193
0.058692
0.073822
-0.139907
-0.017840
-0.027013
0.049826
-0.002845
-0.105567
-0.274962
0.075726
0.169186
0.082783
-0.075371
-0.002728
-0.066540
-0.212225
-0.061928
0.067062
-0.047488
0.084439
0.157042
0.019348
0.091841
-0.113166
-0.117576
-0.026979
0.054234
0.131446
-0.046695
-0.024560
0.102084
-0.209621
-0.233858
0.071206
0.162138
-0.114217
-0.092173
-0.169819
-0.008149
-0.170020
-0.063511
0.054114
-0.100994
0.044006
-0.017144
-0.056711
0.006983
0.055190
0.009974
-0.034188
0.052510
0.002922
-0.193425
0.106179
-0.127482
0.030004
-0.044370
-0.115864
0.070796
-0.050447
-0.051504
0.190963
0.104585
0.036701
-0.025360
-0.059372
-0.079419
0.070235
0.027381
-0.090612
-0.093976
-0.017456
0.035380
0.048979
-0.103881
-0.121133
0.021308
-0.030395
0.027008
-0.112407
-0.065538
-0.239783
-0.062646
0.042104
-0.017342
0.005062
0.169321
0.033281
0.056362
0.032969
-0.124888
-0.025981
0.041156
-0.067948
0.072652
0.089352
0.070039
0.125280
0.025841
0.101361
0.178694
0.036912
0.174071
0.051398
-0.008738
-0.018590
0.115585
-0.006500
0.046196
0.044942
-0.207770
-0.125570
-0.195296
-0.148249
0.116870
0.052079
0.038449
-0.264553
-0.023974
0.082040
0.212889
-0.011192
-0.132097
-0.144879
0.001190
-0.159302
-0.034634
-0.089140
0.051605
0.204806
0.060304
-0.188887
-0.006367
0.008181
-0.056289
-0.027351
0.124631
-0.121711
-0.014543
0.037278
0.148584
-0.130997
-0.163840
0.047271
-0.146194
0.152862
-0.028816
-0.116917
0.031226
-0.207225
-0.015781
-0.020311
-0.113738
-0.103397
-0.103155
-0.040282
0.031082
0.088366
-0.001645
-0.049175
-0.070603
0.145526
-0.024519
0.016479
0.070062
-0.178066
0.101760
0.033495
-0.055566
-0.102352
-0.000675
0.083847
0.018056
-0.032545
-0.001600
-0.123317
0.005637
-0.180097
-0.149945
0.042162
0.023172
0.154319
-0.036316
0.101906
-0.063499
-0.154686
-0.098049
-0.029680
0.006011
-0.139152
-0.035928
-0.016979
0.187385
-0.004423
0.172740
0.027863
-0.123733
0.243552
-0.145444
-0.074181
0.065684
-0.149611
0.042360
-0.065677
0.055568
0.038912
0.067651
0.015491
-0.040241
-0.126079
-0.054478
-0.027142
0.105632
-0.055221
0.068494
0.149764
-0.043593
-0.134484
0.126701
0.151593
0.054078
-0.056605
0.141823
-0.095700
0.025477
-0.214612
0.066752
-0.107992
-0.000147
0.196327
-0.147568
0.177521
-0.233976
-0.095482
-0.233203
0.126726
-0.021652
-0.215004
0.154674
0.045368
0.079219
0.059787
-0.051109
-0.145289
-0.027500
-0.030760
0.044360
0.097297
-0.067063
0.024983
-0.122246
-0.129107
-0.111999
-0.049789
0.014807
0.095348
0.016039
-0.037683
-0.041265
-0.004623
0.053700
0.126817
0.006286
0.181994
0.017821
-0.144056
-0.034656
-0.097566
-0.063770
-0.013550
0.029871
-0.053603
0.104127
0.175498
-0.131628
-0.012708
-0.050060
-0.235786
-0.013168
0.060596
-0.007359
-0.121837
0.171893
0.025707
0.049594
-0.075261
0.196114
0.145156
-0.088360
0.029034
0.004954
-0.098623
-0.097902
-0.039306
0.105841
0.023611
0.127660
0.211120
0.228077
-0.112510
-0.114621
0.020744
-0.135745
-0.014013
-0.108077
0.051483
-0.192249
-0.026818
0.063463
0.101097
0.018119
0.021193
-0.093625
-0.025051
-0.129819
-0.055561
-0.248268
-0.148841
0.057310
-0.132394
0.135995
-0.093969
0.011106
-0.123057
0.023974
0.016800
-0.108153
0.020949
-0.114433
0.058673
0.056276
0.068945
-0.014337
-0.281728
-0.099223
0.055574
-0.016934
0.169079
-0.034931
0.072936
-0.060665
0.020402
0.074255
-0.177264
-0.104717
0.035336
0.059569
0.039251
-0.150209
-0.136763
-0.118598
-0.118466
0.022921
0.021083
0.013461
-0.177227
0.011542
0.115011
0.087419
-0.049280
-0.017259
-0.034976
-0.139986
-0.041621
-0.275034
0.125397
-0.055564
0.000642
0.041723
-0.109805
-0.097389
-0.023942
-0.070204
-0.074580
-0.081568
-0.003234
-0.183659
0.093870
-0.072192
-0.106717
-0.008349
-0.066018
0.116096
-0.064865
-0.220432
-0.027339
0.131025
-0.015582
-0.097130
-0.029727
-0.031376
-0.069847
-0.012286
-0.082020
-0.088200
0.057814
0.056809
-0.093169
0.022421
-0.185701
-0.080708
0.035274
0.109114
-0.050310
-0.033287
0.030535
0.048101
-0.073328
-0.056252
0.085939
0.014320
0.118000
0.004502
-0.001316
0.042848
-0.087027
0.116949
-0.093798
0.154404
-0.071103
-0.109466
-0.148013
0.047836
-0.110347
-0.123023
0.038722
0.017589
-0.219049
-0.014222
0.090594
0.078556
0.028521
-0.050111
0.033188
0.245462
0.173954
0.060516
0.068766
-0.015329
0.122058
0.016485
-0.065228
-0.082438
-0.024519
-0.124401
0.028522
0.068992
-0.041621
-0.035421
-0.011875
-0.087884
0.155132
0.102422
0.077069
-0.034238
-0.119859
-0.092935
0.016852
0.023285
-0.022031
-0.035688
0.119279
-0.025857
-0.131638
-0.000754
0.135310
-0.324284
0.036874
0.121388
-0.058044
-0.006253
-0.077356
-0.078113
0.103969
-0.110229
0.173650
-0.141212
0.046798
0.086768
0.171869
0.054725
0.027396
0.100973
0.054149
0.007280
0.123471
0.112524
-0.085793
-0.048730
-0.034373
0.177773
0.006209
0.025891
0.224364
-0.011661
0.002736
-0.205846
0.053827
-0.047650
0.179741
-0.103471
0.048846
0.089042
-0.021583
0.135144
0.100323
0.021889
-0.241734
0.075263
0.067994
-0.021978
-0.061495
0.051995
0.107227
-0.067498
0.241877
-0.058990
-0.140115
-0.091334
-0.090039
-0.012224
0.090616
-0.000714
-0.180197
0.058236
0.110447
-0.137409
0.059069
-0.025292
-0.033072
0.055750
0.051783
-0.228113
-0.020409
-0.079813
-0.130763
0.085309
0.212482
0.118784
0.060452
0.022412
0.117017
0.032494
0.128409
0.071642
-0.154108
0.067191
-0.027718
-0.001943
0.026360
0.053351
0.018310
0.173200
0.114697
0.135189
-0.139974
-0.040645
-0.186708
-0.096865
-0.120447
0.185672
0.073703
0.003853
-0.068548
-0.084680
-0.062068
0.194027
0.070221
-0.079672
0.134384
-0.072304
0.037710
0.191739
-0.209706
0.055749
-0.078854
-0.010029
0.011169
0.218410
-0.014102
0.153164
0.071839
-0.254758
-0.223767
0.075951
-0.128913
0.189593
0.211689
0.069406
-0.051325
0.026585
0.022793
-0.293667
0.091081
-0.002114
-0.150425
-0.266972
-0.078003
-0.087135
-0.057257
0.054834
0.109751
0.016144
0.061132
-0.009841
0.188895
-0.029025
0.002542
-0.101660
-0.095682
0.038569
-0.093703
0.016108
0.119311
-0.145095
-0.037209
-0.155228
0.199102
0.027159
-0.074471
0.006361
0.067598
-0.212099
0.046210
0.074481
0.131922
0.013318
0.051720
0.052122
-0.056130
-0.227766
0.040545
0.215350
-0.052207
-0.073354
-0.018264
0.046242
0.045102
0.127421
-0.030459
-0.103131
0.123963
-0.064867
0.078832
-0.132886
0.072083
0.023526
0.019271
-0.000442
-0.004703
0.030507
0.037618
-0.087902
0.147938
0.047147
0.017914
0.031337
0.139278
-0.046596
-0.094158
-0.005650
0.109984
-0.079235
0.046899
0.172792
-0.105414
-0.013390
0.145724
0.043363
0.061325
0.067624
-0.227800
0.112100
0.009953
0.120411
-0.018922
0.026604
-0.148271
-0.036820
-0.038057
0.051844
-0.082006
0.095241
-0.060866
0.011729
0.096039
-0.064417
0.124966
-0.074197
-0.198283
-0.046193
-0.089644
-0.107219
0.057583
-0.025117
-0.053933
0.027140
-0.006923
0.088985
-0.037295
0.008662
-0.066806
-0.085359
-0.018485
-0.128196
-0.005649
-0.072225
0.075588
-0.104779
-0.198643
0.157115
-0.160397
0.030089
0.055304
0.080557
-0.099309
0.010168
0.096251
-0.043986
0.081334
-0.042746
0.012179
0.083647
0.144156
0.104171
0.156516
0.029631
0.107426
0.111484
-0.221191
-0.004289
-0.116664
-0.184192
-0.027446
0.094615
0.042767
0.018978
0.149173
-0.266057
-0.151928
0.055958
-0.086586
0.119236
-0.042302
-0.103462
0.046214
-0.000246
0.099564
0.143728
0.171225
-0.154553
-0.048269
0.055224
0.171003
0.065833
0.062208
0.214790
-0.083972
0.085411
0.138942
0.070468
0.058548
0.066983
0.024356
-0.071330
-0.055624
-0.011741
0.082126
-0.014268
-0.029688
0.002944
0.149653
0.103334
0.160000
0.003025
-0.000072
-0.073751
0.058655
0.134321
-0.066671
-0.149033
0.140584
-0.117485
0.226026
0.023602
-0.175861
-0.000027
-0.092351
-0.079433
0.208214
-0.213448
-0.018971
0.140806
0.062820
-0.130008
0.152443
0.109592
-0.043940
-0.057971
0.153217
0.061558
-0.004089
0.207140
-0.075010
0.051732
0.002425
-0.036400
-0.169398
0.188347
-0.108216
-0.146008
0.128171
-0.000352
0.041052
0.007820
-0.005179
0.077888
-0.054070
0.127695
0.070152
-0.026348
0.037901
0.058376
0.240788
0.110349
-0.134452
-0.079616
0.051577
0.026139
0.139052
-0.072339
-0.093645
0.029926
-0.023783
-0.151389
0.036494
0.106916
0.029445
0.019611
0.033122
0.097105
-0.046511
0.111811
-0.170537
-0.173198
-0.001939
0.011555
-0.120761
-0.064352
0.014743
-0.068934
0.067170
-0.014699
-0.050968
0.057378
-0.100791
0.095877
0.091489
0.005915
-0.120868
-0.004913
0.182314
-0.111359
-0.030040
-0.045388
-0.110004
-0.200864
-0.091700
0.065726
-0.001102
-0.128948
0.099028
0.074534
-0.165460
-0.068845
-0.051664
0.243677
0.135746
-0.098513
-0.002224
-0.045871
-0.233520
0.055855
0.239558
0.159904
0.124063
-0.163969
-0.032707
0.048808
-0.060631
-0.041492
0.191812
-0.091782
0.076375
-0.029088
0.009421
-0.070155
-0.053352
-0.006704
-0.161172
0.001082
-0.063179
-0.016818
0.000958
0.048484
-0.157812
0.004306
0.054467
0.063086
0.060080
-0.142326
0.014356
0.248644
-0.048751
-0.086433
0.038913
-0.108887
0.189357
0.075311
0.122362
0.077646
-0.054362
0.070806
-0.024906
-0.052713
0.040386
-0.052823
0.064227
-0.053764
-0.132348
0.017502
0.036529
0.040325
0.079161
-0.112826
0.161762
0.226449
0.038225
0.216294
-0.095304
-0.018197
0.094754
-0.031065
0.202035
0.043096
-0.051634
-0.008088
-0.005702
-0.130899
-0.078990
0.091332
-0.004327
-0.078972
-0.074302
0.093634
0.048450
-0.136741
0.056442
-0.017365
0.104409
0.004078
0.000608
-0.035546
0.017028
-0.059715
0.063836
-0.039562
-0.128000
-0.081846
-0.135787
0.116700
0.051849
-0.003277
-0.133262
0.009787
0.047720
0.040677
-0.148706
0.028863
0.083874
0.170192
0.151658
-0.021882
0.091658
-0.233839
0.004284
0.012541
0.048008
0.045124
-0.114958
0.060316
-0.022994
0.066066
0.060356
-0.031519
0.055304
0.005334
0.021527
0.046149
0.147049
-0.000695
-0.067977
-0.013486
-0.045081
-0.086701
-0.122929
-0.000565
-0.035060
-0.056344
-0.013564
-0.030708
-0.237688
0.102940
0.047984
0.063934
-0.141562
-0.026354
-0.051763
0.091456
-0.048225
-0.127790
-0.106571
-0.088562
-0.042329
-0.045063
0.022248
0.178367
-0.114592
0.017373
0.095752
-0.020274
-0.049849
-0.065827
0.036347
-0.219567
0.094497
-0.087916
0.069842
0.034991
-0.006538
-0.119259
-0.131413
-0.159180
0.000112
-0.048892
-0.045719
-0.042051
0.056593
0.088293
0.210900
0.070343
0.016570
0.074264
-0.031558
0.048735
-0.145773
-0.014604
0.106965
-0.070815
-0.202438
-0.191904
-0.142825
0.252467
-0.119182
-0.043836
0.035523
-0.064436
-0.189981
-0.127094
0.027677
0.057465
0.136507
0.149165
-0.053668
0.005559
-0.012594
-0.039309
-0.021874
-0.066395
0.045448
0.127983
-0.032267
-0.018041
0.027565
0.002429
0.088115
0.179610
-0.205244
0.038445
0.105024
0.163001
-0.137915
0.092129
-0.027323
0.032310
0.191737
0.208303
0.122018
-0.047711
-0.177317
-0.092916
-0.043622
0.052006
-0.170166
-0.088780
0.148360
0.198703
0.184364
-0.039128
0.114103
0.080642
-0.081036
0.087488
0.184646
-0.036597
-0.104249
0.169190
0.008862
0.087603
-0.233686
0.182613
-0.272426
-0.097994
-0.027551
0.011997
-0.021097
-0.003185
0.048937
0.088528
0.118777
0.169946
-0.007298
-0.096019
0.035796
-0.165065
0.035889
-0.112341
-0.108055
-0.075556
-0.132763
-0.070566
0.017543
-0.050726
0.025825
0.155933
0.084747
0.076675
-0.037974
0.061667
0.195798
-0.120822
0.017415
-0.013591
0.059833
0.073152
0.000150
-0.056460
-0.042371
0.166463
0.100742
0.016889
0.121940
-0.195611
-0.080656
-0.070104
0.028580
0.121275
0.011684
-0.175408
0.206612
0.128926
0.227317
-0.012669
0.170669
0.027738
0.148568
-0.037790
-0.073606
-0.189924
0.114163
-0.046275
0.103266
0.111181
-0.109056
0.181737
-0.122409
0.119609
-0.089951
0.137234
-0.104173
-0.062668
-0.025234
-0.105186
-0.050570
0.054223
0.106918
0.028057
0.003785
0.128938
-0.061397
-0.023605
0.074084
0.034095
0.068198
-0.056415
0.169809
-0.113276
-0.008216
-0.021468
0.025980
0.007303
-0.014159
-0.051173
0.011219
0.148949
0.086015
0.106599
0.004100
0.019753
-0.009771
-0.025900
0.211196
-0.084836
-0.124727
-0.067828
-0.000175
-0.041339
-0.070933
-0.191608
0.021376
-0.180984
0.200711
0.088994
-0.254132
-0.007007
-0.167872
0.128232
-0.061432
0.062062
0.212308
-0.041697
-0.229391
-0.014474
0.117722
0.059384
-0.036362
-0.120974
-0.090284
0.007927
0.187055
-0.151889
-0.132298
-0.069439
-0.001280
-0.049061
0.131508
-0.286658
0.041403
0.118856
0.041966
0.066006
0.097499
-0.290280
0.048181
0.052781
0.109238
-0.110412
-0.076875
-0.192710
-0.021308
-0.059362
-0.251392
-0.078794
-0.118178
0.113388
0.109840
0.060194
-0.008346
0.035966
-0.121256
-0.000337
0.049837
-0.010961
-0.058323
0.074745
0.005975
0.072292
0.127413
-0.179945
-0.003837
0.084215
-0.000689
0.059374
-0.020377
-0.040450
-0.185370
0.057066
0.026093
0.331577
-0.088977
-0.038177
0.094109
-0.125462
0.224798
0.123327
-0.183045
-0.010983
0.069138
0.030996
-0.133469
0.140440
0.025068
-0.097699
0.047992
0.108168
0.114203
0.053701
-0.118824
0.044162
-0.068330
0.009981
0.003371
-0.196419
0.127847
0.145786
0.015962
0.098716
0.018091
-0.131198
0.006918
0.162193
0.077911
0.016524
0.008860
-0.128846
-0.098942
-0.095503
0.170885
-0.024944
-0.200163
0.064308
-0.170673
-0.029031
-0.075608
-0.035216
0.047434
-0.282798
-0.084359
0.088457
-0.074933
-0.080142
0.000482
-0.059988
-0.062856
0.256194
0.066217
0.052683
-0.208204
-0.075557
0.103030
0.028220
0.046807
-0.219493
0.037379
0.006626
0.076874
0.146060
-0.034626
0.094956
-0.001184
-0.000378
0.045006
-0.011725
-0.050058
0.021493
-0.114766
-0.022757
0.201309
-0.029556
0.069044
0.024881
0.013060
-0.003136
0.107077
0.135946
0.055565
-0.081797
-0.136570
0.000646
0.012936
-0.081339
0.033049
-0.022174
0.096455
0.154348
0.087733
-0.171436
0.006357
0.078063
-0.156985
-0.081497
0.076019
0.032128
-0.026082
-0.086447
-0.047614
-0.114304
-0.091280
0.028805
-0.074244
0.023762
-0.008317
0.009036
-0.006762
-0.129443
-0.151370
0.075315
0.033407
-0.050461
-0.013595
0.024477
-0.095037
-0.087959
0.156311
-0.030409
0.100649
-0.230492
0.084623
-0.251094
-0.080095
-0.016050
-0.016917
-0.156480
0.033843
0.126973
0.013077
0.021528
0.065614
0.007819
-0.066027
0.108713
0.030751
-0.098795
0.043474
-0.089612
-0.131181
-0.041949
0.040160
0.048182
0.041170
0.015347
0.136462
-0.016644
0.009340
-0.103414
-0.204845
0.123255
-0.045375
-0.152202
-0.032950
-0.130014
0.027672
0.061686
-0.083864
0.084544
-0.059945
0.169853
-0.062383
-0.083037
0.197119
-0.056127
0.056980
0.021962
0.048431
-0.131306
-0.289505
0.078067
0.098894
0.119058
-0.240527
0.070106
0.035296
0.067370
-0.116898
0.016641
0.189485
-0.066005
-0.023498
0.038299
-0.062782
0.020880
-0.143652
-0.070009
0.104760
-0.059644
0.085699
-0.006643
0.007179
-0.206501
-0.089906
-0.075683
0.118249
0.064167
-0.185144
0.135015
0.019458
0.097849
-0.060910
-0.220063
-0.172237
-0.107541
-0.214563
0.019845
-0.207654
-0.058474
0.037134
0.057657
0.169284
-0.078196
0.011782
0.011479
-0.024425
0.130827
-0.063631
0.008812
0.004492
0.087923
-0.121842
-0.046096
0.124274
-0.042280
-0.185306
-0.089349
0.148537
0.082406
-0.054307
-0.017024
-0.138915
-0.068529
-0.051763
0.061290
0.076468
0.025944
-0.051394
0.011465
0.103582
0.004918
0.110590
0.045862
-0.164594
0.029609
-0.002842
0.136295
-0.130099
-0.180015
-0.059588
0.041372
-0.016680
0.020433
-0.072010
-0.072255
0.066076
-0.000847
-0.037923
-0.057418
-0.065345
-0.018113
0.003628
0.017447
0.015695
0.060387
0.073859
0.127964
-0.048508
-0.182968
-0.130671
0.034614
-0.100417
0.135645
-0.062307
0.135511
0.058261
-0.138339
-0.110706
-0.077375
-0.091742
-0.023071
0.153256
0.056811
-0.074649
0.041862
-0.155211
-0.080338
-0.101199
-0.006838
0.143895
-0.007137
0.127019
-0.118704
0.043802
0.045263
-0.085791
-0.001989
-0.133218
0.094382
0.097696
-0.046024
0.055777
0.051719
-0.075156
-0.205552
0.029037
-0.039026
0.008107
-0.025790
-0.096248
-0.019986
-0.016916
-0.005636
-0.029306
0.183250
0.104803
-0.026915
-0.036738
0.159625
0.101358
-0.199502
0.037083
-0.039011
-0.114017
0.055320
0.041105
-0.102845
0.066186
-0.028218
-0.014254
-0.003438
-0.023650
-0.102235
-0.001985
0.009973
0.007914
-0.109501
0.070227
-0.102466
0.038812
0.007483
0.015579
0.104150
-0.030871
0.169900
-0.027730
0.089893
-0.016724
0.241191
-0.020975
-0.131474
0.133521
-0.079148
0.066938
-0.045422
-0.062486
0.050816
0.017309
0.142591
0.098828
0.021858
-0.068332
0.042721
0.040931
0.015891
0.038933
-0.010611
-0.062894
-0.111459
0.024231
0.166237
0.074150
-0.130436
0.083212
0.006411
0.126032
0.072245
-0.006961
0.268368
0.034448
-0.024256
-0.010361
0.071963
-0.023971
-0.129434
-0.014728
-0.074796
-0.159418
0.106308
0.039083
0.299223
0.009163
0.038193
0.165472
-0.005541
0.049201
0.190666
-0.024074
0.106512
0.013922
0.197599
-0.049097
-0.046646
0.130029
0.036176
0.014937
0.050104
-0.018356
-0.037988
0.100351
0.023503
-0.057882
-0.185851
-0.014996
0.044050
0.018937
-0.144505
-0.034052
0.130326
-0.067358
-0.005970
-0.346687
0.227939
-0.025403
0.103309
-0.022237
-0.079221
0.076831
-0.229430
0.015090
0.082514
-0.029264
-0.072673
-0.184267
0.029569
0.176964
-0.040081
-0.045599
0.062764
0.140136
0.019810
-0.027237
0.136137
-0.149281
-0.113321
-0.066307
0.176067
0.077862
-0.028786
-0.007283
-0.002832
-0.004412
-0.044669
0.142568
-0.090049
-0.037611
0.080746
0.043835
0.147980
0.005021
-0.101922
0.157028
0.059651
-0.232422
0.138243
0.229461
-0.088538
0.151355
0.118250
-0.081756
0.110790
-0.090512
-0.083451
0.025510
-0.146560
-0.021727
0.022837
-0.031808
-0.197882
0.087861
0.012446
-0.156900
-0.070726
0.011215
0.149520
-0.018247
0.043821
-0.103464
0.126419
-0.119596
0.056375
0.013375
0.057694
-0.105622
-0.060908
-0.044604
-0.143175
-0.051712
-0.061346
0.025703
-0.033476
-0.018486
0.023619
0.071676
-0.027335
0.004680
0.008523
-0.060387
-0.046449
-0.007284
0.001492
0.087403
0.076548
-0.080948
-0.088949
-0.167872
-0.100037
0.087665
0.055791
-0.040836
-0.095118
-0.001618
0.137635
0.014294
0.052581
0.049119
-0.163560
0.058242
0.012738
-0.086102
-0.041683
0.095927
0.044989
-0.091113
0.254158
-0.034925
0.125956
-0.111729
0.207960
-0.100842
-0.059180
0.031374
-0.204423
-0.113189
-0.056163
0.028917
0.081139
-0.098095
-0.077350
0.235846
-0.049386
-0.095917
-0.218482
-0.151652
-0.017206
-0.065594
-0.084554
-0.057883
-0.219672
-0.024106
-0.091144
-0.055225
-0.024524
-0.010694
0.069287
-0.093789
-0.048119
0.025604
0.005665
-0.130981
-0.101712
0.143379
-0.058367
-0.040229
-0.043292
-0.224945
0.093489
-0.146655
-0.001644
0.026162
0.098838
0.112206
-0.051189
-0.047505
-0.047239
0.002925
-0.036228
0.066321
-0.006567
0.004370
0.200189
-0.152398
0.100447
0.224650
-0.196765
0.030454
-0.033554
0.139950
-0.005356
-0.073236
-0.043472
-0.046969
-0.000823
-0.000021
0.001651
-0.075378
-0.109196
-0.031140
-0.024724
0.016767
0.128933
0.130860
0.127217
0.043238
-0.022580
0.067427
0.119378
0.059040
-0.034540
-0.021876
0.130368
0.124161
-0.024256
-0.014673
0.002859
0.091531
-0.170793
0.065433
-0.086447
0.030271
-0.219272
0.277238
0.145483
-0.070438
-0.090797
-0.036154
0.150778
-0.073450
0.057908
0.071756
-0.063239
0.042121
-0.035467
-0.048987
0.088732
0.077157
-0.116682
0.043579
-0.105339
0.035292
0.100934
-0.020329
0.017947
-0.098969
0.113872
0.112529
0.147046
-0.022286
-0.114624
-0.150940
0.073841
0.119906
-0.046179
-0.309275
-0.048670
-0.015218
-0.164260
-0.026655
0.086120
-0.090077
0.056258
-0.070137
0.030369
0.052751
0.199379
-0.005589
-0.136953
0.081703
0.032854
-0.017406
0.067739
0.083509
0.062545
0.056302
0.072922
-0.052053
0.111490
-0.085843
0.074699
-0.063209
0.257017
0.219951
0.035935
0.028570
0.286579
0.056048
0.097167
-0.069006
0.058643
-0.054274
0.055943
-0.076850
0.006024
-0.160127
0.058770
0.295772
0.028642
-0.142746
-0.016958
-0.093438
0.043634
0.054142
-0.010810
0.110508
0.002123
0.052179
0.128496
-0.010716
0.255301
0.097270
0.126061
0.120349
0.147013
-0.112450
-0.034172
-0.214784
-0.065752
-0.032361
-0.236591
0.063550
0.118915
0.155510
-0.107373
-0.129559
0.185878
-0.048129
0.088036
0.028387
0.127530
-0.006246
-0.042115
0.034462
0.140329
-0.058779
-0.006674
-0.000158
0.112846
-0.056205
0.006086
-0.095241
0.012219
-0.233766
0.045951
0.036875
-0.013688
0.147218
-0.141163
0.066471
-0.076641
0.083830
-0.161553
-0.025761
-0.268864
-0.059970
0.023169
0.019764
0.172389
-0.091869
-0.122861
0.216551
0.043508
-0.111248
-0.034958
-0.032774
0.023905
-0.097234
-0.069588
0.118243
-0.018130
0.083971
-0.147904
-0.048485
0.078128
0.206557
-0.074817
-0.013501
0.027588
-0.183244
0.134085
-0.148430
-0.001890
-0.072954
-0.039238
-0.008726
-0.034416
-0.044438
0.050846
0.043722
0.166069
0.072869
0.038039
-0.006818
0.113961
0.188050
-0.061461
0.003406
-0.151105
0.116527
-0.043986
-0.001837
-0.102250
0.073308
0.216837
-0.059997
-0.080817
-0.070786
0.044940
0.107645
0.035746
-0.108265
0.006884
-0.016850
-0.138095
-0.036048
0.041195
0.058534
0.066922
-0.161496
0.068732
-0.046443
0.018406
0.113591
-0.075893
0.040286
-0.128365
0.111112
-0.015319
-0.165597
-0.053750
0.158064
0.086991
-0.019465
-0.034770
-0.006334
-0.028710
0.015906
-0.178198
0.167873
0.026302
0.162861
0.024950
0.038327
-0.029738
-0.029021
-0.169431
0.261290
0.091032
0.019846
-0.016774
-0.013370
0.011971
0.038206
-0.011344
0.086194
0.055186
0.040810
-0.015663
-0.083698
-0.148781
0.074783
-0.199130
0.092486
-0.127123
-0.132479
0.119933
-0.033582
-0.054430
0.128615
0.133006
0.115174
0.032171
0.069130
-0.029218
0.012910
-0.086673
0.104378
0.084096
0.103191
0.021078
0.018567
-0.063153
0.180124
0.097317
-0.106490
0.114282
-0.035645
-0.077178
-0.078118
-0.017305
0.017123
-0.151552
-0.126391
0.098938
-0.139370
0.021910
0.088491
-0.022720
0.033274
-0.152014
0.016875
0.106527
-0.030592
-0.099728
-0.006543
0.063531
-0.017853
-0.012770
0.112313
-0.028079
-0.021781
0.050362
0.055545
-0.115696
0.142129
-0.022720
-0.012270
-0.203371
0.011241
0.089675
-0.038406
-0.059569
-0.070713
-0.075325
0.056199
-0.153460
0.037728
-0.072022
0.192388
-0.012678
-0.129237
0.132985
0.000822
0.005215
0.149879
-0.084079
-0.004497
0.001246
0.090505
-0.161493
0.279323
-0.144559
-0.037320
-0.101721
0.126885
0.045067
0.132610
-0.210196
0.054786
0.231296
-0.026575
0.030293
0.053252
-0.155340
0.103984
-0.036629
0.147217
-0.072850
-0.045379
0.066006
-0.084701
-0.094924
-0.051377
0.133361
0.016569
0.027623
-0.103210
-0.006753
0.006232
0.097015
-0.090939
0.030504
-0.164796
-0.041640
-0.154054
-0.036686
0.027237
0.044901
0.138907
0.032551
-0.063394
0.069689
-0.162326
0.032199
0.026743
0.110334
-0.035569
-0.022538
0.031676
-0.008494
-0.038648
0.011415
-0.121326
0.156249
-0.007128
-0.134576
-0.029042
-0.145315
-0.049311
0.055391
0.140763
-0.080104
0.037920
0.136118
-0.004585
0.070092
0.217044
-0.026798
0.017129
-0.035122
0.029824
0.178472
0.047413
0.143282
-0.105473
-0.016492
0.005253
-0.173943
0.020694
-0.127045
0.090858
-0.042512
0.134883
0.002964
0.011139
-0.259153
-0.053543
0.012324
-0.023987
-0.047247
-0.017095
-0.194605
-0.066776
0.097480
-0.013317
0.026008
0.127482
0.114636
0.016149
-0.182493
-0.172521
0.108833
0.122856
-0.006347
-0.082528
0.019996
0.130524
0.004924
0.082125
0.024387
0.033087
-0.071516
-0.070074
-0.019221
-0.222492
0.155819
0.172947
-0.138459
-0.007041
-0.053523
-0.049659
0.128551
0.003721
-0.073925
0.135643
0.077856
0.061308
-0.309881
0.042626
0.032480
0.011454
-0.006215
-0.049529
-0.131433
-0.045053
0.019109
-0.044164
0.010878
-0.054528
0.006713
-0.173430
-0.003870
-0.040085
-0.077914
-0.174670
0.352275
0.039519
-0.080142
-0.001232
0.013342
-0.034999
0.045680
0.017902
-0.008472
-0.022928
0.119482
-0.132507
-0.197105
0.041087
0.003943
0.195197
0.061299
-0.041949
0.026621
0.020305
-0.073390
0.057092
0.044609
-0.148241
-0.060873
0.127894
-0.038257
0.148551
0.121755
-0.091333
0.061272
-0.042248
0.122713
0.109987
-0.067888
-0.112578
0.025409
-0.218128
-0.017674
0.070721
0.184762
0.049065
-0.056652
0.053045
0.045825
-0.119704
-0.011215
0.008342
0.066326
0.020074
-0.001075
-0.146041
-0.031154
0.162216
-0.115110
-0.161296
0.069644
-0.031324
0.190268
-0.070433
0.180059
-0.068616
0.089334
0.104479
0.229741
0.039979
0.065167
0.039301
-0.044087
-0.195671
-0.095506
0.044974
-0.013470
0.151816
0.048571
-0.082671
0.162852
-0.080718
0.031520
0.104854
0.213267
0.050127
0.051586
-0.034285
-0.008446
0.022923
-0.079078
0.030215
0.123338
0.085030
0.081432
0.070427
-0.045466
0.092000
0.063891
0.259373
-0.044260
0.028613
0.004827
0.107199
-0.000211
0.089536
0.026952
-0.028046
0.132851
-0.060477
-0.046378
-0.139851
0.119997
0.004592
-0.056783
0.156637
-0.120194
-0.027908
-0.204117
-0.138038
-0.001707
-0.070647
-0.200603
-0.075094
-0.103865
-0.092003
-0.231558
0.046196
0.068617
-0.008703
0.103760
0.040177
-0.048575
0.057281
-0.062929
0.083035
-0.057334
0.029226
-0.151747
-0.035139
0.141653
0.035809
-0.074660
-0.115003
0.002898
0.140144
0.105702
0.031979
0.041274
0.055367
0.010254
0.062626
-0.065695
-0.037730
-0.026005
-0.000952
0.169457
-0.020265
-0.044425
-0.062005
-0.162556
0.058702
0.120405
0.191242
0.104677
0.155605
-0.198975
-0.022052
-0.124254
-0.093349
-0.136266
-0.049187
0.022217
0.058133
-0.023865
-0.152385
-0.255714
0.121921
0.023373
-0.207383
0.022750
-0.209133
-0.031821
-0.065121
0.074607
-0.007591
0.125024
0.137414
-0.030845
-0.262030
-0.017644
0.206947
-0.073713
0.077668
-0.114850
-0.020377
0.114156
-0.171881
0.032696
-0.017779
0.098336
-0.028445
0.023850
-0.101949
0.203635
0.114118
0.133415
-0.109651
-0.071107
-0.040808
0.052412
0.207020
0.072265
0.039252
0.029314
0.214423
-0.001714
0.061308
0.141654
-0.045684
0.129644
-0.096666
0.044517
-0.014713
-0.145905
-0.100234
-0.233833
-0.013539
0.099349
-0.104279
-0.080358
-0.065103
-0.146856
-0.004993
-0.247529
-0.058282
-0.142813
0.041797
-0.063865
0.128865
-0.010240
0.104119
0.038621
0.007288
-0.117308
0.114332
-0.122751
-0.071150
0.100693
-0.059739
-0.077889
0.029746
-0.090181
0.030824
-0.069025
-0.250768
0.117251
-0.147014
-0.170399
-0.038446
-0.092471
-0.019089
0.059309
-0.128958
0.066436
-0.094553
-0.059871
-0.107775
-0.036227
-0.015996
-0.068960
0.063499
0.031262
0.046395
-0.132331
-0.028088
0.182594
0.081484
-0.066531
0.066284
0.148520
-0.068356
-0.000199
-0.012434
-0.128164
-0.059318
-0.112238
0.043633
0.085429
-0.258778
-0.031766
-0.060767
-0.094464
-0.109808
0.010607
-0.204356
-0.056140
-0.127737
-0.150751
-0.117435
0.027321
0.125245
-0.029364
0.096354
-0.056485
-0.010844
0.068562
-0.000245
-0.173785
-0.024513
0.039656
0.024635
-0.016295
0.140247
-0.132739
-0.022992
0.154014
0.074811
0.053121
-0.067054
0.034455
-0.000017
-0.044000
0.091507
-0.006435
-0.009341
-0.064622
-0.020994
0.091346
0.089691
0.036644
0.054887
-0.017876
0.027730
0.010594
0.170023
-0.063744
-0.075867
-0.043855
0.049051
0.001853
0.014500
-0.040858
0.130435
0.128735
-0.085492
-0.002959
-0.052464
0.120314
0.065333
-0.036011
-0.057398
0.073520
-0.024723
0.056236
0.010234
0.065485
-0.162001
-0.072226
-0.007486
0.024952
0.172240
-0.027219
0.123306
0.001766
-0.010468
-0.182294
0.094218
-0.163212
-0.221136
0.149168
0.087012
0.012443
0.105248
0.005659
-0.007269
0.001073
-0.248982
0.074372
-0.180371
-0.068321
0.163992
-0.130947
0.016104
0.054993
0.176029
-0.056548
0.135922
0.144889
-0.138962
-0.119471
-0.021019
-0.067223
0.092910
-0.136145
-0.280494
-0.007065
-0.140481
-0.125364
-0.047891
-0.010966
-0.041999
0.048323
0.102773
0.048765
-0.020095
0.022369
0.087596
-0.116050
0.018594
0.090809
-0.263385
-0.026085
-0.159587
-0.263592
0.122096
0.028633
-0.118658
-0.086766
0.135989
0.128817
0.108649
-0.184675
-0.048335
-0.080926
-0.058038
-0.048987
-0.021982
0.034706
0.033484
0.136843
-0.114376
-0.151616
-0.098684
0.066533
-0.033649
0.040107
-0.087457
-0.021488
-0.048616
-0.130326
-0.089830
0.021528
0.079663
0.056059
0.032160
-0.009409
0.004426
0.016114
0.124214
-0.047656
-0.212012
-0.043666
0.019908
-0.035303
0.005269
-0.037913
-0.135263
-0.060498
-0.217535
-0.031302
0.064933
-0.086262
0.070851
-0.054204
-0.251809
0.114150
0.162892
0.187604
-0.088110
0.105201
0.155447
-0.032328
0.078670
0.168876
-0.003821
0.009607
-0.035812
0.167212
0.027695
0.139980
-0.006464
0.074594
0.185094
-0.003281
0.006013
0.148841
-0.126557
0.071734
-0.117893
-0.110129
0.019155
-0.050204
0.121563
0.004888
-0.159591
-0.097052
0.051201
-0.015331
0.127287
0.062831
-0.005604
0.028104
0.249776
0.079853
-0.135807
0.013563
0.032584
0.028690
-0.117620
-0.034346
0.019597
-0.251399
0.131774
-0.059074
0.045036
0.219019
0.068938
-0.036204
-0.048121
0.044617
-0.129659
0.053795
0.040865
0.079236
-0.025362
-0.002891
-0.037915
0.024030
-0.174064
-0.203803
0.119319
-0.122688
-0.006443
0.024215
-0.026435
0.187441
-0.045847
0.037362
0.219885
0.005476
-0.078280
0.193998
0.000442
-0.023350
0.031634
-0.058190
0.105139
-0.012987
0.015188
0.229596
0.076677
-0.172505
0.127975
0.121681
-0.086547
0.020573
-0.036295
0.001400
0.181151
-0.034514
-0.001986
-0.004101
-0.031061
-0.006837
-0.108100
-0.023612
0.144163
0.061115
-0.052147
-0.012444
0.098474
0.075707
0.120893
0.048890
0.132215
-0.004480
-0.175381
-0.010687
-0.003490
-0.029899
-0.246366
-0.254678
-0.053486
-0.019823
0.197280
-0.042798
-0.048371
-0.147082
-0.042349
-0.169338
-0.116864
-0.083818
0.081335
0.039100
0.081628
0.032108
0.037594
0.163808
-0.188451
0.160895
0.010512
-0.077347
-0.089961
0.006326
0.006916
0.075177
0.005836
-0.103104
-0.026358
0.072344
-0.090009
0.142987
-0.107957
-0.104277
0.023153
0.120898
0.067806
-0.097767
-0.174934
-0.141706
-0.193492
-0.024224
-0.089636
-0.030058
0.036349
-0.145355
0.112313
0.041014
0.029913
0.127263
0.004941
0.164147
0.022914
0.010187
0.004369
-0.007170
-0.056010
-0.030780
-0.004682
0.025979
0.070276
-0.073737
0.059299
-0.009127
-0.036564
0.135310
-0.060735
0.076833
-0.025641
-0.007289
0.051177
0.020101
0.001067
-0.009772
0.060152
-0.139091
-0.223173
-0.078701
-0.052808
0.052073
-0.030725
0.055396
-0.051870
0.032040
-0.005448
0.046599
0.032588
-0.107757
-0.051919
-0.006733
0.076920
-0.082998
-0.136258
-0.002763
-0.123956
-0.076385
-0.000834
-0.036769
0.027099
0.137184
-0.016355
0.001258
-0.057516
-0.109568
0.035373
0.064508
0.087398
-0.084670
0.094125
-0.118927
0.091231
0.035960
0.154340
-0.057822
-0.040828
0.073769
-0.024443
-0.264387
0.072218
-0.071607
0.054210
0.045132
-0.159467
0.105297
-0.207738
-0.013769
-0.123381
0.170190
0.132612
-0.247692
0.091704
-0.210816
-0.008413
-0.103020
-0.080161
0.044072
0.172480
0.068126
-0.021419
0.040201
0.112455
-0.040248
0.024453
-0.074621
0.084190
-0.038713
-0.011368
-0.066549
0.060349
-0.001150
0.043918
-0.015752
-0.050725
-0.090132
-0.079529
0.125331
-0.087400
-0.018882
-0.100224
-0.150229
-0.002467
-0.250657
0.038478
0.224921
0.009310
0.112221
0.010779
0.105343
0.058254
-0.164178
-0.025492
-0.181051
-0.063896
0.090167
0.046932
-0.176111
-0.082029
-0.020669
0.106094
-0.044797
0.044272
0.039169
0.047042
0.015910
-0.047493
0.107974
-0.056414
0.061471
0.143813
-0.061610
-0.012219
-0.029197
0.052279
0.200877
-0.055509
0.054207
-0.088669
-0.045046
-0.106689
-0.217663
0.035427
-0.083049
0.180676
-0.050810
0.218262
-0.174510
0.011499
-0.044617
-0.168282
0.155030
-0.065972
0.040913
-0.126047
-0.023287
-0.032916
-0.040475
-0.041466
0.022973
0.021004
0.046285
0.156126
-0.019922
-0.071632
0.268178
-0.091684
-0.045409
0.112851
0.179301
0.017183
0.141296
0.091344
0.075015
0.112315
-0.037893
-0.089591
-0.133296
-0.036038
0.008388
-0.162239
0.071858
0.000730
-0.080918
0.205426
-0.120623
-0.068891
0.084915
-0.048781
0.185128
0.011604
0.009834
0.172927
0.057360
0.179347
-0.035013
-0.068295
-0.109400
-0.288094
-0.070809
0.040049
-0.195747
0.093088
0.080423
-0.078604
-0.221271
0.032115
-0.076882
0.131009
0.078357
0.059183
-0.106726
-0.060443
-0.108723
-0.061450
0.179549
0.097052
-0.056391
-0.049049
-0.077099
0.192631
-0.001722
0.058265
0.060092
0.134453
-0.175943
-0.012315
-0.080391
0.086406
-0.068455
0.117167
-0.178824
-0.109803
0.034330
-0.039755
0.045397
-0.070491
0.084779
0.278789
-0.145777
0.129388
-0.056802
0.016239
-0.015861
0.111988
-0.019165
-0.114441
0.052222
-0.074479
-0.008008
0.007640
-0.114084
-0.185571
-0.007030
-0.135428
0.132409
0.022298
0.009448
0.031652
0.068887
-0.242678
-0.012566
-0.044811
-0.096622
-0.114983
-0.147542
-0.046967
-0.191295
0.011612
-0.129476
0.153954
0.167781
0.035528
0.089912
-0.000936
-0.088189
-0.001772
0.093038
0.173363
0.040540
-0.031169
0.150559
-0.001914
-0.032856
0.033675
0.031670
0.000659
0.132927
-0.074368
0.081850
0.128726
0.030879
0.031856
0.140798
-0.118419
-0.000951
0.088505
0.015123
0.063696
-0.134775
0.230625
-0.061313
-0.043335
-0.103755
0.065324
0.032924
-0.103072
-0.045163
0.052690
-0.053086
-0.070233
0.063746
-0.195834
-0.065390
0.040932
-0.055384
0.016515
-0.141420
0.120743
0.031275
0.063856
-0.058393
0.015228
0.019515
-0.102784
0.000153
0.047441
0.047691
-0.033329
-0.132745
0.020597
0.248735
-0.093820
0.007860
0.015342
0.042251
0.093233
-0.022212
0.048761
0.107775
-0.186168
0.014495
0.022511
0.334176
0.111709
0.127540
0.013014
0.113724
0.020652
0.068643
0.017864
0.066083
0.096639
0.075396
0.006249
-0.081667
0.123472
-0.127583
0.053051
-0.019401
-0.171479
-0.120135
0.053334
-0.196764
-0.064911
-0.039408
0.121192
0.094606
-0.122443
-0.036787
-0.132384
0.009222
0.001543
-0.063884
0.008929
-0.065350
0.062907
0.060798
-0.194917
-0.033537
0.079272
-0.022583
-0.015609
-0.015984
-0.131193
-0.135276
-0.077251
-0.191816
0.149124
0.018825
0.036897
-0.041172
0.043777
-0.035262
0.061038
0.002013
-0.021577
0.113948
-0.051034
0.075494
0.068789
0.059666
0.061817
0.035357
0.140230
0.125935
0.013518
-0.072591
-0.122965
-0.011339
-0.011729
-0.149136
-0.029110
-0.122682
0.066690
0.035033
0.011283
0.178173
0.014917
-0.101170
0.009259
-0.112635
0.066555
-0.078874
0.126118
-0.093724
-0.075545
0.020231
0.035509
0.134332
0.079860
0.095615
0.076876
0.030213
-0.045444
-0.081765
0.068156
0.071810
-0.092807
0.055899
0.044275
-0.150649
-0.006135
-0.005523
0.128606
-0.079837
-0.042294
0.193699
-0.017495
0.026521
0.070900
0.013596
0.028379
-0.095331
-0.139923
-0.043547
0.021823
0.006521
0.001315
-0.097057
0.212079
-0.014007
-0.011666
-0.021200
0.059578
0.026782
-0.086966
-0.040271
-0.060114
-0.043322
0.057652
0.069723
-0.210954
0.024474
-0.110704
0.009613
-0.051483
-0.075049
0.001666
-0.048523
0.067637
-0.123655
-0.052972
-0.050446
0.006938
-0.154615
-0.021178
-0.024371
0.079595
-0.116220
0.110994
0.075375
-0.031610
0.002997
-0.037641
0.031878
-0.036689
0.186269
-0.094175
0.081652
0.062704
0.118209
0.089996
0.067203
0.274221
0.068827
-0.002166
-0.019149
0.080152
0.075136
-0.060703
-0.168716
-0.040899
0.060991
0.075066
0.127574
0.003148
0.141944
0.067501
-0.220484
0.006512
0.023956
-0.065807
-0.020310
0.128661
-0.187142
0.054817
-0.074612
0.077856
-0.185559
-0.131646
-0.031858
-0.021635
-0.018661
0.085572
0.039538
0.125925
-0.101148
-0.195417
0.100026
0.067551
-0.066325
-0.043042
-0.094232
-0.072566
-0.247830
0.111833
0.247343
0.004339
0.193830
0.072300
0.038009
0.119404
0.092830
-0.012958
0.033360
-0.136340
-0.072390
-0.052524
-0.153440
0.072582
-0.071707
0.111715
-0.130270
-0.146318
0.049424
-0.002092
0.217087
-0.053595
-0.094376
0.052103
-0.002866
-0.045855
0.089370
0.222343
0.121344
-0.169227
0.146583
-0.031555
0.100277
0.047740
0.017783
-0.081990
-0.088337
0.169065
0.133975
0.180494
0.028242
-0.005574
0.193753
-0.090100
0.037165
-0.023400
0.132546
-0.135969
0.029305
-0.031136
0.119291
0.122544
-0.085254
-0.041663
-0.001107
-0.016813
-0.246400
0.082700
0.000696
-0.017802
-0.079982
-0.028452
-0.006977
0.128116
0.143953
0.198344
0.119991
-0.012861
-0.008849
0.031438
-0.022517
-0.061277
-0.157923
0.006096
-0.118868
0.089832
-0.111837
-0.120264
0.005884
0.041747
0.070695
-0.040372
-0.013689
-0.070497
0.048639
-0.041391
0.030711
0.247496
-0.176648
-0.200343
-0.102980
0.117581
-0.023047
-0.077433
-0.196810
0.077721
0.014316
-0.031349
-0.016580
-0.053012
0.024203
-0.019616
-0.019040
-0.078974
0.037660
0.154984
0.132283
0.143541
-0.003802
-0.181575
-0.088797
0.020655
-0.029535
-0.005653
-0.137503
0.018057
-0.030792
-0.001462
0.042430
-0.014381
0.008733
-0.171415
0.047984
0.204996
0.181663
-0.039634
-0.002868
-0.018789
-0.145626
-0.181175
-0.022699
-0.062487
0.305201
0.096893
-0.029993
-0.161132
0.064102
0.094175
0.150331
0.111924
0.119919
-0.044135
-0.053161
-0.145328
0.039138
-0.008340
0.109015
-0.148380
-0.021555
0.050407
0.045335
0.146034
0.051780
-0.220595
0.038648
0.022881
-0.061629
-0.213065
-0.189069
0.164889
0.303859
0.197956
0.005832
-0.045765
0.071210
0.086217
-0.037521
-0.048566
-0.029209
0.096692
-0.076858
0.106511
-0.040854
0.059795
-0.042119
0.263924
0.034450
-0.086016
0.000415
-0.157960
-0.070520
0.005505
0.057268
0.104112
-0.200516
0.008852
0.072119
0.111463
0.166136
0.057283
0.041854
0.270862
0.023090
0.086387
0.012335
0.078155
-0.072691
0.189051
0.228749
0.030397
0.095064
0.050367
-0.145430
-0.143673
-0.014453
0.156029
0.038735
-0.101580
-0.072038
0.025981
-0.153373
0.029793
0.073263
0.072899
-0.075906
0.222369
-0.136618
-0.051503
-0.038951
0.099657
0.009002
0.062521
-0.000310
0.076432
0.156839
-0.103157
-0.087429
-0.045001
-0.100845
-0.042880
-0.206542
-0.023004
-0.177994
0.018605
0.034640
-0.166738
-0.132796
0.220290
0.232786
-0.010597
0.034609
0.056218
-0.051008
-0.113089
0.055247
-0.000882
-0.019658
-0.042715
-0.069732
-0.138142
0.038468
-0.098172
0.009882
0.143619
0.040901
-0.099559
0.010496
-0.121607
0.061508
0.139391
0.002530
0.083239
-0.113814
-0.146495
-0.094528
-0.009976
-0.103887
0.034254
-0.179612
-0.086720
-0.050109
-0.044602
0.094779
-0.096758
0.172245
-0.013030
0.149746
-0.023672
0.038127
-0.090234
0.175133
0.077799
0.039055
-0.334474
-0.133911
-0.040541
0.021122
0.109629
0.166596
-0.030468
-0.013742
0.015145
-0.100196
-0.118526
-0.121995
-0.033717
-0.053652
0.247519
0.055620
-0.185026
0.077254
0.125994
0.093301
0.325331
0.044342
0.019332
-0.040113
-0.080287
-0.022060
0.030635
-0.046327
0.026977
-0.018676
0.188070
-0.198999
0.183185
0.078732
0.091097
0.015742
-0.083516
0.054392
-0.052222
-0.074202
-0.023207
-0.141691
0.146644
0.005725
0.065211
-0.131272
-0.151612
-0.004353
-0.041245
-0.030328
0.008719
-0.210668
-0.137348
0.102497
-0.035142
-0.022477
-0.119475
0.120087
-0.092281
0.081412
-0.009975
0.005151
-0.111705
0.001147
-0.015084
0.128909
-0.094526
0.179552
0.087134
0.059964
0.059001
0.002058
0.027167
-0.027552
-0.048307
-0.097107
-0.152412
0.073775
0.011727
0.111979
0.060600
0.046335
-0.103813
-0.025125
0.090122
-0.043059
0.039668
-0.073873
0.040844
0.033171
-0.044186
0.009791
0.018485
-0.011615
0.185690
-0.147291
0.053763
0.181371
-0.041947
0.067995
0.111286
-0.055075
0.054593
-0.194200
0.008145
0.066010
0.058363
0.043355
0.135287
0.072327
-0.098654
0.201181
0.029944
0.146881
0.068099
-0.030512
-0.140967
-0.057866
0.220172
0.026920
-0.139500
-0.171814
0.093871
-0.023067
0.168071
-0.087673
-0.035720
0.025832
-0.041367
0.131158
-0.223655
-0.121703
0.012932
-0.068695
-0.026136
0.050612
0.114884
0.056664
-0.041646
-0.020167
-0.081990
-0.015888
-0.080973
-0.085806
0.158547
0.036837
0.071910
0.181912
0.004490
0.059226
0.064652
-0.015002
-0.125834
0.110680
0.056872
0.080773
-0.257726
0.044532
0.083774
-0.063318
-0.062293
0.190508
0.052101
-0.082764
-0.021195
-0.229546
0.073481
-0.116290
-0.259844
0.111285
0.080520
0.031796
0.093180
-0.071102
0.045427
0.048677
-0.106870
-0.012929
0.156446
-0.011209
0.139841
-0.001437
0.052946
-0.106652
0.042222
0.066753
0.007323
-0.075935
-0.085065
-0.010647
-0.135043
0.013577
-0.163689
0.036926
0.032693
-0.042427
0.103027
-0.203711
0.029561
0.109987
-0.109177
0.109799
0.070294
-0.026599
-0.102003
0.051689
-0.126138
-0.080172
0.020717
-0.033096
-0.072969
-0.110566
0.062856
0.129344
0.074934
-0.000681
0.076362
-0.021186
0.034702
-0.060409
-0.084470
-0.154787
0.013722
0.183368
-0.074144
-0.011907
0.157515
0.045312
-0.058883
0.222190
-0.006733
-0.038374
-0.032636
0.087250
-0.070581
0.128715
-0.076671
0.083234
-0.039315
-0.049929
0.099108
-0.184162
-0.163619
0.112766
0.063846
-0.001123
-0.015571
0.096015
0.081355
-0.293213
0.093420
-0.109939
0.007514
-0.128431
-0.110104
0.123461
-0.157082
0.048530
-0.118153
-0.037237
-0.020487
-0.054829
-0.209329
-0.061945
0.159691
-0.103872
-0.016016
0.192061
0.036343
0.183580
-0.016720
-0.197881
-0.159186
0.019792
0.241025
0.117098
0.147631
-0.084728
0.152543
-0.037402
-0.108250
-0.132858
-0.160045
-0.068404
-0.026273
-0.017256
-0.209679
-0.074308
-0.137653
0.019058
-0.041613
-0.055474
0.027070
-0.078923
0.072838
-0.144730
-0.056262
-0.031417
0.023285
-0.011551
0.056941
-0.078518
0.015837
-0.074905
0.009373
0.030336
-0.161341
-0.123119
-0.002292
-0.029168
-0.085845
0.029484
-0.017545
-0.016686
-0.105159
0.142813
0.152125
-0.026312
-0.196913
0.053391
0.064085
0.051068
0.096495
0.069994
-0.055947
0.093001
-0.095328
0.092715
0.007127
0.108130
-0.042204
-0.015823
0.170632
-0.333598
-0.012477
-0.026838
0.075161
0.138905
0.044621
0.098741
-0.091126
-0.166300
-0.160961
0.093365
-0.190187
-0.109114
0.075555
0.001525
0.020227
-0.133363
0.123174
0.204349
0.001878
-0.071718
0.025129
0.059266
0.106899
-0.078562
0.049067
-0.112454
0.172931
-0.017360
0.020432
0.157737
-0.167286
-0.060818
0.108522
-0.098516
-0.074368
0.216976
0.077748
-0.004897
-0.075221
-0.072685
-0.006356
-0.063772
-0.042959
0.098741
0.072236
0.066901
-0.027929
0.097197
-0.094092
-0.081482
-0.072320
0.039006
-0.029131
0.253298
0.023037
0.060151
-0.161475
0.040289
0.020578
-0.061035
-0.003433
-0.043783
-0.101230
0.071734
0.087849
0.147254
-0.081269
-0.235635
0.227403
0.104814
-0.080017
0.083195
0.027850
-0.042125
0.001335
0.076831
-0.020218
0.093979
-0.077969
-0.009291
0.045406
0.032049
-0.207531
-0.137652
-0.100803
-0.083854
0.086532
0.074101
0.055233
-0.032508
0.125702
0.045273
0.093061
0.144031
-0.007541
-0.074092
0.235456
0.139661
-0.135666
0.078047
-0.002099
-0.015556
0.009882
0.007408
0.056523
-0.051956
0.039504
-0.020310
0.052796
-0.035840
-0.053078
0.059784
-0.035245
0.087847
-0.015498
-0.050264
-0.016067
-0.040642
-0.100909
0.038404
-0.064105
-0.012514
0.066192
-0.057261
0.085636
-0.064471
-0.064514
-0.047393
-0.251342
0.137840
-0.020955
0.208062
0.096394
0.105987
0.092702
0.034745
0.084371
-0.085997
0.237587
0.223760
-0.126661
-0.047474
0.048964
0.019724
-0.141043
-0.015207
-0.117565
-0.051850
-0.016735
-0.111602
0.014810
0.212168
-0.049561
-0.046889
-0.017859
-0.197950
-0.061456
-0.025422
0.104169
0.119454
-0.062991
0.061796
0.068103
0.154730
0.006569
-0.052197
0.002216
0.302769
-0.054212
0.133891
0.025947
-0.248786
-0.033444
0.019320
-0.052947
-0.135003
-0.033704
-0.111455
-0.081332
-0.000242
0.028093
0.085887
-0.116700
-0.080587
-0.070909
0.014137
0.065500
-0.131496
0.055483
0.136741
0.052180
0.037250
0.085446
0.131548
-0.041948
-0.136473
-0.182231
-0.042014
0.028066
0.003668
-0.047033
0.046238
0.037736
-0.070789
-0.055246
-0.044921
0.037478
0.099424
-0.073949
0.066433
-0.124752
0.112770
0.187447
0.061607
0.092306
-0.084976
0.090646
0.068706
0.074257
-0.012144
0.143444
0.116611
0.139896
-0.156544
-0.088972
-0.089785
-0.163600
0.087910
-0.106707
0.150962
0.053331
0.034533
0.035568
0.006797
0.129219
0.095920
-0.071342
0.137546
0.130071
0.097047
0.153229
-0.073411
-0.015992
0.169896
0.104620
-0.093875
-0.123246
0.050569
0.116395
0.047318
-0.047366
0.045294
0.026165
0.004690
-0.059693
0.164579
-0.088954
0.097480
-0.067919
0.003901
-0.036536
-0.157664
0.122352
-0.008774
-0.067551
-0.141947
0.215443
-0.157225
-0.099691
0.116879
0.052229
0.057203
-0.146986
-0.261834
0.021827
-0.124898
0.025468
-0.166175
0.016345
0.015572
0.035007
-0.119462
-0.057894
-0.015888
-0.085877
0.087701
0.081933
-0.009789
0.012649
-0.102955
-0.062014
-0.107026
0.061853
-0.087163
0.017731
-0.097740
-0.233772
0.057166
-0.092769
0.084155
0.062062
-0.031847
-0.261108
0.012400
-0.226478
-0.025139
0.176965
-0.099593
0.104521
-0.021663
-0.000197
0.014226
-0.026322
0.007678
-0.135606
-0.015427
0.054327
0.106835
-0.010662
-0.113062
0.065538
0.132362
-0.039313
-0.147698
0.034711
0.116990
0.130786
-0.172733
-0.075294
0.039954
-0.167167
-0.173463
0.098257
0.146647
-0.005275
0.046943
-0.180578
-0.010707
-0.100219
-0.017999
-0.073012
-0.208245
-0.047404
0.005450
-0.003730
0.067010
0.246607
-0.098930
-0.108210
-0.032212
0.118636
-0.066787
-0.091455
-0.028493
-0.041250
-0.107483
-0.141695
-0.140997
-0.020410
0.149199
0.131035
0.093666
-0.037724
0.056197
0.008586
0.005504
0.003137
-0.001179
-0.015664
-0.033457
0.022288
-0.294344
-0.039358
-0.054837
0.057135
0.041014
-0.081222
0.042720
-0.011702
0.038912
0.015025
0.178002
-0.024926
0.056217
-0.002941
-0.083864
-0.106636
0.150475
-0.108262
-0.129818
0.035444
0.055921
0.118864
0.033075
-0.127022
-0.078200
0.063996
0.162610
-0.134981
0.065087
-0.093805
0.056003
0.083886
0.160857
-0.073839
0.203166
0.104048
0.075974
0.103816
-0.026138
0.094322
0.035235
-0.092458
-0.031487
-0.065760
-0.044058
0.084076
-0.211326
-0.056565
0.080024
-0.029598
0.073322
0.096283
0.092263
0.110791
-0.038929
-0.190582
0.013683
-0.090207
-0.003980
0.216166
-0.074927
-0.034386
0.052966
0.135807
0.012849
-0.097239
-0.031383
-0.059055
-0.054981
-0.097702
0.146087
-0.090543
-0.050251
-0.190435
-0.034638
0.089589
-0.074111
-0.077505
0.017536
-0.223267
0.009858
0.015858
0.054021
-0.054810
-0.080826
0.016077
0.049254
0.017362
-0.004632
-0.185796
-0.129549
0.035754
-0.006438
-0.000428
0.073821
-0.059591
-0.077244
0.070347
-0.042236
0.088529
0.032693
-0.011704
-0.023868
0.022330
0.016910
0.102535
0.060070
-0.057243
-0.070420
0.080261
0.096028
0.018699
-0.023111
-0.076179
-0.082677
-0.010696
0.034433
-0.182414
-0.023330
-0.065436
0.109213
-0.078442
-0.055570
-0.152463
0.013432
-0.140281
-0.081438
0.066177
0.062832
-0.023449
-0.073929
-0.175226
0.054434
-0.269218
-0.025418
0.040771
-0.124062
-0.056601
0.023650
-0.076164
-0.016404
-0.111228
0.103658
0.085670
-0.230285
0.135893
0.013556
-0.043045
-0.088489
-0.052711
-0.075438
0.019773
0.013318
-0.055817
0.134747
0.025557
0.179676
0.110036
-0.079378
0.089013
0.022409
-0.002643
-0.068125
-0.065490
0.043923
0.001832
-0.041499
-0.029012
-0.057153
-0.174480
0.035680
0.008140
0.104207
0.029695
-0.144508
0.174061
0.098084
-0.080008
0.117036
0.059435
-0.016347
0.018291
-0.138622
0.000346
-0.057485
-0.046313
0.192053
-0.155661
0.152965
-0.106803
0.015588
-0.129025
-0.053433
-0.091634
0.197042
-0.059550
-0.045513
0.120826
0.055016
0.060826
-0.117447
-0.007003
0.264329
0.022321
-0.070900
-0.144536
-0.027707
-0.062041
-0.031209
-0.007245
-0.238023
0.106082
-0.094705
0.008600
0.060631
-0.049406
-0.100783
0.163930
-0.203453
-0.132434
-0.047085
-0.078026
-0.012195
-0.146563
-0.002846
0.106047
0.142137
-0.056129
0.036554
-0.022957
0.001961
0.033581
0.140677
0.056574
-0.236537
0.116181
-0.162797
0.109037
-0.073487
-0.046629
-0.123596
0.043612
-0.206226
-0.127813
0.074171
0.076696
-0.065640
0.168396
0.018231
-0.070048
-0.020622
-0.055936
0.054156
0.075464
-0.012235
0.036876
-0.140131
-0.041202
-0.046136
-0.174277
-0.206812
0.148504
-0.021011
0.098050
0.115323
0.072623
0.061939
-0.093203
-0.101812
0.107901
0.087494
0.040187
-0.183177
0.114159
0.166900
-0.090389
0.078148
-0.079547
-0.191148
-0.041283
-0.112343
-0.142979
-0.037835
-0.011139
-0.000225
-0.150250
0.113887
0.094759
-0.020541
-0.184960
-0.099269
-0.010400
-0.023822
0.091381
-0.019528
0.068460
0.029889
0.162735
-0.015168
-0.052243
-0.060731
0.243748
0.089955
-0.079055
-0.163635
0.082320
-0.054912
0.001630
-0.039687
-0.095598
-0.144263
0.085684
0.082356
0.001843
0.085485
0.011497
-0.017811
0.116194
0.179815
-0.009224
0.063161
0.076420
0.091414
0.036221
-0.040005
-0.028329
-0.231411
0.245101
-0.211584
0.050410
0.088197
-0.054966
-0.099312
0.075110
0.056158
0.205437
0.058062
0.078565
0.040750
0.099061
0.028193
0.212803
-0.021252
-0.073028
-0.014496
-0.156487
-0.133083
-0.055720
-0.079988
0.078181
0.046580
-0.041407
-0.111387
0.173624
-0.002038
-0.043102
-0.148279
-0.010673
0.136152
0.050456
-0.250794
-0.028385
0.033009
-0.159498
-0.127539
-0.008748
-0.067573
-0.059710
-0.142793
0.043082
0.166650
-0.059227
0.033093
-0.038277
0.125682
-0.027530
-0.025957
0.069099
0.079052
0.028925
-0.002584
0.141678
0.180701
-0.003470
0.068523
0.066349
0.082465
0.040315
0.023044
0.030507
-0.005439
0.225921
0.136320
-0.027358
0.141331
0.059503
0.005798
0.022611
0.000636
0.134955
0.089885
-0.062392
-0.128277
0.073537
0.013761
0.016995
0.148010
-0.108016
0.128447
-0.077379
0.043916
0.013800
0.093750
-0.007000
0.063344
-0.138343
-0.024060
0.137658
0.181022
-0.180916
-0.077793
-0.043463
-0.215435
0.112972
-0.072029
-0.069677
0.052035
0.064421
-0.154555
0.133956
0.038658
-0.080376
0.059843
-0.092362
-0.015813
0.059094
-0.118555
0.156609
-0.028523
-0.040530
-0.054758
-0.097916
0.030294
0.071464
0.024288
-0.127763
0.146980
-0.169675
0.161578
-0.013242
-0.050801
-0.044835
-0.062441
0.034688
-0.116088
0.036722
0.002965
0.106576
0.122277
0.008564
-0.206645
-0.037828
-0.043515
-0.019097
-0.183427
0.029632
0.064111
0.010102
-0.030881
0.061739
-0.086969
-0.054369
0.174291
-0.003747
-0.036232
-0.100072
-0.041603
-0.150360
-0.097416
-0.047772
-0.200706
0.284662
-0.011703
0.095511
0.213455
0.088184
-0.017387
0.072367
-0.106128
0.046889
0.088946
-0.104356
-0.004289
-0.016471
-0.123960
0.099534
0.052132
-0.085118
-0.106859
-0.073256
0.031119
-0.012211
-0.004837
0.057915
-0.276232
0.029473
0.240597
-0.110895
-0.076806
-0.136125
-0.006915
-0.256509
0.038827
0.026386
0.128566
0.008087
0.128321
0.040984
-0.086579
-0.111284
0.099364
0.089697
-0.077985
-0.305787
-0.137850
-0.008282
-0.166858
-0.051554
0.284052
0.005207
0.017485
-0.052562
-0.046383
-0.043391
-0.038248
0.028436
0.057590
-0.098036
0.032560
0.102802
-0.110561
-0.088592
0.117856
-0.205175
0.092773
-0.152696
-0.038610
0.048373
0.184481
0.072070
-0.074873
0.120103
0.100592
-0.114801
0.141566
0.122210
-0.017796
-0.032955
0.057912
-0.018045
-0.033752
-0.155089
0.042213
-0.154867
-0.162177
0.012530
0.178673
0.088822
0.106764
0.003965
0.088991
0.097918
0.030648
-0.094499
0.063944
0.006482
0.137676
-0.002760
-0.053782
-0.055545
0.006197
0.012578
-0.079402
-0.079023
-0.026874
0.147021
-0.092572
0.228551
-0.004252
-0.180299
-0.031252
0.050532
-0.038351
0.101034
-0.147034
0.069080
0.115671
0.055211
0.112962
0.043036
-0.173920
-0.040574
-0.089371
0.070106
0.047610
-0.074181
-0.129508
-0.124102
-0.174377
-0.066163
0.094065
0.033582
0.208163
0.064704
-0.085498
0.037496
0.095626
-0.050435
0.044912
-0.042261
-0.054789
0.268481
0.174715
0.042436
-0.008874
-0.046316
0.125253
-0.078154
-0.098593
-0.002045
-0.030741
-0.116527
-0.123952
0.100593
-0.043181
-0.064284
-0.096082
0.020961
-0.159734
0.100396
-0.008916
0.083908
-0.041692
-0.079709
0.125812
0.027646
-0.115482
0.009726
-0.054256
-0.017367
-0.007983
-0.102574
0.143867
-0.083758
-0.081995
-0.065629
-0.106317
-0.033036
0.061142
0.060900
0.117726
-0.035885
-0.216228
0.035260
0.223416
-0.002230
0.074152
0.048106
0.070365
0.041970
0.003064
0.019622
0.049626
-0.029076
0.091941
-0.078638
-0.094854
0.053722
0.147847
-0.007641
-0.001779
-0.203124
0.001462
0.178185
-0.051469
0.107809
-0.126095
0.036573
-0.058434
0.080790
0.085407
-0.141581
0.127879
0.022419
0.130208
0.012554
-0.067982
0.169136
-0.074764
0.082974
-0.009783
-0.213786
-0.004344
0.135590
-0.000861
0.080121
-0.085310
-0.129292
0.044733
0.030407
0.005829
-0.021270
-0.019911
0.101329
-0.152945
-0.001727
0.036785
-0.042122
0.046930
-0.073213
0.002518
0.070738
0.038549
0.039801
0.055668
-0.152740
0.014352
-0.093683
0.037147
-0.089406
0.052577
0.210681
0.060809
-0.058649
0.087616
-0.082725
0.015136
-0.083773
0.053615
0.029745
0.016799
-0.189348
0.192586
-0.081032
0.093630
-0.122491
-0.010267
-0.003247
0.033932
-0.112598
0.079832
-0.068413
-0.265917
0.052304
-0.009650
-0.103843
-0.089261
-0.047650
0.012786
-0.178957
0.122989
0.009899
0.073436
-0.005588
0.006178
0.033611
0.063014
0.072579
0.028612
0.137248
0.041552
-0.000096
-0.007854
-0.170518
0.054256
0.143538
0.037101
0.070254
0.112521
-0.088771
0.026194
-0.064070
0.137685
-0.102721
0.132545
0.018936
-0.029888
0.111374
-0.135625
0.225950
-0.039398
-0.113465
-0.075497
0.038617
-0.059560
0.025290
-0.155475
0.129641
0.083759
-0.160359
-0.018994
-0.111123
0.101360
-0.062826
0.037717
-0.023419
0.087491
-0.010604
0.029393
-0.043545
0.074619
0.100724
-0.037430
-0.071691
-0.041092
0.018213
0.047784
-0.047586
-0.020377
0.060838
0.135587
-0.205022
-0.088249
0.123393
0.055216
-0.151627
-0.052762
-0.110906
0.001170
-0.267577
-0.096697
0.111989
-0.095404
0.021866
-0.070170
0.025087
-0.095645
0.024877
-0.144084
-0.125761
0.027056
0.015027
-0.097331
0.008466
0.176798
0.160851
-0.270823
-0.169523
0.075127
0.061566
0.023708
-0.071891
-0.292275
0.139297
-0.123505
-0.187151
-0.223576
-0.181033
0.023922
-0.090525
0.094328
-0.040054
-0.111315
0.086622
-0.240287
0.002358
-0.065512
-0.052076
-0.014996
0.016658
0.019162
-0.024111
0.119456
0.126141
0.054509
0.154641
0.074945
-0.074822
0.109004
-0.056064
0.067670
-0.038222
0.317780
-0.063666
0.016467
0.020896
-0.055802
0.061300
0.013920
0.032244
-0.064798
-0.112501
-0.024347
-0.044062
-0.008991
0.030935
0.214887
-0.228930
-0.276394
-0.193457
0.097544
0.063924
0.065656
-0.049851
0.042810
0.021024
0.016868
0.032757
-0.096275
0.116401
0.159415
0.000248
-0.163669
0.002446
-0.052243
-0.071392
0.123744
-0.061564
0.151412
-0.063248
0.022586
-0.070174
0.058693
-0.016582
0.177824
0.212373
0.068380
-0.130118
0.138735
0.084256
-0.075911
0.074036
0.167195
0.159187
0.165490
-0.018288
-0.032356
0.069284
-0.057357
-0.064795
-0.124999
0.082409
0.124725
-0.249256
0.072294
-0.013345
0.040413
-0.046970
-0.088365
-0.042788
-0.131502
-0.148075
0.072588
0.068819
0.087335
0.006397
0.158098
0.062872
-0.025523
-0.073947
-0.095194
-0.106515
-0.013517
0.127288
-0.114196
-0.033231
0.163916
-0.099867
0.004302
-0.050123
-0.080725
-0.050269
-0.010207
0.071525
-0.023856
0.011635
0.093955
-0.101117
-0.000577
-0.016155
-0.079455
0.181461
-0.003988
-0.065104
-0.115409
0.026548
-0.070132
-0.103110
-0.051405
-0.033731
-0.061270
0.044693
-0.070219
0.147894
0.093089
0.148635
-0.044841
-0.020259
-0.016513
0.077265
0.093846
0.015722
0.022207
-0.038352
0.057736
-0.133280
-0.013167
0.140582
0.009350
0.118460
-0.078697
0.060204
-0.035122
0.031788
-0.117935
-0.008295
-0.101276
-0.039268
-0.056192
0.127406
0.056963
0.186689
-0.029175
0.159657
-0.124425
0.042101
0.020846
-0.047838
0.159716
-0.199467
0.020811
0.033959
0.087135
-0.086211
0.103488
0.026361
-0.123839
-0.178775
0.095738
0.053962
-0.085909
0.018277
0.006019
0.054448
0.081554
-0.194784
0.076984
0.013529
0.096366
0.049422
-0.050285
0.107434
-0.009740
-0.195309
0.061360
-0.101732
0.152647
0.099304
0.056177
-0.023087
-0.142821
-0.085070
-0.027121
0.053836
-0.148704
0.121290
0.082360
0.024872
-0.071086
-0.028821
-0.111559
-0.008164
0.005727
-0.003319
0.183810
-0.053623
0.077611
0.130221
-0.227881
0.020247
-0.038932
-0.010840
0.027232
-0.034639
-0.110471
0.195385
0.028478
0.129563
0.120458
0.039290
-0.116828
-0.030320
-0.022150
-0.067274
-0.067661
-0.137308
-0.089857
0.109018
-0.049964
0.013561
-0.061217
-0.051538
-0.130298
0.019424
0.018946
0.067572
0.107717
-0.007486
-0.035819
-0.094121
0.152468
-0.105876
-0.001612
-0.138262
0.144868
0.095245
-0.031542
0.054464
0.071144
0.013893
0.271590
-0.010717
0.247213
-0.153615
-0.023072
0.003500
-0.122961
0.070483
-0.038593
0.048079
0.111147
-0.087719
-0.079539
0.000443
-0.057444
0.017724
-0.021149
-0.067424
-0.170876
0.033733
-0.052737
-0.071165
0.144800
0.197908
-0.028806
-0.065992
-0.244549
0.056496
-0.094833
0.069337
0.066284
0.085119
-0.101633
0.041523
0.193313
0.101871
0.021659
-0.059061
-0.295732
0.007531
-0.006299
-0.135550
-0.013599
0.129197
0.041714
-0.145504
-0.071694
-0.165241
-0.093436
-0.042967
-0.049248
0.121954
-0.201252
0.001795
-0.021742
0.030983
-0.058092
0.038033
-0.101267
0.006604
-0.077093
0.042554
-0.098997
-0.071210
0.279289
0.006508
0.112710
-0.132001
0.019070
-0.053539
0.060965
0.034255
0.104721
0.017570
0.129925
-0.005607
-0.117268
0.071111
-0.136520
0.148673
-0.034947
-0.022802
-0.079612
0.106490
0.049480
0.158990
0.132999
0.127234
-0.057320
0.003805
0.023506
-0.155475
-0.056315
0.041566
0.201764
0.051676
0.172881
0.062366
-0.048861
-0.134286
0.067242
0.026871
0.009998
0.113153
0.211833
0.022467
0.039268
-0.071313
-0.127318
0.043517
-0.031815
-0.030322
0.085956
-0.106254
0.029144
-0.008883
0.223994
0.042616
-0.075640
-0.031721
0.070849
0.035233
0.032188
0.067326
0.189503
-0.142919
0.067671
-0.128120
-0.056161
-0.320478
-0.099379
0.017332
-0.151259
-0.028593
-0.025517
-0.076761
0.087133
-0.069413
-0.122753
-0.035136
-0.072088
-0.048161
0.049612
-0.046908
-0.034536
-0.091776
0.031247
-0.064496
-0.354579
0.156517
-0.114324
-0.011877
0.114804
0.108338
0.118971
-0.038229
0.015451
0.025279
-0.266770
-0.172540
-0.073711
-0.018160
-0.039160
0.073348
-0.033063
-0.102411
-0.186859
-0.183301
0.068391
-0.162671
0.071962
-0.095931
-0.073832
-0.017710
0.034464
-0.159196
-0.024655
-0.276193
0.037262
-0.109316
-0.218895
0.080702
0.153620
-0.037877
0.131460
0.184472
-0.159335
-0.081442
0.004649
0.132788
-0.074802
0.179691
0.085780
-0.004066
0.093162
0.028881
-0.004140
0.020099
-0.060541
0.058431
0.015304
0.011987
-0.213098
-0.059935
-0.093509
-0.143308
0.069712
0.252515
0.141361
0.020091
0.055218
0.018341
-0.026107
-0.042373
0.075803
0.010467
-0.030870
0.071746
-0.041472
0.058350
-0.126049
0.011865
-0.222416
-0.028355
0.117136
0.015917
-0.035738
0.100971
0.060844
0.047840
-0.072644
-0.060345
-0.048924
0.078304
-0.097553
0.142961
-0.133654
-0.023579
-0.147482
-0.036963
-0.101611
0.160468
-0.021527
0.064527
0.172000
0.035501
0.031891
-0.119276
-0.015823
0.109946
-0.075460
-0.106110
-0.073179
-0.056649
-0.064149
0.132165
-0.000992
0.012605
-0.056851
-0.020767
0.130985
0.073042
0.003033
-0.003432
0.014831
0.052461
0.040171
-0.072588
0.124276
-0.193672
-0.081114
0.087033
-0.122866
-0.076797
-0.082773
0.099915
0.027329
-0.209846
0.067865
0.096926
0.009239
0.117818
-0.047643
-0.090480
-0.060496
-0.105537
-0.139660
-0.046382
-0.096919
-0.072367
-0.036647
0.298138
0.006131
-0.012258
-0.056367
-0.083253
-0.019333
0.127050
-0.037906
0.092411
0.049482
-0.019807
0.161154
-0.039517
-0.062197
0.140190
0.007448
0.119650
0.001155
-0.231376
0.123455
-0.176867
-0.079815
0.037171
0.042431
0.055384
-0.041460
-0.193402
0.046970
-0.180771
-0.025594
-0.040987
0.277084
0.026463
-0.063575
0.018783
-0.020479
0.038265
-0.044817
-0.059065
-0.036869
0.025548
0.097597
0.118345
-0.066796
0.110317
0.025933
-0.006676
-0.019344
-0.021710
-0.066309
0.041238
0.157133
0.034961
0.169539
-0.014704
0.102924
-0.067319
-0.033000
-0.141131
0.049800
-0.083082
-0.147638
0.109209
-0.067951
0.002767
-0.018920
-0.223942
0.083701
-0.039816
0.212716
-0.104341
0.022371
0.071775
0.243366
0.026946
0.166916
0.062384
-0.168574
0.130264
-0.004008
-0.067634
-0.203130
0.094382
-0.056385
0.261829
-0.030175
0.032185
0.186871
-0.179376
0.016468
0.066513
-0.100769
0.046320
0.032576
-0.143782
0.033244
-0.091217
0.045131
0.048519
0.076380
-0.164030
0.138956
-0.049404
0.084028
-0.038748
-0.039874
0.074788
0.100173
0.048750
0.015872
0.029071
0.014508
0.046972
0.128895
0.010851
0.222408
-0.016596
0.107827
-0.102646
-0.128705
-0.013550
-0.204804
0.111739
-0.051010
0.124770
-0.076334
0.009919
0.006270
0.047269
-0.136823
-0.100951
0.137323
0.013783
0.000768
-0.022101
-0.093633
-0.035210
0.050494
0.047309
0.121377
-0.081495
-0.026249
0.043384
-0.011891
-0.074229
0.108027
0.065907
-0.077893
0.013513
-0.179006
-0.034761
0.005238
0.078548
0.072401
0.199694
-0.082273
-0.102299
-0.055219
0.047029
0.031429
0.082193
-0.192094
0.068392
0.044113
0.017166
0.086469
-0.073857
0.061227
0.050114
0.056279
-0.066171
-0.147146
0.125956
0.053911
-0.084112
0.178636
-0.050968
-0.049171
0.020600
-0.025899
0.003048
-0.051567
-0.090971
0.023851
0.035104
-0.244464
0.121588
0.200453
0.048859
0.071906
0.016568
-0.041073
-0.019622
-0.108610
-0.076186
-0.114982
-0.126382
0.023906
-0.074233
0.104851
0.069644
-0.202525
-0.041042
0.122125
-0.120952
-0.235550
0.042227
0.075751
0.164365
-0.195392
0.178317
0.187317
0.076904
0.088123
-0.002386
0.145996
0.033728
-0.079743
0.109858
0.039837
0.080231
0.052412
-0.018201
-0.140103
-0.128288
-0.213746
0.095836
0.140454
0.058751
0.026184
0.010340
0.129092
0.098590
0.090571
0.008521
-0.283600
0.042842
0.138364
-0.109833
0.137791
-0.065219
-0.127765
0.188082
0.022133
0.013618
0.092093
0.006595
-0.107090
0.039379
0.189199
0.066112
-0.154216
-0.004919
-0.076609
-0.052321
-0.086200
0.002309
-0.025758
-0.119632
-0.059556
-0.104533
-0.136434
0.050536
0.158122
-0.150223
0.077528
0.052006
-0.114432
0.024784
-0.011493
0.021689
-0.119753
-0.154141
0.413502
0.023638
-0.097130
-0.105044
-0.190257
0.145010
-0.106041
-0.011232
0.030630
-0.044531
0.202072
-0.017806
0.051168
0.036990
-0.164446
-0.078797
0.100751
-0.013660
-0.077235
-0.081299
0.063169
-0.166733
0.082503
0.000117
0.053939
0.058347
-0.039837
0.063806
0.175550
-0.090603
-0.036387
-0.082379
0.014289
-0.002540
-0.150767
-0.114497
-0.140840
0.052153
0.032029
0.042541
-0.033621
0.013985
0.120040
0.002889
0.046248
0.005140
0.008179
-0.025823
0.118319
0.031100
-0.084552
0.014336
0.038192
-0.132136
0.093919
-0.157596
0.169436
-0.075365
0.096703
0.015025
-0.028407
0.001583
0.090454
0.060886
-0.056005
0.018056
-0.086989
0.016102
0.095512
-0.068215
0.121141
-0.129531
-0.124209
-0.014494
0.172234
-0.049089
0.139921
0.041937
0.054169
-0.196894
0.062151
-0.095441
-0.058602
0.217314
0.184153
0.023200
0.017571
-0.317244
-0.010040
-0.060807
0.111099
-0.098991
0.251259
-0.030036
-0.155479
0.023601
-0.034672
-0.014316
-0.008730
-0.011483
0.083996
0.054434
0.124887
0.009330
0.031550
0.042182
-0.038552
0.049831
-0.002776
0.098077
-0.093043
0.205336
0.061389
0.137826
0.082446
-0.011872
0.166983
0.037986
-0.089255
0.005627
-0.064707
-0.096918
-0.028383
0.174530
-0.092577
-0.121873
0.095544
-0.058450
0.150944
0.166117
0.155934
-0.009537
-0.008177
-0.018335
0.066498
-0.007919
0.021016
-0.002400
0.000016
-0.036159
-0.095835
-0.030744
-0.050283
0.128968
0.136161
-0.129142
0.076407
0.102769
-0.365662
0.017878
-0.026661
0.020434
-0.042970
0.090296
0.055234
-0.011118
0.208899
0.017390
0.054020
0.068677
-0.054170
0.157858
-0.005274
0.105964
0.065728
0.017948
0.222259
-0.006011
-0.025842
0.015730
0.079105
0.208460
-0.092565
-0.020255
0.011884
-0.146687
-0.037375
0.011244
0.048040
-0.199118
0.127807
-0.091786
-0.149020
0.070906
0.025996
0.174372
-0.055815
0.073470
-0.034109
-0.069475
-0.011123
-0.129594
-0.040149
-0.150498
-0.041050
0.033087
-0.034648
-0.048124
0.004116
-0.114713
0.179025
-0.057833
-0.104743
-0.114917
-0.131605
0.100314
0.264030
0.006497
0.008315
0.068595
-0.102890
-0.035407
-0.120887
0.031675
-0.043443
-0.018975
0.049333
0.128478
0.031589
0.100153
-0.001771
0.018281
-0.092255
-0.026338
-0.245836
-0.062688
0.116125
0.048874
0.011268
-0.121616
-0.163653
-0.389055
-0.114797
-0.051707
0.062211
0.174264
0.072126
0.052166
0.099815
-0.070493
-0.033443
-0.055559
0.091487
0.028475
-0.013753
0.024508
0.009689
0.035482
-0.067625
-0.141742
0.015526
0.086048
-0.008436
-0.009520
-0.002932
-0.083011
0.149314
0.114894
0.160639
0.020896
-0.052459
-0.037247
0.018557
0.024134
-0.036206
0.146041
0.161001
0.080029
-0.164709
-0.013280
0.207285
-0.056894
0.139314
0.055681
-0.086187
-0.125987
0.023033
-0.084933
-0.163409
0.166732
0.131002
0.046679
0.013598
0.052063
-0.026471
0.006081
-0.002730
-0.061935
0.002464
-0.077145
0.077515
0.054796
0.028592
-0.007337
-0.055200
-0.063175
-0.149178
-0.053873
0.065965
-0.177567
0.008948
0.120201
-0.143501
0.290314
0.068961
-0.050435
0.116016
0.023995
0.111900
0.087880
-0.058964
0.031828
0.020771
0.190385
0.036278
0.009641
-0.051372
0.011696
0.128768
0.005552
-0.006346
-0.025358
0.033169
-0.069982
-0.059800
-0.094929
-0.115031
-0.070809
-0.089844
0.057778
-0.124619
-0.057036
-0.147992
-0.057397
-0.221366
-0.146628
-0.054079
0.128021
-0.152703
0.058445
-0.134977
-0.035519
-0.114004
-0.141538
0.059547
-0.049656
0.070529
0.076200
-0.113454
0.072661
-0.088604
0.033362
0.024019
0.241217
0.015949
-0.102399
-0.096018
-0.130559
-0.024264
-0.117622
-0.096413
-0.076694
-0.090204
-0.043362
-0.043759
-0.154242
0.035612
-0.042301
-0.142389
-0.080593
0.035851
-0.283006
-0.097252
0.033032
0.130428
-0.001744
-0.085826
-0.049966
-0.066983
-0.198784
-0.010998
-0.041708
0.086618
-0.037649
-0.013577
0.051648
0.065808
0.000296
0.049585
-0.026386
0.072706
-0.244475
-0.002031
0.108040
0.008610
-0.040071
0.139523
-0.046097
0.012578
0.116342
-0.043896
0.063545
-0.041325
-0.081071
-0.016639
-0.050397
0.066389
0.093706
0.064769
-0.009410
0.218521
0.233168
0.138802
-0.059019
-0.084217
0.091562
-0.070150
-0.069345
-0.051448
-0.044976
0.038949
-0.114663
-0.053713
0.084520
-0.041273
0.054673
0.044062
0.025572
0.101906
-0.171197
-0.259115
-0.105943
-0.071238
0.001159
0.106394
-0.058014
0.136947
-0.033297
0.170084
-0.015489
0.129859
-0.095848
0.000843
0.009662
0.001248
0.076297
0.003474
-0.220072
-0.096709
0.003872
-0.172404
-0.035260
-0.036039
-0.268372
0.112552
-0.052290
-0.039403
0.121737
0.122076
0.209723
0.066820
0.022255
0.162918
0.102059
0.024624
-0.079102
0.016848
0.018612
0.021925
0.043821
-0.146791
-0.018904
0.120826
0.031925
-0.102563
-0.179583
-0.062957
-0.077996
-0.105784
0.051413
-0.082317
-0.010311
0.014745
0.027109
-0.032383
-0.036039
-0.080324
0.095727
-0.042270
0.047257
0.052953
-0.037849
-0.106638
-0.008845
-0.004612
-0.002270
0.026987
0.116406
-0.045973
-0.153246
-0.017175
0.050144
-0.083214
-0.133099
0.050257
-0.069074
0.032302
-0.109638
-0.077357
-0.039368
-0.037064
0.119769
0.028677
-0.061686
-0.098904
-0.096546
0.008139
0.141094
-0.124504
0.141942
0.147856
-0.037939
-0.123839
-0.105619
-0.026913
-0.182137
-0.039519
-0.107041
-0.052607
-0.010340
-0.068816
-0.046830
-0.058475
0.239865
0.046458
0.073912
-0.017326
0.063624
-0.092218
0.018448
0.123901
0.258232
0.002687
0.216868
-0.106342
-0.018480
0.142513
-0.004057
-0.150487
0.106706
0.200555
0.132366
0.053404
0.083393
-0.015166
-0.126310
-0.040679
0.129202
0.082676
-0.049763
-0.009048
-0.124555
-0.143171
0.126053
0.253763
0.009480
-0.038346
0.148266
0.045449
0.105127
-0.138507
0.156297
0.087734
-0.030107
-0.148574
-0.107355
0.036891
-0.002526
0.000538
-0.129926
0.013858
0.173575
-0.042889
-0.060854
0.097765
0.233466
0.027490
-0.188012
-0.044823
-0.122401
0.022706
-0.102016
-0.077523
-0.058654
0.155048
0.014369
0.105075
-0.071857
-0.087652
0.044184
-0.073940
0.131782
-0.006069
-0.053369
-0.153521
-0.094984
-0.113722
-0.006976
-0.003620
0.161667
0.124444
-0.084295
-0.014636
-0.020774
0.070994
-0.020940
0.136225
-0.073500
0.009008
-0.080433
-0.198448
-0.034340
0.060809
0.082975
0.093473
0.176127
0.113995
-0.001322
0.113561
-0.073164
-0.104065
-0.060689
-0.025227
0.108521
0.062513
0.015878
0.076820
0.060339
0.076256
0.142951
-0.190675
-0.189500
0.115026
0.045360
-0.048758
-0.183463
-0.036277
0.032754
-0.172840
0.060371
-0.032667
0.070095
0.049539
0.118052
-0.174278
-0.051093
0.024604
0.042394
0.050586
0.113657
0.095954
-0.056658
0.170260
-0.108115
0.072877
0.009342
0.057406
-0.022464
0.072812
0.178941
0.125333
0.058483
0.074235
-0.183326
-0.045485
-0.167015
0.047819
0.013733
-0.116692
-0.014098
-0.043622
-0.142080
-0.037493
-0.125155
-0.085363
0.205890
-0.088825
0.104595
-0.098022
0.116749
0.052747
0.216837
-0.127385
-0.033734
0.013191
-0.088978
0.004591
-0.123731
-0.026268
0.002766
-0.032393
0.255962
-0.009856
-0.057855
0.183870
0.146094
0.029343
-0.049213
-0.067192
-0.145671
0.146555
-0.019506
0.013641
0.053100
0.064045
-0.104870
0.037535
0.006876
0.062911
-0.047281
-0.059662
0.063105
-0.067453
-0.103764
0.048377
0.010732
-0.162226
-0.149905
0.092221
-0.106210
0.070029
0.153397
0.202191
0.046363
0.019372
-0.104286
0.047944
-0.153474
-0.042453
0.055116
0.077470
-0.123351
0.102605
0.059880
-0.052775
-0.017193
0.121001
0.020534
-0.073788
-0.019734
0.149262
0.013054
0.012362
-0.223421
0.034510
-0.091040
-0.099590
0.031191
-0.060576
-0.198217
0.066444
0.038962
-0.049447
-0.072884
0.074669
-0.051485
0.085822
-0.031712
0.004307
-0.040873
0.044903
0.049436
-0.028168
0.034419
0.125894
-0.079086
0.058064
0.036934
-0.002738
-0.108082
0.066597
-0.134813
0.187647
0.070185
-0.008831
-0.066245
-0.139152
0.047444
0.096364
-0.080103
-0.285856
-0.053553
-0.197030
0.143267
0.010799
-0.054391
-0.048188
-0.006934
-0.014206
-0.058957
0.067255
-0.031865
-0.184832
0.219211
0.035092
0.227945
-0.182912
-0.089751
-0.159603
0.124264
0.132620
-0.176259
-0.084497
-0.108978
0.113306
-0.090320
-0.090100
-0.045766
-0.116531
0.065475
-0.102294
-0.060144
0.012617
-0.119238
-0.098141
0.114589
0.027810
-0.142552
0.226883
-0.189727
-0.023948
0.071595
-0.000373
0.036316
-0.213249
0.058041
0.002641
-0.131828
-0.077786
-0.067368
-0.022482
0.218100
0.028485
-0.113340
-0.069867
-0.014637
0.086907
0.064442
0.057466
-0.057388
0.005690
-0.095261
-0.107691
0.146389
-0.088152
-0.005568
-0.052057
-0.115246
-0.056479
-0.018195
0.104347
0.089027
-0.066931
0.168932
0.132752
-0.017716
-0.076342
0.045420
-0.061552
-0.048496
-0.101554
0.031791
0.006057
-0.019707
0.013125
0.024712
-0.061481
0.110892
-0.072141
0.057788
-0.049182
-0.039260
0.011741
-0.044651
0.000294
-0.238022
0.035337
-0.061951
0.007385
0.082252
-0.019510
0.155168
-0.127700
0.109496
0.082497
-0.019380
0.026651
-0.042132
-0.238065
0.032610
0.063248
0.038746
0.081857
0.033815
-0.037399
0.052876
-0.083127
-0.034264
0.045333
0.025949
-0.005310
0.073065
0.011009
-0.030777
0.168446
0.088587
0.182572
-0.033111
-0.082519
0.150814
-0.088093
-0.026371
-0.052556
-0.102279
-0.039080
-0.006767
-0.000396
0.069264
0.012942
0.083092
0.071367
-0.027108
-0.011658
-0.000340
0.063842
0.150627
0.095271
0.088972
-0.080208
0.075881
-0.064828
0.141308
0.038737
0.000053
-0.043210
-0.040380
0.184686
-0.092488
0.130695
0.015123
0.141184
0.119940
0.055680
0.141169
-0.014448
0.014759
0.114510
0.003183
0.027004
0.067924
-0.015138
0.125585
0.027931
0.115305
-0.046132
0.099401
0.118761
0.069755
-0.135474
0.035605
-0.002016
-0.036244
0.165921
0.013330
-0.112517
0.067742
0.054127
0.023120
0.029782
-0.008334
-0.024113
0.121571
-0.193029
-0.083834
-0.157390
0.070589
0.089482
-0.007088
0.175607
0.064507
-0.131205
0.025138
0.016019
0.029384
-0.089090
-0.075139
-0.205076
0.096650
-0.100395
0.139949
0.041356
0.080143
-0.280682
0.185057
-0.104065
0.034704
0.079171
0.074813
-0.090185
-0.040753
-0.063786
0.043062
-0.051082
-0.095191
0.062916
0.053923
0.071139
-0.073090
-0.023219
0.050721
0.102588
-0.151619
0.153362
0.139843
-0.011843
0.015650
-0.130470
-0.025942
-0.007369
-0.003532
0.110178
0.073918
0.178320
-0.043672
-0.072143
0.031451
-0.024913
0.108633
-0.072838
0.066501
0.128615
-0.172860
0.056555
-0.064199
0.015499
0.018762
-0.007406
0.178357
0.041121
-0.051053
-0.059142
0.106050
-0.095513
-0.046150
0.065922
-0.041130
0.043592
-0.102047
0.104027
-0.055138
-0.039557
0.066089
0.142494
0.091299
-0.165025
-0.032115
0.129983
-0.115910
0.045822
-0.096928
0.101738
-0.020521
0.051177
0.182415
-0.042699
-0.033324
0.081923
-0.028716
-0.034647
0.045190
0.184231
-0.046369
0.006657
-0.009236
-0.081933
-0.052319
-0.156386
0.069083
0.184032
-0.195549
-0.130754
-0.237687
-0.164644
-0.028238
-0.127385
0.016029
-0.001823
0.061153
0.145835
0.208153
0.092513
-0.050572
0.239618
-0.050735
-0.021137
-0.093593
-0.064880
-0.270731
0.007666
-0.109161
-0.164855
0.056546
-0.048613
0.031790
0.037380
-0.153755
-0.029096
-0.108627
-0.012767
0.138330
-0.045281
0.029683
0.031282
-0.149861
-0.099033
-0.029762
-0.169751
-0.053919
-0.028240
-0.027191
-0.044249
0.304871
-0.075895
-0.017978
0.138808
-0.006711
0.008768
-0.096353
0.078312
0.051732
-0.046874
0.131553
-0.093168
0.189621
0.210420
0.033354
0.181122
0.067427
0.111163
-0.052474
-0.146292
0.029131
-0.068572
0.051897
-0.128106
0.200962
-0.241511
-0.111003
0.044604
-0.034907
-0.017883
-0.017685
0.111671
-0.038082
-0.009084
0.090033
-0.016584
-0.038425
-0.171377
-0.033132
0.088375
0.013079
0.025134
-0.158146
-0.044622
0.113615
-0.129970
0.167680
-0.027998
0.101712
-0.026077
0.149329
0.068515
-0.080401
0.001333
-0.053137
0.060118
0.042722
0.100947
0.121530
-0.053565
0.003128
-0.001208
0.040421
0.057688
-0.036693
0.173312
-0.165033
-0.000324
-0.026639
-0.070570
-0.041808
-0.012355
-0.033811
-0.022378
-0.202903
-0.031689
-0.006141
0.062877
-0.063734
0.230492
0.100991
0.145004
-0.088011
0.147416
0.059264
-0.017606
-0.009624
-0.088995
-0.046623
0.132666
0.033343
0.004096
0.006899
-0.257706
0.018883
0.060844
0.045665
-0.063822
-0.065654
-0.161899
-0.191633
0.042417
-0.022996
0.056304
0.103759
0.005693
-0.152511
0.026886
0.132826
-0.120870
-0.085646
0.041075
-0.003874
0.129887
0.050032
0.018885
-0.052256
-0.118486
-0.020764
0.010904
0.021413
-0.196487
-0.126658
-0.101743
-0.029757
-0.029508
-0.041761
0.130228
0.146012
0.139135
0.007236
-0.002534
0.192345
0.057379
-0.023074
0.005204
0.005770
0.006635
-0.193743
0.025344
-0.080158
0.009974
-0.001162
-0.119841
0.074022
-0.045225
0.096653
0.137266
-0.024832
0.131065
0.064824
0.038184
0.028246
-0.101307
-0.097112
-0.015986
0.033187
0.119431
-0.188002
-0.066382
-0.017803
0.049773
-0.142358
0.028745
0.097645
-0.011046
0.205595
0.053279
0.074076
0.049495
0.017709
-0.047302
0.112341
-0.155912
-0.089498
0.088479
-0.056029
-0.192882
-0.135458
0.130672
-0.016958
-0.146319
-0.149617
-0.046044
0.024339
0.126763
-0.089820
-0.146291
-0.124405
-0.030419
-0.114541
0.014083
-0.083839
0.036799
0.186456
0.050332
-0.142016
0.010559
0.050676
-0.205697
-0.015772
0.134763
-0.041030
-0.217808
-0.053684
-0.165332
0.025914
-0.060941
0.095577
-0.024469
-0.033928
-0.091079
-0.183151
0.081493
0.089963
0.103108
0.058264
-0.188486
0.034521
-0.060882
0.037103
-0.060693
0.023627
0.021930
0.011756
0.071177
0.045432
-0.027127
0.012499
-0.219658
0.032473
-0.017817
-0.078875
-0.062940
-0.069084
0.003432
-0.021936
0.025204
0.028242
-0.127837
0.138607
0.065314
0.057340
-0.040677
0.103021
-0.006844
0.108864
0.006253
-0.016121
-0.056288
-0.018223
0.186732
0.040264
-0.026588
0.032359
-0.030522
-0.184774
0.205268
-0.206066
-0.092840
-0.011771
-0.014081
0.123792
0.072065
-0.042642
-0.129800
-0.024940
0.000913
-0.205039
-0.106074
-0.090709
0.143096
0.118445
-0.010884
-0.203927
0.038325
-0.068086
-0.036534
-0.076524
-0.152841
0.135576
0.049002
-0.125856
0.055678
-0.002964
0.007582
0.079171
-0.160436
-0.028610
-0.011198
-0.049910
0.077817
0.075209
0.121119
-0.123471
0.061614
-0.014667
0.062993
-0.176087
0.112931
-0.033100
-0.066076
-0.089004
-0.061631
-0.164211
0.036355
-0.039878
-0.140679
0.004274
0.063131
-0.069833
-0.055444
0.028634
-0.071928
0.022675
0.203538
-0.084463
0.002559
-0.180201
0.140366
-0.029896
0.075481
0.102801
-0.060838
0.102929
0.136884
-0.021610
0.061570
-0.190677
-0.067764
0.025898
-0.117558
-0.052181
-0.113725
0.016995
0.044570
0.013964
-0.125786
-0.103121
0.062205
0.093034
-0.159658
-0.322568
-0.003446
0.092907
-0.015839
-0.148199
-0.087454
0.000928
-0.022705
0.029817
-0.032349
-0.039338
-0.080849
-0.073523
0.086356
0.128308
-0.096446
-0.015502
-0.045396
0.009403
-0.054244
-0.025481
0.087083
0.035524
-0.074422
-0.053828
0.000124
-0.109422
-0.016582
0.008726
-0.087792
0.027366
0.062973
-0.085358
0.126172
-0.216168
-0.270042
-0.005105
-0.023423
0.067056
-0.014946
0.007073
-0.131906
0.061856
-0.024343
0.084684
0.051671
-0.008903
-0.026581
-0.036323
0.119373
0.092817
0.013053
0.097455
0.089907
0.063773
-0.118582
0.058235
-0.131490
-0.132360
0.119400
-0.282377
0.126199
-0.071475
0.042083
-0.046027
0.066487
-0.142064
0.116235
-0.025831
-0.100795
0.131938
-0.060577
-0.031628
-0.071210
0.032539
-0.009285
-0.074622
0.047137
-0.061884
0.117532
-0.021257
0.020757
0.092154
0.123391
0.043994
0.125941
0.140603
0.181642
-0.016152
-0.057120
-0.027610
-0.082159
-0.064374
0.053408
-0.096565
-0.088586
0.072021
0.096721
0.121899
0.106747
-0.029265
-0.029524
-0.063194
0.095804
0.080680
-0.194538
-0.047474
-0.239239
-0.079996
0.059143
-0.047538
0.122256
-0.088880
-0.152719
0.075828
-0.107121
0.097528
-0.005668
0.052763
0.001193
-0.002188
-0.070630
0.053040
0.084923
0.015923
0.022288
0.183119
-0.009077
0.102089
-0.019709
0.138951
0.187381
0.107544
0.095232
-0.059426
-0.199644
0.080894
0.102861
0.101356
0.010055
0.148842
-0.159998
0.064544
-0.116799
-0.052932
0.183981
-0.094778
0.060244
0.309870
0.112914
-0.032068
0.092810
0.100910
0.089057
-0.334676
0.109905
0.054953
0.088331
-0.105650
-0.155315
-0.133682
-0.111912
0.026452
-0.027746
0.113036
-0.032446
0.161235
0.115882
-0.003324
0.045569
-0.083996
-0.009059
0.122662
-0.093104
0.112364
-0.009024
-0.028324
-0.131088
-0.119135
0.102672
0.052351
0.020442
-0.241137
0.066380
0.031140
-0.042222
0.000417
-0.063563
0.048103
0.072798
-0.102573
-0.083566
0.062259
0.009652
-0.157259
0.129067
-0.135132
0.128111
0.047054
0.020164
-0.060493
0.016859
0.042677
0.142407
0.008474
-0.149800
0.059521
0.063554
-0.057851
-0.036688
-0.087915
0.119191
-0.000264
0.100970
0.087379
0.087585
-0.209671
-0.063389
0.075265
-0.175201
-0.072693
0.027754
-0.183523
-0.120835
-0.054711
-0.068469
0.015675
-0.047546
-0.025578
-0.007602
-0.130977
0.002732
0.086286
0.016805
0.121589
-0.110441
0.107927
-0.099011
-0.072865
-0.005185
0.078722
-0.093821
-0.163519
0.136297
0.117882
-0.094316
0.080657
-0.275067
0.000146
0.014960
0.184596
-0.078071
0.035117
-0.063294
-0.041459
-0.055519
-0.000251
-0.039787
-0.040176
-0.044383
0.053569
0.154686
0.090180
0.010703
0.116963
-0.030345
-0.020586
-0.009991
-0.048924
-0.002951
0.080428
-0.065426
-0.269680
0.076316
-0.096302
0.014475
-0.041737
0.121858
0.084623
0.033050
-0.135564
0.100804
0.134869
-0.114450
0.074770
0.096216
-0.102245
0.104074
0.106072
0.165587
0.043074
0.119999
-0.016826
0.038935
-0.036075
0.105456
0.059762
-0.149555
0.115776
-0.156665
0.035131
0.135050
-0.120284
-0.078334
0.071090
0.055384
-0.171530
0.197950
-0.005173
-0.061157
-0.102825
-0.184042
0.308155
-0.037570
-0.072050
-0.046473
0.060659
0.039697
-0.087576
-0.047251
-0.101788
0.108618
-0.041080
0.060961
0.033001
0.057487
0.104383
-0.050514
0.071026
-0.134534
0.143359
0.042410
0.045060
-0.077518
0.056967
-0.134054
-0.239569
-0.013689
-0.004021
0.117569
-0.014747
-0.019107
0.107411
0.130225
-0.260068
-0.071215
0.016493
0.015309
-0.074979
-0.012756
-0.006937
0.160712
0.013666
-0.043820
-0.043836
-0.087810
0.181031
-0.093412
-0.036075
-0.067476
-0.031814
0.034176
0.134344
0.067388
0.026105
0.047402
0.054598
-0.080470
-0.030188
-0.066705
-0.103857
-0.161081
0.078696
-0.036127
-0.100696
-0.052060
0.163747
-0.047205
0.088040
0.018724
-0.050392
-0.066253
0.024328
-0.090950
-0.115250
0.012198
0.116662
-0.084919
0.001032
-0.094881
-0.101308
-0.056180
-0.035040
0.109676
-0.172990
-0.071466
0.199894
-0.087186
-0.232496
-0.088156
-0.063637
-0.024133
0.187929
0.123114
0.110851
-0.027199
-0.019499
-0.096607
-0.071000
0.060428
-0.044706
0.042818
0.070984
-0.085321
-0.246643
0.155178
0.006862
0.111659
-0.049959
0.003080
0.012580
-0.032474
0.098614
0.126061
0.062697
-0.144483
0.047922
-0.132601
-0.184608
-0.072187
0.075675
0.049028
-0.029661
-0.181514
-0.164513
-0.037806
-0.045742
-0.020478
0.060713
0.201402
0.149021
-0.085080
0.121063
-0.105877
-0.026932
0.023993
-0.187527
0.158233
0.035231
0.115045
0.126035
-0.125190
0.098334
-0.004394
-0.001300
-0.021690
0.178035
0.006621
0.169322
-0.013911
0.110464
-0.001859
0.129222
0.219292
-0.172718
0.005581
0.087294
0.226934
-0.157930
-0.184245
0.027715
-0.064486
0.015127
-0.091554
-0.125539
0.171836
-0.066340
-0.027743
-0.054374
-0.072271
0.144433
0.047267
0.006088
-0.054369
0.180602
-0.088835
0.011081
-0.064098
0.025267
-0.070515
0.198677
0.077218
-0.023132
-0.099163
-0.076151
0.048737
-0.064467
-0.024409
-0.062712
-0.083247
0.022281
0.014283
-0.079273
0.069613
-0.123607
0.014144
0.058930
-0.028088
-0.031572
0.100612
-0.048117
-0.103612
-0.081518
-0.060287
-0.126557
-0.071995
-0.001132
-0.061246
0.045255
-0.018218
-0.144590
0.117212
0.062652
-0.032830
0.010848
0.051400
0.103379
0.017516
-0.010406
-0.062644
-0.048092
0.239612
0.294912
-0.145966
0.075739
0.131864
-0.012769
0.115951
0.037977
-0.021678
0.138927
-0.082013
0.122648
-0.027382
-0.016895
-0.127850
-0.027567
0.084720
-0.006723
0.071813
0.136475
0.025386
-0.049914
-0.085907
-0.032876
0.271279
-0.119133
-0.039076
0.044466
-0.085175
0.134492
-0.024581
-0.218236
-0.039814
0.001291
0.131945
-0.012335
0.123384
0.211089
-0.109099
-0.033159
-0.085899
-0.068086
0.180515
-0.098054
0.069207
0.175607
-0.001199
-0.176244
0.015884
0.053317
-0.018725
0.062417
0.064712
-0.022864
0.026313
0.068409
-0.085541
-0.007296
0.074794
-0.013474
0.080859
-0.051611
-0.048308
-0.222971
-0.061375
-0.071716
0.111282
0.159248
-0.019688
0.056047
0.058939
-0.052780
-0.001725
-0.038475
0.053835
0.027729
0.106477
0.026864
-0.137325
0.091267
0.214275
-0.116013
0.022159
0.068403
-0.014419
-0.100706
-0.021199
0.016895
-0.009154
-0.107882
0.127724
-0.093691
-0.001686
-0.150381
0.148098
-0.166340
0.110268
0.117402
0.017308
0.057682
0.100640
-0.084153
-0.109589
0.103517
-0.031819
0.036463
0.034391
-0.046010
0.004650
0.047446
-0.125536
-0.011555
0.115587
0.049418
-0.024644
-0.048696
0.035283
-0.056627
0.041402
0.144695
0.090896
0.001716
0.011262
-0.008841
-0.092285
-0.147211
0.160942
0.045434
0.045349
0.013030
0.016209
0.010311
-0.097435
0.037803
-0.040402
0.073221
-0.089340
-0.030237
-0.116521
0.017250
-0.019846
0.010764
-0.134484
0.012444
0.004641
0.189708
0.007835
0.011278
0.035505
-0.021388
0.160192
0.039123
-0.128799
-0.011398
0.150373
0.116893
-0.207591
-0.176862
0.090624
-0.112952
0.006112
-0.061889
-0.019083
-0.059654
0.029149
0.162496
-0.165171
-0.185834
-0.049853
0.000957
-0.076752
0.198203
0.018809
0.058825
-0.082254
0.026423
-0.032673
0.007348
0.071599
-0.075663
-0.108139
-0.034748
-0.070353
-0.048781
0.047672
-0.030866
0.043451
0.130341
-0.011171
-0.028061
-0.065046
-0.013659
-0.041889
0.201685
-0.071699
-0.014686
-0.004239
0.252700
0.054261
0.037183
-0.021834
-0.022140
-0.185127
0.195513
0.075133
0.118261
0.048698
-0.105596
0.142926
-0.054657
0.043674
-0.075977
0.044241
-0.117946
0.098400
0.168239
-0.074944
-0.084208
0.006619
0.067145
0.014544
0.070508
0.123799
0.007152
-0.001341
-0.027369
-0.027324
-0.053287
-0.051308
-0.063487
-0.020365
0.090248
-0.088148
-0.006313
-0.085525
0.194843
-0.163249
0.141213
-0.125692
0.214530
0.003574
0.013104
0.098480
-0.023323
0.159130
0.031262
0.094136
0.062630
0.128251
-0.026102
0.065869
0.001204
-0.042077
0.028620
0.253705
-0.015002
-0.150928
0.155717
0.032920
-0.161290
0.100666
-0.146570
-0.011988
-0.011023
-0.074209
0.019435
0.044398
0.052398
0.002424
0.030222
0.181624
0.062972
-0.012011
-0.229637
0.000943
0.092085
0.036537
0.060079
-0.029681
0.111755
-0.123906
0.032087
-0.030155
0.032495
0.055125
-0.022874
-0.021225
-0.071007
0.030567
0.049979
-0.114108
-0.074102
-0.067086
-0.055929
0.124817
0.071243
0.043641
-0.064292
-0.032439
0.071484
-0.059587
0.007483
-0.122174
-0.265605
-0.085926
0.205136
-0.011018
-0.021646
-0.140284
-0.092992
0.080396
0.031373
0.035321
-0.070433
0.179797
0.112643
-0.107170
0.161844
0.080532
0.175963
-0.068823
-0.017029
-0.027538
-0.014245
-0.016142
0.016298
0.032044
0.164768
-0.147169
-0.041954
0.208291
-0.101865
0.140438
-0.163058
-0.042180
-0.141066
-0.122210
-0.181432
-0.144152
-0.238206
-0.015628
0.001620
-0.062802
-0.011594
-0.134055
-0.216919
0.095640
0.034268
-0.251861
-0.104630
-0.079082
0.027091
-0.167949
0.011354
0.009700
0.052666
0.007335
-0.067015
-0.058268
-0.042105
0.047748
0.008918
-0.175400
0.009933
0.112134
0.037057
0.317422
0.049235
0.067927
-0.101716
-0.085686
0.002277
-0.233339
0.015599
-0.008963
-0.052211
0.110644
-0.052670
0.012935
0.088880
0.110489
0.127195
-0.232035
-0.013903
0.062813
0.025197
0.063503
0.085427
-0.120255
0.059900
0.212495
-0.044102
0.038865
-0.024668
0.237626
0.243304
0.121234
0.108938
0.094698
-0.027104
-0.106198
-0.043698
0.013971
-0.057087
-0.069120
0.097553
-0.162525
0.067791
-0.066840
-0.025086
-0.041091
-0.083090
0.084426
-0.199265
-0.125664
-0.048591
0.158698
0.191316
-0.015211
0.165265
0.041753
-0.092739
-0.212118
0.054653
0.002172
-0.079810
-0.046943
0.032877
0.079847
0.145454
0.051905
-0.016247
-0.094946
0.144476
0.048943
-0.085291
0.036481
0.105166
-0.059717
0.084592
-0.013569
0.039758
-0.166957
-0.142211
0.099322
-0.032090
0.174124
0.040878
0.019923
0.135670
0.052442
-0.035861
0.244569
0.092876
0.133065
-0.013950
-0.036435
-0.011135
0.029539
0.088482
-0.296498
-0.047934
0.024752
-0.113036
-0.088433
0.052721
-0.111703
0.017302
-0.052344
-0.111320
0.137256
-0.066108
-0.067240
-0.049785
0.126799
-0.076893
-0.017034
0.121948
-0.044281
0.017703
0.071523
0.223030
-0.003833
0.082317
0.066913
-0.028738
-0.005239
-0.048166
0.086657
0.006091
-0.106513
0.005134
-0.008911
0.001482
0.032348
0.067113
0.126160
-0.058447
-0.052322
-0.017023
-0.035732
-0.108964
-0.138836
0.169254
0.025502
0.080034
0.005393
-0.188007
0.002522
0.000491
0.030182
-0.009058
0.001648
-0.084348
-0.058094
0.132425
-0.005191
0.010624
0.085145
-0.172241
-0.062453
0.006244
0.101876
-0.291197
0.119001
-0.029487
0.167476
-0.155987
-0.087769
-0.066521
-0.001189
0.051502
-0.070219
0.078714
0.150202
0.006766
0.179939
-0.009914
-0.128075
-0.129454
-0.063661
0.053965
0.084884
0.198867
-0.010012
0.147574
0.153517
0.057192
-0.052463
0.054007
-0.040996
0.143726
0.014535
0.026377
0.145446
-0.080879
-0.073880
-0.088667
-0.117965
0.086376
-0.216010
-0.112133
0.051231
-0.045177
-0.139731
0.000121
-0.004531
0.036531
0.096143
0.051875
0.005781
0.116622
-0.171262
-0.179546
0.053190
0.007266
-0.037432
0.137879
0.039297
-0.294611
-0.084153
-0.043733
0.021889
-0.064807
0.265693
0.011091
0.066715
0.036244
0.090373
-0.120497
-0.016458
-0.052153
0.104104
-0.030923
-0.244595
0.128067
0.040431
-0.125882
-0.172726
0.083755
0.069342
-0.121444
-0.126659
0.061162
0.153041
0.120581
-0.035676
-0.323235
0.121809
-0.072204
0.081200
0.139061
0.015676
0.029357
0.059642
0.074221
0.021771
0.050274
0.010313
0.061394
0.032263
-0.005812
-0.019268
-0.020682
-0.020692
-0.176062
0.212169
0.018038
-0.038384
-0.041786
-0.067011
0.023088
0.029915
0.100605
-0.123409
0.012030
0.046029
-0.000075
0.170815
-0.236284
0.030971
-0.019735
-0.028797
-0.056984
0.058587
0.183304
-0.119566
0.065365
0.056520
-0.137310
-0.009486
-0.148413
0.039484
0.042915
-0.036545
0.125445
0.195342
0.088066
-0.082401
0.101880
-0.041985
-0.161342
-0.036455
0.037256
0.076633
0.044755
-0.206611
0.111160
0.008826
0.137504
-0.056203
0.192162
-0.092145
-0.047256
-0.098962
0.029504
0.047886
0.156358
0.161267
-0.043238
-0.044680
-0.021807
-0.060871
-0.187682
-0.040192
-0.087186
-0.085729
-0.038684
-0.030293
0.060460
-0.115459
0.037929
0.085562
-0.193890
-0.089517
-0.088320
-0.052310
0.023165
0.151174
0.105254
0.142896
0.079135
0.088189
-0.021636
0.105753
0.054704
-0.096655
0.052099
0.094267
-0.068360
0.019544
0.079988
-0.211319
-0.020971
-0.030618
-0.027690
-0.010682
-0.073220
0.227106
0.041100
-0.082223
0.053766
-0.030928
-0.252725
0.039998
-0.090505
-0.057346
-0.117031
0.011258
0.004232
-0.195798
0.019987
-0.135944
-0.078785
-0.062735
-0.117585
0.028145
0.010848
0.113848
-0.251398
0.147188
-0.148299
0.179875
-0.058067
-0.096855
0.163144
-0.045189
-0.043335
-0.141865
-0.093346
-0.076276
-0.004732
0.089070
0.068179
0.145076
-0.135286
-0.054414
0.010372
-0.138470
0.142430
-0.029355
0.013817
0.042725
0.057984
-0.035657
-0.023376
-0.172811
-0.204352
0.040335
0.038505
0.030545
-0.031785
0.053766
-0.041505
0.089976
0.187093
-0.000838
-0.113352
0.021384
-0.059620
0.124200
0.032536
0.147391
0.027387
0.045840
0.030480
-0.011485
-0.000456
-0.211947
0.068583
-0.114786
0.066959
-0.099101
0.108654
-0.092840
-0.010649
0.102260
0.116300
-0.059119
0.070706
0.061143
-0.059936
0.049286
-0.076950
-0.303571
-0.028383
0.112556
0.071008
0.011355
0.069871
-0.016473
-0.100712
-0.017879
-0.070309
0.108927
0.050646
0.178542
0.221584
-0.023197
-0.015771
0.030678
-0.021692
0.078854
0.005835
-0.078186
-0.035106
-0.016518
0.101834
0.016869
0.119112
0.006402
0.078203
-0.039246
-0.122645
-0.132105
-0.038377
0.031194
-0.155325
0.109588
-0.128539
0.130460
0.170445
-0.038159
0.040102
0.030069
-0.048628
-0.175888
-0.124293
-0.044453
0.117884
0.187372
-0.135158
0.117386
-0.063458
0.142930
-0.055645
-0.041741
0.072919
0.004165
0.029288
0.152962
0.020033
0.078470
0.006403
0.125293
-0.151437
0.064348
-0.068312
0.006187
-0.076706
-0.088833
0.060188
0.006166
-0.152131
-0.057702
-0.138055
0.156399
-0.282414
-0.055074
0.179040
-0.029466
0.033972
0.054862
0.060981
-0.125545
-0.177864
-0.214210
-0.113368
-0.001327
-0.079337
0.012788
0.068155
-0.038638
0.087024
-0.135996
-0.039886
0.039736
-0.014864
0.056963
0.131253
-0.019952
0.064196
0.170030
0.097041
0.014463
0.053347
0.050206
-0.148354
0.073734
-0.269530
0.005386
-0.140570
0.070038
0.056966
0.126238
0.153751
0.136541
-0.097950
-0.044518
-0.016403
0.162960
-0.053294
0.158220
-0.055808
-0.071487
0.124971
0.071511
0.088396
0.013986
-0.058282
0.138163
-0.222373
-0.007408
-0.063413
-0.054111
-0.075562
-0.067507
0.057031
0.035788
-0.234945
-0.080953
0.140939
0.071506
0.104580
0.048379
0.001648
-0.080649
0.099018
0.086629
-0.102244
0.157181
0.025794
0.079078
-0.026649
-0.039797
0.128267
-0.078275
0.143632
0.044297
0.165915
0.003336
0.037878
-0.001236
0.062296
0.036205
-0.039260
-0.151186
0.028333
0.005024
0.102666
0.095262
0.039798
0.118792
-0.164869
-0.358641
-0.106540
-0.084406
-0.072798
0.026722
-0.018536
-0.007762
-0.070142
-0.010626
0.030552
0.186996
-0.127895
0.013103
-0.042654
0.046897
0.252255
-0.007624
-0.113281
0.026037
0.040551
-0.047849
0.135502
0.089125
-0.012143
0.184039
0.114253
-0.060787
-0.094273
-0.127621
-0.097750
-0.043008
-0.052540
-0.042221
0.029352
-0.076327
0.117687
0.112314
0.024586
0.007299
-0.071035
0.081282
0.056218
-0.090541
0.077064
-0.038854
0.059765
0.065597
-0.032224
0.135894
-0.140238
0.047585
-0.035915
0.095341
0.149458
0.066645
0.081994
-0.098236
0.006469
0.024048
0.029432
0.046124
0.027928
-0.076879
-0.000304
-0.016712
0.156988
-0.124476
0.121951
-0.063615
-0.125857
-0.194696
-0.004355
0.040148
0.176830
0.079320
-0.106307
-0.031479
-0.150992
-0.044540
-0.012179
-0.115675
0.057787
-0.058342
0.180471
0.066265
0.105237
0.121732
0.047963
0.026510
0.027285
-0.129636
0.024690
0.074721
0.014278
-0.178943
0.127662
0.230005
0.063915
-0.239498
0.067712
-0.103478
-0.000332
0.024663
0.005069
0.046167
0.081476
-0.085833
-0.005100
-0.141269
-0.082634
0.090212
-0.012467
0.039891
0.013288
0.264789
-0.008205
-0.080472
0.070820
-0.024906
0.126801
0.062619
-0.038255
-0.125667
-0.005269
-0.006337
-0.242968
0.023039
0.032609
0.133603
-0.020635
-0.201452
-0.109887
-0.084411
0.077151
0.145545
0.020522
0.062733
-0.065786
-0.002872
-0.253709
-0.057429
0.194253
0.135477
0.019765
0.145488
0.099248
-0.062958
-0.123081
0.106639
-0.262228
-0.156696
0.006384
-0.091783
0.016866
-0.071654
-0.022444
-0.142924
-0.045757
-0.144493
0.109677
-0.128067
0.021750
-0.212312
0.095856
0.021904
-0.024551
0.017922
-0.053504
0.068350
-0.012298
-0.077266
-0.179606
0.158918
0.050423
0.007050
0.154128
-0.000811
0.016022
-0.015420
0.268395
-0.346305
0.028155
-0.038275
0.013390
0.016828
-0.171736
0.013249
0.054790
0.059165
-0.024746
0.028651
0.056226
-0.056717
0.062856
0.075479
-0.108614
-0.035545
-0.039431
0.082422
-0.040545
0.145133
-0.198987
0.154924
0.072097
0.035770
-0.012710
-0.067791
-0.054736
-0.076360
-0.033822
0.077803
0.071753
-0.118511
-0.086831
-0.094352
-0.061233
0.105051
-0.051906
-0.108638
-0.097954
0.100603
0.077707
0.028523
-0.119073
0.024640
-0.093994
-0.016483
0.045474
-0.026416
-0.029479
-0.062261
0.026524
-0.062971
0.126479
0.249336
0.031074
0.025223
0.053186
-0.038061
0.099361
-0.035661
0.101358
0.092931
-0.218327
0.133873
0.113890
-0.041579
-0.004476
0.057061
0.081253
0.123709
0.053433
-0.031361
-0.016246
0.159993
-0.092569
-0.126645
0.068859
0.103565
-0.087253
0.080351
0.041999
0.108333
0.064715
-0.059731
0.046190
-0.043881
-0.031428
-0.164403
0.129712
0.007153
-0.138402
0.005294
0.079785
0.048014
0.025877
0.037308
0.049687
0.059684
-0.213183
-0.052647
-0.049569
0.019846
-0.004135
-0.075439
-0.233719
0.027096
0.041894
-0.123135
-0.125977
0.210908
-0.006807
-0.013102
-0.091365
-0.056188
0.100217
-0.001053
-0.005157
-0.146623
0.003047
-0.039405
0.147080
-0.121384
0.050645
-0.132067
-0.089727
-0.053642
0.014095
-0.091426
0.174803
0.074815
0.132836
-0.019672
-0.182672
0.027105
-0.127430
0.223857
-0.040258
0.079969
0.059357
0.093902
0.067015
-0.010677
0.149593
0.062513
0.062692
0.074540
-0.091392
0.048710
0.033785
-0.111740
-0.140992
0.015392
-0.043397
0.009474
0.249095
0.039098
0.054079
-0.056568
-0.090299
0.046443
0.019178
-0.018102
0.101295
-0.076236
-0.071660
-0.184389
0.166404
0.031605
-0.115395
0.098468
0.014339
0.151764
0.017405
0.093795
-0.031950
-0.077711
-0.123264
0.008759
-0.160879
-0.069096
-0.080662
-0.108160
0.037718
-0.044113
-0.036646
-0.008448
-0.068636
0.004674
-0.067420
-0.026898
0.255192
-0.009132
0.018015
-0.013782
0.081902
-0.036474
-0.002804
0.081832
-0.021816
0.139230
-0.040347
0.212836
0.031276
0.012931
0.167621
-0.030367
-0.217394
-0.010015
-0.150094
-0.092290
-0.027789
-0.065811
-0.156802
-0.198764
-0.065010
-0.028512
0.056360
-0.053201
0.288712
0.007153
-0.242341
-0.135873
0.121925
0.009755
-0.139419
0.063258
-0.020838
0.032268
-0.139555
0.062214
-0.040537
0.183822
-0.192688
-0.087623
-0.049914
0.107591
0.026377
0.177901
-0.110801
-0.061887
-0.052042
0.086773
-0.097706
-0.113229
-0.000999
-0.260032
0.063757
-0.020414
0.097666
0.201484
0.055623
-0.150161
-0.167391
-0.016622
0.225807
0.180182
-0.057876
0.193215
0.033362
0.128097
0.102676
-0.068244
-0.183367
0.052247
-0.239378
0.245976
-0.077772
0.107866
-0.046434
-0.006788
-0.058656
0.218289
-0.061594
0.256465
-0.206610
0.087289
0.065372
0.095914
0.062902
0.013341
0.197993
0.009480
0.193385
-0.158332
0.117369
0.054113
-0.165211
-0.093555
0.044697
0.095902
-0.073638
0.036246
0.060756
0.107791
-0.078564
-0.206785
0.103706
-0.049260
-0.042031
-0.054487
0.108170
-0.042188
-0.000685
0.127811
0.063234
0.115503
-0.120859
-0.079084
0.123476
0.038981
0.039636
0.133566
-0.285529
-0.073647
0.027856
0.018819
0.036447
0.064062
0.046604
-0.094387
-0.060641
-0.051331
-0.013649
0.101965
-0.008897
-0.057493
0.039418
0.144783
-0.062259
-0.285514
0.155711
-0.167994
0.038712
0.072993
0.053012
0.006309
0.221995
-0.015938
-0.025564
-0.056515
-0.014977
-0.003157
-0.241186
-0.207084
-0.037869
-0.180219
-0.191527
0.097665
-0.127069
0.035670
0.023987
-0.058590
-0.085307
0.137950
-0.024682
0.013724
0.127697
-0.087832
0.135747
0.162162
0.154786
0.079064
-0.240613
0.092228
0.244042
0.193192
-0.041406
-0.001445
0.015184
-0.018837
0.076014
-0.108325
-0.049365
-0.300811
-0.053864
0.012941
-0.084265
0.039270
-0.053480
-0.096280
0.209567
-0.086221
-0.238495
0.080572
0.152500
-0.002431
-0.076991
-0.072213
0.143917
0.037375
0.003194
-0.198392
-0.018670
0.076209
-0.023928
-0.069905
-0.085757
-0.140134
0.008889
-0.038390
-0.109248
-0.108175
-0.127487
-0.090271
-0.025901
-0.161903
0.057313
0.002508
0.071807
-0.020495
-0.016096
0.107168
0.046041
-0.205224
0.058274
-0.043138
0.055072
0.120573
-0.084237
-0.011649
-0.082685
-0.108984
0.026886
0.022735
-0.031755
0.001693
-0.071849
0.134595
-0.113427
-0.095743
-0.029312
0.071206
-0.170553
0.140688
0.140159
0.096157
-0.064736
-0.017534
0.092554
0.019604
-0.043832
-0.080909
0.125788
0.037944
-0.073984
-0.009352
-0.335135
0.070703
0.208716
-0.229915
0.093772
0.261949
-0.064548
0.059244
0.146314
-0.304698
-0.046512
0.026470
0.144118
-0.057668
-0.150484
-0.123189
0.105906
0.007829
0.176965
0.047257
-0.052977
-0.118682
-0.051310
0.023072
-0.159505
0.039324
-0.031226
0.025537
0.145770
0.179058
-0.023211
-0.091255
0.285106
0.065757
-0.008060
0.007282
0.047838
-0.019701
-0.024562
0.071593
0.004458
0.067616
-0.034604
-0.028995
-0.021851
0.050497
-0.026300
0.026032
0.030533
-0.035563
-0.064540
0.024154
0.141670
0.103290
-0.069381
0.070623
0.096839
-0.090499
-0.002323
-0.081678
-0.024060
-0.161722
-0.011846
0.044906
-0.091314
-0.023652
0.229095
0.070503
0.156083
0.136064
-0.125134
0.054841
0.156988
0.060664
-0.036011
0.052240
0.104492
0.128912
-0.017305
0.053794
-0.216088
-0.027795
0.107104
0.028902
-0.030126
-0.178429
-0.011926
-0.109233
-0.035575
0.048118
-0.138186
-0.024314
0.101963
0.145288
0.000358
0.180837
0.146871
0.137789
-0.016050
0.042046
0.097893
0.121685
-0.167944
-0.017391
-0.010261
-0.064392
0.091552
0.013749
0.022878
-0.043868
0.185096
-0.009662
-0.017991
-0.274872
-0.090258
0.166637
0.028378
0.095501
0.009313
-0.121752
-0.088224
-0.157974
0.038913
-0.033631
0.251102
0.034583
0.000878
0.080043
0.045006
-0.017701
0.160485
0.073435
0.013195
0.032676
0.103003
-0.213955
-0.013609
-0.043662
-0.047823
0.045951
0.140852
0.070059
0.112965
0.072935
0.082608
-0.056798
0.059006
-0.207577
0.062153
0.086048
-0.029045
-0.046606
-0.159156
-0.052268
-0.049149
0.035260
0.095587
-0.173166
-0.057910
0.025048
-0.056851
-0.066233
0.003398
-0.023933
0.029423
-0.107973
-0.016582
-0.104828
-0.171754
-0.021531
0.004569
-0.075749
0.057938
0.143177
-0.097048
-0.013674
0.100841
0.032247
-0.000762
0.042613
0.141833
-0.002921
-0.027559
-0.067262
0.017538
-0.120937
0.053321
-0.057877
-0.158523
-0.083174
-0.066084
-0.196014
-0.004949
-0.211178
-0.203201
0.019162
0.229027
0.007199
-0.152080
-0.073151
0.162814
-0.016752
0.018646
0.126265
-0.000219
-0.117800
-0.056221
-0.013739
-0.061183
0.020166
-0.066005
-0.056233
0.077981
-0.045787
0.156308
-0.020910
-0.002617
0.175967
0.042934
-0.053876
0.145780
0.092207
0.080623
-0.042563
0.112950
-0.177954
0.114715
0.075751
-0.035652
-0.005502
0.070467
0.035442
-0.108219
0.161826
0.018734
0.099868
0.101287
-0.054723
0.276269
0.046521
-0.047997
0.109349
0.005806
-0.050801
-0.032721
-0.124287
-0.300622
0.157858
-0.092459
-0.212839
-0.126282
-0.009813
0.122929
-0.040613
-0.014502
0.005380
0.072248
-0.114550
0.078572
-0.068506
-0.123540
-0.179549
0.026266
0.115732
-0.024171
0.007734
0.019367
0.000610
0.000673
-0.007691
-0.073658
0.015840
0.084390
0.182137
-0.086436
0.019020
-0.089500
-0.016642
-0.084469
0.207196
0.145069
-0.017855
0.131844
0.065381
0.105224
0.012056
0.040711
-0.089695
-0.079519
-0.177750
0.137357
0.013233
0.095898
0.026995
0.238142
-0.099099
0.139091
-0.256321
-0.031799
0.144254
0.080603
0.056476
0.035507
0.042370
-0.008834
0.080683
-0.113558
-0.039954
-0.093248
-0.010548
0.109763
-0.023872
0.137252
0.246128
-0.069110
-0.131816
0.014700
-0.005364
-0.029173
0.087934
-0.002384
0.032026
-0.089838
0.000048
0.067694
-0.106461
-0.193571
-0.103121
-0.094414
0.178698
-0.063987
0.116005
0.069363
-0.013184
-0.187448
-0.041227
-0.004082
0.080761
0.105019
0.021570
0.050143
-0.042451
0.020106
0.006737
-0.123458
0.160224
0.070340
0.010490
0.059194
-0.130251
0.050930
-0.054304
-0.129121
0.095297
-0.023425
0.038846
-0.007932
-0.182014
-0.196868
0.143263
0.134168
-0.062321
0.007289
-0.015707
-0.032890
-0.123812
0.216271
-0.110251
-0.102477
0.073738
-0.073487
0.078254
0.042290
0.134712
0.118416
-0.138692
0.036246
0.063024
-0.006637
-0.019571
0.025469
-0.033230
0.027401
-0.026042
-0.088889
0.065947
0.006897
0.014300
0.133174
-0.048019
0.008902
-0.060645
0.155687
-0.000995
0.035951
-0.038988
-0.057629
0.003963
0.165936
0.109436
-0.140665
0.067479
-0.124845
-0.090245
-0.002063
-0.067565
0.155052
-0.076778
0.100630
0.148679
-0.032808
-0.057521
0.081948
0.010167
-0.027567
-0.018029
-0.007268
-0.117934
0.008330
0.188587
-0.000129
0.048890
-0.020776
-0.070996
0.149114
0.144868
-0.010252
0.057039
0.025429
-0.060166
-0.024517
0.029044
-0.026653
0.005800
0.156330
0.113131
-0.059159
0.003320
0.190851
-0.059519
-0.072426
-0.044681
-0.132367
0.042105
0.101209
0.022884
0.178270
-0.029907
-0.071811
-0.167843
-0.114619
0.005941
-0.162106
-0.024108
-0.049695
0.025146
-0.238178
0.180113
0.049551
-0.042518
-0.010812
-0.040391
0.141701
0.081183
-0.027234
0.069693
-0.048773
-0.174507
-0.218661
0.060266
-0.019425
0.043986
-0.012181
0.056084
-0.052466
-0.155060
-0.006527
-0.015277
0.022448
-0.139540
0.046603
-0.036905
0.184737
0.110742
-0.084810
0.011781
0.066608
0.068451
-0.141448
-0.003980
0.209914
-0.140156
0.133827
0.050187
-0.024416
-0.095933
-0.186209
0.031294
-0.009817
0.035906
-0.132897
-0.097895
0.004149
0.138623
0.054081
0.031481
0.020494
-0.018366
-0.128489
0.086588
0.156231
0.086700
0.071315
-0.039494
0.105517
0.023044
0.142190
0.122134
-0.137561
0.164158
0.332811
-0.021435
0.089745
0.087806
-0.180401
-0.007262
0.094276
0.206471
0.080083
0.316600
0.032509
0.197024
-0.162968
0.030824
0.375883
-0.175279
0.051589
0.131612
0.033961
0.046218
0.082147
-0.072272
-0.027597
0.045900
0.073838
0.033443
-0.070478
-0.070877
0.088791
0.018111
-0.075552
-0.100519
0.156133
-0.059372
-0.104051
0.024503
-0.127453
-0.229549
0.092900
-0.044391
-0.054601
0.010342
-0.127937
0.173685
-0.037282
0.123030
-0.283366
-0.132378
-0.077466
0.031164
-0.093079
0.057871
0.044436
0.080607
0.084513
0.043893
-0.053901
0.236556
-0.131930
0.008241
-0.022931
-0.007628
0.005952
-0.096636
0.052108
0.042586
-0.027583
-0.016998
0.017707
-0.031327
0.038122
0.198990
0.134116
0.166676
0.080444
-0.198042
0.162476
-0.056191
0.025857
0.056473
-0.127530
-0.137423
0.046669
0.059612
-0.156567
0.092019
0.044188
-0.142091
-0.054027
-0.019877
-0.068619
0.030353
-0.103158
-0.071422
-0.005111
-0.014897
0.063181
0.222829
-0.035438
-0.090347
0.028152
-0.170173
0.024649
-0.012678
-0.014034
-0.092195
-0.031863
0.073587
0.061234
0.123473
0.057730
-0.069423
-0.078102
-0.107529
0.115877
0.022774
0.044799
-0.067735
0.051510
0.113293
0.050828
0.118295
-0.059428
0.028456
0.041251
-0.030944
-0.007177
-0.100755
0.053141
0.081778
-0.136667
-0.070753
-0.013360
0.114529
-0.003393
-0.059471
-0.014004
0.088654
0.006808
0.052147
-0.067392
0.112936
-0.098220
-0.071908
0.123921
0.027134
-0.104919
0.030848
0.052352
-0.035991
-0.061468
-0.096161
-0.018132
0.050653
-0.017155
0.133161
0.037665
-0.140138
0.009955
-0.096071
0.151369
0.023330
-0.021368
-0.003253
-0.042366
0.137501
0.248203
-0.049260
0.170129
-0.047698
-0.025890
0.154685
0.010074
0.263521
0.028590
-0.027180
0.118673
0.163753
-0.068220
0.096232
-0.078142
-0.179318
-0.014483
-0.124432
-0.044422
0.146108
0.116059
-0.165041
-0.032497
0.100236
-0.006844
-0.103361
0.034553
-0.035065
-0.115924
-0.066741
-0.079316
-0.009561
-0.088854
-0.194740
0.096657
0.001817
-0.006220
-0.245641
0.015419
0.068744
-0.111192
0.033472
-0.151222
0.043145
-0.078795
-0.071507
-0.052589
-0.148619
0.258461
-0.050190
-0.099274
-0.153245
0.268592
0.069699
-0.024646
0.094433
-0.053032
0.303767
-0.132198
-0.256301
-0.160435
0.136843
0.030454
-0.121331
0.094123
-0.017517
0.011381
0.058192
-0.108195
0.080126
0.027905
-0.097889
-0.070228
0.081577
0.139936
0.004633
0.195551
-0.175684
-0.005144
-0.057488
-0.166002
-0.123427
-0.053696
0.002629
-0.041619
-0.176520
0.032464
0.188230
-0.116580
0.174229
-0.127708
-0.110073
0.037986
-0.096060
0.039845
-0.056372
0.020363
-0.079581
-0.134506
0.016755
0.065594
0.047255
0.014393
-0.144580
-0.035080
-0.049452
0.067522
-0.087912
0.126102
-0.076221
-0.106549
0.062456
-0.053976
-0.075654
0.045587
-0.067048
-0.026848
-0.160079
-0.042167
0.051529
0.137612
0.087275
-0.106953
-0.104047
0.085746
-0.145483
0.215464
0.068411
-0.018832
-0.084847
0.005883
-0.006744
-0.060863
0.208593
0.018719
-0.030266
-0.125094
0.196990
0.018660
0.149737
0.005650
-0.060771
0.028140
-0.128596
0.109393
0.145290
0.009642
0.064272
0.084150
0.042891
0.128082
0.037438
-0.017222
-0.068884
0.048024
-0.075607
0.065373
-0.139459
-0.084671
-0.142848
0.123658
0.246891
0.146816
0.098491
0.071215
-0.063686
0.114914
-0.128385
-0.017993
-0.003948
-0.057717
0.267956
0.003328
0.042429
-0.038016
0.271830
0.012710
-0.186597
-0.033652
0.018470
-0.054496
0.036435
0.149013
0.134083
0.030897
-0.110420
0.060443
-0.020997
-0.183164
-0.047726
0.083903
0.018800
-0.005686
0.231344
0.085155
-0.254949
0.079883
-0.036394
0.021624
-0.067525
0.024086
0.013271
-0.137901
-0.018920
-0.083780
-0.013357
0.083292
-0.100323
-0.227345
0.012032
0.122113
0.116345
-0.037659
-0.054479
0.145554
-0.086123
0.015350
-0.003129
0.001784
-0.052064
-0.051245
-0.087081
0.030632
-0.003067
-0.016318
0.011601
0.080564
-0.087591
0.026043
0.041051
-0.020108
-0.049732
0.056400
0.141631
0.082484
0.028028
-0.094107
0.118683
-0.115298
-0.077414
0.001286
0.026043
-0.007764
0.053634
0.058746
-0.153946
-0.011301
0.049520
-0.038543
-0.029618
0.017057
0.035146
-0.086807
-0.025334
0.109800
-0.078073
0.176313
0.031150
0.100735
0.192507
-0.118725
-0.025348
-0.066343
-0.101075
0.212156
0.002911
-0.004717
0.005466
-0.043801
-0.003641
-0.038398
0.064988
-0.002643
-0.147937
-0.019765
-0.038896
-0.106681
-0.068901
-0.148761
-0.005122
-0.028831
-0.032544
-0.009061
0.009437
-0.014754
-0.092445
0.052735
-0.020475
-0.091123
-0.203656
0.076259
0.061943
0.058655
0.004624
-0.085469
-0.053571
-0.036575
0.098709
0.108126
-0.042195
-0.010913
0.124832
0.075648
0.220783
0.053609
-0.025310
0.030919
-0.082162
-0.126656
0.025787
0.062767
0.081011
-0.018286
-0.141030
-0.121764
0.048987
0.076172
-0.106158
0.039398
0.073499
0.145780
0.010268
0.197603
0.021201
-0.071332
0.112575
-0.031534
0.014824
-0.054222
0.140470
-0.167052
-0.157145
0.003230
0.116453
-0.141084
-0.117502
-0.048221
0.035194
-0.173599
-0.094686
0.028517
-0.145326
0.047253
-0.113448
-0.068357
0.001872
-0.042287
0.139685
0.045791
0.055408
-0.095370
0.078814
0.025353
0.149345
-0.249054
-0.094639
-0.203748
-0.083454
-0.131078
0.079594
0.115118
0.140223
-0.129501
-0.074063
-0.034549
0.197608
0.027841
0.001314
0.134777
-0.060912
-0.124221
0.039287
-0.004275
0.142127
-0.088152
-0.027989
-0.090057
0.032364
0.109119
-0.069187
0.013940
0.153087
0.060527
0.010367
0.189704
-0.042044
-0.011097
0.061804
0.045564
0.100168
-0.126174
-0.175601
-0.123137
-0.043256
0.078159
-0.114528
0.013314
0.000751
-0.066526
-0.120760
-0.041601
0.014777
-0.082910
-0.110194
-0.101015
-0.059171
-0.162607
-0.057135
-0.048261
-0.048308
0.022004
0.121608
0.101311
-0.117333
0.104843
-0.127270
-0.004733
0.112800
0.040045
0.032491
0.054906
-0.128191
0.315447
-0.188965
-0.178198
0.103648
0.045481
0.187354
0.031067
0.071159
-0.060803
-0.087299
-0.155926
0.099045
0.112398
-0.086465
-0.090624
0.025752
-0.213939
0.044484
0.002191
-0.100752
-0.095173
0.133742
0.081877
-0.126691
-0.083683
-0.050477
0.063035
-0.029434
-0.028046
0.067402
-0.055672
0.041474
0.122043
-0.083724
0.055651
-0.026382
-0.039437
-0.050966
-0.044285
0.018221
0.070125
-0.036159
-0.109544
0.060261
-0.016759
-0.025332
-0.009012
0.109200
-0.055477
0.081196
0.061504
-0.019739
0.041609
0.085512
-0.105847
0.005153
-0.015420
0.037695
-0.100525
0.143014
0.004363
-0.163043
0.033791
-0.061125
-0.004241
0.041937
0.061510
0.082840
0.035258
0.065567
-0.260178
-0.045705
0.022438
0.040920
-0.114291
0.140896
0.034052
0.004281
-0.132863
-0.095450
0.040570
-0.121873
-0.102919
0.133726
0.111210
-0.084110
-0.064082
0.111468
0.025275
0.096525
-0.175050
-0.114408
0.049969
0.036410
0.110106
0.054363
0.027600
-0.014320
-0.034529
0.111342
-0.080967
-0.214634
0.016680
-0.087908
0.031096
0.024430
0.235372
0.012222
0.064745
-0.090163
-0.009419
-0.119350
0.077199
0.029096
0.093212
0.085614
0.079360
-0.168999
-0.135947
0.044430
-0.070254
0.110120
0.046363
-0.143217
0.145563
-0.026591
-0.053627
0.071217
-0.080198
0.160577
-0.151591
-0.009889
0.130665
-0.061481
-0.064383
-0.074544
0.061370
-0.007222
-0.038832
0.041890
-0.192789
-0.076837
0.101462
0.024138
0.106297
0.074963
0.024431
-0.065632
-0.164747
0.040596
0.065042
0.162122
0.112983
-0.154510
-0.011130
-0.043799
0.015216
0.071812
0.076708
0.239164
-0.186984
0.045736
0.081926
0.022860
-0.055824
-0.210119
-0.007574
-0.008504
0.081821
0.022258
-0.009331
-0.001197
-0.025067
-0.102890
-0.166391
-0.131866
0.074187
-0.012587
-0.041612
0.036025
0.155722
-0.134145
0.035327
0.271923
-0.014287
-0.114796
0.225603
0.220828
-0.100196
0.236245
0.036138
-0.072991
-0.075746
0.011849
0.057090
0.202897
0.165474
0.105039
0.156724
-0.056996
0.101180
-0.085373
0.191275
0.091506
-0.079360
-0.058801
-0.082763
0.013271
0.139175
0.025986
0.056535
0.047983
-0.099587
-0.052825
0.004009
-0.035311
0.065647
0.046648
0.183228
0.123297
0.034022
0.030873
-0.028923
0.034083
-0.021495
0.020312
-0.046872
-0.096209
0.046219
-0.209483
0.065906
-0.031947
0.008300
-0.221033
-0.056522
0.082145
0.019591
0.096157
-0.054649
0.109981
0.026517
-0.030638
-0.109632
-0.014709
-0.172525
0.020107
0.036184
0.049571
0.054158
0.035838
0.064894
-0.022925
0.080254
-0.150273
0.005490
-0.087285
0.062871
-0.038985
-0.061762
-0.038680
-0.158889
-0.018871
-0.097007
-0.005472
0.021157
-0.087047
0.026737
-0.052234
-0.065190
-0.023527
-0.055092
-0.054515
-0.025793
0.033048
-0.100369
-0.120002
-0.052167
-0.110290
-0.157984
0.077897
-0.096785
-0.187624
0.125442
0.082908
0.210596
0.024834
-0.061353
-0.061824
0.098243
0.069150
0.069881
-0.118995
-0.074645
-0.047687
0.022646
0.024107
-0.109980
-0.019551
-0.000831
-0.067080
-0.043078
-0.112720
-0.068631
0.013665
-0.082577
0.099535
0.183926
0.177369
0.140788
-0.085656
-0.159721
0.147794
0.066639
0.273457
0.026206
0.140979
-0.084259
-0.114920
0.118665
0.013596
0.148441
0.179268
-0.051205
-0.040539
-0.087664
-0.166596
-0.026293
-0.110427
-0.066041
-0.068490
0.002439
0.037463
0.018240
-0.045412
-0.380759
0.006349
-0.064128
-0.085117
0.046060
-0.025780
0.095962
0.115582
-0.047828
-0.013958
0.062552
0.048177
0.030805
0.012864
0.135731
-0.009602
0.052699
0.145864
-0.043558
-0.048474
-0.070332
0.103654
-0.084680
-0.041310
-0.000397
-0.109857
0.118099
0.025257
-0.103397
-0.062499
0.220584
-0.025290
-0.118560
-0.026636
0.099561
0.012127
-0.096257
-0.066805
-0.140950
-0.051015
-0.056960
0.017129
-0.000319
-0.094436
0.077670
-0.123293
0.030393
-0.006560
-0.172812
-0.200197
-0.017872
0.050994
0.124146
0.010178
0.070572
-0.040794
0.033593
0.055567
0.134975
0.062893
-0.262111
0.197326
0.021481
-0.070955
0.105341
-0.010422
-0.080747
0.001277
-0.124586
-0.166393
-0.019909
-0.112847
-0.048394
0.017561
0.020794
0.092715
0.135626
-0.084675
0.038997
0.099613
0.055472
0.004600
-0.089528
0.049649
0.145564
0.032772
0.117134
-0.096433
-0.046634
-0.046261
-0.100607
0.086927
-0.147192
0.179461
-0.015792
-0.131954
-0.059765
0.029981
0.002757
0.110973
-0.178707
0.019964
0.001499
0.066339
0.099969
-0.046251
-0.065686
-0.009595
-0.093121
0.194677
0.126145
0.104727
0.066348
0.162595
0.023356
-0.133422
0.081512
0.001315
-0.050469
0.016250
-0.278258
-0.015512
0.055128
0.051332
-0.132116
0.047088
-0.086254
-0.076965
0.017001
-0.117624
0.010635
0.042242
0.024514
0.107099
-0.097485
0.163002
-0.052095
0.176530
-0.028695
0.032230
-0.007747
0.023122
-0.079322
-0.003820
0.068485
0.018934
-0.121467
0.033586
0.030778
0.075926
-0.238104
-0.045253
0.114247
-0.039309
-0.041431
-0.030097
-0.046665
0.179989
-0.121329
0.043525
0.043484
0.098817
0.029600
-0.082203
0.267661
-0.046832
0.084423
-0.049281
0.083502
-0.031730
0.050759
0.125914
0.193468
0.037609
0.113214
-0.019266
0.182235
0.035336
0.160567
-0.104928
0.014672
0.042301
0.206212
0.035089
-0.039368
0.141970
-0.098073
0.022793
-0.241758
-0.206086
-0.079722
-0.073496
-0.108178
-0.076501
0.219411
-0.112834
-0.070426
0.211994
0.164259
0.066117
0.040248
0.061923
-0.113440
0.080520
0.071472
0.067109
-0.151442
-0.110736
0.086688
-0.022081
-0.099397
0.124655
-0.037144
0.029536
0.063637
-0.202981
-0.037425
0.005723
0.002846
-0.009306
-0.231755
0.011429
0.090752
0.023768
0.164937
-0.002855
0.028492
0.010093
-0.280798
0.018012
-0.040966
-0.047386
-0.008676
0.072278
-0.122967
0.017574
-0.010019
-0.073491
-0.154209
0.101743
-0.084438
-0.003199
-0.029124
-0.015602
-0.028301
0.053919
-0.107960
-0.022395
-0.044211
0.113086
0.034242
0.032122
0.210657
0.101510
-0.011631
-0.176855
-0.034011
0.000639
0.240089
0.152941
-0.070343
0.094191
-0.051148
-0.127380
0.006515
-0.114579
0.325546
0.049014
0.165604
-0.062088
-0.024549
0.045094
0.172878
-0.012123
0.230194
0.230646
-0.021491
-0.004887
0.106625
-0.059206
-0.082656
-0.046234
0.057224
0.028424
-0.000132
-0.040002
0.090380
0.064380
-0.031978
0.057206
0.126605
0.055619
0.100292
-0.129570
-0.087372
-0.035279
-0.011588
-0.047286
0.026659
0.031692
-0.195624
0.007078
0.115469
-0.287467
-0.259997
-0.063933
0.026087
0.086670
0.124339
0.077258
-0.077386
-0.151425
-0.131837
0.157259
-0.033402
-0.119550
0.056831
-0.023603
-0.005761
0.063012
-0.082756
-0.146648
0.051692
0.002022
-0.260019
-0.104296
0.007692
-0.068187
-0.052565
0.186093
-0.018487
-0.137520
0.084145
-0.027505
0.041754
-0.210302
-0.111663
-0.068159
0.062952
-0.156029
-0.027486
-0.133480
0.087969
0.015960
-0.100685
-0.020466
-0.215854
-0.041257
0.078241
0.022085
0.114827
-0.110266
-0.097218
-0.031898
0.123299
0.006333
-0.039482
-0.134015
0.062988
0.217658
0.203137
0.038575
0.030182
0.040187
-0.294299
-0.090250
0.073257
-0.045846
0.062819
-0.064122
-0.082497
-0.267709
-0.041441
-0.024986
0.044551
-0.034492
-0.102786
-0.124486
0.026249
-0.038136
0.059103
-0.016450
-0.042984
0.140919
0.222742
-0.070495
-0.183427
-0.063492
-0.259709
-0.148873
0.095570
0.090302
-0.062855
0.107484
-0.043160
-0.078036
0.087592
0.042180
-0.019113
-0.030792
0.008399
-0.184405
0.032462
0.107915
0.120871
0.038463
-0.082575
0.172693
-0.146349
0.171369
0.059353
-0.073510
-0.063867
-0.110633
0.194023
0.156266
-0.011964
-0.120720
-0.117269
0.022878
-0.032175
0.068489
0.120127
-0.086503
0.021463
-0.129637
0.062749
0.128047
-0.095667
0.130597
0.005036
0.099082
0.055251
0.052834
0.111276
-0.257741
0.044312
-0.003915
-0.025131
0.031731
-0.033062
-0.040376
0.002725
0.030545
0.026889
0.091530
0.058229
0.021715
-0.023936
-0.056028
0.091044
0.057859
0.123631
-0.182700
-0.231819
-0.038811
0.088623
0.047621
0.102133
0.000356
0.224630
-0.039180
0.105203
0.110895
0.159957
-0.197799
0.031454
0.004681
-0.018338
-0.020578
-0.019987
-0.074108
-0.087494
0.129676
0.040021
0.010221
0.031721
0.016341
0.212672
-0.046786
0.103112
0.000926
-0.041068
-0.145861
-0.110003
-0.053483
0.074397
-0.143748
0.096074
0.052546
0.133944
-0.102096
0.005796
0.108864
0.236770
-0.008239
-0.093125
-0.077333
0.032600
0.090931
-0.027730
-0.014878
0.134576
0.176206
-0.012828
-0.091313
0.064702
0.048182
0.020812
0.076362
-0.021287
-0.022117
0.040837
-0.111002
-0.095618
0.212240
-0.030622
0.055147
0.226282
-0.065192
-0.099967
0.160477
-0.070015
0.003007
-0.022334
0.032513
-0.123292
0.073562
0.128187
0.004193
0.074403
-0.109991
-0.043166
-0.004022
0.050222
-0.022040
-0.079492
-0.032057
-0.111477
-0.152376
0.088316
0.128332
-0.042126
-0.064074
0.085767
-0.111350
0.014515
-0.011153
-0.013027
0.114143
0.043870
0.030873
-0.103794
-0.002908
-0.203566
-0.106167
-0.007893
0.028810
0.069722
0.033456
0.124208
-0.087690
-0.025720
0.153321
0.089366
-0.007376
0.041573
-0.074761
-0.025645
-0.068286
0.043877
-0.024638
-0.024047
-0.149130
-0.001899
-0.125913
0.269036
-0.142005
-0.052798
-0.101055
-0.038483
0.087481
0.041405
0.051162
0.038245
0.055184
-0.019258
0.120380
0.085711
0.095810
0.066600
0.058762
-0.077520
0.107989
0.051266
0.150910
0.080583
-0.077551
0.166581
0.029147
0.115634
-0.037784
-0.027612
-0.157149
0.014899
0.001489
0.293203
0.133725
0.067211
-0.008561
0.018428
0.054885
0.012585
0.034206
0.187234
-0.041496
0.065265
-0.079779
-0.203710
0.024742
0.006960
-0.113011
0.162850
-0.074515
-0.060639
-0.032018
0.001607
-0.172301
-0.138636
-0.157094
-0.044723
0.082166
-0.041508
0.006892
-0.055118
-0.224651
-0.096838
-0.040571
0.003986
-0.115095
0.060178
-0.059026
0.096235
0.129340
-0.152696
0.014947
-0.011120
0.047663
0.003213
0.073337
0.124705
-0.037281
0.096966
0.001708
-0.174411
-0.230712
0.067203
0.064838
0.097748
-0.103838
0.115340
0.108460
0.201027
-0.158232
-0.142873
-0.019750
0.149752
-0.065250
0.104058
-0.027667
0.266222
0.007748
-0.017655
0.059521
0.102200
-0.011363
-0.086650
-0.051679
-0.084606
-0.041962
-0.018070
0.136129
-0.106067
-0.158629
-0.210847
0.069209
-0.136205
0.143079
0.130494
-0.071297
-0.134323
0.097755
-0.009883
-0.063880
-0.017939
-0.154048
0.102194
0.043860
-0.046653
0.057487
0.018038
0.003438
0.040071
-0.027560
-0.200895
0.144792
0.069170
0.107780
-0.058740
-0.277414
0.024805
0.173309
-0.028161
-0.061144
0.021935
-0.049208
-0.113598
0.118962
-0.000975
-0.023030
-0.100155
0.067305
-0.097976
-0.010198
0.162667
-0.120375
-0.080655
0.050934
0.004275
-0.176855
-0.170174
-0.028352
-0.033148
-0.039166
0.147350
-0.062177
0.271574
-0.192041
0.002066
0.035939
0.104862
0.018298
-0.159582
0.137093
0.020355
-0.154661
-0.075827
0.068246
-0.045264
-0.068225
-0.189708
-0.137565
0.087631
0.334656
-0.120643
0.154587
0.163101
0.046966
-0.122489
0.072408
-0.000302
-0.016829
-0.161600
0.097992
-0.143387
0.036749
0.097585
-0.065307
-0.001895
-0.016285
-0.035957
-0.056190
-0.091748
-0.039302
-0.104530
-0.175214
-0.006136
-0.007102
-0.036691
0.007479
-0.195033
-0.141365
0.062813
0.012080
-0.007777
0.074606
-0.066377
0.067676
-0.102843
0.161523
0.033188
-0.001390
0.126613
0.012788
-0.027278
0.035005
-0.036370
-0.157173
0.019020
0.108396
-0.017203
0.099930
-0.000416
-0.002182
0.072103
-0.205324
0.071449
0.071379
0.104135
0.034102
0.002666
-0.045853
0.034859
0.029960
-0.096994
-0.001917
0.042822
0.015985
-0.114274
-0.152946
0.129367
0.017505
0.027919
-0.066770
0.023555
0.076996
0.115022
0.076132
0.026691
-0.014222
-0.054127
0.164983
-0.033676
0.079657
0.143970
0.014881
-0.061747
0.070481
-0.025136
-0.019366
0.061175
0.016803
-0.082217
-0.007795
-0.143867
-0.089080
0.038742
0.136035
-0.065288
-0.047591
0.039731
-0.110555
0.055608
0.096179
0.285054
0.050846
0.067436
-0.229121
-0.056498
-0.019031
0.030813
0.007743
-0.036711
0.059079
0.045708
0.089516
0.075667
-0.062851
-0.021020
0.068371
-0.218925
-0.151491
0.161927
0.172048
0.026276
-0.142234
0.120742
0.292505
-0.052665
0.041477
-0.054244
-0.161392
0.147330
-0.200864
-0.155185
0.072848
-0.068384
-0.052029
0.064400
-0.134440
0.114561
-0.041701
0.030115
-0.069563
-0.037076
0.028744
-0.175397
-0.055030
-0.220089
0.038777
-0.061184
0.037512
0.062440
0.097727
-0.100040
0.003492
-0.120559
-0.096741
-0.047548
0.075824
0.015442
-0.153866
0.276230
0.019428
0.155312
0.091954
0.133013
0.063333
0.054363
-0.049590
0.025020
0.042811
-0.077555
0.035998
-0.070027
0.105103
0.068096
-0.043152
0.086786
-0.063906
-0.032644
0.070736
-0.252978
-0.112328
0.017422
0.038876
0.142679
0.140127
0.078304
-0.022611
0.039914
0.088993
0.019943
-0.017413
-0.026916
-0.064117
0.069810
0.007764
0.133803
0.025910
-0.008863
0.040049
-0.149295
-0.016818
-0.106495
-0.005137
0.019705
0.041897
0.072738
0.114974
-0.074440
-0.024859
-0.075937
-0.095540
0.029438
-0.175114
-0.137182
0.065047
0.087514
0.025988
-0.032768
-0.043042
-0.099060
-0.144203
0.089051
0.110561
0.144252
-0.059258
-0.069598
-0.110840
-0.039760
-0.113656
0.015832
-0.013630
-0.063756
0.026054
-0.014648
-0.096024
0.028375
0.111814
-0.018155
0.021979
0.034975
-0.105394
-0.048305
0.203144
-0.147116
0.107590
-0.238782
-0.019810
-0.000282
-0.003498
0.018735
-0.119981
0.050713
0.071231
0.060617
0.010184
-0.065165
0.024933
-0.122920
-0.010301
-0.072908
-0.192087
0.150187
0.112388
-0.046580
-0.136755
-0.082847
0.040489
0.125011
-0.198189
-0.011429
0.029375
0.071509
-0.118128
-0.171629
0.179712
-0.109290
0.028125
0.084245
-0.049624
0.016159
0.104782
0.040170
0.010816
-0.129643
0.077722
-0.065974
-0.129190
0.025937
0.032707
-0.027944
0.099145
0.027279
-0.061664
0.136959
-0.012145
-0.071133
-0.036979
-0.095618
-0.237285
0.075580
-0.101949
-0.004277
0.013445
0.114891
-0.055117
0.067897
0.205729
0.030491
0.141650
0.009105
0.072877
-0.023320
-0.047232
-0.096490
0.104100
-0.117183
-0.008077
0.016352
0.052117
-0.159231
-0.031262
-0.096686
0.181631
0.070271
0.011262
-0.201360
0.010088
-0.032022
-0.042539
-0.068957
0.116737
-0.120693
-0.037562
-0.065344
-0.026459
-0.044780
0.055698
-0.124562
-0.267382
0.019687
-0.057652
0.011186
-0.054704
0.136703
-0.158592
0.101673
0.116783
-0.135147
-0.089361
0.045747
-0.000467
-0.129521
-0.103799
-0.014915
0.053765
-0.123322
-0.165439
0.110936
0.089301
-0.068986
0.005060
-0.123199
-0.056461
0.084746
0.062870
0.065662
-0.062431
-0.081747
-0.115303
-0.005535
-0.059594
0.001893
-0.066730
0.018544
-0.002126
-0.261271
-0.101350
0.028935
-0.059164
0.089236
0.055711
0.179779
0.027602
0.124136
0.131734
0.038379
0.051063
-0.005255
-0.072758
-0.029970
-0.144146
0.001788
-0.037529
-0.021518
0.080668
0.031932
0.031215
-0.093266
-0.106544
0.002640
-0.027702
-0.104092
-0.023762
-0.039970
0.124846
-0.004085
-0.052878
-0.048322
-0.175737
0.039444
0.062169
0.038733
-0.025195
-0.015953
-0.100299
0.148642
-0.168278
-0.026164
-0.049190
0.117425
0.053580
0.072823
-0.003213
0.044731
0.064689
0.060882
0.275595
0.002331
0.185647
-0.121534
0.059743
-0.072570
0.002039
-0.091633
0.122294
-0.094695
-0.183957
0.037875
-0.025464
0.043120
0.035076
-0.063945
0.032826
0.148737
-0.011283
-0.078435
-0.162134
0.100640
0.225127
-0.381962
-0.055751
0.022201
-0.030809
-0.161586
-0.123839
-0.001818
0.082725
-0.060543
0.137884
-0.248477
-0.066593
0.183085
0.069382
-0.168013
-0.024715
0.077663
0.190506
0.141257
0.108349
-0.123377
-0.006567
-0.041564
-0.000626
0.007193
-0.236118
0.071722
-0.012345
0.094712
0.158204
-0.072850
0.064864
-0.082876
-0.064421
0.169752
0.129649
-0.086672
0.178964
-0.105469
0.062827
-0.053158
-0.145934
-0.038367
0.126152
0.123213
0.055184
0.223002
-0.029662
-0.058871
-0.133609
0.173294
0.190108
0.096225
0.064990
-0.164383
0.054838
-0.088682
-0.002257
-0.026057
0.072172
0.109935
-0.051817
-0.083847
-0.031593
0.022637
-0.094767
0.150031
-0.074633
-0.044909
0.028908
-0.057931
-0.119587
-0.125933
-0.157278
-0.155043
-0.151522
0.135860
-0.018536
-0.195501
0.054622
0.080846
-0.017954
0.172597
-0.108458
0.037140
0.115762
-0.020992
0.134761
-0.093527
0.043348
0.043979
0.209787
0.002307
-0.003093
0.146503
-0.116090
-0.057141
-0.108869
0.081675
-0.023890
0.096713
-0.080555
0.029811
-0.092559
0.081495
-0.156369
0.003531
0.070224
0.072984
0.067261
0.030321
0.059286
-0.014043
0.021860
0.197033
-0.056327
0.037948
0.001833
0.016430
0.067931
-0.094101
-0.015100
0.060729
0.094023
0.058832
0.038714
-0.022457
0.281621
0.025930
0.074940
-0.197181
-0.075954
-0.316405
0.175906
0.158191
0.024864
0.063754
0.042825
-0.210697
-0.067919
-0.103025
-0.080240
0.019467
0.159790
-0.096420
-0.138797
0.065146
0.088545
-0.077451
0.134146
-0.036814
-0.012501
-0.060590
0.082605
0.035391
-0.118239
0.020221
0.058050
0.110063
-0.183600
-0.043926
0.052158
-0.081967
0.089833
0.132073
0.196858
-0.061470
0.043171
0.014066
-0.085049
-0.087335
0.103655
0.157285
-0.115590
-0.194407
0.072506
-0.156203
0.070299
-0.195738
0.047093
-0.006514
-0.097286
0.008179
-0.010122
0.081264
0.131737
0.243449
0.089656
-0.083949
0.066485
0.096817
0.176292
-0.007342
-0.196906
0.106582
-0.082337
-0.012657
0.087257
-0.054803
-0.016113
0.102431
-0.102441
-0.160088
0.058173
-0.079334
0.010347
-0.096180
-0.022260
-0.080192
-0.055006
-0.050922
-0.098040
0.393745
-0.034197
0.023230
0.123109
-0.112422
0.027627
0.141496
0.036564
0.011392
-0.030553
-0.037500
0.027990
0.078558
0.018624
-0.110741
0.014655
0.084932
0.129746
-0.110750
-0.055773
-0.068460
-0.033115
-0.127484
0.044999
0.081299
0.006687
0.096145
0.013499
-0.052232
-0.063158
0.082949
-0.016174
-0.008024
0.000360
-0.094476
-0.133223
-0.087927
-0.019153
0.057402
0.137514
-0.035250
-0.092762
-0.069141
0.172537
0.035920
-0.194321
-0.127212
-0.033970
-0.026959
-0.095647
0.066669
0.081296
-0.170209
-0.018287
-0.017414
0.100898
-0.050836
0.045224
0.045152
-0.183273
0.152963
0.058943
0.193080
-0.013664
0.189693
0.023312
0.051178
0.037335
0.005790
-0.144312
-0.088890
-0.032499
0.092378
0.134083
0.038162
-0.017260
0.041313
0.113655
-0.064622
-0.326058
0.018127
-0.079831
0.032814
0.076346
-0.150099
-0.111993
0.023984
0.084924
-0.106950
0.089323
-0.014026
-0.013097
0.124373
0.074404
0.196608
0.119902
0.102018
-0.022237
-0.101121
0.109015
-0.149729
0.192323
-0.170989
0.030274
-0.173276
0.082843
0.072412
-0.137393
0.079786
-0.147138
0.001963
-0.143345
-0.083602
0.009957
0.143629
0.021068
0.039146
0.050099
0.031958
0.066147
0.159899
0.083571
0.148247
-0.113010
0.056199
-0.105589
0.059575
-0.160596
0.098888
0.015252
0.096850
-0.206818
-0.033520
0.106708
-0.037417
-0.134345
0.081427
-0.178353
-0.091695
0.069108
0.065001
-0.131011
-0.130607
-0.114405
0.016858
-0.337796
-0.133675
-0.103612
0.157016
0.040265
0.057349
0.087785
-0.150020
-0.007168
0.045480
-0.090971
-0.049693
0.013263
0.034664
-0.097525
-0.160341
0.021364
0.229647
-0.041557
-0.048792
-0.070537
-0.218232
-0.090118
-0.137401
-0.198236
0.052809
0.008531
-0.124507
0.025625
0.016433
-0.095161
-0.101181
0.007559
0.017215
-0.153337
0.177685
0.102498
-0.203396
0.152610
0.000573
-0.086163
0.063746
0.157743
0.102541
0.097057
-0.012172
0.089574
-0.013972
-0.011879
-0.020066
-0.140868
-0.063500
0.096447
-0.016131
0.029927
-0.001674
-0.095718
-0.105998
-0.114294
0.032893
0.082281
-0.026446
0.138190
-0.011337
-0.029475
-0.043604
-0.102825
0.034099
-0.045781
0.025935
0.037119
0.019754
-0.071497
-0.099669
-0.018462
-0.006644
-0.087540
0.020246
0.034244
0.121157
0.083108
0.139781
-0.025244
0.047720
-0.009332
-0.019795
-0.017495
-0.031334
0.028251
-0.033648
0.114366
-0.125592
0.088102
-0.059275
0.000005
0.041191
-0.182874
-0.077105
0.079909
0.070457
0.006076
-0.103495
-0.053445
-0.126258
0.048536
0.220445
-0.095275
-0.103887
-0.097757
-0.001356
0.103311
-0.113576
-0.086200
0.200809
0.112227
0.021057
-0.064408
-0.105555
-0.046425
-0.097564
0.091735
-0.126236
0.068625
-0.119029
0.131430
0.067227
0.137239
-0.082710
-0.108688
-0.040785
-0.044481
-0.028544
0.223783
0.136853
0.097831
-0.108643
-0.002670
0.033279
0.133774
-0.009580
-0.086751
0.154755
0.057182
0.087972
-0.104014
0.127135
0.018455
-0.073612
0.072216
0.007016
0.077106
-0.085919
0.056549
0.170972
-0.133035
-0.010686
0.042861
0.158353
0.111608
0.039583
0.033504
-0.094732
-0.031735
-0.182082
-0.271219
0.111732
0.188012
-0.056237
-0.021882
-0.008653
-0.035868
-0.042116
-0.036552
0.049206
-0.034161
-0.225501
-0.111830
0.063454
-0.091450
0.011442
0.030609
-0.032191
-0.018425
0.038727
0.053141
0.015377
-0.156640
0.098234
0.130010
0.023611
0.199129
-0.041954
-0.065275
-0.063858
0.047688
0.009597
-0.139327
-0.051280
-0.019843
0.202422
0.143905
-0.021523
0.010024
-0.043028
0.008487
-0.017809
0.002902
0.083474
0.140024
-0.019391
0.074932
0.146199
0.019175
0.129218
-0.048954
0.078403
-0.003170
0.157826
0.037338
-0.175155
-0.152447
-0.118065
-0.096128
-0.008417
-0.056554
0.006362
0.020415
-0.030757
0.031139
-0.051098
0.114993
0.033026
0.092229
-0.054499
-0.239040
0.016934
0.096719
-0.105698
-0.078069
0.115375
0.102999
-0.100332
0.035004
-0.042136
0.052319
-0.032071
-0.060327
0.058305
0.104845
0.091996
-0.039654
-0.147936
-0.044117
0.015782
0.062044
-0.005708
-0.192048
0.121755
-0.009237
0.050539
-0.158850
0.070867
0.056583
-0.023881
0.035572
-0.131029
-0.104292
-0.030006
0.109319
-0.051908
0.048406
0.016463
0.058244
0.135794
0.147550
-0.112189
0.046452
0.173853
0.082693
0.090797
0.055089
-0.136761
0.111842
0.088572
0.137130
0.132664
0.041806
0.001847
-0.055753
-0.104348
-0.217915
0.052934
0.020395
0.004798
0.103897
0.079847
-0.026545
-0.158335
-0.018981
-0.000186
0.056471
-0.037736
-0.058064
0.093787
0.021359
0.203260
-0.118957
0.181205
-0.016733
0.003373
-0.073557
0.006172
0.050886
-0.133355
0.228443
-0.021820
0.052122
0.113817
0.065255
-0.055915
-0.032438
-0.176672
-0.075192
-0.048914
0.049372
0.077241
0.051960
-0.124916
-0.200194
0.200657
0.165668
-0.052428
0.112405
-0.034830
0.097976
-0.027962
0.251991
0.043684
0.040584
-0.120660
0.027984
-0.216451
0.114475
0.107927
-0.033511
0.004428
-0.244135
0.143391
0.133611
0.065445
0.080754
-0.048985
-0.047246
-0.021383
0.072905
0.098619
-0.190945
0.084652
0.058933
0.124234
-0.105568
-0.050353
0.061108
-0.076258
0.030339
0.044790
-0.007221
0.026691
0.119123
-0.246282
-0.243669
0.107122
-0.026656
0.002215
0.096514
-0.050121
-0.096094
-0.048158
-0.080028
0.111458
-0.058121
0.027411
-0.141503
-0.016957
0.095517
0.147104
0.014835
-0.026133
-0.185342
0.103826
-0.033678
-0.055140
-0.109430
0.323707
-0.051129
0.183723
0.046012
-0.149429
0.030822
-0.008288
-0.063451
-0.129108
0.058649
-0.042519
0.038432
-0.002524
-0.024537
-0.077744
-0.086338
-0.117752
-0.025406
-0.018638
-0.041773
0.109290
0.058711
-0.050501
-0.107155
-0.150393
0.040262
-0.162957
0.109033
0.038058
0.178972
0.118170
0.023715
-0.062016
0.056383
0.063335
-0.181371
0.114480
0.016739
-0.044122
0.124607
-0.023088
-0.171908
0.065019
0.185180
-0.001347
0.035490
-0.013846
0.009175
0.219352
0.059717
0.150851
0.079312
0.002170
0.145320
0.054965
0.074795
-0.000534
-0.164137
0.024177
-0.009348
0.009269
-0.026896
0.052782
-0.070351
-0.106818
0.153191
0.100575
-0.060749
0.025905
0.097113
-0.049657
0.047850
0.051270
0.111821
-0.010779
-0.176801
0.117147
0.094050
-0.011748
0.048493
0.165301
0.053575
-0.085596
-0.137426
0.050308
0.130527
0.003003
-0.013025
-0.060156
0.173267
0.167120
-0.046518
0.069062
-0.199160
-0.122272
-0.087752
0.018080
0.067471
0.140330
-0.083214
0.071655
-0.020128
0.069998
0.018206
0.061194
-0.134201
0.185013
-0.038897
0.060898
-0.017435
0.007413
0.327302
-0.069829
-0.002973
-0.047174
0.042562
-0.263998
-0.189628
-0.011290
0.088685
-0.035374
-0.115878
-0.171503
0.060400
-0.028317
0.144083
-0.036559
0.264836
0.165922
-0.141727
0.080350
-0.188607
0.095239
-0.124943
0.188980
0.121191
-0.033918
0.011005
-0.014305
-0.074837
-0.127531
0.066443
-0.013326
-0.023253
0.065696
-0.077421
0.254744
-0.097461
0.115843
0.143099
-0.052172
0.112630
0.147488
-0.056071
-0.107011
-0.067243
-0.078090
0.013167
-0.150680
-0.128961
0.028373
0.025519
-0.034179
0.144960
-0.014900
-0.000387
0.057685
0.052531
0.020716
-0.002449
0.056386
-0.170439
-0.106614
-0.090013
-0.034660
0.257377
0.021463
-0.180436
0.097500
0.077560
0.070020
-0.226258
-0.115048
0.037414
0.093400
0.078094
-0.004221
-0.103802
0.054641
0.056262
-0.016812
0.040756
-0.112448
0.148635
0.131986
-0.152527
-0.082946
-0.033560
-0.055869
-0.112671
-0.119345
0.026901
0.151938
-0.149989
0.085324
0.165638
0.059866
0.047847
0.008044
-0.094020
-0.010521
-0.112172
0.027082
-0.033886
0.081591
0.118075
-0.071365
0.047749
-0.099597
0.114911
0.016737
0.049004
-0.094611
-0.010393
0.012217
-0.006863
0.114915
0.079933
0.101587
0.084748
-0.190492
0.049389
-0.048322
0.060749
0.024863
-0.031997
-0.098694
0.030380
0.021788
-0.141622
-0.001323
0.045205
-0.156375
0.028987
0.103996
-0.059954
-0.107317
-0.145515
-0.177645
-0.103844
-0.015800
-0.044815
-0.089475
0.083976
0.143769
0.061813
-0.021631
0.000032
-0.156704
-0.086091
0.006947
0.087789
0.171201
0.004051
0.034530
-0.337473
0.094652
0.071644
-0.019771
0.106177
0.142388
-0.012088
0.009557
0.024210
-0.163803
-0.013347
-0.176690
-0.053871
0.067030
-0.065647
-0.014902
0.063352
-0.017530
0.145751
-0.104794
0.026584
-0.007877
0.297381
-0.164981
-0.154746
0.049359
0.017210
0.107839
0.048380
0.032859
0.004672
-0.067216
-0.047151
0.167542
-0.067101
-0.038348
0.032387
-0.262611
-0.053314
0.099609
-0.237540
-0.097964
-0.097814
0.083850
-0.016503
0.036260
0.112618
-0.097156
0.026765
-0.145535
0.017950
-0.052941
-0.072826
0.094525
0.001583
-0.106001
0.011257
-0.116251
0.126492
0.183501
-0.101002
-0.049121
-0.126068
-0.168121
-0.010297
0.038300
0.137251
-0.010796
-0.045835
0.142414
0.014236
0.000330
-0.069614
0.140520
0.135310
-0.079627
0.076814
-0.064066
0.064398
-0.028100
-0.138400
-0.182376
-0.026951
0.086815
0.155334
0.050965
0.021623
-0.064389
0.179011
0.032517
-0.011191
-0.006929
-0.014628
-0.055333
0.197781
-0.051861
0.112743
-0.073468
-0.073043
0.061072
0.220750
0.021515
-0.004907
0.052995
0.103823
-0.064190
-0.017219
0.180466
0.063534
0.093218
-0.030039
0.052880
0.084858
-0.080683
0.197659
0.050315
-0.022240
0.132890
-0.101832
0.110768
-0.032029
0.065579
-0.053445
0.063056
-0.037873
-0.027165
0.019266
-0.010854
-0.012306
-0.055207
0.093224
-0.023047
-0.086042
0.090910
0.129072
0.034190
-0.093436
-0.004231
-0.190433
0.170924
-0.128719
-0.097166
-0.015105
0.140404
0.018816
-0.154597
-0.003079
-0.026348
0.139462
-0.020090
-0.033297
-0.138645
-0.113682
-0.050817
-0.015864
-0.087448
0.002303
-0.093507
-0.112230
0.018678
0.155614
-0.111749
-0.082469
-0.066946
0.051436
-0.110728
-0.118311
0.089545
0.023990
-0.047690
-0.131331
0.027337
-0.020723
0.120099
-0.154553
-0.077257
-0.013765
-0.089445
-0.017220
-0.211365
-0.162195
0.059788
0.124907
-0.079977
-0.126902
0.076900
0.057160
0.147480
-0.111686
-0.096161
-0.208092
-0.124466
0.026439
0.030220
0.196406
-0.027828
-0.097057
0.063708
0.056415
0.076915
0.029613
-0.044889
-0.049228
-0.020328
-0.047005
0.002544
-0.008519
0.022705
-0.208611
0.086084
-0.094732
0.000185
-0.021771
0.139341
-0.022595
-0.010227
0.089008
0.188534
0.035811
0.054039
-0.005981
-0.004596
-0.061955
0.230924
-0.138536
0.183810
0.165499
-0.040179
-0.016352
0.028926
0.069064
0.121702
0.033910
0.054642
-0.127334
0.168506
-0.150404
0.098672
0.012576
0.056498
0.003245
-0.035490
0.154154
0.062972
0.079937
0.052488
-0.111635
0.194092
-0.035969
-0.138251
0.140497
-0.006303
0.059288
-0.071762
-0.024243
0.049768
-0.144543
-0.291565
0.129065
0.170447
0.073598
-0.043538
0.003999
-0.190950
-0.006800
0.022122
-0.133351
0.004271
0.205272
0.005851
0.095508
-0.163138
0.119451
0.163315
-0.051087
0.024769
0.140678
0.060673
-0.105934
0.109321
0.092575
-0.084102
-0.136336
0.053507
-0.077380
-0.065622
-0.035838
0.090557
-0.007851
0.029644
-0.114185
0.039092
0.173122
0.077939
0.047593
-0.181017
0.064178
0.112646
0.000540
-0.004742
0.053954
0.054748
-0.087774
0.031880
0.099072
0.133742
-0.037317
-0.077144
0.170616
0.112608
0.030731
0.005431
-0.150402
0.017053
-0.002325
-0.110443
0.028491
0.088120
-0.010007
0.162205
0.152288
-0.176915
0.089232
0.037806
0.194244
0.089503
0.049917
-0.062767
-0.080811
0.095445
0.195806
-0.180093
-0.122430
0.034938
0.037498
0.080395
-0.063693
-0.099436
-0.092646
-0.015528
-0.077188
0.112356
0.002717
-0.157398
-0.114084
0.158187
-0.179962
0.037839
-0.026495
0.036383
-0.255332
0.015423
-0.243739
0.016189
0.147072
-0.049988
0.061391
-0.007156
-0.191845
0.014838
-0.149975
0.263699
0.055223
0.113064
0.070153
0.154862
-0.018996
-0.021203
0.135064
0.171146
0.320279
-0.033468
-0.020585
-0.121840
-0.009597
-0.031217
0.024966
0.120209
-0.148959
0.202061
-0.002623
-0.094803
-0.009673
-0.137427
0.079970
-0.163289
0.032815
0.041223
-0.126845
-0.033407
-0.093344
0.169126
-0.112892
-0.151707
0.072877
-0.145440
0.005156
0.101096
-0.098762
-0.043131
-0.022396
-0.072425
-0.117853
0.042656
-0.142230
-0.058167
0.050940
-0.053594
-0.207094
0.230120
-0.042333
0.056600
-0.074656
-0.055662
0.109585
-0.055212
-0.225003
-0.129658
0.279769
0.009966
0.055285
-0.075811
0.067048
0.032803
-0.106108
-0.031252
-0.001606
0.044969
-0.185603
-0.133281
0.034941
-0.147061
0.056910
0.107697
0.007021
-0.068070
0.091245
0.068829
0.052533
0.028613
-0.082980
0.078710
-0.065978
-0.109101
-0.056001
-0.040646
-0.076132
-0.066639
0.073402
0.058440
0.169738
-0.092882
0.076142
0.021278
-0.099285
-0.048000
0.028807
-0.205232
-0.079850
0.023689
0.035380
0.034432
0.102984
-0.124258
0.151451
-0.217893
-0.101465
0.219463
0.065729
-0.066208
-0.033840
-0.109597
-0.065052
-0.090673
-0.045003
-0.179531
0.186378
-0.003971
-0.233814
-0.279635
0.076936
0.005175
-0.082678
-0.185983
-0.083094
0.088608
-0.002219
-0.056123
-0.104285
-0.056208
0.014002
0.107834
0.015177
0.110164
-0.015178
-0.083851
0.028294
0.088569
0.013711
0.022640
0.051028
0.165583
0.100790
-0.053280
0.123378
-0.037194
0.046110
-0.036667
-0.003546
0.065758
0.113192
0.236892
0.105564
0.138117
0.061015
-0.068257
-0.082360
-0.035474
0.043672
-0.202759
0.157494
-0.141629
0.030335
-0.014861
-0.107794
-0.013686
0.089167
0.257213
0.143873
-0.109503
0.014883
-0.103786
-0.070862
0.053665
-0.144309
0.080893
0.037622
0.160503
-0.022334
0.029136
0.046829
-0.041663
-0.076526
-0.018633
-0.028002
-0.102699
0.198221
0.072756
-0.173348
0.052573
0.048149
-0.068988
0.056908
0.075919
0.278085
-0.040004
0.043821
-0.074418
0.154816
-0.199026
0.053322
0.048574
-0.038332
-0.054952
0.069030
-0.073956
0.071906
0.002802
-0.020339
-0.031002
0.043791
0.098678
-0.020449
0.085731
-0.026944
0.029456
0.124044
-0.003364
-0.010429
-0.087992
0.168825
-0.113166
-0.290992
-0.092090
-0.221712
0.059761
0.067624
-0.061815
0.035579
0.093197
0.096067
-0.024694
-0.054058
0.114893
0.053681
-0.115403
-0.099589
0.212209
0.021960
-0.091361
0.077479
0.152758
-0.013297
0.246749
-0.014698
0.077829
0.120526
0.016398
0.126638
-0.098060
-0.064312
0.041564
0.118403
-0.110327
0.087145
0.037603
0.046214
-0.034188
-0.225274
0.081372
0.097415
0.082143
0.055577
0.035603
-0.005141
0.003547
0.009308
-0.105496
-0.124307
0.126529
0.154279
0.063505
0.098345
0.293244
-0.126248
0.127103
0.058304
0.065246
0.078378
-0.131861
0.218548
-0.010826
0.056841
0.135387
0.079453
-0.096417
-0.152495
-0.031249
0.025080
-0.184451
0.000736
0.150302
-0.114121
0.108351
0.121125
-0.036771
-0.171796
0.114025
-0.085443
-0.137693
-0.127032
-0.047613
-0.039789
0.116601
0.102555
0.064830
-0.175734
0.130640
0.138775
-0.046864
0.082660
-0.069415
0.126189
0.020708
-0.080934
0.138157
-0.042312
0.028146
-0.090247
-0.033985
-0.097482
0.037621
0.096048
-0.059787
-0.043510
-0.133053
0.268009
-0.157122
-0.048975
-0.028586
-0.018920
-0.091080
0.026082
0.040821
-0.184218
-0.107360
0.020586
-0.013957
0.020793
0.031315
-0.034426
0.179018
0.081588
0.050572
-0.029075
-0.123061
0.173604
0.101790
-0.112498
0.027028
-0.050398
0.181061
0.015030
0.188203
0.035303
-0.092773
-0.073640
0.088055
-0.004554
0.077727
-0.010018
-0.020537
-0.090167
-0.056356
0.020192
-0.032863
-0.015798
-0.139532
-0.034123
0.161035
-0.072291
0.076693
-0.084816
-0.077084
-0.056533
0.107771
-0.010485
-0.010459
0.142806
0.012447
-0.085232
-0.122787
-0.029185
-0.046365
-0.095569
0.114539
0.014483
-0.239858
0.106672
-0.089001
0.050336
0.124094
-0.011166
0.034004
-0.037241
0.015555
0.210476
0.063924
0.096577
0.021340
-0.018358
0.033865
-0.145964
0.091224
-0.063115
0.080938
-0.125307
-0.008829
0.128157
0.018854
-0.066488
0.031166
0.056738
-0.030554
-0.112880
0.131034
0.020403
-0.048155
0.120012
0.255747
0.016421
-0.048137
-0.035578
-0.006970
-0.015854
-0.082686
0.014569
0.026856
-0.063959
0.174359
-0.172242
0.104660
-0.154743
-0.016778
-0.167577
0.048247
0.098563
-0.149987
0.039324
-0.038283
-0.011292
-0.183852
-0.073279
-0.022899
0.006082
-0.015567
-0.138372
0.236233
0.035188
0.061668
-0.154535
0.148522
-0.100583
-0.039958
0.027036
0.095152
-0.067084
0.027309
-0.113601
0.085597
-0.042259
0.034588
-0.073481
0.038013
-0.018111
0.116369
-0.070865
0.031577
-0.007897
0.069348
-0.109961
0.158537
0.129865
0.041902
-0.010990
-0.065601
0.167149
0.069080
-0.014156
-0.077267
0.004503
-0.025469
0.037834
-0.071956
0.051723
0.139456
-0.102644
0.275292
-0.011295
-0.021564
-0.020134
0.036991
0.081130
0.101400
0.002042
0.037342
0.075064
0.006741
0.008324
-0.074267
-0.159040
-0.112370
-0.030287
0.037735
0.114508
0.106463
0.062697
-0.035663
-0.017186
0.033138
0.085700
-0.028466
0.090528
0.028414
0.107178
0.045771
-0.054739
-0.020762
-0.090762
0.063144
-0.064707
0.091494
0.059295
0.189233
-0.018417
-0.156192
0.000226
0.024301
0.021811
-0.072217
-0.053189
-0.104000
0.048108
0.086996
-0.085031
-0.073310
0.121727
-0.082977
0.075413
0.094648
-0.020774
-0.083662
-0.062342
0.005937
-0.161156
-0.041927
0.008998
0.051383
0.356971
0.150125
-0.078206
-0.050727
-0.127325
-0.014952
-0.024847
0.048087
-0.073295
-0.035378
0.018841
-0.002579
0.082060
0.188896
0.042859
-0.139365
0.102597
0.148931
0.191574
0.076674
-0.008342
0.001374
0.172697
-0.246882
-0.031677
-0.002347
0.011392
-0.083806
0.114986
0.077791
0.024425
0.058387
0.108538
0.016508
-0.168424
-0.050670
-0.083447
0.124955
0.148812
-0.060745
0.006258
0.026045
0.112129
0.019997
0.004128
0.094142
-0.019678
-0.013575
0.076007
0.025214
-0.175319
-0.016791
-0.193968
-0.035068
0.043733
0.012195
-0.036557
0.023534
0.030296
-0.132215
0.044547
0.106247
-0.007820
-0.041504
0.127582
0.037062
0.067471
0.069873
0.074534
-0.012304
0.001921
0.146483
0.244927
-0.026311
-0.013866
-0.003684
-0.097166
0.182390
-0.043325
0.115882
0.102021
0.161753
-0.053433
0.135043
0.068249
0.141537
-0.051149
-0.049141
0.105203
0.097897
0.004308
0.078015
-0.057950
-0.206894
0.120580
0.016918
-0.009944
-0.027358
-0.047570
-0.103875
-0.124565
-0.003339
0.137237
-0.005655
-0.006122
-0.064270
0.043183
0.039489
-0.091752
0.097954
0.006253
-0.068693
0.078242
-0.086154
-0.039503
-0.164755
0.016508
0.103694
-0.133073
0.217022
-0.046110
0.092956
-0.082924
-0.025683
-0.017878
0.051324
-0.099673
0.031101
0.099926
0.026220
0.090594
-0.024701
-0.093624
-0.100098
0.009632
0.065463
-0.225633
-0.170988
0.210856
-0.009865
0.127160
0.025544
-0.000291
0.142048
-0.069577
0.015385
-0.111594
0.131214
0.032288
0.008367
0.019032
0.087785
-0.049421
0.202362
-0.117335
-0.043215
-0.003428
0.073927
0.041644
0.017900
-0.004444
-0.091682
0.026786
0.048693
0.129310
0.033368
0.159511
0.066531
0.019448
0.013949
0.029324
-0.130799
0.000329
-0.058026
-0.131231
-0.149957
0.123458
0.217524
0.049046
0.017965
0.057938
-0.062934
0.003892
-0.182811
0.149653
-0.040385
0.065356
-0.120610
-0.070042
-0.050112
0.190154
0.258962
-0.013444
-0.000656
0.261465
0.037922
-0.020547
0.131467
0.145060
-0.071603
-0.040369
0.023569
0.054927
-0.076768
-0.027270
-0.065193
-0.050736
0.090185
-0.112792
0.158050
0.066125
-0.023989
-0.112678
0.062917
0.156000
-0.053128
0.008930
-0.046000
0.072226
0.076627
0.100905
0.077777
-0.088065
-0.176871
0.038398
-0.040272
-0.160626
-0.061440
0.159257
0.090293
0.113923
-0.212966
0.000426
0.003409
-0.057732
-0.100368
-0.062747
0.258930
-0.072529
0.004984
0.066199
-0.031689
-0.092129
0.024813
-0.188396
-0.092069
0.019047
0.087989
-0.220552
-0.013071
-0.189886
0.263618
0.106201
-0.167527
-0.111569
0.044178
-0.127511
0.119159
-0.069948
0.099329
0.162222
-0.165745
0.090497
0.054188
-0.144138
0.028034
-0.058094
-0.105522
0.019829
-0.111112
0.006323
-0.032846
0.095010
0.035365
0.079702
0.122248
0.050301
-0.137791
-0.170432
0.095284
0.104016
-0.097296
0.139168
0.052503
0.110708
-0.020057
-0.089131
-0.165119
-0.029723
0.029916
-0.012473
0.003773
-0.059578
-0.025968
-0.015963
-0.107484
0.081455
-0.080470
-0.006645
-0.020276
-0.099638
-0.043145
-0.138566
-0.066797
0.120084
-0.016379
0.101594
-0.222345
-0.004710
0.039632
0.038134
-0.014148
-0.116790
-0.206334
-0.117631
0.074519
-0.058413
-0.036921
-0.084798
-0.008676
-0.112408
0.220810
-0.154994
0.004474
-0.019882
0.237237
0.087350
-0.072122
-0.105438
0.066451
0.074170
-0.023652
0.007406
0.013970
0.090411
0.221662
-0.148243
0.054782
0.065442
0.183801
-0.239360
-0.008890
-0.148845
-0.107479
-0.028138
-0.003247
0.074499
-0.064330
-0.033625
0.054410
0.094408
0.127216
0.024708
-0.100642
0.036007
0.178243
0.158697
0.084904
-0.087692
0.071579
-0.083842
0.022656
0.038770
-0.086651
0.001447
0.039511
0.120552
0.138940
-0.018353
-0.034778
0.056572
-0.036265
0.119070
-0.083289
0.009096
0.004896
-0.021064
-0.214523
-0.024163
-0.037804
-0.042347
-0.108730
-0.007099
0.009237
0.014216
-0.088139
-0.040391
0.069563
-0.006057
-0.021475
0.078530
-0.004956
-0.026980
-0.112836
0.018119
0.081858
-0.060036
0.124282
-0.036726
0.013548
0.250174
-0.128151
0.053946
0.007727
0.038419
0.008589
0.035252
0.013649
0.023254
0.061951
-0.119014
-0.038013
0.172360
0.066376
-0.209534
0.012098
0.046840
0.214689
0.003865
0.007039
0.105184
-0.171899
-0.088221
-0.136289
-0.102646
-0.062737
-0.052878
-0.159433
0.081373
0.093712
-0.045389
-0.092719
-0.115585
-0.307765
-0.110287
-0.006638
-0.079043
-0.037911
0.238355
0.000590
-0.217108
0.000580
-0.039243
0.212284
0.124590
0.051647
-0.021159
0.018397
-0.043972
-0.138091
0.026696
-0.000827
0.138522
0.124481
-0.037330
0.064141
-0.243954
0.139520
0.139937
-0.024902
0.130481
-0.079237
0.130959
-0.087204
0.001181
-0.007428
-0.112216
0.053286
0.023723
0.020289
0.071718
0.019716
0.060621
-0.130946
-0.126110
-0.012265
0.072391
0.179677
0.178988
0.091339
-0.021929
0.019018
-0.268872
-0.151809
-0.106941
-0.061692
0.091847
0.162385
0.129573
-0.099074
0.114340
-0.105378
0.080685
0.124750
-0.089686
0.041723
-0.154488
-0.080060
-0.061730
0.023388
-0.003049
-0.055452
-0.120179
-0.025678
0.076159
-0.100155
0.098148
0.056025
0.056622
-0.056534
-0.023282
0.042859
-0.178333
0.010418
0.151709
0.079792
-0.103092
-0.040523
-0.086025
-0.071747
-0.002525
0.117544
-0.074152
0.081997
0.120623
0.193564
0.199965
-0.001185
-0.049876
0.169295
-0.098634
0.091065
-0.014460
0.123536
-0.032993
-0.004191
0.044201
-0.024299
-0.111448
-0.005423
0.014234
-0.058242
-0.124557
0.101316
-0.117574
-0.114586
-0.181023
0.042704
0.055400
0.009742
0.096215
0.064516
0.089298
-0.130467
-0.084293
-0.176492
0.100465
-0.096049
-0.121648
-0.134791
-0.086451
0.096283
-0.161065
0.041606
-0.088225
-0.086021
-0.120008
0.164470
0.015744
-0.123415
0.109885
0.265399
-0.052904
0.097998
-0.186960
-0.012991
-0.018583
-0.044765
0.045718
-0.124215
0.052831
0.087266
-0.003622
-0.073917
-0.009394
0.027084
-0.113949
0.099784
-0.113793
0.146179
-0.034334
-0.150697
0.071616
0.211446
0.054260
0.104899
-0.166453
-0.019807
-0.081509
-0.115657
0.047021
-0.100170
0.028012
-0.024469
-0.087307
0.072914
-0.141488
0.060564
0.020399
-0.024767
0.142516
0.094626
-0.046648
-0.162406
-0.223932
-0.139108
-0.107765
0.010004
0.080234
-0.041861
0.031346
0.094549
-0.000241
-0.135628
-0.066802
0.052818
0.055136
0.022779
0.049741
-0.000940
0.108249
0.029287
0.071200
-0.114551
-0.159494
-0.142242
0.036784
0.125006
0.008500
0.036170
-0.017709
-0.096231
0.065848
0.073803
0.010280
0.032912
-0.047548
0.007653
0.106748
0.040704
0.134806
-0.018017
0.015654
0.016976
-0.092892
-0.066462
0.096953
0.119307
-0.183684
0.264618
-0.030977
0.009515
0.245660
-0.088434
-0.086832
0.102755
0.068744
0.175719
-0.145357
0.322857
-0.213949
0.091562
-0.031254
0.015951
-0.078046
0.103450
-0.100421
-0.119071
-0.127135
-0.066670
0.102738
-0.110505
-0.073119
0.135613
0.026578
-0.112630
0.105839
-0.037999
0.057783
0.026768
-0.052876
-0.014062
-0.074824
-0.030248
-0.158018
0.070453
-0.066554
0.022327
0.129709
0.177973
-0.029987
-0.088806
-0.099408
-0.018634
0.031430
0.012221
0.072522
-0.115965
-0.056672
0.083906
0.022027
-0.158632
-0.003791
0.048166
0.130842
-0.013599
-0.175032
0.137323
-0.177302
0.000069
0.109299
0.114233
0.026071
-0.050161
-0.064695
0.110042
0.012835
-0.152833
0.165051
-0.030134
-0.016564
0.160611
-0.038686
0.240090
-0.047639
-0.112118
0.122180
-0.144862
0.212172
0.142672
0.022683
0.027304
0.063889
-0.088637
0.067847
-0.121934
0.056107
-0.026957
0.190318
-0.039650
0.050489
-0.037241
0.170395
0.129078
-0.053550
-0.153427
-0.071327
0.137310
0.002496
-0.112829
0.022600
0.095437
-0.051886
0.128981
0.038493
0.037010
-0.153974
0.068594
0.018965
-0.006438
0.061139
-0.116272
0.016521
-0.147964
-0.092556
0.068200
0.074868
-0.073982
-0.049952
-0.070753
0.094572
-0.054634
-0.084716
0.001173
0.114949
-0.057830
0.093902
0.092325
-0.051331
-0.092293
-0.179767
-0.022497
0.124091
0.061069
0.186174
-0.137809
0.122006
-0.030309
0.010023
-0.102782
0.098790
0.053021
0.038814
0.275372
0.085367
0.014707
-0.095760
-0.108971
-0.145684
0.042225
-0.011454
-0.074594
0.095484
-0.074259
0.244697
-0.061215
0.059980
0.115437
-0.125099
-0.010067
0.018916
0.087244
0.090360
0.051841
-0.046677
0.163941
0.017404
0.043965
-0.095215
0.133469
0.070361
0.100675
0.005473
0.051051
-0.027056
0.020669
-0.035240
-0.044775
0.145171
-0.077028
0.199206
0.061394
-0.147961
0.045671
0.179075
0.032472
-0.043486
0.095136
0.000325
-0.012993
-0.072773
0.154619
-0.040128
0.022947
0.249300
0.158032
-0.148284
0.095025
-0.052706
-0.097105
0.079980
0.155406
-0.022361
0.017071
-0.043130
-0.075566
-0.005534
-0.112112
-0.026414
-0.020290
-0.254725
0.003119
-0.109806
0.006029
-0.020420
0.040088
0.061249
-0.085299
0.025121
0.042618
-0.107553
-0.040786
0.111901
0.164190
-0.035956
0.027231
-0.047647
0.151903
0.009423
-0.000201
0.065796
0.082859
0.112854
-0.114818
-0.059617
0.014447
-0.037503
-0.173367
0.041838
0.121290
0.031662
0.046946
0.081591
0.047185
-0.143275
0.028847
-0.082935
-0.026922
-0.118931
-0.152212
-0.124103
0.096485
-0.066769
0.048390
0.037552
-0.003559
-0.115097
-0.032027
0.087214
-0.114153
-0.017805
-0.069499
-0.053347
-0.123260
-0.078436
0.037697
-0.016823
-0.057675
0.055243
-0.084169
-0.011476
-0.079809
0.018564
0.191190
-0.010418
-0.059217
-0.189035
-0.094644
-0.077424
-0.061320
0.173742
0.112712
-0.064855
-0.002882
-0.011707
0.009467
-0.041646
0.057297
-0.053445
-0.104219
-0.067070
0.110001
0.008281
-0.139558
0.060519
0.016324
-0.264549
-0.085609
-0.004846
-0.185332
0.068937
0.033370
-0.167565
-0.019890
0.023310
-0.033575
-0.060242
-0.071238
0.090823
-0.014909
0.056257
0.018261
0.120317
0.131805
-0.187193
0.120375
0.047701
0.036985
0.049003
0.165601
-0.156478
0.046449
0.289340
0.059652
0.145418
0.032733
0.061587
-0.025106
0.039494
0.017316
-0.066392
0.000675
-0.058395
-0.020434
-0.175040
-0.081818
-0.067387
-0.028799
-0.088781
-0.081027
-0.053818
-0.117848
-0.066023
0.151771
0.152636
-0.068016
-0.049586
0.032568
-0.093527
0.012712
-0.198833
0.103075
-0.088526
-0.055760
-0.033303
-0.005318
-0.139861
0.090174
-0.156679
0.247152
0.067757
-0.128261
0.081613
0.070581
0.093082
0.129702
0.019273
-0.072152
0.034252
0.036789
0.073929
0.055597
0.099967
-0.068415
0.106635
-0.040869
-0.021879
0.011925
0.024100
0.018389
0.116191
0.031198
-0.049269
-0.050548
-0.045455
-0.146622
-0.035893
0.106806
0.045036
0.184476
-0.032616
-0.138979
0.004289
0.068509
-0.013063
-0.008910
0.108815
-0.015590
0.076972
-0.156828
0.065126
0.031242
0.016199
0.171846
-0.056196
0.130784
0.049676
-0.080417
-0.013305
0.151152
0.128914
-0.077498
-0.082624
0.211842
-0.093552
0.111831
-0.112965
0.066681
-0.022552
0.111635
-0.033828
-0.100368
-0.180209
0.013005
-0.113653
-0.133941
0.056738
-0.056735
-0.044683
0.161077
0.132473
-0.056773
-0.057280
-0.112164
0.045859
0.037804
-0.030013
0.047306
-0.123345
-0.149875
0.164904
0.233288
-0.039667
-0.127516
-0.006642
-0.111402
-0.033409
-0.102112
-0.220478
0.123409
-0.051909
-0.054722
0.094389
0.019169
-0.155086
0.058655
-0.197490
-0.100920
-0.033463
-0.083580
-0.084702
0.103623
0.161581
-0.031412
0.006156
0.248528
-0.019210
0.098194
-0.062094
-0.065297
-0.182645
-0.100252
-0.055944
-0.025463
0.038907
-0.015743
0.101038
-0.035764
0.148084
0.040956
0.237169
-0.066835
0.015843
0.110428
0.081319
0.037282
0.070423
0.169503
0.006811
-0.045081
-0.014270
-0.038744
0.031962
-0.000631
0.061330
-0.079567
-0.043111
-0.101624
-0.017265
0.050969
-0.116406
0.023013
0.173797
-0.115424
0.145156
0.038502
0.170999
-0.087164
0.036644
0.007532
0.084806
0.079766
-0.073445
0.054256
-0.182550
-0.065975
-0.132034
0.112015
0.003218
0.017263
-0.177461
-0.090124
0.005259
0.233579
-0.069553
0.106619
0.039573
-0.002983
0.014443
0.014178
0.343494
-0.045935
-0.115939
0.049162
-0.061417
0.006586
-0.076611
0.077650
-0.112136
-0.140152
0.019859
-0.052713
0.060887
0.057536
-0.172975
0.191328
-0.103768
0.145239
-0.011613
-0.121991
-0.028960
0.111613
-0.154220
0.027511
0.074635
-0.015778
0.016017
0.057346
0.032745
0.002081
-0.008610
0.130987
0.020585
0.047957
-0.027400
0.206792
-0.088228
-0.005596
0.101902
-0.216131
-0.133775
-0.116995
0.069277
-0.199228
-0.016063
0.012031
-0.007665
-0.070780
-0.210483
0.027400
-0.043921
-0.009042
0.091434
-0.086149
0.005589
-0.013634
-0.110337
-0.028821
-0.016335
0.070229
-0.128764
0.045470
0.201384
-0.023424
0.042088
0.047921
0.215111
-0.037696
0.173323
-0.031818
0.215576
0.055909
-0.002339
0.023323
0.088667
0.134946
-0.033089
0.117539
0.010214
-0.247840
0.004716
-0.044805
0.060537
0.086308
0.071416
0.055903
-0.084758
-0.052455
0.101175
0.006797
0.183874
0.095866
0.153803
0.191565
-0.157906
-0.095904
0.022467
-0.076190
0.110726
-0.136574
0.061781
-0.050183
0.026107
-0.121715
0.009836
0.200500
0.042407
-0.087493
-0.160638
-0.050792
0.084255
-0.165010
0.074276
-0.008502
-0.106907
-0.054544
-0.058281
-0.048256
-0.291790
-0.051879
-0.113395
0.130222
-0.106930
0.047871
-0.221326
0.085020
-0.157414
0.054012
0.018524
-0.040100
-0.094420
0.137973
0.161210
0.194780
0.102860
0.034041
0.202769
0.048045
-0.020056
0.094236
0.018413
0.042695
-0.045151
-0.058719
0.007075
-0.007721
0.034105
-0.050984
0.269950
-0.079351
0.082811
-0.027974
0.062838
0.037728
0.012913
-0.029575
0.127230
-0.014839
0.016201
0.210104
0.010160
-0.003360
-0.004144
0.058697
0.035162
-0.044666
-0.102461
-0.165801
0.107527
0.045751
0.087729
-0.131560
0.171630
0.044269
-0.098340
0.031480
0.023398
-0.095459
-0.002607
-0.053617
-0.092158
-0.028301
0.167096
0.043733
-0.086912
-0.049843
0.114118
-0.044775
0.127015
0.142280
-0.018226
0.131494
-0.128428
0.128479
-0.072815
-0.015644
-0.101577
0.076370
0.058798
-0.030105
-0.067885
-0.138100
0.121913
-0.014667
-0.003255
-0.078050
0.111616
-0.050498
-0.120466
-0.043901
-0.207931
-0.105666
-0.081614
-0.062818
0.053839
0.007841
-0.005717
-0.086850
-0.043067
0.005027
-0.059439
0.000483
-0.131806
-0.049942
-0.068355
-0.118513
0.014544
0.198511
0.029745
0.060101
0.061647
-0.076515
0.104622
0.104185
0.183298
0.012027
-0.026885
0.003619
0.071743
-0.070697
0.005276
-0.112257
-0.108767
0.111563
0.042054
-0.032497
-0.061029
-0.098364
-0.215612
-0.086740
-0.051273
-0.033754
-0.011221
-0.119236
0.034302
-0.029926
-0.059427
-0.033128
0.100365
0.043950
0.186496
-0.002773
-0.055484
0.008231
0.049704
0.142427
0.049074
-0.102339
0.139015
-0.004242
-0.151785
0.043625
0.054046
0.005629
-0.417397
0.115955
0.008310
0.009097
0.025156
0.152386
-0.084573
-0.039443
0.066769
-0.014635
0.003654
0.217490
0.031189
-0.190956
-0.065177
-0.261298
-0.018070
-0.345388
-0.171375
0.082791
0.096701
-0.059321
-0.180807
-0.143862
0.090338
0.025295
-0.137735
0.025156
-0.078066
0.122545
-0.085099
0.112855
0.095426
-0.166613
0.029165
-0.096429
0.088739
0.060030
0.009067
0.068668
0.221611
-0.001722
-0.083437
0.099021
0.003604
-0.042465
-0.121871
0.089432
-0.034138
0.103498
0.022800
0.083749
-0.046513
-0.079461
-0.013163
-0.170058
0.032151
0.122476
0.098060
-0.058146
-0.049722
-0.078480
0.042777
0.093741
0.101040
-0.057149
-0.130982
-0.280049
-0.126469
-0.067012
0.126501
-0.070243
0.171355
0.019927
-0.082193
0.095677
0.108928
0.139664
0.006573
-0.075550
-0.018546
0.039800
-0.074675
0.183637
0.169051
0.279174
0.085610
0.010466
-0.030641
0.184633
-0.066592
-0.036976
-0.098241
-0.065331
0.178777
0.105661
-0.067636
0.037963
-0.083660
0.208600
0.069668
0.096301
-0.049130
0.177174
0.035853
0.144708
0.048568
-0.014313
-0.117959
0.136845
0.008517
-0.006554
-0.049413
-0.081495
0.061005
0.019492
-0.042720
-0.052372
0.013174
-0.066464
0.053542
-0.103152
-0.125876
-0.043010
0.027994
0.145237
0.014378
-0.016267
0.001557
0.059684
0.092547
0.067926
-0.027285
-0.086959
0.014819
0.121212
0.006998
-0.058494
-0.082988
0.077308
0.080038
0.009026
-0.096092
0.030610
0.029191
0.015085
0.041887
0.139510
0.088936
-0.000322
-0.023507
-0.070387
0.089085
0.022989
0.055454
-0.140182
0.132039
-0.005137
0.020691
-0.052764
-0.003031
-0.106477
0.154070
-0.165008
-0.094533
-0.017874
0.113182
0.098489
-0.034487
0.006792
0.206859
-0.080657
0.054442
0.073939
-0.022582
-0.016071
0.156144
-0.154172
0.034952
0.073460
-0.232289
0.039417
0.087280
0.109422
0.099833
0.131045
0.025223
0.017366
-0.014004
-0.042009
-0.067862
0.047343
0.012188
-0.039663
0.016810
0.126898
0.004076
-0.157966
-0.160567
-0.100000
0.134606
0.157756
-0.154626
-0.186043
-0.205788
-0.083605
0.011429
0.099398
0.070096
-0.066213
0.038237
-0.012453
-0.034093
0.042580
-0.126181
-0.122636
0.062091
0.181439
-0.154492
-0.081967
0.000221
-0.038183
-0.097491
0.010328
0.009866
-0.110216
0.218347
-0.146339
0.104648
0.007454
0.015332
0.215055
-0.114649
0.026738
0.002044
0.056660
-0.025987
-0.075728
-0.033671
0.035929
-0.076598
0.000010
-0.091320
-0.105284
-0.010429
-0.118162
0.088841
-0.094414
-0.068055
0.041475
0.054185
0.146023
0.076350
-0.057132
0.044009
-0.106009
0.096282
0.042603
0.072756
-0.216529
-0.071564
-0.032092
-0.110307
0.066474
0.074150
-0.008427
-0.016159
-0.055109
0.118897
-0.030607
0.128277
0.071521
-0.096313
-0.007984
0.110263
-0.174979
-0.124008
0.017322
0.014892
-0.120482
0.121202
0.159635
-0.123490
-0.045990
0.235139
0.082751
-0.061082
-0.023398
-0.008053
0.018611
0.082293
0.143620
0.102771
0.080011
-0.103640
-0.005051
-0.037784
-0.023973
0.173401
-0.204370
0.028607
0.034702
0.030430
-0.058890
-0.105502
0.009018
-0.019341
-0.038272
-0.223425
-0.056003
-0.044748
-0.123217
-0.060429
-0.129324
-0.084772
-0.024195
-0.080026
-0.051770
-0.056902
-0.000187
-0.064180
-0.026096
-0.026132
-0.005688
-0.140835
-0.081119
-0.185884
-0.041170
0.065348
-0.005136
-0.050124
-0.045304
-0.157921
-0.159367
0.162561
-0.076806
0.056059
0.047831
0.036753
-0.017851
0.132978
-0.095518
-0.047072
-0.098738
0.024259
-0.046467
-0.123817
0.091350
0.041885
0.152865
0.029832
0.061346
0.092762
-0.058829
-0.149195
-0.149256
0.118340
0.106062
0.164420
0.101036
0.025779
-0.022713
0.070475
-0.010901
0.021809
-0.096534
-0.260842
-0.151394
0.131575
-0.009007
0.035737
-0.105148
0.117366
-0.077911
0.031018
-0.087489
0.037313
0.115170
0.135176
-0.116849
0.131890
0.053289
0.058431
0.095635
-0.155808
-0.153583
-0.014201
0.004852
-0.011977
-0.107091
-0.078444
-0.062705
0.040170
0.033857
-0.149165
0.084649
0.040723
0.092479
-0.133328
0.031080
-0.093016
-0.055236
0.014652
-0.055563
0.009150
-0.036988
-0.022693
0.181034
-0.144189
0.059379
-0.052776
-0.111595
-0.165694
-0.045572
-0.067253
-0.144384
-0.030989
-0.023041
-0.182795
-0.134201
-0.070525
0.051292
-0.004346
0.082256
-0.074831
0.120841
0.139938
-0.279091
0.186784
-0.022957
0.137203
0.070540
0.035202
-0.077442
0.127911
0.020941
0.005250
0.141296
0.125117
-0.148094
0.041733
-0.001264
-0.232732
0.103014
-0.100002
-0.151162
-0.034193
0.218660
-0.066285
-0.050963
-0.010802
-0.125285
0.056162
-0.044350
-0.071375
-0.197659
-0.025598
0.056284
0.055382
-0.063445
-0.058021
0.002327
0.062561
-0.037528
0.124699
0.009276
-0.017081
-0.001305
-0.180470
-0.106540
0.174756
-0.167278
0.019115
0.105067
-0.129831
0.019231
-0.118423
0.168189
0.152932
0.085178
0.023296
-0.055879
0.066236
0.022015
-0.067511
-0.075879
0.155740
0.024350
0.103186
0.144406
-0.003554
-0.094241
0.147611
-0.072133
0.124859
-0.075024
-0.033990
-0.010489
0.017338
-0.035582
0.137918
0.055527
0.059972
0.079931
0.040452
0.099758
0.087594
-0.057989
0.005036
-0.062986
-0.045081
0.042645
-0.020007
-0.059600
0.085960
-0.058754
0.004154
0.073931
-0.084122
-0.231053
0.122185
-0.081172
-0.001199
0.270075
0.037700
-0.107480
-0.009972
-0.022402
-0.215512
0.019055
-0.046504
-0.003095
0.084787
0.099455
0.049123
-0.042164
0.033212
-0.099726
-0.072447
-0.046537
0.028670
-0.033483
-0.027148
-0.133644
0.041462
-0.128054
-0.063942
-0.085487
-0.030837
-0.020097
-0.038058
0.035870
0.062598
0.197013
0.209581
0.225630
-0.067690
0.025481
0.167844
0.073066
0.020736
-0.190792
-0.013127
-0.058523
-0.082236
-0.282181
-0.028157
-0.047956
-0.170319
0.029217
0.127479
0.054811
-0.090445
0.108838
0.087352
0.050157
-0.098460
0.082168
-0.114559
0.055736
0.060799
0.073426
-0.108563
0.145355
0.112246
-0.088592
0.092559
-0.033244
-0.039448
0.017549
0.059473
-0.068211
0.051175
-0.071479
-0.000000
0.042772
0.100195
0.086383
0.008710
-0.010753
0.192480
0.014285
0.153978
0.140198
0.185231
0.098621
-0.060911
-0.143856
-0.035074
-0.039627
0.212859
-0.008695
0.092628
0.353789
0.132732
0.084134
0.112125
-0.054620
0.076890
-0.076845
0.008416
-0.069893
-0.067380
0.064534
-0.005760
-0.010237
-0.118736
0.139457
0.083745
-0.087321
-0.143416
0.118446
0.048543
-0.008855
-0.104355
-0.029873
-0.098266
0.165270
-0.012158
-0.058277
-0.038334
-0.027122
0.155160
0.036004
0.097345
0.077558
0.026194
0.015207
0.016485
0.119205
0.121443
0.053421
-0.062603
0.008654
-0.033340
0.303086
0.010933
-0.063591
0.069660
0.016030
-0.073973
0.135677
0.254044
0.045651
0.024275
-0.063900
0.142370
-0.088102
0.032055
-0.001627
0.016597
0.184518
-0.083380
-0.030972
0.011023
0.006521
-0.060719
-0.131250
-0.071454
-0.116610
-0.122047
-0.047621
0.069398
-0.034802
0.014151
0.143165
0.119163
-0.044702
-0.181820
0.053738
-0.062676
-0.128556
0.141980
-0.112078
0.000187
-0.038382
-0.054879
-0.252394
0.179349
0.114063
-0.033580
0.045211
-0.013644
0.064915
-0.001929
-0.049129
0.044289
0.144283
-0.067776
-0.155492
-0.023359
0.030936
-0.113472
0.160720
0.063038
-0.068240
0.148285
-0.027013
-0.056364
0.056709
-0.095789
-0.026571
-0.011816
-0.028250
0.199771
-0.045960
-0.004625
-0.204809
-0.074976
0.070915
0.125365
0.158564
0.053156
0.017211
0.042862
-0.070399
0.054413
0.077593
-0.076510
-0.160236
0.089923
0.134636
-0.244949
-0.068359
-0.100075
-0.031509
-0.012314
-0.033360
0.006811
0.040393
-0.085015
0.024039
-0.032101
-0.062241
0.052760
-0.007215
-0.191742
-0.103015
0.098997
0.129857
-0.076268
-0.051760
-0.068137
-0.022573
-0.026926
-0.050222
-0.029356
0.019026
0.008671
-0.111588
-0.120560
-0.087235
0.125372
0.031247
-0.048257
-0.010691
0.024768
0.041853
-0.031651
-0.002672
-0.169627
0.040299
-0.059942
0.058583
0.135299
-0.005005
0.330874
0.114668
0.070020
0.017841
0.055256
-0.069558
0.093336
-0.047608
-0.327566
0.208192
0.013908
-0.086572
0.102154
-0.028886
0.164060
0.002022
-0.029183
0.012635
-0.071622
-0.144016
-0.056382
-0.132632
0.094752
0.046443
0.013216
-0.026395
0.027533
-0.161649
0.166458
0.014445
-0.122623
0.023483
0.072192
0.164164
0.032321
0.034934
0.032162
-0.108012
-0.018256
0.002384
0.089462
0.096811
0.064866
-0.036656
0.028754
0.025772
0.014895
-0.035662
0.125564
-0.140196
0.045549
-0.108782
-0.067741
-0.093616
-0.026446
0.018728
0.033839
0.038589
-0.005684
0.156485
-0.004881
-0.013295
-0.036250
0.027780
-0.044007
0.118884
-0.002342
0.284977
-0.017967
0.020556
0.025953
0.125214
-0.162858
-0.168443
0.059760
-0.098428
0.037629
-0.103042
-0.014972
-0.115567
-0.041648
-0.100144
-0.029039
-0.032232
0.019037
0.005597
-0.127618
0.047612
0.035225
0.038975
0.049405
-0.027588
-0.038790
0.005233
0.129414
-0.012253
0.075033
-0.099196
0.040952
0.121954
0.062827
0.035723
0.201605
0.025905
-0.108513
-0.060673
-0.117677
-0.020952
-0.055218
-0.232040
-0.041152
0.091379
0.001538
0.053617
-0.007826
0.034087
-0.140637
0.131890
0.092457
0.071600
0.070041
-0.234494
-0.102550
-0.159497
0.072600
-0.240400
0.070894
-0.034890
0.139638
-0.163110
-0.118144
0.094537
0.027022
-0.000956
-0.057656
0.031636
0.008235
0.160142
-0.020849
-0.012780
-0.082614
0.081513
0.106771
-0.007461
0.028612
-0.078066
0.045685
0.091026
0.013705
0.076478
-0.147080
-0.251942
-0.102962
-0.001620
-0.081615
0.182118
-0.052005
0.137406
-0.090616
0.040216
-0.015731
-0.023135
0.091785
-0.021566
-0.080703
-0.112670
-0.101956
-0.025616
-0.147295
0.098151
0.109460
-0.135727
0.156534
0.107403
-0.090788
-0.078062
0.049145
-0.081921
-0.050326
-0.027542
0.036723
-0.044059
0.083269
0.023230
-0.032328
0.136240
0.007731
0.190204
0.005613
0.084207
0.085884
-0.167321
0.020803
-0.189783
0.164532
0.117599
-0.024307
-0.162485
0.041574
0.053688
-0.071959
0.077654
0.048250
-0.019939
0.034031
0.016573
0.011215
-0.229426
-0.087800
0.061612
0.137535
-0.127043
-0.164299
0.103225
0.101068
-0.175355
-0.159567
0.004840
0.159450
-0.151881
0.106895
0.031436
-0.065517
-0.052862
-0.056038
-0.113539
0.057453
-0.075117
-0.141678
0.070876
-0.130356
0.056703
-0.014611
0.114544
0.113682
-0.130061
0.140801
0.021906
0.063262
0.074758
0.112437
-0.073011
0.024451
0.099511
0.058378
-0.141899
0.026897
-0.105884
-0.105419
-0.144113
-0.021581
-0.015636
-0.087105
-0.050678
-0.130509
-0.189456
0.153471
-0.084360
-0.124614
0.087915
0.100580
0.062972
0.054849
-0.038677
-0.006845
-0.043136
0.035584
0.084906
-0.152839
-0.081929
-0.265486
0.076823
0.088979
-0.156158
-0.065925
0.049349
0.015485
0.098684
-0.219360
-0.040702
0.064307
0.100894
0.016519
-0.110116
0.221026
-0.002655
-0.033636
-0.066242
0.036493
0.140385
-0.030084
-0.068323
-0.178138
-0.040165
0.097340
-0.019086
-0.036304
-0.011922
0.105211
0.110647
-0.007205
-0.273276
0.035837
-0.068506
0.113069
0.005296
-0.117873
-0.115943
0.012970
-0.030745
-0.012008
-0.009136
0.028777
-0.158899
0.067130
-0.075114
-0.179243
-0.011650
0.038036
0.073219
0.040889
0.028633
0.044502
-0.023018
-0.184684
-0.046820
0.068848
-0.227068
-0.141712
0.016740
0.128524
0.016721
0.048467
0.215450
0.096964
-0.064740
-0.065517
-0.020488
0.316021
0.086368
-0.039099
-0.001513
0.012428
0.133353
-0.073502
-0.263820
0.062980
0.103529
0.113027
-0.072580
-0.052863
-0.159691
-0.065217
0.044727
-0.211019
-0.107907
-0.191369
-0.176946
0.040342
-0.061780
-0.043048
0.170200
0.010623
0.161091
-0.044849
-0.080582
-0.025231
0.125736
0.076232
-0.002969
-0.039828
0.172350
-0.041489
-0.004607
0.109786
0.075861
-0.035417
0.007263
-0.022941
-0.007959
-0.122463
0.037804
-0.036858
0.073567
-0.076782
0.147083
-0.008220
-0.033382
0.031730
-0.087488
0.155065
0.008202
-0.065497
0.016556
0.003316
-0.024833
0.075057
-0.014777
-0.033976
-0.117089
-0.063302
0.026950
0.000899
-0.170005
0.102259
-0.012596
0.044974
-0.067724
-0.061504
0.090233
-0.075942
0.173019
0.092864
-0.048979
0.051607
0.164133
0.082302
-0.078025
-0.021964
0.043997
0.069500
0.229732
0.315521
-0.069520
0.155489
-0.029680
0.009949
0.104765
-0.008885
-0.088951
0.008333
0.077841
-0.016852
-0.009062
0.029572
0.089417
0.105033
0.178294
-0.094645
-0.067653
-0.047660
0.087804
-0.065864
-0.107721
-0.032340
0.055564
-0.042287
-0.128162
-0.097391
-0.021375
-0.056158
-0.005197
-0.004176
0.009683
-0.032828
-0.013778
-0.040932
0.153140
-0.096506
0.151936
0.115515
0.209294
0.057360
-0.059684
0.083820
0.220114
-0.074320
-0.230796
-0.150237
0.034888
0.005309
-0.100037
0.100490
-0.080257
0.149152
-0.067855
0.035616
-0.082669
0.046046
-0.067343
-0.075697
-0.040789
0.097355
-0.081268
0.112004
-0.163149
0.140511
0.096058
0.133603
0.077910
-0.082507
0.030181
0.051768
0.064851
0.085426
0.017073
0.054690
0.107726
0.007799
-0.023314
-0.093001
0.158515
0.233111
0.276708
-0.051229
0.030842
-0.056335
0.016678
0.059063
0.033817
0.048130
0.130967
0.106089
0.011834
0.167685
0.004930
-0.005335
-0.053148
0.082644
0.015967
-0.015229
-0.228710
-0.137888
-0.226620
-0.114107
0.022751
0.113085
0.040765
-0.053610
-0.094302
-0.014977
-0.101525
0.037279
-0.035795
0.189493
-0.133139
-0.096683
0.001165
-0.079748
-0.080432
0.101844
-0.018713
-0.053781
0.187370
-0.158095
0.072531
0.042349
-0.003366
0.105926
-0.033557
0.081476
0.205461
-0.100301
0.002523
-0.050518
0.002691
-0.017892
-0.073287
0.076247
-0.159966
-0.130791
0.156664
-0.110088
-0.135568
-0.051431
-0.029198
0.296124
0.016624
-0.031742
0.082887
0.014983
0.052217
-0.122021
-0.102059
-0.012040
-0.020352
0.173407
0.003574
-0.076660
0.071997
0.010628
0.062988
0.086592
-0.012874
-0.115151
-0.042812
-0.141518
0.001221
-0.036557
0.093125
-0.129538
0.117800
-0.080049
-0.092477
0.002005
-0.073223
0.103318
0.014808
-0.140806
-0.046864
0.106159
0.108368
0.039776
-0.111113
-0.086707
0.085256
-0.002138
-0.032008
-0.018859
0.273241
-0.114107
0.002025
0.045899
0.104051
-0.097750
0.120701
-0.058386
0.055546
0.132138
0.059462
-0.206869
0.019613
0.151439
-0.082842
-0.052477
0.032020
0.043129
0.000168
-0.193898
0.054793
-0.009935
0.010410
-0.163836
-0.130387
-0.119335
-0.181114
-0.100717
-0.118585
0.003010
0.111259
0.054004
0.215908
-0.002651
0.122709
0.143959
0.111805
0.023180
-0.043009
-0.044030
-0.178348
-0.017788
0.037500
0.015361
0.029242
0.021205
0.097138
-0.048362
-0.029086
-0.086948
0.000674
-0.086713
-0.171444
0.140680
0.064862
-0.101107
-0.045028
0.054708
-0.025672
-0.211607
-0.003279
-0.192366
0.262445
0.119776
0.198018
-0.088519
0.165505
-0.030766
-0.116153
0.011948
0.124843
0.108457
0.045992
-0.009303
-0.021490
0.040265
-0.041704
0.339041
-0.126796
0.151099
0.004123
-0.172519
0.048688
0.126069
0.106545
0.053888
-0.080072
-0.007662
0.043246
-0.059753
0.229144
-0.044490
0.057978
0.055175
0.014710
-0.085052
-0.196096
0.087220
-0.075186
-0.085721
-0.082925
-0.082391
0.037635
0.066130
0.083748
0.216381
-0.177157
0.238379
0.016668
0.028150
-0.082367
0.021493
-0.139429
-0.117414
-0.040739
0.067713
0.157152
-0.070880
0.007406
0.140600
-0.088737
-0.062070
-0.113950
-0.024308
-0.155963
-0.238912
0.035905
0.025788
0.070234
0.034010
0.038218
0.035285
-0.104462
-0.117547
-0.036289
0.010218
-0.018543
-0.023489
0.092612
-0.238552
0.100149
0.078365
0.114517
0.059055
0.049834
-0.163410
0.060132
0.110895
0.030502
0.066857
0.023644
-0.108750
-0.039961
-0.115380
0.169875
-0.200141
-0.043668
-0.025471
0.069212
0.013477
-0.092822
-0.012557
-0.032294
-0.130655
-0.015029
0.189038
0.197644
0.144999
0.017646
0.072426
0.014081
-0.022532
-0.060878
0.158388
-0.037983
0.071965
0.072404
0.015048
0.075876
-0.035731
-0.136074
0.104054
0.031715
-0.042953
-0.066392
-0.190286
0.051197
-0.057520
0.100174
0.038686
-0.012481
0.098734
-0.096418
-0.078251
0.085257
0.048925
0.084896
-0.009325
0.215660
0.010099
-0.114562
0.020642
0.036009
0.065993
-0.041355
0.003427
-0.104957
-0.071166
-0.116537
0.027222
0.011211
0.152266
0.179379
-0.019410
-0.089809
-0.086709
-0.006050
-0.079258
-0.024200
0.097483
-0.117318
-0.047891
-0.012175
-0.177292
-0.121506
0.183674
-0.152195
-0.012450
-0.033825
-0.099401
-0.023897
-0.044621
0.067469
-0.050494
0.051017
0.137532
0.064701
-0.007618
0.221888
-0.118394
0.031537
-0.058408
-0.099930
0.040275
-0.168378
-0.126234
-0.058988
-0.016887
-0.021283
0.118489
0.117512
0.167437
-0.122774
0.026508
-0.123633
-0.115892
0.022378
0.036728
-0.150478
0.110574
0.086065
-0.006264
0.073441
0.032657
-0.013397
-0.172984
-0.025374
-0.018219
-0.075089
-0.120201
0.041021
-0.086644
-0.112082
-0.238561
0.172218
-0.025327
-0.092664
0.159184
-0.011320
0.044426
-0.052256
0.057393
0.041161
-0.139633
0.075968
0.082746
0.022900
-0.105679
0.082402
-0.003490
-0.079949
0.151157
0.040143
0.076841
-0.067435
0.089888
0.053250
0.071782
-0.068256
-0.012248
-0.001197
-0.176126
0.117101
-0.000593
-0.077937
-0.053164
-0.059775
-0.046511
-0.051427
-0.011680
0.009698
-0.030251
0.190708
0.098156
0.121543
0.048349
-0.003682
0.013742
-0.124178
0.199075
-0.248090
0.050373
0.107933
0.010987
0.036379
0.123111
-0.059937
0.091432
0.008990
0.112713
-0.031069
-0.108745
0.226916
-0.012860
-0.109885
0.059215
0.200908
-0.030677
0.247209
-0.139197
-0.059712
-0.052782
0.176875
-0.031149
-0.097523
-0.036880
-0.099491
-0.035776
-0.078358
-0.126505
-0.054108
0.036367
0.061921
-0.156243
-0.036343
-0.076106
-0.010074
-0.112745
0.044915
0.091662
-0.098797
0.081317
0.098219
0.205740
0.075923
-0.044258
-0.058965
0.067066
-0.189341
-0.033562
-0.000043
-0.018814
-0.038951
-0.104154
-0.114368
-0.160459
0.229885
-0.193368
-0.014161
0.024878
0.103558
-0.080430
0.152958
0.176050
0.091680
0.120115
-0.087529
-0.038053
0.110971
0.117809
-0.101820
0.002813
-0.167970
0.015897
0.122169
-0.017087
0.065522
-0.014125
-0.040531
0.101801
0.142690
-0.170259
0.041946
0.008711
0.215279
-0.042584
0.053725
-0.037355
0.109509
0.010922
0.075740
0.107225
-0.014640
0.018878
-0.061877
-0.136041
0.240153
-0.270944
-0.147579
-0.038659
0.122263
0.017553
0.106578
-0.217754
0.035118
-0.021151
-0.038468
-0.074854
0.103246
0.065464
0.049770
-0.067871
0.033053
-0.056887
0.002595
-0.052150
0.160166
-0.026099
-0.040034
0.027577
0.179538
-0.008291
-0.090241
-0.051056
0.126528
-0.086590
-0.059951
0.151406
0.113362
-0.047942
0.248213
-0.096040
-0.093685
-0.027437
-0.230047
-0.096468
-0.064969
-0.071524
0.036419
0.025758
0.047153
-0.093096
-0.042951
-0.025648
-0.086095
0.124880
0.092403
-0.266278
0.169961
0.083294
-0.004679
0.226331
-0.001433
0.005716
-0.011549
0.002100
0.073151
0.099024
0.024765
-0.218054
0.053310
-0.016736
0.018756
-0.013920
0.089455
-0.065029
-0.102005
0.117288
0.230772
-0.071683
0.107799
0.032528
-0.098418
0.002836
0.231227
-0.042121
-0.109950
0.005688
0.082063
-0.307488
-0.035811
-0.084476
-0.014436
-0.009595
-0.127914
0.071195
0.036964
0.008172
0.000867
-0.124845
-0.087910
-0.066812
0.217558
0.061915
-0.071197
0.149228
-0.161053
-0.051863
-0.127586
0.008038
0.031670
-0.182622
-0.074770
0.070855
-0.010604
0.144503
0.115249
0.044458
0.016289
-0.115184
0.033759
0.012129
-0.105660
0.149109
-0.106155
0.129236
-0.008797
0.035881
-0.083595
0.250138
-0.053650
0.163586
-0.031679
-0.092501
-0.029544
-0.225926
0.109667
0.097389
0.130206
0.137418
0.034318
-0.041757
-0.163459
-0.082330
0.135242
0.079169
-0.096086
0.118501
0.094182
0.088263
0.155057
-0.079747
0.116776
-0.007740
-0.103384
0.023754
0.026945
-0.036701
0.182408
0.052301
0.027437
-0.101664
0.064320
0.196449
0.121398
0.060794
-0.039274
-0.225462
0.090103
-0.088414
0.150262
0.158132
-0.051963
-0.010395
0.024550
-0.125780
0.184667
-0.176203
0.192092
0.165132
0.013286
0.105541
0.068738
0.088351
0.036661
0.118313
-0.076134
0.022431
0.044879
-0.010680
0.045194
-0.030353
-0.189861
-0.170814
-0.021066
0.107316
0.040355
0.129379
-0.045296
0.114603
0.091546
-0.204809
-0.223894
0.016386
-0.024219
-0.057005
0.081224
-0.032927
0.010855
-0.002146
-0.105270
-0.154050
-0.006931
-0.020500
-0.108178
0.157318
-0.113280
0.103211
-0.036810
0.130221
0.176733
0.064541
0.145909
0.093421
-0.090722
-0.114790
0.174981
0.161618
0.032164
0.039574
0.235428
0.167907
-0.051939
0.079398
-0.107753
0.113493
-0.006807
0.106898
-0.165567
-0.056625
0.105041
0.069481
0.009517
0.133736
-0.018920
-0.085912
-0.223658
-0.009859
0.110064
0.095277
0.002499
0.019642
-0.252995
-0.017869
-0.023356
-0.076777
-0.045750
-0.026327
-0.025928
-0.213664
-0.042720
0.008479
-0.107185
0.001134
0.095492
-0.009433
0.037625
-0.097591
-0.029136
-0.126856
0.130023
0.021502
0.048008
-0.149012
0.047737
-0.089916
0.023461
-0.079687
0.052710
-0.157805
-0.073204
-0.033317
-0.148576
0.020847
-0.239693
-0.006929
0.032429
-0.047527
0.011663
-0.121678
0.072205
0.104372
0.079480
-0.087420
0.105133
0.029086
-0.078888
-0.271766
0.174795
-0.103965
-0.126033
0.182084
0.162410
-0.182069
-0.073769
0.017421
-0.019892
-0.099997
0.114249
-0.043567
-0.075351
-0.113955
0.154065
-0.086367
-0.082517
0.133937
0.071260
-0.028370
0.240125
0.162292
-0.289735
-0.023439
0.000440
0.038173
0.022853
0.122969
0.068466
0.087545
-0.051089
-0.064470
0.054830
-0.020762
-0.227647
0.026681
-0.011124
-0.032673
-0.095908
-0.015159
0.066654
0.130839
-0.102882
0.005489
-0.110809
-0.103308
-0.008477
-0.103630
0.151544
0.080144
-0.111157
-0.021684
0.071655
-0.100029
-0.107755
0.086420
-0.049473
-0.032994
0.082902
-0.023278
0.054838
-0.075043
-0.068228
-0.104607
0.088597
0.014178
0.013008
0.019472
-0.141188
-0.148146
0.004042
-0.023963
-0.029844
0.106458
-0.038071
0.060653
-0.197772
-0.062657
0.130714
-0.040479
0.054312
0.126074
0.032985
0.012318
0.021226
0.082202
-0.022791
0.002879
0.092631
0.111305
-0.284049
0.075920
0.063432
-0.033787
-0.208297
0.097472
-0.143451
-0.122876
0.004149
0.101063
0.130703
-0.013921
0.047009
0.098544
-0.102831
0.015079
-0.057392
-0.007169
-0.041284
0.197162
-0.152206
-0.184788
0.089305
-0.007076
0.196841
0.075936
0.005172
0.070102
0.077367
0.070278
-0.172571
-0.034101
-0.107160
0.116707
-0.032815
-0.056629
-0.025590
0.170239
-0.087155
-0.014524
-0.016118
0.034449
0.085487
0.020048
-0.093298
0.013686
-0.166501
-0.017630
0.223177
-0.068055
-0.018579
0.014068
-0.106498
-0.197273
-0.095094
0.058293
0.031626
-0.088385
-0.139929
-0.085848
-0.012225
0.016180
-0.162747
-0.115251
0.094956
-0.115547
0.112234
0.141116
-0.001006
0.055695
0.032364
-0.094788
-0.106967
-0.029185
-0.027119
-0.146722
0.170206
0.073293
-0.026384
-0.129781
-0.151641
-0.069223
0.073669
-0.097290
0.042044
-0.006885
-0.114992
0.017122
0.011724
0.145758
-0.093126
-0.013668
0.002879
0.009134
0.153119
0.101121
0.055723
0.205073
0.185095
0.198059
-0.217958
-0.182724
0.040185
0.110397
0.020501
0.111580
0.025869
0.022303
0.007225
-0.085405
-0.188097
0.080802
0.062586
0.200887
-0.120424
-0.025046
0.069543
-0.162613
-0.028676
0.138850
-0.016007
0.126270
-0.020118
-0.090867
-0.055817
-0.035386
0.019863
-0.039948
0.094798
-0.106968
-0.264960
-0.049428
-0.020404
0.167021
-0.176991
0.113595
-0.011197
0.144849
-0.117647
-0.089097
-0.102399
-0.006946
-0.161446
-0.087027
-0.021701
-0.051439
0.056116
0.020591
-0.067290
-0.182590
0.179389
0.024258
0.036186
-0.216920
0.010185
-0.048525
-0.016952
-0.082692
-0.031770
-0.003968
-0.073884
-0.045277
0.072863
0.003689
-0.015749
-0.173075
-0.057643
-0.002168
-0.007991
-0.085292
0.078191
-0.094712
0.088310
0.033453
0.033128
-0.038820
-0.046395
0.055182
0.045921
0.132657
-0.044306
-0.136603
-0.004778
0.071445
0.112853
0.098850
0.034044
0.045256
-0.019223
0.083069
-0.076673
-0.064733
0.078996
-0.002398
0.031815
0.073943
-0.045023
-0.124199
0.088573
0.021719
0.111764
0.066701
-0.110224
-0.193000
0.141082
0.060944
-0.142214
-0.068873
-0.056744
0.061951
0.066433
-0.108463
0.052091
-0.054409
0.080534
0.125893
-0.054645
0.042949
0.021174
-0.074755
-0.029382
0.197640
0.091871
0.055102
-0.018969
0.079473
0.012310
-0.003829
-0.055360
-0.186778
0.029201
-0.024791
-0.043474
0.244749
-0.212534
0.145634
0.256171
0.034064
0.024432
-0.040996
-0.034566
-0.043104
0.050406
0.012700
0.065654
0.024790
0.069732
-0.080203
-0.124097
-0.025070
-0.028039
0.344645
0.036009
-0.048915
-0.095731
0.002316
0.164597
0.011282
-0.103126
0.136028
-0.147591
0.047683
-0.109481
0.019863
0.041489
-0.007396
0.132795
-0.002969
-0.184694
0.177011
0.028485
-0.233652
0.088292
-0.089293
0.063613
0.244256
-0.007743
-0.033422
-0.048261
-0.027542
0.061182
-0.031656
-0.056620
-0.116609
0.094067
-0.098973
-0.004148
0.184380
-0.223922
-0.023520
0.040877
0.088009
-0.001768
-0.075241
-0.270614
0.184672
-0.114753
-0.228747
-0.009310
-0.174627
0.033009
-0.004876
-0.036350
0.018815
-0.004255
0.225505
-0.060972
-0.115699
0.129923
-0.015993
0.068090
-0.039467
0.073601
-0.026826
0.117094
0.067651
0.195281
0.046444
0.027752
-0.085766
0.107657
-0.242940
0.067062
-0.151587
0.001203
0.051847
0.045853
0.102805
0.099436
0.028676
0.105425
-0.064360
0.211993
-0.233253
0.081213
0.067531
0.080560
-0.054943
0.023665
-0.114681
-0.092464
-0.109861
-0.032527
-0.144761
0.066623
-0.018776
0.203535
-0.013705
-0.160169
-0.117380
0.070732
0.153098
0.226935
-0.023065
0.060232
-0.021258
-0.040744
0.137859
0.170725
-0.087278
-0.189143
-0.148769
0.063863
0.036751
0.035035
-0.010364
-0.095276
0.016436
-0.002853
-0.157945
0.095342
-0.242408
0.018480
-0.003204
-0.159516
0.058775
-0.151372
-0.156271
-0.133035
0.096956
-0.183046
0.092472
-0.053894
0.029928
0.150006
0.094893
-0.202361
0.040847
-0.231921
-0.079668
0.137102
-0.011464
0.117508
0.020654
0.114685
-0.102230
-0.009608
-0.081324
0.012764
0.077152
-0.034876
0.034374
-0.025023
-0.067559
-0.106006
-0.137062
0.059890
-0.042391
-0.005312
0.002696
-0.163349
0.161044
0.275075
-0.070935
0.071805
-0.085164
-0.036354
-0.004793
0.129487
0.071741
-0.072771
0.064983
0.029328
-0.037536
-0.028960
0.107060
0.116637
0.148320
-0.111676
-0.008788
-0.020873
-0.089201
-0.009712
-0.081413
-0.177508
-0.062420
-0.056448
-0.087877
-0.078816
-0.144014
-0.048859
-0.065621
0.042968
-0.043260
-0.079104
0.169110
0.198754
-0.132214
-0.048713
-0.047874
-0.080824
0.015707
-0.106755
0.142039
0.085839
0.005917
-0.068731
-0.279966
-0.026819
-0.116234
-0.027212
-0.111373
-0.101736
-0.084148
-0.018289
-0.074314
0.021480
0.069913
-0.095077
0.036122
-0.036807
-0.056017
-0.146946
-0.069304
0.064195
-0.094652
-0.094015
0.051888
0.048529
0.140060
0.074266
-0.183535
0.005918
0.043401
0.005991
0.098859
0.080214
0.003444
-0.102835
-0.048928
-0.162798
0.256290
0.013758
0.095976
-0.052250
-0.064729
0.088842
0.016489
0.033007
0.074708
0.113466
0.024746
0.102058
-0.096564
-0.105824
-0.100188
-0.042284
0.010892
0.017689
-0.086951
0.049507
-0.016741
-0.058631
-0.079301
-0.051643
-0.000180
0.013070
0.041338
-0.041714
0.092636
-0.025084
0.060106
0.146283
0.004703
-0.085371
0.034648
-0.021580
0.053256
-0.074171
-0.060575
-0.069137
0.014100
-0.133953
0.049669
-0.044128
0.014644
-0.010861
-0.022991
-0.066601
0.045528
-0.053995
-0.009674
-0.028343
-0.102416
0.130058
-0.180899
-0.096299
0.028306
-0.212625
-0.059627
-0.007003
-0.178675
-0.086974
0.053052
-0.024208
-0.084809
-0.084645
-0.010877
-0.217674
0.138060
0.068231
0.015067
-0.142805
0.084985
-0.153038
0.134282
0.137410
-0.049416
0.125477
0.046188
0.081977
0.050684
-0.237179
-0.034938
-0.043042
0.159730
-0.145065
0.076683
0.079120
-0.109884
0.216630
-0.105034
-0.028635
-0.012765
-0.196064
0.081204
-0.002506
0.116281
0.162795
-0.051649
0.082407
0.036876
-0.155258
-0.033743
-0.025044
-0.169839
-0.011664
0.165743
-0.002653
0.042993
0.020978
-0.138851
-0.236885
0.146837
0.085076
0.067629
0.076578
-0.010751
-0.075062
0.010062
-0.068263
-0.066203
0.124471
-0.083442
-0.196789
-0.026258
0.137526
0.005300
-0.017031
-0.006334
-0.013747
0.020810
-0.151303
-0.149989
0.020310
0.001495
-0.080083
-0.205112
-0.019103
-0.008438
-0.076392
0.024937
0.119565
-0.223567
-0.075281
0.067519
0.089296
0.134228
-0.059352
0.199961
0.009887
-0.064940
-0.144728
0.005353
0.157639
0.108875
0.060274
0.036462
0.025025
0.016233
0.040773
0.025077
-0.065547
0.123754
-0.049098
0.018707
-0.166919
0.166473
-0.043896
0.075323
-0.223953
0.159675
-0.041618
-0.065792
-0.102149
-0.067129
-0.028742
0.001000
0.050137
0.041717
0.169943
0.067613
0.044979
0.011084
-0.047856
-0.096351
0.153447
-0.107152
0.104443
0.123272
0.084101
0.158113
-0.011439
-0.023120
-0.120572
-0.003464
0.126669
0.143575
-0.079460
-0.086239
-0.030290
-0.103763
-0.092434
0.210412
0.035561
0.008720
0.050270
-0.119936
0.136229
-0.105730
0.100501
-0.079577
0.079864
-0.086438
-0.059508
-0.088382
0.099184
-0.082614
0.050024
0.199987
0.034209
-0.026378
0.122875
0.085520
0.026328
0.027196
0.008374
0.033217
-0.026085
0.055387
0.213767
0.032176
-0.071147
0.113568
0.006198
-0.007534
-0.054732
0.041524
0.119383
0.022993
0.022940
-0.059060
-0.122749
-0.191662
0.149937
-0.060795
-0.030522
-0.178513
-0.122663
0.028708
0.186797
0.087791
-0.147587
0.059500
-0.124838
0.004589
-0.029253
-0.029724
-0.072040
0.052268
0.002070
0.052197
-0.034769
-0.109718
-0.097175
-0.273675
-0.076241
0.091116
0.188729
-0.023103
0.009474
0.065419
-0.044994
0.008213
0.011086
-0.128182
-0.002307
-0.042483
0.110204
0.150713
-0.083468
-0.031581
-0.100270
0.165438
-0.026400
-0.075853
0.056799
0.041998
0.074170
0.047732
0.120267
-0.087388
0.045764
0.038753
-0.028663
0.028582
-0.053727
0.030748
-0.245335
0.189468
0.175710
0.015502
0.117398
0.029146
0.126333
0.105513
-0.061411
-0.095325
-0.050953
-0.003367
-0.146483
0.077332
0.087626
0.249700
0.006411
0.036365
0.163569
-0.133030
0.016235
0.004862
-0.009763
-0.040060
-0.015408
0.020147
0.093852
-0.058224
-0.094616
-0.190367
0.035531
-0.144895
0.026374
-0.116806
0.084080
0.057521
0.091936
-0.184787
0.000992
-0.251042
-0.050760
-0.016917
-0.008037
0.107021
-0.116072
0.012987
0.055303
0.012897
0.120118
0.096370
0.039664
-0.172972
-0.003132
0.063203
0.114063
-0.127129
0.033270
0.033850
-0.069509
0.099733
-0.134091
-0.032245
0.042969
-0.084660
-0.135051
-0.002708
-0.008734
0.033777
0.015807
0.042638
0.052275
-0.012794
0.044252
0.119548
-0.135833
0.063549
-0.122089
-0.143443
-0.020596
-0.121044
0.068903
-0.086803
0.210674
0.007133
-0.025655
0.074007
-0.070458
-0.002680
0.054674
0.021073
-0.007636
-0.125747
0.174777
-0.112870
0.116862
-0.146897
-0.037275
-0.033003
-0.029732
0.093468
0.204731
-0.070704
0.061798
-0.039417
-0.112607
-0.134736
0.120979
0.077943
0.011916
-0.063335
-0.062467
0.134134
0.148808
-0.011817
0.025340
0.086629
0.147445
0.056973
0.107475
0.055345
-0.066146
0.060542
-0.216284
-0.056055
0.076968
0.013762
-0.016307
0.052838
-0.054220
-0.028815
0.018997
-0.027757
0.059470
-0.082975
-0.019268
0.028348
-0.112627
-0.129263
0.021379
0.153348
-0.150801
-0.190203
-0.142398
-0.061424
0.114519
0.132605
-0.043322
0.093865
-0.147704
-0.070632
0.115430
0.117737
-0.188646
-0.189183
0.032482
-0.066437
0.033147
0.071449
-0.115193
-0.079774
0.026510
0.043291
-0.034859
0.117441
0.045496
-0.007017
0.016464
-0.048291
0.223719
-0.010550
0.018365
0.060221
-0.056947
-0.052466
-0.020513
-0.141617
-0.208960
0.266284
0.023900
-0.008758
0.085507
0.020026
0.069326
0.017790
0.209971
0.019952
0.056981
0.009763
-0.209260
0.036129
0.076175
0.070603
-0.190172
-0.196828
0.034568
0.071661
-0.045242
-0.062203
-0.134433
-0.189814
-0.298685
-0.038715
-0.061210
0.081299
-0.159680
-0.063198
0.116577
0.054109
-0.046546
-0.067600
0.104621
0.009028
-0.027258
0.104447
0.105632
0.120294
0.043137
-0.037930
-0.004756
0.113940
-0.122686
0.108306
-0.044127
-0.003669
0.037746
0.068115
0.070335
0.173016
0.049897
0.251678
-0.028343
0.120879
-0.051497
0.011174
-0.149409
-0.000065
0.086617
-0.015846
0.146168
-0.014531
-0.038675
0.166041
-0.078781
-0.098694
0.060119
0.078635
-0.049375
-0.127135
0.006644
0.071597
-0.096224
0.079739
-0.042302
0.035921
0.172814
-0.066800
-0.022481
0.060045
-0.000421
0.108754
0.062509
-0.226432
-0.016086
-0.108753
-0.183082
0.007856
-0.101456
0.041262
0.102066
0.047573
0.204548
-0.069050
-0.049647
-0.091822
0.063329
0.047764
-0.178980
0.116573
0.130912
0.093507
0.045916
-0.175310
0.044487
0.125241
-0.022601
-0.019102
0.160903
-0.130006
0.015202
-0.116077
0.044748
-0.046167
0.034965
-0.098957
-0.183743
0.043612
0.139825
0.119263
0.065832
0.241590
-0.032478
-0.036446
-0.098393
0.244899
-0.070912
-0.000441
0.106762
-0.086048
-0.068024
0.098313
-0.045991
-0.038035
0.087134
0.158641
0.207724
-0.026082
-0.037833
0.079608
0.005212
0.025931
0.003689
-0.083003
-0.141024
0.046105
0.054131
-0.077961
0.041794
-0.064920
-0.133333
-0.011609
-0.017888
-0.065806
-0.046941
-0.160656
0.062950
-0.199649
0.081222
-0.083722
0.140972
-0.138181
0.151073
0.001675
-0.176200
-0.148508
0.139627
-0.020244
-0.054520
-0.061701
0.000433
0.006617
-0.187409
-0.062730
0.167846
0.097156
0.054640
-0.039176
0.070136
-0.164869
-0.016186
-0.144447
0.156005
0.070691
0.123833
0.052436
-0.070857
-0.194136
-0.041691
0.070554
-0.032811
-0.044041
0.069174
0.009962
0.099864
0.013730
0.018072
-0.002986
0.025639
-0.166683
0.101352
0.014792
-0.099017
0.030855
-0.034490
-0.080493
-0.175656
-0.102892
0.047249
0.055863
0.103666
0.057537
0.048366
0.016561
-0.095211
0.025550
-0.121266
-0.042469
0.187336
-0.084160
0.085944
-0.172537
0.073733
-0.005769
-0.004731
0.143241
0.088539
0.072413
-0.065304
-0.042585
0.000938
-0.030996
0.073880
-0.021565
-0.134579
-0.043301
-0.176477
-0.005978
-0.224713
0.075971
0.057074
-0.088290
0.110682
-0.013842
-0.278490
-0.072858
0.183231
0.099537
-0.251539
0.061558
0.011178
-0.245701
-0.045559
0.114347
-0.096428
-0.139826
0.105173
-0.025570
-0.043327
-0.066133
-0.110172
-0.126302
0.191411
0.216444
0.054576
-0.053123
-0.123490
0.090789
-0.069639
-0.060920
0.089051
-0.128350
0.098400
0.201087
0.045855
0.008144
0.107091
-0.142154
-0.103895
0.070102
0.121707
0.047557
-0.036987
0.091296
-0.144267
-0.041507
-0.069195
-0.062453
0.098273
0.101537
0.084327
-0.044366
-0.078730
-0.006114
0.030966
-0.137310
-0.139041
-0.011548
-0.106206
0.041650
-0.109290
-0.084981
-0.046172
0.122209
0.056866
0.034150
-0.011251
0.102814
0.083323
0.245045
0.199522
0.232060
-0.092959
0.139514
-0.209332
-0.078404
-0.064884
0.098916
-0.105190
0.118546
0.050129
-0.082033
0.056065
0.228820
0.092918
-0.050915
0.086953
-0.159050
0.095044
0.174526
-0.036662
-0.051209
0.030901
0.003955
0.187684
-0.094999
0.127336
0.184529
0.130342
-0.070713
0.151333
0.010409
-0.204674
-0.017360
0.192493
-0.053668
-0.004080
0.007461
0.185664
0.007444
-0.111835
-0.074409
-0.224239
0.095636
0.107422
-0.042888
0.049149
0.162735
-0.082337
0.124341
-0.006348
0.057843
0.144708
-0.205587
0.214727
0.160033
-0.041226
0.010209
0.138133
0.151465
0.021297
-0.022383
-0.117135
-0.111719
-0.094222
-0.169779
0.076875
-0.101876
-0.018764
0.019895
-0.048467
-0.095729
-0.101363
0.102267
0.030639
0.007357
-0.118966
0.119954
-0.013869
0.214709
-0.173331
-0.024543
0.088749
0.224143
0.053355
0.004361
-0.037609
-0.043261
0.094019
-0.021285
0.093352
-0.011324
0.002714
0.247402
0.053165
0.031080
-0.001835
0.211800
0.092069
0.069984
-0.094527
0.101449
-0.011198
-0.115295
-0.058258
0.177551
-0.074273
0.000441
0.053218
0.176637
-0.085305
-0.034133
-0.000232
-0.000613
-0.061014
-0.130512
-0.068350
-0.174732
-0.175080
0.023058
0.045548
-0.084973
-0.011638
0.136101
0.031041
0.228147
-0.021991
-0.172318
0.224828
0.179063
0.124399
-0.124156
-0.000025
-0.039895
0.122327
0.000197
0.086097
-0.107990
-0.161812
0.086554
-0.122558
-0.036928
-0.137500
0.107711
-0.001985
-0.003405
0.043606
0.051676
-0.009437
0.021856
0.050595
-0.040610
0.063523
-0.086469
0.138589
-0.015117
-0.092842
-0.069198
-0.037947
0.023330
0.047097
0.012198
0.196828
0.076049
0.177050
-0.005165
0.040752
0.013894
-0.199027
-0.012717
-0.026757
0.160907
0.022807
-0.002029
0.161323
-0.087152
-0.026653
-0.054210
-0.116749
0.010313
0.099052
0.099242
0.015770
0.184824
-0.001511
-0.002570
-0.047978
-0.119537
-0.099400
-0.002770
0.101141
0.102113
0.156121
-0.120261
0.094345
-0.132843
0.135693
0.141014
-0.034048
-0.084597
0.066846
0.015556
-0.101831
-0.109378
0.035010
-0.045475
0.124128
0.029843
-0.064084
-0.159355
0.035157
-0.115972
0.136461
-0.027389
-0.016281
0.127085
0.009139
-0.051467
-0.001930
0.062670
-0.061045
-0.018876
0.063275
0.008521
-0.019056
-0.201778
0.071808
0.044816
-0.065672
0.116099
-0.022420
0.160900
-0.079257
-0.038634
0.032460
-0.143599
-0.229295
-0.008496
0.071193
-0.120197
0.075175
0.100382
-0.023752
0.172623
-0.032794
-0.032763
-0.097939
-0.185401
0.319069
0.131356
-0.069587
-0.120017
-0.153379
-0.119639
0.042088
-0.007508
-0.000111
-0.103896
-0.060279
0.160365
-0.178682
0.032359
-0.130193
-0.005520
0.143647
-0.029134
-0.201239
-0.117570
0.061156
-0.046241
0.157921
-0.071098
-0.022767
0.019787
-0.165313
-0.038469
-0.098628
-0.182683
-0.068368
-0.164803
-0.052095
-0.037531
0.272173
-0.060751
0.185088
0.203470
0.144199
-0.105137
-0.071837
0.081070
0.190207
0.092216
-0.008731
0.115144
-0.085088
0.150995
-0.169045
0.014937
0.058723
0.129597
0.030622
0.094189
-0.052566
0.151662
0.064356
-0.010100
0.001568
-0.111521
-0.123626
0.144466
-0.051554
0.079985
-0.029809
-0.098970
-0.036235
-0.008703
-0.270456
-0.049048
0.024456
0.018695
0.160461
-0.046690
-0.013501
0.115910
-0.135851
0.050570
0.002848
-0.032260
-0.060438
-0.128125
-0.089343
0.063270
0.000371
-0.129078
0.142113
-0.135487
0.133818
0.063016
-0.041828
-0.130225
-0.112690
-0.033335
0.090964
0.091841
0.004596
-0.180905
-0.044897
-0.018128
-0.065679
-0.118864
0.006549
-0.109594
0.002974
0.106424
0.019023
-0.121353
-0.015601
0.000325
0.197007
-0.022210
0.030424
-0.106965
0.028155
-0.028283
0.130247
0.147314
-0.018939
0.059170
-0.057945
-0.064269
0.144512
0.067113
0.132182
-0.040718
0.088628
0.003264
-0.117862
0.014971
-0.103622
-0.109710
-0.137988
0.140785
0.083021
-0.054688
-0.011038
0.013785
0.022719
0.004897
0.016484
-0.057351
0.059358
0.056436
0.053811
-0.137927
-0.036523
-0.050361
-0.032674
-0.005357
0.097436
-0.018117
0.123923
0.097094
0.055465
-0.117320
0.166853
-0.088092
0.050287
0.064332
-0.090468
0.080268
0.126266
-0.104918
0.032723
-0.056071
0.069153
-0.018416
-0.151967
0.197633
0.000855
-0.077823
-0.025090
0.052680
0.167409
-0.137919
-0.151603
0.093847
0.053594
-0.018992
-0.016808
-0.036481
0.062819
0.078328
0.045693
0.099319
0.007327
0.060065
0.041580
0.010185
-0.075758
-0.120793
-0.062886
-0.082790
-0.011876
-0.038260
-0.066008
-0.016979
-0.016545
-0.025205
-0.130771
-0.202144
-0.041060
0.085410
-0.007440
0.101145
0.107219
-0.044169
-0.059023
-0.057272
-0.021720
-0.098010
-0.000215
-0.110317
-0.079278
-0.079275
0.051961
0.008952
-0.050520
0.016849
-0.068959
-0.148742
0.012538
0.070295
0.081509
0.040877
-0.079538
0.089159
-0.041088
-0.176484
0.108787
-0.123573
-0.076409
-0.015405
0.160764
-0.016238
-0.017185
0.029741
-0.015475
0.040942
-0.084423
-0.040864
-0.053491
-0.051486
-0.102227
-0.038528
-0.027434
-0.009220
-0.056535
-0.150055
-0.157852
-0.008243
-0.086288
-0.043123
-0.094404
-0.226104
0.030657
0.164693
0.060341
-0.107619
-0.052912
-0.039091
0.088003
0.072430
0.120281
0.081586
0.086429
0.049574
0.088128
-0.059253
-0.104968
-0.051674
-0.022323
0.067001
0.176406
-0.128576
-0.049073
0.030439
0.145522
-0.131810
-0.100869
0.017392
0.073115
0.009019
0.034689
-0.057847
0.035448
0.073162
0.026673
0.021216
-0.138339
0.030165
-0.024417
0.035145
-0.073077
-0.002873
0.036607
0.092231
-0.062034
-0.163718
-0.101545
-0.002664
0.070644
0.051491
0.077298
-0.039640
0.019306
-0.087731
-0.027719
0.189970
-0.145261
-0.027472
-0.055826
0.123623
0.030930
0.140743
0.033853
0.139657
0.030323
-0.161385
0.011563
0.001397
-0.021484
-0.145051
-0.031085
0.009326
-0.095953
0.155623
-0.041072
-0.050512
0.038133
-0.130449
0.087514
0.175164
-0.126017
0.028966
0.046238
-0.062840
0.146835
-0.137241
0.024216
-0.009921
0.042492
0.065462
-0.101525
-0.008023
-0.048410
0.004162
-0.128220
-0.004920
0.237032
0.133997
0.017999
0.000920
0.268563
0.117029
0.122026
-0.045481
-0.054080
0.007040
-0.137760
0.047365
-0.051825
0.085558
-0.036148
-0.110231
0.014968
-0.077224
0.205864
0.042576
0.046265
0.001808
-0.023192
-0.051358
0.145230
-0.025059
-0.106388
0.026288
0.050190
-0.035785
-0.061173
-0.036564
-0.025680
0.054757
0.074750
0.012389
0.036604
-0.042763
-0.134147
-0.131118
-0.014807
-0.005040
-0.108349
0.039031
0.085252
0.015968
-0.013592
0.089576
0.082074
0.199983
-0.068914
0.059691
-0.069721
0.090056
0.006077
0.089027
-0.234450
-0.158707
-0.042336
-0.118317
-0.066650
-0.227766
-0.040218
-0.064240
-0.137449
0.209301
0.111630
-0.248494
-0.070669
-0.161142
-0.085586
0.022432
0.075637
0.169030
-0.099280
-0.158356
-0.090012
-0.183169
-0.080420
-0.072951
0.014231
0.019505
0.033579
0.098338
0.130994
-0.176409
-0.138253
-0.115952
-0.052451
0.060692
-0.034960
-0.090134
-0.041027
-0.266967
0.015868
-0.017524
-0.141649
0.012948
0.080795
0.098771
0.025658
-0.094239
-0.010485
-0.149849
-0.211658
0.058104
0.007291
0.064268
-0.084208
-0.033985
0.128817
-0.128019
0.074034
0.049219
-0.175497
0.044417
-0.002631
-0.340220
-0.033901
-0.098188
0.085078
-0.008888
-0.246170
-0.316557
0.040829
-0.144715
0.129319
-0.154615
-0.023221
0.106403
0.016984
-0.186417
-0.008127
-0.001846
0.089498
-0.133539
0.079622
0.174635
-0.155826
-0.055821
0.024249
0.143562
-0.118337
-0.111872
0.055548
0.203393
0.038519
-0.028264
0.278910
0.043122
-0.037563
-0.183435
-0.091608
0.149258
-0.071131
0.105959
-0.125332
0.103206
0.023502
0.042479
-0.153848
0.019666
-0.117577
0.039005
0.097799
0.011361
-0.128302
0.050246
-0.037058
-0.063968
-0.028647
-0.006594
0.151689
0.158499
-0.169027
-0.036170
0.099271
0.148211
0.013409
0.170163
0.064778
-0.220417
0.126775
-0.115004
-0.051792
0.108870
0.028379
-0.021589
-0.063646
0.118311
0.150465
-0.119098
-0.027304
-0.061092
0.068142
0.135755
0.016444
0.136806
-0.076340
0.053676
0.011258
0.147988
-0.007171
0.098723
0.008669
0.003727
-0.235878
0.088123
-0.024430
0.002692
0.193743
-0.019754
0.069379
-0.155814
0.062847
-0.039821
0.009622
-0.028659
0.061977
-0.122389
-0.049694
-0.019325
-0.020284
0.015076
-0.206929
0.027096
-0.057194
-0.071228
-0.185843
-0.083660
-0.030132
-0.034031
0.056518
0.007402
-0.049056
-0.108839
-0.034535
-0.156303
0.033160
-0.017415
0.055955
0.065190
-0.048527
0.079824
-0.008988
-0.028399
0.024446
0.028575
0.170058
0.031276
-0.119506
0.178589
0.052762
0.010960
0.114318
0.043916
0.037023
-0.110702
-0.042736
-0.065829
0.039197
0.007039
-0.138893
-0.187282
-0.081088
0.135570
0.243097
-0.055469
0.014360
-0.113544
-0.018959
-0.016011
0.077716
-0.112255
0.090718
0.037452
-0.032729
0.118178
0.036382
0.050146
0.043813
0.015975
-0.088253
0.085420
-0.027764
0.123601
0.163809
-0.061419
-0.035415
0.044659
0.062125
-0.154804
-0.068491
0.157717
-0.099514
-0.039471
-0.085031
0.036510
-0.309927
-0.005839
-0.047367
0.025570
-0.115709
0.012144
0.142594
0.043829
0.133317
-0.039608
-0.074920
-0.048243
-0.124351
0.117605
0.107049
0.035035
-0.080695
0.012151
-0.134602
-0.033456
-0.148796
-0.278857
0.124825
0.042159
-0.075625
0.176459
-0.030978
-0.106553
-0.107210
-0.001130
0.048685
-0.047181
0.050046
0.183688
-0.118441
-0.167651
0.105562
0.001448
0.035533
0.012415
0.022696
-0.012332
-0.168041
0.117268
0.122106
0.014847
0.059637
-0.088049
0.016643
-0.134659
0.044304
0.105958
0.008780
-0.030335
0.007572
0.022437
0.090059
-0.026354
0.036553
-0.172290
0.083216
-0.103491
0.057231
-0.207295
-0.057041
0.038868
0.070729
0.117288
0.086081
0.046141
-0.078128
-0.133981
0.202217
-0.015475
0.097151
0.039851
-0.048903
-0.087653
0.030926
0.059666
0.004316
-0.031085
0.137721
0.154768
-0.225880
-0.090575
0.051125
-0.109794
-0.045744
0.074786
0.083785
-0.051426
0.055501
-0.065367
0.148413
0.068178
0.072824
0.087690
-0.139288
-0.021609
0.140516
-0.101120
-0.099395
0.085940
0.143541
0.082047
-0.000449
-0.067479
0.216906
0.134632
-0.131920
-0.108280
-0.276128
0.061817
-0.020795
-0.147092
0.036381
-0.100335
-0.077910
0.060622
-0.154756
-0.126906
0.073311
0.005242
-0.031710
0.025443
0.048617
-0.079788
0.201824
-0.019532
0.034711
0.075009
0.072783
0.016511
-0.066387
-0.001279
0.217859
-0.181531
0.039056
-0.153581
0.101756
-0.002942
0.067435
-0.077908
-0.005457
-0.070752
0.017150
-0.096914
-0.057939
-0.002904
0.077734
-0.073098
0.138232
0.013728
0.059955
-0.110392
0.017060
-0.117335
0.021258
0.180106
-0.095107
-0.069301
0.049049
-0.089681
-0.181613
0.021421
0.053811
-0.030207
0.073326
-0.006609
0.083387
0.067147
0.086598
0.092684
-0.131649
0.124975
-0.074773
-0.103304
0.075239
-0.015172
0.094722
-0.020408
0.001027
-0.102828
-0.014640
-0.022797
0.129948
-0.022624
-0.022330
-0.150885
0.070219
-0.087318
-0.004331
-0.040663
-0.003295
0.034559
-0.117101
0.102951
0.071560
0.039633
0.110746
-0.085967
0.076884
0.098922
0.007839
0.124076
0.064640
-0.015343
0.114206
0.029991
0.015802
-0.064305
0.050125
-0.006457
-0.071849
0.057986
0.106710
-0.016584
0.198439
0.137701
0.027749
0.094912
0.138590
0.029193
-0.020914
0.068327
-0.038773
0.121660
-0.042986
-0.016725
-0.051134
-0.054418
0.001630
0.017380
-0.042208
-0.060383
-0.106250
-0.016579
-0.054008
-0.025410
-0.080312
0.083906
-0.041386
0.107127
0.069002
0.123962
0.068102
0.112643
0.037730
-0.051969
-0.013673
-0.022033
0.097645
0.183144
0.090295
-0.004651
0.229342
-0.147884
-0.051021
-0.056800
0.008223
-0.018313
0.002807
0.104838
0.161835
-0.132236
0.154136
0.009908
-0.109308
0.096229
-0.006839
-0.081525
0.051822
-0.144684
0.095519
0.105066
0.082154
-0.067519
-0.055452
-0.033725
-0.051755
0.006451
-0.005665
0.043911
-0.002114
-0.011269
0.050669
-0.240938
-0.042376
0.222597
-0.054275
0.114166
0.084341
-0.183097
-0.060032
-0.203213
-0.076774
-0.043130
-0.100711
0.078721
0.030991
-0.026873
-0.145539
0.055414
-0.032595
-0.056686
0.064963
-0.113941
-0.041352
-0.165124
0.058787
0.199858
0.055683
0.013924
0.048446
-0.031005
-0.079829
-0.018950
0.104676
0.038460
0.101662
0.038522
-0.139623
-0.068374
0.054790
-0.117503
0.036142
-0.007758
0.045895
-0.029904
0.102614
-0.091968
-0.032980
-0.096954
-0.094090
0.051166
0.011163
0.003200
0.127097
0.009918
0.059677
-0.181948
-0.011086
-0.024807
-0.260802
0.056684
-0.238568
-0.070699
-0.054103
-0.010538
-0.074084
0.028830
-0.116640
0.081016
-0.112781
0.047326
0.114773
-0.009140
-0.150231
0.117710
-0.102554
0.119914
-0.129828
0.209175
0.085124
-0.109349
0.108887
0.127260
-0.051484
0.095385
0.037737
-0.098407
-0.071731
-0.186076
-0.007863
0.121120
0.000577
-0.143980
0.126161
0.063737
-0.058238
0.015873
-0.012917
-0.120950
-0.094458
0.065555
-0.006965
-0.061446
-0.024338
-0.146896
0.077705
-0.190469
0.007827
-0.071169
-0.109674
0.115761
0.018918
0.121357
-0.125866
-0.055779
-0.031557
0.027830
0.163477
-0.009683
-0.124399
0.162646
0.110448
-0.055411
0.160092
0.048725
0.020712
0.019726
0.133766
-0.067826
0.106935
0.168785
0.069052
0.202346
0.036295
-0.085652
-0.076151
0.242907
0.093146
-0.016378
0.105587
0.067517
-0.086316
0.006797
0.096026
-0.049357
0.002867
0.168884
0.051014
0.036142
-0.128397
-0.016688
-0.114945
-0.373731
-0.183134
0.129459
-0.104437
-0.016825
-0.076752
0.106009
0.076141
-0.022344
0.165012
0.052309
-0.003781
0.015132
-0.050814
-0.046374
-0.021785
0.024308
-0.118195
0.112859
-0.153738
-0.006300
0.080968
-0.112187
0.117703
0.081955
-0.043987
0.075813
-0.087425
-0.100538
0.223210
0.070681
0.105926
0.063704
-0.074499
-0.103284
-0.024259
-0.010346
0.127620
0.261202
0.062172
-0.053379
-0.033437
0.045789
0.152382
-0.100722
0.123517
0.196365
-0.121597
-0.030045
-0.056200
0.032621
-0.096152
-0.139563
-0.013188
0.180833
-0.202116
-0.021923
-0.003222
-0.009440
-0.176176
-0.097613
0.144705
-0.092447
0.028010
0.063583
0.056872
-0.114266
-0.046058
0.081414
0.205505
0.055257
-0.034472
-0.040358
0.152317
0.195791
0.096888
0.068278
-0.145496
-0.049309
-0.182964
0.286597
-0.011699
0.092125
0.123346
-0.075606
-0.222391
-0.092186
-0.084794
-0.085973
-0.043630
-0.050500
0.142882
0.024819
-0.107580
-0.046684
-0.025353
-0.054180
-0.059607
-0.053475
-0.051639
0.037743
0.168826
-0.116509
-0.105113
0.005595
-0.013762
-0.037030
-0.044919
0.135316
-0.031699
0.108260
0.172006
0.071636
-0.042856
-0.027062
0.000626
0.048206
-0.156065
0.098199
0.109209
0.004822
0.038712
0.146936
0.019039
-0.028560
-0.095472
0.016038
0.106110
-0.180609
0.080541
0.025418
0.058865
0.217946
0.091742
0.085706
0.030691
0.162495
0.018208
0.023008
0.005798
-0.020331
0.019991
0.036659
0.081011
0.060375
0.086102
0.138604
-0.072429
-0.044458
0.034362
-0.037479
0.028887
-0.192678
-0.051861
0.158946
-0.158603
-0.066064
-0.026732
0.006189
0.063005
0.027904
-0.044125
-0.181327
-0.000861
0.062859
0.055319
0.035165
0.000035
0.149549
0.144419
0.017955
0.056026
0.130381
-0.072459
-0.081873
-0.154633
-0.032596
0.118016
-0.158376
0.017713
-0.009508
-0.054852
-0.054351
0.141215
-0.074232
-0.117159
0.043463
0.115682
-0.003749
-0.050653
-0.204251
-0.036942
0.073533
-0.010127
-0.216586
-0.078773
0.112112
0.149381
0.077706
0.077775
-0.066616
-0.097727
0.090167
-0.029512
-0.077972
-0.040544
-0.061084
-0.040616
0.000810
-0.036547
0.041855
-0.007652
0.167559
0.149804
-0.106650
0.061470
-0.002953
-0.078653
-0.058800
0.006312
0.014805
0.085939
-0.155645
0.017767
-0.007537
0.189679
0.095774
-0.065456
-0.171129
-0.026610
-0.001077
0.137903
-0.114473
0.072603
0.029893
-0.053549
-0.180218
-0.017076
-0.073320
0.063308
0.040544
0.066133
-0.132803
0.096055
0.023846
0.174943
-0.061592
0.063754
0.047562
-0.138556
-0.071778
-0.086452
-0.127466
-0.062990
0.008129
-0.105626
0.048176
0.009580
0.176496
0.181940
0.002869
-0.059026
-0.117311
0.087840
-0.126169
-0.062479
0.030744
-0.058317
-0.097892
-0.169071
0.172401
-0.165497
0.074433
0.106180
-0.210720
0.067304
-0.151942
-0.020579
-0.209162
0.121901
-0.161051
0.034806
-0.022462
-0.032485
-0.041000
0.125474
-0.050137
-0.125862
-0.013351
-0.148730
0.241002
-0.034580
-0.035597
-0.080463
-0.014558
-0.145861
-0.000271
-0.120562
-0.022264
0.094027
-0.003041
0.050967
-0.012907
0.096109
-0.028135
0.048318
0.026974
0.011584
-0.033198
0.097441
-0.085602
0.116250
-0.045321
-0.032998
-0.082400
0.116885
-0.089227
-0.086214
0.039420
0.110377
0.086554
-0.202039
-0.120486
-0.034148
-0.151816
0.027702
-0.084221
-0.013545
-0.065776
-0.285088
-0.123745
-0.046397
0.112921
0.168518
-0.058671
-0.031841
0.081068
-0.062077
-0.128132
0.067355
-0.072390
0.025859
-0.073091
0.004198
-0.052604
-0.152782
0.071265
0.119645
0.061230
0.022335
0.104226
0.101255
-0.112268
0.021052
0.144410
-0.156947
-0.004955
-0.051184
-0.073181
0.135582
-0.007358
-0.100120
-0.019824
-0.167522
-0.178303
-0.120893
-0.023818
0.087743
0.144425
-0.163112
-0.044628
-0.033987
-0.212605
0.051254
-0.128127
-0.002131
0.044149
0.134044
-0.049193
-0.155549
0.027940
-0.026733
-0.136147
-0.037958
-0.057006
-0.170971
0.043145
-0.153838
0.031656
0.146979
0.065772
-0.019271
0.036511
-0.116286
0.115838
-0.022391
-0.003267
-0.162100
0.129423
-0.019338
-0.097798
-0.090356
-0.167460
0.197764
0.164735
-0.034561
-0.038140
-0.085923
0.183767
0.007207
-0.031260
-0.098777
-0.055228
-0.017416
-0.031020
-0.032613
-0.147003
-0.056896
-0.086903
0.146802
0.188613
-0.075882
-0.135219
0.021484
-0.020694
-0.010001
0.047404
0.145924
-0.016341
-0.105405
0.129072
0.027324
0.026135
0.049346
0.063119
0.158728
-0.091891
0.086432
-0.096085
0.091121
0.009986
-0.052775
0.028554
0.031931
-0.096184
-0.057470
-0.224326
0.059023
-0.017640
-0.083768
0.201372
0.000678
-0.066842
0.012418
-0.012644
-0.034413
0.019258
0.255106
-0.078403
0.062166
-0.068540
0.030690
-0.120460
0.010297
0.243833
-0.011627
0.041592
0.072054
0.151187
0.019903
0.089315
-0.110226
0.048336
-0.012653
0.074320
-0.118421
0.028124
0.070519
0.001040
-0.091506
-0.037391
0.114696
0.097653
0.068581
-0.090503
0.002422
0.227841
-0.237640
0.188770
0.158346
-0.079900
-0.137508
0.169527
0.136337
0.022706
-0.020465
-0.149748
0.221013
0.008129
-0.041176
-0.025013
0.057831
-0.014972
-0.133963
0.154015
0.035013
-0.026840
0.037702
-0.066215
0.103380
0.106563
0.028555
-0.120614
-0.127510
-0.059901
0.115774
0.043515
-0.254814
0.084464
0.101259
-0.151817
-0.154631
-0.166155
0.130283
-0.023115
0.010715
0.137739
0.221109
0.031452
-0.019113
-0.191844
0.031635
0.053174
0.020176
-0.217543
0.054275
0.184974
-0.049816
-0.021195
-0.056515
-0.084521
0.014583
0.059528
0.048911
0.016903
0.162063
-0.003178
0.117999
0.131636
0.034346
0.083581
-0.049704
0.145615
0.227616
-0.065182
0.011296
0.119065
-0.029806
0.098026
-0.206277
-0.143220
0.059965
-0.060066
0.049425
-0.027473
0.114977
0.000930
-0.136777
-0.192633
0.129934
-0.148862
-0.102489
0.064124
0.018844
-0.027828
-0.071260
0.108245
0.157112
0.151058
0.027727
0.032959
0.098425
-0.077574
0.048177
-0.085524
0.007732
-0.099613
-0.108063
-0.072154
-0.057362
0.004813
-0.136023
-0.097997
0.001549
-0.083111
0.043205
0.065087
-0.156584
-0.109550
0.016380
0.048143
-0.170015
0.014851
-0.054129
0.080658
0.094545
0.010716
0.052767
0.020656
0.128363
-0.014920
-0.062767
0.232248
0.002068
0.029485
-0.106089
-0.052428
0.088119
0.151215
-0.030170
-0.076505
-0.091330
-0.014173
0.169466
-0.030968
0.015384
0.010478
0.127975
0.088380
-0.087259
-0.146816
-0.048774
-0.151786
0.035563
0.113053
0.020864
0.195550
-0.086166
0.306323
0.023724
0.148943
-0.013784
-0.000548
0.181367
0.166419
0.009163
0.106701
-0.055243
-0.093698
0.027840
0.112256
0.158772
0.000966
0.172952
-0.175299
-0.112071
0.102515
0.022229
0.090699
-0.021335
-0.079148
-0.078229
0.147821
-0.032235
0.163204
0.082189
-0.005630
-0.060786
-0.081153
-0.008974
0.071128
-0.002562
-0.000282
0.083561
0.037526
-0.093687
0.020082
0.103650
-0.019806
0.069580
-0.141271
-0.057970
-0.001083
0.018226
0.104432
-0.006074
0.092683
-0.073849
0.017499
0.160920
0.122748
-0.212076
-0.009148
0.074264
-0.067013
0.074929
-0.195620
0.024284
0.053711
-0.022197
-0.037248
0.106631
0.100818
-0.030542
0.155690
0.035081
0.124837
-0.077601
-0.029260
0.098955
0.001714
0.077890
-0.132339
0.037917
0.047704
-0.019319
-0.242493
-0.074005
0.007839
0.017756
-0.116773
-0.061831
-0.016426
0.006671
0.125312
-0.069717
-0.049791
-0.207352
-0.083865
-0.019837
0.103568
0.168426
-0.069404
0.014120
-0.089467
-0.131199
0.075802
-0.096756
0.064685
0.135447
0.016380
0.176067
-0.006582
0.033439
-0.014506
0.100638
-0.051968
0.327415
0.036244
0.115349
-0.036909
-0.040424
-0.039113
-0.091229
0.052130
-0.034268
0.036520
-0.017224
-0.092453
0.014641
0.213705
0.012481
-0.065704
0.144902
-0.047549
0.027227
0.020827
0.052874
0.064688
-0.019253
0.202992
0.169242
0.168032
0.057398
-0.114975
-0.196891
0.161482
-0.168937
0.239155
-0.030360
0.042198
0.006050
0.162940
-0.063469
0.026027
0.036876
0.000378
0.034766
0.032842
0.005185
-0.053463
0.033168
-0.015796
0.030303
0.058723
-0.085938
0.112979
-0.128374
-0.026400
0.098555
-0.027332
-0.064422
0.108810
-0.131424
0.054977
-0.035283
-0.204444
0.031065
0.064581
-0.015040
0.003880
0.049285
-0.189426
0.009544
-0.065486
-0.001596
0.115568
0.105000
-0.036721
-0.046488
-0.016132
-0.089615
-0.157134
0.060243
0.110304
0.076630
-0.026108
-0.040471
-0.029073
-0.341568
-0.064742
-0.193010
0.098566
-0.035151
0.004286
0.065024
0.092229
-0.083632
0.022140
-0.021347
0.072946
0.000443
0.027832
0.056767
0.141636
-0.005022
-0.116219
0.025806
-0.072677
0.042152
-0.196057
-0.013650
0.209779
-0.048966
0.098516
0.137687
-0.068906
-0.091835
-0.062763
0.107725
0.018220
0.007301
0.043262
0.127891
0.041173
0.085315
0.096254
0.018138
0.139052
-0.104599
-0.079872
-0.114922
-0.079720
-0.135103
0.017414
-0.041724
-0.035421
-0.147787
0.010397
-0.152141
0.256709
0.073224
-0.124985
0.016910
-0.057456
-0.017704
-0.117364
-0.114653
0.078274
0.008010
-0.163000
0.142196
-0.059035
-0.213810
0.090921
0.028280
-0.079769
0.000778
0.099269
-0.029965
0.204439
0.028318
0.074118
-0.007499
-0.032173
-0.150626
0.056719
0.094733
0.105046
-0.025939
0.050250
0.110724
0.045983
0.126029
0.029805
-0.191773
-0.091329
0.140028
0.029667
0.072762
0.075527
-0.063338
0.092399
0.070423
0.088949
-0.012751
-0.023814
0.131973
0.112638
0.017182
-0.037722
0.164348
0.081859
0.068767
0.046243
-0.095798
0.091119
0.056158
0.008045
0.015830
0.093360
-0.026552
0.004465
0.013541
0.116501
0.240743
0.151704
-0.237404
0.032190
-0.138895
-0.148976
0.138348
0.101059
0.001922
-0.158167
0.020718
0.128078
-0.027145
0.090243
0.066014
0.020536
-0.024798
0.087741
0.104028
0.059690
-0.107214
0.093851
-0.038031
-0.037534
-0.170273
0.029198
0.068233
0.099305
-0.136269
0.046473
-0.016823
-0.085435
0.099724
-0.133221
-0.057775
0.119319
0.004900
-0.096350
-0.000119
-0.152199
0.208456
-0.036332
-0.059909
0.141135
0.083279
0.068014
0.100579
-0.063564
0.017233
-0.026259
0.078550
-0.163485
-0.103196
0.081097
0.012874
-0.149933
-0.069164
0.124462
0.091986
-0.072286
-0.040652
-0.189657
0.039685
0.022726
-0.098936
-0.070125
-0.025888
0.033665
0.058681
-0.217671
0.077121
0.143105
0.085749
0.096058
-0.129292
0.139786
-0.158115
0.125642
-0.009706
-0.072035
-0.044318
-0.031263
-0.137182
-0.054199
-0.128619
0.112341
-0.140744
-0.083970
0.073034
0.041554
0.138596
0.207836
0.042910
-0.085094
-0.001949
-0.048338
0.015142
-0.014542
-0.111959
-0.082426
-0.090875
0.078552
-0.010621
-0.027261
-0.032013
-0.038146
-0.111599
0.201835
0.040379
0.110758
0.084805
0.007240
-0.018576
-0.172307
0.084977
-0.070691
-0.097422
-0.006300
-0.080800
-0.069994
0.134577
0.021390
0.119927
0.059929
0.160704
-0.100766
0.079766
0.098739
-0.106194
-0.153260
-0.054817
-0.033558
0.071806
0.008223
-0.125372
-0.092170
-0.002454
0.012772
-0.038850
0.031791
-0.119476
0.102071
0.058883
0.201851
0.159579
0.138726
0.059209
-0.105680
0.036508
0.071722
0.145144
-0.006070
0.034873
0.030668
-0.082727
0.098648
0.002216
-0.064134
0.167395
0.036593
-0.116510
0.078434
0.012104
-0.076656
0.124399
0.117756
0.022477
-0.139921
-0.021257
-0.021667
-0.146142
-0.139523
0.030777
-0.036423
-0.095102
0.265618
-0.018005
-0.086951
-0.108954
0.023707
-0.111398
-0.262600
-0.088733
-0.189068
-0.171854
0.073748
-0.000019
-0.179599
-0.235527
0.015460
0.150938
-0.038133
-0.065754
-0.153380
0.224877
0.076160
-0.154154
0.071423
0.130581
-0.119164
0.112647
-0.094951
-0.100681
-0.023963
-0.026935
-0.121579
0.012846
0.108309
0.138379
0.061596
0.124059
0.122787
0.158119
0.111873
-0.054831
-0.015089
0.255181
0.084607
-0.072128
-0.024560
-0.013476
0.184690
-0.065073
0.112512
0.176015
0.063065
-0.117526
-0.030564
-0.212638
0.017773
-0.021745
-0.190223
0.024243
-0.037038
0.117332
0.098891
0.073990
-0.071891
0.076702
-0.073732
0.135224
-0.139985
0.006324
0.207811
0.075381
0.106279
0.110138
-0.066928
0.010767
0.079100
0.013754
0.241153
-0.066874
-0.311090
0.000879
0.079050
-0.154372
0.111782
0.167771
-0.285878
-0.026805
-0.254607
-0.085897
0.109501
-0.155954
0.129393
0.113496
-0.008292
-0.015602
-0.089935
0.204780
0.021856
-0.006583
0.026256
-0.110998
-0.063285
-0.020509
0.112635
-0.180871
-0.254484
0.061050
-0.068154
0.155507
0.027459
-0.002782
-0.040695
-0.024394
-0.072068
-0.211057
-0.029989
-0.075187
0.096214
0.007125
-0.139449
0.014388
0.002336
-0.137963
-0.048103
0.026349
-0.040823
-0.109603
0.009592
-0.069238
0.080063
0.069488
-0.029572
0.060169
-0.193408
-0.017328
-0.068446
-0.089251
-0.135108
-0.071282
0.273722
0.084098
-0.005068
-0.042794
0.034078
-0.020272
-0.056296
-0.086601
-0.141798
-0.068042
0.151932
-0.090693
0.002505
0.059260
-0.180276
0.022098
-0.095349
-0.015407
0.082859
-0.064982
-0.064907
0.206379
0.003834
-0.009019
0.024072
-0.114150
0.104043
-0.093513
0.041416
0.047081
-0.090852
0.054342
0.043017
-0.089674
0.008535
0.174592
-0.014020
0.049575
-0.111328
-0.113313
0.041051
-0.014574
-0.235406
0.105987
-0.127304
0.130113
-0.064036
0.075875
0.104464
-0.022704
-0.019295
0.079059
-0.102903
-0.000831
0.009546
0.057982
-0.009575
-0.123715
0.043778
0.050013
-0.099914
-0.066136
-0.083995
-0.059101
-0.086317
0.128169
-0.036547
0.187189
0.068713
0.119910
0.071957
-0.233292
-0.253391
0.007641
-0.072227
0.065771
0.152299
0.113724
0.166162
-0.033047
-0.119430
-0.159573
0.026769
-0.069349
0.041544
0.003714
0.016478
-0.177902
0.128357
-0.086724
0.099688
0.005055
0.128901
-0.060355
0.012310
0.111672
0.020229
-0.074370
-0.151429
-0.131096
0.059899
0.115713
-0.017728
-0.292759
0.105968
-0.026445
0.051800
0.051891
0.038097
-0.035699
0.150918
0.255024
0.030753
0.087607
-0.042121
-0.197682
-0.061976
-0.120257
-0.014788
-0.117418
-0.152692
0.059290
0.095217
0.087604
-0.024816
-0.096889
0.029641
-0.062747
0.060711
0.216754
0.071652
-0.071120
-0.091322
0.007956
0.078377
0.011602
-0.001871
0.103928
0.067368
-0.047564
0.101907
-0.048922
0.056353
-0.047315
-0.105802
-0.043322
-0.036860
0.047226
-0.091599
-0.060274
0.017172
0.033490
-0.051698
0.029559
-0.255934
-0.193761
0.089700
0.069347
-0.210514
0.001742
0.107194
0.063178
-0.053092
0.177091
-0.106029
-0.083370
-0.028373
-0.115149
0.118145
-0.030770
-0.180481
-0.026032
-0.130298
0.020531
0.074018
0.083777
-0.002125
0.067865
-0.061097
-0.072511
0.027479
-0.059730
-0.024092
-0.031152
-0.074506
-0.033967
0.033979
-0.038168
-0.269922
-0.154695
0.062958
0.035273
-0.017484
0.251732
0.150737
0.111225
0.014937
-0.052865
-0.103230
0.110121
-0.104952
-0.124204
-0.088025
-0.064537
0.063263
0.073326
0.005830
0.079672
-0.025008
-0.074418
0.064604
0.201547
0.079003
0.038518
-0.058381
-0.327856
-0.023222
-0.008695
0.008544
-0.081914
0.098460
-0.061750
0.209148
-0.127684
-0.054928
-0.069806
0.155919
-0.061193
0.191644
-0.013103
-0.147815
-0.130965
0.009447
-0.101919
0.126041
0.144878
-0.013818
0.033452
0.107676
0.080194
-0.104663
0.022872
0.105044
0.098265
0.097496
-0.112479
0.070411
-0.007451
-0.076870
-0.068456
-0.039977
0.175109
-0.017153
-0.020929
0.377897
0.022223
0.011097
-0.012356
0.068860
0.122063
0.003830
-0.063008
-0.055685
0.148104
-0.342349
0.021850
0.007721
-0.122755
0.089501
-0.025884
-0.181483
-0.013158
0.104241
0.129791
0.066158
-0.056730
0.053802
0.075755
-0.010965
-0.144060
-0.070570
-0.154070
0.141906
0.046462
-0.024545
0.081391
0.027568
-0.061126
0.074285
0.054033
-0.058002
-0.085389
0.074117
0.065802
0.105242
0.108098
0.005341
0.138642
0.145661
0.182701
0.116229
0.130851
-0.081322
-0.101013
-0.096231
0.099131
-0.103488
-0.144691
-0.059049
0.100955
-0.154553
0.200146
0.130898
-0.132699
-0.105021
-0.092116
-0.006748
0.035431
-0.121059
0.102454
-0.031832
-0.136110
-0.054493
-0.007671
0.128056
-0.008742
-0.085683
0.026625
-0.078293
0.047991
0.023636
0.227665
0.091879
-0.043285
-0.050447
0.053143
0.059325
-0.066748
-0.025113
-0.086543
0.178867
-0.052970
0.020157
0.219054
0.080606
0.028984
-0.014961
-0.120719
-0.054182
0.093286
-0.016674
0.164953
-0.117349
0.008487
0.010247
-0.008465
0.230459
-0.077128
0.030510
0.132729
0.007718
0.010981
-0.003411
-0.153504
-0.049502
0.021565
-0.125397
0.034883
-0.003396
0.046466
0.047954
0.143631
-0.027927
-0.152328
0.023141
0.025433
0.022380
0.076874
0.088185
0.072173
-0.013331
0.156665
0.114910
0.086040
0.100635
0.168075
-0.011764
0.082381
-0.119149
-0.210819
-0.102093
0.030949
0.062738
0.064963
0.018637
0.115257
0.053039
-0.059513
-0.072162
-0.063656
0.182495
0.002741
0.076562
0.000201
0.165120
0.015175
0.013318
-0.105041
-0.008788
0.149072
-0.003785
-0.163092
-0.041548
-0.132507
0.048826
0.011858
-0.023852
-0.136195
-0.005890
0.039729
0.126621
0.005925
-0.032091
0.005024
-0.105934
0.067706
0.035738
0.168025
0.141209
0.022210
-0.029516
0.096184
-0.275230
0.064164
0.063346
0.047064
0.035963
-0.025239
-0.100340
0.362137
0.123042
0.110915
-0.098985
0.196993
-0.106551
-0.177183
-0.062606
-0.197506
-0.071636
0.064302
-0.048365
-0.099832
-0.059346
0.006457
0.102315
0.013745
0.097902
0.090989
0.124742
0.027428
0.351725
0.149413
0.103879
0.043327
-0.037536
0.030790
-0.024107
0.062324
0.051872
-0.018233
-0.047516
-0.006062
0.177918
0.159920
0.110399
-0.022254
-0.130037
-0.113927
0.014595
-0.114447
-0.001385
-0.254374
0.018050
-0.227546
-0.051750
-0.064201
-0.066780
0.005542
-0.185933
0.230006
-0.061180
0.043591
0.058828
-0.005504
-0.126474
-0.179740
-0.155333
0.059899
-0.098910
-0.157845
-0.029645
-0.060881
0.114173
0.042820
-0.024109
0.135500
0.136044
-0.093891
-0.080694
0.118681
-0.137932
-0.092516
-0.026259
0.038261
0.048848
0.151484
0.053640
0.012794
0.038905
0.015050
-0.157966
-0.236697
-0.035064
0.085795
-0.058091
-0.084225
-0.007775
-0.043159
-0.099234
0.021731
-0.185238
-0.079903
-0.185777
0.142374
-0.077911
0.038931
-0.025319
-0.031096
-0.089620
0.183362
0.014269
0.033153
-0.071567
-0.057857
0.124194
0.057894
0.317742
-0.120774
-0.012605
-0.072866
0.002153
-0.119607
-0.078625
0.006689
0.011503
0.052428
0.168419
0.006425
0.002085
0.057764
0.145333
0.013646
-0.020930
0.089365
0.109768
-0.169370
0.054431
0.173198
-0.172117
-0.041850
0.088444
-0.075897
0.080142
0.002265
0.006251
-0.089658
-0.127438
0.115783
-0.030254
0.012128
0.002501
-0.144870
-0.040737
0.095879
0.046151
0.082422
0.020961
0.116238
0.079745
0.017753
0.041189
-0.007809
0.139548
0.131943
0.130055
-0.076110
-0.192725
0.105935
-0.145729
0.021819
-0.028259
0.045915
-0.097421
0.105972
0.009983
0.127651
0.011948
0.244652
-0.113767
-0.063730
0.059764
0.025727
0.207311
0.130682
-0.138605
-0.162611
0.045717
-0.207262
-0.104350
-0.067630
0.029422
-0.084958
0.260906
-0.022400
0.101788
-0.026986
0.089455
-0.071041
-0.071487
-0.139094
-0.001769
0.135299
-0.133976
-0.018572
-0.033553
0.162021
-0.042909
-0.010522
-0.039779
-0.057801
0.073994
-0.069525
-0.029009
0.117849
-0.040863
-0.018896
-0.026089
0.219587
0.210444
-0.020044
-0.087376
-0.142316
-0.075492
0.059510
0.073684
0.141081
-0.022666
0.063788
-0.193161
0.082136
0.113996
0.100384
-0.028377
-0.004243
-0.092620
-0.188588
0.007000
0.172245
-0.033967
-0.080978
-0.010925
0.250309
0.053913
0.014818
-0.046080
0.033758
0.053374
-0.364900
0.065482
0.180367
0.006624
-0.133606
0.056663
-0.142556
0.126458
-0.023673
0.128664
-0.077324
0.079435
0.111755
-0.166039
0.163432
-0.016089
-0.180623
-0.062323
0.103918
0.119788
-0.122776
-0.023244
-0.236309
0.020994
0.166054
-0.065105
0.055256
-0.044364
-0.042964
-0.085354
0.090563
-0.004548
0.024972
-0.046326
0.087612
-0.103770
-0.003572
0.012319
0.005415
0.005838
0.172233
-0.009997
-0.117512
0.023286
0.173770
-0.207494
0.000015
-0.054709
0.001574
-0.063792
-0.162612
0.108968
0.113660
-0.073983
-0.089936
-0.168903
0.188635
0.018791
-0.033918
-0.004189
0.194388
-0.079681
0.176734
-0.092680
-0.053556
-0.060096
-0.111718
0.120760
0.145874
-0.123580
-0.059230
0.080803
0.184707
-0.078843
-0.024927
-0.266747
0.088672
-0.018534
0.046730
-0.063528
0.080196
-0.039631
0.031840
-0.191712
-0.059710
-0.151413
0.142983
-0.045394
0.079884
-0.085722
0.016799
-0.073951
-0.133443
-0.158314
-0.062933
-0.133905
0.210946
0.047610
-0.143555
0.006059
0.074874
-0.042616
0.117687
-0.039445
-0.006990
0.079373
-0.097802
0.163108
-0.036440
-0.112031
-0.050747
-0.022616
-0.114387
0.076587
-0.051473
-0.046168
-0.169980
0.085244
-0.157529
0.096184
0.074605
0.121999
-0.077111
-0.210572
-0.025387
0.001761
-0.000798
-0.024880
-0.001371
-0.210137
-0.020147
0.076819
-0.048919
-0.009928
-0.027201
-0.012251
-0.132272
-0.163689
0.023193
-0.067164
0.056935
-0.122234
0.130947
0.119782
-0.100534
-0.077382
-0.046593
-0.026031
0.066436
0.133408
-0.123856
0.023332
0.039287
0.086060
0.098247
-0.045016
-0.227748
-0.007829
-0.122672
0.064625
-0.056417
-0.052927
-0.118264
-0.204955
0.078066
0.004525
0.114299
0.093191
0.237532
0.094076
0.027739
-0.118157
0.096675
0.138167
-0.146593
-0.158569
-0.114988
-0.157509
0.043768
0.032486
-0.072928
-0.009063
0.004716
-0.009246
-0.039828
-0.165567
0.023637
-0.098764
-0.093970
0.053725
-0.024797
-0.221985
0.037258
0.141640
0.125105
0.011814
-0.074020
0.045440
0.291742
0.132338
0.005375
-0.078392
-0.192466
-0.045920
0.038397
-0.088970
-0.035174
0.102602
-0.024871
-0.254459
-0.050600
0.050625
-0.089451
-0.099429
0.177825
0.012245
-0.263362
-0.028024
0.098548
0.127344
0.039720
-0.018720
0.106199
-0.008314
-0.053529
-0.049876
0.119330
0.021998
0.089406
0.098187
0.023583
-0.008510
-0.039167
-0.024532
0.082016
0.058249
-0.100281
-0.061870
-0.206132
-0.009262
-0.081277
0.124643
-0.184878
0.076349
0.149520
0.087718
-0.064349
-0.030863
0.168418
0.010508
-0.038578
0.005395
0.018915
0.159842
-0.003049
0.007058
0.088575
0.108077
0.048027
0.055211
-0.113397
0.005808
0.043347
0.081327
0.077208
-0.095877
-0.052480
-0.012832
-0.185174
-0.087225
0.019000
0.051883
-0.010348
0.071176
-0.000264
0.031192
0.131455
-0.057733
0.086480
-0.007216
0.035447
-0.164336
0.043120
-0.035586
0.125999
0.104275
-0.030765
-0.086459
-0.022091
0.074576
-0.145684
-0.023479
-0.014707
-0.003820
0.089569
0.021464
-0.003293
0.176210
0.050870
0.016753
-0.022903
-0.147080
-0.120778
-0.134108
0.051087
-0.041540
-0.110605
-0.094309
0.056386
0.061302
-0.256671
0.083852
0.087587
-0.171065
0.070239
0.088778
-0.049171
0.147695
-0.006628
-0.040091
0.064109
-0.114240
0.001948
-0.015623
-0.206024
0.159757
-0.058518
-0.015417
-0.259398
-0.041933
0.005582
0.208754
0.061444
0.152007
-0.033561
0.125733
0.056749
0.015037
-0.007646
0.089631
-0.037124
0.064126
-0.032928
-0.116312
0.000454
0.160108
0.075146
0.055603
0.115470
0.109712
-0.172188
0.169203
0.178219
0.013003
0.022642
0.113193
-0.120873
0.029380
0.060862
0.080663
-0.083796
0.091940
0.057111
0.132447
-0.141561
0.168560
0.015687
-0.087074
-0.098668
-0.030914
0.042679
-0.100863
0.060528
-0.057269
0.137306
0.010599
0.026470
0.091617
-0.016853
0.085175
0.063550
0.024935
-0.062604
0.017776
0.021871
0.014579
-0.106677
0.064058
-0.217430
-0.142867
0.009856
-0.031607
-0.054540
-0.020781
-0.229691
0.048559
-0.059994
-0.028153
-0.025090
0.044991
0.105238
-0.110352
0.167708
-0.095996
0.011038
-0.103962
0.066785
0.043234
-0.103472
-0.068184
0.042673
-0.032624
-0.200482
0.058668
-0.107891
0.030306
-0.009446
-0.055644
-0.005514
0.115895
0.003995
0.215538
-0.013930
0.090088
0.116244
0.092497
-0.044315
-0.117339
-0.122909
0.060959
0.019391
-0.016280
-0.022764
-0.069800
-0.066982
0.034733
-0.000286
-0.001263
0.131598
0.048890
-0.009058
-0.070695
0.000535
0.070892
0.056256
0.039042
0.029484
-0.021650
0.158342
0.137072
0.098482
-0.045870
-0.002385
-0.048250
0.008785
0.125548
0.065307
0.047349
0.104422
0.153224
-0.002116
0.024006
-0.070677
0.058323
-0.091961
-0.041030
-0.041254
-0.158096
-0.073322
0.109493
0.060277
-0.008018
-0.010662
0.191708
0.085727
-0.000481
0.016573
0.084366
-0.046080
0.139545
-0.049974
-0.112910
0.158558
0.101928
0.045280
-0.088003
0.033030
0.073267
-0.061801
-0.103757
0.084387
-0.032363
0.150676
0.041011
0.084227
-0.025762
-0.146540
0.016785
0.192651
-0.226524
0.020745
-0.024665
0.118719
-0.197806
-0.029116
0.137704
0.115983
0.050877
0.041628
0.026712
0.045942
-0.296707
0.028816
-0.130212
0.024487
-0.021860
-0.124330
-0.151125
0.252122
0.028136
-0.245368
-0.059692
0.122088
0.107024
-0.100710
0.039607
0.020890
0.114706
-0.132903
-0.118935
0.035799
0.056761
0.057080
-0.030160
0.115880
-0.049825
-0.135435
0.046754
0.111377
-0.024868
-0.044703
-0.006473
-0.014949
-0.084716
0.027526
-0.099197
-0.136486
-0.027020
-0.155151
0.085026
0.294056
-0.060564
0.097140
-0.087575
0.091016
-0.069819
0.115139
-0.037229
-0.061558
0.057469
0.044870
-0.079618
0.033187
-0.095536
-0.076530
-0.156386
-0.037845
0.027740
-0.024478
0.046907
-0.114237
-0.024624
0.028974
-0.056641
-0.062720
-0.159893
-0.202104
-0.063197
-0.075409
-0.145999
-0.012520
0.040178
-0.030085
-0.227574
-0.152055
-0.109925
-0.035622
0.012694
-0.071489
0.141065
0.059192
0.027348
0.191598
-0.066564
0.042950
-0.097123
-0.044500
-0.097714
0.053880
0.068728
0.026249
-0.090566
-0.054596
-0.073294
0.041389
-0.063398
-0.021849
-0.114196
-0.007267
0.110081
-0.120773
0.153914
0.021416
-0.078838
-0.098071
0.065815
0.093879
0.034599
-0.083672
-0.054359
0.017774
0.007034
-0.146078
-0.074721
0.023035
-0.037010
0.107982
-0.107087
0.143578
-0.032899
-0.197440
-0.040841
0.234583
-0.087475
-0.073396
0.115867
-0.132965
0.087144
-0.088637
0.252400
-0.159894
0.098626
-0.175017
-0.074999
-0.003641
-0.008134
0.012997
0.149264
-0.071584
-0.104962
0.025644
-0.018931
0.153593
0.168310
0.078622
-0.097707
-0.128908
-0.044361
-0.049187
0.026609
-0.164722
-0.100375
-0.003833
0.250156
0.211749
0.163043
-0.003130
-0.026894
0.078449
-0.129575
-0.048017
0.150348
0.018267
-0.177497
-0.011329
0.142292
0.031727
-0.029034
-0.096147
-0.108220
-0.114931
-0.070864
0.072396
-0.005965
-0.109539
0.165738
-0.042592
-0.100330
0.038835
0.116536
-0.038993
-0.026780
0.019251
0.041463
0.094625
0.055328
0.012071
0.134781
0.019177
0.045918
-0.160294
-0.043488
-0.009497
0.241887
0.066584
0.029662
-0.133000
-0.091166
-0.020758
-0.002767
-0.069904
-0.203040
0.197738
-0.016097
0.042624
-0.145672
0.017029
0.031563
0.006037
0.010437
0.005190
-0.094090
-0.125767
-0.055604
-0.015976
0.000339
-0.026415
-0.064109
0.102284
-0.056434
-0.114367
-0.018599
-0.062793
0.141755
-0.056881
0.115753
0.005682
-0.088145
0.160021
0.026759
-0.021128
0.079753
-0.022113
0.020932
-0.152602
-0.035142
0.109397
0.067628
0.140747
0.027530
0.117352
-0.218236
-0.140366
0.323549
0.078873
-0.148023
-0.346987
-0.093258
0.153886
-0.016349
0.032862
0.021824
0.033232
-0.108640
-0.080305
-0.227017
-0.002694
0.008275
-0.226991
-0.173889
0.175004
0.088051
0.055977
-0.165162
0.018863
-0.007696
0.109324
-0.095781
0.013569
-0.000475
-0.032134
0.059618
0.149272
0.034356
0.085175
-0.104679
-0.015483
0.096956
0.094650
0.010799
0.164071
0.190839
-0.019399
-0.072763
0.025915
-0.121258
-0.080365
0.081683
0.281190
0.010864
0.052240
-0.038983
0.034264
0.103300
-0.065040
0.066570
-0.177277
0.151841
-0.185005
0.039754
-0.029812
0.020819
0.023057
-0.077237
0.067084
-0.047491
0.057260
-0.011024
-0.060260
-0.121246
0.088798
-0.023920
-0.145777
0.033864
-0.082071
0.001457
-0.000277
0.017841
0.034371
0.064854
0.036925
0.173450
0.125042
0.009003
0.124053
-0.124933
0.093437
-0.075265
0.253354
0.162386
0.008205
-0.006875
0.098849
0.046990
-0.038966
0.027798
-0.065365
-0.007951
-0.114024
-0.015199
-0.269570
-0.045068
0.218579
-0.029153
-0.029440
0.182561
-0.080700
-0.191599
-0.032493
0.022544
-0.164912
-0.066321
-0.064145
-0.020677
-0.201807
0.005858
0.031154
-0.030932
0.057491
-0.039337
-0.136383
0.001128
0.102126
0.146390
0.044356
-0.104081
0.148047
0.093219
-0.122480
0.076498
-0.026488
-0.017545
-0.027606
0.120722
0.088289
0.137171
0.035859
0.023795
0.021675
0.239393
0.064860
0.176537
0.070529
0.009969
-0.085349
0.025444
0.163318
0.036555
-0.133676
-0.067066
-0.050478
-0.166227
0.007225
0.029154
0.021217
0.041772
-0.036351
-0.052809
0.098035
0.047268
0.018617
-0.122001
-0.025731
-0.171407
0.000465
0.080065
0.143308
0.057121
-0.076349
0.131893
-0.020645
-0.052560
0.133246
-0.000183
0.144963
-0.074035
-0.071529
0.016182
-0.079272
-0.074574
-0.339094
-0.029394
0.277119
-0.015510
-0.078797
-0.050355
0.145809
-0.016858
-0.082408
-0.096111
0.042239
-0.064884
-0.146702
-0.014279
0.089855
-0.040131
-0.023489
0.068897
-0.147732
-0.057789
-0.020490
-0.125546
0.012766
0.100908
-0.045085
0.044375
-0.146009
-0.008725
0.126430
0.054689
0.020731
0.094039
-0.200212
-0.076203
0.007052
-0.038633
-0.129142
0.180961
0.070457
-0.064744
-0.074508
0.149267
0.013852
0.053130
-0.105832
0.023295
0.129622
-0.044687
-0.185183
0.002455
0.132346
0.265536
-0.001069
-0.022726
0.179477
0.030821
-0.047100
-0.088264
0.029787
0.023714
-0.090759
-0.018853
0.050973
-0.145565
0.027378
0.072608
0.215287
-0.104330
0.032459
0.158722
0.184294
-0.032774
-0.071610
0.021526
-0.011372
-0.160130
0.110520
0.079083
0.089967
-0.048908
0.070801
0.003485
0.121876
-0.081553
0.015262
0.056962
0.064818
0.148831
-0.068792
-0.136581
-0.025172
-0.003552
0.027950
-0.129907
-0.002685
-0.148392
0.103180
0.079710
0.029886
0.067519
0.051165
0.004742
-0.032360
0.143823
0.116375
0.168562
-0.050568
0.113294
0.078737
0.015646
0.019253
0.004080
-0.003801
0.039653
0.088508
0.103245
-0.010513
0.132761
-0.090481
-0.122972
-0.058942
0.155902
-0.050691
0.108718
0.092587
0.015605
0.146520
-0.050387
0.129972
0.244260
0.056795
-0.145386
0.088667
-0.048874
0.008245
0.032473
0.066762
0.027763
0.067403
-0.191661
-0.149131
0.199022
-0.080416
0.131363
0.108489
0.014126
0.117298
0.103838
-0.003317
-0.000289
0.163904
0.009646
-0.096335
0.031130
-0.038931
0.154257
0.026277
0.068471
-0.031401
-0.065656
-0.083841
0.150662
0.173199
-0.007546
-0.033903
-0.257750
-0.243733
0.064069
0.208283
-0.025520
0.162886
-0.098013
0.163216
0.154279
0.010259
-0.189292
-0.192065
0.059067
0.001284
-0.069945
-0.004692
-0.082866
-0.027655
-0.186890
0.029758
-0.000908
0.107093
-0.063394
-0.095850
-0.135540
-0.102528
0.108936
-0.021604
0.009650
0.165277
-0.134420
0.043866
0.084289
0.093969
0.003244
0.051511
-0.028347
0.006622
0.044779
-0.041149
-0.104758
0.021933
0.158710
-0.054223
-0.019753
-0.199175
0.100949
0.023770
0.036909
0.035225
-0.204899
-0.162667
-0.059417
0.033497
-0.022843
0.027792
-0.086446
0.129772
0.085989
0.009661
-0.127825
-0.226582
0.171278
0.049637
0.045362
0.128072
0.176458
-0.022711
-0.122580
0.144276
-0.094595
-0.027940
0.033102
-0.186994
-0.094822
-0.016348
0.165741
-0.025503
0.105744
0.122288
-0.037588
-0.043920
-0.118973
0.017911
0.087534
-0.139546
0.061552
-0.288038
0.073642
-0.018182
0.141534
-0.007419
-0.122214
-0.178143
0.022255
0.059577
0.088172
0.029303
-0.214128
-0.036850
0.009683
-0.033495
-0.006280
0.138041
0.068657
0.084369
0.225147
-0.188319
0.068669
-0.041090
0.205122
-0.101502
0.032081
0.037516
0.013207
0.026605
0.091278
0.090006
-0.024094
0.024636
0.144308
-0.035077
-0.003149
0.025858
0.000157
0.013186
0.054897
0.091768
0.021391
0.099628
-0.116908
-0.002419
-0.124559
0.015999
-0.169512
-0.142436
0.036291
0.055303
0.065623
0.087517
-0.105201
-0.171405
0.042767
-0.081334
-0.145555
0.093131
0.019011
0.072514
0.121481
0.019175
-0.142795
-0.013238
-0.106068
0.095482
0.244345
0.077174
0.042235
-0.009840
0.047496
0.009091
-0.084963
0.053765
-0.047246
0.099254
0.054231
-0.003351
-0.003156
0.003745
-0.023293
-0.090913
-0.235461
-0.019503
0.105171
-0.074941
0.191064
-0.165830
-0.008062
0.038591
0.014445
0.100888
0.089188
0.050942
0.197385
0.035237
0.020069
0.041928
-0.090719
0.327051
0.054989
0.100258
0.101750
0.046826
0.189596
0.101210
-0.087394
0.147325
0.015430
0.133776
-0.131181
0.047296
-0.080635
0.048699
-0.041674
-0.026674
0.055985
0.063931
0.022323
0.153767
0.028627
0.203884
-0.139922
-0.030402
-0.196103
-0.033250
0.010174
0.135269
0.095256
-0.133149
0.062778
-0.151475
0.168337
0.074534
-0.046908
-0.089825
0.047009
-0.182154
-0.162264
0.021029
0.022175
0.039743
0.164305
0.076891
-0.030639
0.123205
-0.079652
0.021433
-0.231942
0.008484
0.009609
-0.063298
0.009476
-0.229473
0.150219
-0.019924
-0.125091
0.057539
0.019274
0.089344
0.057624
0.102724
0.150962
0.061642
-0.097915
-0.074975
0.000932
0.022443
-0.110706
-0.106376
-0.014230
0.107530
-0.006372
0.022561
0.092320
0.106266
-0.106011
-0.001504
-0.030847
0.091201
-0.110824
0.159336
-0.008996
0.083880
-0.125408
-0.134018
-0.027279
0.002908
-0.118968
0.028054
-0.205699
-0.142453
0.015707
0.049733
0.090197
0.259587
-0.075739
-0.046011
0.170237
0.081817
-0.017930
-0.021525
0.048087
0.029159
0.085179
-0.174474
-0.247518
-0.016340
0.059734
-0.100748
0.064437
0.017341
-0.109038
0.085211
-0.020163
0.209729
-0.186913
-0.182552
-0.004725
-0.221684
-0.113265
0.081624
-0.107668
0.127841
0.083159
-0.067357
0.092037
0.058461
-0.084947
0.075341
-0.029061
0.112227
-0.096951
0.003903
0.047912
-0.060515
0.019025
0.000381
0.174584
-0.095512
0.063010
-0.133005
0.094925
-0.113105
-0.093133
0.026812
-0.220369
0.227034
0.011234
0.030888
-0.217791
0.027791
-0.022988
-0.005276
0.016425
-0.224217
0.065334
0.053932
0.047698
0.039950
-0.161673
-0.087935
0.083777
0.075153
-0.087715
-0.039662
-0.075332
-0.044140
0.034464
0.164756
-0.018712
0.011743
0.010240
-0.025527
-0.077829
0.022373
-0.045641
0.122118
0.078594
0.095539
0.022328
-0.178272
-0.027693
-0.025985
-0.036143
-0.086035
0.020594
-0.038260
0.039027
-0.173556
0.108389
-0.021909
-0.145131
0.025731
-0.098727
0.133726
0.061696
-0.068975
-0.226943
-0.125563
0.083498
-0.170395
-0.129185
0.050697
-0.018881
0.044352
-0.143526
-0.030950
-0.046425
-0.150470
0.171280
0.109459
-0.040856
-0.076691
-0.007291
0.034839
0.033872
-0.044277
-0.015722
0.025347
-0.026620
-0.174104
-0.005772
0.107074
0.036787
-0.195217
-0.028906
0.042282
0.050576
-0.250869
0.127272
-0.082254
0.023962
-0.002758
0.037428
0.057829
0.030438
-0.164836
0.016996
0.119591
0.137820
0.106006
-0.179509
0.063461
0.071471
0.037660
-0.022600
-0.265193
0.010849
0.034048
0.020061
-0.002231
0.006815
0.097228
-0.068281
-0.103528
-0.115946
0.132061
0.034700
0.050099
0.113149
0.005296
-0.067332
0.152102
0.054487
0.084070
0.076020
0.214288
0.076107
-0.000537
-0.093150
-0.053516
0.039896
-0.070037
0.004958
-0.179035
0.190326
0.074945
-0.080276
-0.154873
-0.025221
-0.029653
-0.038774
0.090122
0.068641
0.192773
-0.051935
-0.029005
-0.162143
-0.025118
0.079357
0.031087
-0.006007
-0.061939
0.056554
0.040162
0.005241
-0.112298
0.043447
0.032357
-0.111018
-0.005740
-0.133573
-0.107886
-0.016744
0.072760
-0.043139
0.221554
0.041688
0.047264
0.084719
0.182275
0.087441
-0.063014
-0.009631
0.113298
0.132686
-0.095691
-0.177331
0.018263
-0.022449
-0.126557
0.005771
-0.050437
0.012362
-0.041240
-0.050142
0.228250
-0.080045
0.083574
-0.016569
0.001000
-0.034991
-0.152623
-0.025083
-0.115836
0.150065
0.040590
0.014947
-0.106616
0.043240
-0.025076
0.080660
0.017634
-0.018448
-0.103373
-0.075594
0.143649
0.003873
-0.076669
0.136351
0.061411
-0.083839
0.085111
0.066934
0.005253
0.066843
-0.023972
0.107500
-0.126511
0.108436
0.153316
0.238899
-0.011513
0.117545
0.117460
-0.062413
0.009432
0.017099
-0.130838
-0.032495
0.055735
0.054588
0.057782
0.035178
0.151509
-0.076869
0.133004
0.102977
-0.009509
0.130521
-0.038965
-0.104377
-0.025522
0.091549
0.070653
-0.120486
-0.075050
0.244907
0.138127
0.147816
-0.000141
-0.181738
-0.040131
-0.040144
0.053340
0.070941
-0.169785
-0.093640
0.205440
-0.075460
0.094433
-0.157470
0.119881
-0.087144
-0.022199
0.017305
0.051374
-0.007094
-0.148944
-0.040461
0.048296
-0.072919
-0.007354
0.172767
0.091419
-0.058027
-0.023904
-0.111028
-0.101458
-0.130843
-0.192487
0.100232
0.048168
-0.038781
0.077678
0.037505
-0.039222
0.209231
0.039367
0.010723
0.073058
0.122429
0.143113
0.015889
-0.025206
-0.010744
0.119464
-0.126582
0.070328
0.167228
-0.060704
-0.139469
0.098004
-0.068278
-0.176015
-0.016211
0.079639
0.237833
-0.192587
-0.157238
0.094397
-0.101958
-0.000972
0.096022
0.104339
-0.219092
-0.144585
0.131217
-0.028608
-0.037089
0.027411
-0.237001
-0.063165
-0.156244
0.067224
0.121051
0.058419
0.135438
-0.071472
-0.046118
-0.047709
-0.133312
-0.069389
-0.119243
-0.061864
0.028848
-0.024742
-0.219392
-0.128570
-0.044282
-0.021735
-0.076395
0.094117
-0.225529
-0.021465
-0.021240
0.080161
0.107538
-0.064682
-0.058835
0.127473
-0.137646
0.030741
0.125683
0.123508
0.084153
0.013622
-0.003855
0.022693
0.021028
0.187070
0.214575
-0.042582
-0.063107
0.057281
0.039636
-0.037245
0.063628
-0.078779
0.058214
0.098057
-0.098062
-0.042181
-0.082404
-0.136701
0.075100
-0.075885
0.092463
-0.175059
0.166024
0.075205
-0.085711
0.019366
0.217740
0.055292
-0.090549
0.000404
0.049366
0.052141
0.070346
0.079968
0.035331
0.078443
0.042585
-0.028133
0.085990
0.077958
0.011925
-0.055926
0.166095
-0.130607
0.005826
-0.183152
-0.118072
-0.045311
-0.094540
0.044164
0.001324
-0.074662
-0.156584
0.020948
0.091033
-0.210297
-0.055582
-0.000770
-0.033153
-0.102161
0.035878
0.084130
0.008945
-0.006379
0.004690
-0.095453
-0.024593
-0.102244
0.059182
0.027458
-0.026582
-0.027807
-0.072193
0.156592
-0.054589
0.056991
0.005988
-0.064655
-0.011379
-0.090622
-0.011463
0.038073
0.063818
-0.009233
0.024254
-0.064567
0.053989
0.079133
0.005200
0.067337
0.057905
0.189996
-0.033807
0.088982
0.102593
0.294987
-0.212634
-0.039155
0.014694
0.200832
0.091764
-0.043107
0.139909
0.115128
-0.027228
-0.005142
0.014186
0.177296
0.015320
-0.013102
0.038212
-0.031740
0.029455
0.195072
-0.133573
0.031560
-0.103912
0.040000
-0.020834
0.037623
0.113287
-0.005362
-0.019467
-0.307274
-0.067119
-0.064091
-0.039680
0.100760
0.073634
-0.052278
-0.106947
-0.107398
0.131711
-0.000131
0.080557
0.123353
-0.007811
-0.013628
0.046250
-0.168309
-0.069729
0.059901
-0.147311
-0.178870
-0.120082
0.015603
0.002559
-0.277844
-0.125456
0.009953
0.131628
0.033046
0.007067
-0.004815
0.098878
0.038183
-0.124568
0.074411
0.050038
-0.039225
0.089673
0.236489
-0.166235
-0.064240
0.020563
-0.000607
0.025222
-0.090034
-0.101044
0.073935
-0.062653
-0.095135
0.033276
0.003873
-0.134777
0.060085
0.047735
0.103952
-0.084522
0.051128
0.071214
0.099318
-0.240759
-0.054295
0.198025
-0.136238
-0.101114
-0.086995
-0.061141
-0.007987
0.045055
0.071743
-0.129935
-0.085636
0.116059
0.059036
-0.192734
-0.067633
-0.111050
-0.051838
-0.103040
0.242831
0.261625
-0.042641
0.129902
0.062811
0.050142
0.168469
0.009981
-0.137045
0.000823
-0.027597
0.171093
0.040943
0.038171
0.175127
-0.095367
0.152843
0.044227
-0.003999
0.072779
0.215829
0.060729
-0.060188
-0.054466
-0.178976
0.011849
0.173640
0.041953
-0.048288
-0.076941
-0.154301
-0.028359
-0.113080
0.099156
0.157117
-0.016015
0.011245
0.060987
-0.023793
-0.022977
-0.063015
0.055057
0.196210
0.104949
-0.120108
-0.057532
0.071284
0.017452
-0.036206
0.053208
-0.059082
0.014479
0.013437
0.068718
0.285434
-0.043580
0.042248
-0.044938
0.091169
0.131764
0.139082
-0.050705
0.042702
-0.073744
-0.074824
0.041168
-0.161626
-0.157623
0.008733
0.260869
-0.055277
0.114593
0.056601
0.126672
0.063820
-0.120748
0.217171
0.003585
-0.105456
0.161093
-0.047520
0.060903
0.080049
0.092698
0.034770
-0.016751
0.153138
-0.085647
-0.058474
-0.063459
-0.100887
-0.022760
-0.112276
-0.002625
-0.107008
-0.012649
-0.185993
0.235785
-0.083303
0.047772
0.082862
0.129407
-0.043324
0.104673
0.106093
0.044599
0.091983
-0.035816
-0.047306
0.038219
0.104294
-0.016274
0.005827
0.069381
-0.123512
-0.157629
0.096993
0.145278
0.200198
0.013531
0.078207
-0.144282
0.089870
-0.080516
-0.047066
0.280938
0.090418
-0.223717
0.061082
0.079178
0.121305
-0.048886
-0.072929
0.090152
0.086644
0.059789
-0.201902
-0.122686
0.058786
-0.080078
0.000413
0.005165
-0.009114
0.016598
0.183752
-0.052721
0.180295
-0.054010
-0.138080
-0.237169
-0.094166
-0.077642
-0.007295
-0.073619
-0.086559
-0.042363
0.036348
-0.028021
0.077312
0.002616
0.167032
-0.045375
-0.012465
-0.090042
0.009999
0.056402
-0.012055
-0.046144
-0.032831
-0.049571
0.132419
-0.037427
-0.084468
-0.190123
-0.004908
0.057258
0.124853
-0.082234
0.037221
0.073611
0.140381
-0.042802
0.056811
-0.016027
-0.106198
-0.079408
-0.257361
-0.000658
0.013720
-0.068416
0.113730
-0.040428
0.055469
0.010984
0.014268
-0.034897
-0.011316
0.089678
-0.045158
-0.089286
0.297271
0.074833
0.098040
0.130694
0.173381
0.113012
-0.034399
-0.075652
-0.068073
-0.168531
-0.037547
-0.237054
-0.075519
-0.081584
0.007097
0.077466
-0.071140
0.033089
0.009567
-0.131120
-0.096547
0.188212
0.205713
-0.073570
-0.030364
0.143405
0.026330
0.003532
0.016872
0.111528
0.012291
0.020015
0.029404
0.046013
-0.097162
-0.031461
-0.142824
0.017033
0.078266
0.026254
-0.031160
-0.014397
0.046580
-0.097641
0.070023
0.009882
-0.010245
-0.004067
-0.013124
0.072951
-0.061327
0.043261
-0.090932
-0.018219
0.011177
0.029652
-0.042740
0.288130
0.107811
0.074715
0.078255
-0.053460
0.153746
-0.061565
-0.067229
0.211291
0.083730
0.161140
0.022938
0.081288
-0.071275
0.018040
-0.014587
-0.216181
0.058085
-0.002449
0.001590
-0.052345
-0.096738
0.169338
-0.025005
-0.072605
-0.064222
-0.171408
-0.073157
-0.055887
0.037264
0.064359
0.072275
-0.111821
-0.071438
0.007271
-0.020480
0.075148
-0.031621
0.019238
0.007569
-0.081896
0.080525
-0.131473
0.078943
0.167570
-0.025741
0.030646
-0.024323
-0.109781
-0.044353
0.087671
-0.025147
0.098531
-0.019785
0.087771
-0.128472
0.014100
-0.076842
0.016593
0.037531
0.029164
-0.053869
0.037152
-0.130953
0.117251
0.030420
-0.043341
-0.124224
0.178517
-0.053984
0.068338
0.071029
0.013099
0.062288
-0.119206
-0.082690
0.122704
-0.070453
-0.049659
-0.084034
-0.062201
0.026895
0.062073
0.006660
0.160983
-0.134644
-0.191519
-0.113654
0.030992
0.135523
0.084255
0.060994
-0.117516
-0.135778
-0.076695
0.249069
0.080267
-0.152855
0.026415
-0.020569
0.211000
-0.037536
0.029086
-0.211491
-0.157466
-0.114586
0.087508
0.029075
-0.044417
0.086991
-0.082296
-0.090243
0.116404
-0.158384
0.133799
-0.195859
0.182692
0.161140
0.130460
-0.099593
0.241470
-0.025372
-0.023479
0.241435
0.116949
-0.110472
0.011450
0.186029
-0.126577
0.045605
-0.015391
-0.045282
-0.010888
0.116434
0.156048
0.055243
-0.043152
0.038747
-0.072572
-0.368932
-0.102393
0.167934
0.015931
-0.013628
-0.133006
0.016000
0.145420
-0.208559
-0.018776
0.068652
0.009848
0.079342
-0.100555
-0.058005
-0.002854
0.057551
0.065512
-0.008881
0.092072
0.118063
-0.118120
-0.057945
-0.038830
-0.099297
-0.131395
-0.133671
-0.043932
0.097811
0.036971
0.036869
0.052740
0.055957
0.001616
0.118746
-0.043167
-0.107928
0.033922
0.030876
0.126995
0.133769
-0.056406
0.015490
0.145493
0.051904
-0.125650
0.095446
-0.038359
0.107015
-0.062522
-0.206964
-0.166116
0.094212
-0.227719
-0.078260
-0.010574
0.090059
-0.140610
-0.096330
-0.110480
-0.096242
-0.126915
0.124601
0.090738
-0.055456
0.153585
-0.113011
-0.113524
-0.023452
-0.011034
-0.156499
0.047207
0.046450
0.075161
0.031804
0.109278
-0.069119
-0.078498
-0.085825
0.038787
0.076751
-0.127638
0.125483
-0.061748
-0.006496
0.018177
-0.060390
0.013546
-0.073038
-0.096741
0.171544
-0.054365
-0.094399
0.085508
-0.091600
0.050029
0.040950
0.132636
-0.173295
-0.003707
-0.050341
0.157460
0.194001
0.058239
0.063601
-0.112004
0.048931
-0.136166
-0.021233
-0.017063
0.006045
0.226409
-0.119292
0.230111
0.231645
-0.079707
-0.057447
-0.186600
0.122188
-0.157486
-0.042916
0.110570
0.026366
-0.099124
-0.043214
0.010700
0.066724
-0.023042
-0.043095
-0.094161
0.014160
-0.016733
-0.033701
0.060519
0.019362
0.146421
-0.026324
-0.123168
-0.032787
-0.056157
0.082838
0.003846
0.005129
-0.090098
-0.047526
0.055468
-0.011577
-0.102030
0.031788
-0.008807
0.107404
0.168502
0.185335
0.018278
-0.031600
0.050938
-0.022839
0.153529
0.104385
0.085035
0.018269
-0.018562
-0.153309
-0.009914
0.014337
-0.017003
-0.133890
-0.089770
-0.122844
0.008738
-0.125930
-0.170566
0.030252
0.178067
-0.060681
0.114128
-0.100301
0.113309
0.000825
-0.151421
0.200008
0.049375
-0.098148
-0.157385
0.015044
-0.026990
0.021297
0.094043
-0.162444
0.110331
-0.006240
0.037252
-0.022947
-0.157649
-0.037600
0.015844
0.000113
-0.049298
0.037560
0.037151
-0.444039
-0.086297
-0.123186
-0.010570
-0.015246
0.039926
-0.013475
-0.046765
-0.059498
-0.105483
-0.020535
-0.015658
0.022994
0.052259
0.088455
-0.086434
-0.100825
-0.032995
0.079561
0.049816
-0.012591
0.048549
-0.049756
-0.177536
-0.169759
-0.091927
0.172391
-0.133728
-0.002771
-0.033670
0.036910
-0.279043
0.004684
-0.027722
-0.163673
-0.006635
0.053538
0.004639
-0.019395
0.063736
-0.116563
-0.168954
-0.061471
0.110579
-0.046573
-0.134094
-0.011523
-0.051915
0.021406
-0.148844
0.041663
0.000304
0.057425
0.011138
0.031257
-0.049208
0.075447
-0.043055
-0.061158
-0.022936
-0.048993
-0.117594
-0.068302
0.096720
0.088881
-0.007417
-0.045380
0.098645
-0.006735
0.087070
0.119830
-0.096447
-0.011010
0.060327
-0.017670
0.059856
-0.173499
0.158372
-0.109697
0.051174
0.046283
0.065678
-0.043115
-0.010652
0.096352
0.004953
-0.138656
0.171297
-0.283330
-0.091456
0.150309
0.097240
-0.056765
0.179138
0.027639
-0.031253
-0.008358
0.199674
0.008938
-0.098552
-0.052397
-0.081165
-0.092401
0.022157
0.017927
-0.107151
0.025213
0.004161
-0.009874
0.028743
-0.161243
0.019160
-0.004432
0.027392
-0.069096
0.040618
0.276355
-0.060017
0.029324
0.108348
-0.095996
-0.093676
0.143897
-0.106487
-0.059006
-0.266591
0.019061
-0.133898
-0.095489
0.005979
0.047484
0.069272
-0.050591
-0.035718
0.065338
-0.085418
-0.211150
0.154324
0.061616
-0.136225
-0.103101
-0.021093
-0.035378
-0.117776
-0.112375
0.068608
-0.106041
0.036772
-0.153500
-0.018596
-0.037225
0.009404
-0.061088
0.067109
0.140974
-0.051560
0.027217
-0.100057
-0.052722
0.041556
-0.234964
-0.219961
-0.068469
0.105902
0.147065
-0.050192
-0.067284
0.130692
-0.182589
-0.149091
-0.097791
-0.037329
-0.109514
0.147186
0.028243
0.110833
0.125993
0.059910
-0.242304
-0.068365
-0.098653
0.107666
-0.137394
-0.149417
0.103096
-0.099233
-0.012153
0.013094
-0.240368
-0.005372
-0.037700
-0.141374
-0.040011
0.067024
-0.020249
-0.182490
0.012375
-0.080542
-0.015005
-0.046668
-0.015603
0.069759
-0.148275
-0.079462
-0.003818
-0.094143
0.086607
0.026668
-0.011833
-0.206078
0.000930
0.063031
0.135305
0.017899
0.101522
0.172793
0.230656
0.003710
0.085302
0.034152
-0.161664
0.087007
-0.041141
0.156144
-0.155415
-0.099466
0.247180
-0.116673
0.032553
-0.059772
0.044798
-0.176543
0.069087
0.079083
-0.050295
-0.000726
0.018770
0.033669
0.001254
0.198605
-0.066287
0.004415
-0.193357
-0.193226
0.074734
-0.083817
0.077908
0.116643
0.060413
-0.010934
0.111356
-0.044906
0.051949
0.008363
-0.072624
0.147441
0.073130
-0.093983
-0.310276
0.030167
0.008723
0.061506
0.151559
0.126264
-0.070117
0.065198
-0.032370
-0.005407
0.078042
-0.060934
-0.053057
-0.037283
-0.025615
0.039258
-0.075810
0.088208
0.031908
0.101745
-0.108001
-0.033662
-0.122536
-0.081276
0.132809
0.051521
0.047004
0.144563
0.063745
0.212917
-0.060378
0.154669
-0.046218
-0.082171
0.245497
-0.110948
-0.059090
-0.090499
0.111967
-0.063711
-0.076115
0.080970
0.097637
-0.237490
0.037054
-0.063269
-0.034891
0.146266
0.085076
-0.053479
0.066836
0.016265
0.089718
-0.102561
-0.092373
-0.180536
0.034314
-0.076848
-0.220952
0.154972
0.058626
0.188615
0.005350
0.016490
-0.083089
-0.033172
-0.010991
0.001996
-0.172273
0.043872
-0.184849
0.081722
-0.100910
-0.085202
0.024529
-0.022969
-0.131950
0.090391
0.094278
0.180728
0.059922
0.077294
0.116536
-0.059915
-0.021338
0.032038
-0.004784
0.058254
0.019103
0.092819
0.032103
-0.038351
-0.163184
-0.224806
0.029058
0.035933
0.019828
0.068101
0.013604
0.148236
-0.020226
0.084293
-0.060274
0.087940
0.070854
0.009176
-0.051901
0.224660
-0.212974
-0.101936
-0.029163
-0.177842
0.081309
-0.068775
-0.036974
0.013409
0.002737
-0.125230
-0.028164
-0.069687
0.083839
0.021988
-0.221440
0.102789
0.044157
-0.229389
0.083019
-0.108606
0.041502
0.001649
0.014666
0.002282
-0.084875
-0.051108
-0.058436
-0.042550
-0.003038
0.042383
-0.103798
0.092242
-0.055329
0.082561
-0.062088
-0.087799
-0.003100
-0.207967
0.003515
-0.040423
-0.008027
0.108640
0.077234
0.023402
-0.085711
0.058066
-0.016642
0.096302
0.023630
0.013980
0.010800
-0.100761
0.097678
0.092154
0.206607
0.102624
-0.107511
-0.067256
-0.079058
-0.154084
0.110201
-0.170652
0.133000
-0.042778
0.047618
0.052835
0.066868
-0.052608
0.131123
-0.000566
0.074495
-0.053438
-0.102124
-0.001428
0.002790
0.162812
0.023915
-0.159127
0.118845
0.017834
0.060591
0.036210
0.062186
-0.076923
-0.068807
0.032632
-0.223587
-0.011780
-0.021631
0.012821
-0.118119
-0.105632
0.172052
0.119106
0.054777
-0.074432
0.091153
0.057454
0.022641
-0.129460
-0.101416
0.026282
-0.055669
-0.090139
0.067133
-0.066628
-0.090900
0.170610
0.070930
0.100000
-0.077291
-0.059454
-0.119795
0.064067
0.003761
-0.037482
-0.003270
0.110181
-0.005256
-0.118195
-0.007248
0.161074
-0.046730
-0.114446
0.060948
-0.020352
0.185815
0.095807
-0.005691
0.182982
-0.110036
0.021539
-0.084644
0.119206
-0.163217
0.175680
-0.024213
0.008044
-0.106264
0.001225
0.074076
-0.003389
-0.040223
-0.063202
-0.254192
0.106373
-0.097894
-0.073258
-0.161218
0.093848
0.059694
0.222324
0.081323
0.120187
0.053516
-0.223799
-0.008841
0.020840
0.009918
0.009853
-0.028844
0.014752
0.066692
0.002262
0.049378
0.217899
-0.163289
-0.032621
0.111299
0.085220
0.099697
-0.009617
-0.018174
0.071757
-0.235176
-0.122236
-0.008902
-0.056638
0.167210
0.066639
-0.106310
-0.132017
0.145917
-0.094754
0.064753
-0.030154
0.158494
-0.022200
0.162156
0.035828
0.138450
-0.152549
-0.114193
0.027431
0.075694
-0.030528
0.026177
0.043688
0.131280
-0.028370
0.018922
0.133614
-0.114952
-0.056494
-0.056082
-0.000807
-0.034421
0.219639
0.026431
-0.049624
-0.088090
0.119283
0.149413
-0.019178
-0.114179
-0.011569
0.124048
-0.088902
0.116724
0.103713
0.220258
-0.080539
-0.005462
-0.002306
-0.112331
-0.085681
0.088244
-0.167045
0.007686
-0.000133
0.012863
0.108140
0.124722
-0.147528
-0.159722
-0.034841
0.178146
0.015274
0.004518
0.076302
0.042451
0.164956
-0.150828
0.003077
-0.146332
-0.023012
-0.035853
-0.041484
-0.110671
0.220162
-0.031349
0.067640
0.049910
0.161147
-0.090757
0.099964
0.160872
0.015849
-0.038887
0.154291
-0.014827
0.155872
-0.113851
0.095065
-0.095987
0.115577
-0.073097
0.110129
-0.095622
0.045454
0.003667
0.031523
-0.034718
-0.059694
-0.054263
0.062539
0.045676
-0.085217
0.131497
-0.010372
0.103879
-0.060335
0.032505
0.039280
-0.087884
-0.010957
0.026809
0.156320
0.060564
0.074988
-0.038477
0.206987
-0.013489
-0.006804
0.085667
0.035612
-0.074730
-0.008872
0.141186
0.169158
0.004381
0.083868
0.147275
-0.001564
-0.155910
-0.028536
0.042604
0.032057
0.177652
-0.051039
0.106752
-0.073640
-0.053172
0.103082
-0.019292
0.018837
-0.064966
-0.049219
-0.126705
-0.086632
-0.148857
0.158040
0.064212
0.053621
0.104337
-0.053359
-0.068639
0.087843
-0.090693
0.009069
-0.027048
0.010916
0.084972
-0.021290
-0.231663
-0.028622
0.051131
-0.103811
0.146451
-0.001905
0.121274
0.054905
0.038951
0.037194
-0.036973
-0.251937
0.019792
-0.072031
0.190893
-0.162030
0.255592
-0.160617
-0.011972
-0.026023
0.005400
-0.152495
0.008877
-0.029868
0.005294
0.003225
-0.013801
0.062016
0.012307
-0.085013
-0.028046
0.182520
0.038490
0.168003
0.014334
-0.035371
0.000644
0.131036
-0.026051
-0.102803
-0.226799
-0.049894
-0.173295
0.126236
0.010607
-0.035605
-0.086900
-0.022021
0.107572
-0.048432
0.019647
-0.055224
0.068601
0.088218
-0.075951
0.192536
0.060215
-0.118860
-0.035514
-0.076183
0.046247
-0.001036
0.029213
0.016234
0.094852
-0.041296
0.012135
0.131850
0.108796
-0.112131
-0.057314
0.027558
-0.064207
0.195743
-0.037850
0.138937
0.135878
0.017928
-0.018909
0.049542
0.052868
0.040879
0.086106
-0.053842
-0.169270
0.173293
-0.050657
-0.001605
0.133450
0.098796
0.062103
-0.061949
0.024822
-0.099435
-0.094552
-0.011666
-0.056618
0.045863
-0.029822
-0.048728
-0.031148
-0.056919
-0.213267
-0.110147
0.244655
-0.093578
-0.164293
-0.084581
-0.114619
0.160110
0.013037
-0.055148
-0.110451
0.063154
-0.022264
0.096523
-0.228415
-0.073885
0.011489
-0.048744
-0.094927
0.081303
0.049784
-0.128183
-0.111640
-0.135335
0.216611
0.063895
-0.100744
-0.004409
0.026986
0.053369
-0.019272
0.094977
0.101422
-0.008235
0.066965
0.123178
0.047950
0.061925
0.048035
-0.150735
0.135170
0.068232
0.166717
0.008536
-0.064437
0.174703
0.179324
0.096090
-0.183143
-0.224330
-0.082299
0.110778
-0.059530
0.037745
0.026414
0.039055
0.164014
0.116293
-0.093896
-0.114826
-0.092190
0.083991
-0.070562
-0.107972
-0.420874
0.053731
-0.011006
-0.030313
0.020379
-0.030738
0.148106
-0.108087
-0.077370
-0.047222
0.082568
0.086902
-0.130800
0.096003
0.047026
0.159478
-0.005906
0.086469
-0.020828
-0.000885
-0.064908
0.143415
-0.135411
0.001945
0.242480
0.080659
0.090174
-0.027267
0.204342
-0.054710
-0.004370
0.051226
0.009048
-0.063930
-0.024891
0.271632
0.127197
0.037938
-0.021509
-0.167212
0.044591
0.003383
0.069914
-0.000632
0.034277
-0.146664
0.021441
0.003335
-0.045419
-0.068650
-0.175356
0.133886
-0.084647
-0.040451
-0.110783
-0.080033
0.082072
-0.105916
-0.085344
-0.056735
0.058342
-0.073156
0.110348
-0.111892
0.053162
-0.026167
-0.065092
0.008507
0.100913
0.025769
-0.057724
-0.075651
-0.171581
-0.110065
-0.110269
-0.160467
-0.036683
0.117619
0.021934
-0.056111
0.017598
0.231537
0.028248
0.021040
0.074106
0.093251
0.162683
0.134704
-0.036739
-0.069977
0.146031
-0.134625
0.056550
0.060309
-0.024995
0.074133
-0.084132
-0.106838
-0.194115
-0.002005
0.074446
0.086768
-0.111532
-0.155732
-0.075717
0.187033
0.002021
-0.037983
0.201235
-0.216891
-0.137748
-0.146401
0.054488
0.170418
0.104194
-0.135880
-0.106978
0.039595
0.022916
0.073022
-0.039019
0.017504
0.012316
0.038911
0.111542
0.080513
0.087832
-0.070508
-0.003031
-0.163793
-0.091861
0.020214
-0.038059
0.113378
-0.092371
-0.003852
-0.213190
0.091512
0.004053
0.007221
-0.016554
0.193168
0.100339
0.109718
0.053140
0.002388
0.052480
0.071213
0.074123
-0.140337
-0.020525
-0.087268
-0.049256
-0.134338
-0.090691
-0.077769
-0.010471
-0.028547
-0.045018
0.040019
0.024285
0.051465
-0.080568
0.140273
0.178481
-0.031377
0.035453
0.073823
-0.044157
-0.006241
-0.133250
-0.105586
-0.048195
0.103694
0.007022
-0.040044
0.088787
0.073682
0.080643
0.096681
-0.035381
0.201725
0.007331
0.008542
0.083614
-0.119831
-0.088639
-0.005995
-0.033773
-0.043281
-0.035771
-0.046418
-0.064781
0.011565
0.119764
0.140404
-0.146547
0.007185
-0.087168
0.053468
0.083157
-0.091922
0.216024
0.130002
-0.032661
-0.028218
0.092854
0.060816
0.126809
0.003087
-0.037763
0.027787
0.197209
0.132496
-0.056024
-0.107835
0.000908
-0.062431
-0.063371
-0.000830
-0.032701
0.067296
0.056350
0.025000
0.035351
0.013052
-0.176163
-0.012764
0.094149
-0.208316
-0.130514
0.030104
0.050533
0.048723
0.070366
-0.010398
0.108009
0.104339
-0.049623
0.150350
0.095374
0.075482
0.132720
-0.144483
0.131731
0.034327
-0.045264
-0.058312
-0.276613
0.058760
0.015274
0.098550
-0.092889
0.057665
-0.010468
-0.075960
-0.031573
0.021430
0.018391
-0.067668
-0.140515
0.109689
-0.129006
0.026009
0.024075
-0.194230
0.084732
-0.029326
0.207041
0.049814
0.167303
-0.063865
-0.035638
0.155382
-0.064123
0.074934
0.030631
-0.038054
-0.062050
-0.038883
0.091724
0.047457
-0.133237
0.127737
0.136775
-0.006773
0.119263
-0.066473
0.053269
0.059322
0.009489
-0.058800
0.128965
0.222421
0.118997
0.188933
0.016016
-0.027012
-0.053608
0.093235
0.119877
0.036556
-0.156224
-0.149441
-0.094665
-0.104572
0.182968
0.069099
0.069195
-0.021264
-0.196195
-0.059137
0.029154
-0.003338
0.058714
0.132452
-0.162315
-0.016738
-0.043981
-0.006505
-0.115573
0.072578
0.077508
-0.028826
-0.029142
0.100913
0.215207
-0.159822
0.031289
0.077643
-0.178037
0.044632
0.070104
-0.006285
-0.095766
0.101045
-0.043826
0.129431
-0.007031
0.235212
0.165982
0.043449
0.062401
-0.044888
0.199677
-0.129764
-0.052596
0.050127
0.064251
-0.043410
0.014244
0.001512
0.078967
-0.021765
0.116666
-0.102719
-0.041156
0.137838
-0.085356
0.000863
0.062931
-0.039843
0.127444
0.081302
0.007898
0.054828
0.121762
-0.033266
0.101908
0.046310
-0.059013
0.022347
0.024664
-0.088748
0.096318
-0.037781
0.067448
-0.053166
-0.148856
-0.065824
-0.131115
-0.116980
-0.121310
0.090435
0.024384
-0.068842
-0.014499
0.031522
-0.163663
-0.100948
0.019008
-0.014974
-0.000271
0.084259
-0.014968
0.018758
0.156547
-0.049698
0.039466
0.015970
0.100176
0.121468
-0.022589
-0.141219
0.046519
0.117136
0.058282
0.115133
-0.143926
0.115301
-0.012165
-0.042854
-0.128815
-0.074495
-0.128630
0.026769
0.073753
0.121715
-0.111456
0.009229
-0.116137
0.040213
-0.099591
0.059685
0.043742
0.065615
0.108000
-0.076285
-0.000906
0.001879
-0.073677
-0.051079
-0.032765
-0.195164
-0.082783
0.042262
-0.125890
0.007541
-0.004054
0.065606
-0.041199
-0.125028
-0.010275
0.016527
0.006016
0.235619
0.097738
0.083729
0.017222
0.039565
0.056692
0.033949
0.043282
0.107627
0.266964
-0.016791
0.084323
0.105795
-0.008709
-0.043917
-0.100870
-0.294777
-0.056470
0.234050
0.028234
0.010419
-0.086183
-0.090967
-0.021531
0.076046
0.010406
-0.090332
0.259177
-0.290674
-0.076203
-0.057610
-0.068426
0.067989
0.265006
0.074308
-0.012510
0.008724
-0.011738
-0.056258
0.110315
0.042923
-0.047733
0.116545
0.068785
0.178274
-0.029292
-0.057335
0.083296
-0.124530
0.028805
-0.012663
0.027185
-0.082146
-0.048717
0.039554
-0.306525
-0.121865
0.046840
0.231453
-0.119786
0.117107
0.022010
0.041699
0.065287
0.008294
0.059135
-0.013715
0.029919
0.007389
-0.214436
0.021826
0.148529
-0.042794
0.000608
0.023294
0.016621
0.029956
0.051286
-0.079288
-0.026800
-0.124143
0.016467
-0.060460
0.053073
0.076563
0.135701
0.001103
0.001848
0.130426
0.051919
0.177513
-0.072377
-0.010326
-0.097863
0.055881
0.065464
0.062781
0.081020
-0.027740
0.225925
0.044129
-0.143929
0.145665
-0.057615
0.150608
-0.038796
-0.069748
0.000647
-0.053530
0.100739
-0.193822
-0.038268
-0.049264
-0.017364
0.070148
-0.111638
-0.022871
-0.006863
-0.027403
-0.125728
-0.089181
-0.044172
0.035508
0.056062
-0.063971
-0.220566
-0.077398
-0.063132
-0.006541
0.048670
0.262493
0.031079
-0.026674
-0.088735
0.016067
-0.037883
-0.064445
-0.004599
0.117579
-0.162361
0.156999
0.128643
0.106098
-0.093424
-0.246889
-0.070360
-0.036678
0.033011
0.110215
0.032323
0.224232
0.029451
-0.095036
0.005359
-0.054017
0.024223
-0.147503
0.021332
-0.102520
0.060509
-0.054720
0.090184
0.101943
0.098525
-0.063546
-0.053827
-0.149507
0.159057
-0.017524
-0.022667
-0.053249
-0.081285
0.020869
-0.097293
-0.062338
0.061493
-0.160278
0.001687
0.126231
0.116732
-0.009652
0.007693
0.078175
-0.122397
-0.074518
-0.060803
0.005766
-0.142775
0.057508
0.030506
0.192786
-0.044086
-0.084776
-0.157148
-0.050171
-0.038988
-0.063256
0.151199
0.237140
0.045448
0.125822
0.106386
-0.020295
-0.003735
0.072647
0.086538
-0.054354
-0.019030
0.054176
0.159877
-0.038943
0.007663
0.049600
0.144509
-0.034417
-0.000921
-0.071730
0.120698
-0.138249
-0.050845
0.028300
-0.017108
0.194822
0.114956
0.151096
0.071319
-0.010479
0.023157
-0.115262
0.079819
0.093645
0.128927
0.031305
0.083650
-0.103415
-0.001587
-0.068115
0.016097
-0.108747
-0.103280
0.024775
0.240177
-0.188538
-0.093616
0.053742
-0.110845
-0.036882
0.074643
-0.002023
-0.042638
0.111079
-0.086263
-0.345469
-0.055641
-0.029294
0.035973
-0.059519
0.027221
0.195957
0.087808
-0.092959
0.022151
0.117995
0.018068
-0.091528
-0.054260
-0.019069
0.011568
-0.049300
0.204486
0.012849
0.131367
-0.086738
0.033215
-0.114119
-0.001564
0.052060
0.059045
-0.014179
-0.064808
0.080025
0.012560
0.236919
0.082805
0.216015
-0.065199
-0.143590
-0.055145
0.066240
0.010074
-0.088339
0.188843
-0.067778
-0.169327
-0.207388
0.095520
-0.003599
0.081126
0.002163
0.135214
0.160657
-0.136109
-0.092003
0.194216
0.177943
-0.094197
0.040782
-0.031105
0.044199
0.002422
-0.016885
0.075908
-0.021718
0.007533
0.043481
0.000703
-0.176453
0.027183
0.081955
0.107880
0.150299
0.090429
0.035930
-0.097665
0.006307
0.037877
-0.084794
0.124636
0.017787
0.034188
-0.089265
0.138488
-0.026091
-0.241582
0.222408
-0.075447
0.028678
0.122373
-0.119402
0.067211
-0.042920
0.052916
-0.039205
0.093397
0.119630
-0.041304
-0.104004
-0.057787
-0.003758
-0.162706
-0.137579
0.004313
0.118311
-0.044200
0.199785
0.134436
-0.130548
0.156130
-0.158310
-0.010663
0.009105
0.037333
0.029589
-0.043493
-0.016647
-0.023533
0.024278
-0.109791
-0.161416
-0.068233
0.054618
0.060204
-0.017569
-0.093441
0.146900
-0.007728
0.073320
-0.069084
-0.083089
0.004964
-0.028770
-0.201645
0.032626
0.045812
0.190038
-0.186814
-0.135265
0.021076
0.042109
0.104231
0.079380
-0.072215
0.074855
0.043069
0.223637
0.022161
-0.071406
-0.059016
0.003018
-0.012324
-0.006614
0.157694
0.016906
-0.077873
0.017231
0.013114
-0.089258
0.042174
0.041511
0.027401
-0.032756
0.110504
-0.052694
0.076205
0.132785
-0.079603
0.187491
0.016465
0.108252
-0.055002
-0.043872
0.058409
0.093966
0.092159
-0.080740
0.058971
-0.046638
-0.007349
-0.031570
-0.036820
0.030587
-0.002003
0.062875
-0.076808
0.026366
-0.239983
0.061460
0.071392
-0.061038
0.063527
-0.047201
-0.162197
-0.044109
0.019075
-0.070216
-0.212111
0.082366
0.030214
0.064798
-0.150733
-0.085145
-0.070602
0.012912
0.148621
0.017254
0.232013
0.099790
-0.131867
0.085603
-0.073596
0.113181
0.164140
-0.023724
0.115268
0.123732
-0.003474
-0.147733
-0.029857
0.036450
0.022424
0.160951
-0.146911
-0.013860
-0.091389
-0.172691
-0.008928
0.032730
0.088829
-0.082457
-0.027399
-0.072315
-0.104826
-0.095198
-0.085566
0.020190
0.099317
0.036947
0.231409
-0.088741
-0.109270
0.164036
-0.077888
-0.019152
0.003163
-0.047075
0.096264
-0.026722
0.115715
0.338102
0.098525
-0.070541
0.069091
0.096944
-0.074870
0.050991
0.040864
0.157765
-0.030067
-0.057946
0.106433
-0.063260
-0.173780
0.016388
0.131514
0.113281
-0.046825
0.079949
0.083697
0.158159
-0.127308
0.133005
0.106634
0.004486
0.168287
-0.180503
-0.080553
-0.010171
-0.324730
0.039146
-0.151305
0.092401
-0.028288
-0.079994
-0.019725
-0.021918
0.067133
-0.036957
-0.080767
-0.193337
-0.056911
-0.077219
-0.125233
-0.070585
0.062344
-0.103463
-0.006103
0.121190
0.141120
0.008346
-0.144728
-0.159154
0.008156
-0.018285
0.074606
-0.054120
0.124703
0.184560
0.047269
0.057778
0.121238
-0.292025
0.095755
-0.073069
-0.081885
0.080282
0.110817
0.072284
-0.319515
-0.013997
-0.036786
-0.002074
0.073194
0.003960
-0.053840
-0.039069
-0.111194
0.014704
0.080895
0.099790
-0.179046
0.111332
0.036162
0.168675
0.015344
-0.011641
0.043285
-0.036208
-0.031619
-0.047655
-0.201004
0.090923
-0.044089
-0.016641
-0.163759
0.051495
0.135969
-0.083738
-0.054046
0.011710
-0.076238
0.035179
0.038138
-0.147863
0.038010
0.009842
0.062073
-0.104612
0.019508
0.054151
-0.031136
0.036931
0.140177
-0.067922
0.041540
-0.015847
0.044629
0.042149
0.008263
-0.070215
0.111581
-0.057501
-0.180737
-0.177859
-0.100747
0.031176
-0.160634
-0.117882
0.117526
-0.139425
-0.165415
0.138943
0.102374
-0.074561
0.126760
-0.032795
0.024341
0.102488
-0.030933
-0.138501
0.124929
0.112891
0.222323
-0.047770
-0.009426
0.031388
0.133878
0.040059
0.065170
-0.109151
-0.010883
-0.003776
-0.023853
0.028240
-0.169244
-0.100496
0.073540
0.077580
0.121139
-0.099107
-0.134426
0.008196
-0.060040
0.103693
-0.118987
-0.045923
-0.189592
-0.091464
0.115539
-0.096925
0.079385
0.043587
0.025893
-0.067162
-0.053844
0.050256
-0.088574
-0.114549
0.057155
0.084608
-0.050548
-0.132289
-0.122974
-0.171480
0.039231
0.133226
0.104010
-0.036105
-0.082992
0.042211
0.026196
-0.028229
-0.073611
0.065753
0.042061
0.114885
0.119076
0.009598
-0.020825
-0.061838
0.036680
-0.138285
0.018490
0.004191
0.105915
0.279656
0.085091
-0.081994
-0.090084
-0.071637
0.055482
-0.019527
-0.043388
0.051788
-0.087285
-0.107993
0.014430
0.048533
0.001721
-0.001286
0.002687
-0.048618
-0.037463
0.085104
-0.034988
0.002011
-0.031308
-0.117457
0.012496
0.049484
0.014866
0.060950
0.031384
-0.069817
0.044479
0.016131
0.175198
0.039405
-0.133979
0.111737
0.033534
0.035744
-0.047465
0.063592
-0.062101
0.270079
0.185252
0.033197
0.016785
-0.171874
-0.015248
-0.112371
0.133653
-0.092218
-0.010841
0.049533
0.073205
0.103929
0.026390
-0.181803
-0.006288
0.061169
-0.016707
0.161311
-0.043093
-0.035724
0.075731
-0.037692
-0.133913
0.095064
0.055236
0.039634
0.045374
0.173668
0.033857
0.224894
0.022990
0.017820
-0.022682
-0.082798
0.054806
0.051249
0.033912
0.004212
0.092398
0.042125
0.028428
-0.044157
-0.134703
0.024077
0.102910
0.029566
0.233052
-0.226540
-0.074106
-0.141507
0.031107
0.146160
0.001420
-0.138387
0.062530
0.058760
0.056425
0.036729
-0.114854
0.081527
-0.080483
0.038407
-0.094832
0.124431
-0.097354
-0.062336
-0.150470
-0.071496
0.005641
0.113271
-0.393368
-0.014076
0.205458
-0.226401
0.105662
0.110219
0.056861
0.041139
-0.089952
-0.027514
0.046189
0.151671
0.188065
-0.035631
0.030369
-0.188121
0.040801
0.100005
0.004445
-0.099944
0.061549
-0.029600
0.064522
0.001771
-0.018292
-0.019725
-0.094518
0.093600
-0.157615
-0.097603
0.064048
-0.195306
0.156557
-0.142156
-0.253733
-0.100273
0.109113
-0.237675
-0.000468
0.093086
0.062437
-0.090166
0.001385
-0.231265
-0.064742
-0.040827
0.100978
-0.016567
-0.226342
0.027341
0.093184
0.089240
0.036584
0.022125
-0.012516
0.049735
-0.022988
-0.040359
-0.088792
0.042735
-0.019656
0.066768
-0.038860
0.008656
0.047120
0.057532
-0.209695
0.165212
-0.101880
0.161365
-0.092979
-0.034224
-0.037019
-0.006345
-0.071030
-0.009929
0.008140
0.032791
0.106820
-0.052205
-0.098376
0.033383
-0.105799
0.006857
0.118047
0.041002
-0.039440
0.042413
-0.119227
-0.146279
0.023239
-0.026516
-0.057777
-0.098364
0.035554
-0.007119
-0.110277
-0.108093
0.072893
-0.036294
-0.026059
0.090141
0.018843
-0.032863
0.161789
-0.075907
-0.087002
0.220160
0.042034
-0.116220
-0.224832
-0.071965
0.141128
-0.020144
0.057058
0.085166
-0.049220
0.101670
0.148201
-0.153654
-0.120773
0.031737
-0.054532
-0.142020
-0.079729
0.018494
0.062475
-0.039344
-0.139086
-0.049407
-0.121585
0.143755
0.113786
0.177295
0.088188
0.211386
0.002698
-0.118022
-0.132657
-0.045077
-0.005966
0.173239
-0.153708
-0.051521
-0.062264
-0.056919
-0.140387
-0.252264
0.033862
0.124344
0.102766
0.000665
-0.033573
0.111220
-0.173956
-0.081965
-0.030785
-0.006021
0.018783
-0.260692
-0.040962
-0.019357
0.002871
-0.111217
0.069475
-0.073440
0.061266
-0.013258
0.026714
-0.050772
-0.000127
0.009355
-0.089236
-0.084123
0.091916
-0.206767
-0.031635
-0.089945
-0.163153
-0.175492
-0.011997
-0.077821
0.010784
-0.144288
0.094324
0.031133
-0.051889
-0.008442
-0.152400
0.031860
0.197820
0.041572
-0.002715
-0.093354
0.028524
0.048171
-0.017170
0.045487
-0.189162
0.005539
0.179551
0.046658
0.096338
0.112408
0.207340
-0.092469
-0.051205
0.098322
0.026330
0.004527
0.040759
0.042495
-0.130938
0.159586
0.052288
0.032799
-0.076225
-0.016051
-0.003134
0.062362
0.080189
-0.007313
0.089406
-0.110615
-0.121260
-0.039621
-0.104532
0.080739
-0.162278
-0.025842
0.220056
0.076597
-0.052197
0.110099
0.089994
-0.070537
-0.091595
-0.134343
0.057934
-0.009249
0.069408
-0.122677
-0.073057
0.034766
-0.010589
-0.011675
-0.021434
0.156445
-0.041350
-0.065673
0.259927
-0.131691
0.020682
-0.076290
-0.054747
0.208065
-0.102036
0.078604
-0.055529
-0.056643
-0.053338
-0.088966
0.196114
-0.021067
0.019382
0.066836
0.047646
0.067967
-0.018823
0.042297
-0.061794
0.196508
-0.155391
-0.118055
-0.095039
0.116624
-0.019120
-0.193539
-0.049021
-0.000793
-0.201059
-0.213422
0.038146
-0.011688
-0.160015
-0.015185
-0.135665
-0.070233
0.023711
-0.117016
0.045032
-0.024487
-0.020125
0.087890
0.120032
0.073910
0.082295
-0.046770
0.188870
-0.079840
-0.100306
-0.022925
0.009705
-0.077296
0.048857
-0.087708
0.038545
0.059362
-0.055974
0.027848
0.118830
0.021711
0.100534
0.018487
0.006171
-0.112431
-0.063330
-0.162646
-0.082201
0.046981
-0.138499
0.157863
0.044198
0.138409
0.070684
-0.063568
-0.142521
0.103276
0.082224
-0.153602
0.022620
0.113323
-0.016990
0.179178
0.088106
0.062421
0.094451
0.004474
0.012969
-0.113931
0.031279
-0.024219
0.090472
0.161775
0.175448
-0.160206
0.083418
-0.091650
-0.039387
0.070455
0.020217
-0.044115
0.027938
0.105149
-0.115910
-0.025492
0.102804
-0.056485
0.061827
-0.052656
0.050093
0.129704
-0.213005
-0.076533
-0.006548
0.159336
-0.075820
-0.018301
-0.011813
-0.027800
0.126808
0.241708
-0.041916
0.019209
-0.085881
-0.096518
0.050701
-0.013831
-0.093917
0.079818
-0.116509
-0.059935
-0.124763
-0.035492
-0.034755
-0.123697
0.025836
0.113819
0.097325
-0.008389
0.016991
-0.069585
0.005695
-0.065502
0.074545
0.039347
0.035404
-0.052871
0.036070
-0.039473
0.086327
0.113633
-0.263405
-0.230404
0.016450
0.191184
-0.012043
-0.120530
0.120548
0.098231
0.078774
-0.026344
0.083852
-0.115405
0.048182
-0.061505
-0.199974
0.010237
-0.031019
-0.187926
-0.031973
0.069488
-0.084108
0.034532
-0.085766
-0.151006
-0.006248
0.084782
0.026581
-0.060483
0.060139
-0.068910
-0.100881
-0.118523
-0.036980
0.095759
0.103710
-0.132785
-0.062078
-0.134627
-0.063119
-0.036539
-0.036790
0.050540
-0.037928
-0.144740
0.098106
0.052846
0.036279
-0.161729
-0.038574
0.030452
0.112892
0.131906
0.191321
-0.157062
-0.094248
-0.063056
-0.107647
-0.070022
0.137095
0.055008
-0.001357
-0.034989
-0.047606
-0.007458
-0.147540
-0.029599
0.091330
0.084230
-0.056215
0.196784
-0.083642
-0.061575
0.031704
-0.029785
-0.027243
-0.086837
0.001953
-0.058099
0.002623
0.007097
-0.027933
-0.080725
-0.090471
0.060268
0.030010
0.128451
-0.061858
0.028116
-0.030121
0.204910
-0.046383
0.005027
-0.023920
0.091657
-0.315799
0.025222
0.095365
-0.083371
-0.177092
-0.122582
0.136882
-0.071428
0.040601
0.199262
0.031607
0.140410
-0.099182
-0.049148
0.049303
-0.065647
0.057436
0.151435
-0.035406
0.000346
0.159586
-0.086234
0.060670
0.092469
-0.106351
-0.122391
-0.118625
-0.062333
0.041981
0.019118
-0.199347
-0.020954
0.016071
-0.114409
-0.042500
0.002136
-0.087162
0.079522
-0.093871
0.060376
0.029319
-0.124645
-0.117741
-0.168639
-0.073906
-0.001610
0.010587
0.115924
0.062225
0.094892
0.115593
0.090918
-0.010136
0.059183
-0.005483
0.005394
-0.119316
-0.132119
0.104172
-0.150822
-0.077633
0.041754
0.098488
-0.027718
0.104973
-0.033316
-0.098145
-0.054404
0.142208
-0.141006
-0.023776
-0.019869
0.121328
0.021904
-0.017787
-0.185693
-0.115549
0.005397
0.126161
0.076368
0.022272
-0.178124
0.114999
-0.068548
0.083230
-0.050567
-0.142700
-0.125512
-0.142664
0.086486
0.144817
0.108800
-0.049044
0.161281
0.075770
-0.024856
0.171652
-0.042466
-0.090014
-0.205558
-0.067141
0.137113
0.145665
-0.037667
-0.065288
0.060765
0.004586
-0.103182
0.120796
0.026167
-0.118198
-0.006504
0.083721
0.048004
0.094695
0.011527
0.065350
0.078001
0.255924
-0.054750
0.118994
-0.016515
0.017786
-0.157188
0.048095
0.199653
-0.218337
-0.066157
-0.062109
0.014941
-0.053863
-0.000505
0.131735
-0.103257
0.152266
-0.050495
0.110142
0.082688
0.099057
0.114448
0.029133
-0.082840
-0.014928
-0.039613
-0.030830
-0.152636
0.082587
0.210687
0.027874
-0.179421
0.057066
-0.067942
-0.023773
-0.177901
-0.054285
0.063797
-0.016699
-0.005154
-0.027288
0.051473
0.010242
-0.011840
0.084617
-0.001350
0.074671
-0.086402
0.035462
0.047864
0.124608
0.058869
0.005616
0.036618
0.124912
-0.093131
-0.064484
0.198496
0.164453
-0.178108
-0.014269
0.085209
-0.041498
-0.070798
-0.031945
0.047926
0.044798
-0.030878
0.114297
-0.248928
0.028179
-0.122416
0.080575
-0.054608
-0.073672
-0.011061
-0.113960
-0.036611
0.137167
-0.004694
0.186382
0.088557
0.269714
-0.102946
-0.086944
0.092406
0.030157
0.034725
0.166806
-0.000911
-0.086603
-0.117432
0.024992
0.044186
-0.183355
-0.041419
0.106874
0.073884
-0.119248
-0.072852
-0.027726
-0.037048
0.018484
-0.032199
0.037489
-0.089507
-0.123131
0.085468
0.111240
-0.082057
0.128705
-0.095954
-0.074283
-0.133948
-0.016738
-0.061763
0.141717
0.119292
0.169969
0.033990
0.048900
0.038434
-0.137642
0.017187
0.061244
0.024418
0.019750
0.124301
-0.239502
-0.074256
-0.140175
0.047113
0.019151
-0.001094
0.020536
-0.074968
-0.003125
0.025835
0.120931
0.028739
-0.085233
-0.098147
0.029299
0.086390
0.126338
0.031802
-0.074018
0.051686
-0.142792
-0.065770
0.033320
-0.000945
-0.027174
0.130388
-0.012523
-0.020564
0.133890
-0.330892
-0.057022
-0.041632
-0.024254
0.027531
-0.078814
-0.013929
0.071839
0.220564
-0.114569
-0.022936
0.096801
-0.022010
-0.064995
0.002688
-0.116873
0.152500
-0.133836
0.131035
0.071562
0.130856
0.062256
-0.051948
-0.053458
0.021889
0.075480
-0.057878
0.087032
-0.075198
0.150074
0.031733
0.034256
-0.027997
-0.209949
-0.143407
0.181414
-0.296019
-0.032487
-0.001853
-0.099386
0.123641
-0.043141
0.054530
-0.094149
-0.141120
0.116062
0.148591
-0.132741
-0.047215
0.034572
-0.126689
0.008618
-0.097532
-0.055663
-0.138510
0.000163
0.072999
0.032662
0.041558
0.008012
-0.045705
-0.014545
0.034195
0.008302
0.003748
0.038129
-0.015419
-0.124404
0.050675
0.103720
0.058828
0.077744
-0.017577
0.142326
0.056242
0.080928
0.105855
-0.125385
-0.136881
-0.092747
-0.132792
0.071244
-0.204566
-0.155924
-0.026413
-0.057283
-0.342844
-0.071364
0.029133
0.002217
0.098133
0.144647
-0.107526
-0.098687
-0.105434
-0.163983
0.004675
0.045126
-0.124077
-0.192165
-0.112450
0.066051
-0.054887
-0.080457
-0.174559
0.026584
0.054904
0.063528
0.018321
0.003887
0.038764
-0.046887
0.099273
0.059414
0.050278
-0.155229
0.079521
0.048981
0.040530
-0.033744
-0.072224
0.077389
-0.008315
-0.001755
0.162077
-0.109445
0.087638
0.049719
-0.132376
-0.029343
-0.012874
-0.090749
-0.007463
0.025359
0.006230
-0.190184
0.016013
0.109738
-0.108202
0.021662
-0.125317
-0.115179
0.048013
-0.009487
-0.037360
0.076859
-0.015734
0.070561
-0.029979
-0.012501
0.142008
-0.013355
-0.065630
-0.093352
-0.078574
-0.231536
-0.031790
0.003186
0.017794
0.129845
-0.246680
0.005543
0.064021
-0.112157
-0.050024
-0.025274
-0.080072
-0.070554
0.009393
-0.157124
-0.134555
-0.164225
-0.092183
0.036264
-0.112658
0.116354
0.037907
-0.069964
-0.111166
-0.058224
-0.129626
0.101892
0.077766
0.202068
-0.033430
0.269461
0.045252
0.138576
0.250002
0.078310
-0.073863
0.049205
-0.024951
-0.042866
-0.023801
-0.008237
0.013090
-0.022840
0.130249
0.039017
-0.073738
-0.019195
0.166737
0.141436
-0.045244
-0.068959
-0.028789
0.040141
0.083845
0.148407
-0.043325
-0.077231
-0.130858
-0.026656
0.037809
0.010731
-0.049922
0.010423
0.027123
0.062027
0.015600
0.083340
0.098011
0.096477
0.022757
-0.046574
0.015344
0.064861
0.127697
0.044216
0.102727
0.059520
-0.034870
-0.092186
0.135390
0.007087
0.047872
-0.187271
-0.000683
0.095765
0.250987
-0.134740
0.006682
-0.087302
0.114688
-0.025147
-0.114329
0.007908
-0.010571
-0.199552
-0.056464
0.128157
-0.065542
-0.189457
-0.126952
0.132129
-0.260083
0.184596
0.066416
0.056600
0.032144
0.169928
0.029181
0.030784
0.075529
0.066059
-0.043687
-0.048604
-0.015706
0.086435
-0.017906
0.121056
-0.064616
0.102058
0.176445
-0.202660
-0.140883
-0.038308
0.063943
-0.017597
-0.094965
0.180752
-0.077001
-0.028032
0.049514
0.040457
-0.287495
0.016926
-0.016575
-0.107039
0.020173
0.016626
0.091784
-0.058640
-0.107666
-0.096689
-0.011007
0.121765
0.061320
0.023069
0.115759
-0.088000
0.144072
0.061262
0.177767
-0.024666
0.086499
0.097939
0.030349
-0.122788
0.023789
-0.067161
-0.023295
0.112359
0.089629
0.122210
0.095608
-0.002525
-0.022137
0.116283
-0.084894
-0.059014
0.013704
-0.075734
0.010543
-0.024170
0.015406
-0.034406
0.101293
0.149224
0.022120
0.094542
-0.192142
0.049273
0.119385
-0.116142
0.028953
0.022084
0.004495
-0.126900
0.201874
-0.006825
0.270745
0.141388
0.058954
0.178872
-0.046423
0.221362
0.027733
0.053931
0.065381
-0.047655
-0.186216
-0.134626
-0.222742
-0.165185
0.081253
-0.017907
-0.066531
0.101638
-0.046606
0.020450
0.112176
-0.013953
-0.019861
-0.081060
0.026544
-0.166453
0.017297
-0.075405
0.176435
0.009874
-0.147441
0.195817
0.071424
0.067331
-0.066923
-0.121441
0.111583
0.147308
0.044121
-0.116021
0.067958
0.159670
0.014147
-0.010829
0.173096
-0.014219
-0.059669
-0.074514
-0.013218
0.130087
0.082094
-0.018923
0.301890
0.019106
0.215841
-0.133892
0.006353
-0.192284
-0.235208
0.050353
-0.066101
0.019404
-0.152327
-0.016676
0.003572
0.124964
-0.140602
-0.017099
-0.132879
0.100274
-0.006552
-0.097604
-0.066473
-0.199675
0.060813
-0.132309
-0.036433
-0.034787
0.191079
-0.140973
0.031101
0.110310
-0.036232
0.032037
0.021924
0.040248
0.276834
0.086758
-0.188937
0.067087
-0.119870
-0.066431
0.073645
0.075707
0.043199
0.019854
0.009848
-0.043784
0.158023
0.024287
0.033024
-0.138606
-0.030062
0.031609
-0.008249
0.056071
0.125261
-0.135040
-0.045191
0.113302
0.059238
-0.038480
-0.021111
0.264805
0.187404
-0.060377
-0.018462
0.028840
0.106939
-0.063830
-0.014443
-0.135840
-0.059188
0.031982
0.134561
-0.064104
0.045473
-0.114243
0.042324
-0.062211
-0.059402
-0.010689
0.016793
-0.122200
0.100061
0.113463
-0.055094
-0.143746
-0.117273
0.182372
-0.005500
-0.050678
-0.148997
0.027983
0.061486
-0.098724
0.033284
-0.001800
-0.017161
-0.160967
-0.082646
-0.152589
-0.112387
-0.103693
-0.147295
0.035751
0.048896
0.007805
-0.058383
0.053149
-0.175293
-0.086195
0.008530
0.113853
0.044633
-0.105574
0.061106
-0.007189
0.040764
0.057628
0.133235
-0.046989
0.016744
0.068125
-0.100921
-0.121405
-0.093755
-0.100367
-0.267834
0.068979
-0.062893
-0.030666
0.026998
-0.096361
0.093576
-0.014676
-0.201862
0.001906
0.103178
0.035340
0.178822
0.249067
-0.025149
-0.017637
0.006301
0.073368
-0.044785
-0.223099
-0.028137
-0.115041
-0.051075
-0.167905
-0.022625
-0.048914
-0.091233
0.085715
-0.030478
-0.046351
0.036933
-0.089285
-0.119809
-0.071252
0.003777
-0.112079
0.191804
-0.012761
-0.075881
-0.075588
-0.103219
-0.063742
0.035183
0.032584
0.048789
-0.099841
0.022602
0.031501
0.105656
0.086341
0.016965
-0.175075
0.121097
0.005365
0.125068
-0.048504
0.148062
0.095613
-0.098623
0.088997
0.031019
-0.158116
-0.063452
-0.123886
-0.019224
-0.054322
-0.037098
0.033474
-0.134707
-0.091057
-0.045944
-0.065814
-0.028714
-0.002858
-0.021320
0.125780
-0.079242
0.136069
0.024972
-0.032051
-0.047707
0.184987
-0.037921
-0.029386
0.025639
-0.018690
-0.075754
-0.099085
-0.055633
0.019291
-0.094569
-0.102993
-0.209594
-0.075517
0.066185
-0.036571
-0.068541
0.006127
0.029752
0.155324
0.098462
-0.006155
0.021169
0.211607
0.043141
0.073484
-0.059557
0.210438
-0.053833
-0.012323
-0.101842
-0.047074
-0.023691
-0.005475
-0.026185
0.077017
0.130624
-0.130909
0.009559
0.023472
0.021977
0.089839
0.219776
0.032260
-0.027638
0.148540
-0.022915
-0.155262
0.058691
-0.021391
-0.152256
0.048285
-0.131032
0.055868
-0.062574
-0.041214
0.166331
0.063746
-0.086838
0.040996
-0.078891
0.035622
-0.125152
-0.006935
-0.103136
-0.015665
-0.115230
-0.059092
0.093385
-0.127425
-0.105036
-0.098298
0.050092
0.044695
-0.021300
0.065522
0.001761
0.020727
0.113168
0.002115
0.042621
0.086486
-0.091019
-0.058691
-0.336013
0.073492
-0.004451
-0.099566
0.100928
-0.056092
-0.047454
-0.221845
0.147195
-0.097583
-0.008435
0.102789
0.023861
0.108211
-0.135183
-0.069292
-0.076934
-0.135558
0.037366
0.069750
-0.131624
-0.223601
-0.087239
-0.039253
0.056550
-0.100724
0.038603
-0.300224
-0.122903
-0.023139
-0.089567
-0.136908
-0.032755
0.030648
0.141708
0.202356
0.059270
-0.094976
0.044548
-0.080909
-0.088614
-0.022215
-0.149730
-0.176860
-0.090390
0.009727
-0.009520
0.136360
-0.100189
0.002026
-0.021436
-0.102651
-0.027175
-0.068070
0.150669
0.074049
0.000616
0.114537
-0.022876
-0.055659
-0.049788
0.017756
-0.055974
-0.120898
-0.122283
-0.133370
-0.015725
0.004502
-0.094003
-0.006297
0.172533
-0.004250
-0.001901
0.180259
-0.055547
-0.041427
-0.051623
-0.001979
0.029201
0.019381
-0.037649
-0.037379
-0.170152
-0.116245
0.124617
-0.001168
-0.059498
-0.072817
-0.030870
-0.109614
-0.013432
-0.087051
-0.072327
0.091018
-0.028507
0.069252
-0.088694
-0.117312
0.196562
-0.110712
-0.008831
-0.008791
-0.013676
-0.036592
0.154459
-0.186901
-0.041525
0.016517
0.004172
-0.065987
0.066215
-0.036615
0.000106
0.077200
0.130244
0.098039
0.018067
0.045880
0.108439
-0.022480
-0.096377
-0.118380
-0.082153
-0.010289
-0.009150
-0.080779
-0.040556
-0.123455
0.079815
0.029614
-0.076312
-0.089881
-0.118664
-0.036706
0.069963
-0.117574
0.113729
-0.110226
0.202307
0.152566
0.124328
-0.021316
0.035646
-0.074096
-0.183967
0.001263
-0.066627
0.050048
0.010510
-0.010415
0.092630
0.079442
0.007328
0.015189
0.024972
0.172328
0.154198
-0.047234
-0.001996
-0.062589
-0.075757
0.021636
-0.066387
-0.116136
0.017142
-0.004477
-0.118109
0.105628
0.005354
-0.174034
-0.054258
-0.087196
0.002944
-0.046530
0.022147
-0.025628
-0.038673
-0.013683
-0.002888
-0.090329
-0.074654
0.030163
-0.033042
-0.011552
0.126534
0.121567
0.123646
0.107615
-0.117013
0.030119
0.037469
-0.005235
0.164221
0.068117
-0.034900
-0.026749
0.014765
-0.102716
0.053470
-0.162281
0.205242
-0.183278
0.026877
-0.004717
-0.039419
0.196185
0.038570
0.141980
0.015487
-0.088757
-0.167633
0.015689
0.148977
-0.054049
-0.083669
-0.040536
-0.126176
-0.196459
0.237829
-0.076716
-0.138040
0.003198
-0.037178
-0.065948
-0.046259
0.246496
0.118546
0.122048
-0.019554
-0.147067
0.003356
-0.236059
0.068948
-0.115607
-0.107538
0.110158
-0.015838
0.019891
0.076990
0.042613
-0.081476
0.013283
-0.208080
-0.069044
-0.142139
0.065567
-0.072522
0.096231
-0.084379
0.043647
0.059598
0.088254
-0.118118
-0.060700
-0.029802
0.124986
-0.079103
0.066060
-0.104498
0.140051
0.117191
-0.040153
-0.065151
-0.171959
-0.088723
0.037375
0.191190
-0.117183
0.102746
-0.052257
0.058914
0.013922
-0.012462
0.096522
0.151368
-0.022098
0.037565
0.005325
0.080333
-0.147183
0.096320
0.010113
-0.156858
-0.049724
0.080788
-0.005014
0.024962
-0.008474
0.329462
-0.184403
-0.056841
0.148327
-0.036416
-0.022472
0.245071
-0.047982
-0.014327
-0.025498
-0.083548
-0.043765
0.067793
0.162204
-0.109163
-0.170334
0.005705
-0.068723
-0.185527
0.177102
-0.269296
0.005854
-0.119350
-0.050768
-0.016593
-0.144653
-0.109263
0.095251
-0.016092
0.091898
-0.089516
0.027892
-0.176739
0.087309
0.071740
-0.053753
-0.060257
-0.015076
0.061870
-0.121259
0.041281
0.048690
0.216461
0.065562
0.011322
-0.033095
-0.011169
0.019298
0.030720
-0.087634
0.200186
-0.097212
0.074975
0.031580
-0.097877
-0.045371
-0.202661
-0.010117
-0.247034
0.071345
-0.079354
0.116931
-0.094108
-0.056834
0.047620
-0.010303
-0.024041
0.096048
0.154884
-0.247880
0.164143
0.041387
-0.050634
0.087538
-0.092890
-0.041046
0.025006
-0.117887
0.112689
0.007047
-0.047606
0.022812
0.224921
-0.113017
-0.147104
0.010166
-0.088069
0.056581
-0.031382
-0.062885
-0.134720
0.022005
0.073817
0.018127
-0.140941
-0.058963
-0.095615
0.081184
-0.070776
0.013347
-0.043003
0.209937
0.251744
-0.089329
-0.016587
-0.094376
0.041746
-0.154225
0.152649
-0.040268
0.068984
0.019337
0.062268
-0.102452
-0.049538
0.095143
0.219707
0.030685
0.117806
0.052962
-0.061003
0.109086
0.124544
-0.020908
-0.048073
-0.124876
0.083355
0.039077
-0.101493
-0.048992
-0.063064
-0.033503
0.115829
0.026290
0.073957
0.034398
0.129192
0.188097
-0.023291
-0.017283
0.070349
0.011790
-0.131251
0.006580
0.174831
-0.123623
0.083268
-0.055550
0.255436
-0.140713
-0.074702
-0.015338
0.070348
-0.111941
0.016224
0.036831
0.095874
0.082946
-0.186863
0.053816
0.025271
0.098224
-0.025559
-0.002347
-0.049994
-0.051298
-0.082488
-0.063053
-0.036926
0.115278
-0.080836
-0.056792
-0.192495
-0.183955
-0.047941
-0.026527
-0.129443
-0.158809
0.088031
0.009596
0.031444
0.103095
0.024919
0.200123
0.100565
0.134348
0.058789
0.081517
0.108379
0.071851
0.007764
-0.037028
0.052975
0.153028
-0.108571
0.055410
-0.064900
-0.061686
0.085261
-0.106509
-0.140651
0.029614
0.151821
0.109062
-0.091709
-0.132737
-0.045584
0.017581
0.176853
0.098035
0.050788
0.056637
-0.031018
0.108899
0.020858
-0.068096
-0.104866
0.038099
-0.006185
0.081074
-0.083747
0.024007
-0.013637
0.087149
-0.025488
0.077404
0.067206
0.075807
-0.028086
0.138759
0.097800
-0.045136
0.114941
0.040359
-0.132620
-0.082589
-0.103100
0.063477
-0.059127
0.024986
0.159557
0.051049
-0.091149
-0.094542
-0.036550
-0.113523
-0.046510
0.152296
0.034749
0.041135
0.025340
0.130282
-0.017557
0.095903
0.127519
0.107264
-0.256621
-0.095108
-0.020802
-0.056503
0.017004
-0.149402
0.060455
-0.063831
0.134190
-0.112946
-0.178619
-0.033410
0.204609
-0.066900
0.137427
0.014372
0.002899
-0.283170
-0.011154
0.056969
0.124915
0.029912
-0.034956
-0.011859
0.138489
0.001137
0.124678
0.192062
-0.080086
0.207397
0.016782
-0.109693
0.092763
-0.060299
0.116618
-0.017399
0.017175
0.057123
-0.004857
0.042181
-0.216508
-0.123090
-0.071544
-0.163948
-0.093372
0.119417
0.117807
0.177164
-0.201873
0.120309
0.110552
0.016033
0.020122
-0.207828
-0.060704
-0.022490
0.066732
0.042927
-0.054886
0.085710
0.134673
-0.096288
-0.169108
-0.138939
0.109791
-0.020217
-0.020230
-0.023346
0.024255
0.023571
0.111777
0.103192
0.112901
0.079987
-0.046307
0.073700
-0.041730
0.178432
0.043984
0.022211
-0.031732
-0.030897
0.006524
-0.203305
-0.003806
-0.005113
0.002315
0.022453
-0.015213
0.036262
0.032306
0.125065
0.226712
0.040504
0.014795
-0.030434
-0.054179
-0.136494
-0.014748
-0.044712
-0.119610
-0.134414
-0.075669
0.064086
0.178754
0.182636
0.086928
0.071399
-0.101852
0.033813
0.115998
-0.130678
0.063416
-0.037164
-0.085938
0.065664
0.017528
-0.077781
-0.213490
-0.017951
0.088631
0.042793
-0.071064
0.015880
0.076300
-0.205485
0.042661
-0.018162
0.027159
0.031757
-0.133121
-0.060891
-0.092737
-0.218339
0.034252
-0.008785
-0.043206
0.104241
-0.097319
-0.028725
0.110671
-0.057400
0.165671
0.025467
0.112557
0.163433
0.005426
0.004280
0.166589
-0.094547
-0.089706
-0.072039
0.097546
-0.063621
0.025087
0.018981
0.012868
0.151669
-0.074257
-0.064452
-0.022314
-0.100276
0.000498
-0.126896
-0.064215
-0.186060
-0.024351
-0.021111
-0.154769
-0.229101
-0.055018
0.141713
0.101058
-0.154530
-0.081153
-0.010234
-0.138268
0.099812
-0.032120
-0.049544
0.030208
-0.081587
0.002887
0.096320
0.067574
-0.141544
0.099399
0.003392
-0.035753
0.068372
-0.009299
0.005249
-0.191327
0.027887
0.086590
-0.062061
0.052307
-0.101209
0.015554
-0.097870
0.045035
-0.008340
0.162177
-0.045393
-0.035207
-0.076780
0.121444
0.135173
-0.044165
-0.029171
0.015528
0.173793
0.022213
0.256248
-0.000892
-0.082702
0.093835
-0.007585
0.038716
0.139780
0.024133
-0.191601
-0.034010
-0.087796
0.062753
0.062523
-0.043716
-0.085323
-0.083289
-0.119419
-0.319436
-0.013815
-0.164105
0.068182
0.039300
0.052333
-0.091863
0.055596
-0.005772
0.184955
0.124791
-0.195009
0.082212
0.002001
-0.188291
0.127016
0.055889
-0.043743
0.042528
0.051324
-0.072045
0.011618
-0.032949
0.055533
-0.015716
0.051885
-0.026912
0.003238
0.018893
0.093135
-0.260322
0.082724
0.060863
0.126099
0.040239
-0.044540
-0.006985
-0.099044
-0.048515
-0.094397
-0.133243
0.136190
-0.055450
0.048274
0.105437
-0.121755
0.044332
-0.019159
0.066912
0.161185
0.039892
-0.040225
-0.086980
-0.042065
-0.100573
0.045428
0.086519
-0.052602
-0.011853
-0.088002
0.064197
-0.016133
-0.058773
0.069012
0.138250
0.000879
-0.123475
0.152744
0.036277
0.098105
-0.293365
0.065713
-0.163816
0.048005
-0.033108
-0.070683
0.071128
0.044160
0.039768
0.019399
-0.091482
-0.013754
0.073502
0.065296
-0.114110
0.058548
0.100247
0.079190
-0.111363
-0.159745
0.221905
0.077382
0.032904
0.119925
-0.084167
0.028495
-0.002761
0.014680
-0.001992
0.031550
0.116046
0.091561
0.276914
0.119926
-0.079751
0.136650
-0.062515
-0.049987
-0.035720
-0.045517
0.054843
0.016973
0.011038
-0.079417
0.125820
-0.052958
-0.026622
0.165858
-0.058810
-0.163333
-0.000379
-0.165599
0.108643
-0.095021
-0.092688
0.061969
-0.052839
-0.007358
-0.000833
0.082714
0.002511
0.207304
-0.191237
-0.062596
-0.001745
-0.079606
0.050618
0.034239
-0.181966
-0.059551
-0.077963
0.239219
-0.088724
-0.014298
-0.081710
0.122434
0.229254
0.209208
0.069910
0.067811
-0.221758
0.058298
0.086474
-0.004817
0.092652
-0.223533
0.054156
0.003315
-0.009186
-0.152119
0.190925
-0.022632
0.071124
0.049704
0.154903
0.388489
0.161132
-0.002105
0.009788
-0.010485
-0.060253
-0.121559
-0.036910
0.089086
-0.106488
-0.005227
0.108648
0.118494
0.068671
-0.021070
0.141907
-0.045914
-0.039715
0.015865
-0.042970
0.013227
-0.038004
-0.114742
-0.007654
0.014459
-0.065008
-0.085264
-0.216151
-0.061517
0.178570
0.085684
-0.010745
-0.024016
-0.100464
0.184658
0.011052
-0.065451
0.109355
0.064369
-0.046267
-0.005913
-0.101152
-0.188173
-0.003185
0.009169
-0.152514
-0.073240
0.078300
-0.147829
-0.067662
-0.125897
-0.015588
0.152601
0.141105
-0.148600
0.171604
0.025324
0.065153
0.131930
0.202638
0.026305
0.002512
-0.113163
0.196384
-0.140859
0.158734
-0.075521
0.023009
0.040531
-0.020195
-0.235019
0.072923
-0.043548
-0.119656
0.184139
0.151148
-0.044250
0.025592
0.079509
0.017830
0.267912
0.038575
0.080737
-0.034158
0.066365
-0.094783
-0.037595
-0.058327
0.243073
0.038847
0.072601
-0.081097
0.055523
-0.106214
-0.107871
0.096294
-0.011839
-0.069748
0.011766
-0.016924
-0.039504
-0.210928
0.140209
0.120553
0.096777
-0.033650
0.065593
0.184513
0.039087
-0.065161
-0.028798
0.047370
-0.092496
0.019355
0.099378
-0.039976
-0.124119
-0.005981
-0.149577
0.043816
0.021048
-0.083349
0.016224
-0.118614
-0.028780
-0.102289
-0.169023
-0.015457
0.027823
-0.014663
0.000315
-0.148986
-0.020594
0.226433
0.044807
-0.237373
-0.052914
0.100009
-0.058897
-0.040583
0.115565
-0.068339
-0.064253
0.035091
0.015337
0.003964
0.205011
0.050656
0.079426
-0.066087
-0.000261
-0.082721
0.028882
-0.008172
-0.145552
-0.108700
0.044044
0.001355
-0.109837
-0.125743
0.173791
0.037251
0.012538
-0.011225
0.113420
0.132490
-0.138490
0.006681
-0.013342
0.145884
-0.061646
-0.194261
0.015013
-0.023304
0.063542
-0.122240
0.006665
-0.036035
-0.033680
-0.147462
-0.098882
-0.066667
-0.086306
0.142984
0.013523
-0.138890
-0.083980
-0.273516
0.037806
0.082013
-0.092278
0.148177
-0.106158
-0.034247
-0.118158
0.065418
-0.065740
-0.087225
-0.008747
0.104455
0.033916
0.021124
0.180028
-0.080105
0.121685
-0.088101
-0.029146
0.037404
-0.214999
-0.088620
0.089797
0.082670
0.092369
0.190242
-0.144414
0.221901
-0.202414
0.143789
0.031184
-0.078170
-0.202075
0.082039
-0.043837
0.118727
0.149090
-0.033821
0.020084
-0.126768
-0.064731
0.156329
-0.153954
0.154290
-0.064768
-0.078919
-0.185143
0.055697
-0.061310
0.085208
0.006450
0.225429
-0.116334
-0.068010
0.028392
0.039134
0.068984
-0.135515
0.075522
0.068789
0.020396
-0.159741
-0.033327
0.202992
-0.113284
-0.071884
-0.070895
0.111040
0.048334
-0.018897
0.058319
0.053579
0.031181
-0.283892
-0.040670
-0.044266
0.039077
-0.059092
-0.036825
-0.023717
-0.033418
0.094773
-0.145956
-0.039867
-0.040879
0.022978
-0.067679
0.018651
0.198914
0.011342
-0.099391
-0.039431
0.031374
-0.132206
0.073729
0.134803
0.085776
-0.033027
-0.007184
0.086135
0.001102
0.128745
0.013137
-0.007623
0.016113
-0.078177
-0.028498
0.129483
-0.243154
0.020297
-0.016434
-0.045190
0.000928
-0.081938
-0.015110
0.044558
0.014773
0.020744
0.078889
-0.196812
0.112770
0.038110
-0.099181
0.310013
0.113518
0.186478
0.240392
0.022280
0.020862
-0.000439
-0.029017
0.030085
-0.024077
0.157661
-0.108483
-0.045943
0.038891
0.115703
0.087764
0.032315
0.085212
0.119501
-0.025314
0.040229
0.055305
-0.168297
0.092088
0.039182
-0.003070
0.055885
0.088025
0.019272
-0.060150
-0.003934
-0.259484
-0.049844
0.141663
-0.008273
0.193349
0.044231
-0.042782
0.034602
0.231523
0.051961
0.053912
0.036902
0.029861
-0.003429
-0.060047
-0.146175
0.079865
0.226923
-0.019462
-0.066285
-0.072000
0.099054
-0.000654
0.055346
-0.068225
0.231456
-0.072156
-0.021203
0.044786
-0.027589
0.071931
0.085028
0.029556
-0.041498
-0.130166
0.044421
0.060777
-0.203736
-0.100507
0.075882
-0.142549
0.103313
-0.027769
-0.031053
-0.020697
0.061047
0.004862
0.009808
0.027561
-0.090416
0.111385
-0.050748
0.236074
0.028381
0.079988
0.088831
-0.063973
-0.001059
0.064141
0.095497
-0.097079
-0.094741
-0.087185
0.033898
0.144578
-0.144227
-0.067491
-0.209790
-0.107926
0.097108
0.139646
0.058845
-0.069987
0.037132
0.010533
-0.049889
0.061937
0.009844
-0.051773
0.029009
-0.098923
0.161682
0.071907
0.124777
0.185687
-0.040889
-0.068697
0.044329
-0.105655
-0.050514
-0.064059
0.118236
0.111955
-0.012419
0.164064
0.110625
-0.032831
-0.037275
0.005627
-0.124566
0.038706
-0.031921
-0.127646
0.126188
-0.026314
0.032126
0.053852
-0.034930
0.043528
0.017994
0.027693
0.180304
-0.046258
-0.093823
0.056921
0.049161
0.063066
0.210413
-0.085443
-0.101043
-0.207582
0.131882
-0.090399
-0.009134
0.125819
0.038616
-0.177407
-0.049390
0.030378
-0.093715
-0.050438
-0.149594
-0.063748
-0.069971
0.218983
-0.013328
0.134114
0.001772
0.001181
-0.067503
-0.115609
-0.100750
-0.078822
-0.004780
0.044031
0.012062
-0.035615
0.110387
-0.037105
0.041483
-0.076946
-0.037501
0.011931
-0.126308
0.038200
0.074153
0.063476
0.152401
0.045103
-0.069571
-0.028045
0.044965
0.102395
0.180965
0.037217
0.024877
0.047988
0.017942
-0.118033
-0.123035
0.034828
0.164277
0.118367
0.204246
0.014934
-0.014735
0.034077
-0.142202
-0.026346
-0.019130
-0.079911
0.026339
-0.056080
-0.155623
-0.009228
0.068670
0.022213
-0.034019
0.039970
-0.101846
-0.025152
-0.156469
0.024790
0.131822
-0.125935
-0.207987
0.141923
-0.065061
0.038467
-0.058001
-0.006150
0.097735
0.117397
-0.141660
-0.134803
-0.282587
-0.101357
-0.086454
0.302823
-0.140280
0.128859
0.041969
0.108774
0.093942
0.088319
-0.157966
0.029807
0.066885
0.209542
0.068052
-0.067746
-0.021507
0.020251
0.179711
0.082417
-0.097930
0.158296
-0.001075
0.025597
-0.015688
0.196263
-0.038745
-0.082139
-0.037261
0.045424
-0.086387
0.198843
0.084622
0.021778
-0.155694
0.050567
-0.065298
-0.028174
-0.096615
-0.345721
-0.023922
0.091977
0.037189
0.023747
0.080586
0.028328
0.204721
-0.110381
0.021009
0.002649
-0.071310
0.152957
0.036232
0.004227
-0.005722
-0.126946
0.027578
0.060770
0.066168
0.112985
-0.140688
-0.052237
0.142831
-0.133129
-0.144093
0.033179
0.063210
-0.121887
-0.024226
-0.186757
0.084078
-0.106377
-0.041163
0.066960
-0.240565
-0.147947
0.077664
0.010270
-0.041531
0.083217
0.042571
0.077100
-0.103905
-0.021264
-0.040974
0.042655
0.040591
-0.122349
-0.002397
-0.065775
-0.010148
0.279409
-0.128649
-0.007862
-0.036636
-0.010629
0.007604
0.131092
-0.053378
0.103752
-0.028242
0.124771
-0.165094
0.003057
-0.021421
0.039494
0.016459
0.170405
-0.031213
-0.005195
-0.019523
-0.158201
-0.059685
0.088141
0.003393
-0.019111
0.118765
-0.147422
-0.019123
-0.124407
-0.155271
0.122482
0.033809
0.035003
0.097317
0.030755
-0.045378
0.073168
0.025394
-0.016379
0.033885
-0.015462
-0.094356
-0.081797
0.030988
0.082177
0.056063
-0.095742
-0.076947
0.011697
-0.051666
-0.077316
0.060485
-0.089207
-0.033542
-0.082699
0.165281
-0.000128
0.154578
-0.078896
-0.131008
-0.004723
-0.066190
0.092252
0.152245
0.087547
0.005622
0.061039
0.009547
-0.019871
-0.031733
-0.094792
-0.009026
0.013481
-0.001123
-0.083987
0.111086
0.086827
-0.090304
0.200868
-0.090273
0.119078
0.313448
-0.000925
0.026545
-0.167114
0.012378
-0.032700
0.066558
0.018387
-0.048695
0.060005
0.074527
-0.144837
-0.237050
-0.082165
-0.003101
-0.136593
0.004407
-0.008888
-0.016973
0.084234
-0.011299
-0.119337
-0.060776
0.075084
-0.027519
0.015633
-0.008884
-0.073689
-0.115998
0.068748
-0.179244
0.045389
0.019243
0.150494
0.061028
-0.207396
-0.066804
-0.119379
0.090436
0.058488
0.001757
0.110719
0.035729
0.060344
0.021439
-0.099450
0.003898
0.161635
-0.023216
0.210406
-0.070220
0.195889
-0.023184
-0.093867
0.199760
0.229527
0.087656
0.081549
0.031462
-0.152687
0.045444
0.017659
0.022800
-0.119276
-0.065603
-0.097925
-0.093089
-0.222085
0.101946
-0.038071
-0.178326
0.142528
0.096358
0.041655
-0.125488
0.071514
0.109442
0.130362
-0.084105
-0.107053
0.065132
-0.007154
0.102853
-0.080937
-0.145972
0.205900
-0.199058
0.116350
0.050468
0.009099
-0.008377
0.119321
0.041370
0.058217
0.136105
-0.047128
0.052768
-0.147814
0.148110
-0.032674
0.150114
0.156128
0.226977
0.010938
-0.057633
0.057788
0.181958
-0.200728
-0.105016
0.011605
0.067859
0.062214
-0.014869
-0.071190
-0.261227
0.062939
-0.069815
-0.041724
-0.027353
0.047242
-0.061544
0.019136
0.076905
-0.013907
0.234413
-0.022820
0.177516
0.011482
0.207463
0.115330
-0.073929
0.156130
-0.028879
-0.265070
0.084931
-0.101693
-0.099834
-0.050748
-0.081530
0.094416
0.018160
-0.008392
0.220414
-0.080924
0.098158
-0.038696
0.014767
-0.080765
0.104532
-0.015467
-0.013757
-0.116569
0.104295
-0.021131
-0.063613
0.053713
0.279448
0.033758
0.054530
0.171046
0.054463
-0.113203
-0.095201
0.035671
0.010618
0.136113
-0.165780
0.106988
0.026715
-0.075627
-0.062789
0.036267
0.027213
-0.130006
-0.004397
-0.045306
-0.211850
-0.001834
-0.053611
0.086219
-0.072188
0.004355
-0.231485
0.063198
-0.107617
0.063804
0.065508
-0.047909
-0.020364
-0.138686
-0.113889
0.069192
-0.187715
0.058831
-0.042070
0.096157
-0.080770
0.199650
0.101918
-0.024289
0.062145
0.005045
-0.127440
0.075918
-0.059237
-0.020768
-0.000739
-0.012054
-0.120136
0.068055
-0.041883
0.024026
-0.065197
0.117960
0.034833
-0.006535
-0.027357
-0.031837
-0.116664
0.130090
0.004572
0.024076
-0.002484
0.085769
-0.125362
0.075102
-0.050660
-0.023359
0.047444
-0.129409
0.031093
0.037998
-0.102541
0.227807
0.014402
-0.145014
-0.012920
0.033229
-0.111791
-0.112438
-0.166783
-0.246232
0.008188
0.159837
-0.014473
0.066135
-0.048526
-0.110318
-0.020912
0.029162
-0.040750
0.126579
0.207888
0.239771
-0.105923
-0.002436
-0.039672
-0.039426
-0.013635
-0.021941
0.093272
-0.003833
0.136177
-0.186110
-0.007912
0.040521
0.176015
0.040171
0.050934
-0.018794
0.118284
0.111793
-0.202976
-0.074560
0.043308
-0.005994
0.044172
-0.173952
0.059916
-0.160219
0.020208
0.078048
0.164219
-0.113306
-0.017013
-0.042975
-0.097116
-0.001742
0.116189
-0.059572
0.162869
-0.057567
0.017986
0.086893
-0.050453
-0.104003
0.122154
0.028821
0.111155
-0.023562
-0.144995
-0.098280
0.039732
0.025654
0.005154
-0.134340
0.072752
-0.026900
-0.141368
-0.228110
0.140080
-0.015731
-0.027360
-0.043916
-0.026798
-0.178474
-0.082323
0.024416
0.036079
-0.016758
0.304468
-0.059060
-0.053383
-0.016028
0.040068
-0.064337
0.238635
-0.143187
0.134632
-0.138954
-0.060736
0.098902
0.141687
-0.011565
0.069840
-0.030253
-0.063749
-0.062837
-0.054982
0.079701
-0.012598
-0.044265
-0.003828
0.048386
0.030435
0.163135
0.159262
-0.025149
0.156851
-0.135791
-0.108760
-0.046788
-0.052951
0.051539
0.143926
-0.182045
0.195393
0.052177
0.024635
0.045075
-0.050805
-0.111008
0.003136
0.030517
-0.045686
0.066373
-0.085536
0.124057
-0.054400
0.086624
0.003506
-0.184507
0.072910
-0.003527
-0.066621
-0.103717
0.130674
0.016960
0.167550
-0.070004
0.026268
-0.197774
-0.032429
-0.003532
-0.007594
0.043387
-0.131936
0.017620
-0.040842
-0.021302
0.032629
0.104371
-0.044062
0.140007
0.080895
0.230885
0.057846
0.101901
0.063275
0.011390
0.004690
0.163155
0.021801
0.111125
-0.135639
-0.130433
-0.210051
0.066254
0.040930
-0.187123
-0.033819
0.127396
0.083163
0.095327
-0.040719
0.139154
-0.096877
0.137006
0.082027
0.084779
-0.147514
0.119426
-0.018030
-0.084321
0.029069
-0.001349
-0.224251
-0.134869
-0.104385
-0.050964
-0.061600
-0.089164
-0.198668
-0.091105
0.120181
-0.144357
0.067523
-0.346167
-0.036258
0.137353
-0.028726
-0.018246
0.001245
-0.123651
0.017793
-0.101825
-0.014108
-0.114131
0.103195
0.138230
-0.140749
-0.024879
-0.211748
0.220159
0.087673
0.082804
0.057622
-0.020247
0.136649
-0.003800
-0.056583
0.039224
0.057366
0.012712
0.108736
-0.072726
-0.182606
0.062540
-0.103093
0.003462
-0.030819
0.012509
-0.016001
-0.175002
0.192684
0.109356
0.076219
0.129421
-0.170539
-0.029221
-0.088410
-0.091333
-0.125602
-0.205735
-0.000392
0.059101
0.075227
-0.112523
0.161175
0.064452
0.173066
0.046596
-0.028854
0.003277
-0.221002
-0.011127
0.031077
0.015808
-0.046696
-0.245224
-0.089429
-0.038159
0.005458
-0.082309
-0.064153
-0.243790
-0.050980
0.094908
0.009238
-0.199070
-0.057902
0.060499
0.016662
0.030222
-0.048578
-0.035593
-0.132637
-0.029320
0.135464
-0.159871
0.086292
0.050601
-0.037492
0.095017
-0.198322
0.157220
0.040073
0.064156
-0.024980
0.019727
0.111561
0.071153
0.028305
-0.016051
0.076294
-0.071038
0.064709
0.029359
0.225997
0.091598
0.061054
0.035091
-0.005691
-0.294204
-0.147461
-0.065258
-0.008790
0.050257
-0.035362
-0.021651
-0.021637
-0.005111
-0.055789
0.010493
-0.138203
0.057197
0.094200
0.036192
0.229188
0.089353
0.219871
-0.189993
-0.098861
-0.175643
-0.038895
0.122798
0.147632
0.023038
0.138787
0.016859
-0.082901
0.046729
0.001891
-0.101055
-0.121581
-0.132587
0.136910
0.110948
0.005784
-0.101560
-0.054677
-0.085312
-0.217635
-0.109036
0.012698
0.054107
0.019608
-0.083588
-0.082055
0.233204
0.028927
-0.039860
0.100267
-0.033209
-0.020142
-0.209857
-0.009958
0.096035
-0.052552
-0.142599
-0.155601
0.026571
0.033175
0.063488
0.021572
-0.077173
0.063191
0.193244
-0.080912
0.012950
-0.044463
0.083182
0.018363
0.043995
0.002928
-0.019971
-0.095124
0.031505
0.058635
0.066205
0.030702
0.128456
0.082054
0.156303
-0.076707
-0.064135
-0.094386
0.094999
0.098116
-0.205166
-0.183605
0.078754
0.003766
-0.138011
-0.061915
-0.230195
-0.071305
0.131919
-0.018456
0.009808
-0.178725
-0.026520
0.088091
0.073135
0.103289
-0.002817
-0.178857
-0.126158
0.063844
-0.248578
-0.020229
-0.004597
-0.019042
-0.015481
0.089384
-0.104525
0.086979
-0.026273
-0.118510
0.248715
-0.036426
0.011289
0.053894
0.051498
-0.020600
-0.023891
-0.055621
-0.003560
-0.058528
0.015865
0.022447
-0.182238
0.126219
0.045381
0.123433
0.066329
0.117069
0.207159
0.255330
-0.030437
0.003083
0.158215
0.097087
-0.132424
-0.044704
-0.137133
-0.156404
0.199437
0.128201
0.036325
0.130284
-0.050710
-0.003155
0.094242
0.015586
0.032731
-0.143961
-0.214997
0.063213
0.152552
0.066269
-0.043309
0.081852
-0.079226
-0.033672
0.001645
0.041050
-0.011645
0.101286
0.109964
0.033482
0.021546
0.008530
0.121460
-0.169958
-0.038107
-0.061653
0.115646
0.010908
-0.066404
-0.186812
-0.083387
0.080808
0.006426
0.026110
0.095160
-0.110099
0.085468
-0.085565
0.034449
-0.139170
-0.002880
0.020682
0.111179
0.036478
0.002353
-0.134369
0.007259
0.163226
0.037847
0.142491
0.037446
0.062462
-0.182565
0.012824
0.109926
-0.164736
-0.013998
-0.021472
-0.069150
-0.030304
-0.154108
-0.107292
0.187078
-0.040440
0.231910
0.102679
0.004149
-0.019007
-0.073707
0.044730
-0.130192
0.065371
-0.067840
0.119739
-0.081141
-0.152619
0.093805
0.036469
-0.159768
0.164647
0.218694
-0.056581
-0.102947
0.064846
0.140171
-0.098831
-0.079109
-0.003214
0.057467
-0.013059
0.100497
0.110110
-0.130745
0.006365
0.077542
-0.046772
-0.072464
-0.008685
0.039829
-0.010261
-0.184363
-0.050404
0.008158
-0.072013
-0.058773
-0.215513
0.021776
0.016308
-0.063203
-0.115539
0.019613
-0.111682
-0.007641
0.084795
-0.209584
-0.155438
-0.162143
0.057927
0.021265
-0.044971
0.164955
-0.009687
-0.021296
0.084238
-0.055105
0.100995
0.036114
-0.149395
0.155901
-0.000400
-0.182880
-0.020262
-0.049251
0.216687
-0.115463
0.077801
-0.028892
0.029553
0.068792
0.121401
0.006345
-0.064790
0.083664
-0.221479
0.036504
-0.195783
0.087639
0.016977
0.007533
0.080299
0.019132
0.147650
-0.068385
0.045677
-0.005982
-0.011033
0.016717
-0.061577
0.028981
0.050921
0.032698
0.060310
-0.100525
-0.089225
-0.150381
0.179422
-0.040331
0.033377
0.150422
0.143521
-0.071736
-0.007191
0.004447
-0.036844
0.091866
0.030758
0.110932
0.058000
0.021047
0.104529
-0.149071
0.070787
-0.031157
-0.022330
-0.036493
-0.060926
0.042606
0.138873
-0.224706
-0.064174
-0.041475
-0.005273
0.035119
0.035628
-0.218075
0.221863
0.083552
0.005345
0.098527
0.051268
-0.050741
0.024269
-0.039559
-0.084414
0.084727
-0.104696
-0.020868
-0.087650
-0.005226
0.184907
0.111329
0.014741
-0.102803
0.029877
-0.128768
-0.205868
0.006999
0.282362
-0.002778
0.038962
0.140140
0.081747
-0.146767
0.183697
-0.169698
-0.017821
0.073292
-0.098754
-0.139751
-0.021554
-0.002829
0.042723
0.110383
-0.058173
-0.074580
-0.034262
0.050641
0.049328
-0.004004
-0.016097
-0.035565
-0.000308
-0.028768
0.017134
-0.100742
-0.080610
0.079351
0.035766
-0.006846
-0.021481
0.100931
-0.000266
-0.079568
0.108673
0.061391
0.059413
-0.034413
-0.042220
0.093628
0.070639
-0.035212
-0.048998
-0.155678
0.051954
0.012265
0.091217
0.112440
0.003439
0.021065
-0.098856
0.055448
0.139288
-0.243557
-0.057914
-0.124681
0.075084
0.139132
-0.066768
-0.196441
-0.303231
0.055722
-0.019272
0.054892
-0.114324
0.192587
-0.139478
0.131144
-0.087463
-0.124379
-0.095293
-0.060533
-0.063202
-0.056896
0.049194
0.003978
-0.030883
-0.013493
-0.016593
0.165734
0.135783
0.009707
0.058811
-0.128284
-0.142635
0.197951
0.008259
0.232846
0.004079
-0.073127
0.099829
0.001815
0.146423
0.092762
0.210266
0.038520
0.102967
0.070569
0.037023
0.175627
-0.105573
-0.009290
-0.056592
-0.068824
0.069954
0.047830
0.109762
-0.005479
-0.030047
0.042543
0.060091
0.132559
-0.001404
0.057403
-0.030353
0.046395
-0.019042
0.007785
0.004412
0.040853
0.250820
-0.090747
0.041784
0.072354
-0.070687
0.178352
-0.023208
-0.018034
0.014166
-0.005505
-0.040509
0.020703
0.067449
0.141962
0.099410
-0.097349
0.128777
0.342379
0.069544
0.030122
-0.032967
0.091706
0.014916
-0.056320
0.004630
0.018552
-0.010021
-0.137380
-0.049843
0.051397
0.023760
0.002611
-0.004660
-0.069218
-0.053794
0.093503
-0.004604
0.063898
-0.086901
-0.148671
-0.050598
0.109393
0.100213
0.071935
-0.236168
0.186035
0.024685
0.137979
-0.001565
-0.089099
-0.146270
-0.096888
0.165626
-0.154783
0.029933
-0.073468
-0.000905
0.162675
0.011892
-0.036215
0.088472
-0.000665
-0.034990
-0.019548
-0.060229
0.009249
-0.132214
0.052885
-0.113271
-0.069793
-0.030068
0.050448
-0.071974
-0.049987
-0.163139
0.091438
-0.008472
0.103215
0.031785
0.090364
0.041064
0.118920
-0.041688
0.080452
0.083692
0.007615
-0.095778
0.053027
-0.156008
-0.153876
0.020491
0.094680
-0.080348
-0.005400
-0.155245
0.054702
-0.040622
0.105024
-0.001866
0.021846
0.131861
-0.010096
0.141338
0.025673
-0.115419
-0.078882
-0.069448
0.026878
0.140595
0.103442
0.106321
0.019899
-0.009868
0.017215
0.126106
0.010289
-0.298660
0.147320
0.180349
-0.163903
-0.067097
0.118767
0.086684
-0.073917
-0.012507
-0.008144
-0.050866
0.021374
-0.073804
-0.078584
0.112987
-0.008679
0.079040
-0.116727
0.108208
-0.027654
0.033429
-0.288172
0.039346
-0.044995
-0.131648
-0.028560
0.042264
-0.000607
0.157065
0.171243
-0.050785
0.038813
-0.045397
-0.115010
-0.030094
-0.070342
-0.089667
-0.010681
-0.103953
0.060575
-0.000869
-0.015955
-0.085832
0.090163
0.171407
0.110011
0.018905
-0.021614
-0.129675
-0.079170
0.061753
0.041437
-0.077040
-0.160227
0.016135
0.134093
-0.121367
0.143262
0.059170
0.049678
-0.210744
0.014969
0.015895
-0.075485
-0.043122
0.032445
0.010255
-0.150587
-0.057316
0.012033
0.139523
0.036372
-0.186210
-0.074551
-0.007097
0.112593
0.203488
-0.001223
-0.046182
-0.156173
-0.134799
-0.041113
-0.041980
-0.117797
0.022029
0.065539
-0.142292
0.057240
-0.013162
0.025244
-0.088189
0.111146
0.101429
0.022807
-0.030971
0.053548
0.078287
0.121936
0.037773
0.043946
0.071492
-0.067696
-0.047891
0.019340
0.056050
-0.054064
-0.074097
-0.021231
-0.051223
0.055414
0.085838
-0.042650
-0.046053
-0.068921
0.075193
-0.112508
-0.161198
0.029344
0.123874
-0.030372
-0.059713
0.073889
0.049183
-0.066925
0.028913
0.166413
0.132331
0.045727
-0.157885
-0.047208
-0.028030
0.140672
-0.022585
0.013321
0.036963
0.060328
0.064248
-0.006377
0.110546
-0.029486
0.023672
0.058528
0.031784
-0.004930
0.060481
0.124397
-0.126214
0.011163
-0.078931
-0.056698
0.155646
0.127515
-0.029814
-0.084748
0.211667
-0.118269
0.093486
-0.063049
0.044286
0.053126
-0.090775
0.060676
0.094652
-0.016171
0.070918
0.046675
0.183249
-0.038614
-0.002889
-0.024373
-0.028366
-0.148370
0.181936
0.056635
-0.018617
-0.043480
0.056902
-0.136720
-0.068126
-0.004818
-0.091628
0.032493
0.119505
-0.129918
-0.009423
-0.077005
-0.014144
0.069753
0.000388
0.171702
0.155688
0.213603
0.176768
0.053670
-0.094596
0.069467
0.001393
0.172309
-0.027479
-0.095922
0.139256
-0.039442
-0.181431
-0.004340
0.063148
0.031206
-0.005842
-0.077848
-0.117764
0.082322
0.054415
-0.049707
0.048101
0.075962
-0.156744
-0.028072
0.056616
0.132191
0.024799
-0.080793
0.320744
-0.107864
0.120736
-0.032631
0.059887
0.116784
0.012348
0.059828
-0.158137
-0.143271
0.039519
-0.039296
-0.022917
0.060399
0.091409
0.004959
0.010801
0.110477
-0.104278
0.068861
-0.078383
-0.004953
0.001016
-0.011204
-0.004324
0.039675
0.155559
0.069159
-0.030322
-0.122899
-0.029681
-0.065469
-0.035772
-0.255751
0.025436
-0.011796
-0.026183
-0.065525
0.171762
0.081937
-0.151790
-0.095451
0.050622
0.043946
0.249380
-0.068954
0.167835
-0.132144
0.261799
-0.121838
0.076228
0.040615
-0.095505
0.044866
-0.131385
0.050528
-0.023362
-0.101190
-0.141444
-0.036619
0.074388
0.112260
-0.086662
0.108460
0.115974
-0.015991
0.085284
0.081704
-0.172191
0.101075
-0.027771
-0.051473
-0.088609
-0.289853
0.104744
0.114772
-0.309995
-0.048921
0.110965
0.019821
-0.003905
-0.246578
0.018582
0.005791
0.023987
0.113085
-0.121584
-0.033382
0.056695
-0.126325
-0.178390
0.179590
0.006577
-0.164200
-0.136304
0.041417
-0.179550
0.044077
0.028905
-0.074564
-0.162608
-0.116935
0.084582
-0.070948
-0.073141
0.099962
0.115969
-0.017878
0.081162
0.035944
0.015175
0.070646
0.037455
-0.124393
0.112960
0.050136
-0.013184
-0.074644
-0.015016
-0.049088
0.151933
0.036467
-0.091685
0.078340
-0.024939
-0.039681
0.112400
0.252476
0.143403
0.034872
-0.055433
-0.037736
0.093521
0.075589
-0.072213
0.309078
-0.124879
0.148404
-0.014892
0.048127
-0.177479
0.018727
-0.015933
0.037660
-0.147280
0.012405
0.082644
-0.105475
0.200657
-0.027854
-0.163506
-0.050204
0.263464
-0.027270
-0.076591
-0.027699
0.342980
0.170929
0.044278
0.045470
0.107682
-0.012366
0.004589
0.089697
-0.013764
-0.065187
-0.027421
0.052460
-0.017817
0.103585
0.056783
-0.017112
0.098653
0.008146
-0.113425
-0.026111
-0.169783
-0.138126
0.034361
0.018119
0.028786
0.153132
0.130189
-0.020460
-0.043385
-0.014793
0.141975
0.049191
-0.038625
-0.046068
-0.152227
-0.128848
-0.122078
-0.013355
-0.110683
-0.133736
-0.018580
-0.015894
0.097401
-0.192437
0.090835
0.049914
-0.023870
0.000831
-0.051629
-0.040239
-0.190363
0.101779
0.049532
-0.010096
0.041032
0.012912
-0.012847
-0.219591
-0.097730
-0.018206
0.011556
0.125460
0.054277
0.093562
0.112989
0.176458
0.005129
-0.212986
0.042348
-0.184351
-0.022198
0.082907
-0.044411
0.154795
-0.033803
0.001485
0.127183
0.062551
0.048825
-0.114884
0.064420
0.117752
0.072028
0.048253
0.093323
0.109123
-0.039391
-0.054087
0.026721
-0.052154
-0.061434
0.103731
0.004594
0.033357
0.000686
-0.034384
-0.072529
0.024461
-0.036062
0.122012
0.033554
0.096793
-0.150177
0.225224
-0.059845
0.002486
-0.010582
-0.028798
-0.015546
0.043712
-0.042527
0.103506
-0.082436
0.240623
0.012055
0.098401
0.055087
-0.035761
-0.013402
-0.075822
-0.128347
0.042298
0.154263
0.006466
0.082559
-0.114741
0.018094
-0.027229
0.138034
0.086465
0.213803
0.098884
0.105988
-0.009294
-0.181841
0.057501
0.041747
-0.073076
0.106737
0.002085
0.023493
-0.040482
-0.022452
-0.034218
-0.083115
-0.074226
0.196080
0.001206
-0.125116
0.019878
-0.085579
0.017746
-0.044517
0.051667
-0.082185
0.006899
0.083192
-0.035898
-0.075491
-0.128021
0.051177
-0.104694
0.097592
0.125380
-0.005369
-0.110187
0.158811
-0.019038
0.061413
0.128107
0.000486
0.162667
-0.048791
0.007815
0.070928
-0.021014
0.245876
0.046600
0.067370
-0.131708
0.105668
-0.110092
0.017833
-0.129775
-0.012895
-0.029165
-0.045807
-0.064328
0.014542
-0.079695
-0.011755
-0.040365
0.113409
-0.101012
-0.120685
-0.096764
-0.149713
-0.061626
-0.148643
-0.016380
0.036803
0.215061
0.126834
-0.222680
-0.114761
-0.049483
0.092533
-0.004930
0.003333
-0.082104
-0.076270
0.023412
-0.110966
-0.023569
-0.166654
-0.026272
-0.059431
0.141725
0.035632
0.103746
0.061272
-0.047581
-0.163500
-0.046529
0.044126
-0.020244
0.018654
-0.152221
-0.048339
-0.001283
0.117554
-0.016239
-0.142091
-0.150404
-0.156610
0.012277
0.070469
0.017778
-0.007825
-0.071479
-0.012941
-0.153222
-0.129403
0.125117
-0.113310
-0.048127
-0.067813
-0.162914
0.176671
-0.078158
0.078434
-0.120010
0.054204
-0.057104
-0.057317
-0.141659
-0.135476
0.104026
0.231152
-0.001414
-0.054358
0.050887
-0.089466
-0.018750
-0.085311
0.068082
0.111574
0.016917
-0.079517
-0.101111
-0.033713
0.052663
-0.057016
0.135226
-0.043239
0.164672
-0.073236
-0.078493
0.094725
0.020531
-0.022502
-0.170616
-0.038777
0.154502
0.010578
-0.028382
-0.010165
0.053049
0.174967
0.075209
-0.032460
0.079269
-0.088015
-0.257075
-0.215103
0.013182
-0.137927
0.063093
-0.072502
0.053392
0.032605
0.249295
-0.045350
-0.023385
0.040962
0.073059
0.046333
-0.254782
0.066434
-0.010341
-0.044218
-0.070464
-0.073407
-0.027321
-0.003580
0.019284
0.046201
-0.012257
0.115169
-0.123388
-0.044463
-0.128789
-0.049117
-0.163576
-0.069169
0.074005
-0.009528
-0.155342
-0.023323
-0.145818
0.174049
0.278771
0.092560
-0.158613
0.016997
0.148693
0.067047
0.058994
0.140815
-0.099901
0.137610
0.128372
-0.155606
0.024061
-0.004895
-0.109804
-0.124800
-0.052146
0.031617
0.087253
-0.029409
-0.114829
-0.083080
-0.117436
0.021761
0.076949
0.015390
-0.301986
-0.174492
-0.092243
-0.033128
-0.014002
0.049574
-0.042442
0.146719
-0.060316
0.190086
0.073902
0.044021
0.144549
0.045514
0.155696
0.058237
0.006982
0.029608
-0.061894
-0.084951
0.186688
0.244436
-0.019998
0.010140
0.113779
-0.074146
0.099829
0.118636
0.003158
0.040419
-0.104248
0.039180
-0.220641
-0.034277
-0.005426
0.069770
-0.121414
-0.095128
0.019383
-0.227227
0.231899
-0.056940
0.015732
-0.130603
0.076933
-0.044935
0.062221
-0.070341
0.043140
-0.120261
-0.135182
-0.003499
0.034449
0.136753
0.026270
0.113597
-0.047467
-0.000951
-0.061596
0.195843
-0.146762
0.044444
-0.047937
0.026057
0.061294
0.079944
-0.145296
-0.125595
0.036995
-0.094583
-0.017360
0.205670
0.186984
-0.046776
0.095113
0.062121
0.121449
-0.014129
-0.148332
-0.083704
0.180833
0.178429
-0.056286
-0.083210
0.010675
-0.022814
-0.123296
-0.186450
0.008490
0.000413
-0.172066
-0.077748
0.022009
0.135387
0.185210
-0.032759
0.144530
0.147113
-0.073112
-0.102813
0.013986
-0.026198
0.094864
-0.057983
-0.080602
0.014277
0.051495
-0.070934
-0.069131
0.182561
-0.062547
-0.023880
0.126356
0.028258
-0.090847
-0.081427
-0.198664
0.183939
-0.002722
0.071024
-0.051331
-0.030238
0.043178
-0.012846
0.108388
0.076405
-0.008513
0.102184
0.155878
-0.091484
-0.018968
0.109158
-0.143054
-0.027314
0.003322
-0.045312
-0.042869
-0.062035
0.044265
-0.054538
-0.023353
-0.013467
-0.083657
-0.145920
-0.181550
-0.135287
-0.168540
-0.064486
0.095567
-0.131198
0.064459
-0.160763
-0.127130
-0.139469
-0.002219
-0.025527
-0.005623
-0.029044
-0.072415
0.142170
-0.003563
-0.080373
-0.069266
-0.026614
0.071569
-0.181027
0.099500
-0.018515
0.045429
0.022935
-0.023940
0.200232
0.070421
0.064422
0.034976
-0.014210
0.104549
-0.084710
0.071497
0.140417
-0.051292
-0.061538
0.106766
-0.081852
0.143710
-0.107740
0.049118
-0.125835
0.007781
0.189191
-0.049388
0.071293
0.122823
0.069978
-0.175450
-0.090617
0.000207
0.064769
-0.135732
0.135184
-0.065129
-0.054423
0.023298
-0.101237
0.118294
-0.154166
-0.156479
0.084388
-0.033746
-0.248581
0.041651
0.089585
0.028631
-0.007011
0.028968
-0.133236
0.144054
0.174310
0.047499
-0.264155
-0.038112
0.292882
0.120597
-0.283201
0.134387
0.194159
-0.012016
-0.045479
-0.016382
-0.056811
-0.154643
0.013481
-0.000487
0.007005
0.036573
0.155500
0.015992
-0.086333
0.011600
0.066317
-0.085504
0.076600
-0.111426
-0.192213
-0.089661
0.121193
-0.021330
-0.227763
0.024838
-0.171003
-0.015980
-0.175802
0.059754
0.010654
-0.028565
0.045761
0.041255
-0.076195
-0.232945
-0.074951
0.180876
0.065811
0.080053
0.053245
-0.090635
-0.072129
-0.029689
0.097920
0.011659
-0.032379
0.070478
0.125340
0.107207
-0.086265
0.073391
-0.022245
-0.077391
0.070761
-0.014904
-0.015635
-0.074402
0.149043
-0.023245
0.156736
0.035248
0.051392
0.011365
-0.063568
0.076746
0.259201
-0.058913
-0.019838
-0.012156
-0.009821
-0.142199
0.029340
-0.060705
0.059236
-0.140973
0.021359
-0.174583
-0.085772
0.101974
0.057601
-0.091756
0.131945
0.027075
0.111358
-0.003676
0.077232
0.006307
-0.001522
0.001439
-0.062979
0.094339
-0.071602
-0.100571
0.057354
0.087895
0.124980
-0.078722
0.007757
-0.094063
-0.049327
-0.145939
0.232626
-0.025588
0.095724
0.028422
0.033269
-0.003173
0.070676
-0.010731
0.102169
-0.086103
0.025626
-0.056030
-0.119955
-0.035795
-0.033668
-0.161667
0.043050
0.063542
-0.077645
0.035109
0.042579
0.006884
0.031195
-0.060879
0.030186
-0.156543
0.086871
-0.026401
-0.080020
0.059877
-0.082522
0.009321
-0.096657
0.017736
-0.037597
0.050153
0.078248
-0.069692
-0.064217
-0.047141
-0.150076
-0.058688
0.014255
0.081723
-0.101381
0.206072
-0.069744
-0.035491
-0.184569
-0.067600
0.026672
-0.011667
-0.035043
-0.022394
-0.053497
0.119076
0.089284
-0.070063
-0.002138
-0.027011
0.047269
0.005394
0.068056
-0.039514
0.009703
-0.094877
-0.003436
-0.035458
-0.066535
0.128584
-0.029009
0.161489
0.002062
-0.028217
0.194487
-0.071484
0.015837
0.037039
-0.013514
-0.052095
0.002174
-0.188416
-0.004884
0.048582
0.140631
0.157215
0.078286
-0.107291
-0.028551
0.068772
-0.108005
0.092506
-0.146435
0.116736
0.127683
-0.033610
0.006811
-0.064971
-0.156484
-0.152902
0.021852
-0.012490
-0.270882
0.011209
0.115756
0.076081
0.048937
-0.103530
-0.018561
-0.057906
-0.095460
-0.103350
-0.161664
-0.000095
-0.020071
-0.091098
0.034605
0.096484
0.198746
0.109161
0.071257
0.047141
0.066409
0.060099
0.084020
-0.021157
-0.068533
-0.192089
-0.091679
-0.113091
-0.104060
0.112894
-0.013816
-0.115516
0.124313
-0.113023
0.220524
-0.135002
0.129258
-0.081859
-0.076006
0.012088
0.134789
0.166002
0.125203
-0.159460
-0.034482
0.117538
-0.003387
0.011507
-0.025487
0.137943
0.078546
-0.208388
0.165885
-0.002182
0.017452
0.105334
-0.034535
0.041347
0.108584
0.104744
0.108430
0.040222
-0.076136
-0.096615
0.069969
0.229719
-0.107111
0.079479
-0.009076
0.028553
-0.050120
0.003772
0.022330
-0.075765
-0.077963
-0.107176
0.146224
-0.025640
0.047729
-0.157428
-0.082974
-0.004232
-0.108942
-0.239376
-0.021991
-0.061387
0.019655
0.059651
-0.234824
0.081061
0.006509
-0.096983
-0.081895
-0.028233
-0.200957
-0.099036
0.104958
-0.040283
-0.047395
-0.136052
0.099768
-0.073218
0.011187
0.001407
-0.023124
0.040277
0.129768
-0.024966
-0.120030
-0.097522
-0.043321
0.018459
-0.148020
0.001356
0.063172
0.098035
-0.058553
-0.026395
-0.223996
-0.019323
-0.015144
0.033762
0.277021
-0.167802
-0.114944
0.105766
0.041965
-0.102557
-0.000160
0.006426
0.064662
-0.118813
-0.016992
0.175379
0.059214
0.120255
-0.019932
0.050448
0.028847
-0.035761
-0.033682
0.097363
0.019533
0.081596
0.009797
0.144618
-0.055067
0.025712
-0.091871
0.014558
0.102495
0.051635
-0.058729
0.042064
0.102391
-0.003517
-0.028719
0.074625
-0.028421
0.040506
0.000214
-0.016578
0.047458
0.021497
-0.020928
-0.061171
-0.025230
0.072280
-0.050398
0.147634
0.011455
-0.025705
-0.068464
-0.176734
0.056332
0.126581
0.094521
-0.038238
-0.071470
-0.062455
-0.117451
0.050468
-0.019082
-0.220182
-0.074303
0.090478
0.027689
0.045990
0.071749
0.001326
-0.240041
-0.010455
0.110119
-0.164441
-0.007306
0.065246
0.009475
-0.055753
-0.009285
0.157320
-0.208787
0.077873
0.040280
0.023956
-0.095256
-0.019924
-0.212482
-0.013851
0.009161
0.104592
-0.017954
-0.037368
0.143966
-0.118465
-0.135432
0.097535
0.162887
-0.069193
-0.096531
-0.016983
-0.142475
-0.100498
-0.019955
-0.109929
-0.007995
-0.171303
-0.057249
0.022585
-0.072051
-0.183954
0.154451
-0.046981
0.168418
-0.083848
-0.019651
-0.123510
-0.117885
0.190091
-0.055934
-0.002991
-0.006876
-0.186377
-0.008232
0.009164
-0.161329
-0.166707
-0.017260
0.099794
0.052031
-0.188669
-0.042516
0.003570
-0.020368
-0.074499
-0.122005
-0.042641
0.053946
-0.201001
0.072934
-0.173867
-0.120368
-0.114650
0.127143
-0.102841
-0.010200
-0.027218
-0.084596
-0.018142
0.044837
-0.017076
-0.119450
0.028689
0.069110
-0.227754
-0.094100
-0.066293
-0.016358
-0.172746
-0.004589
0.011126
0.029246
-0.039474
-0.009588
-0.077863
0.078019
-0.087884
-0.149836
0.035913
-0.110432
-0.019573
0.127666
0.004768
-0.042263
0.069048
-0.012516
-0.010220
0.004152
0.044235
0.295263
-0.081307
-0.082168
-0.062178
-0.268941
0.181036
0.124811
0.034452
-0.059483
-0.010506
-0.085337
0.046505
-0.092505
0.106721
0.143041
-0.029463
0.125308
-0.079187
-0.196324
0.061111
0.114699
0.014406
-0.172347
-0.200474
-0.101813
0.004017
-0.028855
0.003752
0.185555
-0.126518
0.009355
-0.110746
-0.156796
-0.191980
-0.032541
0.047513
0.008446
-0.013738
-0.013609
-0.076087
-0.034385
-0.007555
0.097993
0.009422
-0.002779
0.169893
0.012456
-0.034593
-0.183459
0.125452
-0.091774
0.091471
0.022276
-0.139921
0.100332
-0.069647
0.122198
0.044033
-0.018114
0.008486
0.108669
-0.081654
0.088157
0.058868
0.135529
-0.031216
0.069558
-0.078998
0.097274
-0.043157
0.019696
-0.077395
-0.089466
-0.019865
0.051507
0.063481
0.062669
-0.070241
0.032114
-0.130368
0.024357
-0.042311
-0.020931
0.032367
-0.187097
-0.030564
-0.039115
-0.023938
0.169429
-0.057904
0.068978
-0.173239
0.138187
-0.033203
0.074190
-0.037043
-0.006476
0.078110
-0.050908
0.054856
-0.123026
0.106742
0.063791
0.009716
-0.012517
-0.147854
0.137197
-0.082200
-0.128655
-0.049794
-0.018094
-0.008804
-0.039449
0.007513
-0.047183
-0.126520
-0.059556
0.027230
0.037322
-0.027358
0.018484
0.079937
-0.129309
0.088945
0.012742
-0.089378
-0.072272
0.012638
0.052410
0.087933
-0.000406
-0.012112
-0.020609
-0.122338
-0.130847
-0.060530
0.189117
0.050151
-0.110843
0.022995
-0.022706
-0.022909
0.050129
0.117876
0.071361
-0.013320
0.082011
0.087972
0.179324
-0.116229
0.017034
0.092678
-0.023893
-0.229964
0.037664
0.119969
0.023336
0.019963
0.116558
0.135111
-0.012804
-0.052706
0.089047
0.186930
-0.138390
-0.130702
-0.045974
-0.044299
-0.169344
0.011731
-0.139768
0.040892
-0.338484
0.059546
-0.045717
0.086806
-0.060334
0.095604
0.094162
-0.012084
-0.041420
0.061419
0.106317
-0.029983
-0.023752
0.072929
0.002378
-0.091490
-0.133807
-0.125406
0.108110
-0.092636
-0.012636
-0.091815
0.012461
-0.268357
0.051163
0.090105
0.127887
0.040169
0.022930
0.166787
-0.090995
0.002972
0.067691
-0.218623
-0.114869
-0.027783
0.040529
-0.011002
0.089937
-0.023022
0.037958
-0.035522
0.018242
-0.113652
-0.034090
0.023512
-0.093713
0.042470
-0.126211
-0.064226
0.039659
0.138075
0.017226
-0.098353
0.084678
0.043561
0.049573
-0.025272
-0.183161
-0.081089
0.046722
0.055424
-0.045767
0.086179
-0.062045
-0.090798
0.052802
-0.113982
0.138062
0.114467
-0.126638
-0.162945
-0.024556
-0.107097
-0.046303
0.246803
0.015202
-0.043182
-0.071708
-0.040605
0.044809
0.003346
0.104086
-0.036540
-0.023280
0.059294
0.028038
-0.101437
0.096890
0.089543
-0.108043
0.072580
0.015152
0.019823
0.025032
0.086428
0.077158
-0.123236
-0.052137
-0.104849
-0.061843
0.004361
-0.039666
-0.012690
0.048147
0.017872
-0.082913
0.200473
-0.133666
0.177458
-0.140801
0.123532
0.010319
-0.071736
0.169529
-0.120430
0.062538
-0.085173
-0.006902
0.115955
-0.123474
-0.105500
-0.020232
0.024862
0.096622
0.084012
0.074161
0.012337
0.143923
0.196817
0.089699
0.026935
0.078536
-0.214533
0.114976
0.080698
0.199838
-0.076081
0.072286
0.037770
-0.093918
-0.023328
-0.001345
-0.159353
-0.154580
-0.108258
-0.146727
-0.049927
0.100403
0.059573
-0.071010
-0.074912
0.159800
-0.003712
0.121529
-0.134175
-0.162094
0.320941
0.075680
-0.023133
0.126762
-0.160947
0.101222
0.071485
-0.006749
-0.035325
0.010384
0.077280
-0.223217
-0.026307
-0.000603
-0.100618
0.086667
-0.180745
-0.030632
0.038816
0.121473
0.059184
-0.014547
0.071363
-0.034829
-0.015700
-0.114022
0.002533
0.056501
-0.003000
0.171515
0.084041
-0.227251
0.164762
-0.179134
-0.013170
0.011148
-0.134893
0.011596
-0.074620
0.162590
-0.071484
0.022775
-0.008442
-0.121288
-0.050870
-0.061836
0.187583
0.141268
-0.000652
-0.149451
-0.112323
-0.152310
0.001896
0.045738
-0.162434
0.005209
0.051236
0.077237
-0.092970
-0.024764
-0.025127
-0.086350
-0.218238
-0.061581
0.161559
0.064291
0.077120
-0.068306
-0.009468
-0.037632
0.032915
0.052487
0.007987
0.075226
-0.138129
-0.026942
-0.007191
-0.028891
0.162244
-0.123174
-0.101334
0.002741
0.012841
0.120464
-0.029646
-0.029002
-0.066826
-0.156399
0.119731
-0.042985
-0.010111
0.137328
0.066841
-0.050321
-0.056996
0.058058
0.072686
-0.053836
-0.118978
0.042711
0.005666
-0.127221
-0.067570
-0.009905
-0.101843
0.050411
0.038792
0.059644
0.066298
-0.000893
-0.104222
-0.014384
0.083744
0.096808
0.063097
0.113460
0.073139
-0.037600
0.058568
0.087489
-0.044651
0.094840
-0.102160
-0.072409
0.113451
0.032247
-0.009840
-0.149448
-0.091535
-0.134234
-0.024610
-0.130326
-0.132531
-0.028468
0.146365
-0.135904
0.015707
0.051096
0.043937
-0.023694
0.158361
-0.086600
-0.046654
-0.019021
0.107670
-0.126711
-0.052437
0.100125
0.015515
0.082129
0.045575
0.043600
0.051512
-0.056323
-0.102049
-0.037811
0.047060
0.036398
-0.038580
-0.117590
-0.251382
0.045196
-0.083875
-0.039387
0.224608
-0.087550
0.028875
0.061872
0.001097
0.024397
-0.014213
0.166006
-0.002074
-0.089923
-0.183741
-0.107915
0.100647
-0.091897
0.011714
0.044596
-0.074786
0.046091
-0.093589
0.052648
-0.102840
-0.036226
-0.028291
-0.044882
-0.098999
0.197010
-0.016275
0.058227
0.185948
0.022659
0.122555
0.017038
0.003047
0.113552
0.058370
-0.084491
0.115209
0.047621
-0.014642
-0.140811
-0.037515
0.123934
-0.097256
-0.026266
-0.222201
0.259422
0.053545
0.022510
0.005538
-0.023969
-0.145329
-0.165901
-0.168215
0.192842
-0.017613
0.171125
-0.085030
-0.106881
-0.088071
0.037030
-0.066292
0.166237
-0.050036
0.060293
0.007641
-0.169597
-0.153158
-0.038135
0.040931
0.158628
0.021533
-0.138340
0.109548
0.071117
0.165512
-0.037550
-0.086624
0.109019
-0.200320
-0.201966
-0.093720
-0.018804
0.015803
-0.123360
0.070215
0.181780
0.117862
0.234191
0.011768
-0.071152
0.016318
-0.020993
-0.118003
-0.103647
0.096684
0.098699
-0.127708
-0.010560
-0.096384
-0.202235
0.051930
0.082687
-0.016321
-0.044867
0.106992
-0.130076
0.027239
0.017477
-0.173656
0.081455
0.059696
0.094853
0.000827
0.062514
-0.070278
0.011081
0.142130
0.111135
0.087472
-0.017089
0.157081
-0.120337
0.189440
0.016552
0.184875
-0.001374
0.092526
-0.040546
-0.000204
0.205399
-0.044071
-0.097100
-0.145420
0.021810
-0.045593
-0.077797
0.026075
-0.071175
0.074439
0.020031
0.006477
0.012639
-0.035022
0.023852
-0.018050
0.106645
-0.262690
-0.219926
-0.076150
0.039023
0.066012
-0.028415
-0.122186
-0.073796
-0.091629
-0.091489
0.117958
0.141642
0.031281
0.018629
0.128230
-0.091324
0.038920
0.008709
0.152536
-0.049655
-0.141110
0.003108
0.046765
-0.155400
0.122172
-0.083163
-0.055447
-0.007372
0.076030
0.145477
-0.009844
-0.058227
-0.122870
-0.092185
-0.088813
-0.201313
-0.091681
0.103803
0.001590
0.016569
-0.043009
0.045478
-0.074625
-0.105116
0.186487
-0.032041
-0.133125
0.014132
-0.065235
-0.032850
-0.040821
-0.041851
-0.085312
0.038518
-0.053253
-0.206827
0.032963
-0.017354
-0.050505
-0.008684
-0.256998
-0.002959
-0.033343
0.020382
-0.119195
-0.036296
0.067602
0.167051
0.119863
0.068278
-0.021473
-0.148744
-0.006711
-0.204581
-0.074308
-0.112671
-0.096748
-0.086933
0.175094
0.229757
0.089106
-0.157873
-0.006949
-0.180696
0.007386
0.074997
0.053710
0.013727
-0.011645
-0.037229
0.028666
-0.084508
-0.069189
-0.055293
-0.141414
-0.127694
-0.049782
-0.109776
-0.074103
-0.079776
0.223738
-0.106368
0.037482
-0.021249
-0.014146
-0.061441
-0.188056
-0.061396
-0.069885
-0.020473
-0.184094
-0.184341
-0.261305
0.077715
-0.082859
-0.045919
0.087534
-0.127386
0.041812
0.110376
-0.074018
-0.013278
-0.062026
0.235218
0.073170
0.040237
0.119935
0.076765
-0.067319
-0.048361
0.201849
0.057088
-0.027590
-0.041881
-0.031389
0.281011
0.089976
-0.087567
0.063501
0.200881
-0.072642
0.113256
0.064854
0.162327
0.008467
0.068643
0.006639
0.016926
-0.024255
0.142594
-0.046643
-0.049879
-0.099299
0.093609
0.146488
0.014330
0.000699
-0.132547
-0.006700
-0.027769
0.009726
-0.109108
-0.026479
0.009146
-0.056015
0.000333
0.008116
0.108388
-0.017257
-0.031298
-0.058666
0.083926
-0.034336
0.111287
0.067813
0.023743
0.113264
-0.203558
0.002286
0.091543
0.029173
0.212026
0.006371
-0.190154
-0.055985
0.108675
0.044724
0.109150
0.135757
-0.147760
0.000646
0.026371
-0.226554
0.184175
-0.007220
0.096463
-0.074448
0.031341
0.002410
0.095047
0.044734
-0.028705
-0.126790
0.111773
0.002148
0.044341
-0.167473
0.037272
-0.116659
-0.004095
0.097983
-0.062881
-0.001777
0.136421
-0.040249
-0.026431
0.056523
-0.100717
-0.023264
0.134547
-0.024445
-0.110405
0.141857
0.130195
-0.102007
-0.045468
-0.010847
-0.057818
-0.030041
0.182718
0.033089
-0.086458
0.067106
-0.038101
-0.070652
0.079792
0.058192
-0.079400
-0.236454
-0.156026
0.165534
-0.003982
0.049445
0.018564
0.078776
-0.100319
0.007804
-0.032970
0.084873
0.027700
-0.006238
-0.033034
0.144643
-0.040730
0.015237
0.030424
-0.171457
-0.177809
0.080352
-0.064707
0.213148
-0.225700
-0.244075
-0.029273
0.114187
-0.016289
-0.143330
-0.064059
0.109357
0.009541
-0.132599
-0.046070
-0.007008
-0.097218
0.072353
0.058931
0.127119
-0.074611
0.066570
-0.053562
-0.045907
-0.050678
-0.006256
0.071422
0.109481
0.184508
-0.019418
-0.031183
-0.063060
0.085211
0.028865
0.093005
0.076908
0.045191
-0.103330
-0.002239
-0.025622
-0.112846
0.134126
-0.222341
0.030757
-0.073581
-0.114081
-0.029061
0.030307
0.109836
0.033821
-0.043839
-0.022434
0.107561
-0.016230
0.091538
-0.090127
-0.017150
-0.022530
-0.024465
-0.028862
0.187999
-0.057479
-0.156519
-0.028126
-0.083066
-0.054336
-0.104091
0.082494
0.144275
-0.035646
-0.110266
0.109350
0.045953
0.112426
-0.139884
0.281952
-0.149630
0.005811
-0.023895
-0.001444
-0.055213
-0.076197
-0.035476
0.101090
-0.024722
0.225874
-0.107661
-0.021100
-0.069922
-0.090200
0.050463
-0.051469
0.255565
0.106393
-0.026820
-0.047473
-0.015953
-0.025219
0.113542
0.083346
-0.047883
0.041806
-0.108210
-0.042155
-0.029256
-0.120757
0.041135
0.000172
-0.046556
-0.080543
0.120582
0.158393
0.150498
0.112179
0.152035
-0.097775
-0.019511
-0.042860
-0.106929
-0.135619
-0.193823
0.092809
0.037890
-0.066145
0.023545
0.169599
-0.116840
0.123381
0.096759
-0.083272
-0.067825
-0.012369
0.168617
0.013056
-0.092225
0.094125
-0.058793
0.056073
0.137667
-0.104233
-0.035131
0.142780
0.108478
-0.096276
-0.039420
-0.034061
-0.027049
0.074894
-0.163431
-0.011884
-0.109385
0.137173
-0.039955
-0.068911
-0.018036
-0.201683
0.034592
-0.127964
-0.173861
0.102060
0.191059
0.016066
0.031146
0.066507
0.152112
0.044969
0.030245
0.001834
0.012948
-0.033419
-0.063714
-0.029062
0.079124
-0.025620
0.071260
-0.088673
0.061759
0.117561
0.034615
-0.071449
-0.096657
-0.104388
-0.021613
0.075313
0.138584
0.224583
0.255629
0.112701
0.169247
0.093336
0.036980
-0.013651
0.025901
0.067727
-0.067890
-0.224585
0.042213
0.244584
-0.114124
-0.269468
0.142940
-0.014363
-0.236340
-0.159428
-0.065795
-0.039040
0.039320
-0.125402
0.157649
-0.067114
-0.040208
0.018535
0.125000
0.130779
0.023952
0.063427
0.030644
-0.027853
0.121145
-0.035652
0.049636
0.034678
0.207875
0.099490
-0.163723
0.067219
-0.005822
-0.109149
-0.031850
0.003898
-0.057475
0.161600
-0.121551
0.038907
-0.048212
0.047523
-0.181496
0.091466
-0.015400
0.037894
-0.024223
-0.141023
0.112852
-0.067841
-0.186898
0.048536
-0.043330
0.062050
0.076157
-0.131328
0.006228
-0.077039
0.101724
0.039383
0.091989
-0.026961
-0.075211
0.059213
0.039729
0.116457
0.003760
-0.022980
-0.104062
0.054561
0.048115
-0.212268
0.019223
-0.130163
0.074852
0.081822
-0.228619
-0.072350
0.019495
0.138912
-0.091384
0.113077
-0.002832
-0.077435
-0.010407
-0.266628
-0.167428
-0.037903
-0.032993
0.005022
0.086706
0.097773
-0.012417
-0.169270
-0.190668
0.046866
-0.048834
-0.001769
-0.118458
-0.128010
0.105699
-0.086503
-0.207419
-0.029178
0.010606
0.016168
0.018131
-0.051769
-0.047156
0.032016
0.037436
0.084041
-0.048079
-0.075959
-0.235371
-0.086083
-0.083760
-0.069750
0.070874
-0.111540
0.052683
-0.117245
0.047967
0.070268
-0.195409
-0.053087
0.043934
-0.002520
0.005706
0.000840
0.001781
-0.038702
-0.066079
0.029970
-0.003238
-0.115022
0.209603
-0.062189
-0.059084
-0.025559
0.020201
-0.116330
0.134875
-0.006777
0.080191
-0.174969
0.069846
0.050045
0.195898
0.092774
0.105520
-0.117215
-0.114132
0.053219
0.069432
0.027469
0.000320
-0.082640
-0.095554
0.075077
0.162776
0.029716
-0.012017
0.035627
-0.001272
0.099314
0.000335
-0.099323
0.132282
-0.049196
0.152629
0.107470
-0.138628
0.042098
-0.015091
0.021532
-0.064210
-0.059034
-0.126444
0.072560
0.182279
0.159885
-0.071059
0.053287
-0.022597
0.181138
0.141827
-0.199570
-0.020940
-0.104513
-0.000837
-0.105557
0.177064
0.014669
0.159187
0.054877
0.082115
-0.009853
-0.062208
0.035417
-0.147983
0.120592
-0.011338
-0.037925
0.004932
0.059635
-0.146637
-0.001282
0.169395
-0.000903
-0.133969
0.022505
-0.041589
0.014658
0.115541
0.016534
-0.054260
0.046840
-0.159034
0.038098
0.034931
0.213361
-0.086105
0.015781
-0.010828
0.019178
0.056569
0.125885
0.092999
0.029248
-0.061390
-0.190707
0.023381
0.155166
0.051208
0.004262
-0.024918
-0.148923
0.170109
0.031426
0.144726
0.027657
0.077314
-0.033131
-0.024992
0.060397
-0.128101
0.002813
0.046511
-0.020537
0.003803
-0.039145
-0.020643
-0.081987
-0.027727
-0.311027
-0.191634
-0.030556
0.091224
0.015751
0.034709
-0.062524
-0.228056
0.102716
0.063933
0.004680
0.010700
-0.033462
-0.133250
0.181529
0.051866
0.025705
0.030625
0.095731
-0.050188
0.017685
-0.179724
0.030589
-0.176592
0.046667
-0.080138
-0.013332
-0.044673
0.010243
-0.130424
-0.086374
0.228366
-0.011297
-0.039371
-0.174937
0.049898
-0.078494
-0.115403
0.135144
0.021704
0.056363
-0.017341
-0.074491
-0.018577
0.108969
-0.014086
0.063712
0.115735
0.044784
-0.047055
0.195278
0.107764
-0.063424
-0.030260
0.016475
-0.024349
0.093031
-0.029764
0.032572
-0.183901
0.239287
0.173242
0.136403
0.114078
-0.002709
0.000245
0.021924
0.184015
0.026401
-0.071759
0.050374
-0.071214
0.014379
0.136913
-0.010575
-0.002773
-0.027451
0.208591
0.014979
0.079814
-0.006183
0.101299
0.118712
-0.007990
-0.199624
0.148740
-0.087136
-0.144485
-0.061810
-0.024436
0.007626
-0.016772
0.090835
0.083121
-0.202747
0.083105
0.093117
0.006771
0.084240
0.074024
-0.099932
0.048508
-0.096001
0.021253
-0.125045
-0.072611
0.056687
0.116866
-0.027593
-0.193943
-0.055664
0.145393
-0.057223
0.083656
0.020308
0.129368
-0.031908
0.166034
0.017960
0.134011
-0.102095
-0.265727
-0.037555
0.038030
0.185370
0.038006
0.101710
0.051848
0.004026
0.040556
-0.089000
0.113022
0.143913
0.019509
-0.042588
0.077221
0.100219
-0.032043
-0.232563
0.124261
-0.183135
-0.085984
0.043584
-0.028440
0.107102
0.026007
-0.038861
0.187792
0.259666
0.088623
0.238226
-0.133594
-0.039091
-0.031025
0.111607
0.056552
0.175533
0.044112
0.061855
0.111825
-0.006903
0.102204
0.051264
0.040880
-0.002028
0.076877
0.044296
0.010400
-0.069581
-0.018616
0.093721
-0.113555
0.044999
0.040599
-0.022067
0.047865
-0.082290
-0.151032
0.080650
0.046997
-0.194384
0.018712
-0.002177
-0.093404
0.046090
0.005579
0.081357
0.053862
-0.065220
-0.038507
0.099383
0.113459
0.019731
-0.183976
-0.075555
0.072657
0.173930
-0.022330
-0.031117
0.023499
-0.052898
-0.097157
0.044995
0.031930
-0.033428
-0.054264
0.038250
0.118685
0.130830
0.032049
-0.005443
-0.064310
0.178318
0.065236
0.082605
0.009906
0.151595
0.103550
-0.035119
-0.110996
-0.072273
0.045497
-0.005482
-0.123715
-0.120586
-0.066321
0.016363
0.104244
0.055574
-0.071394
0.027277
0.081320
0.000731
-0.010952
0.007443
0.054416
-0.063256
-0.027371
-0.085763
0.256398
0.100804
0.085252
0.089172
-0.014867
0.082135
0.162957
-0.057129
-0.116500
-0.147191
0.067696
0.146267
-0.057667
0.019492
0.137088
-0.106620
-0.021463
0.008621
-0.003423
-0.019853
0.192900
0.141655
0.025213
-0.065922
0.028643
0.120704
-0.015157
-0.081810
0.103394
-0.083373
0.012306
0.068674
-0.114690
0.010155
0.322199
0.007802
-0.096978
0.036492
0.069625
-0.005212
-0.104871
0.156149
0.012910
0.134170
0.083691
0.090957
0.112511
0.132754
-0.138371
-0.098406
0.051832
0.058795
0.088967
0.026661
0.013432
0.041676
-0.084771
-0.030640
0.016777
-0.111491
0.135265
0.100236
-0.120970
0.165188
-0.031221
-0.060283
0.057138
0.149649
-0.094323
0.139415
0.029286
-0.093790
-0.002192
-0.125209
-0.024867
-0.122432
0.373259
0.036849
0.165306
-0.086397
-0.041520
-0.036338
0.148051
0.194969
-0.048208
-0.140738
0.030501
0.066307
0.095646
0.123694
-0.028415
-0.018381
-0.037318
0.089495
-0.025465
-0.126980
-0.065113
-0.092277
0.034118
0.065477
-0.064791
0.056549
-0.053813
0.011238
0.146798
0.085466
-0.211326
0.075625
0.002794
-0.016985
-0.070415
-0.017128
-0.076601
0.109280
-0.015908
-0.143536
0.047158
-0.039257
0.245712
-0.094748
-0.115995
-0.041457
0.060352
-0.020139
-0.174941
-0.096954
-0.033246
-0.250175
0.157973
-0.162379
-0.027671
0.021439
0.013211
0.078259
0.063881
0.081785
0.247277
0.225266
0.065122
-0.024901
0.004106
0.011509
0.092572
-0.001074
0.040350
-0.024344
0.123003
0.028150
-0.180693
-0.034084
-0.144459
0.110473
-0.009295
-0.021048
0.058168
-0.035100
-0.223582
0.012607
-0.091639
0.139265
-0.039225
-0.148679
-0.083955
0.137854
0.171316
0.000620
0.011223
0.018299
-0.095802
-0.009100
0.047649
-0.147239
0.139206
0.086243
-0.088965
0.047054
-0.121474
-0.053360
0.117342
-0.039968
0.004318
0.079403
-0.166398
-0.100696
0.002405
-0.052289
0.143480
0.091992
-0.015400
-0.082178
-0.048442
0.177225
0.088676
0.038553
-0.095474
0.168028
0.023543
-0.048331
-0.021518
0.104540
0.014166
-0.057168
-0.122228
-0.074719
0.010242
-0.181704
-0.102194
0.066487
0.020685
0.110020
-0.028186
-0.204991
0.115447
-0.019773
-0.072815
0.084182
-0.044731
0.085447
-0.195584
-0.056331
-0.071120
0.109318
0.081780
-0.051109
0.109847
0.203194
0.132956
-0.026845
0.167120
0.067924
-0.057860
0.049687
-0.052634
0.011954
-0.051621
-0.022654
0.050022
0.049119
-0.009394
0.118151
0.032294
0.002507
-0.130222
0.020781
0.166930
0.044438
-0.049761
0.152363
-0.018875
0.004653
-0.195264
0.048400
-0.237664
0.079902
-0.073311
-0.069329
-0.079436
0.073384
0.094187
-0.031059
0.129501
-0.051617
-0.079745
0.041470
0.166895
-0.098644
0.051671
0.055085
-0.019635
0.031988
0.105077
0.037699
-0.061592
-0.028763
0.036698
0.137131
0.033749
0.116400
0.156453
0.174471
-0.079213
0.163814
0.018434
0.147149
-0.051399
0.159787
-0.031806
0.030196
-0.048363
0.044199
0.162383
-0.072760
0.052407
-0.058152
0.075254
-0.061576
-0.090459
-0.120114
0.197143
-0.066801
0.148935
-0.074925
-0.070947
0.076265
-0.030421
-0.027617
-0.173052
0.161634
-0.048294
-0.038904
0.168589
0.075972
-0.034342
0.199529
0.114232
-0.046815
-0.142748
0.011749
0.218397
-0.005811
-0.156885
0.015958
-0.030383
-0.036292
0.007852
0.133649
0.051927
0.288942
0.073387
0.044202
-0.187810
0.111857
0.050358
-0.015843
0.236258
0.154072
0.062086
0.113636
0.191506
0.103415
0.021692
-0.166061
0.181673
-0.090463
0.000048
0.055381
0.060279
0.069438
-0.039624
-0.142443
0.001918
-0.041777
0.036377
-0.123380
-0.091633
-0.211834
0.020244
0.075922
-0.019288
-0.041908
-0.020152
-0.092056
-0.031750
0.020277
0.049747
-0.046958
0.026979
-0.139076
-0.002136
-0.114972
-0.079198
0.042403
-0.031407
0.048478
-0.023662
-0.061609
-0.156666
0.111290
0.025099
-0.122267
-0.168465
0.010532
-0.063860
-0.025857
-0.048887
-0.139306
0.101036
0.075753
-0.114622
-0.139380
-0.018985
-0.123484
0.034315
-0.020696
-0.110356
-0.158947
0.003303
0.017573
0.011189
0.055466
-0.027417
0.061282
-0.040707
-0.018160
-0.100963
-0.162594
0.010466
0.159958
-0.124233
-0.081728
-0.074440
0.101475
0.065460
-0.105126
-0.022052
0.004087
0.030835
0.091143
-0.061886
0.027290
0.164616
0.112518
0.059092
0.119989
0.076058
-0.016420
0.012103
0.185266
-0.062978
-0.004205
-0.089840
0.087907
0.095030
-0.012610
0.050299
-0.171352
-0.033847
-0.169233
0.037546
-0.068292
0.025401
-0.052636
-0.021412
0.070103
0.050841
-0.169378
-0.114524
0.163952
0.139713
-0.187187
-0.049727
-0.093293
-0.050690
0.000702
-0.040017
-0.041528
0.014422
0.157619
0.050117
-0.048397
0.079616
0.017641
-0.001633
0.056131
0.170514
-0.035608
0.064799
0.010617
-0.060142
-0.013165
0.022827
0.008735
-0.012309
0.077871
-0.204001
-0.167463
-0.047463
-0.104979
-0.020159
0.071854
-0.086657
0.097163
-0.059635
0.149049
0.063106
-0.060485
0.170655
0.010099
0.125726
-0.001406
-0.047085
0.068676
-0.006893
0.019832
-0.110429
-0.080391
0.068887
-0.031684
0.001501
0.161653
-0.054742
-0.083442
0.082308
0.061037
-0.176448
-0.061567
-0.011973
0.025779
-0.050050
-0.157847
-0.043864
-0.160798
-0.086660
-0.030698
0.028936
-0.076333
-0.087662
0.208888
0.052281
0.191381
0.098521
0.004893
-0.023472
-0.184963
0.041825
0.137807
-0.218896
-0.022521
0.189488
-0.023660
0.029427
0.147581
-0.067798
0.106428
-0.068164
-0.094040
0.069186
0.042125
-0.052949
-0.027707
-0.040610
0.040167
-0.403431
-0.225673
-0.000955
-0.168805
-0.066263
-0.106794
-0.408274
-0.084455
0.163537
-0.068731
-0.112186
-0.045614
-0.050093
0.095616
-0.070204
0.015325
0.013195
-0.208298
0.013760
-0.164003
-0.038462
-0.047660
-0.030978
-0.173910
-0.143239
-0.041770
0.061523
-0.062951
-0.049438
0.028157
-0.115628
-0.000479
-0.053242
-0.144915
-0.002098
-0.187574
0.004870
0.061091
-0.018624
0.053716
-0.196090
0.041906
0.018133
-0.001707
-0.050606
-0.129686
0.106205
-0.168682
0.071520
-0.102703
0.011459
0.211281
-0.174376
0.077716
-0.126357
-0.071922
-0.090781
0.132897
0.159761
-0.043328
0.096401
-0.031893
-0.092786
-0.017516
0.118376
0.068158
0.015596
0.046504
0.031519
0.020330
0.047713
-0.165831
0.138336
0.102873
-0.043305
0.016155
0.107446
-0.121455
0.052963
-0.042486
0.061211
-0.149794
0.128171
-0.050647
0.111301
-0.060087
-0.038462
0.092250
-0.211299
0.099884
-0.073279
0.096927
0.085822
0.068620
0.050049
-0.219587
-0.045761
-0.068227
0.194336
0.042098
0.111407
0.073960
0.009778
0.014490
0.004046
-0.048506
0.007955
0.083723
0.068554
-0.048542
0.045863
0.050635
0.100293
0.137752
0.013286
0.110767
0.012443
-0.095423
0.083964
0.234277
-0.016215
-0.025262
-0.036054
0.134251
0.118187
-0.040323
-0.022766
0.179668
-0.071986
-0.028237
0.118441
-0.150830
-0.073670
0.265277
0.077975
0.036862
-0.002201
0.003184
-0.083437
-0.049471
-0.091489
-0.114165
-0.018476
-0.082688
0.034212
0.092171
-0.030086
0.052830
-0.030002
0.254532
0.080496
0.034651
0.167694
0.056341
-0.040032
-0.022710
-0.130148
-0.132393
-0.049584
-0.097150
-0.031427
-0.190227
-0.057705
0.015617
0.086978
0.040448
0.095679
-0.100582
-0.113622
-0.015332
0.002755
-0.010363
0.063712
-0.046641
0.072126
-0.061077
-0.170490
-0.049546
-0.148397
0.042710
-0.167766
-0.155511
-0.048757
0.048189
0.060700
-0.078741
-0.044985
-0.045183
0.005008
-0.162799
0.072435
-0.177094
0.240126
0.184724
-0.051244
-0.081591
0.032163
-0.061159
0.110090
-0.029049
0.105295
-0.049650
0.205332
-0.097783
0.016904
0.025456
0.132509
0.010417
-0.022879
-0.124739
0.021897
0.021150
0.120740
0.104307
0.119208
0.004255
-0.103754
0.263335
-0.025597
-0.185959
0.037704
0.008140
-0.112491
-0.045886
-0.094336
0.133878
-0.097315
0.010481
0.003890
-0.055615
-0.054558
-0.063887
-0.159258
0.125726
0.099050
-0.009479
-0.086610
0.148753
0.039386
0.149595
0.034646
-0.011371
0.132997
-0.066788
-0.089263
0.005889
0.114470
0.076642
-0.237373
-0.254166
0.088014
0.010527
-0.021459
-0.018121
0.031685
0.128138
-0.167709
-0.066871
0.056770
-0.138178
0.066702
-0.124749
-0.039665
0.128569
0.089002
-0.022305
-0.086054
-0.148838
0.054670
0.113405
-0.122349
0.084863
-0.149870
0.183827
0.085649
-0.056224
0.048914
0.010026
0.047093
0.085421
-0.122535
-0.006663
-0.099606
0.002935
0.069486
0.009694
0.084116
0.162587
-0.013144
-0.003375
0.088984
-0.104754
0.087885
-0.095744
-0.051163
-0.056423
-0.015555
0.089019
0.064445
0.103106
-0.007608
0.045144
-0.121696
0.219472
0.057051
-0.002247
0.207713
-0.129173
0.097727
0.088167
-0.209275
0.052410
0.077369
-0.118202
-0.127543
-0.005189
-0.115529
0.052799
0.001817
0.102555
-0.086787
0.092944
-0.000234
-0.062094
-0.027994
0.110245
0.011518
0.038942
-0.071284
0.017992
-0.191890
-0.100263
0.123841
-0.118837
0.075927
-0.096486
0.101950
-0.042711
-0.014081
0.201457
-0.092915
0.006700
0.132332
-0.074812
0.051184
-0.009643
-0.114462
-0.085692
-0.024501
-0.235492
0.026941
0.168151
-0.129209
-0.080881
0.080301
-0.105524
0.157715
-0.066695
-0.154170
0.019515
-0.090867
0.105392
-0.036309
-0.016930
-0.061407
0.101452
-0.000929
0.009539
0.051795
0.020133
-0.049956
-0.020634
-0.017949
0.033661
0.033265
0.044707
0.006037
-0.094373
-0.042391
0.013988
0.110979
0.054810
0.017692
-0.016736
0.087678
0.039097
0.128042
-0.041513
-0.095054
-0.015167
-0.023386
0.010578
0.046784
-0.176476
-0.105144
-0.052810
0.018723
-0.170679
0.038519
0.041234
-0.024986
-0.161791
0.081772
-0.027319
-0.095025
0.074590
-0.052125
-0.052972
0.066077
-0.023331
-0.107920
0.005799
-0.222137
0.143599
0.222323
0.027585
0.046026
-0.048516
0.081917
-0.130315
0.075246
-0.098391
0.174671
-0.060483
-0.097839
0.219511
0.132990
-0.230517
-0.114306
0.101100
-0.102725
0.000568
-0.002522
0.112322
-0.044944
0.019994
-0.069676
0.012744
0.153028
-0.027799
-0.019960
0.056299
0.035019
0.081448
0.055496
0.009368
-0.085564
0.219219
0.084499
0.126456
-0.022751
0.023562
0.028703
-0.063096
-0.038352
-0.138938
-0.000900
0.039438
-0.033315
0.059107
0.034627
0.035551
0.000497
-0.133277
-0.160398
0.107709
-0.019566
0.184754
-0.103915
0.041356
0.028655
0.084517
0.044227
0.065420
-0.079824
-0.185315
0.052853
-0.157040
0.008139
0.074657
-0.010983
0.008223
-0.267288
0.015606
-0.077604
-0.136357
-0.007842
0.164190
0.014457
-0.068463
0.009119
-0.038620
0.002441
-0.074321
-0.014577
-0.001134
0.035745
0.171348
0.018531
0.134928
0.007542
-0.142875
0.088156
0.078408
0.057097
-0.010151
-0.151497
0.014647
0.111141
0.041030
-0.026752
-0.028268
0.029051
0.085940
0.195725
-0.090817
0.113622
-0.072291
0.070326
0.065404
0.094093
-0.081167
-0.069953
0.045611
0.019760
-0.007027
0.108835
0.051023
0.048128
0.080987
0.098229
0.044690
0.039231
0.143422
-0.006490
0.172617
0.021894
-0.001430
-0.052982
-0.024480
0.239894
0.069099
-0.196057
0.055673
0.197769
0.042869
-0.089314
0.324186
-0.071522
0.125792
-0.078104
0.103951
0.021090
0.096092
-0.182338
0.079010
0.065077
0.031815
0.147871
-0.068935
0.116651
0.163240
0.019737
0.148465
0.083383
0.235901
0.071418
-0.235986
0.107263
-0.040940
-0.037693
-0.007351
0.048433
0.034422
0.121385
0.028637
0.143553
0.149062
-0.022002
-0.111010
-0.061059
-0.028105
0.024511
-0.006910
0.096880
0.020538
0.141503
0.049981
-0.091670
-0.083079
0.022700
-0.057616
-0.125273
-0.033412
-0.093308
-0.003118
-0.079743
0.035693
0.158864
0.000021
0.110681
-0.105373
0.130873
0.049238
0.101548
0.090738
0.138716
-0.017977
0.021216
-0.074010
-0.090907
0.108209
0.133335
0.095539
-0.108013
0.057554
-0.021707
0.019457
-0.172171
-0.087596
-0.195449
0.145552
0.017955
0.039825
0.117546
-0.152082
0.087826
-0.140346
-0.096509
-0.015631
-0.001469
-0.046076
-0.044605
-0.089146
0.065004
0.111433
-0.083517
-0.092382
0.117765
-0.133837
-0.073722
0.085093
0.014734
0.034203
0.024056
0.144663
-0.052961
-0.003165
0.114474
0.137784
0.092662
-0.004149
0.066318
-0.015295
-0.022337
0.290611
0.060051
0.127374
0.013996
-0.053918
-0.126757
0.105880
-0.217814
-0.077179
-0.033506
-0.177431
0.091561
-0.089192
-0.172432
0.076637
0.218712
0.048735
0.068792
-0.030825
-0.142125
-0.055222
0.089342
0.071537
-0.000627
-0.044202
-0.084149
-0.062731
-0.035793
0.073580
0.113022
0.013211
0.030253
-0.072827
0.234306
0.034085
0.128552
-0.087405
-0.009410
0.071356
-0.098186
-0.198777
-0.063149
0.001971
0.055975
-0.030884
0.120210
0.044435
-0.018760
0.132693
0.053155
0.294140
-0.037886
-0.091069
0.078243
-0.074517
0.047356
0.248815
-0.131301
-0.062544
-0.160366
-0.020438
-0.206465
0.154823
0.026949
-0.075874
0.168603
0.250894
-0.058691
0.041526
0.043936
-0.106111
0.177149
0.109855
-0.128970
-0.203796
0.167914
-0.029821
0.097921
-0.125713
0.160488
-0.107099
-0.041837
0.014880
-0.094035
0.052537
-0.040523
0.152725
-0.127366
0.028470
-0.183618
-0.018069
-0.138286
0.030924
0.137531
0.058497
-0.039073
-0.033298
-0.070300
0.002209
0.040495
-0.057978
-0.040225
-0.014396
-0.029039
0.091493
-0.166995
-0.117757
0.084045
0.141148
-0.022988
-0.060281
0.101158
0.030874
0.076742
0.058151
-0.254093
0.053708
-0.150021
-0.027706
-0.054703
0.002736
-0.017461
0.104544
-0.129226
-0.042004
-0.020882
-0.037513
0.024573
-0.001518
-0.059447
-0.190680
-0.017393
0.014906
0.009550
-0.056515
0.148554
-0.139913
0.074435
-0.022900
0.060418
-0.050416
0.071781
-0.097825
-0.021334
-0.243855
0.254295
0.020467
-0.167540
-0.185856
-0.082517
0.016638
-0.101313
-0.007544
-0.187475
-0.079227
-0.034174
0.218675
-0.010975
0.092661
-0.134270
-0.106899
0.078623
-0.002991
-0.074949
0.023502
0.026368
-0.089424
0.007409
-0.172689
0.005571
-0.050140
0.099440
-0.024581
0.005134
-0.086886
0.165119
-0.171815
-0.007365
0.092288
0.023598
-0.039963
0.091013
0.105875
0.000778
-0.031394
0.183182
0.006646
-0.108403
-0.065690
0.114294
0.165122
0.018865
-0.169223
-0.124063
0.022351
-0.117832
0.047060
0.109190
0.041408
-0.003983
-0.114394
0.195460
0.012731
0.107397
-0.217491
0.054052
0.092038
0.021837
-0.005376
0.049515
0.048325
0.180038
-0.015167
0.066821
-0.039234
-0.286874
-0.067265
-0.107285
-0.059896
-0.024808
-0.015772
0.172957
-0.070195
-0.173116
0.105601
0.030458
-0.219349
-0.044757
0.006922
-0.298275
0.068307
0.013009
-0.105953
-0.013101
0.013416
-0.042259
0.026017
0.046004
0.063328
-0.040692
-0.069152
0.114089
0.010601
-0.026995
0.046772
-0.054828
0.061760
-0.172377
-0.014167
-0.170094
-0.014583
0.037322
-0.116291
-0.002731
-0.080620
-0.074250
-0.063569
0.156982
-0.082352
0.052011
-0.008283
0.095025
-0.098207
-0.015177
0.006115
0.048000
0.122002
-0.174177
-0.036496
0.021118
0.021730
0.046816
-0.085667
0.073869
0.062413
0.090063
0.174880
0.108940
-0.131176
-0.065951
0.006347
-0.068511
-0.108092
0.068323
-0.162124
0.031800
0.008385
0.079462
-0.022005
0.210812
0.047679
-0.029873
-0.174310
0.028559
0.113638
-0.080118
0.160887
-0.002005
-0.083799
-0.060995
0.056682
-0.038990
0.024408
0.099487
-0.119963
-0.026519
-0.156069
0.001065
-0.008204
-0.117940
-0.048341
0.178943
0.002010
0.034531
0.145217
-0.226175
-0.099118
-0.144910
-0.101347
0.215727
-0.107734
0.012636
0.040918
0.198374
-0.017873
0.059927
-0.088552
0.003672
-0.268793
0.133236
0.086404
-0.003803
-0.114289
-0.010659
0.100230
-0.053205
-0.107405
-0.074235
-0.024823
-0.050172
-0.207171
0.010905
0.035165
-0.019911
0.104879
-0.090815
0.075973
-0.032138
-0.021507
0.212355
-0.101872
-0.126476
-0.028820
-0.105330
-0.104408
0.138745
0.018015
-0.077896
0.027656
-0.124121
-0.009675
0.121670
-0.059624
-0.179702
-0.158331
0.034869
0.153599
0.047957
0.073914
-0.117174
-0.018659
-0.038733
-0.057083
0.126179
-0.059696
-0.151711
-0.076351
-0.311666
-0.035945
0.166206
0.130207
-0.163102
0.184934
0.088306
-0.001848
0.017968
-0.121605
-0.013860
-0.145084
0.166174
-0.045962
0.090765
0.082339
0.038502
0.019130
0.357070
0.001962
0.015221
-0.039088
0.057725
0.073729
0.098287
-0.127064
0.274239
-0.021119
-0.018227
-0.008106
-0.099291
-0.047960
0.061747
-0.052628
-0.059794
-0.064110
-0.008322
-0.081213
0.021303
-0.068954
0.007441
0.214701
-0.031065
-0.026711
0.130969
0.029078
-0.049735
0.065613
0.041945
-0.131679
-0.193665
0.082392
0.044598
0.033021
-0.067680
-0.047798
0.068382
-0.087578
-0.021041
-0.072204
-0.137204
-0.130072
0.014813
0.011074
0.119497
0.141988
0.063759
0.200727
0.122963
-0.115652
0.056334
0.131336
0.115855
0.106791
0.081701
0.004478
-0.008136
-0.037614
-0.159663
-0.215843
0.132354
-0.016896
0.156965
0.055130
0.048662
0.098816
-0.037821
-0.183018
-0.159780
-0.139935
0.004738
0.067546
-0.026347
0.074801
0.142094
-0.038370
-0.050232
-0.208907
0.033405
0.007615
0.047858
-0.027825
0.185338
0.035725
0.023969
-0.002934
0.073267
-0.043095
-0.077916
0.049141
-0.139860
0.030225
0.033626
-0.192939
0.059153
-0.062581
0.094784
-0.050693
0.035695
0.006867
0.002040
-0.148963
0.008693
-0.040115
-0.062519
-0.167519
-0.229059
-0.029950
-0.077174
0.224657
-0.013666
-0.072597
-0.034735
-0.050093
0.037075
0.134497
0.011956
0.056996
0.057398
-0.132083
0.017761
-0.061175
-0.092727
0.085935
-0.121354
0.147578
0.140056
0.125346
-0.027237
0.090306
-0.018341
0.069071
0.195649
-0.098381
0.010488
0.192490
-0.006015
0.057759
0.099165
0.048522
-0.196807
0.074851
-0.077877
-0.158050
0.043168
0.006561
-0.020598
0.011586
-0.081318
0.010086
0.050616
0.037973
0.021669
-0.062297
0.020516
-0.099610
0.000522
0.039969
-0.139157
-0.103200
-0.103846
-0.034286
-0.028672
-0.076453
-0.091073
-0.103674
0.048955
0.090791
0.072798
0.120980
0.171394
0.045746
0.055202
0.021253
0.013168
-0.032893
-0.114271
-0.044629
0.000321
0.067402
-0.114500
0.156867
0.245857
0.046160
0.151781
-0.043002
0.130302
0.040052
-0.188572
-0.134163
-0.086384
0.258738
0.001792
-0.161640
0.142948
0.020420
0.141007
0.066768
-0.158746
-0.029600
-0.023188
-0.017099
0.000266
-0.138237
0.264196
0.012934
0.040448
0.040202
0.068490
-0.091291
-0.002824
0.176323
-0.007227
-0.215821
-0.162069
0.093144
0.171821
-0.145467
-0.145079
0.083331
0.003773
0.106431
-0.066688
-0.139321
0.116480
-0.093829
0.081510
-0.075050
0.023841
-0.165737
-0.019645
-0.011545
-0.213824
0.118695
0.096845
0.319746
0.100942
0.131439
-0.059170
0.184052
-0.085939
-0.015922
-0.120207
-0.220163
0.102927
0.095500
0.057954
-0.025949
0.081917
-0.052218
0.261408
0.046504
-0.081008
-0.058292
0.086787
-0.052152
0.035751
0.134412
0.065497
-0.083980
0.057620
-0.018805
0.080907
0.113598
-0.058969
-0.121878
-0.113342
-0.117554
0.001138
0.131358
0.018592
-0.261911
-0.084531
0.043464
-0.114067
-0.071600
0.144944
0.094493
0.064941
0.064907
0.131225
0.087053
-0.114340
-0.028601
-0.019897
0.140914
-0.010067
-0.071153
-0.005921
0.091712
0.176661
0.082412
0.113874
0.168944
0.166211
0.034405
-0.058736
-0.137648
0.048120
0.003902
0.159978
0.127237
-0.000043
-0.193409
-0.019922
0.020313
0.136342
-0.031906
-0.077682
-0.137879
-0.027260
0.127222
0.045392
-0.005265
-0.026234
-0.085497
0.055228
0.015578
-0.054916
0.029359
0.086721
0.085524
0.088186
0.191890
-0.032359
0.061980
0.093429
-0.179023
0.062722
0.003127
-0.054551
0.066767
0.027018
-0.019864
0.007468
0.022294
0.146719
0.020397
-0.107890
-0.112843
-0.127518
0.203532
-0.110580
-0.009528
-0.013411
-0.014899
-0.011581
0.135467
0.114984
-0.029087
0.057152
-0.063967
0.336663
-0.041166
-0.009598
-0.058006
-0.124142
-0.068928
0.015640
0.043645
0.005230
-0.061786
-0.040230
-0.047890
0.169311
0.019660
-0.012567
-0.014661
-0.036419
-0.152329
0.178453
-0.034268
-0.177819
-0.061439
0.089423
0.118218
0.038829
0.180132
0.161208
0.004548
0.001930
0.066352
0.050972
-0.008889
-0.162330
0.137984
-0.134670
0.072761
-0.064540
0.211792
0.096135
0.047785
-0.097800
-0.000099
0.130050
-0.162652
0.105646
0.099948
0.143568
-0.047646
-0.097084
-0.070745
0.097534
-0.058047
-0.088540
-0.035490
-0.054087
-0.027490
-0.015949
0.116034
-0.029212
0.064900
0.066553
0.008170
-0.077301
0.040013
-0.143221
0.063599
-0.096519
-0.186064
-0.055247
-0.009978
0.214411
-0.070773
-0.116905
0.055156
0.074951
0.136931
0.198794
-0.158815
0.054206
-0.011745
-0.076696
0.008291
0.181174
0.112259
-0.102377
-0.042623
-0.111094
0.128767
-0.105754
-0.037015
0.045822
0.068502
0.059645
0.064046
0.004344
0.091635
-0.053542
0.098733
0.141255
0.031434
-0.029958
0.022008
-0.088737
-0.042994
-0.117923
0.027515
0.044393
0.067625
-0.081953
-0.006130
0.026246
-0.042505
-0.143132
0.079879
-0.015267
-0.010606
-0.052230
-0.226443
0.067385
0.026975
-0.078007
-0.030787
-0.060099
-0.098302
-0.128869
0.063569
-0.063086
0.048833
-0.008801
0.006005
-0.047494
0.052720
-0.223929
-0.049634
-0.035389
0.109108
-0.098208
0.034536
0.140013
0.254130
-0.046278
0.112955
0.014594
0.094258
0.013857
-0.010175
-0.028519
-0.074211
-0.196476
-0.033812
0.037943
-0.043791
0.083882
0.049467
0.060225
0.150885
-0.110220
0.030608
-0.038943
0.023564
-0.022070
0.117745
0.074564
-0.008415
0.050753
-0.138647
0.061531
0.109077
-0.031928
0.032386
0.204861
-0.012516
0.013042
0.171893
-0.208878
0.124798
-0.082690
0.025210
0.108842
0.048962
0.079236
0.006305
-0.006200
-0.145820
-0.001942
-0.009930
-0.038807
0.027389
0.005555
-0.195619
0.136107
-0.164544
-0.168709
0.067417
-0.133588
-0.039967
-0.151038
0.113900
0.035710
-0.101902
0.046066
-0.014310
-0.049003
-0.064408
0.076630
-0.088736
0.074496
0.139206
-0.041978
0.019041
-0.068127
0.078391
-0.007306
-0.032231
-0.089329
0.007141
-0.025041
0.036491
-0.111380
-0.053505
0.013290
0.115996
-0.259155
-0.364077
-0.200843
-0.130828
0.049306
-0.018087
0.084231
-0.170372
-0.110021
0.051351
-0.152386
0.069814
0.107337
-0.131877
-0.013380
-0.056305
-0.020264
-0.009118
0.078169
0.222150
0.033871
-0.183390
-0.138219
0.129730
-0.196742
-0.029569
0.122977
-0.004248
-0.182618
0.017239
0.180913
0.076302
0.004575
0.021854
0.152987
-0.002506
-0.075627
0.178331
-0.207791
0.278424
0.037624
-0.102208
0.029288
-0.057456
0.203395
0.038868
-0.188999
-0.111556
-0.002174
0.168849
-0.001095
0.059864
-0.132077
-0.029346
-0.161617
0.063873
0.076642
-0.135460
-0.018222
-0.187091
-0.093473
-0.005699
0.032513
0.185243
0.024072
-0.125282
0.010487
0.112575
-0.143510
0.060696
-0.023276
-0.042173
0.210084
0.105575
-0.092658
-0.068535
0.030816
0.275589
0.126548
-0.190386
-0.062516
-0.413220
-0.008078
-0.070820
0.057254
0.174392
0.046070
-0.039251
0.016470
0.177986
-0.053498
0.020823
0.132731
0.128075
-0.022455
-0.077657
0.033336
0.167455
0.000559
0.061329
-0.028528
0.013834
0.029533
-0.309474
0.101116
-0.154639
0.117585
-0.024729
-0.164432
-0.106715
0.068239
0.055033
-0.024654
0.077563
-0.102076
-0.051125
0.159131
0.072270
0.041088
-0.035417
-0.061529
-0.023979
0.081285
0.013707
-0.038283
-0.053553
0.061525
0.054837
-0.008322
0.037532
-0.018060
0.066626
-0.210958
0.014811
-0.036516
-0.052884
-0.027532
0.155048
-0.010879
-0.128526
0.160742
0.023359
-0.087645
-0.263945
0.029962
0.038010
-0.152395
0.130651
-0.103103
-0.035871
0.101271
0.185237
-0.027159
-0.038865
-0.152710
-0.015336
0.086905
0.009022
0.055278
0.086774
0.096319
0.042644
0.123332
-0.020968
-0.089076
0.117310
0.277553
0.046619
0.063724
0.043907
-0.093760
0.007039
0.014091
0.018471
0.096593
0.093943
-0.130809
-0.277751
0.038875
0.082538
-0.160455
0.082737
-0.173990
0.124886
-0.135149
0.102732
-0.083063
-0.220487
-0.075435
-0.016376
-0.044833
0.196506
0.023548
-0.157612
0.131188
0.077532
-0.001509
-0.000868
-0.025868
-0.059546
-0.032671
-0.060041
-0.012699
0.115459
-0.007096
0.121471
0.009817
0.221391
-0.202768
-0.248197
-0.029490
-0.114520
0.106388
0.006374
-0.002427
0.078174
0.106439
0.125952
-0.144932
-0.015162
-0.036469
0.087038
-0.205680
-0.054900
-0.144075
-0.002946
0.083109
0.090527
0.015713
0.086534
-0.215364
0.056355
-0.062761
0.057693
0.076702
0.079805
-0.189816
0.038189
-0.006019
-0.051675
0.052648
0.003416
0.145897
0.009765
-0.039275
-0.012245
-0.138069
-0.062823
0.197786
0.014065
-0.084669
-0.100238
-0.055952
0.123944
0.094703
0.009966
0.139694
0.004125
0.009713
-0.047012
-0.159155
-0.040719
-0.181230
0.041487
0.039390
-0.101429
-0.204132
-0.132422
-0.107779
0.061870
-0.025565
-0.000313
0.091804
-0.068430
0.009577
0.114189
-0.093419
0.058182
0.145964
0.040079
-0.002735
-0.194645
-0.038724
-0.185080
-0.130245
-0.002357
0.090194
-0.048038
-0.113918
-0.018691
-0.116165
0.022087
0.111952
-0.033060
0.211268
0.076513
-0.046624
0.059403
0.065998
0.150349
-0.165030
0.042519
0.054518
-0.018182
0.084800
0.027539
0.124751
-0.189826
-0.090629
-0.092201
0.126974
-0.091664
0.083382
-0.227341
0.020016
0.093020
-0.023358
-0.068511
-0.066807
-0.134018
-0.079291
-0.037483
0.162265
-0.162540
0.018469
-0.000786
0.083510
-0.129917
0.108204
-0.114368
0.044367
-0.046664
-0.060644
0.052807
-0.219938
-0.028205
-0.136020
0.019034
0.136549
-0.004302
0.175185
-0.007165
-0.097030
-0.074769
0.191014
-0.014465
-0.027856
0.094464
0.162166
-0.022739
0.135504
-0.041864
-0.052786
0.006008
-0.127188
0.093476
-0.022634
0.071977
-0.261829
0.054666
0.002365
-0.010099
-0.086641
0.248946
0.042194
0.114730
-0.172582
0.099982
0.035191
-0.063798
0.084981
0.019605
0.091603
-0.053555
0.035658
-0.110425
-0.060961
-0.169293
0.032887
0.088672
-0.127089
-0.128551
0.056934
-0.032741
0.092455
-0.200039
-0.029899
-0.100241
-0.016912
0.032211
0.042892
0.014350
-0.000581
0.047021
0.078747
0.025906
-0.122710
0.055926
0.123881
0.145579
0.031368
-0.053298
-0.038723
-0.078285
-0.044688
-0.071180
0.156397
-0.118311
-0.027538
0.014419
0.137406
-0.025999
0.026976
0.157947
0.140049
-0.053269
-0.043512
0.098953
-0.169987
-0.061840
0.003214
0.005615
0.058935
0.038082
0.003569
-0.145624
-0.063324
0.019232
-0.086430
0.030799
-0.108192
-0.166058
0.058075
0.077440
-0.032589
-0.000907
-0.038317
0.187547
0.042962
0.083380
-0.080917
-0.161509
-0.052318
0.032774
0.015700
0.174804
0.034972
0.066820
-0.019944
0.000938
0.128603
0.161737
0.040221
-0.106002
-0.060948
-0.088692
0.201709
-0.096001
0.123700
-0.053378
-0.013968
-0.115633
0.177996
-0.080961
0.124527
0.124863
0.121504
-0.005664
0.110450
0.067328
-0.257202
0.206538
-0.101478
0.029495
0.033595
0.085661
-0.107788
0.055895
-0.061154
-0.076445
0.130107
-0.252347
0.146067
0.056551
-0.049375
0.092740
0.007641
-0.131278
-0.007244
-0.032467
-0.046433
0.166670
0.187264
-0.126315
-0.071638
-0.029272
0.146561
-0.103615
0.181107
0.082207
-0.142573
-0.012031
0.129539
-0.091829
0.142056
0.100315
0.032536
-0.026439
-0.064759
0.058080
0.062281
0.105435
0.120961
0.057379
-0.161495
-0.045170
-0.018350
0.221127
-0.126484
-0.114192
-0.006973
-0.106524
0.018349
0.149693
0.043083
-0.086661
-0.128793
-0.021010
-0.049825
0.042118
-0.043579
-0.017008
-0.078544
-0.092200
0.007492
-0.101915
-0.006844
-0.150095
0.076104
0.238586
0.044480
-0.020657
-0.008414
-0.027256
0.026280
-0.007001
-0.111338
0.117076
0.091375
0.063558
-0.127385
0.131806
-0.053128
0.032173
-0.156589
0.065221
0.121552
0.145257
-0.015256
0.181643
0.017193
-0.148119
-0.086547
-0.046266
0.108395
-0.177448
-0.103867
-0.043385
-0.025363
-0.005433
0.104087
0.125683
0.015577
0.112776
-0.155440
0.227549
-0.185256
-0.119955
0.010144
0.172563
-0.177888
-0.107980
0.108930
-0.030775
-0.072433
0.025017
-0.036366
-0.045616
0.019512
0.168121
0.175889
0.046098
-0.130065
-0.036646
0.140295
-0.046984
0.086142
0.164845
0.077093
0.035209
0.001756
0.017028
-0.031004
0.064605
0.018298
-0.120025
-0.042240
0.000333
0.055042
0.006131
0.151323
-0.025813
-0.005324
-0.024245
0.180716
-0.008452
0.046510
0.016888
-0.110910
-0.112649
0.064669
0.214356
0.143212
-0.070046
0.040250
-0.015820
-0.049672
-0.053227
0.139779
0.131574
0.063376
0.125527
0.060053
0.012883
-0.239709
-0.062178
-0.201637
-0.081078
-0.017163
-0.091433
-0.067492
-0.097196
-0.006529
-0.033474
-0.085289
0.035739
0.020596
-0.149644
-0.071354
0.099897
-0.063305
-0.077885
-0.213309
0.147398
-0.067855
0.088163
0.071758
0.037670
-0.059049
0.096887
0.093774
-0.031233
-0.008403
-0.007675
-0.147258
0.044816
0.014166
-0.106029
0.119445
0.119375
-0.185295
0.081373
0.041479
-0.065707
-0.023696
0.210846
0.103900
0.130658
-0.037116
-0.023659
0.110885
0.040274
-0.065476
-0.018104
-0.202855
0.006617
0.024160
0.126957
-0.061250
-0.036819
-0.121310
0.107789
0.018760
0.122355
-0.073495
0.072662
-0.033354
0.108812
-0.028864
-0.133509
-0.074938
-0.133784
0.028803
-0.011148
0.160035
-0.010954
0.246152
-0.038141
-0.143897
-0.034227
-0.000240
0.241827
0.101334
-0.179944
-0.022256
0.015418
-0.012380
0.026137
-0.010910
-0.065657
-0.007477
0.117027
0.084797
-0.008611
0.088199
-0.032974
0.043873
0.062526
0.052415
-0.067447
0.020725
0.115329
-0.049294
-0.119596
-0.010714
0.082867
0.099878
-0.209723
-0.021873
-0.063900
-0.046106
-0.079426
0.089971
0.072175
-0.042900
0.036780
0.172207
-0.103421
0.005666
-0.112229
0.088886
-0.039221
0.111317
0.198426
0.090579
-0.013716
0.079706
0.210177
0.103077
0.192439
-0.051797
0.057192
-0.051041
-0.188051
-0.051556
0.084637
-0.131078
-0.053640
0.014760
0.036349
0.064847
0.066166
0.027906
0.059968
-0.000405
-0.052440
-0.109664
0.004320
-0.057839
-0.054976
-0.160232
-0.045193
0.077951
0.091077
0.130857
-0.007908
0.038550
0.194194
0.077475
0.141068
-0.029308
-0.343894
-0.143777
-0.048069
-0.122180
-0.139418
0.049290
-0.047874
-0.011457
-0.011558
-0.049329
0.038299
0.134114
0.045715
0.026743
0.026179
0.126487
-0.090097
-0.043393
-0.038586
-0.004649
-0.040927
0.051787
-0.115980
-0.078352
0.204225
0.134768
0.003928
-0.013901
-0.022016
0.035410
0.091749
-0.025501
-0.021853
0.223992
0.099980
0.142891
-0.090310
-0.072669
0.024095
0.090766
-0.084080
0.112588
-0.119244
0.039643
0.216595
0.101750
0.037881
0.132732
0.210258
-0.009053
-0.171477
0.059094
0.028527
0.018557
-0.075323
-0.259979
-0.108033
0.048093
0.006927
0.112638
-0.065565
-0.144560
0.078667
-0.096015
0.184045
-0.018220
0.056711
-0.042061
-0.217092
0.091123
-0.085256
-0.004221
0.128438
0.012013
-0.092974
0.022340
0.101335
-0.198082
-0.130827
0.032438
-0.005745
-0.069712
-0.101572
0.121173
0.085708
0.124431
0.046176
-0.087658
-0.155451
-0.018168
-0.013637
0.088074
0.004125
0.007463
0.018493
0.055956
0.006510
-0.071533
-0.095080
-0.026625
-0.054912
0.028871
0.055525
0.157947
0.061364
-0.146795
0.112876
0.001193
0.043218
0.085153
0.217489
-0.071536
0.134775
0.003539
-0.034956
0.007160
-0.100277
-0.077112
0.013325
-0.186208
-0.219460
-0.041250
0.167017
0.108824
0.014319
-0.133042
-0.064542
0.037394
-0.060104
-0.065104
0.087703
-0.013885
0.107896
-0.070795
-0.123921
-0.125978
0.045319
0.071409
0.221983
-0.009090
0.095520
-0.298106
-0.066784
-0.124244
-0.017675
-0.103289
0.009511
0.145603
0.114204
-0.023564
-0.085521
0.045918
0.051746
0.038151
0.037761
-0.012692
-0.048110
0.059571
-0.085419
0.053039
0.031461
0.046739
0.002473
0.186924
-0.100035
0.088130
-0.052143
-0.055097
0.003870
-0.089657
0.028225
0.003395
0.079512
-0.074781
0.214353
0.037711
-0.092812
-0.096092
-0.121335
-0.092512
0.127698
-0.030211
-0.089753
-0.007117
-0.092403
0.121404
0.079752
-0.013123
0.019437
0.022997
0.010453
-0.136306
0.030245
0.012742
0.089263
-0.227048
0.014516
-0.018423
0.053217
0.027670
-0.090626
-0.033220
-0.104389
0.066171
0.085330
0.060979
-0.045831
0.038609
0.108316
-0.121740
0.083287
-0.071379
0.193207
0.045478
-0.011876
-0.098065
0.242027
-0.118032
-0.132378
0.021462
0.113409
-0.113763
0.031828
-0.139008
0.105015
0.037487
0.139066
0.084422
-0.024906
0.069899
-0.018798
0.096605
0.192646
0.032676
-0.090248
0.045579
-0.063214
0.025193
-0.036176
-0.086180
-0.085204
0.035353
-0.016610
-0.045661
0.167325
0.190312
-0.078219
-0.118921
0.057974
0.075845
-0.022753
0.048773
0.222188
-0.060152
0.048022
-0.094575
0.036101
-0.038528
-0.048444
0.078152
-0.196258
-0.039329
-0.089748
-0.024870
-0.122179
0.002957
0.166796
0.100371
0.039783
-0.037827
-0.046684
0.086035
0.065020
-0.144373
0.031428
-0.024649
0.027976
-0.108542
0.193159
0.015801
-0.034183
-0.083831
0.021838
0.051800
-0.066838
0.155689
-0.030495
-0.054590
0.090313
-0.045598
-0.077349
0.023377
0.117170
-0.084317
-0.039679
-0.138038
0.015460
0.077774
0.057297
-0.149287
0.237821
-0.090080
-0.060290
0.005454
-0.033187
-0.188173
-0.146541
0.028159
0.039569
-0.152009
0.078653
-0.058849
-0.011982
-0.039637
0.067915
-0.032194
-0.096131
0.008806
-0.114157
0.038924
0.138198
0.000849
-0.221931
-0.014970
-0.051841
0.138291
0.070801
0.116937
-0.229361
-0.132903
-0.030433
0.015533
-0.080166
0.007832
-0.089738
-0.234152
-0.147747
-0.010568
0.012201
-0.144044
-0.042863
0.102573
0.083802
0.145391
-0.242596
0.189429
0.048888
0.080784
-0.059648
0.051407
0.032475
0.072047
0.287539
0.051266
-0.114904
0.154369
-0.028653
-0.129105
0.103544
-0.009815
0.059575
0.174850
0.085115
-0.077713
-0.062979
-0.031752
-0.023099
-0.096281
-0.030893
-0.026206
-0.131486
0.086752
0.056063
-0.151368
-0.007342
0.023379
0.190205
0.068790
0.078845
0.023602
0.077038
0.189866
-0.089736
-0.243055
-0.073841
-0.126843
-0.181671
-0.052103
0.119944
0.030015
-0.054650
-0.056101
0.003237
-0.069591
0.020203
0.101096
0.062221
0.061636
-0.132116
0.061246
0.087303
-0.000565
0.058607
-0.107293
0.192202
0.136188
-0.118617
0.076313
0.086450
-0.020214
0.016975
-0.128665
-0.050719
-0.127435
0.108915
0.105376
0.044022
-0.092056
0.048422
-0.008015
0.158131
0.021434
0.048969
-0.064517
0.060318
-0.030219
-0.015544
-0.162075
0.127041
-0.209152
-0.079728
0.173387
-0.088968
0.080486
-0.022196
-0.084072
-0.096944
0.031398
-0.032729
-0.000126
0.001323
0.020430
-0.222630
0.064121
-0.131583
0.116058
0.029462
-0.052003
0.005030
-0.067244
-0.004959
0.056670
-0.062481
0.298623
0.008120
0.165433
0.001617
0.068122
0.156118
0.039347
0.121212
0.132023
0.059170
0.159315
-0.076156
0.030465
0.183683
-0.095170
0.044884
0.116193
0.018173
-0.138324
-0.296770
-0.085166
0.194430
-0.025965
0.217791
0.046657
-0.129561
-0.009570
0.064899
0.052970
-0.004966
0.038318
0.122762
-0.065743
-0.090805
0.037459
-0.034498
-0.014376
-0.175615
0.026338
-0.033121
-0.036215
0.049449
-0.086482
0.026699
-0.032763
0.057565
-0.048544
-0.222379
-0.053467
-0.051453
-0.131151
-0.022915
-0.163114
-0.002010
0.080612
0.084116
-0.067806
0.067552
0.081156
-0.107645
0.174569
0.051596
-0.094748
-0.105954
-0.024731
0.014022
0.019108
-0.048506
-0.061682
-0.055377
-0.025429
0.013352
-0.001864
-0.010743
-0.078029
-0.028317
0.007278
0.137306
0.101368
-0.033469
0.076332
0.133498
0.031063
0.003566
-0.059455
-0.006013
-0.210363
0.031793
-0.070366
-0.207984
-0.125622
0.039013
-0.274102
0.124105
-0.023257
0.072100
0.093011
0.018513
-0.154627
-0.112048
-0.008324
-0.085279
0.078898
0.008390
0.173149
0.060390
-0.067282
-0.094786
-0.025807
-0.025731
-0.151953
-0.145970
-0.098178
0.063562
0.014531
-0.037908
0.115607
-0.001434
0.168815
-0.079091
-0.037264
0.094691
-0.052943
-0.055147
-0.039726
0.069755
0.024478
-0.019315
-0.029654
0.039851
-0.169268
0.021492
0.127739
0.102486
0.031726
-0.046683
0.197748
0.094117
-0.130977
-0.053838
0.022001
-0.026544
-0.292621
0.130543
-0.027699
0.068835
0.018102
0.105829
0.031986
0.006665
0.188525
-0.016957
-0.011249
-0.157909
-0.114075
0.055300
0.128901
0.120574
-0.036577
0.042977
0.169706
0.069893
-0.002777
0.082175
-0.147629
0.082247
0.137809
0.128377
0.013507
0.018311
0.098974
0.084047
0.127618
0.034559
-0.105524
0.052266
-0.038378
-0.115560
0.041640
-0.045079
0.056338
0.065513
0.071606
-0.053862
0.191823
-0.047547
0.034546
-0.039492
-0.095342
0.103800
0.025791
-0.021341
0.002370
-0.073820
-0.104802
0.094452
0.019411
0.112070
-0.107782
-0.099853
-0.045243
-0.087798
-0.061530
0.022893
0.065039
0.041828
0.011409
0.004807
-0.035798
-0.079587
0.108002
-0.056885
0.011208
-0.086178
-0.215342
-0.018653
-0.122953
0.019868
0.049240
-0.099034
-0.002016
-0.018441
-0.146481
-0.053023
0.064923
0.064662
0.013812
0.205386
0.078270
0.044058
-0.013059
0.065421
0.171278
0.041745
0.009216
-0.093537
-0.047271
0.013555
-0.011202
-0.009593
0.110998
0.124912
0.087678
-0.025057
0.059070
-0.048813
0.037040
0.139349
-0.137911
-0.112246
-0.073535
-0.010776
0.028403
0.065437
-0.200151
-0.083526
-0.008575
0.052138
0.047223
0.041857
-0.233617
-0.070429
0.064115
-0.067731
-0.010972
-0.122851
-0.079312
-0.051345
-0.101059
-0.153623
-0.103448
0.035613
0.018465
0.047441
0.163023
-0.127052
-0.036447
0.092932
0.117797
-0.007549
0.163832
-0.012476
0.119688
0.028637
0.032612
-0.010765
0.034918
-0.007023
-0.072351
0.100843
0.057884
-0.154637
0.045561
-0.156876
0.060814
-0.318432
0.095406
-0.011683
-0.109519
-0.100884
-0.024795
0.134046
-0.102218
-0.058554
0.024305
-0.083311
-0.009420
0.058799
0.175511
0.044402
-0.132896
-0.006548
0.122545
0.107081
0.096066
0.003194
-0.215920
-0.064428
-0.195783
-0.137971
-0.067466
-0.057445
-0.071153
0.114751
0.023795
-0.024100
0.081774
0.105862
-0.049988
0.170952
-0.076997
0.013975
-0.034651
-0.056451
0.029698
0.128234
-0.035171
-0.127802
0.066810
0.030861
-0.043085
-0.091707
0.050017
-0.074781
-0.046520
0.061393
-0.218739
-0.008129
0.088416
0.204511
-0.012298
0.105648
0.146083
0.048689
-0.068980
-0.079056
0.100488
0.255854
-0.063479
0.018551
-0.154660
-0.162162
-0.075620
-0.071726
-0.050745
0.069400
0.117804
-0.025065
-0.101296
0.206396
-0.024425
0.025901
-0.103048
-0.133731
-0.122888
0.193964
0.085391
0.042762
-0.059832
0.148496
-0.001370
-0.012109
0.042383
0.019480
0.064406
-0.031236
0.040163
-0.005434
0.007683
0.034884
0.076037
-0.131532
-0.106986
-0.012570
0.007910
0.002839
0.057082
-0.189676
-0.089280
0.004361
-0.123302
-0.072198
-0.270467
-0.040573
0.062242
0.032040
-0.097035
-0.072168
-0.073708
0.293582
-0.000361
0.018987
-0.138165
-0.034317
-0.026784
-0.128605
0.092998
0.233597
-0.188281
-0.172701
0.072930
0.098384
0.013268
-0.064186
0.027129
0.030675
-0.048746
-0.208795
0.147013
0.043862
0.086196
0.068056
-0.029495
-0.111910
-0.187807
0.128372
0.022828
-0.007854
-0.023943
0.073089
0.071617
0.000244
0.084528
-0.033186
-0.127923
0.034149
0.106924
-0.091846
0.075256
-0.036760
0.042677
-0.178240
-0.007414
-0.090855
0.006373
-0.114514
-0.097890
-0.273655
0.025399
-0.041979
0.211608
0.030510
0.067627
0.087787
-0.204448
-0.023955
0.073858
-0.072491
0.112098
0.086160
0.002975
0.017119
-0.058045
-0.084709
0.050169
0.124329
0.023741
0.023948
0.058243
-0.011260
0.155106
-0.042851
-0.063286
-0.046865
-0.045634
0.073315
-0.004974
-0.034491
0.041533
0.095700
-0.078247
0.105872
-0.032593
-0.168271
0.033523
-0.040281
-0.042449
-0.109654
-0.083940
-0.067057
-0.171127
-0.055648
0.057419
0.012975
-0.016907
0.039328
0.100670
0.094558
0.056790
0.043843
0.158136
-0.044222
-0.063034
0.084297
-0.072840
0.057418
-0.087574
-0.012480
-0.107065
-0.005259
0.107900
0.071562
-0.125451
-0.124872
0.105743
0.036785
-0.035414
0.037458
0.141657
-0.081822
0.008147
0.071052
0.114122
0.072179
-0.054670
0.162695
0.014437
-0.131459
0.138647
-0.023208
0.143802
0.090361
0.090175
-0.204836
0.090589
-0.120545
0.048719
0.112608
-0.106571
0.162903
-0.053981
0.127328
-0.034745
0.072542
-0.046148
-0.267491
-0.100624
0.001510
0.069359
0.113174
-0.065130
-0.033412
-0.103376
-0.188171
0.077078
-0.052232
-0.028690
-0.185209
-0.013345
0.188007
0.126822
0.131275
-0.110850
0.095757
-0.188843
0.093702
0.072797
0.009301
-0.076153
0.010970
0.164222
-0.139755
0.083920
0.027621
0.045760
0.096036
0.110219
0.067045
-0.103896
-0.075497
0.008855
0.021087
-0.044275
-0.031590
0.059911
-0.086035
0.087029
0.165805
0.065385
-0.103295
0.176078
-0.087166
-0.011616
-0.128679
0.013639
0.099753
-0.131982
0.120219
-0.037803
-0.037764
-0.164583
0.059236
-0.045594
-0.137908
-0.007457
0.022698
-0.139981
0.131502
0.056755
-0.108238
0.034011
-0.114087
-0.017288
-0.183227
0.013240
0.110797
0.064303
0.101463
-0.155001
-0.016741
-0.074097
0.091085
-0.210951
-0.142790
0.057808
0.034512
-0.038881
0.074970
0.117070
-0.061856
-0.091412
0.136348
0.187244
-0.139507
0.021412
-0.169252
0.030737
0.071580
-0.021927
0.081396
-0.239228
0.057115
-0.076160
0.128264
0.016753
0.056327
-0.037258
0.084848
-0.029249
0.119245
0.078580
0.031385
0.113629
-0.161665
-0.037802
-0.259614
-0.099693
0.128584
-0.163953
-0.074127
0.032272
-0.081599
-0.014563
0.027303
0.010747
0.016252
0.138827
-0.024323
-0.107682
0.052542
-0.089200
-0.062804
-0.115136
-0.198240
-0.195242
-0.043962
0.134516
-0.022374
-0.136469
-0.084993
0.126870
-0.137229
0.181831
0.003792
0.052235
-0.011990
-0.105751
0.154847
-0.220258
-0.094799
-0.065289
-0.003572
0.005941
-0.169313
0.059553
0.024947
-0.132836
0.090239
-0.148278
0.048508
-0.079456
-0.117433
-0.079160
0.095212
-0.073945
0.024639
0.045072
0.111885
-0.062122
0.114895
0.071499
0.011872
0.001801
0.060559
0.105051
-0.070907
0.089871
-0.103670
0.032760
-0.180253
-0.166049
-0.228305
-0.065409
0.021077
0.073991
-0.070524
-0.112632
0.037328
0.098714
-0.100084
0.169313
0.013088
-0.038709
0.030642
0.042656
0.004710
-0.127870
0.139383
-0.049122
0.017247
-0.142668
-0.004854
-0.003592
0.021034
0.126260
-0.081304
-0.102120
-0.057742
0.008944
0.165084
0.161379
0.166898
-0.020875
0.132579
0.015400
-0.000047
0.160401
0.050359
0.093099
-0.015304
0.010490
-0.192315
-0.070655
-0.063929
0.099584
-0.011053
0.012538
-0.044148
-0.026759
-0.135178
-0.091333
0.021025
-0.089186
-0.182332
-0.186867
0.045263
-0.129941
-0.139671
0.084022
0.177096
-0.004521
-0.075037
0.156160
0.004121
0.152347
-0.038022
-0.101623
-0.098922
0.035708
0.018026
0.061744
-0.010352
-0.065245
0.122389
0.010348
-0.033176
-0.001291
-0.062254
0.099066
0.005739
-0.200273
-0.225630
0.193509
-0.047367
-0.018028
0.120677
0.093016
0.027803
-0.042487
0.026048
0.059013
-0.099549
-0.037876
-0.041850
-0.028358
0.014969
-0.155709
0.147739
0.028295
0.035276
0.031923
0.077879
-0.045125
-0.002545
-0.116731
0.005239
-0.001099
-0.073268
-0.109965
0.057000
0.007994
-0.155138
-0.012695
0.083355
-0.007092
0.003271
0.086914
-0.057148
-0.087762
-0.052583
-0.023616
-0.015455
-0.006903
0.014262
0.002378
-0.085391
0.060802
0.015208
0.270443
0.071849
-0.028039
0.096939
0.225533
-0.088922
0.135908
-0.026109
-0.061286
-0.069480
0.147757
0.051668
-0.061991
0.061225
-0.013568
0.017269
-0.013871
0.070072
0.033642
0.001195
0.099737
-0.015446
-0.105822
-0.096395
0.005154
0.107284
0.006748
0.011941
0.182974
-0.221800
0.103857
0.089380
0.129065
-0.152617
0.118989
-0.042626
-0.089523
0.141620
0.089771
0.264153
0.092157
0.123311
-0.261717
0.098109
0.017472
-0.186106
-0.141885
-0.132539
0.083447
-0.052137
0.017227
-0.181965
-0.081018
-0.169897
-0.034258
0.125364
0.003627
0.011781
-0.193997
0.024786
-0.290122
0.068726
-0.066334
0.056105
-0.067497
0.051301
0.075874
0.023040
0.158662
0.050571
0.033286
-0.008952
-0.089282
-0.219279
0.134656
-0.120317
-0.116801
0.012543
0.104225
-0.004226
0.005606
0.266055
-0.056622
0.145723
0.024477
0.086088
-0.071379
0.005829
-0.013162
0.021859
-0.204729
0.082731
0.066622
0.004402
-0.124498
0.010585
-0.000473
-0.025259
-0.210738
-0.006228
0.007699
0.125124
-0.188434
-0.141331
-0.045105
-0.071509
0.014189
-0.034467
-0.163438
-0.031692
-0.045894
-0.052226
0.072635
-0.007009
-0.051702
0.152467
-0.010842
-0.010659
0.093965
0.025482
0.158951
0.102130
-0.000740
0.092526
0.052399
-0.095242
0.001145
0.028827
0.056293
0.064662
0.043581
-0.060456
0.161036
0.083618
-0.146640
0.158146
-0.062899
-0.117838
-0.082842
-0.073639
-0.023831
0.087884
-0.031930
-0.126248
-0.013390
0.100495
0.107890
-0.007209
0.161110
-0.143277
-0.278099
-0.029651
0.008536
-0.058288
0.030615
-0.054666
-0.021493
0.008546
0.177036
0.096732
0.107180
-0.016357
0.121048
-0.015330
0.145464
-0.169557
0.159519
-0.000232
-0.007224
-0.110916
0.015992
-0.090885
0.063794
-0.059998
0.129502
0.142889
0.073734
0.075448
0.051534
-0.009884
-0.032482
-0.038680
-0.151485
0.011300
0.019413
0.097870
-0.021276
0.000552
-0.063958
-0.076036
0.018503
0.180161
-0.133861
-0.017703
0.189397
0.032744
0.051558
0.130139
-0.054459
0.016044
-0.083530
-0.053290
-0.113679
0.109941
0.059963
0.004759
0.091057
-0.086770
0.047368
-0.020445
0.044416
0.093232
0.030598
-0.149339
0.019501
0.026309
-0.098928
-0.073577
0.042644
0.023053
0.016161
-0.162775
-0.032220
0.141125
-0.139396
-0.146253
-0.046650
-0.052681
-0.121566
-0.131720
0.034233
-0.044017
0.067385
-0.073846
0.091297
0.198491
-0.051457
0.045699
0.032577
-0.159053
0.124882
-0.066537
0.096389
0.124578
0.067265
0.080196
0.201110
-0.012082
0.009654
-0.020340
-0.055999
-0.039810
0.113018
0.007770
0.122172
-0.038765
0.042467
0.152219
0.033797
0.116167
-0.110174
0.104089
-0.020974
-0.005552
-0.052476
0.022592
0.036521
-0.108113
0.070707
0.111078
-0.238512
0.042412
0.052567
-0.001518
-0.206399
0.109008
0.267769
-0.127272
-0.033572
-0.009209
0.016979
0.076462
-0.017409
0.142040
-0.080065
0.072724
0.025286
-0.077514
-0.042100
-0.023807
0.083891
0.089957
-0.174791
0.015140
0.051136
0.207556
-0.070830
-0.175326
-0.158730
-0.002491
-0.011688
0.031157
0.094228
0.106347
0.210002
-0.042864
-0.013343
-0.051767
-0.069636
-0.013831
0.219183
0.036053
0.155073
-0.049760
-0.083416
-0.109889
0.134691
0.075826
0.049266
-0.014399
-0.023488
-0.075706
-0.148625
0.148833
0.140322
-0.041968
0.017992
-0.091791
-0.132016
-0.136383
0.026011
-0.010594
0.098626
0.082370
-0.042373
-0.070567
0.252143
-0.119808
0.163930
-0.165845
0.094915
-0.075690
-0.014620
0.110710
0.063540
-0.018005
0.099627
0.055788
0.005912
-0.055014
0.201999
-0.132963
0.011228
-0.062400
0.056668
0.066936
0.064227
-0.118287
-0.021903
0.049678
-0.174684
-0.073412
0.191368
0.014159
-0.011324
-0.072807
0.027980
0.038062
-0.069496
-0.022892
-0.058846
0.045037
-0.094934
-0.083077
-0.006495
-0.050128
0.050853
0.085163
-0.027079
-0.007220
0.055236
0.056993
0.191675
-0.247657
0.177247
0.032020
-0.088687
0.071728
-0.094735
-0.025109
0.084483
-0.085558
0.144920
0.072970
-0.094613
0.012037
0.004323
0.070874
-0.003402
-0.081388
0.028892
-0.077819
0.110746
0.130846
0.204721
-0.237769
0.196266
0.004156
0.068061
-0.038800
0.157923
0.089728
-0.115375
0.066482
-0.119200
0.104196
-0.064741
0.020122
-0.005877
-0.020769
0.279934
0.053002
-0.078437
0.077219
-0.040407
-0.029033
0.030008
0.024157
0.071617
-0.018884
0.039623
0.187454
0.192261
0.060269
-0.035067
-0.147851
0.046920
-0.121309
-0.110016
-0.069568
0.145309
-0.033827
-0.105808
-0.017511
0.055307
-0.107345
-0.078815
-0.017677
0.101984
-0.010043
-0.101977
0.111540
0.037926
-0.020297
-0.040667
-0.071780
-0.022821
0.141814
-0.133855
-0.074227
0.061413
-0.057167
-0.098980
0.166249
0.221267
0.037637
0.106527
-0.062743
-0.024354
0.068013
-0.028481
-0.021551
0.101806
0.062420
-0.014721
0.106082
0.225206
-0.079545
0.139158
0.127530
-0.013533
0.050620
-0.053028
0.108377
0.228913
0.096959
-0.086476
0.090225
-0.048730
-0.017337
0.034354
0.010894
0.006561
-0.035575
-0.019813
0.015526
-0.273160
0.053096
0.019024
0.120380
0.148311
-0.003391
0.081309
-0.021108
0.032796
-0.103215
0.084403
-0.176738
-0.117193
-0.207337
0.033657
-0.034055
0.104733
-0.042481
-0.026286
-0.082451
-0.079389
0.035126
-0.103551
-0.074305
0.124578
0.146839
-0.048459
-0.208609
0.033200
-0.101558
-0.034625
0.016047
0.033197
0.088265
0.004087
0.014808
-0.076088
0.041661
0.040170
0.102891
-0.106328
-0.019297
-0.017761
0.053732
0.269475
-0.085384
0.079072
0.132954
0.138775
0.133849
0.041082
0.062137
0.051955
0.034657
-0.160782
0.038092
0.026357
0.019075
0.136870
0.083292
0.043848
-0.056543
0.037116
0.046656
0.079548
0.123932
0.075042
-0.001609
-0.061896
0.026601
0.125070
-0.043518
-0.153360
-0.125085
-0.094935
-0.033186
-0.011943
0.180960
-0.129242
0.035496
-0.150725
0.148502
-0.043616
0.091183
0.056042
-0.003583
-0.125006
0.040451
-0.139498
-0.044381
0.115920
-0.172550
0.051184
0.027216
-0.025106
-0.023433
0.038099
-0.124671
0.076297
0.029906
-0.068865
0.114894
0.177392
0.111469
0.000172
0.029952
0.132001
-0.109816
0.104219
-0.040221
0.022628
0.016301
0.030623
-0.095932
0.114180
-0.131092
0.077096
0.125238
0.064083
-0.075830
0.089108
-0.078819
-0.096698
0.132705
0.051110
-0.223459
0.115826
0.087530
0.039918
-0.044122
0.022644
0.036273
0.118941
-0.003791
-0.218493
-0.012102
0.026132
-0.005383
-0.046105
0.174903
0.096248
-0.030079
-0.052755
-0.179913
-0.019138
-0.162990
-0.057908
0.080725
-0.020628
-0.020892
-0.085428
0.057140
-0.050303
0.188176
-0.063304
0.030373
-0.088821
0.154395
-0.183901
-0.104937
0.058806
0.077107
-0.029185
0.270119
-0.147777
0.082767
0.052069
0.124874
0.127173
0.006071
-0.140280
-0.096037
-0.114743
0.075775
-0.070561
0.078955
0.020567
0.077217
0.003874
0.191737
0.031428
-0.015101
-0.115129
-0.044554
-0.016194
-0.167150
0.034806
-0.008740
0.009606
0.176660
0.151257
-0.049023
-0.027996
0.026013
0.061921
-0.090222
0.119510
-0.044468
-0.063725
0.137550
-0.006052
-0.145263
-0.108716
0.122285
-0.007148
-0.055185
-0.034625
0.165281
0.057197
-0.004058
-0.033269
-0.014416
-0.174228
0.072689
-0.119884
-0.043259
0.046146
0.143943
0.190304
0.021746
0.122557
0.074044
-0.270219
-0.105728
-0.049711
-0.018178
0.116653
-0.030122
0.008642
-0.125882
0.148935
-0.050446
0.140513
0.195952
0.130589
0.000474
0.041434
-0.066657
0.124388
0.064580
0.093828
-0.083931
-0.010356
-0.129389
0.122405
-0.048451
0.126616
-0.187654
-0.114254
-0.034754
-0.173837
-0.033067
-0.021694
-0.059746
-0.036775
-0.093106
-0.101617
0.129007
-0.006083
0.037245
0.089637
-0.060898
-0.011629
0.120209
0.074835
-0.025584
-0.031230
0.062955
-0.097757
0.084062
0.084724
0.217024
0.120514
0.174116
-0.009917
-0.018421
-0.029544
-0.073623
-0.195476
0.015829
-0.157479
0.090087
-0.114037
0.183714
0.087051
-0.078272
-0.118033
-0.064141
-0.059093
0.113230
-0.007857
-0.013603
-0.003968
0.088756
0.004308
0.000848
-0.008793
0.012284
0.130599
-0.021543
-0.115402
0.091796
0.140298
0.080357
0.018480
0.020625
-0.148622
0.063752
-0.125095
-0.252611
0.094155
-0.094198
-0.001790
-0.006739
-0.097004
0.182314
0.032503
0.173451
0.032954
0.012459
-0.011237
-0.065197
-0.070718
-0.139280
-0.065588
0.000621
-0.018518
0.100351
0.055849
0.083858
-0.036883
-0.116504
-0.032186
-0.071998
-0.048258
0.066446
-0.031759
0.003332
-0.094836
-0.036038
0.035247
0.200604
-0.018431
0.041828
0.084364
0.077550
0.159754
0.205383
-0.146453
-0.183621
0.069228
-0.044614
0.044254
-0.013821
0.135935
0.092294
-0.097879
-0.152026
-0.187362
-0.170816
-0.111216
0.009662
0.066954
0.067543
-0.051018
-0.117165
-0.011013
-0.156896
-0.059721
-0.044957
0.061161
0.000724
-0.018260
0.139428
-0.074381
-0.015600
-0.122004
-0.114744
0.009397
-0.126113
0.128280
0.211608
0.003231
0.043896
0.179064
-0.138781
0.074817
-0.007061
-0.117751
-0.127330
-0.168970
0.089087
-0.191979
0.168520
0.085038
-0.029268
-0.046940
-0.084456
-0.014862
0.103415
0.121219
-0.281782
-0.214817
-0.071058
0.016499
-0.085754
0.076259
-0.098076
-0.050173
-0.099402
0.085818
0.042485
0.072731
0.057427
-0.079700
-0.013853
-0.086033
0.046215
-0.031581
0.000111
0.131508
-0.200215
-0.043159
0.118091
0.003266
-0.126104
-0.054257
0.001219
0.036174
0.059790
-0.046011
-0.086691
0.120513
0.018385
0.114744
-0.011980
-0.048138
-0.064026
0.126058
0.042951
0.067384
0.033249
0.065648
0.071061
0.254148
-0.110307
0.282514
-0.089585
0.051043
0.127822
-0.015298
0.023211
-0.024283
-0.241074
0.061306
0.148240
-0.074527
0.155309
-0.143261
0.130676
-0.014080
-0.095421
0.042886
0.092325
-0.006041
-0.093801
-0.155283
0.288845
-0.075141
0.008664
-0.099623
0.014528
-0.014192
0.000708
-0.068796
0.195781
0.053427
0.084786
-0.178882
0.036470
0.021044
0.088592
-0.048479
0.038873
0.095060
-0.069082
0.004750
0.202323
-0.170708
0.019116
0.092951
0.227138
0.036790
-0.050492
-0.248876
-0.069385
-0.095393
-0.081115
-0.008593
0.074552
0.118835
0.122764
-0.033425
-0.057148
-0.054566
0.259434
-0.011207
-0.033491
0.001167
0.007221
0.147072
-0.045391
-0.015822
-0.038583
0.149867
-0.001475
-0.225271
0.023765
-0.090917
0.129919
0.038854
-0.054562
-0.110799
-0.057997
-0.235767
0.109555
-0.126592
0.030174
0.099246
-0.100774
-0.064983
0.096854
-0.034490
0.170851
-0.037862
-0.122034
-0.033093
0.131876
0.036084
-0.043598
-0.073043
0.143577
-0.177109
-0.131441
-0.127027
0.129039
-0.060424
0.034673
-0.007641
-0.041017
0.153827
0.033412
-0.089038
-0.121763
-0.018759
-0.126966
-0.101066
-0.136701
-0.185984
-0.055451
-0.203335
0.097763
-0.022117
0.051438
-0.089894
0.076671
-0.046587
-0.084886
0.280481
-0.072974
0.033647
-0.034434
-0.187710
0.062425
-0.053255
-0.024400
-0.059210
0.031876
-0.082289
0.144591
0.023104
0.070977
0.262818
-0.005349
-0.069428
0.068495
-0.149482
-0.197748
-0.060716
0.074180
-0.077968
0.010374
0.011769
0.115884
-0.023137
-0.133213
-0.142480
0.048132
-0.014585
-0.027115
-0.025255
-0.010793
0.047493
-0.015736
0.028705
0.259407
-0.083497
-0.063062
0.006851
0.076493
0.112393
-0.027434
-0.030633
-0.009658
-0.143318
0.042651
-0.123844
0.193563
0.196955
-0.113651
0.029989
-0.136351
-0.148752
-0.047923
0.196306
-0.007164
-0.220542
0.162902
0.112725
-0.016306
-0.095826
0.038658
0.156933
0.052989
0.029902
0.096126
0.014156
-0.048692
0.040762
0.195351
-0.107921
0.031705
0.051001
0.021064
0.060103
0.220349
0.026472
-0.152154
-0.088316
-0.019590
-0.054578
-0.017198
0.097278
0.028188
0.080839
-0.000548
-0.049065
0.117600
0.029996
-0.008460
-0.016541
-0.073455
-0.081340
-0.040410
0.012900
-0.094996
0.022731
-0.215626
-0.039406
-0.087601
-0.045710
0.044486
0.137898
0.153528
0.023436
0.014203
0.022674
0.064071
0.026421
0.006466
-0.127161
-0.041436
0.075856
-0.100341
0.112556
0.037355
-0.036153
-0.066848
-0.180866
-0.235040
0.029107
0.080139
0.107208
-0.161118
0.008337
-0.025161
0.029341
0.001628
0.031087
0.094632
0.255498
-0.054765
-0.057250
0.003808
-0.078564
-0.057937
0.046841
-0.061256
-0.091884
-0.179096
0.017008
-0.099716
-0.059621
0.160001
0.326246
-0.113118
0.238542
0.045722
0.038081
-0.051526
-0.105662
0.180108
0.130262
-0.133840
-0.089799
0.072436
0.095733
0.022650
0.053594
-0.093402
0.013583
-0.090383
0.035820
-0.115404
-0.081007
0.027739
-0.055224
0.107619
0.034929
0.068736
-0.005339
0.083176
0.065237
-0.035222
0.004210
-0.163235
0.107983
-0.075978
0.239642
-0.006077
-0.223837
-0.190651
0.020291
0.105238
0.028278
0.024427
-0.048204
0.095886
-0.072252
0.040067
0.024771
-0.096981
-0.043374
-0.045861
0.070420
0.086765
0.037663
0.165325
-0.001287
-0.037675
-0.041355
0.115689
-0.119915
0.012005
0.033251
0.053519
-0.047213
0.021379
-0.161210
0.023670
-0.047076
-0.046449
0.022470
-0.097313
0.043308
0.006948
-0.019664
-0.117195
0.214265
0.028065
-0.131342
-0.036867
0.045918
-0.020123
-0.070953
-0.123553
0.075159
-0.152800
-0.092494
-0.045263
-0.194583
-0.018897
-0.033858
-0.026444
0.008319
0.064917
-0.150981
-0.128799
0.150999
0.065081
-0.203905
0.131137
0.032335
0.075810
0.266985
0.149810
-0.202812
-0.017284
0.028149
-0.030222
-0.026577
0.088924
0.128529
-0.158148
0.130947
0.017983
-0.233031
-0.121346
0.042283
-0.032549
0.092355
0.109769
0.157891
-0.159379
0.057651
-0.028677
0.218144
0.101028
-0.102758
0.043467
-0.079464
0.099349
-0.031191
0.051817
-0.011866
0.021022
-0.112374
-0.047113
-0.006680
0.000955
0.017658
0.043374
0.094306
-0.017831
0.059711
0.112902
-0.135298
0.140147
-0.036108
0.145032
0.224736
-0.225916
0.106150
-0.106395
0.063061
0.059302
-0.117220
0.044438
-0.040355
-0.097562
-0.177491
-0.002896
0.060208
0.012915
-0.171771
0.148275
0.203262
0.090109
-0.038148
0.042879
0.034288
0.090710
-0.082161
0.001570
0.163718
0.086170
-0.234862
-0.222530
0.111879
-0.090325
0.153398
0.069615
-0.059304
-0.082685
0.038525
0.074092
0.061896
-0.003687
0.077937
0.024938
0.001401
-0.097245
0.138094
-0.048700
-0.115140
0.000322
0.066251
0.138982
0.027878
-0.033661
0.113417
-0.099529
-0.005762
0.114968
-0.064441
0.108620
0.026746
0.074364
0.040742
0.075368
-0.078937
-0.113168
0.062981
0.164448
-0.016957
-0.123805
0.027255
-0.080281
0.104052
-0.235749
0.015048
-0.034893
-0.040646
0.003237
-0.038404
0.160100
-0.074406
-0.048470
-0.085783
-0.071846
-0.059124
-0.076337
-0.012718
0.000835
-0.024330
-0.129528
-0.045437
0.024209
-0.043720
0.138568
0.010650
0.020015
0.107613
-0.060657
0.078704
-0.010267
-0.005763
0.031349
0.079460
-0.005515
-0.177786
-0.100434
0.038205
0.024319
0.051803
0.113929
-0.010453
-0.082314
-0.007644
-0.082748
0.055980
0.036988
0.048677
0.093013
-0.069054
0.054569
-0.003135
-0.001927
0.119874
0.077526
0.060637
0.161712
-0.022477
-0.002311
-0.052435
0.102090
0.383051
0.043399
-0.053818
0.095561
-0.019989
0.030548
-0.044130
-0.123913
-0.055772
-0.166138
-0.127356
-0.014633
0.048036
-0.123211
-0.009588
0.087606
-0.022793
0.054182
-0.073352
0.073227
0.036570
-0.119293
-0.053990
-0.027883
-0.013517
-0.049300
-0.012724
-0.053115
-0.040638
-0.064443
-0.060066
0.112143
-0.133576
-0.007910
0.179131
0.004928
-0.118445
0.161540
-0.002668
0.087239
0.021011
0.081978
-0.007235
-0.077593
0.064204
-0.028154
0.152677
0.171217
0.170771
0.023452
-0.008394
0.030447
-0.001908
0.188073
-0.030150
0.091580
0.020308
-0.092312
-0.273441
-0.163689
-0.229294
0.099729
-0.106973
-0.002930
-0.127653
-0.069576
-0.093285
0.088135
0.194149
-0.135944
-0.067552
0.086724
0.134939
-0.019462
-0.041986
0.108442
0.094063
0.148944
0.206862
-0.136512
0.076085
0.071518
0.097583
-0.087154
-0.079404
0.073202
-0.152448
-0.018263
0.025310
0.029756
-0.142068
-0.127626
-0.073596
0.012455
-0.090654
-0.075612
0.175235
-0.046228
0.092454
-0.129926
0.046885
-0.056167
-0.163892
0.036812
0.017634
-0.079822
-0.104984
-0.028752
0.095084
0.081649
-0.036745
-0.174354
-0.024519
-0.012233
0.070526
0.040248
0.095058
0.035554
-0.070776
0.167823
-0.170318
-0.063670
-0.059835
0.035237
-0.043015
-0.339696
-0.027836
-0.269678
0.079921
-0.044418
-0.091749
-0.047639
0.013683
0.178645
0.175520
-0.091059
0.050676
0.277466
-0.101734
0.027501
-0.014832
0.023716
0.038166
0.024220
0.193878
0.028990
-0.042322
-0.167753
0.143050
0.116126
-0.089273
-0.091109
-0.098413
-0.061157
0.055488
0.052604
0.063669
0.232726
0.078750
0.122114
-0.132807
0.212651
-0.091965
-0.134484
0.045297
-0.071756
-0.076659
-0.031780
0.004300
-0.054090
-0.102454
-0.024105
0.032791
-0.051530
-0.018355
-0.132139
-0.036922
0.009101
0.018615
0.026174
0.230041
-0.013982
-0.005965
-0.064923
0.070108
-0.002336
0.011865
-0.046311
0.103107
0.149880
0.006189
0.098925
-0.010578
-0.037168
0.050475
-0.056898
0.009215
-0.048925
-0.088717
-0.110741
0.070399
-0.256925
-0.130236
-0.030830
0.068139
0.010604
0.132984
-0.126506
0.016384
-0.207334
0.083655
0.135387
-0.074627
0.049886
0.080858
-0.052052
0.010091
0.019507
-0.073674
0.095760
0.015777
-0.083082
-0.111602
-0.005509
-0.141803
0.003968
-0.029614
-0.018429
0.194448
0.039215
-0.035249
0.126707
0.230500
-0.053231
0.108993
-0.078830
0.035978
-0.026734
0.261609
0.029818
0.043374
-0.030046
-0.106330
0.163192
0.084010
-0.038809
-0.020524
0.050886
-0.173006
0.029013
-0.025782
0.185096
0.045586
0.015758
-0.160250
-0.113257
0.099588
-0.165646
-0.065077
-0.069927
-0.063979
-0.096072
-0.095432
-0.118311
-0.081975
-0.038889
-0.087807
-0.072001
-0.093340
0.001163
0.210564
-0.151866
-0.096749
-0.007380
-0.041476
-0.020752
0.094588
0.005755
0.005775
-0.310803
0.114509
-0.126553
-0.051298
0.052337
-0.062123
0.107610
-0.157734
0.062574
0.049203
0.100465
0.111136
-0.134208
-0.076829
-0.076515
-0.063377
0.102146
-0.080791
-0.166619
-0.183029
0.106197
0.186966
0.122092
-0.188340
-0.035350
-0.168116
-0.020392
-0.069865
0.173586
-0.024344
-0.140222
0.216254
-0.173635
0.071822
0.274485
0.133337
-0.030461
0.097965
0.199911
0.010138
-0.038130
-0.038131
-0.016056
0.086189
-0.017997
-0.095784
-0.042278
0.008347
-0.097444
0.051233
0.071793
0.125994
-0.064403
0.075319
0.042180
0.051693
0.085326
0.051794
-0.038050
0.016420
0.037242
-0.060939
0.148732
-0.013585
-0.020039
0.136517
-0.138944
0.046586
0.142297
-0.010648
-0.052268
0.192451
0.134073
-0.030371
-0.013947
0.071775
0.072817
-0.097297
-0.085044
-0.093407
0.063465
0.138821
-0.018509
-0.075643
0.063020
0.012570
0.028556
0.166977
-0.070278
0.115809
-0.035652
-0.017240
-0.120426
-0.286653
-0.046422
-0.015686
0.143788
0.107769
-0.083526
-0.178295
-0.302227
-0.140002
-0.037290
0.013960
0.072562
-0.109541
-0.001710
0.142388
-0.129812
0.021473
0.388031
-0.003492
0.166865
0.099177
-0.043150
0.126485
0.010871
-0.055946
-0.174529
-0.208140
-0.008961
-0.105957
-0.068017
0.010543
0.103027
-0.042231
0.095546
-0.028861
0.012905
0.066588
0.204102
-0.028992
0.011996
-0.019275
-0.073618
0.066534
0.082892
0.043010
0.101513
-0.039403
0.116277
0.124705
-0.285272
0.142943
-0.137680
0.045210
-0.235041
0.147011
0.070593
-0.117732
0.101958
0.043891
-0.046144
-0.103458
0.058468
0.097959
-0.039277
-0.001319
-0.038358
0.149624
0.128420
0.042032
0.091648
-0.111889
0.137701
-0.087410
-0.121812
-0.072977
0.031142
0.091977
-0.018819
0.055590
-0.150756
-0.042465
0.340827
-0.119227
-0.092316
-0.049349
0.022818
0.012597
-0.057037
0.077906
0.064430
0.177070
0.054585
-0.140801
0.202406
0.031475
-0.022827
0.159517
-0.115001
0.022451
-0.037900
-0.101269
0.011634
-0.136698
0.065771
-0.032623
0.114876
0.021169
-0.218200
0.210906
0.144189
0.082918
-0.060980
-0.075954
0.032200
0.147566
0.121855
0.156901
-0.060575
0.082786
0.071322
0.128599
0.080849
-0.016070
-0.120322
-0.084271
0.010758
0.133131
0.152595
-0.044675
0.092036
-0.160284
0.044220
0.070558
0.023423
0.023598
0.092757
-0.011765
0.087590
0.162729
0.057891
-0.014725
0.172096
0.063429
-0.005593
0.146449
0.078459
-0.091143
-0.058803
-0.180763
-0.131870
-0.148914
-0.015933
0.172642
-0.029320
-0.011378
0.029026
0.127152
-0.186896
-0.020380
0.028236
-0.067227
0.213923
0.124118
-0.035983
0.133826
0.038589
-0.257375
0.013417
-0.032555
0.199290
0.108011
-0.135111
0.086929
0.009347
-0.102413
0.173608
-0.012042
0.023051
-0.013425
-0.099400
0.029788
-0.024681
0.110320
-0.094761
-0.015678
0.019618
0.103333
-0.062299
0.086960
0.150053
-0.128954
-0.087022
-0.063809
-0.015971
0.112136
-0.000539
-0.117900
-0.083710
-0.093208
0.041382
0.067956
0.013527
0.148053
-0.061681
0.057233
-0.050421
-0.066744
0.205360
-0.153255
0.057155
-0.177347
0.080558
0.058557
0.025996
0.011085
0.024334
-0.033367
0.166717
-0.047366
0.059964
-0.039899
-0.129574
0.018909
-0.221906
-0.001532
0.058601
0.043292
0.061693
-0.027638
0.061810
0.156986
-0.053238
-0.071726
0.154502
-0.133318
0.088301
0.113723
0.076939
-0.103851
0.147499
0.170447
-0.039791
0.090247
-0.066960
0.019918
0.117458
-0.047286
0.020186
-0.002397
0.071947
0.082720
0.077873
0.122215
-0.061186
-0.124757
-0.068593
-0.008412
0.084670
-0.008205
-0.019637
-0.002197
0.171292
0.024354
-0.049896
-0.005689
-0.112795
-0.049856
0.157481
0.161157
-0.059908
-0.054341
-0.120612
-0.099480
-0.280520
0.003572
0.086594
-0.177242
0.116050
0.174021
0.015996
0.015242
-0.143497
-0.175715
-0.127458
0.054516
-0.039648
-0.114834
-0.000459
0.071245
-0.126649
0.008979
-0.084296
0.009752
0.161272
0.133261
-0.087769
0.106638
-0.051103
0.004735
0.025993
0.046429
-0.028012
0.072049
0.045893
0.100972
0.027961
-0.061696
-0.067714
0.023542
-0.056074
-0.099317
0.172470
-0.114921
-0.079358
0.066429
-0.045971
0.105753
-0.014893
-0.130191
0.209719
-0.071055
-0.063649
-0.107026
0.019200
0.116637
0.064721
0.105515
-0.206944
0.116645
0.002555
0.137013
0.180990
-0.034130
0.098162
-0.011551
-0.045246
0.011363
0.166732
0.175418
-0.095706
-0.029055
0.157097
-0.026470
-0.071980
-0.108432
0.074472
0.123956
0.035144
0.161858
0.076767
-0.089781
0.052454
-0.046726
-0.119931
-0.056569
0.141297
0.137141
-0.216840
0.191562
0.004161
0.029860
-0.015052
-0.131194
0.003137
-0.081705
0.088577
-0.092378
-0.074671
0.066716
0.166596
0.040686
-0.082183
-0.003142
-0.034601
0.077898
0.118858
0.153185
0.129923
0.015295
0.111572
0.080484
-0.048376
-0.000047
-0.141997
0.021232
-0.098509
-0.016279
-0.072148
-0.113822
0.059493
0.017477
-0.000065
-0.152845
0.100829
-0.232806
0.167205
0.012657
-0.023244
-0.053960
-0.016472
0.045874
0.013959
-0.140681
-0.021534
0.118733
0.163279
-0.012710
-0.144713
0.048413
0.003210
0.016846
-0.096926
-0.007530
-0.034911
-0.188955
0.032163
0.102127
-0.131146
0.122933
0.094945
0.002791
0.251120
-0.075488
-0.000514
-0.054730
-0.114538
-0.137763
0.147303
0.059438
-0.147692
0.119130
0.056425
0.160014
0.029151
0.074617
-0.081742
-0.068450
0.003768
0.053423
-0.043377
0.005198
0.025794
-0.121572
-0.082025
0.025246
-0.080156
-0.000647
-0.055822
-0.080128
-0.061790
-0.019867
0.016964
0.110151
-0.109692
0.041101
0.086067
0.046002
-0.027910
-0.084202
-0.009038
-0.146365
-0.088743
-0.023471
0.072870
0.053461
-0.213112
0.053421
-0.199893
0.085179
-0.292269
-0.013611
-0.045529
-0.122368
0.064283
0.095980
0.180139
0.132091
-0.031716
-0.292680
0.051092
0.085217
0.011496
-0.108245
0.012269
0.142427
0.012560
0.015786
0.083445
0.064264
0.098070
0.267757
0.012681
0.155593
0.085942
-0.003042
-0.066203
0.249424
0.005666
0.187926
-0.169528
-0.201990
-0.051173
-0.213728
-0.061662
-0.148114
-0.047046
-0.075761
0.035658
0.037642
-0.040301
-0.020604
0.022515
-0.089208
0.011458
0.257691
0.026132
0.037374
0.002549
-0.111059
0.113162
-0.078206
-0.196519
0.015260
0.063565
-0.097242
0.032834
0.043552
-0.086544
0.006405
-0.031123
-0.079839
0.128403
0.155008
0.013802
0.054191
0.053078
0.085365
0.033348
-0.157088
-0.062667
0.034986
0.111667
-0.026836
0.014781
-0.032047
0.091973
-0.069624
0.094881
-0.034987
-0.077926
-0.115597
0.045042
0.104576
0.069765
-0.101748
0.153066
0.027318
-0.015303
-0.029296
0.092376
-0.007610
0.177389
0.100366
-0.027265
-0.013236
-0.092117
0.126973
0.262597
-0.175200
-0.068192
-0.175968
-0.124504
-0.003760
0.054640
0.110686
0.031393
0.059095
-0.003527
0.074958
-0.017108
0.002666
0.110553
-0.028838
0.012163
-0.008052
-0.085508
-0.061580
-0.007210
0.005008
-0.005509
-0.116024
-0.033367
-0.005332
0.015876
-0.012444
-0.115474
-0.116522
0.067066
0.021774
0.119280
0.095525
-0.028429
-0.111429
-0.070188
0.158975
0.169092
-0.034259
-0.106465
0.181522
0.015149
0.189168
-0.033016
-0.247924
-0.241813
0.090760
-0.023862
-0.089621
-0.020591
0.031368
0.081911
-0.017991
0.002747
0.025637
0.194066
-0.014732
-0.080402
0.059955
0.072327
0.002810
-0.074044
0.062116
0.069292
-0.010787
0.131252
-0.047694
-0.017167
-0.077708
0.087067
0.186055
0.088225
0.051990
-0.152632
0.048963
0.004339
0.022573
0.078938
0.036968
0.042640
0.002547
0.134644
-0.031461
-0.056245
0.126199
0.053161
0.101525
-0.020687
0.140295
-0.155728
-0.156295
0.074795
0.062665
-0.074701
-0.003712
0.000972
0.053822
0.111050
-0.064482
0.119238
0.020069
-0.010297
-0.040679
0.074514
0.000517
0.029327
-0.040630
-0.195732
0.026981
0.075797
-0.100837
-0.158445
-0.062900
0.197509
0.023851
0.019719
-0.020518
-0.054431
0.083171
-0.191523
0.069112
-0.015172
0.015689
0.051453
-0.038005
0.114887
0.002757
0.088841
-0.136488
-0.080173
0.030743
-0.036668
-0.136589
0.004137
0.186209
0.089925
0.089116
0.028119
0.126910
-0.117304
-0.012426
-0.112305
0.131068
0.047741
-0.004327
-0.066949
0.130287
0.089328
0.182860
0.080120
0.017639
-0.119698
-0.070614
0.005490
-0.083209
0.023751
0.137782
-0.135494
0.158041
-0.053767
-0.097951
0.043434
0.164700
0.097850
-0.164141
-0.203247
0.180403
0.028082
0.071475
-0.060273
-0.013291
0.015009
-0.060776
0.174729
0.008033
0.016236
0.051807
0.081408
-0.126861
0.030516
-0.059519
0.066669
-0.008171
0.032478
-0.201642
-0.025812
-0.072116
-0.122575
0.042324
0.073994
0.202915
-0.057062
-0.243583
-0.051955
0.051281
0.201182
-0.061557
-0.128348
-0.111792
0.030729
0.093860
-0.035271
0.059089
-0.096208
0.036352
-0.114722
0.078198
0.007875
0.111564
-0.023691
0.263446
-0.055491
0.009721
0.074491
0.091447
0.096518
0.044940
-0.097234
0.008825
0.197057
-0.021086
-0.062544
0.096649
-0.119111
0.178997
-0.051751
-0.006074
-0.029530
-0.132667
-0.112790
-0.031387
-0.106911
0.048370
0.024832
0.009338
0.082491
-0.106730
0.038393
0.012581
-0.141019
-0.103627
-0.084043
0.134028
-0.038730
-0.058409
-0.191854
-0.110036
0.048310
-0.070319
0.006728
0.180764
0.020590
0.120131
0.006065
-0.005950
0.034591
0.028049
-0.077564
-0.156756
0.073433
-0.070606
0.030901
-0.030368
-0.118324
0.019279
-0.047615
-0.010153
-0.076231
-0.103177
0.058485
-0.056831
0.008770
0.111216
0.037596
-0.085644
-0.038858
-0.111907
0.010489
-0.096972
0.006568
-0.064681
-0.077405
0.079311
-0.006685
-0.192103
-0.081128
-0.002624
0.199990
0.085734
0.097139
-0.065122
-0.130950
0.133566
-0.096633
-0.108428
0.037593
-0.049525
0.280865
0.172518
0.028474
0.038238
-0.062438
0.062995
-0.117196
0.040883
0.019926
-0.012959
0.042907
-0.037538
0.052574
-0.023248
-0.242504
0.041176
-0.107323
0.056190
-0.122903
0.092556
0.022419
-0.043282
0.033851
-0.089614
0.058163
-0.049900
-0.038444
0.021898
-0.048309
-0.066754
-0.005317
-0.091493
-0.024836
-0.054542
-0.079748
-0.137775
-0.028943
-0.013589
0.066551
-0.099878
-0.148778
0.108070
0.186485
0.055808
-0.177029
0.149430
0.118150
-0.128345
-0.005881
0.204714
0.063037
0.080589
0.085930
0.017362
-0.096704
-0.037483
-0.089610
-0.101074
-0.025413
-0.093228
0.032147
-0.080215
0.198018
-0.023364
-0.070212
-0.003671
-0.149673
0.043390
-0.032133
-0.086992
-0.051488
0.012984
-0.007245
-0.066590
0.010662
-0.096278
-0.289328
0.025255
-0.028310
0.049701
-0.043486
-0.163733
0.100576
-0.046103
-0.210809
0.004788
-0.085945
-0.147038
-0.016585
-0.024100
-0.094040
0.085719
0.130389
-0.044961
-0.047835
0.248753
0.062014
0.036351
0.143426
-0.204682
-0.079892
0.109331
-0.015498
-0.150668
0.148080
-0.060789
-0.000294
-0.159124
0.064005
0.068450
-0.001517
0.046613
0.015584
0.159785
0.030132
0.054709
0.102010
0.010819
-0.202011
0.034307
-0.102882
-0.074240
-0.095829
-0.051938
-0.067834
-0.154478
-0.034667
-0.058678
-0.102540
0.084837
-0.027548
-0.070357
-0.090888
-0.111152
0.074695
-0.001613
-0.036816
0.119284
-0.046495
-0.044842
-0.015593
0.135713
-0.004459
-0.106240
0.207207
0.294266
0.052889
0.167406
-0.212225
0.014436
-0.015516
0.039046
-0.134316
-0.276416
-0.005671
0.052632
-0.110243
-0.098791
0.051970
0.069973
-0.025469
0.048505
0.021309
0.089810
-0.069317
-0.123473
0.034203
0.043187
0.023132
0.014616
-0.022476
0.144157
0.103290
0.092731
-0.091085
0.044967
-0.084183
0.061725
0.097427
-0.004030
-0.139593
0.073162
0.225841
0.072489
0.064197
-0.114676
0.040399
-0.138624
-0.016678
0.055286
-0.180094
0.069306
-0.072359
0.010066
-0.022939
-0.017313
0.031543
0.065762
-0.192525
0.033383
0.115482
0.144684
-0.047693
0.080274
-0.047785
0.014245
0.131172
-0.157082
0.003294
0.054045
0.030619
-0.113684
-0.159330
0.071145
-0.059900
0.055831
-0.181315
0.029376
-0.036450
-0.137198
0.127177
0.004621
-0.072704
-0.082898
0.046260
0.004762
0.066766
0.204439
0.120641
-0.001924
-0.064411
-0.087365
-0.061682
-0.059265
0.087545
-0.199374
-0.093977
-0.081010
-0.088574
-0.029465
-0.189348
-0.077609
-0.020374
0.208780
0.071953
-0.048617
-0.123075
0.100558
-0.015681
0.076202
-0.044389
-0.052345
0.097830
-0.061693
-0.066467
0.086331
-0.190846
-0.066608
-0.062392
-0.052715
0.058798
0.074468
0.091369
0.032933
-0.044349
-0.049359
-0.178229
0.161230
-0.032785
0.008063
0.114844
-0.007747
-0.172973
0.002285
-0.052111
0.155867
-0.028865
0.105284
0.069865
0.168940
-0.203286
-0.009944
-0.065504
0.178459
-0.228226
0.010072
0.054009
-0.005701
-0.085209
-0.019516
0.081398
-0.080946
0.145972
-0.248573
0.025140
-0.110294
0.156154
-0.026403
0.031802
-0.078650
0.107846
-0.042032
0.075949
-0.001453
-0.135456
-0.080446
0.173679
-0.019970
0.011561
0.083949
0.076021
-0.048727
-0.062693
0.221256
-0.081107
-0.073534
-0.078127
0.059862
0.050672
-0.125937
0.162435
0.004384
0.017344
0.166178
-0.023310
-0.058500
-0.007371
0.104238
0.029387
-0.003250
-0.158879
-0.034557
-0.023668
-0.015669
0.058853
-0.189636
0.207030
-0.078941
-0.132858
0.099863
-0.094127
-0.119369
-0.027264
-0.113267
0.193874
-0.147898
-0.108010
0.098712
0.118591
-0.107601
-0.122091
0.100791
0.051615
-0.063368
-0.067284
-0.049968
-0.012998
-0.102566
0.131135
-0.154671
-0.027560
0.107203
0.013093
-0.107893
0.018880
0.059933
-0.112513
-0.114325
-0.008871
0.084135
-0.026736
-0.050582
0.044889
0.194903
0.062364
0.022379
-0.098569
-0.064324
-0.113478
-0.104113
-0.104195
-0.000225
0.006667
0.052459
-0.085988
-0.024792
-0.067383
-0.004114
-0.019057
-0.052870
-0.101032
0.185489
-0.084830
-0.013873
-0.017654
0.067951
0.138647
-0.116210
0.045167
0.108841
0.076437
-0.163264
-0.045998
0.034069
-0.078810
-0.026341
-0.090836
0.286673
0.023409
-0.037176
-0.075790
-0.090127
0.074489
0.017596
-0.074417
0.106349
0.071226
-0.017675
-0.012125
-0.002515
-0.240992
-0.022759
0.065739
0.081918
-0.106988
-0.008268
-0.016222
0.014077
-0.039858
-0.103384
-0.152825
0.034065
0.018957
-0.032183
-0.017217
-0.086661
0.101566
0.082472
0.198341
0.035921
-0.015606
-0.029771
0.049519
-0.077688
0.060671
0.008588
0.065201
0.024985
0.043573
0.046991
-0.163980
0.045667
0.028317
-0.082916
-0.032205
-0.129437
0.130241
0.045685
-0.004075
-0.040612
-0.022999
0.047368
0.034574
-0.025443
0.007468
-0.050758
-0.110609
-0.190999
0.081460
-0.042090
-0.172544
-0.302750
0.173105
0.028278
0.040893
-0.067697
-0.041475
0.054131
-0.057861
0.049565
-0.150666
-0.068741
0.054069
-0.131882
0.034966
-0.092137
0.047587
0.234962
0.155302
0.022536
-0.047008
-0.072887
0.032648
0.065066
0.103606
0.086553
-0.167001
-0.208474
0.077137
-0.045726
-0.092241
-0.084788
0.023489
0.085566
-0.227409
-0.094031
-0.075286
-0.060240
0.073988
0.147178
0.044156
0.053439
0.086153
-0.127850
-0.083210
0.035850
0.015753
0.093593
0.182646
-0.136854
0.188955
-0.090436
0.172530
-0.133044
-0.086079
0.107464
-0.058688
0.072750
-0.012017
-0.065669
0.171176
-0.064707
0.070078
0.090648
-0.061402
-0.082042
-0.020588
-0.036242
0.172357
-0.205359
-0.097390
0.023034
0.043243
0.031457
0.097321
-0.055443
0.138423
0.105903
-0.005537
0.051368
0.097152
-0.011071
-0.172501
0.040933
-0.086857
-0.046403
-0.036864
0.039203
-0.164929
0.002944
-0.116697
0.062038
0.021884
0.025120
-0.074931
0.105858
-0.127217
-0.042518
-0.051773
-0.024498
-0.039162
-0.102738
-0.087442
-0.008725
0.135294
0.229266
-0.043550
0.077744
0.158326
-0.062876
0.070906
0.006758
-0.159605
0.042455
0.001501
-0.015315
-0.092103
0.087773
-0.029182
0.091391
-0.111892
-0.073094
0.138799
-0.191860
-0.010772
-0.077991
-0.152047
-0.137668
-0.155828
-0.122185
0.075835
-0.028731
0.020656
-0.043810
0.079562
-0.151341
-0.093972
0.176260
-0.151051
0.104082
0.036310
-0.143787
-0.121764
0.192204
-0.177985
-0.094116
-0.001803
0.141870
0.098558
-0.068754
0.080535
-0.062750
-0.014332
-0.099854
0.128163
0.081016
-0.112636
0.033120
-0.095556
0.113832
0.064501
0.006082
0.275074
0.019737
0.241645
-0.065508
-0.002438
-0.127821
0.060316
-0.072498
-0.163919
-0.141694
0.127135
0.050641
0.003273
0.291649
0.000524
0.058904
-0.105352
-0.122673
0.076550
0.045838
-0.031510
0.037590
-0.039948
0.091377
-0.130894
-0.220611
-0.047682
0.169630
0.023448
0.160750
-0.029943
-0.092413
-0.020011
0.125853
0.099730
0.097310
-0.029738
-0.147621
-0.049275
0.115457
-0.159018
-0.094096
-0.055259
0.030749
0.202029
0.038201
-0.242364
0.091426
0.276034
-0.140538
-0.142527
0.041717
0.014413
-0.107805
-0.094263
-0.085314
0.157769
-0.044872
0.122503
-0.039883
0.154998
0.151961
-0.038310
0.075015
0.098927
0.021111
0.232812
-0.042060
-0.068723
-0.227489
-0.076113
-0.018272
-0.008739
-0.142819
-0.046308
0.048001
0.129243
0.061324
0.104794
-0.187332
0.051435
-0.037847
-0.048816
-0.090952
0.090208
0.034321
-0.021241
-0.021159
-0.073766
-0.076632
0.183677
-0.087677
-0.312676
-0.132561
-0.025423
-0.229952
0.089597
-0.021696
0.024841
-0.093042
0.112651
0.068911
-0.179656
-0.071845
0.077668
0.121003
-0.167298
-0.024319
-0.031043
-0.106402
0.046182
-0.175452
-0.067376
-0.119404
0.149169
-0.027480
-0.058323
-0.167151
0.075153
0.105402
0.089512
0.033811
-0.053447
-0.027889
-0.137444
-0.143760
0.031590
-0.208136
0.093339
0.015607
-0.037850
0.061277
0.145391
0.012724
-0.069074
0.024769
-0.031358
0.128771
-0.020215
0.024087
-0.111045
-0.018792
-0.108243
0.022084
-0.124265
-0.023844
0.163136
0.056740
-0.180297
-0.095811
0.051545
-0.042537
0.046755
0.033488
0.044354
-0.135084
0.092728
0.049259
0.106956
0.011709
-0.083146
-0.072951
0.154599
0.020418
-0.076852
-0.017014
-0.189521
0.017887
0.104776
0.217190
-0.134380
-0.046367
-0.129750
0.047255
-0.041802
-0.006523
0.184412
0.053159
0.287722
-0.071888
-0.022716
0.056087
0.149545
-0.059881
0.046269
0.110541
0.062362
-0.039726
0.251163
0.150771
0.037147
-0.081963
0.046348
0.103197
0.009539
0.054266
0.030219
0.061601
-0.027703
-0.091584
0.082782
0.062647
-0.085515
-0.089663
-0.171836
-0.021482
0.061045
0.012579
0.018598
0.094476
0.082216
0.042839
0.038690
-0.135076
0.035211
-0.046488
-0.005902
0.103718
0.215696
-0.074236
0.090207
0.146258
0.092641
0.124347
-0.081139
0.002359
0.097528
-0.036502
0.073820
0.010180
-0.056022
-0.071573
-0.056474
0.105805
-0.093983
0.052388
0.099294
-0.132236
0.033167
0.181673
-0.072180
-0.175411
-0.061741
0.000845
-0.111754
0.185620
0.091282
-0.168744
0.007230
-0.145490
-0.021291
0.046594
0.079858
0.067296
-0.102335
0.041803
0.048706
0.025321
-0.021326
-0.161429
-0.076293
-0.124280
-0.042553
0.069940
0.048702
0.048387
0.038194
0.160453
-0.030041
-0.009266
0.049304
0.245100
-0.062211
0.054502
-0.137795
0.124219
-0.095069
-0.109250
0.096309
-0.078965
-0.027419
-0.208365
-0.033209
0.009407
0.088921
-0.080295
-0.073381
-0.046853
-0.008963
-0.029209
-0.215689
0.139583
-0.025608
0.086669
0.092720
0.092974
0.058973
0.214881
-0.068653
0.056807
-0.146027
0.048884
0.001892
0.104356
0.090844
-0.023032
0.074652
-0.101618
0.068838
0.019283
-0.068345
0.117797
0.103480
-0.112275
0.059989
0.058651
0.079530
-0.012982
-0.154089
-0.080892
-0.077018
-0.116862
-0.095882
0.286701
-0.062240
0.083740
0.124451
-0.091968
-0.030990
0.004888
0.050184
0.038557
0.062437
-0.070788
0.019365
-0.199020
-0.172735
0.008449
-0.098566
-0.100421
-0.084098
-0.069493
-0.114539
-0.081969
-0.049372
0.117479
0.054758
-0.084353
0.096652
-0.070623
-0.000308
0.032378
-0.103762
-0.282533
-0.053485
0.115204
0.145163
-0.101938
-0.089609
0.027793
0.113330
0.104968
0.092086
-0.027480
-0.117541
-0.068952
0.074455
0.185670
0.005879
-0.056417
-0.014288
0.013434
0.001068
0.058357
0.034103
0.048328
-0.193085
-0.067156
-0.055486
-0.107240
0.034020
0.098408
-0.023214
0.110804
-0.054007
0.170479
0.071584
0.234971
-0.007229
0.128945
-0.127569
0.229163
-0.049579
0.004021
0.117852
0.002129
0.034046
-0.127618
0.028605
-0.040066
-0.104078
0.042186
0.077882
-0.027042
0.059596
0.040820
0.122229
0.053120
0.226120
0.024581
0.147825
0.024979
0.250152
-0.009051
-0.026841
0.000421
0.038499
0.073870
-0.185367
-0.138184
0.130558
-0.097911
0.091977
0.122936
-0.032336
-0.004123
-0.017326
0.212687
-0.052292
0.078055
-0.006418
-0.069523
-0.013395
0.010311
0.015311
-0.206939
0.069560
-0.066556
0.041056
0.018699
0.038932
-0.052929
0.149722
0.033843
0.018733
-0.139763
0.092790
-0.077757
-0.006327
0.025153
-0.079829
0.142356
0.109796
0.056003
-0.011598
-0.131849
-0.044120
-0.022273
-0.069405
-0.074656
0.067525
0.203005
-0.000330
0.114584
0.100354
0.104348
-0.059306
-0.087591
-0.001092
0.073750
-0.057891
0.027899
-0.054775
-0.132872
-0.169277
0.036902
0.050267
0.065136
-0.016762
0.112580
-0.180710
0.014755
-0.001537
-0.013595
-0.153290
-0.144874
0.048713
0.136175
0.137789
0.137057
-0.198653
0.100751
-0.092209
-0.006271
-0.042604
0.052983
-0.220514
0.018724
-0.038461
0.089643
-0.190790
0.003190
0.261382
0.015801
0.065881
-0.113342
-0.139745
-0.292192
0.011081
-0.016803
0.076928
-0.313377
-0.082825
0.026136
0.161940
0.153545
0.140699
0.045897
0.010492
0.053180
-0.097197
-0.065515
0.261828
0.199985
-0.046509
0.234214
0.143027
0.151504
0.035233
0.068281
-0.087103
-0.185147
0.177024
0.130964
0.052612
0.154054
-0.029977
-0.230916
0.107772
-0.174441
-0.052295
0.063413
-0.068834
0.060338
-0.021509
-0.056836
0.053120
0.005740
-0.096230
0.094829
-0.016700
0.017712
-0.106702
-0.056038
0.013429
0.094673
-0.054437
-0.077462
0.001999
0.161952
0.000956
-0.162822
-0.182491
0.109001
0.153415
0.028836
-0.076381
0.169041
-0.092134
0.074888
0.052030
0.096315
0.010152
0.220228
0.074417
0.033437
0.090284
-0.009759
-0.014863
0.102562
0.004434
0.069860
0.033290
-0.011825
-0.108458
-0.092101
-0.115669
0.022339
0.225015
-0.046975
-0.026567
0.005607
0.030110
0.026270
-0.011473
0.007072
0.064032
0.242116
0.108576
0.112228
-0.063343
-0.078921
-0.218577
-0.062734
0.074775
0.141116
-0.147084
0.152297
-0.067455
-0.055197
-0.192127
0.022365
0.022623
-0.047966
0.109347
0.148095
0.134577
0.033236
-0.111242
-0.121334
-0.243234
0.060161
0.042995
-0.039684
0.091233
-0.054649
0.101255
-0.130844
-0.055878
-0.152794
-0.024397
-0.153020
0.012289
0.049425
-0.087590
-0.043523
0.122956
-0.057829
-0.064221
0.009967
0.042836
-0.104537
-0.091117
0.035543
-0.069225
0.234653
0.079562
-0.141182
0.052005
-0.203758
0.040828
0.039389
-0.027413
-0.026861
-0.087448
0.137488
-0.086702
0.036371
-0.083920
-0.014012
0.052104
0.073334
0.124476
0.027685
-0.078946
0.094013
-0.149742
-0.049542
-0.034540
0.014038
-0.027451
-0.059839
0.113655
-0.042111
-0.057711
-0.031625
0.136368
0.060654
-0.025356
-0.023633
0.083105
0.165251
0.001208
0.067543
-0.181747
-0.023569
0.048014
0.188792
-0.042569
0.128662
0.176007
0.057034
-0.065383
-0.196089
0.095487
0.056950
0.075491
-0.168115
-0.000851
0.076767
-0.131542
0.155024
-0.132085
0.004373
-0.043813
0.073158
0.036242
0.023951
-0.017146
-0.031512
-0.042511
-0.045243
-0.067601
-0.004663
0.078900
-0.116004
0.097103
-0.180877
0.005685
0.108861
-0.129582
0.055449
-0.138847
-0.132915
0.004610
0.199703
0.028180
-0.061135
-0.037693
-0.002499
-0.038315
-0.107571
0.074016
-0.142922
0.001269
0.043693
0.069783
-0.040848
0.092128
0.155936
-0.163155
0.038878
-0.006111
0.014817
0.074482
0.148936
0.054675
-0.127391
-0.217156
-0.061674
-0.001416
0.034523
-0.025105
0.073504
-0.040800
0.023273
0.114272
-0.048083
-0.190698
0.118079
0.013986
0.093086
-0.069115
0.024604
0.112816
0.072278
-0.117674
-0.089135
0.111850
0.043661
-0.044154
0.050327
-0.087010
-0.102910
-0.022048
-0.037394
-0.153674
0.122426
0.054081
0.059031
-0.083513
0.062028
0.132721
0.132700
-0.000353
0.077399
0.096462
0.045391
-0.053524
0.064579
-0.104808
-0.027739
0.076129
0.095261
-0.047432
0.073174
-0.035098
0.107578
0.129768
0.019115
-0.113830
-0.068343
0.055115
-0.108366
-0.001336
0.026891
-0.061091
-0.022723
-0.058289
-0.002949
-0.021165
0.140693
-0.043361
0.089114
0.094712
0.093690
-0.082102
-0.069823
-0.185458
0.128081
0.021453
0.005583
-0.058551
-0.228963
-0.020052
-0.029603
-0.121865
-0.113300
0.138206
-0.113291
0.076977
0.250383
0.084467
0.025493
-0.056454
0.153532
0.142895
-0.075631
-0.058400
-0.076738
-0.119498
0.007579
0.021519
-0.010664
-0.163738
0.230580
-0.014430
-0.045467
-0.214521
-0.127073
0.011754
0.112975
0.124576
-0.119947
-0.013360
-0.066021
-0.008232
0.051451
-0.157131
0.022825
-0.149615
-0.048541
-0.054691
-0.051102
0.019729
0.036228
0.075409
-0.205521
-0.027568
0.139313
0.031577
-0.035167
0.127399
-0.121386
0.105057
-0.072440
0.058463
-0.080014
0.074724
-0.006590
0.096925
0.078614
-0.236026
0.011502
-0.087722
0.031397
-0.024985
0.072342
0.112278
0.075265
-0.008629
0.006346
-0.061928
-0.076831
0.117208
-0.103939
0.106397
0.020510
0.113393
-0.219194
-0.042598
0.046965
0.015050
0.084144
-0.072384
-0.101997
-0.047804
0.099732
0.143139
-0.037336
0.053562
-0.065150
0.070767
-0.136873
-0.130676
0.123931
-0.010047
-0.042304
-0.036052
0.037136
-0.044239
-0.179641
-0.203328
0.072657
-0.093095
0.037422
-0.032366
-0.013584
-0.055590
0.183753
-0.070880
-0.185693
-0.025088
0.121207
-0.008533
-0.062265
0.021716
-0.025110
0.119636
-0.054352
0.143288
-0.053048
0.054957
0.097362
0.012447
0.137109
-0.146514
0.065318
0.166213
0.025360
0.132068
-0.042202
-0.063278
-0.060370
0.088571
0.065899
0.122167
0.054212
-0.044783
0.053359
0.096572
0.026233
-0.097656
-0.014763
-0.196975
0.117985
-0.025476
0.203855
0.030624
-0.073671
-0.001449
-0.224138
0.114327
-0.159522
0.038307
-0.051400
0.092207
0.220384
0.022862
0.039432
0.027288
0.066343
-0.076590
-0.026105
0.122404
-0.131401
0.073360
0.001582
-0.045580
0.085443
-0.066899
0.019528
-0.152685
0.153203
-0.344869
-0.051112
-0.102070
-0.057533
-0.174247
-0.105010
-0.082413
-0.031627
-0.166180
-0.186803
0.102468
-0.136375
0.007911
-0.187622
0.060505
0.006660
0.080777
-0.077814
-0.061290
-0.059918
0.000731
0.040698
0.083425
-0.075987
-0.117558
-0.003516
0.019445
-0.089724
-0.106150
-0.076259
0.037459
-0.029876
0.006956
0.069672
-0.121846
-0.078195
-0.226073
-0.023874
0.076568
-0.070234
0.020237
-0.016352
-0.014126
0.054824
-0.132126
-0.005003
-0.017954
0.030109
-0.062537
0.047351
-0.064157
-0.080918
-0.205932
0.125805
-0.126943
-0.194407
-0.100236
0.051806
0.204601
0.102592
-0.099438
-0.213048
-0.071894
0.113959
0.025371
-0.104370
-0.037550
0.080401
-0.078642
0.082187
-0.026338
0.060959
-0.090355
-0.048543
-0.109490
-0.066662
0.119132
-0.027571
0.029463
0.068824
0.069524
0.011673
-0.029283
-0.021758
0.086390
0.131048
-0.055368
-0.038440
-0.027983
0.038950
0.042004
-0.143338
0.181687
0.000286
-0.132334
-0.035778
0.016440
0.043492
0.243405
-0.019953
-0.047296
0.112888
0.034976
0.048225
-0.046804
0.081763
0.073124
-0.037153
0.132981
0.158473
0.027956
0.120928
0.102946
-0.027560
-0.040260
0.001748
0.055987
-0.058173
0.237786
-0.012924
0.067998
-0.018227
-0.168716
-0.054589
-0.015272
0.026039
-0.021717
-0.237493
-0.008610
0.031896
0.029199
0.077811
-0.101678
-0.129706
0.031450
-0.006497
0.091256
-0.037012
0.027489
-0.087632
-0.077884
-0.308290
-0.025148
-0.025474
0.062014
-0.063201
0.036431
0.076304
-0.120666
0.016695
-0.008938
-0.172477
0.106298
0.111625
0.030578
-0.022814
-0.023330
-0.150764
-0.112728
0.074694
-0.079257
-0.175687
0.234878
-0.161815
0.235970
0.034957
-0.100991
-0.076920
0.028979
-0.159789
0.110091
-0.008526
-0.006629
0.048123
-0.160222
-0.213657
0.015197
-0.012543
-0.120706
-0.030200
0.005953
0.116512
-0.000931
-0.030650
0.101941
-0.124286
-0.158572
-0.197214
-0.013948
0.211273
-0.020312
-0.239977
-0.002381
-0.055591
-0.016464
-0.044117
0.106088
-0.090897
0.104277
-0.084948
-0.065914
0.070539
0.010833
0.076323
-0.117253
0.163695
-0.114122
-0.017607
0.032939
0.092199
0.033929
0.212420
-0.091055
-0.014560
0.090180
-0.203355
-0.039028
0.041498
-0.284601
-0.049849
0.029729
-0.087382
-0.025511
-0.130813
0.080763
0.100490
0.251669
0.052565
-0.016018
-0.114200
0.119611
0.039463
-0.120054
-0.022925
0.022380
-0.081463
-0.157859
0.018995
-0.183066
-0.041459
-0.010834
-0.224666
-0.014743
-0.000383
0.142211
-0.040806
-0.086283
-0.164100
-0.106453
-0.015558
0.031913
-0.107338
0.040594
-0.023529
-0.209075
-0.127508
-0.066869
0.116212
0.065196
0.135832
0.051688
0.040544
-0.074878
-0.007175
0.093195
-0.096958
0.043855
0.102690
-0.142076
-0.084631
-0.092250
0.052061
0.090615
-0.087107
0.110844
0.021389
-0.006295
-0.101614
-0.119853
-0.108975
0.051975
0.028319
-0.099475
0.147930
-0.007532
0.052076
0.002604
0.077097
0.061688
-0.118139
0.094953
-0.132937
-0.001309
-0.042416
-0.040948
0.008148
0.176153
-0.039878
-0.002676
-0.107630
-0.157965
0.021560
0.238474
0.041346
-0.203688
-0.096477
-0.046100
0.056291
-0.159085
-0.155979
0.001244
0.148769
-0.145805
0.115691
0.091019
0.173671
-0.082906
-0.116139
0.019223
-0.023077
-0.061094
-0.087258
0.186985
0.042757
-0.049070
0.065410
0.066593
-0.152376
0.031557
-0.084110
0.072262
0.099724
0.027631
0.000165
-0.071455
0.120519
-0.064560
0.099400
0.041902
-0.004704
0.133248
0.004402
0.158037
-0.087593
-0.063007
-0.149790
-0.195221
0.004372
-0.235550
-0.052355
-0.093337
-0.081004
-0.134604
-0.059343
-0.211107
-0.099519
-0.101256
-0.046444
-0.020998
-0.024482
-0.097460
0.119865
-0.000935
-0.019615
-0.030247
-0.144718
-0.089931
-0.080444
-0.156091
-0.061940
-0.060484
0.042892
0.002971
-0.079373
0.229356
-0.059309
-0.032257
0.064306
-0.085129
0.016750
0.098845
-0.116502
0.059554
-0.076401
-0.048022
0.109416
0.246062
0.039033
-0.162463
-0.143886
-0.077621
0.094376
-0.004680
-0.006636
0.037068
0.320240
-0.081718
-0.134625
0.113947
0.150179
0.139025
0.057802
-0.236278
0.121438
0.103137
-0.111302
-0.131552
-0.039236
0.048947
-0.154325
-0.033272
0.231519
-0.127751
0.025681
-0.067921
0.006001
0.041883
-0.041916
0.027444
0.185072
0.008418
0.010950
0.019365
-0.014876
-0.067010
0.015514
0.091687
-0.041850
0.085283
0.148916
-0.056438
-0.053599
0.261360
-0.075514
0.091675
-0.017996
-0.064203
-0.008980
-0.022080
0.131164
0.011427
-0.205088
0.111846
0.095268
0.019785
0.012903
0.068980
-0.189242
-0.158662
0.183760
0.007694
-0.028221
0.070298
-0.029090
0.118204
-0.042342
-0.004145
0.217483
0.044695
0.046051
0.028615
0.096779
-0.006647
-0.029750
-0.014517
-0.058687
-0.117051
0.010625
0.050175
0.005106
0.016172
0.128306
0.049938
0.066427
0.162312
-0.056239
0.002151
-0.029862
-0.035404
0.025303
0.063583
0.125567
0.023428
0.112901
0.052675
0.064901
0.120660
-0.192875
0.100672
0.090916
-0.090932
0.110801
-0.060597
0.028254
0.103420
0.098176
0.017272
0.038782
-0.043311
0.192175
0.010036
-0.043981
-0.085146
-0.097645
-0.064967
-0.084188
-0.053806
0.039207
0.093792
0.033035
-0.298699
-0.032869
0.033428
-0.070012
0.043314
0.193854
0.133064
-0.033980
0.121307
0.018385
0.083743
-0.025544
-0.046070
0.078781
0.025376
0.186021
-0.006241
0.032995
0.138706
-0.005171
0.186344
-0.115554
0.004802
0.014679
-0.246531
-0.016775
-0.118739
-0.118984
-0.054927
-0.008432
-0.052122
0.020468
-0.038524
-0.057515
0.074435
0.242238
0.107000
-0.133155
0.081846
-0.065774
0.070278
0.177000
-0.079648
-0.114652
0.086704
0.039966
-0.008309
0.023968
0.077111
0.070499
0.113252
-0.044631
0.087671
-0.146904
-0.129281
0.099657
0.162876
0.031240
-0.065613
-0.060027
0.055830
0.023875
0.128992
0.082575
-0.041855
-0.128823
0.043750
0.000123
0.077855
-0.038614
-0.009679
-0.038669
0.036448
-0.095552
-0.051978
-0.001356
-0.032888
-0.026133
-0.160845
0.021930
0.048999
-0.061087
-0.214141
-0.005678
0.086465
0.000164
0.052381
-0.042889
-0.155614
0.009159
0.154557
0.086992
-0.079964
0.101547
0.226538
-0.058627
0.077160
0.204253
0.068223
-0.006434
-0.061216
0.031880
-0.059033
0.108573
0.069401
-0.106904
-0.109991
0.120856
0.003791
-0.007260
-0.081229
0.009043
-0.106597
0.158180
0.040063
-0.142338
0.185230
-0.028340
0.079642
0.034634
-0.055978
-0.073548
-0.020182
-0.018962
0.196641
0.182806
-0.020626
0.000553
-0.028842
0.027608
0.026913
0.048075
0.111058
0.127700
0.117131
0.130669
0.126895
-0.168829
0.033236
0.002128
-0.109010
-0.010082
0.046229
0.045913
0.061919
0.077458
-0.166196
-0.035527
0.013284
0.016754
0.104439
-0.018699
0.111061
-0.075281
0.235791
0.085682
0.147862
-0.020123
0.035220
-0.082661
-0.056487
0.007892
-0.064766
0.219489
-0.079738
0.097648
0.104518
0.019796
-0.004439
-0.032846
0.042793
0.036014
0.041179
-0.000159
0.057978
0.035043
-0.058836
-0.160918
0.042852
-0.042154
-0.029193
-0.140617
-0.068025
-0.051863
-0.059851
0.020515
0.116771
-0.087602
0.022731
0.101110
0.108948
0.009318
0.045753
0.027496
-0.107241
-0.131289
-0.060592
0.072073
-0.059139
-0.028739
-0.009063
0.033815
-0.091562
-0.017416
0.021809
-0.037284
-0.040823
0.065851
0.064187
0.039703
-0.060773
0.077643
-0.062858
-0.018290
-0.075502
0.077375
0.101614
-0.038140
-0.064017
0.139286
0.025468
0.036209
-0.005368
-0.001791
0.231220
0.032691
0.054905
-0.233600
0.206124
0.114064
0.014313
-0.133860
0.177628
0.073160
0.025666
0.073415
0.094577
0.065135
0.005157
-0.025667
0.086099
-0.120773
0.015308
-0.021208
-0.180927
-0.111887
-0.116570
0.000576
-0.064302
-0.138824
0.020542
-0.099356
0.061643
-0.081012
-0.033843
-0.124948
0.001160
0.064471
0.140025
0.062906
-0.108290
0.014552
-0.074056
-0.024278
0.073770
0.056957
0.024714
0.032720
-0.018366
-0.008540
0.078274
0.183423
-0.021741
0.041872
-0.044637
0.123645
-0.012166
0.000675
-0.134406
0.044083
-0.076170
-0.030765
-0.010915
0.050140
0.068315
0.026529
-0.052919
-0.117278
0.064497
-0.075565
0.068050
-0.097099
0.059619
-0.007033
0.026596
-0.024030
-0.025313
0.054354
0.086626
-0.197982
0.063074
-0.004036
-0.091830
-0.019466
-0.056469
-0.114447
-0.021067
0.050801
-0.262075
-0.001579
0.054167
-0.102130
-0.008480
0.098287
0.076883
0.007389
0.091333
0.083072
0.000466
-0.019050
-0.155339
0.111362
-0.020767
-0.066827
0.066769
-0.068789
-0.047875
0.026621
-0.079024
0.050873
0.041851
-0.013420
-0.041436
-0.040871
-0.075680
0.074123
0.066997
0.015057
0.077178
0.212088
0.104481
-0.093024
0.088535
0.040853
-0.105525
-0.103991
-0.005243
-0.151503
0.087307
0.123123
-0.100704
0.106927
-0.140428
0.274262
0.085950
-0.021203
-0.098889
0.034263
-0.072599
-0.097649
-0.009069
0.007043
-0.024416
-0.155231
0.015330
-0.008456
0.125421
-0.028492
-0.145419
0.183514
0.156881
0.085890
0.279683
-0.123359
-0.004775
0.161179
0.105060
-0.010436
-0.100676
-0.074777
-0.047856
-0.075486
0.056556
-0.223625
0.062406
0.195598
0.044526
-0.139196
-0.052236
-0.099751
-0.138436
0.053883
-0.126900
0.060348
0.068442
0.052780
0.110292
-0.079726
-0.144003
-0.004810
-0.046128
-0.162463
-0.082276
-0.050893
0.009979
0.118588
0.103069
-0.025747
-0.094927
0.208791
0.074589
0.110623
-0.117425
-0.110680
0.067899
-0.162173
-0.146272
0.060662
0.137923
0.042730
-0.052421
0.117886
-0.003139
0.045662
0.027828
-0.012556
0.031169
-0.060121
0.046377
-0.023656
0.200493
-0.020083
-0.032486
0.023039
0.069682
-0.050193
0.092554
0.078286
0.220975
-0.051629
-0.073891
0.169891
0.035989
-0.043496
0.124332
-0.014614
-0.043111
-0.106151
-0.109355
0.109364
0.025825
-0.126270
0.111134
-0.125199
0.160779
-0.022486
-0.180227
0.103969
-0.018919
-0.092215
0.032113
0.085089
-0.094490
0.075379
-0.130851
-0.094091
0.136988
-0.045332
0.036069
-0.074467
0.092952
-0.007702
-0.034819
0.096383
-0.038103
0.038340
-0.123669
0.205992
-0.184137
-0.010907
0.017329
0.030196
0.235285
0.036186
0.088704
0.131925
-0.014489
-0.138595
-0.176520
-0.104098
0.167767
-0.070375
0.056295
0.100545
0.003847
0.121106
-0.034038
0.079488
-0.016619
0.116554
0.050813
-0.021527
-0.147216
0.041401
-0.095022
0.014895
0.188028
0.035913
-0.076308
-0.047580
-0.073138
-0.097448
-0.039450
-0.007674
-0.119916
-0.163428
0.114334
-0.048256
-0.050853
0.146390
-0.083284
-0.092671
-0.144416
0.198366
-0.107769
0.008242
0.052281
-0.004396
-0.003953
0.054161
0.153965
-0.230072
-0.002709
0.011783
-0.122709
-0.199467
0.041074
0.053117
-0.138241
-0.174522
0.113528
0.044678
0.024935
-0.026852
-0.037069
0.126630
0.061205
-0.053569
-0.004301
0.079742
0.113496
0.027289
0.088624
0.097014
0.041995
0.119912
-0.115278
-0.070497
-0.006494
-0.059878
0.105775
0.059641
0.013999
-0.113316
0.083902
-0.031910
0.062777
0.031942
-0.253119
-0.055432
0.047745
-0.034874
-0.045071
0.004765
0.178384
0.151617
-0.030815
0.141393
-0.093695
0.063301
0.163286
-0.094552
-0.016845
0.006421
0.015165
0.191507
0.005258
0.016008
0.170100
0.097129
-0.101858
-0.095368
0.327026
-0.039141
0.050471
0.169268
-0.082183
0.039076
0.139379
0.011480
-0.053302
0.040265
-0.016408
-0.031108
0.176723
-0.071450
-0.025898
-0.023186
-0.064885
0.060583
-0.067901
0.002217
-0.143130
0.309769
0.142989
0.159097
0.033617
-0.042607
0.214778
-0.182995
0.016893
0.033169
0.068292
-0.002009
-0.062575
-0.007591
0.067492
0.012918
-0.001596
-0.006416
-0.020653
0.014802
0.103392
-0.072389
-0.088424
0.079406
0.081443
-0.106457
0.014366
0.161049
0.013160
0.030162
0.008669
0.107110
-0.035929
0.002732
-0.055588
-0.016687
-0.000260
-0.001301
-0.224701
0.028642
0.066949
-0.027961
-0.050422
-0.102319
0.055348
-0.035967
-0.046073
0.002305
-0.051742
0.016622
-0.026629
0.140113
0.061878
0.005659
-0.002196
-0.044532
-0.077919
0.154102
0.035211
0.020854
-0.021557
-0.096014
-0.013459
-0.085074
0.021926
-0.104977
-0.046601
-0.065057
0.040508
0.229225
0.008692
0.064572
-0.071603
0.255971
-0.018537
0.198319
0.140197
-0.197597
-0.022910
0.107077
0.007690
-0.046327
-0.055996
-0.046799
-0.114884
0.179325
0.082790
0.042821
0.073315
0.044006
-0.133624
-0.027111
-0.046575
0.095778
0.099742
0.094682
-0.004039
0.003902
-0.060625
0.030689
-0.054566
-0.012904
0.083531
-0.009744
-0.024543
-0.360602
-0.057226
-0.071405
-0.198787
-0.021543
-0.055613
0.139897
0.061218
-0.028595
-0.031378
-0.012234
0.036990
0.120821
-0.138161
0.086136
-0.087346
-0.004388
-0.088096
-0.088604
-0.052156
-0.001516
0.056894
-0.239167
-0.051897
-0.157114
-0.008268
0.135627
0.144645
-0.001124
-0.034746
0.017909
0.113594
0.045492
0.038847
-0.058722
-0.032277
0.053699
-0.082701
0.170228
0.163647
0.222501
0.116523
0.106308
-0.000071
0.187172
-0.155720
-0.053548
-0.040769
0.138040
0.009754
0.177002
0.034802
-0.098547
0.050829
-0.058849
0.006083
0.035262
-0.068324
-0.098319
0.239252
0.124183
0.082584
0.020837
-0.077732
0.086251
0.027599
-0.066080
-0.101350
-0.034767
-0.041690
-0.027362
0.047823
0.128092
-0.228537
-0.106640
-0.129744
-0.106150
-0.066473
0.053075
-0.031690
-0.212348
0.066517
-0.026282
-0.132945
-0.053365
-0.056407
0.049625
0.213656
-0.047483
-0.186234
-0.084603
-0.081860
-0.149306
-0.016408
-0.124585
-0.033939
-0.150042
0.062078
0.095274
-0.092728
-0.063855
-0.004000
-0.146324
-0.365512
0.050140
-0.172453
0.022482
0.172245
0.010522
0.079106
-0.020104
-0.082747
0.094577
0.017894
-0.002286
0.122144
0.178032
-0.129369
-0.103940
-0.037141
0.006108
0.086423
0.072670
0.085685
-0.046096
0.084095
-0.267736
0.046843
0.238017
-0.096185
-0.013725
0.058999
0.054297
0.063962
0.039968
-0.067233
-0.066884
-0.022796
-0.042827
-0.067657
-0.010740
-0.003763
-0.018125
-0.001555
0.012459
-0.098501
0.051282
0.072428
0.019641
0.132124
0.016019
-0.057133
0.042310
0.077237
-0.041901
0.015929
0.084287
-0.161694
-0.029275
0.095744
0.067109
-0.103883
-0.038270
-0.018805
0.025695
0.153904
0.047436
-0.204069
-0.103607
-0.018136
-0.094572
-0.052718
-0.125455
0.021319
0.093436
-0.070929
-0.107264
-0.068093
0.027589
-0.178440
-0.039241
-0.040805
0.016058
-0.104653
0.093615
0.056318
0.034923
0.060406
0.011109
-0.056504
-0.002375
-0.238917
-0.065320
-0.036165
-0.085716
0.186183
-0.117854
-0.058722
-0.154778
-0.060498
-0.165936
-0.013010
-0.092393
0.080176
0.066564
-0.208198
0.111456
0.023017
-0.079204
0.003043
-0.024325
-0.036187
0.117715
-0.038558
0.039806
-0.096378
0.106082
-0.027866
0.131552
-0.023957
-0.067034
-0.173605
-0.026444
-0.003552
0.178970
0.104446
-0.161274
0.006922
-0.156430
0.111615
-0.145596
-0.211153
-0.013799
-0.030552
-0.256235
0.014893
-0.130367
-0.044006
-0.219643
-0.094311
-0.059579
0.015651
-0.121731
-0.054669
-0.046018
-0.192742
-0.006115
-0.040757
0.250035
0.070849
-0.188447
0.056902
0.081433
0.090007
-0.109767
0.093839
0.137263
0.106539
0.034019
0.111689
0.102289
0.024674
0.085313
0.035217
0.264275
0.124973
-0.020358
0.055155
-0.172265
-0.111019
0.074551
0.066628
0.035838
-0.067746
-0.150644
0.014964
0.039573
-0.022937
-0.119433
-0.047919
0.066820
-0.129203
0.010373
-0.167926
0.062282
-0.059237
-0.078714
0.024235
-0.091069
-0.012932
0.078297
-0.071904
0.135678
-0.112320
0.016572
-0.029349
-0.121469
-0.130440
-0.083952
-0.076753
0.149983
0.029096
-0.010523
-0.151219
-0.026476
-0.087988
-0.006052
0.075411
-0.134491
-0.119967
0.092205
-0.081038
0.142956
-0.054658
-0.111290
-0.100021
0.097089
0.001419
-0.034346
-0.010832
0.011003
-0.063311
-0.022141
-0.030979
-0.016611
-0.193846
0.099370
-0.055349
0.075202
-0.001265
-0.043671
0.092623
-0.014756
-0.065531
-0.033302
-0.089418
0.062021
-0.036127
-0.102063
-0.145780
-0.035237
-0.019562
0.147107
0.006169
-0.136136
0.070720
-0.167419
-0.023895
0.156916
-0.046839
-0.050780
-0.060448
0.032897
0.164900
0.116862
0.063151
0.082995
0.183966
-0.052575
0.249982
-0.112489
0.069768
-0.091921
0.017673
0.012346
0.017640
0.294431
-0.007395
-0.145510
0.134769
0.095199
0.175408
-0.082177
0.073031
0.005565
0.035616
-0.062887
0.031647
0.086234
0.009578
0.004949
-0.165548
-0.159111
0.049285
-0.003979
-0.041136
0.194376
0.023315
0.070180
-0.025040
-0.225637
0.217258
0.191994
0.040691
-0.086402
-0.013084
0.000957
-0.045161
-0.075810
-0.025555
-0.057734
0.127499
0.017172
-0.102644
0.281106
-0.023248
0.084785
0.045413
-0.086166
-0.149822
-0.090643
0.082044
0.183010
0.109673
-0.032893
-0.142732
0.084475
-0.069194
-0.042059
0.018004
-0.044073
0.203830
0.018559
0.188615
-0.034355
0.023562
0.044551
-0.035147
-0.031240
-0.021031
0.197341
0.033795
-0.069899
0.015314
-0.013333
0.003446
-0.118470
0.055222
0.208729
-0.092603
-0.054362
-0.134519
-0.061824
-0.036278
0.055297
-0.041476
0.052823
-0.109116
-0.066147
0.007252
0.186323
0.185612
0.083535
0.053902
0.211883
-0.234750
0.113955
-0.104623
-0.028440
0.022618
0.029865
-0.027768
0.079039
0.070981
0.058354
0.062323
-0.039098
-0.147771
0.145532
-0.031141
0.014814
0.102973
0.029900
-0.162135
-0.080555
0.079897
-0.058258
-0.074047
0.003503
-0.056849
0.032067
0.087077
-0.041048
0.068432
-0.149279
0.199034
0.016776
0.021097
-0.028428
0.030549
0.070030
-0.015395
0.073968
0.015089
-0.062003
0.205767
0.061692
-0.020326
0.037561
0.109255
-0.018017
0.047111
-0.109325
0.007775
0.066898
0.100716
0.130252
-0.076855
0.097690
0.102239
-0.191489
0.001210
0.227980
0.000004
-0.099891
-0.007739
-0.007046
-0.165649
0.015123
-0.083574
-0.223926
0.049793
-0.152497
-0.054261
-0.064896
0.124983
0.190588
-0.087494
-0.093150
0.067101
0.034352
-0.073215
-0.113722
-0.121703
0.163748
0.131580
0.049327
-0.016756
0.136990
0.265009
-0.183232
-0.109460
0.071686
-0.043454
-0.085857
0.034617
-0.212507
0.075488
0.027597
0.066277
0.045285
-0.216210
-0.127972
0.050652
-0.057453
0.014586
-0.068845
-0.132208
-0.039647
-0.041350
0.029788
-0.196653
0.124635
0.019261
0.000011
0.007659
-0.036920
0.107572
-0.030293
0.222364
0.008161
-0.110051
0.120076
-0.094576
0.034148
-0.044129
0.204562
0.103538
-0.048804
-0.018240
0.108305
0.049921
0.125982
-0.074352
-0.060983
0.047723
0.014901
-0.163989
-0.060699
-0.079631
-0.052841
-0.047797
0.210934
0.106780
-0.008985
-0.030772
0.169766
-0.028673
-0.043888
0.179264
-0.101868
0.024083
0.109752
-0.018199
-0.084734
0.134215
0.064309
0.172526
0.029720
0.167445
0.096706
-0.021704
0.098546
-0.040348
-0.022162
0.158970
-0.159640
0.117467
0.001810
0.035964
0.018246
-0.015808
-0.149340
-0.006273
-0.089071
0.117668
0.028460
-0.004300
-0.034261
-0.016215
-0.028219
0.054751
-0.155852
0.146658
-0.182573
-0.057342
0.002549
0.028359
0.001122
0.073237
-0.124824
0.077657
-0.087271
-0.106963
-0.036834
0.020884
0.042607
0.075426
0.163258
0.024453
-0.123180
0.021543
0.017353
-0.061347
-0.022927
-0.059524
0.014031
-0.189822
0.094042
0.230257
-0.004015
-0.068688
0.193595
-0.129108
-0.083504
0.049648
-0.128444
-0.141865
-0.087296
-0.026060
0.055266
-0.030775
-0.059895
0.190495
0.094911
0.092148
-0.058765
-0.231303
0.105262
-0.139154
0.071288
-0.027713
-0.060784
0.017493
-0.181839
-0.023355
-0.009050
-0.073738
-0.019327
-0.075121
-0.013289
0.101087
0.004553
-0.043044
-0.125899
0.019821
0.048464
0.021278
-0.328297
0.011033
-0.044999
0.103080
-0.028566
0.148449
0.108020
-0.061615
-0.075351
0.093375
0.063643
0.068710
-0.012584
0.014878
0.141117
-0.144905
-0.006017
-0.000368
0.130509
0.080195
0.091810
0.123404
-0.067045
-0.117841
-0.176107
0.157720
0.113394
0.096831
0.112470
0.117562
-0.085125
0.047773
-0.058187
0.093853
-0.152794
0.017434
-0.129529
-0.049516
-0.222652
-0.030020
-0.097846
-0.056877
0.012311
0.063727
-0.040425
-0.014753
-0.090242
-0.011501
-0.134723
-0.044951
-0.240107
0.106354
0.154401
0.137129
0.091228
-0.026590
-0.125553
-0.075546
-0.108140
0.040606
-0.051647
0.120292
0.012797
0.135162
0.048986
0.002041
-0.078793
0.049363
0.069762
-0.060329
-0.049583
0.343460
0.258213
0.020027
0.083286
0.048847
0.091459
-0.100712
0.088103
-0.006250
-0.142754
0.083315
-0.268634
-0.004567
-0.111699
0.073984
0.042027
-0.081646
-0.009156
0.169876
0.109220
0.227036
0.013294
0.021546
0.065610
-0.013055
-0.225584
0.053248
0.087249
-0.007868
0.099155
0.047602
-0.049433
0.057205
0.120732
-0.155345
0.043162
0.070787
0.017652
-0.029775
-0.012681
0.095769
-0.028419
0.031165
-0.075574
0.039057
-0.072722
-0.083315
-0.042906
-0.044537
0.119373
-0.051187
0.069198
-0.074118
-0.019039
0.105568
0.081667
0.005115
-0.135624
-0.069105
0.042326
-0.008801
-0.044072
0.120653
-0.087790
-0.027505
-0.291728
-0.039633
0.048068
-0.011749
-0.147400
-0.130385
-0.046081
-0.009939
0.106566
0.096682
-0.046637
-0.095047
0.090101
-0.032029
-0.015658
-0.023844
0.004465
0.117147
0.117476
-0.021301
0.089404
0.163792
0.162575
-0.002374
0.015363
0.162555
0.057159
0.022282
-0.040544
-0.165279
0.006169
-0.118558
0.021221
-0.103919
0.032564
-0.046630
0.009941
-0.076685
-0.135652
0.074456
-0.108949
-0.084078
0.057300
-0.007262
0.207402
0.058640
0.028208
-0.202477
-0.022299
0.156791
-0.064248
-0.121180
0.050911
0.076103
-0.107311
-0.021241
0.018569
-0.138723
-0.052667
-0.169051
0.054560
0.041352
-0.090867
-0.118037
-0.001769
0.083113
-0.126578
0.111108
-0.061672
-0.066727
-0.007231
0.015809
-0.036224
0.027021
-0.029900
0.047298
-0.020956
-0.186857
-0.108093
-0.032310
0.016030
-0.040008
-0.037653
0.042254
-0.040324
0.126925
0.109442
-0.007436
-0.016240
-0.085701
0.008990
0.134303
0.087369
0.066752
-0.098241
-0.013858
-0.172735
0.113219
-0.094625
0.008327
-0.059121
0.202008
0.065322
0.203545
-0.166365
0.061619
-0.027403
-0.116650
0.074830
0.118413
-0.131888
-0.058455
-0.101757
-0.215324
-0.002550
-0.091924
-0.036212
-0.143427
0.181187
-0.014250
0.104777
0.159769
0.022366
0.134921
0.184084
-0.058969
0.008571
-0.048339
0.011742
0.016442
-0.063078
0.009939
-0.072632
0.107732
0.122123
-0.046098
0.170082
0.040730
-0.241422
-0.012798
-0.181811
-0.021819
0.092627
0.053808
-0.054594
-0.228885
-0.057302
0.247676
0.112925
-0.162529
0.153235
-0.008247
0.049480
-0.116308
0.200069
-0.146348
0.019627
0.121010
0.152901
0.093394
0.175014
0.125456
-0.113651
-0.026906
0.144602
-0.091588
0.005419
0.090743
0.020599
0.005935
-0.060456
0.213970
-0.093239
-0.073763
0.088279
-0.090080
0.196422
-0.051597
-0.052682
0.106463
-0.110391
-0.111460
0.216424
0.009607
-0.077013
0.049221
-0.047661
0.068858
0.141950
-0.046760
0.051785
-0.034503
-0.118892
-0.003475
0.063047
-0.091415
-0.154567
0.078803
0.227870
0.169809
-0.036012
0.035660
-0.063224
0.038001
-0.046373
-0.086731
0.042114
0.071330
0.004463
-0.015042
0.000706
0.070463
0.191074
-0.015595
-0.069603
-0.026328
-0.109789
-0.008890
-0.178912
-0.242446
-0.082157
-0.028420
-0.121193
0.091477
-0.017936
0.005095
-0.135772
-0.010337
0.030790
0.036854
-0.069993
-0.027839
0.037784
-0.052066
-0.017616
0.193294
-0.105614
-0.138632
0.003518
-0.051722
0.124585
-0.049537
0.048332
0.248295
-0.132267
-0.072477
0.002108
-0.207398
-0.054827
0.138607
-0.027363
0.041105
-0.078719
-0.001767
-0.019833
-0.200687
0.093649
-0.133796
0.209305
-0.020811
-0.132454
0.144968
-0.128254
0.064881
-0.041638
-0.087996
0.053742
-0.094011
-0.208809
0.177816
0.122405
-0.010007
-0.031629
-0.107852
0.079366
-0.028265
-0.071108
-0.079338
0.002382
-0.096200
0.009799
-0.029391
-0.096578
0.037508
-0.068970
-0.109487
-0.083017
-0.016899
0.043525
-0.015645
-0.096716
0.055643
-0.090701
0.099693
0.194501
0.055648
0.164637
0.066761
0.134262
-0.025124
-0.015534
0.036626
-0.208968
0.088943
0.202790
-0.056038
-0.084394
-0.005993
0.189740
-0.110272
0.026866
-0.176781
-0.016532
-0.027495
0.226925
-0.092439
-0.052974
-0.013932
0.171504
-0.167677
-0.052065
-0.052056
-0.085053
0.042885
0.145974
0.130862
0.118499
-0.126455
-0.028301
-0.153778
0.155300
0.225632
0.063378
0.027099
-0.108851
-0.062574
-0.170011
0.064374
-0.067549
-0.052023
0.053190
0.187491
0.107944
-0.050959
0.148367
-0.002415
0.025758
-0.110677
-0.025675
-0.202431
0.082390
-0.241592
-0.134792
0.148869
-0.042537
-0.245343
0.000328
-0.307300
-0.074546
0.054520
0.019138
-0.037837
0.006926
0.149849
-0.198880
0.077032
0.069391
0.066681
0.017170
0.038216
-0.091741
-0.051125
-0.215930
-0.155040
0.040773
-0.064025
-0.087013
-0.248978
-0.081299
-0.119371
-0.142377
0.057936
-0.080551
-0.207600
0.154727
0.012066
0.161606
-0.037947
-0.283093
-0.016591
0.080083
0.066515
0.117053
-0.009741
0.040035
-0.046414
0.179595
-0.036572
-0.148181
-0.069280
-0.095302
0.064521
0.033905
0.001235
0.073402
-0.210396
-0.015866
-0.166868
0.008016
-0.184588
0.111894
-0.013629
0.001132
-0.093647
-0.095977
-0.097444
0.182232
-0.048178
-0.065395
0.044011
-0.079274
0.029312
0.037727
0.113722
0.013380
0.120254
0.263585
0.192685
0.009559
-0.015924
-0.051333
0.135877
-0.037198
0.210873
-0.128679
-0.093091
-0.089809
0.306534
-0.168705
-0.082703
0.071198
0.015693
-0.036173
0.203052
-0.035117
0.009811
-0.039913
0.140593
0.054128
0.004920
-0.002972
0.199334
-0.022633
-0.067483
0.071416
0.010263
0.029856
-0.012531
-0.074792
-0.045074
0.062637
-0.112451
0.075902
0.068150
0.085224
0.156465
-0.180704
0.058847
0.083594
0.170380
0.023459
0.007407
-0.197038
-0.091758
-0.178143
0.285839
-0.069564
-0.034814
0.014016
-0.055679
-0.079352
-0.159623
-0.030092
0.020739
0.006619
0.077376
0.034099
-0.170415
0.054139
0.012434
0.057208
-0.122218
-0.079323
-0.207954
0.015939
0.042930
-0.105665
0.040053
-0.042310
-0.088668
0.061704
-0.255501
-0.179606
0.053400
-0.117569
-0.090899
0.304178
0.056113
-0.178648
-0.020401
0.001456
-0.048615
-0.154263
0.045050
0.214362
0.005912
-0.110827
-0.042393
-0.147744
-0.089758
0.062822
0.122416
0.096291
0.088548
-0.140395
0.044494
-0.103259
0.059967
0.141405
-0.157318
0.139959
0.104033
0.030268
0.143979
0.106742
0.085777
0.023348
0.035749
-0.025848
-0.095292
0.063922
-0.089628
-0.050503
-0.072606
-0.369472
-0.127805
0.026416
-0.094293
-0.141371
-0.077119
0.021873
0.129498
-0.134054
0.209945
-0.013882
-0.136508
-0.001706
-0.107357
0.082157
0.162815
0.136817
0.014672
0.052592
-0.040407
-0.090062
-0.105511
0.077751
0.157092
0.000456
0.017117
0.018702
-0.152921
0.032769
0.048195
0.005233
-0.070303
-0.172028
0.016734
0.017427
0.181320
0.075660
0.023179
0.043240
0.052445
0.044231
0.090722
0.057649
-0.011809
-0.119361
0.171541
-0.220154
-0.085093
0.244085
-0.090695
-0.131452
0.022885
-0.052396
-0.021780
-0.057239
-0.145404
-0.198581
0.059047
0.031028
-0.000072
0.194474
0.021793
0.024329
0.128316
0.168684
-0.112376
-0.008742
0.218493
0.149061
0.001585
-0.226386
-0.016072
-0.049750
-0.071384
-0.000736
-0.010042
0.000680
0.019137
-0.117340
-0.050939
0.001524
0.043062
-0.112180
0.024966
-0.048560
-0.077365
-0.067422
0.054853
-0.022349
0.070419
-0.064574
-0.049712
-0.117946
-0.016267
-0.133390
0.024987
-0.167093
-0.125686
-0.060841
0.013073
-0.031745
-0.023104
-0.058726
0.019861
-0.080172
-0.098259
-0.055449
0.108267
-0.211411
-0.135410
0.014028
0.017288
-0.158470
-0.067478
0.031695
0.021773
0.006250
-0.008919
0.139163
0.139674
0.188923
-0.101662
0.015889
-0.175347
-0.254440
0.062018
-0.066387
-0.095538
-0.039108
-0.093067
0.024229
0.033126
0.060701
0.049494
0.068759
0.020741
0.150360
0.095050
-0.035304
-0.067252
0.136728
0.054760
0.051584
0.025987
0.032219
0.135178
-0.115850
0.001107
-0.008761
0.091823
0.222573
0.086939
-0.090865
0.064101
0.039272
0.028154
-0.023970
-0.050044
0.034795
-0.108898
0.034603
0.000670
-0.108658
0.081776
0.140864
0.024799
-0.033315
-0.083229
-0.005629
0.054425
-0.008169
0.147253
-0.068354
-0.088253
-0.113166
0.045083
-0.067559
-0.080736
-0.040324
0.032458
-0.155249
0.004062
0.144836
0.020555
0.092827
0.049772
-0.106367
-0.200542
0.041603
0.204700
0.027092
0.002940
0.039443
-0.018514
-0.110805
-0.044218
0.119677
0.103783
0.082260
-0.095003
-0.051240
-0.044474
-0.077255
0.161964
-0.064684
-0.130696
-0.013568
0.254937
-0.121104
-0.108573
0.084570
0.144788
-0.021310
0.117919
-0.174052
-0.005525
-0.156617
0.090097
0.074928
0.081674
0.016343
-0.096358
0.014238
0.026648
-0.051927
-0.081555
-0.216791
0.117466
0.086067
-0.204070
0.101661
0.084768
0.098811
0.031060
-0.113582
0.041408
0.126429
-0.143734
-0.027782
-0.054927
-0.042098
-0.028171
-0.074726
0.035196
-0.186856
0.057732
0.006453
0.038207
-0.154302
-0.035705
-0.023867
0.205667
0.023741
0.082929
-0.124233
-0.034689
0.046819
0.006124
0.070178
-0.018735
0.219098
0.073566
-0.094075
-0.078282
-0.012756
0.128478
0.049690
-0.031237
0.008860
0.228293
-0.010613
-0.006643
0.025783
0.048480
0.043926
-0.116961
0.054922
-0.117620
-0.103299
-0.103691
0.018371
-0.107788
0.126777
0.031763
-0.012609
-0.123748
0.111853
0.067912
0.098065
-0.156071
0.329668
0.025893
0.129484
-0.047064
0.008030
0.012445
-0.064223
-0.010940
-0.052151
-0.051502
-0.110213
0.147961
0.038317
-0.032762
-0.040704
0.106781
0.040801
-0.042509
-0.042294
-0.111548
0.269782
-0.133931
-0.013843
0.017046
0.161656
0.048653
0.185508
-0.046073
0.014535
0.006287
0.068859
0.080124
-0.064348
-0.086393
0.075487
-0.057554
0.074849
-0.020720
0.123648
-0.162575
0.128841
-0.067665
-0.049800
0.085210
0.099862
0.125829
0.027066
-0.114786
0.017019
-0.002750
0.075150
-0.023367
0.083627
-0.122378
0.127748
-0.047949
-0.055870
-0.031211
-0.039197
0.055956
0.099312
-0.080485
0.078715
0.044645
0.039077
0.088621
0.220467
0.001050
-0.054239
0.322704
0.048112
0.106322
0.009573
0.051767
-0.040805
-0.178041
-0.007292
-0.189883
-0.075361
0.121475
0.170936
0.084141
-0.050304
-0.022629
-0.022139
0.085061
-0.021037
0.004911
0.173498
0.122614
-0.237746
0.072582
-0.020556
0.024997
-0.151132
-0.011135
-0.103284
-0.092548
-0.170505
-0.094252
-0.046476
-0.060859
0.149867
0.120755
-0.024192
-0.071580
-0.011021
0.190848
0.146479
-0.033608
-0.005004
-0.084290
0.015368
-0.037456
-0.022899
0.021623
0.040443
-0.030601
0.018832
-0.051594
0.012528
0.030006
0.142952
-0.030962
0.060495
0.047938
0.076935
-0.173770
-0.097623
-0.068519
-0.060431
-0.002968
0.175278
0.048767
-0.029100
-0.061092
-0.003554
0.149873
0.085368
0.020735
-0.068232
-0.008626
-0.049546
-0.019549
-0.077767
0.126299
0.008604
0.196091
0.065313
0.042770
-0.047539
0.022189
0.183895
0.016955
-0.165526
-0.028958
-0.063267
-0.051611
-0.073541
-0.025236
0.048477
-0.067302
-0.030735
-0.013465
0.143514
0.008068
0.120262
-0.122675
-0.033125
-0.042525
-0.093305
0.176676
0.102942
0.013298
-0.036257
0.046149
-0.025310
-0.038104
-0.030230
-0.021207
0.062452
0.135700
-0.070607
-0.028444
-0.067308
-0.066480
-0.034669
0.199421
0.153751
-0.085058
-0.079973
-0.186576
0.116044
-0.020980
0.061159
0.015295
-0.023137
-0.025112
-0.068367
-0.108047
-0.004345
0.122983
-0.186352
-0.087762
-0.085147
0.029886
-0.138036
-0.084112
0.059699
-0.038697
0.102124
-0.076963
-0.031212
0.111176
-0.058656
0.072104
0.042978
-0.025468
0.018747
0.081271
-0.050773
0.031853
0.028605
0.055902
0.016789
0.043914
-0.108655
-0.076496
-0.001163
0.075153
-0.021116
-0.022915
0.087145
-0.069512
0.042354
0.088451
-0.037182
0.017354
-0.009561
0.062051
0.045098
0.099317
-0.109022
-0.041530
-0.126383
-0.076239
-0.052494
-0.059848
0.130670
0.062513
0.069823
-0.007462
-0.207082
0.137118
-0.096819
-0.044734
-0.033866
-0.028490
0.101485
0.070405
0.083336
-0.050196
-0.111105
0.103933
-0.029921
0.057136
-0.169380
0.041381
0.018008
0.019720
0.054648
-0.115357
0.035056
0.236322
0.067850
0.007081
0.088158
0.016364
-0.016814
-0.190874
0.144439
0.036397
0.036827
0.140273
-0.047591
-0.018763
-0.077854
-0.010048
0.373909
-0.043764
0.085861
-0.055131
-0.186773
-0.129008
0.000358
0.018983
0.090547
-0.066598
-0.190238
-0.059878
-0.238446
-0.016159
-0.047770
0.122512
0.241049
0.075529
0.088700
0.094108
-0.064260
0.075830
-0.112489
-0.025941
0.096312
-0.053925
0.112807
0.093642
-0.101784
0.022605
-0.064050
-0.048713
-0.112994
-0.124414
0.154516
0.067717
0.131270
0.090889
0.021522
0.104785
-0.006472
0.171512
-0.010186
-0.236086
0.050233
-0.132349
-0.058416
0.164510
-0.005759
0.005846
0.010512
0.076012
-0.145534
-0.186871
0.081562
-0.041548
-0.141754
0.106390
0.004364
-0.221113
0.165729
-0.013374
0.032748
-0.033543
-0.005520
0.016450
0.005884
0.057396
0.161750
0.017580
0.039812
-0.054372
0.000577
-0.022719
0.104481
-0.022735
-0.086226
-0.064478
-0.278999
-0.106270
-0.136637
-0.129531
-0.081796
0.001269
0.077341
-0.054580
-0.120086
-0.049591
0.115577
0.050759
-0.000869
0.147206
0.003934
-0.006162
-0.061813
-0.014281
0.219134
-0.041125
0.036647
0.093564
-0.311052
0.016238
0.259912
-0.015764
0.035114
0.125975
-0.030148
0.010623
0.051565
-0.085593
-0.051231
-0.002686
-0.225464
-0.053235
0.149969
-0.078314
0.026301
0.041127
0.090583
0.236906
-0.189376
-0.092060
-0.067407
-0.068359
0.018264
-0.164126
0.011214
0.240287
-0.030709
-0.002288
0.005953
-0.146368
-0.183803
-0.001093
-0.147937
0.040633
-0.046800
-0.038345
-0.016382
-0.066040
0.019022
0.024266
0.137526
0.002349
-0.117480
-0.041797
-0.007036
0.051386
-0.042109
-0.049070
0.015304
0.226611
-0.152772
0.061856
-0.103386
0.002739
-0.063147
-0.033573
0.247554
-0.004848
0.022551
-0.055175
0.198783
0.058809
0.032279
0.196673
0.140767
-0.137213
-0.098620
-0.009573
0.029375
0.063101
-0.074148
-0.113702
-0.057695
-0.045663
0.003625
-0.114473
0.001406
0.054283
0.096333
-0.150107
-0.089628
-0.088376
-0.005911
0.186036
0.084810
0.135206
-0.004370
-0.042527
0.156473
0.271873
0.250483
0.231878
-0.030276
-0.070836
0.185323
0.038132
0.102276
-0.087363
0.161542
0.011489
0.229031
0.088066
0.033508
-0.004356
0.042869
0.071507
0.081239
0.001651
-0.158693
0.123829
0.060187
-0.031481
-0.066700
-0.078416
-0.019848
-0.075829
-0.040599
0.193390
0.185317
0.026162
0.133523
0.001410
-0.133766
-0.025316
-0.178178
0.153079
-0.187746
0.006043
-0.083877
0.098986
-0.098469
0.037723
0.148141
0.095068
0.016552
0.106322
0.086971
-0.032586
0.016212
-0.000868
-0.015778
-0.052313
-0.104826
0.210982
0.108367
0.067662
0.179955
0.097805
0.042892
0.017423
0.041749
0.081777
0.000383
-0.016563
-0.211638
0.000782
-0.254397
-0.041255
-0.103380
-0.040272
-0.042485
0.137947
0.048897
-0.136055
-0.114959
0.145558
0.121720
-0.050949
0.011831
-0.032337
-0.059261
-0.140923
-0.092916
0.035661
0.223479
0.064795
-0.005223
0.026757
-0.030385
0.079002
-0.129263
-0.133332
-0.199698
0.075277
0.174525
-0.037349
0.050657
0.174492
0.004019
0.078140
0.109892
-0.038456
0.031476
-0.050614
-0.159828
-0.072645
-0.052420
-0.198033
0.197857
-0.028620
-0.162217
-0.039687
-0.210282
-0.003618
-0.068233
-0.125126
-0.152591
-0.016305
0.083897
-0.012825
0.024948
0.089747
0.034824
0.000128
0.029405
-0.006245
-0.159104
0.115381
0.223364
-0.066893
-0.040666
0.017059
0.089370
-0.125455
0.001975
-0.189130
0.015720
0.105244
0.025442
-0.168466
0.000429
0.069086
-0.074548
-0.183737
0.206549
-0.169895
-0.052467
-0.055624
0.067742
0.004385
0.241760
-0.022419
0.071442
0.011212
0.202144
0.246752
-0.122441
0.008332
0.023254
0.077007
-0.003707
0.011348
-0.090775
-0.024690
0.010633
-0.042737
-0.049630
-0.052956
0.138060
0.020867
-0.095386
0.085914
0.140637
-0.067936
-0.112642
0.079896
0.085972
-0.133051
0.123331
0.159651
-0.284993
0.249730
-0.026210
-0.034852
0.144179
-0.032335
-0.023614
-0.080809
0.063807
0.044715
-0.118648
0.020289
0.098064
-0.012224
-0.076616
-0.044738
0.037962
0.071711
0.065581
0.073780
-0.064678
-0.107997
0.054863
-0.027236
0.027230
0.118203
0.130019
0.240168
-0.025678
-0.095990
-0.046979
0.144827
0.043452
-0.166444
-0.038519
-0.074425
-0.010083
-0.012333
0.188149
0.041795
-0.104762
-0.011705
-0.053130
-0.074610
-0.140511
-0.056587
-0.005803
-0.217372
0.008198
-0.113449
-0.030665
0.218145
-0.046344
0.063824
-0.045489
0.118737
-0.072730
-0.017895
-0.045309
-0.013181
0.037085
-0.009025
0.014385
0.073376
-0.024385
-0.211089
0.014370
-0.154306
0.190612
-0.156814
-0.015523
-0.183000
0.019050
0.075594
-0.096362
0.099464
-0.175208
-0.158217
0.117115
0.144385
-0.162818
0.149199
-0.092896
-0.087806
-0.102501
0.000302
0.053737
-0.264027
-0.056891
-0.051483
-0.044363
0.149584
0.128431
-0.017903
0.068537
0.084568
-0.138781
-0.149282
0.070488
0.115626
-0.046239
-0.026669
-0.141000
-0.041797
-0.026127
0.073549
0.005036
0.083124
0.030478
0.023982
-0.011254
0.053924
0.110966
-0.192241
-0.026358
0.122116
-0.042913
0.164085
0.108239
-0.077992
-0.078522
-0.009946
0.012796
0.024955
0.152928
0.029564
-0.169750
0.159336
0.040124
-0.004342
-0.015350
0.104611
0.026755
-0.262223
-0.003509
0.165268
-0.053456
-0.156811
0.002439
0.048534
-0.105944
0.151232
-0.146786
0.135359
-0.127879
0.129191
-0.024724
0.122520
-0.023785
0.096779
-0.070867
0.081749
-0.061933
0.038163
-0.024918
0.105220
0.032538
0.063201
0.116306
-0.165182
-0.034471
0.140447
-0.051205
0.055287
0.110213
0.145115
0.039498
-0.053497
-0.178997
-0.120988
0.028470
-0.076895
-0.151836
-0.050892
-0.207979
-0.139131
-0.031512
-0.023748
0.090328
-0.099405
0.116018
0.116662
-0.135089
-0.078342
-0.016478
-0.113087
0.104866
0.063187
-0.016467
-0.086489
0.026095
0.133536
-0.019876
-0.006954
-0.098612
0.124828
-0.028919
0.065636
0.042198
0.142553
-0.008336
0.045073
0.095497
0.037595
-0.128253
-0.063640
-0.052889
-0.001519
-0.054219
0.172206
0.050882
0.027762
0.012839
0.004052
0.008844
-0.220840
0.098626
0.197648
0.105530
-0.093026
0.095943
-0.108359
0.037342
-0.028170
0.122152
-0.010592
0.021695
0.089075
-0.100801
0.043539
-0.051640
0.206616
0.010648
0.070663
-0.023396
0.039958
0.027474
-0.077979
-0.011042
-0.081838
0.081186
-0.044110
0.002224
-0.075773
-0.000807
0.048842
-0.012133
0.046740
0.052762
-0.078573
0.006959
-0.169236
0.000759
0.028552
-0.314581
0.028252
0.003395
0.226908
0.109451
0.108077
-0.032287
0.117533
0.027050
0.142321
0.026528
0.044718
0.111959
-0.196597
-0.018257
0.079743
-0.079313
0.007412
0.006387
0.123879
0.031189
0.048853
0.057421
-0.106762
0.116047
-0.001337
-0.062918
0.087640
0.165733
-0.118917
-0.072617
-0.034293
0.036662
0.056575
0.156674
-0.006465
0.076803
0.253721
0.008961
-0.114778
-0.044259
0.179443
0.009720
0.018665
0.088252
-0.062051
0.066821
0.012732
-0.066541
-0.042801
0.008001
0.159561
0.185101
-0.163868
0.033818
0.012875
0.073486
-0.028313
0.153111
0.115046
-0.157084
-0.078233
0.138858
0.050628
0.095133
0.115505
-0.030628
0.216496
-0.083557
0.026981
-0.188796
-0.078949
-0.038486
0.024767
0.112808
0.008595
0.223417
-0.112049
0.100796
-0.001527
-0.001477
0.126083
0.105622
0.002328
-0.092334
0.159700
-0.101333
0.133879
0.083097
-0.091771
-0.065366
0.111486
-0.130797
0.044350
-0.047902
0.220971
-0.015326
-0.013546
0.034380
-0.287959
0.171408
-0.007149
0.196495
-0.020079
-0.210023
-0.006577
-0.044543
0.108573
-0.057566
0.066977
-0.101436
0.129066
0.025004
-0.127547
0.046854
-0.016722
0.022834
-0.027016
0.142798
-0.015426
0.099854
-0.097087
-0.003972
-0.054880
-0.152179
-0.076102
-0.057265
0.126297
-0.038131
0.126735
-0.100858
-0.024200
-0.079842
-0.068821
-0.119213
-0.288062
-0.073674
0.031772
-0.249534
0.122497
-0.050310
-0.123592
-0.078826
-0.031854
-0.088097
0.345572
0.013931
0.025802
0.028753
0.053093
0.101843
0.109362
-0.145626
-0.065214
0.158717
0.246101
-0.007877
-0.063497
0.077712
-0.035385
0.094087
0.051075
-0.095178
-0.037646
0.010554
-0.254487
0.078857
0.119850
0.037186
-0.049079
-0.133912
0.027675
-0.194356
-0.104565
0.138852
-0.001315
-0.036081
0.033355
0.074333
-0.170764
0.099716
0.145536
-0.067282
-0.006077
-0.062065
0.073541
0.176072
-0.120761
0.081016
-0.072510
0.067932
-0.110733
-0.119731
0.006507
-0.053816
0.069479
-0.055622
0.083946
0.135499
-0.029719
0.142597
0.137608
0.067323
0.093998
0.153543
0.036079
-0.045436
-0.105888
-0.085209
-0.000968
0.021506
-0.128536
-0.123456
0.109200
0.083152
0.030790
0.212646
-0.042304
-0.046079
0.083981
0.115117
0.095606
0.047475
-0.149488
-0.036028
-0.016446
0.109001
0.010178
0.001357
-0.068113
-0.088225
0.075023
-0.050029
0.141973
0.140464
-0.121555
0.080776
0.003752
0.076920
-0.015364
-0.198056
-0.066660
-0.083879
0.123500
-0.072554
-0.058905
-0.175056
-0.136397
-0.087361
-0.012507
0.068692
-0.012784
-0.125012
-0.097473
-0.094333
0.035942
0.044767
-0.043037
-0.048334
-0.066054
0.328077
-0.022454
0.175590
0.065001
0.034132
0.081605
0.076645
0.076249
0.007288
-0.078102
0.079023
-0.142841
0.020829
-0.054706
-0.088979
0.025972
-0.007154
0.028176
-0.032465
-0.001741
-0.063448
-0.066271
-0.079140
0.007230
0.143529
-0.061290
-0.054416
-0.046782
0.059559
0.076738
-0.169588
0.141105
0.032642
-0.015134
-0.144628
-0.157824
0.086714
-0.017140
-0.016558
-0.158995
0.003508
-0.007665
-0.005209
-0.025820
-0.049434
-0.099206
0.004476
0.223357
0.223054
0.029033
0.003222
0.004634
-0.062103
0.059645
0.063256
-0.049221
-0.067093
0.072858
0.048016
-0.142695
-0.179842
-0.168841
-0.003022
-0.011637
-0.078822
0.031535
-0.063021
-0.246069
0.041158
0.107900
0.135285
-0.023411
0.044438
-0.003564
0.143369
-0.109003
0.002464
0.104538
-0.042911
0.082552
-0.262363
-0.060432
0.042334
-0.063032
-0.138079
0.164362
0.080300
0.029276
0.088831
-0.037659
0.134915
-0.033279
-0.018594
0.013487
0.101189
0.086502
-0.157677
0.010758
0.080609
-0.097356
-0.153994
-0.121122
-0.093375
0.025145
0.131486
-0.129113
-0.120002
-0.007016
0.088392
-0.007900
-0.005850
0.022006
0.180924
0.103412
0.043728
0.039567
-0.060211
0.231682
0.232398
-0.025334
0.077862
0.116815
-0.009310
0.051718
-0.140897
0.046056
0.025470
-0.037677
0.028365
-0.006983
-0.061521
-0.056529
-0.039677
0.097385
0.007727
0.047055
-0.093466
0.048075
0.115083
-0.162527
0.028436
-0.022299
-0.132117
0.061746
-0.079869
-0.053561
-0.002096
0.044367
0.066134
-0.047839
0.072108
-0.035564
0.155125
-0.039880
-0.138644
0.027143
0.004687
-0.000986
-0.080909
-0.001105
-0.019951
0.005909
0.116746
-0.064450
-0.083342
0.187556
-0.016963
0.142270
-0.096085
-0.065834
0.099568
0.073582
-0.100258
-0.193416
-0.012409
-0.018062
-0.042966
0.109100
0.114999
-0.045754
0.119848
-0.136057
0.139164
0.007166
0.067979
0.051875
0.138054
-0.136911
-0.227007
-0.069245
-0.125802
-0.126131
-0.034802
0.086353
0.041869
0.083235
0.108233
-0.105503
0.133076
0.065873
0.154588
-0.058132
0.040366
0.001634
-0.236725
0.148608
0.019707
-0.135598
-0.271448
-0.148163
-0.044206
-0.029184
0.033618
0.160033
-0.056574
0.041431
0.109901
0.016325
-0.188443
0.050290
-0.021774
0.026002
-0.013760
0.008227
0.166088
-0.030326
-0.140657
-0.131385
0.084637
-0.099291
0.057081
-0.047490
-0.123031
-0.049826
0.081576
-0.165419
-0.078030
-0.160579
0.123063
0.197598
-0.203028
0.189782
0.024514
0.256934
0.063467
-0.034526
0.120990
-0.138642
-0.042487
-0.031506
0.047929
-0.028572
-0.068040
-0.213724
-0.009833
-0.024492
0.073863
-0.069885
-0.029516
-0.056289
0.118000
0.058472
0.071469
0.191999
0.002508
0.118023
0.071840
-0.110920
0.006966
0.047444
-0.172042
-0.076958
0.003117
0.140101
-0.075586
-0.099106
0.024049
-0.247034
0.059573
0.068630
-0.119651
0.118288
-0.089680
0.014391
0.035227
-0.032182
-0.014786
0.128219
0.041819
-0.018216
0.006474
-0.099698
0.088633
0.118054
-0.110793
0.114002
0.048014
-0.067733
-0.094520
-0.195335
-0.130321
0.025851
-0.006420
-0.066361
0.100431
0.060149
0.022143
0.084567
0.020221
-0.013498
-0.152803
-0.007663
-0.001907
-0.121990
-0.209379
-0.102298
-0.117950
0.044965
0.143166
-0.193354
0.055685
0.157965
-0.224196
0.089349
0.105101
-0.060588
-0.040790
-0.083454
-0.023473
0.046091
-0.012657
-0.042538
0.102021
-0.146851
0.099575
-0.148470
0.093643
-0.033887
0.121704
-0.061785
-0.169810
-0.270797
0.238602
0.107918
0.232862
-0.045685
0.112994
-0.053253
-0.009418
-0.064678
0.169979
0.110136
-0.042482
0.042034
0.092836
-0.160943
0.020499
-0.030849
-0.171397
-0.006863
0.189826
-0.049293
0.037032
0.101619
-0.084041
0.167902
-0.053608
-0.021847
-0.107017
0.027201
0.002803
-0.095919
-0.029029
0.059538
-0.029890
0.044988
0.009685
0.010533
0.112743
0.042672
0.074286
-0.058141
0.049695
0.070501
-0.018126
-0.070064
0.003990
0.000669
0.058102
-0.047512
-0.081062
-0.044782
-0.077588
-0.085086
-0.014851
-0.165133
0.100261
-0.061436
-0.029852
-0.119590
-0.066863
0.021654
-0.061697
-0.075376
-0.048049
0.018851
-0.076956
-0.118326
-0.017323
-0.008742
-0.111283
-0.003376
0.088402
-0.136501
-0.031592
-0.003707
0.050573
0.014593
0.003996
0.145484
0.155572
-0.124927
0.016715
-0.236681
0.015673
0.036032
-0.003166
-0.082165
-0.003817
-0.106484
-0.125806
-0.056305
-0.215496
0.063300
0.136391
0.019585
0.063742
0.185324
0.045490
-0.241424
0.016753
0.185198
-0.031851
-0.017620
0.084195
-0.084104
-0.087026
-0.083627
0.030945
0.010007
0.090482
-0.035070
0.090314
0.004781
0.138001
-0.023763
-0.080533
-0.007641
0.100519
-0.085081
0.005745
-0.006354
-0.153456
0.141448
-0.220804
0.058988
-0.242059
-0.188753
0.106049
0.037210
0.136086
-0.029286
0.118463
-0.005122
0.050566
-0.089937
0.069337
0.086781
-0.160973
0.131053
0.085321
-0.004183
0.049776
0.005226
-0.011872
-0.017181
0.138047
0.150821
-0.046329
0.020581
0.151286
-0.006262
-0.165349
0.135297
-0.011842
0.146031
0.183796
0.181290
-0.026121
0.095753
0.025020
-0.140470
-0.018438
-0.102034
-0.047812
0.042954
-0.057888
-0.032414
0.010606
-0.001888
0.105187
0.156549
0.178914
0.103733
0.103324
-0.058943
-0.077635
-0.114666
-0.035835
0.035642
0.134284
-0.093450
0.065433
-0.020299
0.064055
-0.067695
-0.197190
-0.003839
-0.096671
0.056081
0.000415
0.057251
-0.087709
-0.044981
-0.012739
0.047670
0.195657
0.056663
0.032718
-0.055666
0.112024
-0.123927
0.101964
0.076623
0.003530
0.007388
-0.036190
-0.058820
-0.070867
-0.074376
0.005536
-0.043215
0.105046
0.005070
0.068418
0.069772
-0.006532
0.148415
-0.049485
-0.073002
0.051349
-0.055182
0.028767
-0.007566
-0.046401
-0.147788
-0.040611
-0.085318
0.124613
0.056389
-0.090514
-0.041801
0.109380
-0.032250
0.129427
-0.030693
0.048508
-0.000146
0.110331
-0.050010
-0.083779
0.087315
0.109522
0.155660
-0.086587
0.135155
-0.167617
0.040789
-0.142112
-0.081912
-0.005000
0.073725
-0.130109
-0.046754
0.169236
-0.039908
0.143760
0.171393
-0.053396
0.166814
0.019331
-0.130939
0.093701
0.175748
-0.093715
-0.056902
0.052345
-0.020908
0.016211
0.063209
-0.092895
0.091273
-0.146109
0.062476
-0.025337
0.058931
0.106307
-0.023620
-0.024718
-0.113138
0.020260
0.041491
0.100552
0.000465
0.073782
0.095530
0.026793
-0.027229
-0.007697
0.028221
-0.104822
-0.065985
-0.126656
0.075876
0.107023
-0.002569
0.080267
-0.112211
-0.006371
0.069498
-0.057038
-0.154162
-0.023649
0.030198
-0.017884
0.135634
0.164648
0.066593
-0.028662
-0.097532
-0.069624
-0.160477
0.177407
0.138253
-0.114507
0.000935
0.087486
0.058955
0.063071
0.084710
-0.045766
0.072753
-0.048912
0.220650
-0.081062
0.055656
0.136284
-0.077933
-0.000409
0.008870
0.066255
0.128151
-0.079294
-0.123436
0.089913
-0.064420
0.071389
0.179770
0.047205
-0.210827
0.037241
-0.025611
-0.003652
0.021656
0.165788
0.168560
-0.035308
-0.129246
0.006395
0.013284
0.085875
-0.020047
0.004728
-0.090094
-0.043456
-0.126649
0.000100
-0.133785
0.140558
-0.099778
-0.135656
-0.039245
0.062671
0.022989
-0.214420
-0.054698
0.094541
0.289927
-0.079690
0.018308
0.094140
-0.101502
-0.135506
0.026456
-0.254849
-0.232081
0.169884
0.091085
0.065385
-0.148951
-0.218302
0.056461
-0.017397
-0.021349
-0.021952
-0.089211
-0.043174
-0.156262
0.123376
0.004140
0.030656
0.026218
-0.119926
-0.031467
-0.060937
0.144054
0.182945
0.019841
-0.108259
-0.042909
-0.015678
0.085417
0.020298
0.038997
0.062097
-0.023339
0.048096
-0.026876
0.000884
0.038035
-0.119117
0.078383
0.140294
-0.039968
-0.031740
-0.040464
-0.027902
-0.040993
-0.053989
-0.006771
-0.050352
-0.049973
0.039974
-0.006101
0.094757
0.217703
-0.044599
-0.060438
-0.091466
0.131997
0.095219
-0.049027
-0.060545
-0.112354
0.087731
-0.103496
-0.034191
0.004570
-0.023391
0.013178
-0.157317
0.022004
-0.018504
-0.071690
0.012501
-0.112334
0.117273
0.023686
0.072403
0.104061
0.041562
-0.314495
-0.010458
0.030836
0.036629
-0.091725
-0.047242
-0.105387
0.039593
0.056558
-0.037883
-0.014172
0.165689
0.084294
-0.002080
0.018766
0.147155
0.103471
-0.077188
-0.088985
-0.187028
0.035779
-0.119445
0.077082
0.081459
-0.087405
0.051682
0.044011
0.038011
0.145966
-0.019687
0.007011
-0.012305
0.029870
-0.112363
0.121767
-0.004565
0.037230
-0.020821
-0.155382
0.021931
-0.069137
0.024691
0.106191
0.231257
-0.016315
0.009168
-0.103454
-0.014750
-0.112835
-0.230279
0.035835
0.078632
-0.150291
0.248321
-0.142783
0.000100
0.008321
-0.015467
-0.086133
0.281387
0.146445
0.297680
-0.064757
-0.123787
0.081941
-0.019908
-0.090075
-0.195520
-0.066717
0.014572
-0.178918
-0.090066
0.071942
0.134092
0.039102
-0.039614
-0.037080
-0.086082
0.174080
0.088470
-0.038666
0.110376
0.045251
0.132280
0.208291
-0.123020
0.116586
0.145105
-0.026116
0.122926
-0.013927
-0.008529
0.074983
0.079131
-0.070513
-0.112794
0.107235
0.026824
-0.128418
0.018116
-0.034842
-0.063610
0.001383
0.026529
-0.160278
-0.172211
0.119281
-0.156489
-0.153166
-0.120474
-0.028475
-0.062146
-0.024264
0.009282
-0.063262
-0.140900
0.008084
0.085107
0.059319
-0.145088
0.032645
0.140759
-0.049626
0.097838
-0.024223
0.064531
-0.067083
-0.015583
-0.076352
-0.161536
-0.233116
0.139868
0.024459
-0.114141
-0.245651
0.061678
-0.038381
0.095015
0.020250
0.009195
0.141942
-0.006196
0.201863
-0.004745
-0.028921
-0.095287
0.028287
-0.032794
0.014601
-0.076932
0.117086
0.030176
0.135301
-0.074155
-0.007482
-0.052366
-0.123778
-0.017038
0.192856
0.034607
0.052364
0.137750
-0.075566
-0.051840
-0.014196
0.098104
0.163503
-0.083662
-0.114628
-0.001017
-0.009381
-0.040997
-0.015305
-0.016632
-0.184248
-0.166529
0.002207
0.111621
0.020618
-0.036034
-0.033751
0.231129
-0.178828
-0.020908
-0.052324
0.010956
0.021865
-0.069737
-0.038224
-0.010881
0.066768
0.101273
0.104171
-0.053500
-0.053814
-0.010995
0.041095
-0.129165
-0.006385
0.051634
-0.103401
0.188431
-0.124855
0.081701
-0.042471
0.039254
-0.137001
-0.198615
0.216791
0.009375
-0.064415
-0.001631
0.170831
0.144916
0.099666
-0.116797
0.092247
-0.086063
0.110740
0.073675
-0.022905
0.035173
0.186145
0.030096
0.132146
0.021791
0.018707
-0.149348
0.010153
0.136153
0.084975
0.040396
0.003336
0.007171
-0.043510
-0.160975
0.106912
-0.147947
-0.070715
0.015180
-0.006007
0.040609
0.009456
-0.038831
0.033936
-0.016529
0.175307
0.233432
-0.266353
-0.068914
0.062342
-0.082618
0.038856
-0.044782
0.109236
-0.023512
-0.108663
0.092253
0.055553
-0.139538
0.211415
-0.074657
0.088144
-0.015376
0.054701
-0.041619
0.039161
-0.036756
-0.266824
-0.023699
-0.185397
-0.127640
0.189254
0.139560
0.146124
0.103094
0.018010
-0.116109
0.026560
-0.032096
0.033622
-0.025051
0.009875
-0.108205
-0.012153
-0.079776
0.012667
0.111820
0.083366
-0.020760
0.019848
-0.039611
-0.136278
0.129661
-0.016054
-0.062760
0.100039
-0.042013
0.034872
0.146449
-0.079177
0.083247
-0.012014
0.033007
-0.014077
-0.026225
-0.137727
0.018637
0.109439
-0.048666
-0.019914
0.096435
-0.100209
0.003348
0.015884
-0.145709
-0.092174
-0.048457
-0.006790
-0.112555
-0.112037
0.002317
-0.041368
0.015323
-0.025346
0.071783
0.298608
-0.029980
-0.021382
-0.128010
0.089051
0.042847
-0.073419
-0.206522
-0.159505
-0.152426
-0.125590
-0.310599
-0.149028
-0.054861
-0.015564
0.158830
0.107269
-0.067293
0.050450
0.109905
-0.058882
-0.088604
-0.057387
-0.030836
-0.054035
0.003070
-0.088885
0.002209
0.185123
0.143931
0.183261
0.025712
-0.066396
0.030893
0.046084
-0.013911
-0.023915
-0.098099
-0.001133
0.215001
-0.030928
0.013354
0.217490
0.028882
-0.014038
0.000743
-0.012106
-0.040058
-0.020313
0.005108
-0.072400
-0.138832
0.134921
0.066268
0.125890
0.020695
-0.004239
0.005873
0.195777
-0.049229
-0.026841
-0.012039
-0.030021
0.038004
0.190211
-0.058704
0.093306
0.013497
-0.002476
-0.053015
0.021023
0.177874
-0.072434
0.043661
0.026286
0.087550
0.141987
0.050562
0.019322
0.059090
-0.112928
-0.015759
0.026079
0.066478
-0.082780
-0.066314
0.029506
-0.093494
0.081605
0.200183
0.059816
-0.105065
0.027133
-0.013560
-0.090184
-0.110002
0.131550
-0.030298
0.051858
-0.095867
-0.118108
0.062496
-0.118364
-0.025501
-0.282095
-0.001839
-0.065420
0.018520
-0.099781
-0.013112
0.136449
0.114462
-0.101774
0.231328
0.126525
-0.097846
-0.114518
0.120582
-0.114857
-0.142974
-0.085944
-0.114884
-0.064693
-0.045298
0.057957
0.032971
0.012096
-0.051779
0.059841
-0.096601
0.131199
-0.000719
0.120272
-0.095875
-0.009035
0.145438
-0.028547
0.041189
0.007254
-0.082683
0.023923
-0.075421
-0.086895
-0.066516
-0.152032
0.013040
0.211905
-0.019509
0.000618
0.021949
0.072199
-0.030057
0.034774
0.079190
0.100800
-0.053316
-0.139383
0.026918
-0.027714
0.095765
0.012139
0.006517
0.076818
-0.124040
0.041292
0.111960
-0.027516
0.047812
0.153037
0.014842
-0.098911
-0.041089
-0.102888
-0.078336
0.078661
-0.131780
0.248978
-0.004840
-0.144050
0.014462
-0.015835
0.129103
0.006406
-0.001481
0.099516
-0.048531
0.041529
0.007600
0.047868
0.044693
0.028306
0.037158
0.130475
-0.015128
0.047934
0.083657
0.130979
0.016576
0.086882
0.083639
0.200129
-0.123977
0.034870
0.026904
-0.125057
0.137711
-0.132582
0.209504
-0.001093
-0.093735
0.011211
-0.056268
-0.210724
-0.074102
-0.008218
0.103247
0.045941
-0.028904
0.191161
0.004253
-0.094572
-0.166864
-0.129038
-0.051467
0.146401
0.227560
0.082161
0.034903
0.158790
0.093510
0.050463
-0.071429
-0.007102
-0.129659
-0.094639
-0.080106
-0.063158
-0.021312
-0.035183
0.011053
0.063945
0.098387
0.104761
0.061996
-0.071838
-0.137656
-0.030173
-0.028352
-0.031760
-0.187911
0.162673
0.069293
-0.025468
0.226258
0.035820
-0.008873
0.068242
-0.119243
0.063320
0.069078
-0.007624
0.048437
0.041638
0.126585
-0.006662
-0.121891
-0.070951
-0.084502
-0.154404
0.065676
0.035749
0.063005
0.004835
0.261571
-0.093697
-0.012988
0.250409
0.084186
-0.009726
0.017444
0.088347
0.114033
-0.009984
0.012312
-0.090180
0.122361
-0.097413
-0.057809
0.079096
-0.059774
-0.046204
0.200195
-0.043743
0.001726
0.038328
-0.024987
-0.055232
0.018595
0.113354
-0.107706
-0.239451
-0.113220
0.005222
0.109413
-0.048569
-0.091986
0.038762
0.080038
0.040367
0.104145
-0.041536
-0.014312
-0.014379
-0.055184
0.065512
0.037631
-0.073408
0.060630
-0.051408
0.120413
-0.152789
0.014814
0.225095
-0.133888
-0.006265
-0.135237
-0.011761
-0.038911
0.087418
-0.060734
0.155458
0.010552
-0.297598
-0.016538
0.061322
-0.131733
0.047901
-0.199917
0.082305
-0.085436
0.139039
0.044962
0.094718
0.005855
0.063840
0.063899
0.018550
0.118471
0.016767
-0.131906
0.038148
-0.053913
0.067637
-0.088471
-0.051533
-0.050841
0.051427
0.010888
-0.323367
-0.042351
-0.150746
0.018121
-0.020719
-0.076035
-0.242458
-0.149586
0.137100
0.001310
0.220775
-0.068235
0.108502
-0.098367
0.087509
-0.001152
0.003822
-0.127746
-0.016023
-0.003818
-0.024486
-0.150282
0.092987
-0.024885
-0.038064
-0.089136
-0.115362
-0.013560
0.092093
-0.038324
-0.001487
-0.098535
0.044202
0.289604
0.378258
-0.027928
-0.011382
0.114735
0.043158
0.061770
0.067544
-0.149970
-0.042901
0.043045
0.097933
-0.127162
-0.012881
0.034069
-0.023151
-0.055995
0.144157
-0.024147
-0.064503
-0.029785
-0.018650
-0.027593
0.046979
-0.091298
0.029148
-0.057460
-0.040502
-0.031362
-0.023686
0.132862
0.006079
0.094707
-0.182973
-0.127316
0.153417
0.027637
0.172042
0.209500
0.067697
-0.098859
-0.137696
0.034347
-0.046465
0.148641
-0.032150
-0.074978
0.076113
0.005379
0.175010
-0.185596
-0.007743
-0.040987
0.124726
-0.208726
-0.218214
0.055194
0.131385
0.014935
-0.101281
0.057507
-0.163257
0.085437
0.157150
-0.018765
0.015430
0.026331
-0.054114
0.021248
-0.012521
0.058658
0.105071
0.038873
-0.003500
-0.014214
-0.016561
0.006140
-0.197634
0.024475
0.009653
0.006447
-0.119057
0.067644
-0.057968
-0.030939
0.036030
0.082068
-0.025653
0.028977
0.031414
0.016488
0.118896
0.101028
0.130806
0.023136
-0.020459
-0.012460
0.040639
-0.049375
-0.035806
0.023660
-0.094290
0.157772
0.041271
0.043261
0.054766
-0.013278
0.126525
-0.076806
0.131730
0.062624
-0.015319
-0.066429
0.014292
0.125075
-0.014625
0.047704
-0.084768
-0.076343
-0.092550
0.192168
-0.012168
-0.041763
-0.022677
0.101012
0.058524
-0.088385
-0.048937
-0.083973
0.057029
-0.042765
0.052666
0.213349
0.139596
0.036974
-0.051736
-0.037345
-0.066597
-0.027328
-0.097927
-0.218099
0.001550
0.065459
0.043503
0.110757
0.085144
-0.020477
0.033521
0.093839
0.013938
-0.101580
0.206655
0.103856
0.009397
-0.104392
-0.024423
-0.063137
-0.004684
-0.075657
0.092833
-0.026667
0.150975
-0.152542
0.059386
-0.098662
0.150781
0.097225
-0.013721
0.020565
0.230773
-0.022779
0.018707
-0.076391
0.060420
-0.070556
-0.112670
-0.040791
0.151629
-0.124586
-0.030554
-0.041833
-0.106757
0.103194
-0.060552
-0.019486
0.035160
-0.101339
-0.200234
-0.170239
0.023663
0.035644
0.132336
0.101158
0.132018
0.046835
-0.017965
0.082644
0.107320
-0.098598
-0.103920
0.048894
-0.061538
0.072754
-0.114269
-0.009846
0.116944
0.016359
0.076190
-0.042793
0.071712
-0.030058
0.124692
0.180985
0.176715
-0.113532
-0.017275
-0.303677
0.032723
0.088011
-0.049225
0.180838
-0.037864
-0.171424
0.009054
-0.095600
0.098669
-0.195019
0.144919
-0.049963
-0.023121
0.070692
-0.133745
0.090390
0.126756
-0.078441
0.108120
0.074992
-0.338843
0.011406
0.181658
0.116006
0.011822
-0.092035
-0.046849
-0.097923
-0.067434
-0.093478
0.178186
-0.114608
-0.153445
-0.090999
0.175532
0.081191
-0.088358
0.071055
-0.040896
-0.014843
0.132078
0.059254
-0.121692
0.072787
-0.013548
0.012453
-0.101769
0.104656
-0.093952
0.004008
-0.160381
0.016485
-0.191123
-0.041228
0.121885
-0.047102
0.100914
-0.029149
0.094270
-0.081496
-0.037199
0.018598
0.016975
-0.011163
0.021228
0.091084
-0.104699
0.005589
-0.098220
0.149313
-0.027315
0.093884
-0.165109
0.003409
-0.136358
0.110726
-0.182377
0.045739
0.237567
0.032268
-0.068414
0.196249
-0.060377
0.159920
-0.037420
-0.009557
0.193885
0.052637
-0.210714
-0.038834
-0.003809
-0.021265
0.000274
-0.070592
-0.106170
0.199426
0.021699
0.141533
-0.099065
0.245838
-0.033913
0.113513
-0.060202
0.018254
0.044046
0.002918
-0.126524
-0.040060
0.065999
0.072619
0.012274
0.072918
-0.022318
-0.081388
0.002845
0.017868
0.058540
0.049990
-0.089358
0.140906
-0.007405
0.012960
0.102025
0.045111
-0.108658
0.139642
0.035279
-0.146931
0.049225
-0.064369
0.051278
-0.132610
-0.027365
-0.076744
-0.036256
-0.056923
-0.168425
-0.266112
0.068804
-0.062905
0.100337
-0.102170
0.058242
-0.068261
0.106014
0.010717
-0.015912
0.080046
-0.027134
-0.107061
0.210288
-0.063556
-0.009741
0.028436
-0.010409
-0.022163
0.214875
-0.123319
0.104100
0.007733
-0.159796
0.023986
-0.019600
-0.009149
-0.090023
0.163019
0.193191
-0.088353
-0.140043
0.166016
-0.064878
0.116647
-0.090675
0.007228
0.038970
0.045675
0.000930
0.022903
0.027171
0.026739
-0.075705
0.072819
0.010955
-0.026007
-0.025790
-0.015349
0.233660
-0.192444
0.117204
-0.153329
0.151918
0.045585
-0.032496
-0.129077
-0.018314
-0.069739
0.008009
0.066189
-0.067250
-0.041285
-0.118805
-0.031262
-0.016459
-0.095926
-0.086862
-0.170022
-0.235378
-0.040659
-0.127259
-0.014879
-0.070950
-0.030424
0.008804
-0.016436
0.071048
0.008810
-0.069976
-0.072038
0.022721
-0.185588
0.058751
-0.095214
0.101617
-0.007440
0.101662
0.065853
0.102975
0.054051
-0.035584
-0.032548
0.059822
0.067402
0.017230
0.114223
0.021018
-0.052491
-0.042046
-0.136276
0.017508
-0.086009
-0.044587
-0.206454
-0.069525
-0.042448
-0.051092
-0.011205
-0.019874
0.021264
0.086204
0.037666
-0.032074
-0.081272
-0.156445
-0.164578
-0.052341
0.017185
0.084268
-0.030154
-0.012527
0.166609
0.085375
-0.167121
0.007754
-0.085726
-0.001689
0.176227
0.005597
0.028408
0.266343
0.005055
-0.050466
-0.161826
-0.176105
0.031996
-0.155119
-0.080695
-0.048638
-0.005656
0.100529
0.078292
0.186047
-0.059838
0.047332
-0.019154
0.137639
-0.059193
0.041990
0.059632
-0.131905
0.059958
0.151980
0.033853
-0.091774
-0.152243
-0.024363
-0.069766
0.233554
-0.051215
0.070725
0.080393
0.161999
0.065120
0.238289
-0.030311
0.017443
0.175012
0.049399
-0.162166
-0.021969
-0.002025
0.123370
0.118028
0.171425
0.111483
0.362613
-0.026148
0.131472
-0.066449
-0.038830
-0.070615
-0.057223
0.001980
-0.043007
0.199212
-0.043154
-0.157707
-0.167605
0.198805
0.263574
0.121849
-0.062741
0.034955
0.059735
-0.152288
0.051603
-0.096056
-0.112372
0.052410
-0.053131
0.067742
0.127676
-0.035131
-0.064428
0.162002
0.020423
0.230429
-0.123536
-0.109362
-0.112238
0.058916
0.040270
-0.098247
0.018092
0.119100
-0.202933
0.055178
0.087138
0.187649
0.033639
-0.150632
0.012415
-0.027545
0.141579
0.005359
-0.042561
0.011819
0.157670
0.007594
-0.095074
0.237949
0.138649
0.109045
-0.188280
-0.041055
-0.014999
0.078819
0.011484
-0.034594
0.002432
0.219404
-0.073810
0.005371
0.269982
-0.130151
0.055191
-0.025237
0.040427
0.128551
-0.077991
-0.048185
0.038391
-0.122908
-0.025992
-0.070240
0.062040
-0.044461
-0.091878
-0.142483
-0.146992
-0.014885
0.123489
0.139526
-0.034862
-0.141725
-0.139169
0.009030
0.199621
-0.159479
0.118677
0.009389
0.045979
0.124686
0.019994
0.055798
0.010611
0.312140
-0.010754
-0.034525
0.127557
0.138163
0.131426
0.155730
0.006885
-0.049001
0.078655
-0.103949
-0.205594
0.019155
0.035960
0.075443
-0.035022
0.093492
-0.102512
-0.207969
-0.057973
-0.139346
0.000227
0.132995
-0.118247
-0.050298
0.059392
-0.000997
0.173819
-0.001891
-0.102578
-0.185068
-0.071121
-0.090725
0.102358
-0.094866
0.114864
-0.074592
-0.033600
0.076145
0.030715
-0.111843
-0.016068
-0.038966
0.024678
-0.211794
-0.091348
-0.098001
-0.055393
-0.004234
-0.135632
-0.103994
-0.065843
-0.057010
-0.082962
-0.017800
0.078940
-0.026610
0.078617
0.148559
-0.039261
0.055279
-0.015494
-0.006048
0.107093
0.134692
0.031209
0.008615
-0.033072
0.063659
0.016018
-0.097167
0.128110
0.007603
-0.144497
-0.046851
0.073915
0.011543
0.111181
-0.101628
0.058162
-0.075422
-0.198469
-0.082149
0.031714
0.001831
0.098562
-0.119045
0.160938
0.018138
-0.064565
-0.000953
0.023345
-0.145037
0.153297
0.068990
-0.131464
0.116737
0.055214
0.031045
-0.015916
-0.000000
0.017057
-0.124720
0.075753
0.097189
-0.001801
0.023617
-0.030562
-0.141262
0.194502
0.008792
0.203643
-0.014486
-0.052395
-0.178349
0.123162
-0.068330
-0.077333
0.116922
0.101010
0.000083
0.185980
-0.145467
0.043104
-0.172209
0.092645
-0.110909
-0.108928
-0.381585
-0.084754
0.045439
-0.045844
0.018430
0.092851
0.153407
-0.005450
-0.071099
0.079534
-0.061322
0.032357
-0.073284
0.002506
0.045330
-0.020472
-0.084803
-0.005100
0.117518
-0.138733
0.099548
-0.078230
0.008602
-0.024310
0.003340
0.165036
-0.017187
-0.021052
-0.026810
-0.064483
-0.056414
0.016286
-0.000229
-0.081406
0.213548
-0.137356
0.006963
-0.158934
-0.038894
-0.017306
0.000565
0.086575
0.137196
-0.097538
0.039731
0.133184
0.049899
0.046820
0.131204
-0.187760
-0.156533
0.025111
0.034958
-0.012140
-0.091147
-0.032520
-0.092190
-0.013043
-0.070423
0.079807
0.089936
0.066193
0.139062
-0.178175
0.131831
-0.112613
-0.050182
-0.129874
0.059627
0.063059
-0.020686
0.148807
-0.136251
-0.065032
0.154331
0.018453
-0.168628
0.114493
-0.180149
0.182526
0.037321
-0.165321
0.072699
-0.099418
-0.093321
-0.053517
0.062666
0.082202
0.025495
-0.015885
-0.093618
-0.055428
0.085101
-0.162263
-0.146090
-0.014180
-0.050722
-0.028763
-0.032601
0.012483
0.055205
-0.033906
-0.026325
0.127959
-0.067264
-0.045906
-0.067054
0.047134
-0.043263
-0.209395
-0.053998
-0.051337
0.013423
0.003120
-0.127492
0.073891
0.034686
0.091799
-0.053470
0.075892
0.044662
0.064918
-0.024846
-0.111217
0.013369
0.083270
0.079884
-0.021434
-0.071859
-0.017883
0.034238
0.014268
-0.247624
0.129413
0.163123
0.236091
-0.044743
0.046279
-0.058936
-0.092936
0.002688
-0.098034
-0.202924
-0.106464
-0.110084
0.071012
0.005171
0.128654
-0.157775
0.091191
0.042850
0.070713
-0.002161
-0.015301
0.220944
0.036891
0.091724
0.127234
0.073211
0.049679
0.067468
0.143878
-0.066032
0.028214
0.090829
-0.136701
-0.026038
-0.098843
0.029057
0.135153
0.058724
0.031798
-0.012697
0.003421
0.058997
-0.099489
-0.069620
-0.182749
0.047896
0.034877
-0.125683
0.045775
0.118598
-0.174306
-0.203823
-0.045927
0.152915
-0.090954
-0.036020
-0.018534
-0.003882
0.114904
0.147021
-0.079827
0.022192
-0.081643
-0.087016
-0.024599
0.078522
-0.020692
0.122908
0.214309
0.091527
-0.148880
-0.135621
-0.118512
-0.048236
-0.084177
-0.012566
0.057741
-0.041866
-0.145947
0.125320
0.054431
0.054463
-0.112510
-0.117534
0.038520
-0.070056
0.055141
-0.126169
0.032411
0.075520
-0.041300
-0.043852
-0.099159
-0.073567
0.055705
-0.108409
-0.012375
0.014247
-0.031513
-0.081520
-0.206117
-0.079930
0.028457
-0.047715
0.001171
0.042366
-0.023037
0.038981
-0.094365
-0.010902
0.010198
-0.096456
0.007425
0.222557
0.024788
0.086116
0.072115
0.011982
0.094882
-0.097910
-0.089938
0.122908
0.128597
0.014076
-0.096614
0.041185
0.035569
-0.098043
0.092271
-0.058693
0.006690
0.011221
0.100347
0.004646
-0.080732
0.041963
-0.132904
0.024693
0.049303
-0.040569
0.186594
0.068816
0.041201
-0.051451
-0.129956
0.001084
-0.010621
0.098690
0.037187
0.003264
-0.004390
0.056143
0.143807
-0.039511
0.035613
0.031310
0.040999
-0.092184
-0.017817
0.149695
-0.115016
-0.159847
-0.095655
0.024900
0.022651
-0.212117
0.063631
-0.013907
0.025172
0.096439
0.171345
0.057512
-0.050532
0.064931
0.089738
0.010657
-0.048009
0.069226
-0.012238
-0.059169
-0.050409
-0.003340
-0.177833
0.207539
-0.102772
0.128382
0.054439
-0.048558
0.150463
0.045707
-0.084021
0.005239
-0.038319
0.042241
0.161377
0.084451
0.184681
0.148506
0.005634
-0.031122
-0.254998
-0.017788
-0.091021
-0.181455
0.041006
-0.073803
0.199879
-0.062554
-0.038828
0.033834
-0.175227
0.052920
0.097649
-0.043863
0.021807
-0.005097
-0.063534
0.094946
0.151542
-0.030185
-0.018959
-0.034804
0.018872
0.025447
-0.043050
0.025547
-0.083934
-0.094202
-0.123247
0.231776
0.106821
0.076257
0.083209
-0.094014
-0.077520
-0.244731
0.100360
-0.037557
-0.036231
-0.047094
0.048260
-0.004290
0.247783
0.188436
-0.001325
-0.193220
-0.073896
-0.009068
0.151990
-0.021841
0.111348
0.029267
-0.024273
-0.041727
-0.084522
0.063998
0.112878
-0.087708
-0.031164
0.085366
0.139777
0.155756
-0.052839
-0.020374
-0.163185
0.080024
-0.089481
0.051793
0.041204
0.100817
0.028318
-0.071795
0.200219
0.134566
0.092019
0.147370
-0.090467
0.119740
-0.145312
-0.112739
-0.077819
0.064336
-0.026622
-0.041872
-0.000632
-0.023421
0.044189
-0.074244
-0.013652
0.040116
0.236988
-0.215479
-0.057587
-0.238953
-0.074555
0.209110
-0.016160
-0.050870
-0.114066
-0.078223
-0.014935
0.224720
-0.060098
0.054151
-0.105878
-0.279977
-0.107838
-0.066548
0.198382
0.060977
0.071390
0.098547
0.047327
-0.070533
-0.095612
-0.074780
-0.159093
-0.004008
-0.122197
-0.132879
-0.013099
-0.049017
0.053811
-0.094330
0.205491
0.023931
0.087170
-0.030866
0.111263
-0.007353
0.132124
0.150567
0.138003
-0.064328
-0.045938
-0.169136
-0.172342
-0.121420
-0.071061
0.151077
-0.205871
0.077863
0.064700
0.133844
0.090828
0.270314
0.065228
0.204257
-0.132129
-0.043246
-0.190951
-0.058837
0.138341
0.118639
0.083926
0.070651
0.119228
-0.126773
-0.148948
-0.139257
-0.046564
-0.005615
0.231324
-0.220778
0.084799
-0.025699
-0.085541
-0.021605
0.014752
0.003588
0.112945
0.172139
-0.032348
-0.183579
0.034192
0.044045
-0.215595
0.027503
0.182311
0.217766
0.193872
-0.130640
0.044050
-0.030103
0.002838
0.014407
0.099175
-0.087952
-0.010742
0.148107
0.004494
-0.209079
-0.140743
-0.089193
0.205605
-0.044713
-0.099102
-0.051775
0.145821
-0.075512
0.001802
0.245239
-0.214285
0.079252
0.057299
-0.154300
0.064765
0.013556
-0.080862
-0.113460
0.073240
0.079790
-0.099736
0.152501
0.058699
0.126275
-0.067159
0.214815
0.034776
-0.065911
0.001611
-0.097508
0.043308
-0.065948
0.212162
-0.086692
0.018200
-0.031237
0.023893
-0.081724
-0.083877
0.007800
0.011619
-0.072878
0.197611
-0.125619
0.038116
-0.088897
-0.116560
0.013697
-0.187969
0.212922
-0.041236
-0.253835
-0.179230
-0.049480
0.112662
0.058043
-0.141025
0.084574
-0.101907
0.155810
0.015951
-0.155139
0.013442
-0.166890
0.039417
-0.027714
-0.023316
0.155006
0.008762
0.131106
-0.079843
0.243321
-0.127614
-0.044381
-0.074687
-0.151449
-0.132284
0.060668
0.057467
-0.028371
-0.071716
-0.090973
0.170956
0.014075
0.172215
0.067329
-0.111524
0.096262
0.068815
-0.163057
-0.090418
-0.097598
-0.104686
0.004841
0.028882
-0.075112
-0.071758
0.158928
-0.025461
0.112793
-0.090640
-0.118062
0.084664
0.074790
-0.055990
-0.007748
-0.147424
0.140371
0.041187
-0.042995
0.093873
0.039119
-0.063563
-0.038331
-0.132929
-0.176619
-0.053972
-0.074963
0.101394
-0.069154
-0.117405
0.057560
-0.037203
-0.048894
-0.005766
0.083252
-0.031630
-0.052434
-0.036803
-0.082937
0.017038
-0.013603
0.097265
0.018886
0.054463
0.152163
-0.037048
-0.118909
0.015177
0.105151
-0.020827
0.055218
-0.033083
0.029881
0.095301
0.280774
0.152901
0.141494
0.076320
-0.080760
0.049551
0.053974
-0.102394
-0.143507
-0.011972
0.056860
0.035654
0.022080
0.080720
0.024820
0.095261
-0.095537
-0.082343
0.033371
-0.047511
-0.078866
-0.155102
-0.111400
-0.196380
0.030972
-0.004413
-0.129126
-0.070795
-0.079243
0.091023
-0.050659
-0.006188
-0.020480
-0.049625
0.041993
0.021811
0.113623
0.167969
-0.008952
0.189492
-0.110055
0.069044
-0.076416
-0.063166
0.106677
0.015217
-0.124654
-0.018974
0.104730
-0.084255
0.019607
0.057430
0.010338
0.081295
0.270281
-0.019278
-0.110669
-0.033564
-0.053511
-0.069883
-0.023999
0.218278
-0.113623
0.000723
0.003517
-0.024465
-0.090361
0.093040
0.044645
0.041108
0.178373
0.061215
-0.133664
0.108441
0.066341
0.083828
-0.062424
-0.038334
-0.364047
-0.000016
-0.083803
-0.129485
-0.143101
0.052412
0.084650
0.135588
-0.082867
-0.136162
0.117886
-0.145025
0.015110
0.037558
0.168737
0.059177
-0.002733
-0.128710
0.104157
-0.144109
0.043553
-0.032197
0.081175
0.176977
0.091749
0.088541
-0.004271
0.135885
0.012038
-0.010138
-0.152025
-0.128049
0.120639
-0.008289
-0.054860
0.199966
0.048560
-0.005597
0.144138
-0.101092
0.077962
-0.134371
0.006820
0.044203
0.005889
-0.092089
0.010841
0.171205
-0.070974
-0.016255
0.075999
0.029491
0.098486
-0.027655
0.065768
0.035467
0.064109
-0.208004
0.119902
-0.089552
0.087093
-0.187148
0.210770
0.028902
0.224693
-0.046971
-0.082213
0.169424
0.050868
0.136126
-0.076016
-0.066350
0.045037
0.038705
0.091510
0.028291
-0.075814
-0.118810
-0.004803
-0.000315
0.148029
-0.016332
0.021061
0.135627
0.071955
-0.102995
-0.012812
0.036582
0.126116
0.078569
0.007858
0.060519
-0.116927
0.096536
-0.082161
-0.055691
0.151568
-0.060608
0.042103
0.126441
0.057591
0.164245
-0.055146
0.046135
0.116445
0.021722
0.322680
-0.013054
-0.074737
0.086315
-0.242923
-0.099398
-0.065353
-0.025305
-0.075689
-0.029405
-0.054317
-0.024314
0.127159
0.248858
-0.096867
-0.021080
0.174286
0.092960
-0.150725
0.010571
0.237970
0.012671
-0.121484
0.168992
0.013071
0.018659
0.179291
-0.093992
-0.014452
0.047067
0.100475
-0.189763
-0.050204
0.052651
0.119652
0.018208
-0.051333
0.036834
-0.025311
0.107570
-0.045745
0.181432
0.053066
-0.121192
0.120605
-0.054734
-0.007173
0.046103
0.069699
0.058446
-0.060555
-0.100744
-0.054668
0.031382
-0.019135
0.166438
0.086208
0.004920
0.032353
-0.074273
-0.075214
0.070167
0.098677
0.062837
-0.022373
0.015640
-0.021123
0.046930
-0.120002
-0.015893
0.072350
-0.052469
-0.081899
0.076432
0.017735
0.084491
-0.123309
0.017132
-0.155193
0.086912
-0.099561
-0.009009
0.038795
0.017722
-0.089233
-0.005896
-0.115502
-0.116607
-0.036162
-0.244419
-0.054645
0.025812
0.203510
0.017785
0.165419
-0.203123
-0.044879
0.068779
0.137493
0.018135
0.078290
0.149833
0.110816
0.090179
0.111899
0.143619
-0.117739
-0.125871
-0.024305
-0.112932
0.035347
-0.026826
0.173338
0.043803
0.219456
0.131439
-0.006685
0.122667
-0.037892
-0.023623
-0.090065
0.130833
0.008852
-0.151848
-0.035118
0.007014
0.029839
0.067894
0.005433
-0.215484
-0.009442
-0.243611
0.047213
-0.040984
-0.024643
-0.051607
0.073276
-0.167375
0.129386
-0.081038
-0.120523
0.107651
-0.068897
0.094571
0.109486
0.018033
-0.022745
-0.141120
0.070755
0.003750
0.076446
-0.065944
-0.090231
-0.057241
0.023224
-0.068370
0.059725
-0.165734
0.011853
0.015418
-0.119979
-0.003713
0.213324
-0.082298
0.024457
-0.001887
-0.087124
0.031191
0.107040
0.069028
-0.060346
-0.074539
0.007991
0.058487
-0.146179
-0.008366
0.027925
-0.013773
-0.032734
-0.156580
0.016501
-0.024084
-0.108333
-0.186724
0.070191
-0.011384
-0.004506
0.098739
0.059563
0.014720
-0.278196
0.121496
-0.109884
0.211165
-0.064548
-0.104074
0.005948
0.182866
0.178802
-0.043644
0.190684
-0.038426
-0.007728
-0.100641
0.046002
0.062717
-0.072223
0.035040
0.038970
0.172346
0.076042
-0.141654
-0.020423
-0.094360
0.071344
0.068107
-0.201281
-0.055831
0.182514
0.014042
0.156415
0.097723
-0.066025
-0.149335
-0.070384
-0.057942
0.103062
0.049466
-0.092642
0.060377
-0.028577
-0.145897
0.165362
-0.063575
-0.052907
0.039585
-0.058730
-0.119674
0.001101
-0.007685
0.026655
-0.244429
-0.000196
-0.158604
0.026736
-0.042171
-0.156603
-0.011078
-0.046690
0.060406
0.067922
-0.178304
0.143388
0.000453
-0.024733
-0.047682
0.009052
0.052517
-0.004036
0.091768
-0.009378
-0.003211
-0.098820
-0.026206
-0.015071
0.049399
-0.094461
0.031635
-0.097293
-0.100977
0.012161
0.015736
-0.026997
-0.014382
0.041436
0.058217
0.094372
0.085184
0.034466
-0.039401
-0.175428
-0.124123
-0.003979
0.017351
0.081102
0.128966
-0.166310
-0.006657
0.066790
-0.103782
-0.048002
0.075431
-0.081346
0.146351
0.187439
0.032289
0.091596
0.104359
-0.095272
0.012117
0.245281
0.061586
-0.130251
-0.006920
0.217685
0.109180
-0.037609
0.041874
-0.168375
-0.014639
-0.068680
-0.005187
-0.203671
0.138680
0.238777
-0.113711
-0.076401
0.083219
-0.080118
0.149057
-0.123833
0.022641
0.124824
0.063953
0.155826
0.039003
0.049473
-0.017127
-0.053151
0.022332
-0.064563
0.089266
-0.073043
-0.017947
0.052276
0.198453
-0.054422
-0.118754
0.248416
-0.090547
-0.088258
0.120409
0.026521
0.023071
0.048212
-0.076692
-0.007937
-0.105688
-0.217961
-0.057887
-0.048538
0.074339
0.012539
0.071586
0.027438
0.017896
0.000387
-0.158467
-0.048536
-0.040590
-0.227582
-0.107887
0.104838
0.034878
-0.028044
0.045749
-0.070737
-0.069357
-0.144942
-0.223859
0.018034
-0.145992
-0.008647
0.000020
0.001835
0.153835
0.085698
0.164402
-0.059442
0.075985
-0.014993
-0.157041
0.083678
-0.137445
0.133305
0.163285
0.014484
0.231301
-0.013870
-0.003374
0.062905
-0.007489
0.117152
-0.169100
-0.028512
-0.011324
-0.046692
-0.193281
0.041536
0.008216
-0.079333
-0.008758
0.196062
0.112252
0.229726
-0.063809
0.005897
-0.148859
0.062099
-0.047816
0.060414
0.003943
0.101186
-0.033017
-0.149375
0.203126
0.126053
0.019430
-0.019450
0.050352
0.022176
-0.147028
-0.055961
-0.050194
0.017874
0.114540
-0.097221
0.039467
-0.147412
-0.107240
0.111764
0.027375
0.112840
-0.056031
-0.006763
-0.070169
-0.039506
0.156527
-0.039429
-0.155561
-0.005537
-0.029894
-0.043547
0.141578
-0.029789
0.044835
0.041531
-0.051268
0.065686
-0.111607
-0.107231
-0.050390
-0.084975
-0.090600
0.045312
-0.182033
0.063806
0.019314
0.126436
-0.041509
-0.180135
-0.042014
-0.151992
0.038724
0.150016
-0.006172
-0.057121
-0.083455
0.098838
-0.077052
-0.076102
0.038846
0.040680
-0.014752
-0.127501
0.010320
-0.090467
0.084490
-0.093301
-0.107341
-0.145980
0.026469
0.292397
0.011174
-0.016835
-0.000641
0.008650
-0.044281
0.003738
-0.006847
0.080399
-0.012878
0.089031
0.218691
-0.023247
0.119641
0.148200
-0.073419
0.057799
0.043283
-0.174355
-0.047710
0.174187
0.040123
0.068687
0.109188
0.039492
-0.006793
0.024629
-0.053992
0.036121
-0.066917
0.148134
0.097132
-0.055001
0.140147
0.000231
0.070915
0.107584
-0.091285
0.029627
0.059410
-0.187610
-0.003270
0.129341
0.179610
-0.028547
-0.079447
0.057446
-0.026889
0.035118
-0.039659
-0.203548
-0.293901
0.079672
0.058505
-0.031713
0.135315
0.157541
-0.037302
0.081123
0.011617
0.109797
-0.094134
-0.001140
0.138240
0.111186
0.116299
-0.205421
0.040286
-0.160891
0.027967
-0.057993
0.026159
0.005074
-0.082175
0.015659
-0.035028
-0.052997
0.035551
0.066033
-0.086474
0.032393
0.046033
-0.089636
-0.172770
0.171876
0.002163
-0.112621
0.122365
-0.049015
0.113511
0.039495
0.131962
0.126291
-0.073652
0.009527
-0.092212
-0.029621
0.058478
0.021745
-0.006632
0.028468
0.041488
0.076744
-0.035440
-0.142608
-0.005539
0.170393
0.001989
0.152069
0.020505
0.152047
-0.047815
-0.083238
-0.057993
-0.102646
0.026575
-0.123775
-0.060806
-0.021746
-0.152051
0.021945
0.064083
-0.063098
-0.027334
-0.028683
0.164182
0.029809
0.032686
-0.137181
0.000259
0.075720
-0.006144
0.071544
0.075927
-0.140188
0.035493
-0.195132
0.141889
-0.217426
0.093710
0.103074
0.031223
0.152292
-0.206589
-0.063329
-0.183260
-0.084270
0.081163
0.021799
0.103677
-0.025325
-0.090908
-0.051780
0.057910
0.047060
-0.017744
0.017454
-0.193034
-0.107181
-0.030178
0.051985
0.166843
0.195046
-0.190569
0.093341
-0.176130
0.053679
-0.074804
-0.047523
-0.193434
0.222654
0.014171
0.009409
-0.044098
-0.002474
0.104213
0.151114
-0.143365
-0.124552
-0.053638
-0.011536
-0.188072
0.162830
0.018419
-0.097323
-0.161677
0.087664
-0.107947
-0.103022
-0.029839
-0.018775
0.202078
-0.061522
0.054103
0.088248
-0.111400
0.013675
-0.102431
-0.123537
0.047823
-0.003677
-0.021907
-0.079357
0.066095
0.087116
-0.141689
0.161976
-0.000183
-0.078012
-0.194170
0.169420
0.037373
-0.116388
-0.062063
0.121898
0.046579
0.023326
-0.007677
-0.032233
-0.002035
0.065795
0.005055
0.044400
-0.069104
-0.001251
0.226925
-0.218501
0.086447
-0.168771
-0.158033
-0.051981
0.026962
0.092720
-0.004004
0.139280
0.210761
0.185785
0.039838
0.038826
-0.104102
0.031219
-0.135304
0.013334
-0.008904
0.155706
0.029700
0.110740
0.061029
0.068645
-0.010968
0.018652
-0.002466
0.084709
0.059739
0.104639
0.044203
-0.006067
0.092826
-0.130394
-0.108032
0.024088
0.002075
-0.083042
-0.287634
0.059215
-0.052569
0.036425
-0.038835
0.057457
0.051869
0.011294
-0.139330
-0.047622
-0.018963
0.102583
-0.026595
0.000451
-0.186317
0.068012
0.065751
-0.010740
-0.049475
-0.071407
-0.154857
-0.229818
0.064668
-0.247115
0.009024
-0.026043
-0.206055
0.017631
0.094888
0.098523
0.119044
0.070731
-0.077689
0.080880
0.028891
0.115934
0.044530
-0.123587
-0.084170
-0.019039
-0.064949
0.095006
0.033538
0.050384
-0.032530
0.145010
-0.137894
-0.046612
-0.012630
-0.220103
0.009184
0.140610
-0.170099
-0.094852
-0.039018
0.048942
0.041638
0.119594
-0.085649
0.092439
-0.057332
-0.097256
-0.009811
-0.086246
0.072494
0.007119
0.073052
0.049253
-0.007255
-0.081479
0.108725
-0.093301
0.165126
0.040140
0.065671
-0.049985
-0.059928
0.155841
0.166039
0.024525
-0.101596
-0.017959
0.006127
0.066220
0.052967
-0.030695
0.071545
-0.045679
0.046937
-0.057126
-0.155359
-0.048703
-0.063162
-0.187199
0.033380
-0.051808
0.049583
-0.067793
0.093758
-0.000676
0.162384
-0.019034
0.032887
0.035246
-0.093477
0.188060
0.015201
0.108670
-0.036715
-0.171215
-0.080144
-0.070877
-0.088762
-0.079077
0.163542
-0.018119
0.046727
0.081333
0.157710
-0.202863
0.055280
0.047934
0.073762
-0.016239
0.138562
0.123846
0.049283
-0.039260
-0.022662
0.067364
-0.001268
-0.169346
-0.141325
-0.038373
0.007556
-0.230508
0.015713
-0.031477
0.027348
-0.125358
0.008671
-0.058788
0.151402
-0.015357
0.074632
0.066234
-0.029039
-0.104121
-0.045170
-0.030111
-0.211095
0.033706
-0.077958
0.057046
0.097797
0.133407
0.085728
-0.058658
0.116697
-0.007165
0.083054
-0.000509
0.129622
-0.104659
-0.062045
-0.125670
0.064609
-0.171099
-0.038832
-0.069981
0.010965
0.065705
-0.071302
0.025666
0.091471
0.129224
-0.107103
0.141892
-0.096114
-0.168703
0.048752
-0.036965
-0.066237
0.071839
0.067109
-0.012781
-0.030896
-0.012270
0.149409
0.101554
0.025688
-0.036249
0.021095
-0.018293
0.017740
0.101427
-0.005482
0.054012
0.129537
-0.086062
0.004478
0.141358
-0.144524
0.120764
-0.068381
0.064604
-0.013192
0.061137
-0.074421
-0.021684
0.099076
0.081489
0.100486
0.066697
0.085580
-0.056851
0.129343
-0.028414
0.069365
0.026560
0.088196
-0.158211
0.190975
0.041121
0.072126
0.147189
0.048088
0.031570
0.106424
0.023261
0.221579
-0.051306
0.020008
-0.027412
0.059560
-0.131217
0.011498
0.033818
0.050989
0.144844
-0.046751
-0.004170
0.069708
-0.185256
0.000347
0.101944
0.177742
-0.022118
0.046923
0.139104
-0.143689
0.021117
0.004824
0.161859
-0.060767
0.045429
0.161064
-0.091457
0.045652
0.089003
0.136484
-0.031188
0.026259
-0.066337
-0.221181
-0.140196
0.205318
0.040890
-0.132563
-0.053940
0.065312
-0.018726
0.027077
-0.073032
-0.007062
0.043786
0.005129
0.162952
-0.037317
-0.008702
0.224442
-0.063230
-0.145618
0.143599
0.060366
0.049364
0.127943
-0.043766
0.036453
0.080058
0.110410
-0.071980
-0.218640
0.023818
0.067902
-0.007919
0.081787
-0.109062
0.324448
0.067504
-0.117401
0.039643
0.285543
-0.039764
0.046460
0.078092
-0.173439
0.001208
0.071429
0.110313
-0.128820
0.035292
-0.021713
0.060497
-0.044175
0.104257
0.092912
-0.157805
0.004264
-0.075639
0.138094
-0.064334
-0.111180
-0.017644
-0.015501
-0.004364
-0.065256
0.206858
-0.024371
0.009798
0.003357
0.019529
-0.022584
0.049785
-0.055181
-0.095077
0.006205
-0.145287
-0.132144
0.064695
-0.179879
0.003424
0.218442
0.038338
0.078480
0.101658
-0.057621
0.112591
0.003663
0.028456
-0.058200
0.123504
0.163061
0.079700
0.001168
-0.084271
0.173055
-0.146914
-0.134329
-0.179450
-0.062361
0.022452
-0.038494
0.120371
-0.119288
0.136891
0.074743
0.017829
0.090839
-0.204707
0.139613
0.009621
0.019301
-0.045167
-0.011710
0.012704
-0.077780
0.082744
-0.053666
-0.051180
-0.239589
0.073001
-0.007123
-0.146856
-0.053347
-0.191538
-0.021253
0.063407
0.002519
-0.055262
-0.003396
-0.113968
-0.070022
0.000658
-0.002862
-0.035778
-0.116735
-0.050530
-0.122501
-0.035075
0.150686
-0.081211
0.079039
0.123679
0.045201
-0.118004
-0.046156
-0.020363
0.062428
0.007399
0.062123
0.070389
-0.131683
0.037017
0.105696
0.169575
-0.024302
-0.101952
-0.001001
-0.011279
-0.181364
-0.084307
0.040495
0.092034
0.014779
-0.096046
-0.060227
0.037747
-0.072644
0.028829
-0.066661
0.245250
-0.251110
-0.162258
0.060243
-0.148674
