# 参数名称：backbone.features.8.conv.6.weight
# 参数形状：(64, 384, 1, 1)
# 参数数据类型：float32
# 参数值（保留6位小数）：
-0.162109
0.228707
0.067706
0.012651
-0.385792
0.009510
0.133818
-0.150214
-0.217615
-0.164219
-0.068261
0.054604
0.115501
-0.035992
0.120855
-0.232249
-0.000111
0.121115
0.147892
0.156406
0.211692
0.127698
0.130609
0.232821
-0.070847
0.080392
0.084209
-0.109811
0.191462
0.017337
-0.135962
-0.175674
0.057900
-0.182587
0.084034
-0.101335
-0.154209
0.142369
-0.054191
0.015444
0.205886
0.119762
-0.017496
0.103457
0.134860
-0.202282
0.231112
0.183103
0.013006
-0.045369
0.219769
0.324371
0.167601
-0.047907
-0.155654
0.123398
0.171461
0.090606
0.016773
-0.158252
0.320727
-0.008230
-0.407351
-0.008541
0.024119
0.219987
0.143931
0.074524
0.214242
-0.072901
-0.003909
-0.458292
0.122234
0.296341
0.052383
0.002443
0.137842
-0.082058
0.245153
-0.053661
-0.069966
0.163296
-0.006996
0.008041
-0.113533
0.252671
-0.281052
0.163997
0.260107
0.232600
0.074089
0.172537
-0.004769
-0.073027
-0.338916
0.186895
0.155206
0.139144
0.054412
-0.106896
0.204678
0.192237
-0.209684
-0.288625
0.236316
0.103177
0.346152
-0.171951
0.240007
-0.091809
0.264829
-0.056437
0.307989
-0.198836
-0.067549
-0.067229
0.053514
0.062574
-0.127117
0.260748
-0.297647
-0.049687
0.211003
0.008432
0.014422
-0.198110
0.014771
-0.132138
-0.179439
0.172742
-0.199536
0.176297
-0.028081
-0.264774
0.131466
0.122861
-0.098188
0.007366
-0.207634
0.095439
0.088170
-0.164662
-0.023451
-0.321309
-0.083346
0.045142
-0.119318
-0.287980
-0.362489
0.379506
0.049760
-0.115785
0.037124
0.007524
0.169425
-0.077894
0.020507
-0.000180
-0.111304
0.216780
-0.037249
0.221144
-0.173905
-0.003273
0.287063
0.047757
-0.004950
-0.084089
-0.155588
-0.176799
-0.233649
-0.120241
-0.270476
-0.077353
0.031953
-0.160324
-0.269932
0.023868
-0.334131
-0.276826
0.093802
-0.200167
0.352751
-0.083836
-0.524033
-0.135014
-0.150529
-0.011948
0.023414
0.037806
0.114070
0.011421
-0.114941
0.236127
0.008722
-0.002088
-0.035304
0.081821
-0.057044
0.227858
0.154817
0.047327
0.189604
-0.162367
-0.075119
-0.103786
-0.089454
0.091273
-0.069522
0.046771
-0.125967
0.044524
-0.021389
0.053010
-0.062623
0.164509
-0.015994
-0.125562
0.101660
-0.122838
0.173573
0.157651
-0.066657
-0.180084
-0.186509
-0.131147
-0.069666
0.236329
-0.084787
0.149812
0.403333
-0.156977
-0.011134
-0.043561
0.403107
-0.033703
-0.201560
0.040578
0.037888
0.281772
-0.254532
-0.095534
-0.093345
0.103218
0.069033
0.245549
-0.063142
-0.024858
-0.210097
0.334498
-0.128589
-0.121438
0.081177
-0.228025
0.194728
-0.076285
0.163665
0.360197
-0.122432
-0.020084
0.001662
-0.010274
-0.184573
0.429228
-0.001780
0.036470
0.072240
-0.272960
0.019713
-0.227352
-0.251759
-0.009177
0.195849
0.097377
0.108225
0.067435
0.272073
0.100888
0.035530
0.045500
-0.032408
-0.127437
0.055919
0.191544
0.005695
0.082900
-0.167388
-0.122973
-0.259833
-0.045658
-0.196969
-0.036613
0.233245
-0.079238
0.073502
-0.039884
0.134712
-0.248764
0.060497
-0.117355
-0.080984
0.074849
0.130495
-0.332305
0.134579
0.070889
-0.038721
0.107171
-0.265060
0.290951
-0.141828
-0.016589
0.102258
0.096980
-0.108868
0.334886
0.033670
-0.399371
0.080477
-0.346699
0.162519
-0.299370
0.060239
-0.069650
-0.298231
-0.036352
-0.085741
-0.092612
0.242397
0.296399
0.013524
-0.231521
-0.073203
0.263502
-0.221010
0.105184
-0.171905
0.013737
0.206888
0.336928
-0.178547
0.092859
-0.213735
0.101932
0.218190
0.152935
-0.049778
-0.098878
-0.167399
0.331904
-0.003124
0.052762
0.035787
0.070239
0.193526
-0.071402
-0.200515
-0.184445
-0.151528
0.113611
0.130505
0.262055
0.211920
0.169094
-0.342366
0.066255
-0.171723
-0.006270
-0.079736
0.186253
-0.501299
0.155097
0.076786
-0.019474
0.195418
0.084961
-0.263471
-0.051703
-0.180991
-0.286568
0.015881
-0.047028
0.140519
0.090398
-0.386681
-0.110708
-0.007803
0.216462
0.074338
-0.272064
0.030791
-0.130526
-0.036842
0.024156
-0.319617
-0.169494
-0.291249
0.047988
-0.121922
0.227290
-0.062697
-0.071311
0.228587
0.210256
0.000776
-0.270246
0.220340
-0.072976
-0.151184
0.210696
0.038414
0.151641
0.013136
-0.215342
0.199450
-0.083167
-0.156030
-0.132456
-0.018441
0.002178
-0.160258
-0.253018
-0.192264
-0.063571
-0.014005
0.064816
0.051118
0.063195
-0.080261
0.018875
-0.041561
-0.012798
-0.160729
0.125440
-0.173234
0.245327
0.005831
0.102732
0.320871
-0.074764
0.033651
0.126648
0.074739
0.038766
0.050816
0.014946
-0.197568
0.280199
-0.227340
-0.214573
0.177633
0.232273
0.013180
0.040549
0.114096
0.078988
0.262382
0.183725
0.338595
0.008696
-0.024457
0.000603
-0.000196
-0.096457
-0.182132
0.106900
-0.024039
-0.042776
-0.027219
-0.100360
-0.035058
0.054948
-0.212398
0.362355
-0.075315
-0.245340
-0.053893
-0.072863
0.107431
0.085725
0.225353
-0.346136
-0.647766
-0.037645
0.066101
0.026313
-0.271947
-0.115187
0.080141
-0.062015
-0.008860
0.227779
-0.071353
0.248450
-0.117869
0.131296
-0.076925
-0.046740
0.168621
-0.044447
0.105585
0.203765
0.139950
0.003988
0.164625
-0.225213
-0.234411
-0.108531
-0.165881
0.091156
0.047234
0.171138
0.135341
0.269917
-0.077643
-0.176630
0.124887
-0.196316
0.028665
0.048054
0.053638
-0.348147
-0.163024
0.187305
-0.096248
-0.042431
-0.169329
-0.252609
-0.149117
-0.198946
0.108806
-0.061190
-0.063291
0.159443
0.213539
0.029617
0.246130
-0.191861
-0.048857
0.096942
0.229192
-0.030741
-0.119448
0.133860
-0.124786
-0.000872
-0.168705
0.012618
0.171652
-0.184938
0.075085
0.141003
0.078847
0.249855
-0.110736
0.007810
0.029678
0.056031
-0.072799
-0.057811
0.027067
-0.033635
0.287642
-0.037324
-0.160253
-0.289887
-0.308307
-0.217262
0.179645
-0.221133
0.101480
-0.066460
0.096795
-0.416367
-0.007601
-0.427467
-0.104954
0.206432
0.122691
-0.029697
-0.142887
-0.259309
0.079851
-0.216220
-0.031490
0.177769
-0.160909
0.011824
-0.169722
-0.261896
-0.010201
0.119188
0.067078
0.097719
-0.020299
-0.119251
-0.187198
-0.141450
-0.007856
-0.029404
0.066288
-0.181262
-0.216028
0.227413
-0.008229
0.176237
0.076298
0.021816
0.284873
-0.109121
0.172808
0.104288
-0.161425
-0.032776
-0.015921
-0.225387
0.144426
0.259899
-0.094234
-0.268338
0.457354
0.217245
0.197440
0.011456
-0.059404
-0.193233
0.109160
-0.242265
-0.442537
-0.004934
0.118837
0.130410
-0.011100
-0.001665
0.008691
-0.146312
-0.207472
0.012529
-0.064780
-0.049855
0.006015
0.172408
-0.212931
0.027498
-0.050545
-0.132385
0.306810
0.023270
-0.206774
0.404575
0.136992
0.179700
0.283870
-0.125154
-0.236633
-0.104129
0.190986
0.008416
0.054268
0.017994
0.051677
0.152513
0.382021
0.210534
0.179637
-0.053505
-0.028356
-0.072869
0.142337
-0.034449
0.130002
-0.306443
-0.087359
-0.053629
-0.087480
-0.172862
-0.175704
0.161885
-0.149552
-0.086350
0.034581
-0.167630
-0.003888
-0.255094
0.136627
-0.319606
-0.064437
-0.052492
-0.041262
-0.022220
0.017019
-0.080644
-0.140585
-0.051536
0.059189
-0.010236
0.051559
0.081961
0.163060
0.009342
0.253115
0.084259
-0.005275
0.101454
-0.163239
0.136145
-0.183981
-0.143907
-0.221958
0.127661
-0.181241
-0.036851
0.183832
0.004905
-0.261600
0.060004
-0.046873
0.210245
0.002270
-0.258785
-0.143884
0.007156
-0.160167
0.132715
0.182779
0.356767
0.433456
-0.148286
-0.048474
0.184890
-0.054259
-0.201489
-0.162543
-0.198527
0.058821
0.296438
0.161384
0.124500
-0.079452
0.099532
0.084824
0.013584
0.004541
0.110345
-0.051727
-0.097734
0.014182
0.269559
0.273363
0.013896
-0.254117
0.212573
0.120298
-0.143521
0.041058
0.044520
-0.049826
0.139340
0.048926
-0.054260
0.435885
-0.099849
-0.130354
-0.108419
-0.184687
-0.213480
0.190227
-0.007683
-0.038431
-0.039129
0.097814
0.081420
0.112102
-0.022095
0.105483
0.203300
-0.269165
-0.074047
0.351886
0.153805
0.048749
0.011272
-0.121836
-0.099897
0.086685
-0.214706
0.343495
-0.074821
0.081890
-0.095740
0.237891
-0.133716
0.218866
0.016525
-0.093063
0.070769
-0.126022
0.044674
0.198451
0.262503
0.263801
0.051022
0.178754
0.069568
0.180719
-0.126008
0.008359
0.024821
0.133846
-0.037405
-0.134722
0.016437
0.180676
-0.242389
-0.017884
0.112535
0.021216
0.068573
0.012570
-0.156034
0.288868
-0.420308
0.268265
0.119537
0.015231
0.119179
0.283681
0.182647
-0.066484
0.125272
-0.172448
-0.035512
-0.054580
0.206755
-0.181222
0.071325
-0.100956
-0.300680
-0.013495
0.119141
-0.142596
-0.002859
0.131588
-0.135922
0.136449
0.080893
0.242557
-0.160734
0.103949
0.312994
-0.029127
0.245600
0.006819
0.124200
0.188200
-0.145351
-0.084761
-0.155064
-0.088518
0.069699
0.160593
0.055843
0.063895
0.051596
-0.133314
0.015248
-0.070809
-0.032367
0.056033
0.416398
0.025957
0.106564
-0.328616
-0.146856
-0.158727
-0.029664
0.020100
0.071538
0.086695
-0.119060
0.107231
0.214670
0.328272
-0.109999
-0.117263
-0.233357
0.057301
-0.188705
-0.002240
0.033916
0.077893
0.056274
-0.022011
-0.237794
0.184611
0.175909
0.250470
-0.174195
-0.287049
0.099418
0.007953
-0.179204
-0.094626
-0.052429
0.119979
-0.105975
-0.177125
-0.279595
-0.201846
0.210245
0.023824
-0.027536
0.384147
0.230539
0.012365
0.243046
-0.089689
-0.169812
-0.244846
0.240131
0.057427
-0.082089
0.091949
-0.034334
-0.034270
0.362064
-0.134696
0.398122
-0.003894
-0.135466
0.097778
-0.032780
-0.068049
-0.058532
-0.055024
-0.187412
-0.197581
-0.262562
0.148727
0.132612
0.224930
0.047516
-0.053044
-0.014887
-0.016558
0.108632
-0.045531
-0.043319
0.388585
0.046411
-0.240265
-0.217099
-0.113838
-0.110484
-0.029295
-0.040312
-0.040233
0.114896
0.002589
-0.009163
-0.288364
-0.079292
-0.120487
0.302928
-0.004463
0.242255
-0.106559
0.082065
-0.302809
-0.413399
0.003669
0.063255
-0.020710
0.204892
-0.022008
-0.017701
-0.249369
0.100941
0.199284
-0.000787
0.017710
0.004028
0.334994
-0.227420
-0.116511
-0.031717
-0.167241
0.152287
-0.456972
-0.037709
0.212846
0.092646
-0.374326
-0.604284
-0.235531
0.049916
-0.081473
0.139184
0.077989
-0.082720
-0.100451
-0.238675
0.025952
-0.042880
-0.101853
0.059547
0.104604
-0.142553
-0.108307
-0.083983
0.218412
0.088469
-0.068359
0.059726
0.011461
-0.149909
-0.125847
-0.034738
0.148824
-0.320306
-0.230918
-0.117247
-0.155286
0.176313
-0.039389
-0.198364
-0.035159
0.190622
0.162315
-0.095954
-0.040743
0.001461
0.149305
-0.179758
-0.056232
0.273687
0.250338
0.326454
0.050704
0.026789
0.317313
-0.115081
0.240259
0.167470
0.072371
0.271851
-0.108717
0.212662
-0.020664
-0.021129
0.364327
-0.068627
-0.377854
0.161365
-0.085505
0.234368
0.182626
0.147908
-0.085488
0.318840
0.123897
0.210880
-0.216336
0.153172
-0.031041
-0.193221
0.101728
-0.043396
0.245018
0.303793
0.257966
-0.256042
-0.090405
0.080452
-0.158351
-0.025209
-0.364979
0.107902
-0.048453
-0.026582
0.138646
-0.036128
-0.228120
0.357740
0.031851
-0.292707
0.190809
-0.158729
-0.224172
0.195743
-0.030640
0.007429
-0.038825
0.003093
0.115256
-0.082564
-0.241425
-0.152999
-0.360030
-0.167381
-0.425223
-0.294588
0.227090
-0.253367
0.256220
-0.136169
0.208077
-0.014739
0.019470
-0.005945
-0.077676
-0.010512
0.007642
0.076859
0.026334
-0.239598
0.152879
0.053013
0.049772
-0.253241
-0.169952
0.021097
-0.184909
-0.026307
-0.063780
-0.024434
-0.167000
0.023217
-0.021970
-0.088891
-0.087000
0.051908
0.360949
0.033302
0.006143
-0.101125
0.260788
0.368986
-0.007115
-0.306907
0.314147
-0.129266
-0.056299
0.008026
-0.180367
-0.045250
0.115551
-0.018489
-0.071547
-0.064131
-0.091512
0.000996
-0.319171
0.201745
0.357569
-0.059789
0.171520
-0.134856
0.169285
-0.165753
-0.066171
0.105430
0.228382
0.058241
0.415869
0.202510
-0.222304
-0.013350
0.072710
0.102657
0.134439
-0.125670
-0.192587
0.082904
-0.220473
0.122400
-0.063305
0.070709
-0.270318
0.041113
0.195785
-0.108657
-0.210057
-0.123966
-0.111651
0.016217
0.099758
-0.168379
-0.001876
0.027998
-0.388313
0.154354
0.036210
0.047699
-0.229810
-0.207097
0.072433
0.038260
-0.140628
-0.125253
-0.055862
0.092278
-0.227340
-0.065917
0.244949
-0.141647
-0.059274
-0.009082
-0.073379
-0.188257
0.107972
-0.058289
0.042211
-0.116528
0.023155
-0.048708
0.257562
0.138940
-0.016442
-0.083982
-0.125085
0.005793
-0.259376
-0.136278
-0.149800
-0.120517
-0.284353
0.306983
-0.127620
-0.213255
0.124459
-0.293227
-0.428638
-0.499550
-0.061130
0.054186
0.045539
0.045681
-0.074568
-0.157901
-0.088431
-0.150346
0.241197
0.205607
0.001256
0.117458
0.256963
0.074267
-0.086896
0.054724
0.032946
-0.183592
0.040904
0.113596
0.072575
0.127834
0.201513
-0.547351
-0.118683
0.055969
0.146823
-0.080821
0.168910
-0.019927
0.112135
0.008209
-0.330958
0.229372
0.051061
-0.071485
0.382991
-0.139043
0.018731
0.234065
-0.208908
-0.154984
0.027741
0.001787
0.068298
0.073284
-0.106319
-0.050695
-0.117134
0.315340
-0.018610
-0.048394
-0.378205
-0.011538
0.311788
0.047675
-0.181191
0.036421
-0.012398
-0.000941
0.138938
-0.004496
-0.082057
-0.271132
-0.127545
0.058309
-0.469377
-0.014324
-0.268218
0.249786
-0.185536
-0.082256
-0.019274
-0.082381
0.127725
0.014444
-0.031884
-0.106329
-0.017729
0.035876
-0.080302
-0.042705
-0.227525
0.024066
0.100166
0.074746
-0.166445
-0.117894
-0.105138
-0.051640
-0.055280
0.054528
-0.036539
0.266750
-0.135834
0.090220
-0.086808
-0.076262
0.156868
-0.016474
0.072307
-0.112360
-0.059643
0.194764
0.317617
0.224204
-0.215576
0.153396
-0.065134
0.136807
0.152955
0.067108
0.222156
0.337312
0.041157
0.127178
-0.019349
0.070553
0.167986
0.372939
0.331056
-0.274822
-0.062284
-0.151841
0.125693
0.193630
-0.053708
0.303301
-0.271981
0.245793
-0.171630
0.265620
0.113979
0.118260
-0.203246
0.266196
-0.040015
-0.099741
0.253899
-0.024680
0.198486
0.052081
-0.195399
-0.143195
0.081119
-0.069220
-0.199506
0.078839
0.020161
0.219617
0.225061
-0.373808
0.069498
0.051370
-0.123590
0.235251
-0.224013
0.136786
0.118828
-0.078385
-0.174138
0.211110
0.002789
-0.067541
-0.148590
0.056678
-0.063580
0.106756
0.001181
-0.015990
0.337804
0.152990
0.083496
-0.014511
-0.181188
0.088510
-0.273227
0.128254
0.111612
-0.075321
0.033753
0.027038
0.108293
0.254221
0.162846
-0.131739
-0.173192
-0.060097
0.406409
0.301836
-0.068392
0.087974
-0.006927
0.011723
-0.109572
-0.181256
-0.205528
0.018933
-0.292870
-0.150170
-0.014691
0.019556
0.004194
-0.036470
-0.166830
0.146525
0.093969
-0.283062
0.029675
-0.014122
0.107373
0.167672
-0.234577
0.052043
-0.104392
-0.020134
0.264997
-0.010414
-0.301644
-0.216815
-0.225550
-0.163046
0.190698
-0.058050
-0.152491
0.047919
-0.006687
0.141872
0.056569
-0.231684
0.281447
-0.264479
0.153688
0.102201
-0.124645
-0.317076
0.327821
-0.057603
-0.297433
0.069139
-0.097348
-0.022353
0.026266
-0.073573
0.249141
0.183390
0.171715
-0.226922
-0.042362
-0.307637
-0.085591
-0.048973
0.263679
0.103173
0.112891
0.094362
0.120190
-0.462762
0.156993
-0.019994
0.009540
-0.064718
-0.056541
-0.282420
-0.160759
-0.205957
0.157028
0.209285
-0.065754
-0.208794
0.228369
0.202250
0.005231
-0.018747
0.111974
-0.106149
-0.158109
-0.059176
0.156368
-0.031922
0.206536
0.183680
-0.065786
-0.425517
0.219569
0.060268
0.128582
-0.011398
0.213921
0.124189
0.014754
0.397562
-0.104018
0.159639
0.079866
0.231115
-0.136223
0.166466
-0.214352
0.118278
0.017841
-0.018682
0.142130
0.034507
0.041707
-0.131280
-0.088538
0.148603
0.218685
0.211641
-0.080136
0.102095
0.059565
-0.129190
0.040583
0.179088
-0.095141
0.217885
0.199091
-0.399902
-0.066743
0.072753
-0.155698
-0.052346
0.229707
-0.196435
-0.246010
-0.218908
-0.011167
0.112817
0.008226
-0.148705
-0.195469
-0.018551
-0.287683
0.369756
-0.002863
-0.114702
0.106511
-0.143893
0.086801
-0.062276
-0.183564
-0.097613
-0.259679
0.129934
-0.098777
-0.051186
0.174427
-0.375690
-0.162133
0.203820
0.105316
0.029867
-0.138705
0.130191
-0.131176
0.222133
0.144304
0.099678
0.052151
-0.156606
0.226411
0.130535
0.284990
0.187245
-0.028714
-0.214635
-0.132565
0.097537
-0.405677
0.006922
0.128119
0.231263
0.236036
0.102455
-0.056008
-0.081366
0.377354
0.071353
-0.123065
0.101816
-0.363710
0.025347
-0.198340
-0.072864
-0.034901
0.129314
-0.209028
-0.124531
0.080610
0.103361
-0.200334
-0.194647
0.014566
0.040469
-0.028357
0.181993
-0.300006
-0.023260
0.209185
0.019334
-0.384527
0.292560
0.140579
-0.181958
0.003104
-0.125629
0.272294
-0.091623
0.189986
-0.008931
-0.144614
-0.038101
0.044557
0.047066
0.046742
0.305642
0.124345
0.123351
-0.321468
0.048109
0.083754
-0.035980
0.191869
-0.126540
-0.059795
-0.160907
0.082338
-0.050695
-0.449925
-0.110556
0.016205
0.021856
-0.108932
-0.362423
0.091796
-0.392363
-0.019846
-0.092135
-0.193893
0.130044
-0.144848
0.126174
0.249631
-0.056290
0.297404
-0.010136
-0.419473
-0.193119
0.138307
-0.079811
-0.163454
0.075980
0.127663
-0.110956
0.075838
-0.538483
0.095261
0.030532
0.083212
0.015609
0.006052
0.125091
-0.321795
0.145960
0.025531
-0.054101
0.022303
-0.087816
0.115759
-0.208842
0.008055
-0.078985
-0.119684
0.080981
0.066911
0.006790
-0.301252
-0.005900
-0.232303
0.405434
-0.466862
-0.062647
0.211488
-0.025847
0.221321
0.225190
-0.124286
0.195856
-0.039236
-0.192246
-0.105723
-0.234272
0.197764
0.020395
0.261764
-0.054494
0.218452
-0.007469
0.049447
-0.022924
0.039119
-0.110491
-0.064349
-0.012825
0.161276
-0.146429
-0.159054
-0.159728
0.136253
-0.074419
0.144174
0.096616
0.010960
0.022360
0.028020
0.052838
-0.015522
0.082673
0.076306
0.073932
0.087967
-0.230798
0.320421
-0.046201
0.311301
-0.165845
-0.084154
0.036854
-0.014743
0.182971
0.283118
0.315656
0.090504
-0.057320
-0.264677
0.153792
0.190575
0.073307
0.074064
0.237199
-0.077420
-0.281283
0.149348
0.007651
-0.143435
0.185939
-0.069596
-0.025075
0.015115
0.029239
0.224514
0.321184
0.119657
-0.124141
-0.034730
-0.100236
0.056713
0.183590
0.047698
0.059744
0.089659
0.128552
-0.297570
0.057480
-0.114202
0.155645
-0.261846
0.116089
0.379844
0.105157
-0.234641
0.005850
-0.029680
-0.016878
-0.488845
0.095761
0.188604
0.219115
0.111139
0.040336
-0.041291
-0.105930
0.022189
-0.193704
0.028519
0.177031
0.056183
0.028064
0.171324
-0.018150
-0.388468
0.164878
0.060877
0.155698
0.117191
-0.186558
-0.140063
0.338141
0.258624
0.254339
-0.169751
-0.031884
-0.049449
0.018944
-0.049742
0.046479
0.082280
-0.035952
0.075368
-0.071815
0.119278
-0.001362
-0.205412
0.111336
0.109764
0.064924
-0.030437
-0.060101
-0.030557
-0.384054
-0.161274
0.076547
0.263825
-0.084131
-0.099028
0.195988
-0.049242
0.209275
0.094648
0.284488
-0.140630
0.238670
0.061042
-0.277945
-0.136597
0.139159
0.071144
-0.191893
-0.215079
0.093536
-0.465079
0.143948
-0.168667
0.043368
-0.045339
-0.061214
0.059416
0.169899
0.333710
-0.084546
0.093963
0.036508
0.021431
-0.106255
-0.044106
-0.179449
0.239864
-0.040237
0.208718
-0.068615
-0.047151
0.038325
-0.331467
0.193523
0.232758
-0.225561
0.045088
-0.296684
-0.133671
-0.211317
-0.261278
-0.244895
-0.321696
0.262091
-0.326335
-0.197055
-0.014936
0.030209
0.040070
0.042198
0.087752
0.161354
0.001267
0.066404
0.004419
0.074245
0.026355
-0.113070
0.333175
-0.067196
0.113641
0.234429
0.042767
-0.078475
0.023799
0.275027
0.023388
-0.157996
0.034602
0.220596
0.108559
0.292791
-0.028442
0.032242
-0.034243
0.059833
0.195064
0.143297
0.090230
-0.303826
-0.085718
-0.226249
0.033421
-0.102660
0.252721
0.068174
0.207482
0.069514
0.148246
-0.416301
-0.048754
0.003347
-0.019853
-0.017596
-0.215691
0.170826
-0.079534
-0.245859
0.035170
-0.066339
0.036895
-0.115917
0.007252
-0.102668
-0.157205
-0.227727
0.080352
-0.042060
0.112947
-0.209945
0.196628
-0.023518
0.008093
0.177601
-0.117698
-0.329482
-0.281429
-0.082593
-0.147615
-0.026105
0.057957
0.036443
-0.061715
0.037130
0.072282
0.265266
0.170312
0.393454
0.121560
0.162469
-0.119869
-0.053805
0.205665
0.320605
-0.026960
0.339965
0.110069
-0.135669
0.021531
0.123332
-0.191093
0.138459
0.094922
-0.048701
0.040547
-0.295378
0.017560
-0.006680
0.030912
-0.030937
0.080852
-0.007209
-0.381714
-0.024307
-0.152648
-0.259831
-0.117541
-0.013031
-0.031576
0.077331
0.242895
0.007502
0.233625
-0.174814
-0.167384
0.137753
-0.118595
-0.114542
-0.316240
-0.046589
0.053678
-0.273596
-0.103552
-0.014204
-0.150080
-0.154358
0.235088
0.143941
-0.032215
-0.092308
-0.064938
0.320024
-0.451368
0.218202
0.056089
0.173830
0.154189
0.000760
0.190567
0.163568
0.039040
-0.061128
0.160415
0.349618
-0.159717
-0.194209
0.057769
-0.194757
0.169576
0.041841
-0.044314
-0.035719
0.172087
-0.059096
0.141236
-0.333939
-0.044674
-0.054508
-0.329887
-0.233638
0.065744
0.189630
0.096115
0.172352
0.042795
0.095373
0.181456
0.157004
0.269105
-0.169781
-0.205761
0.098101
-0.300184
-0.159467
-0.164959
-0.078232
-0.079575
-0.392797
0.048869
-0.121118
0.150695
0.212389
0.106374
-0.057952
0.009061
0.395193
-0.041739
-0.027458
-0.275593
0.078212
-0.183604
-0.435175
0.138497
-0.186428
0.113177
0.264711
-0.010949
-0.106338
0.136676
0.222882
-0.197705
0.013618
0.004709
-0.313257
-0.120026
-0.028226
0.108565
0.133657
0.177479
-0.152260
0.242893
0.269583
-0.152628
-0.108572
-0.025003
-0.187380
0.136172
-0.028482
0.073829
-0.146521
-0.252760
0.138882
-0.148762
0.077327
-0.147053
0.391422
0.273054
-0.144388
0.231449
0.214789
-0.087273
0.076690
-0.023756
-0.168527
-0.112049
0.064007
-0.134717
-0.106823
0.008947
-0.109224
-0.055586
0.162188
-0.035819
0.101334
0.216853
0.249056
0.141463
0.294708
0.207121
0.126105
0.005265
0.170494
0.275588
-0.153297
0.140050
0.116746
-0.283390
0.028010
0.507293
0.124556
0.025109
-0.022867
0.058203
-0.226060
0.042026
0.032219
0.126948
0.030847
0.308616
0.008810
-0.039911
0.155958
0.276416
0.486949
-0.113603
0.017035
-0.210776
-0.056240
-0.134226
0.210133
-0.249645
0.007541
0.028359
0.353138
0.030245
0.011588
-0.234223
-0.144127
0.124272
-0.010055
0.238450
-0.404297
-0.139729
0.011258
-0.222827
-0.452185
0.230765
0.235785
0.067487
0.012312
-0.177999
-0.037866
-0.087276
-0.006627
0.301885
0.193415
0.070259
-0.163371
0.042792
0.151288
0.066857
0.112633
-0.330761
-0.214491
-0.086992
-0.145621
0.245824
0.296002
0.198839
0.064055
-0.051999
-0.362383
-0.243065
0.160807
-0.130305
0.293289
-0.316098
-0.250298
-0.112905
0.053415
-0.105002
0.020617
0.160899
0.332467
0.170113
0.320073
0.010318
-0.191871
-0.231725
0.115124
-0.033610
-0.034738
-0.083209
-0.196333
0.042582
0.049525
0.222222
-0.123175
0.009754
0.021318
-0.045050
-0.147019
-0.039984
0.086444
-0.282445
0.193763
0.217809
0.008148
-0.106293
-0.123870
-0.064605
0.000630
-0.203632
0.103213
-0.226782
0.115940
0.155316
0.098302
-0.036454
-0.146418
0.136577
-0.264536
-0.006779
-0.027409
-0.010736
-0.091738
-0.099491
0.089654
-0.063223
0.175501
0.064761
0.203647
-0.130554
0.162757
-0.001369
0.121456
0.039231
-0.028935
-0.079847
-0.190485
-0.133341
-0.019881
0.037869
0.104138
0.052641
0.293207
-0.123275
0.064255
-0.190748
-0.120172
0.035181
0.023759
-0.082432
0.029064
-0.277181
0.036230
0.136999
0.069705
-0.082864
-0.002053
0.128169
-0.009269
0.218453
0.205675
-0.087128
0.008615
-0.126667
0.516319
-0.317156
-0.157985
0.168462
0.324190
0.020282
-0.072903
0.038370
0.100985
0.216990
-0.048613
0.044137
-0.084370
0.080587
-0.102201
-0.325326
-0.334445
0.037218
-0.023036
-0.138424
0.013521
0.080277
0.250069
-0.343190
0.286077
0.002946
-0.186857
0.242730
0.071277
-0.226210
-0.240030
-0.007084
-0.095304
-0.398541
0.100770
-0.134158
-0.137716
-0.040779
-0.138545
0.510841
-0.113661
-0.100195
-0.105376
0.275493
-0.096280
-0.034859
-0.035523
-0.032079
-0.090462
0.189297
-0.168838
-0.236857
0.031273
0.010772
0.161818
0.190660
0.150697
-0.410151
-0.048695
0.179632
-0.299391
-0.057990
0.032492
0.076931
-0.025777
-0.028845
-0.158140
0.009052
0.212887
0.259848
-0.120563
-0.320917
-0.111785
0.007621
-0.154876
-0.089055
0.122793
0.038243
0.224690
-0.138726
0.129701
-0.070502
0.123340
-0.044804
-0.064305
0.087037
-0.034376
0.030968
-0.069336
0.130102
-0.075588
0.163459
-0.056791
0.010942
-0.189682
0.148251
-0.038836
-0.219349
0.216530
-0.071846
0.151378
0.048836
0.072990
0.189107
-0.110072
0.098896
-0.085012
0.082149
-0.442635
0.018031
-0.080615
-0.179270
0.078787
0.043596
-0.034328
-0.182856
-0.099962
0.161146
0.013898
-0.099189
0.240014
-0.188726
0.006045
0.102606
0.083229
0.044251
0.014091
0.214357
0.194947
-0.053629
-0.049240
0.469436
-0.021457
-0.137070
-0.130416
-0.011933
0.005568
0.122487
-0.248452
0.214445
-0.176434
0.094482
0.201483
-0.111161
0.256197
-0.205637
-0.276546
0.061333
-0.133784
0.074510
-0.209978
0.042831
-0.240245
-0.348505
0.238869
0.211293
-0.005360
-0.077848
-0.055469
-0.065520
-0.055874
0.210146
0.045323
-0.030023
-0.020855
-0.032529
0.049437
-0.154824
0.109387
-0.006913
0.137401
0.253661
-0.036659
-0.356082
0.096352
0.073882
-0.008998
0.385120
-0.269198
0.008128
-0.113977
0.196115
0.115529
-0.287989
-0.219011
-0.127555
0.086016
-0.022186
0.202789
0.228730
0.203426
0.155195
0.097785
-0.069870
0.147087
-0.338200
-0.034386
-0.138213
-0.155172
0.031608
0.117362
-0.176805
0.070710
-0.214302
0.015703
-0.046359
-0.000587
0.225053
-0.188649
-0.122799
-0.125826
0.205538
0.283342
0.098979
-0.254834
0.100642
-0.078396
0.061631
0.057878
0.378628
-0.180829
0.197658
0.011321
-0.192799
0.023848
0.079648
-0.103458
-0.432472
0.445262
-0.103775
0.038921
-0.086796
0.041770
0.243794
-0.118767
0.215944
-0.106181
0.025039
-0.268070
-0.064442
-0.171681
-0.014229
0.293304
0.142176
0.129238
-0.299009
0.030171
0.094504
-0.283365
-0.300023
-0.258569
0.014315
-0.034784
-0.002126
-0.167265
-0.034880
0.067716
-0.208563
-0.117646
-0.035773
-0.261209
-0.021029
0.126369
-0.207172
-0.080347
-0.207525
0.307045
0.155615
-0.220412
-0.057731
0.055421
0.226830
0.273903
0.066236
0.141182
0.217643
0.198322
-0.171619
-0.145473
-0.114691
0.101485
0.155067
0.030903
-0.380319
-0.044831
-0.337371
-0.272136
-0.181584
0.193441
-0.144274
0.228268
-0.005429
-0.127875
0.117753
0.205984
0.072638
0.143058
-0.126936
-0.328419
-0.210443
0.157753
-0.156314
0.032906
0.234857
0.001534
-0.204384
-0.105218
0.335540
0.072387
-0.049055
-0.054037
0.320680
-0.058968
0.150765
-0.117426
0.020586
-0.304998
-0.071283
-0.229384
0.015116
-0.202264
-0.007314
0.469451
0.157390
0.252459
-0.165126
0.038726
0.083212
-0.249887
0.231913
0.103487
-0.188211
0.104842
-0.138708
-0.020077
-0.061210
-0.191260
0.206774
-0.207045
0.019502
-0.096820
0.004574
0.016663
0.003163
-0.252462
0.114419
0.123099
-0.022897
0.288032
0.080622
0.247863
0.190872
-0.053271
-0.082178
-0.168269
-0.197819
0.066238
-0.197222
0.142143
0.220832
0.042521
-0.236292
0.146073
0.163655
-0.106493
0.020409
-0.166422
-0.036771
-0.049057
0.121471
-0.116367
0.051839
-0.122645
0.037148
-0.126370
-0.025385
0.112063
-0.158786
0.136151
-0.111934
0.223938
0.369470
0.054340
-0.016768
-0.387974
-0.031367
-0.154623
-0.213727
0.056552
-0.175609
0.028993
0.041982
0.002085
0.149038
0.016733
0.170176
0.074152
-0.058523
0.099303
0.101705
0.066668
0.058847
0.126625
0.117069
-0.191365
-0.212720
0.025541
0.104063
0.094723
0.308631
0.085049
0.137143
0.207030
-0.188924
-0.152348
-0.081931
-0.191547
0.189439
0.365638
0.030305
0.106763
0.047598
0.106388
-0.025340
-0.079562
0.027664
0.111595
-0.031138
-0.223704
0.271966
0.001718
-0.448293
0.056725
-0.119174
-0.052740
0.285763
-0.083403
-0.206562
-0.113494
0.309950
-0.222199
-0.311988
0.149984
0.046511
0.314410
0.292170
0.078212
-0.157593
-0.086127
0.247632
-0.055005
0.022237
0.298853
-0.263031
-0.000363
0.494774
-0.130466
0.049770
0.048923
-0.266807
-0.213478
0.000165
-0.077640
0.011368
-0.086213
-0.107859
0.057916
0.151643
-0.095776
0.006960
0.174261
-0.132009
0.109355
0.217675
-0.471660
-0.230343
0.055876
0.143305
0.250430
-0.186423
0.325858
0.050166
0.048695
-0.012470
0.145233
0.070823
0.073028
-0.064023
0.042175
0.005005
0.074915
0.059799
-0.034289
0.061703
-0.012023
0.219732
0.345291
0.383590
0.002560
-0.162675
0.141947
-0.268332
-0.176329
-0.012604
-0.195900
-0.058269
0.141038
0.221277
0.166262
0.060741
-0.006387
-0.095287
-0.044997
-0.054318
-0.074722
0.068860
0.231202
-0.327199
0.424077
-0.245138
0.247631
0.128943
-0.054554
-0.018937
0.090813
0.333551
-0.043791
-0.213651
-0.111784
-0.028732
0.134766
0.135686
0.003785
0.147193
0.209816
-0.423830
0.283435
-0.041171
-0.026243
0.335641
0.213197
-0.082267
-0.055204
0.034949
0.036077
-0.004296
0.170352
-0.300541
-0.069596
0.221251
-0.017799
-0.028935
-0.339259
-0.033116
0.001530
-0.034294
0.114714
0.219850
0.044510
-0.038473
-0.046690
0.088712
-0.059250
-0.091357
-0.215458
-0.199911
0.243930
-0.290344
-0.093430
0.050153
-0.056001
-0.173521
0.038998
0.117801
0.154151
0.264142
-0.079851
-0.124297
-0.238982
-0.197136
-0.067778
0.325347
0.198548
0.216919
0.209181
-0.292125
0.078422
-0.304198
0.375393
0.254053
0.107714
0.014606
-0.153572
0.147425
0.076688
0.053662
0.124327
0.037571
-0.040793
0.055192
-0.227067
0.150955
-0.049601
0.296338
-0.013114
-0.124935
0.013211
-0.015373
-0.059638
0.003552
-0.132687
-0.087516
-0.115888
0.058705
0.225230
0.169661
0.126892
0.068038
-0.487836
-0.056148
0.040237
0.046931
0.164269
0.269593
-0.011613
-0.379294
0.085494
0.226953
0.445334
-0.331096
0.120766
-0.142733
0.096394
0.015086
0.226936
0.181409
0.032835
0.175438
-0.073101
0.117580
-0.198921
-0.038254
0.003510
-0.018727
0.191622
-0.032431
-0.029976
0.334382
-0.239564
0.004149
-0.019032
-0.155954
0.184561
-0.075085
-0.212465
0.049913
-0.005638
0.345125
-0.142492
0.055809
0.190941
0.105765
0.125473
0.107732
-0.053983
-0.001736
-0.312450
0.097395
0.101445
-0.298854
-0.201413
0.152191
-0.115675
0.126422
0.012502
-0.032923
0.178001
-0.043549
-0.193275
0.328922
0.248100
0.172859
-0.023097
0.125672
0.146103
-0.187914
-0.078845
0.042840
-0.053788
-0.101576
0.075565
0.036334
0.018814
-0.016220
-0.089671
0.037422
0.076010
0.057383
-0.287223
-0.123346
0.270337
-0.016266
0.023247
-0.247989
0.064674
0.055429
0.145944
0.088072
-0.047665
-0.121080
0.050355
0.161535
-0.104794
0.178079
-0.194362
0.005599
0.274525
0.063161
0.058237
-0.167068
-0.015820
-0.035796
0.280507
0.120576
-0.227324
0.077665
0.242809
-0.168822
0.062327
0.413484
-0.295791
0.126960
-0.130343
0.395760
-0.382730
0.136630
0.254499
-0.001579
-0.026742
-0.057541
0.149016
-0.037547
0.005008
0.040694
-0.110600
0.054049
0.024903
-0.311070
-0.127670
0.096249
0.081970
0.129133
-0.014951
-0.087729
0.029838
0.047162
-0.179212
-0.009366
-0.156785
0.104925
-0.077058
0.357561
0.202989
0.376639
-0.143988
0.078205
-0.214257
0.047150
-0.129806
-0.232349
-0.113335
-0.288255
0.214600
-0.040630
0.143571
0.105966
0.166748
0.014194
0.335666
0.129005
0.148006
0.129424
-0.111269
0.056429
0.110445
0.018608
-0.000509
-0.079523
0.355572
-0.033793
0.060095
-0.120501
-0.233092
0.038986
-0.031338
-0.199066
-0.023386
-0.025064
-0.098607
0.183326
-0.050653
-0.062544
-0.089402
0.221617
-0.018072
0.122400
0.121621
-0.002351
0.058084
0.026754
-0.035016
0.260959
-0.165025
-0.075079
0.330429
0.045925
0.037715
-0.136987
-0.100000
0.154685
-0.011477
-0.040066
0.163978
-0.481015
-0.200532
0.112476
0.035491
0.160544
0.001045
-0.042912
-0.035270
-0.307633
0.151882
-0.122509
-0.130669
0.073563
-0.048493
-0.156740
0.178662
-0.305688
0.135709
0.094682
0.054722
-0.284395
0.218280
-0.371300
0.240055
0.002397
-0.138559
0.113319
0.053962
-0.110167
-0.168778
-0.259310
-0.158923
0.264722
0.079211
0.112688
0.177708
-0.092861
0.179904
-0.157337
0.000160
-0.167223
-0.071707
-0.176916
-0.025631
0.157203
0.303800
-0.112120
0.265361
0.031333
-0.079480
0.108636
-0.096174
0.090611
0.087036
-0.021513
0.087991
0.034536
-0.193789
0.208809
-0.005291
0.296407
0.126883
0.039556
0.093488
0.187437
0.312072
0.149944
0.027459
0.240658
-0.166565
-0.226482
0.023095
0.065573
0.030688
0.154977
0.044471
0.107764
0.050699
0.032675
-0.021354
-0.094192
-0.049285
0.087511
0.030385
0.023994
0.012759
-0.054641
0.203519
-0.178985
0.068635
0.419919
0.220455
-0.068604
0.255944
0.055339
0.006596
-0.175704
-0.415346
-0.008446
-0.310167
-0.131167
0.304072
-0.033473
0.142725
0.224596
-0.185544
0.007264
-0.092012
-0.048019
-0.399313
-0.228368
-0.171350
-0.064689
0.090039
0.041551
0.121398
0.046477
0.282255
-0.396597
0.235537
-0.118914
-0.211913
-0.181436
0.433509
0.039351
0.211680
0.297053
0.136576
0.047875
-0.091668
-0.059306
0.105909
0.147875
-0.233450
-0.090200
0.042668
-0.123297
0.067399
0.190901
-0.041771
0.097490
-0.228448
0.381117
0.134609
0.185655
-0.192335
0.104251
0.129165
-0.196442
-0.001657
0.178058
0.034125
-0.327792
-0.007530
-0.108245
0.049556
0.235201
-0.010966
-0.164575
0.019608
0.222695
-0.223663
-0.042024
-0.296083
-0.134889
0.253566
-0.135306
0.205443
0.156413
0.102123
0.029405
-0.031209
0.143470
0.040370
-0.169328
-0.055479
-0.053766
0.020077
-0.119285
-0.228984
-0.146259
-0.115396
-0.266931
-0.172870
-0.114920
-0.226925
-0.118777
0.334553
-0.167429
-0.057289
-0.284111
-0.009461
0.157771
-0.171182
0.050668
0.138893
0.098132
0.073567
-0.017047
0.067632
0.068745
0.010889
0.076012
-0.155115
0.306976
0.004431
-0.368223
-0.032291
-0.016661
-0.125727
-0.044354
-0.113531
-0.066348
0.121754
-0.016825
0.079708
-0.041755
0.174843
-0.036901
0.220127
0.235337
-0.032830
-0.262238
-0.128133
0.005348
0.079057
-0.325251
-0.018334
0.055267
0.253440
0.072570
-0.037227
-0.143233
0.008543
-0.224790
0.252606
-0.057070
-0.000655
0.134076
0.063565
-0.241657
0.171099
0.112531
-0.120131
-0.134453
-0.179942
-0.081619
-0.162098
0.198747
-0.031439
-0.100499
0.245157
0.129136
0.036503
0.093436
-0.031970
-0.108697
-0.118956
-0.042155
0.296974
0.169562
0.298827
0.069603
0.076797
-0.230488
0.280327
-0.175498
-0.243201
0.025533
-0.250801
-0.002898
0.069990
0.074549
0.013932
-0.051920
-0.045273
-0.139848
0.174942
0.103315
0.023197
-0.019182
-0.446810
-0.040312
-0.094912
-0.066981
-0.068338
-0.026365
0.227371
0.029426
0.289827
0.113691
0.011463
0.388250
0.095698
0.212318
-0.124819
-0.077761
0.095910
-0.178816
0.058006
0.016784
0.055875
-0.024872
-0.008393
-0.091323
0.176233
0.035918
-0.007420
-0.080435
-0.195990
-0.172110
0.114675
0.060454
-0.082749
0.052654
-0.126704
0.088124
-0.211917
0.286970
0.125689
-0.107491
0.281970
-0.040393
-0.220011
0.010053
-0.230276
-0.241198
-0.082767
-0.170716
0.142389
0.002488
0.143953
-0.325526
-0.141616
0.066217
-0.086831
0.057359
0.016909
-0.051523
0.200737
-0.177353
-0.016916
0.265475
-0.054638
0.331810
-0.262268
0.336411
0.019411
0.006840
-0.077496
-0.136976
0.105056
-0.106203
-0.003346
0.057438
0.366482
-0.104483
-0.323083
-0.133810
-0.071844
-0.025925
-0.138829
0.049998
-0.065370
0.007259
-0.026232
-0.147703
-0.087481
0.124304
-0.103179
-0.145152
-0.134647
-0.083244
0.054187
-0.094896
-0.124429
-0.043469
-0.091401
-0.244175
-0.108942
0.024670
-0.294063
-0.037311
0.047056
-0.130269
0.042842
-0.407480
-0.213309
-0.074573
0.257449
0.185166
-0.007281
0.124971
0.129367
-0.084785
0.022660
-0.033366
0.307876
0.063777
0.043376
0.002673
0.054857
-0.085189
0.028854
-0.318019
-0.072701
-0.386045
0.027023
0.051574
-0.114425
-0.058416
0.254228
-0.264779
-0.112897
0.095457
-0.120346
-0.335103
-0.065742
0.061866
0.222627
0.023231
-0.065380
0.255504
-0.248341
-0.166706
-0.238785
0.129438
0.040012
0.264597
0.071173
-0.069610
-0.069655
0.005258
0.225948
0.001714
-0.012744
0.173337
0.039549
-0.172454
-0.026709
-0.150680
0.463811
0.172695
0.110463
-0.170643
0.154535
-0.185212
0.041389
0.148919
0.236828
0.141581
0.096611
-0.249206
0.103891
-0.060793
0.043336
-0.211995
-0.141509
0.148807
-0.195046
0.116530
-0.312320
-0.037183
0.167455
0.033553
-0.334067
-0.177770
-0.036893
0.066250
-0.182772
-0.070216
-0.032877
-0.197160
0.222417
-0.166933
-0.111363
-0.253742
0.197444
-0.067604
-0.058480
-0.095096
0.051970
-0.110289
0.292638
-0.099118
0.076917
0.114192
0.029295
-0.131793
0.280677
0.147980
0.099196
-0.137495
-0.008051
-0.117675
-0.061250
0.075882
0.312494
0.140403
0.171628
0.471500
0.293189
0.016875
0.100793
0.100373
-0.232932
0.234426
0.117762
-0.263087
-0.063135
0.122264
-0.180792
-0.156096
-0.114279
0.097740
-0.088258
-0.080862
0.024529
0.247209
0.120476
0.341672
0.128742
0.033884
0.058946
0.322010
-0.113052
0.015995
0.022381
0.157279
0.292258
0.012162
-0.081826
0.101637
-0.012344
0.067199
0.020236
-0.153240
0.185609
0.010151
-0.142591
0.031327
-0.029686
0.171079
-0.016602
0.043202
0.280057
-0.081068
-0.060092
-0.133242
0.024835
-0.257919
-0.035776
-0.162391
-0.023370
-0.250378
0.229731
0.017453
-0.115945
-0.252860
-0.060182
-0.065233
0.293803
0.012429
-0.114033
0.054478
0.224073
0.189202
0.071843
0.067699
-0.141539
-0.127971
0.050438
0.039647
0.138821
0.152055
0.235812
0.000268
0.167552
-0.113354
-0.264338
-0.177665
-0.219405
-0.054394
0.269688
0.069237
-0.174619
0.223988
-0.133305
-0.134837
-0.102954
-0.083820
0.173512
-0.010424
0.083586
0.037554
0.207102
0.240793
-0.030324
0.200400
-0.362008
0.042964
0.084779
-0.133036
-0.123521
-0.240544
-0.018682
0.075754
0.183935
0.082539
-0.082100
0.088804
-0.127096
0.279414
0.112890
0.008091
0.189940
0.104446
0.216557
-0.230541
-0.197720
-0.019446
-0.243400
-0.170081
0.009749
0.111686
0.024548
-0.373932
0.034383
0.107994
0.028758
0.009571
0.043375
0.046107
0.090210
-0.113545
0.046814
-0.110263
-0.004600
0.046572
0.018321
0.098174
0.043168
0.179904
0.018573
0.059528
-0.099962
0.088148
0.072166
-0.003606
0.095633
-0.143789
-0.033835
0.191453
0.099643
-0.055869
-0.119867
-0.084623
0.070976
0.162137
0.194703
0.034396
0.272597
-0.123559
-0.235836
0.079437
-0.041644
0.117301
-0.095404
0.142325
0.417343
-0.324106
-0.360914
0.342779
-0.186772
-0.145436
-0.145506
-0.084507
-0.059014
0.159093
0.183391
0.317409
-0.095442
0.170766
-0.132893
-0.242333
-0.166314
0.100790
-0.072649
0.184389
-0.009457
0.260091
0.141251
0.044428
0.111169
-0.031211
0.078977
0.031458
-0.020608
0.039899
0.106707
-0.058293
-0.070569
-0.209783
0.063397
-0.180096
-0.208221
0.147855
-0.104582
-0.435394
0.056206
0.141904
0.136692
0.029425
0.383648
-0.228126
0.106169
-0.070098
-0.043718
0.371784
0.130202
-0.002499
-0.186742
-0.034391
0.031147
0.349419
0.035045
-0.130310
0.179887
0.149626
-0.113641
0.047489
-0.282380
0.019085
-0.197017
-0.206034
0.032408
0.061525
0.173112
0.149533
-0.322954
0.148990
-0.340041
0.158411
-0.161053
0.072035
-0.078070
0.129596
-0.204588
0.125534
-0.023304
-0.209973
-0.232314
-0.043908
-0.088865
-0.191429
0.230613
0.153799
0.030350
-0.073687
-0.005324
0.166835
0.206561
0.206444
-0.368371
0.243219
-0.021298
-0.064276
0.160874
0.146233
0.256761
0.011770
0.070971
-0.117058
-0.042019
0.257459
-0.063044
-0.048583
0.084950
0.016649
-0.229715
-0.133976
-0.192425
-0.392041
-0.286784
-0.120798
-0.059715
-0.008975
0.274453
-0.367711
0.124395
-0.203452
0.030603
0.117533
-0.076448
-0.113390
-0.169990
0.130907
0.232679
-0.203195
0.029461
0.052721
-0.218539
0.025875
0.117286
-0.049465
-0.129403
-0.044366
-0.143096
-0.129409
0.039085
0.201785
0.206894
0.202143
-0.183366
0.059515
0.219801
0.314041
-0.307551
-0.087247
-0.172760
0.083516
-0.192123
0.154049
-0.305924
-0.265439
-0.285047
-0.107097
-0.159076
-0.056473
0.191583
-0.015071
0.169000
0.176600
0.139811
0.041593
0.037245
-0.165166
0.333501
-0.172237
0.036149
-0.100795
0.193070
0.049666
-0.120882
-0.078083
0.000408
0.087254
-0.000206
-0.025236
0.007660
0.165684
-0.394290
0.302577
-0.104068
-0.005403
-0.049354
-0.398433
0.075732
0.047838
0.243407
-0.092511
-0.165442
0.264482
0.026701
-0.139272
-0.016698
0.064121
-0.016176
0.096602
0.243223
-0.242225
0.058175
0.059987
0.030067
0.104648
-0.391434
0.187130
0.155070
-0.108231
0.019346
-0.041708
-0.266939
-0.126606
-0.050500
-0.292132
0.057837
-0.050050
0.333964
0.024476
0.018259
0.037360
-0.154614
0.034689
0.262780
0.200491
0.181332
0.079776
0.088504
0.074181
-0.117028
0.183441
-0.041773
-0.224153
-0.052534
-0.044578
-0.052495
-0.164080
0.049442
-0.145538
-0.150722
-0.174421
-0.098524
0.074476
0.254031
0.055378
-0.018830
0.098797
0.202642
-0.138755
0.185751
-0.019814
-0.394806
0.175589
0.056392
-0.148337
0.120775
0.131027
-0.370218
0.063708
0.230946
0.007460
0.070316
0.177605
-0.190779
-0.262063
-0.100153
-0.112815
-0.074301
0.066870
-0.095150
0.269488
0.087962
-0.083991
0.329832
-0.056922
-0.135632
-0.233935
-0.266424
-0.351927
0.008450
-0.289828
0.221500
-0.154107
-0.274194
0.188429
-0.070368
0.175786
-0.088906
0.038430
0.154870
-0.069255
-0.062191
0.097677
0.158971
-0.185211
-0.114711
-0.318834
-0.105421
0.077693
-0.140143
0.295191
-0.204345
0.058530
-0.099608
-0.126317
-0.085421
0.131711
0.122446
0.187377
0.156955
0.199379
0.113364
0.185169
0.162982
-0.007445
-0.218588
0.155771
0.238310
-0.025134
0.009184
0.038784
-0.304265
-0.211122
0.037319
0.053246
0.172501
0.074990
-0.103922
-0.179634
-0.291019
-0.066756
0.164736
0.078229
-0.172160
-0.257748
0.052186
0.100255
-0.088263
-0.225057
0.002934
0.029668
-0.146806
0.185992
-0.013445
0.032048
0.245405
-0.317792
0.155957
-0.102215
0.212283
0.009433
0.027406
0.147432
-0.216171
0.083676
-0.232434
-0.124781
-0.246331
0.198451
-0.265967
-0.029376
0.151484
-0.360089
-0.275120
-0.134594
0.095362
0.019722
0.076635
-0.076339
0.110507
0.084493
-0.373853
0.132331
0.127191
0.129099
-0.045409
-0.098255
-0.132309
0.162075
0.009383
-0.005408
0.344378
-0.089586
0.027755
-0.165182
0.116790
0.002307
-0.478868
-0.031976
0.187741
-0.015231
-0.187426
0.104882
-0.350669
0.094353
-0.096770
0.044585
-0.086338
-0.214333
-0.155413
0.065496
-0.082001
-0.161582
-0.149042
0.036731
0.333822
0.038930
0.110197
0.239169
-0.257787
-0.040801
0.184252
-0.003454
-0.003522
0.072544
-0.389567
-0.113872
0.089285
-0.118681
0.100607
-0.247203
0.080032
-0.052493
-0.118677
-0.014366
0.105212
-0.360352
-0.052940
-0.087587
0.057496
0.236119
0.065489
0.186437
-0.046132
-0.053348
0.226054
0.148645
-0.051956
0.034099
0.072756
0.040382
0.060532
0.030747
0.025888
0.314580
-0.286689
-0.127153
-0.185446
-0.230820
0.367553
-0.005095
0.145406
0.183225
0.142172
-0.030732
-0.013327
0.040286
-0.097499
-0.235406
-0.080209
-0.224781
0.113967
-0.031880
0.091959
0.033992
-0.060532
-0.070429
-0.072201
-0.152134
-0.054789
0.302804
0.333700
0.075670
0.300808
-0.100195
0.104031
-0.183115
-0.248017
0.104133
0.131897
0.001001
-0.084425
0.105963
-0.153936
-0.083686
0.226755
-0.117018
0.132185
0.018974
0.417828
-0.142025
-0.182228
0.067767
-0.068319
-0.035856
-0.154297
0.174890
0.069723
0.145104
-0.004230
0.082956
0.017287
-0.066449
0.010891
0.176124
-0.159651
-0.151374
0.104076
0.035707
-0.178819
-0.047458
0.351206
-0.038957
-0.136820
-0.224193
0.044127
0.023187
-0.051242
0.005354
-0.021359
0.158790
-0.202210
-0.016763
-0.216821
0.163724
-0.022247
0.073072
-0.125704
0.302099
0.256979
-0.096074
-0.055815
0.208918
-0.459731
0.031820
0.145996
0.245743
0.080531
0.025897
-0.188741
-0.098755
-0.008609
-0.125182
0.085362
-0.075168
0.125593
0.151465
0.144984
-0.138324
0.181163
0.086176
-0.243348
-0.074120
0.158684
0.230950
0.167906
0.233386
0.070019
0.018251
-0.059972
-0.194401
-0.180579
-0.264074
-0.041434
-0.396166
0.307936
0.055623
0.345630
0.070019
-0.027363
0.121706
0.072371
-0.279255
-0.198922
0.250928
0.051049
-0.168502
0.083335
-0.131449
-0.056009
-0.457890
0.086145
0.423132
-0.314332
-0.234726
0.008144
0.274250
-0.097911
0.205552
-0.078720
-0.067868
0.114805
0.064575
0.086625
0.171331
0.047830
0.015470
0.010774
-0.046669
0.206059
0.064822
0.322005
0.228727
-0.019621
-0.200974
0.050586
0.350038
0.185843
-0.323850
0.112472
0.143847
-0.231260
-0.047356
0.038808
-0.188322
0.250069
-0.074639
-0.272397
0.401794
-0.056104
0.031321
0.205926
-0.502169
-0.132563
-0.107959
-0.105296
0.122647
0.140674
0.305421
-0.153735
-0.041064
-0.250289
-0.121819
0.349333
0.027427
-0.315238
-0.210538
0.100118
0.148544
0.170408
-0.172207
-0.141975
-0.101257
-0.198983
0.165261
-0.120319
0.372330
0.110568
0.033745
0.208696
0.176989
0.204872
-0.399336
-0.174642
0.327092
0.153636
0.114373
-0.084015
-0.103235
0.055604
-0.022196
0.203662
0.045942
-0.056971
0.055557
0.119570
0.066711
-0.060588
-0.189001
0.041515
-0.128409
-0.115261
0.038112
-0.043447
-0.054530
0.077272
0.164544
-0.393649
0.043459
0.385525
0.021549
0.074474
0.051405
0.294930
-0.199964
0.117485
-0.004844
-0.043980
0.211396
-0.039575
-0.333661
-0.246471
0.006938
0.108653
0.180992
-0.338748
0.081565
-0.125872
-0.163418
-0.095470
0.142687
-0.290551
-0.163392
-0.038062
0.066710
-0.035546
-0.064326
-0.105144
-0.247873
0.097841
0.135274
0.046742
0.102214
-0.365350
0.019431
-0.164720
-0.203138
-0.073521
-0.099723
0.111700
0.128973
-0.073670
-0.132009
-0.062458
0.081510
-0.457175
-0.110903
-0.108725
-0.193802
0.033620
-0.015661
-0.094753
-0.055395
0.014305
-0.397573
0.152550
0.206748
-0.080619
0.107316
-0.149199
-0.062938
-0.327128
0.185914
-0.073904
-0.271229
-0.154753
0.150403
0.172574
-0.181670
-0.013771
-0.198599
-0.010736
-0.102754
0.007604
0.104430
0.063009
-0.260284
0.004348
0.266485
-0.151753
-0.284710
0.056693
0.216534
-0.184004
-0.064489
0.190101
-0.075702
-0.052529
0.365299
0.228275
-0.057400
0.066164
0.221485
0.118091
0.292848
-0.147381
-0.005042
0.217017
0.104055
0.074112
-0.182164
-0.100108
0.000965
-0.114893
0.017936
0.250705
0.191551
-0.026283
0.219527
-0.160689
-0.274669
-0.052598
0.102079
-0.121601
-0.074739
0.309975
0.193330
-0.058115
0.182194
0.147788
0.131068
-0.190978
-0.039660
-0.216929
0.122012
0.298170
0.019986
-0.003867
-0.071464
0.374877
0.001670
0.377113
-0.056320
0.028059
0.178041
0.162655
0.142264
-0.303203
0.123384
-0.055864
0.300302
0.089736
-0.038381
0.168489
0.021827
-0.119324
0.103915
0.065774
-0.224132
-0.105228
-0.015991
0.125253
0.068368
0.209236
0.188308
0.387789
0.037924
0.126839
-0.452985
-0.202934
0.068112
-0.141923
0.319546
0.196639
0.174810
0.041601
0.129601
-0.092001
0.054252
-0.118528
-0.078270
-0.073898
-0.068172
0.208098
0.012095
0.242066
0.126982
0.018405
-0.247836
-0.079423
-0.058667
0.259802
-0.108158
0.171349
0.167406
0.308269
0.001783
0.226642
0.238670
-0.122527
0.000467
0.224016
0.197158
0.161928
-0.284740
-0.120944
0.107682
0.174293
-0.017851
-0.062149
0.195663
-0.323610
-0.097039
-0.000055
0.195903
-0.187529
-0.080469
-0.042543
-0.011802
0.189762
-0.113159
-0.015108
-0.056672
0.272729
-0.082792
0.125863
-0.339632
0.280160
-0.132824
0.405789
-0.077840
0.135565
-0.477152
0.454556
-0.305895
0.319136
-0.072780
-0.014869
-0.239478
0.041694
0.183233
0.041920
-0.121340
0.030537
-0.138860
-0.225889
0.013070
0.042168
-0.125930
-0.135705
-0.204825
0.071651
-0.212342
0.107719
0.021689
-0.172755
-0.073557
0.008977
0.051623
-0.082657
-0.027538
-0.093501
0.091657
0.165643
0.070849
0.318449
-0.024258
-0.029457
0.064334
-0.064074
0.084606
0.362684
0.197412
0.066230
0.156700
-0.112280
-0.131558
0.073973
-0.168755
0.014659
0.143150
-0.219034
0.256474
0.147414
0.356763
0.027748
-0.094568
-0.051827
0.211931
-0.075285
0.254509
-0.113326
-0.057190
-0.176451
-0.266602
0.035093
-0.102363
-0.117230
-0.068622
0.210032
0.391530
0.030319
0.104986
0.089763
0.317706
-0.043664
-0.170205
-0.186801
0.016178
0.281977
0.011734
0.004628
-0.030821
-0.324962
-0.004100
-0.261020
0.080558
0.035639
0.170766
0.222331
-0.167515
0.092855
0.045229
0.091160
-0.131876
0.209208
-0.357306
0.300028
0.053135
-0.121870
0.288686
0.102695
0.205198
0.107169
-0.004972
0.002595
0.032120
-0.239921
-0.044266
0.035950
0.080593
-0.196198
-0.000345
0.205548
-0.021272
0.088127
-0.129670
-0.119043
-0.207565
-0.252943
-0.192128
0.115907
0.316295
-0.320441
-0.044549
-0.048397
-0.294705
0.240663
0.367386
-0.460558
0.095875
0.069130
0.073173
0.114636
-0.228167
-0.062082
0.135278
-0.149109
0.086498
0.097673
0.082651
0.467816
-0.219755
-0.203645
0.233167
0.368155
0.157666
-0.025879
0.100605
0.014946
0.296432
-0.072184
-0.099208
-0.061215
0.060871
-0.292921
-0.173024
-0.055916
-0.051217
-0.170697
-0.101404
0.127601
-0.415274
0.218977
0.188004
-0.231434
-0.453669
-0.037617
-0.122515
0.159643
0.005741
-0.088345
-0.013865
-0.037994
-0.149180
0.156655
0.107724
-0.034305
-0.172858
0.285726
0.039147
0.177344
-0.226428
0.045988
-0.298831
-0.058585
-0.037575
-0.082359
-0.118599
0.007516
-0.088612
0.110544
-0.207134
0.171290
0.174392
0.136797
0.189142
0.056826
-0.139914
0.206466
-0.105408
0.146882
-0.091760
-0.082361
-0.035444
-0.154049
-0.048107
0.151749
-0.256021
-0.026132
0.218885
-0.094979
0.280345
0.037216
-0.223215
-0.038150
0.047902
0.356431
0.012574
0.099423
0.153096
-0.059109
-0.047736
-0.156790
-0.309603
-0.371728
-0.022481
-0.463203
-0.215515
-0.208540
0.406140
0.017866
0.190837
-0.058118
-0.050018
0.017451
-0.294126
-0.058275
-0.052452
-0.092102
0.234538
0.064050
-0.002791
0.068266
-0.285873
0.275518
0.253276
0.141021
0.069041
0.176664
0.051513
0.144471
-0.025395
-0.165181
0.065965
-0.051161
-0.017030
0.116975
-0.076189
0.250269
-0.289713
0.378414
-0.123090
-0.054240
0.091171
-0.010900
-0.114190
-0.137841
0.030793
0.132939
0.092768
0.146633
-0.145402
0.346020
-0.099376
0.278405
0.043605
0.000794
0.174034
0.256181
0.011972
-0.010142
0.036345
-0.025053
-0.074256
-0.120898
0.044948
0.134209
-0.237868
0.008953
0.006119
0.007342
0.138225
0.089256
0.147459
-0.046622
0.247899
0.056549
-0.044583
-0.074230
0.032650
0.198761
-0.040225
-0.249864
0.051673
0.401387
-0.173762
0.231341
0.088691
-0.069802
0.282982
-0.037178
-0.040881
-0.039504
0.223863
0.202338
0.262004
0.219979
0.109972
0.265083
-0.080405
-0.165315
-0.113786
-0.008671
-0.321269
-0.284175
-0.049383
-0.059023
-0.065971
-0.161171
0.097694
-0.050401
-0.037404
0.159343
0.208305
0.001778
-0.023380
0.065270
-0.147783
-0.084702
0.311624
-0.030131
-0.121136
0.101117
-0.071044
0.095116
-0.016430
0.082142
0.049114
-0.166773
-0.191791
0.010468
-0.186229
-0.043254
-0.242190
0.042201
-0.097972
-0.049018
0.076012
-0.172943
0.158995
0.064174
-0.062915
-0.019731
0.067173
0.047096
0.128081
0.116746
-0.240355
-0.331148
0.145582
-0.114568
-0.019163
-0.224766
-0.071871
0.144129
0.100512
0.134384
-0.198449
-0.118041
-0.081619
-0.176367
-0.174631
0.419700
0.067917
0.325169
-0.030895
0.006065
0.205179
-0.075235
-0.059292
0.249043
-0.172895
0.003920
-0.118795
-0.055971
0.039311
0.194835
0.180900
-0.012399
0.377585
-0.017025
0.010436
0.249377
0.160668
0.079934
-0.219322
-0.043574
0.011431
-0.018270
0.243611
-0.238414
0.321150
0.224293
0.353674
-0.387980
-0.216909
0.120602
0.200236
-0.094623
0.010309
0.058668
0.028242
0.089132
-0.086268
-0.039534
0.196131
0.006502
-0.159796
0.053517
-0.139339
0.044383
0.305213
-0.159109
-0.026411
-0.203036
0.018503
0.010526
-0.060038
-0.053834
0.025399
0.096017
-0.044529
-0.202783
-0.095344
0.231898
-0.167896
0.258799
-0.497506
-0.048934
0.039733
0.457063
-0.277621
-0.222136
-0.128709
-0.307934
-0.049255
0.436626
0.301577
0.243414
-0.199036
0.127544
0.293435
-0.149871
-0.212575
-0.088008
-0.183886
0.004911
0.271550
-0.061809
0.212486
0.019403
0.003946
0.226082
0.292687
-0.274257
-0.142828
-0.224220
-0.157143
0.091132
-0.241153
0.087827
0.175421
0.009803
-0.079290
-0.112737
0.002357
-0.165417
0.104621
0.038066
-0.054138
0.071766
-0.206561
-0.016530
0.190395
-0.365149
0.198091
0.085964
0.012516
0.026312
-0.053228
0.346237
0.111769
-0.214004
-0.250930
0.110671
0.217057
-0.151076
-0.191020
-0.157094
0.155539
-0.037598
0.054500
-0.028632
-0.013885
0.044484
-0.141562
0.331360
0.184442
0.075868
0.001501
-0.109886
0.131514
0.017415
0.177851
0.201716
-0.111613
0.016513
0.233138
-0.176444
-0.095308
-0.008525
0.049841
-0.231142
-0.071340
-0.019173
0.104234
-0.187417
-0.075915
-0.085837
-0.123607
-0.053810
0.423973
0.121651
0.075571
0.644183
-0.188119
-0.376771
0.282161
-0.091968
0.105449
-0.124240
0.034422
0.086777
-0.053757
0.083393
-0.054386
0.041737
-0.159118
-0.113040
0.155577
0.248441
-0.102581
0.016328
0.281322
0.032289
0.139136
-0.320894
0.069681
-0.259340
0.132097
-0.012106
0.038210
-0.232242
-0.227281
-0.153652
0.198300
-0.205866
-0.185750
-0.092808
-0.061029
0.343597
0.197852
0.362691
0.032047
-0.156728
0.085186
0.089029
0.026971
0.114340
-0.154597
-0.057253
0.030150
0.037671
-0.244523
-0.043728
-0.116033
0.215582
0.068265
-0.189769
-0.166791
-0.094245
-0.012401
0.025357
0.085406
0.097694
0.062681
0.190108
0.063063
-0.088015
-0.072720
0.202718
-0.195285
-0.073599
0.224728
-0.047664
0.206309
0.385923
0.429342
0.306267
-0.018043
-0.037211
-0.186883
0.134223
0.188962
-0.004784
0.063222
0.167131
0.025609
0.146386
-0.155160
0.139048
0.243334
-0.055892
-0.013338
-0.032031
-0.102627
0.117490
0.155438
0.108247
0.266830
-0.045087
0.234633
0.148524
-0.064170
0.152829
-0.149563
0.096261
0.024595
-0.130826
-0.318291
0.181391
0.042396
-0.359343
-0.246887
-0.113340
0.112660
0.003245
-0.067344
0.086664
-0.027019
-0.273285
-0.150664
0.147773
0.078176
-0.121808
0.000502
0.023720
-0.024401
-0.164535
0.040387
-0.453853
0.051899
-0.027605
-0.036498
-0.019291
-0.296648
-0.299768
-0.242380
-0.044454
0.037473
0.302934
-0.059412
0.068559
0.213230
0.097421
0.345082
-0.135373
0.090148
0.099502
-0.205703
-0.047083
0.213047
0.214376
-0.048226
-0.293357
0.108378
0.021637
-0.003391
-0.270654
-0.198642
0.036726
-0.120012
0.097768
0.234221
0.211795
0.203237
0.007819
0.136889
0.166925
0.134836
0.348039
0.069107
-0.161659
-0.223367
0.144483
-0.082706
-0.122579
0.198682
-0.062707
-0.006622
0.052428
-0.203837
-0.028109
-0.279350
0.284016
-0.080205
-0.001251
0.141183
-0.047250
-0.097588
0.199844
0.053358
-0.060233
-0.116693
0.183335
0.205015
-0.086191
-0.170909
-0.358846
0.231865
-0.098932
0.324009
-0.078586
0.024891
0.015510
-0.019523
0.028074
-0.167866
-0.067698
-0.332689
0.006016
-0.291337
0.170022
0.148833
-0.059339
-0.120252
0.395476
-0.037039
0.070232
0.108894
0.153587
-0.254525
0.345670
0.039024
-0.030764
-0.010193
0.105667
-0.099260
0.382610
-0.059731
0.116705
-0.018935
0.035769
-0.119212
-0.178564
0.281814
0.292068
-0.010713
-0.003914
0.330453
-0.366671
-0.198064
0.054067
-0.176013
0.052836
-0.127927
-0.117519
-0.213195
-0.110948
-0.190337
-0.088218
-0.182496
0.155385
-0.158259
-0.102547
-0.191918
0.161007
0.188744
-0.135270
0.028080
0.130054
0.268926
0.038472
-0.018206
0.206495
-0.074934
-0.094208
-0.086304
-0.019965
0.249516
-0.288395
0.222440
0.339976
-0.191772
-0.063352
0.204722
-0.083539
-0.177323
0.160379
0.115051
0.073746
0.128724
0.205150
-0.424364
-0.280538
-0.076518
0.176426
0.076744
0.003992
-0.139062
-0.003595
0.237324
-0.063528
0.020764
0.004212
0.081181
-0.038046
-0.190691
0.076554
-0.189235
0.002376
-0.144778
0.371401
-0.113667
-0.137617
0.221020
0.221603
-0.225917
-0.303548
-0.227456
-0.276278
0.035405
0.012010
-0.098955
0.004278
0.328266
0.454054
0.164404
-0.029088
-0.035427
-0.089469
-0.433665
0.295210
0.343692
0.049360
-0.070506
-0.238845
0.259400
0.076104
-0.258664
-0.100986
0.041650
-0.089919
0.031395
0.029654
0.104267
0.303572
0.072040
-0.063302
-0.162595
0.005301
0.005925
-0.120168
-0.130967
0.079419
0.049156
-0.008492
0.218823
-0.294156
-0.383993
-0.091127
-0.127546
0.063111
0.148475
-0.159756
-0.109482
0.105307
0.178442
-0.305055
0.191329
0.118729
0.102623
-0.145386
0.010404
-0.147424
0.276881
-0.106627
-0.219013
0.234712
0.008834
-0.273641
-0.176282
-0.050720
-0.156894
-0.042033
0.069220
0.243841
0.089079
0.122464
0.317543
0.127592
-0.289003
0.087771
0.049648
-0.105624
-0.080385
-0.053309
0.222355
-0.002375
-0.035407
-0.063193
0.110697
-0.391824
-0.065937
-0.064516
-0.001901
-0.291191
-0.206042
-0.220329
-0.096427
0.252045
-0.282701
0.168799
-0.219302
-0.198874
0.087536
0.016294
-0.090011
0.209947
-0.165214
-0.345827
-0.131152
-0.114510
-0.082210
-0.244964
-0.208052
0.105348
0.240272
0.008414
0.195029
-0.088012
0.309461
-0.150998
-0.045473
-0.246986
-0.041554
-0.030442
0.085982
-0.113187
-0.165247
-0.259960
-0.303011
-0.148978
0.218184
0.081066
-0.202555
0.206112
0.121348
-0.133274
0.026963
-0.158133
0.082012
0.205788
0.088582
0.023529
0.198046
-0.114182
0.121287
0.318200
0.086602
-0.011756
0.032713
-0.172737
0.033057
0.099310
-0.144712
-0.102517
0.143437
0.155656
0.126798
0.117094
-0.002578
0.027125
0.007984
-0.417290
0.054363
-0.054601
-0.233687
0.230040
0.070535
-0.150754
0.158105
-0.183557
0.015820
0.102260
-0.006728
-0.396291
-0.059472
-0.013506
-0.013372
0.092001
-0.013484
0.246241
-0.112897
0.281226
0.300504
-0.203250
0.248486
-0.084422
0.126870
-0.243034
-0.168281
0.039627
0.107605
-0.078145
0.044255
-0.209014
-0.033733
0.114578
-0.042394
0.261794
-0.150487
-0.166176
-0.069509
0.234258
0.120441
0.018172
-0.176088
-0.126183
0.039696
-0.092841
0.048464
-0.209969
-0.034756
-0.237293
0.217811
-0.102741
-0.100934
-0.022283
-0.206920
0.006609
0.275523
-0.151725
-0.172447
0.317921
0.053819
-0.129787
-0.317452
-0.133442
0.218063
-0.061047
0.198462
0.160238
0.020079
0.015401
0.040962
0.146481
0.000686
0.045672
-0.117368
-0.029067
0.152664
0.113369
-0.090138
0.023761
0.014571
0.063987
-0.079696
-0.165442
-0.088427
0.480383
0.348858
0.175329
-0.190996
-0.380173
-0.097793
0.080366
-0.045271
0.102310
-0.011865
0.120150
0.143375
-0.239641
-0.456697
-0.060076
-0.050051
0.024270
0.149905
-0.157941
0.533838
-0.010938
-0.110907
-0.059812
-0.064156
0.210073
0.041217
-0.070118
0.186906
-0.031797
0.065946
-0.062096
0.072387
0.107412
0.077628
0.151128
0.040213
-0.033250
-0.077304
0.016877
-0.094474
-0.167211
-0.310535
0.069158
0.001872
-0.058323
-0.190994
0.023772
0.090639
-0.009509
0.114544
0.310223
-0.057571
-0.141333
-0.042783
-0.144995
0.279052
-0.147723
0.034411
0.016857
-0.180175
0.100427
0.115546
0.371772
-0.034735
0.052118
0.051977
0.006519
0.258797
-0.187002
-0.284213
-0.142740
-0.144671
0.041507
-0.230382
-0.193890
-0.084258
-0.338651
-0.269782
-0.108459
0.019815
-0.356939
-0.065412
-0.156987
0.249319
0.068851
0.184483
0.049643
-0.047848
-0.043776
-0.066202
0.123131
0.114685
-0.357825
-0.036989
0.322587
0.120605
-0.037101
0.214401
-0.081214
-0.259323
0.019051
0.174117
0.151342
-0.028732
0.097551
-0.114712
0.009937
-0.037560
-0.172566
-0.093536
0.086076
-0.083682
-0.185826
0.166302
0.081513
0.224423
0.086244
-0.047386
-0.045001
-0.178731
0.072066
-0.064625
0.173002
0.020102
-0.118559
-0.048240
0.137514
-0.328237
0.022178
-0.203664
-0.052508
-0.052394
-0.019022
0.005575
0.253043
-0.094192
0.134895
0.077526
0.232775
0.029808
0.102945
0.267028
-0.298857
-0.058195
-0.253666
-0.060386
-0.134483
0.268245
-0.004666
-0.113432
0.037973
0.320710
-0.270855
0.158332
0.031868
-0.067500
0.132961
-0.095542
0.011831
0.087972
-0.328129
-0.033248
-0.287606
0.125396
0.151691
-0.382654
0.102432
0.398451
0.056701
-0.033104
-0.143169
-0.013090
-0.275865
0.031887
0.062614
0.017072
0.028896
0.129069
0.120101
0.102624
0.032736
0.257382
-0.065334
-0.097854
-0.410648
0.360318
0.027092
0.003513
-0.207365
0.132573
0.185496
-0.019327
-0.128949
0.009358
-0.005463
-0.054482
0.173552
-0.016858
-0.128820
-0.005211
-0.043589
-0.017613
0.078513
-0.238103
0.062763
-0.105297
0.143874
-0.378742
0.037249
0.120398
-0.062401
-0.124994
0.104968
-0.054900
-0.018746
0.158814
0.372607
0.202222
0.043729
0.079222
-0.023813
-0.036089
-0.221023
0.202666
-0.039578
-0.048320
-0.058129
-0.305977
-0.237888
-0.007912
-0.089441
0.069827
-0.200611
0.051726
0.147091
0.086961
-0.031337
0.053549
-0.186569
0.209552
-0.309187
0.289528
0.013678
0.349419
0.296508
-0.199562
0.028097
0.059494
-0.096544
-0.209112
-0.065117
-0.264658
0.340073
0.148647
-0.184008
0.059173
-0.158012
0.024650
0.153273
0.198724
-0.303483
-0.231456
-0.069136
0.137686
0.058155
0.002437
-0.075242
0.167073
0.124079
0.211164
-0.113735
-0.107660
0.120965
0.016429
-0.137944
-0.318328
-0.150519
0.363935
-0.014536
-0.190802
0.067601
0.024184
0.126517
0.138107
-0.119053
0.149758
-0.178018
0.030960
-0.148325
0.024956
-0.166877
0.075290
-0.208808
-0.200861
0.038825
-0.121249
-0.133501
-0.112617
0.206818
-0.096718
0.281437
0.041237
0.207882
0.220985
0.019649
0.114254
0.097007
-0.333485
-0.165870
-0.201385
-0.021023
-0.212990
0.094336
0.063938
-0.065865
0.063027
0.057925
-0.421103
0.068686
-0.173912
0.065530
-0.005493
-0.151218
0.028313
0.046795
0.237270
-0.128282
-0.083041
-0.176497
-0.078147
-0.086864
-0.088224
0.202148
0.199257
-0.166300
-0.054141
-0.226158
0.001068
0.286398
0.184922
0.190801
-0.118290
-0.145089
-0.168509
-0.115304
-0.005777
0.095809
-0.334972
-0.078101
-0.153514
-0.320110
-0.100126
-0.027788
-0.148952
-0.029225
-0.153813
-0.031895
-0.063984
0.014085
0.156741
-0.180327
-0.178881
-0.004458
-0.272519
0.082154
-0.147002
-0.013709
-0.047281
-0.075483
-0.200677
-0.586335
0.043959
-0.142909
0.174420
0.032636
-0.022445
-0.068756
-0.021787
-0.420541
-0.107694
0.075822
-0.053558
0.178175
-0.220935
0.028560
0.391627
-0.104477
0.004507
0.230350
-0.001885
-0.222262
-0.040717
0.045776
-0.006648
-0.087309
-0.011551
0.054446
-0.108597
-0.159903
0.091366
-0.024095
0.037564
-0.227871
-0.090538
-0.055042
0.044192
-0.255521
0.169487
0.386251
-0.008431
0.221204
0.022488
-0.150789
0.144589
0.103427
-0.158806
-0.168116
-0.166197
-0.115465
0.006983
0.114316
-0.073145
0.284112
0.277665
-0.369959
0.027212
-0.078609
-0.212741
0.075074
0.233617
-0.035376
-0.169874
-0.164573
0.077187
0.144699
0.188559
-0.072582
-0.119022
0.063015
-0.124748
-0.214932
-0.015518
-0.255933
0.169717
0.177613
0.090855
-0.178464
0.041029
0.097594
0.358709
0.001867
-0.014432
-0.328152
0.006518
-0.289605
0.017542
-0.321040
0.166706
0.069854
-0.070690
-0.035049
-0.027305
0.055385
0.163131
0.068289
-0.273377
0.221249
-0.165436
0.094381
-0.107629
0.414824
-0.113552
0.042165
0.037542
0.011438
0.145676
-0.183048
-0.082837
-0.167727
-0.081677
0.048083
-0.185864
0.049235
0.006285
-0.221850
-0.151594
0.560797
-0.107267
-0.228873
0.126354
-0.227879
0.241320
-0.102442
0.074332
-0.179195
-0.071062
-0.309807
-0.256453
0.026884
-0.315907
0.144246
0.120097
-0.014719
0.182863
-0.115208
0.261330
-0.144176
-0.338064
-0.104430
-0.133783
0.079866
-0.017788
0.086422
-0.275395
-0.079642
-0.230072
0.068387
-0.144106
0.232251
0.123092
-0.094576
0.283888
-0.018944
-0.122931
0.081194
0.200707
-0.031932
0.153078
0.222903
0.065236
0.013176
0.269865
0.152763
0.066681
0.075105
0.098922
-0.411695
-0.161402
0.001562
0.039570
0.149929
0.257522
0.201666
-0.058576
-0.087703
0.053137
-0.004992
-0.130462
-0.134848
-0.107142
0.090705
-0.042548
-0.117812
-0.194094
-0.134299
0.069696
0.068649
0.188513
-0.249711
0.212325
0.082701
0.180300
-0.213103
0.045280
0.137864
0.272628
0.017463
-0.094596
-0.185463
-0.035239
-0.049747
-0.175492
0.153772
-0.224351
0.188000
0.123926
0.003227
-0.048371
0.044854
-0.290453
-0.295310
0.219071
0.035338
-0.025118
0.029164
0.060761
-0.100920
0.104195
0.222692
-0.005750
0.014630
0.157497
-0.337833
-0.005925
0.085963
-0.176330
-0.396475
0.286079
0.209945
-0.057875
0.050679
-0.047135
0.170083
0.282656
-0.125784
-0.122023
-0.080648
0.021446
0.168819
0.059686
-0.043968
-0.155423
0.154632
0.186615
-0.025826
0.024810
-0.004962
0.014423
0.027756
0.055700
0.028458
0.299761
-0.237584
-0.043375
-0.063831
-0.061216
-0.132808
-0.063280
0.166467
-0.016382
0.178820
-0.138077
0.119044
0.197305
0.124228
0.362658
-0.057801
-0.185936
-0.113895
0.090726
0.203286
-0.255549
-0.439083
0.250062
-0.054523
0.257750
0.490717
-0.186711
0.413320
-0.000891
0.230663
0.132700
-0.150552
0.083768
-0.078131
-0.052984
-0.132237
0.091052
0.177683
-0.065182
0.248352
-0.064198
-0.120455
-0.083729
0.183436
0.203590
-0.110960
0.107092
0.099214
-0.109027
0.148701
0.259128
-0.106994
0.059166
-0.143604
-0.010845
-0.051142
0.164504
0.314966
-0.325095
0.111277
0.025113
-0.116947
0.057408
0.040267
0.082775
-0.093109
0.359900
0.112450
-0.064313
-0.086125
-0.111842
-0.096412
-0.111057
0.198663
0.128166
-0.097372
0.372365
0.040829
-0.006845
-0.087293
-0.106038
-0.094125
0.212123
0.192580
-0.208497
-0.274271
-0.294735
0.043560
-0.142286
-0.043397
0.177496
0.283014
0.214908
-0.105215
0.135062
-0.345992
-0.363244
-0.050542
-0.073079
-0.088506
-0.029460
-0.140601
-0.195593
-0.061434
0.186950
-0.062670
-0.001834
0.208963
-0.219045
-0.010305
0.048142
0.042061
-0.009383
0.070856
0.060758
-0.229736
0.034105
0.240122
0.191472
0.008865
-0.130270
0.045648
-0.063578
0.231444
-0.023722
0.197139
0.265724
-0.292027
-0.070114
0.047831
0.148614
-0.044626
-0.094660
0.064476
0.159849
0.258917
0.112947
0.205447
-0.084268
-0.202402
0.151012
0.071851
0.208745
-0.071281
0.153677
0.247757
-0.391322
0.057601
-0.059099
0.062925
-0.350254
0.164196
0.039388
0.025465
-0.012890
0.074889
0.218682
-0.182286
-0.035711
0.071250
0.132387
0.026675
0.066057
-0.126905
0.118103
-0.171621
-0.029432
0.009487
-0.202489
-0.042475
-0.009745
0.133000
0.263600
0.324881
-0.159339
-0.056784
-0.097292
-0.057307
-0.000028
-0.093560
-0.254390
-0.241958
-0.079624
0.117885
-0.100786
0.214572
-0.129358
-0.195145
-0.120571
-0.198872
-0.089788
0.195270
0.097785
0.204423
-0.050520
-0.093494
-0.550867
-0.143514
-0.027891
0.132123
-0.245628
0.077113
-0.186706
0.003529
-0.031311
-0.288127
0.090009
0.109665
-0.144613
-0.185592
0.115722
0.008009
0.105958
0.367821
-0.093392
-0.237266
-0.107923
-0.151631
-0.103946
0.005410
-0.071775
0.035564
0.117042
0.151219
0.038866
-0.069503
-0.010018
0.014477
-0.249783
-0.085776
-0.051916
-0.157149
0.103406
0.095820
0.010480
0.017969
0.318123
0.389059
-0.091132
-0.180562
-0.106059
0.002079
-0.053392
0.182522
0.125864
0.072787
-0.108337
-0.053425
0.249741
-0.237582
-0.118116
-0.010041
0.144113
-0.079390
0.400944
0.154433
0.027840
0.011993
0.155795
-0.298015
-0.102850
-0.149919
0.090570
0.149993
0.073410
0.266089
0.154924
-0.057343
-0.025777
-0.035574
-0.035143
0.013503
0.172182
0.070216
0.115208
0.019804
0.168365
-0.238901
-0.134373
0.217459
0.338885
0.015456
0.016724
0.119146
0.108003
0.003142
0.206018
-0.204761
-0.029098
0.043622
0.135055
0.080225
-0.161336
0.034952
-0.091426
-0.134508
-0.266602
0.181518
0.041636
0.093190
0.241307
0.298096
0.101006
-0.025108
0.215662
-0.068019
0.080458
-0.245010
-0.030284
0.264791
0.546526
-0.315742
-0.032010
-0.217391
0.030816
0.003145
0.009676
-0.087677
-0.078376
0.034475
0.009190
-0.147801
-0.040822
-0.114282
0.022798
-0.313836
-0.125767
-0.002058
0.116147
0.092787
-0.060402
-0.045305
0.290404
-0.110725
-0.043154
-0.026566
0.018415
-0.066629
-0.249946
0.077201
0.144174
-0.069997
0.109732
-0.141683
0.428457
0.054649
-0.061608
-0.025559
-0.048677
-0.060536
0.106324
0.233416
0.139816
0.365312
-0.365550
-0.058508
0.155006
-0.182836
0.084363
0.105473
-0.043142
-0.072768
0.046843
-0.305760
0.032158
0.075767
-0.144699
-0.213564
0.070855
0.024340
-0.105666
-0.128221
-0.099252
0.123572
-0.536505
0.302307
-0.009554
-0.164371
-0.034794
0.044609
0.126012
-0.280401
-0.259864
0.086873
-0.059353
0.120044
-0.030892
-0.117618
-0.105609
0.108657
0.218187
0.190625
-0.087111
-0.124436
-0.222350
0.150550
0.043858
-0.003511
0.266983
0.110019
0.009710
0.005593
-0.041171
0.022249
-0.071677
-0.066362
-0.155154
0.344652
-0.025443
0.106174
-0.045428
-0.080646
0.108478
-0.155384
-0.062903
-0.417427
-0.042549
0.131000
-0.146873
-0.041723
0.393974
0.190731
0.156385
-0.057914
0.082691
0.111433
-0.074518
-0.087786
-0.204905
0.058664
0.281363
-0.028400
-0.257458
-0.131016
0.023846
0.129255
0.019267
-0.254372
0.373148
-0.251121
-0.112349
0.113920
0.123432
-0.269443
-0.021572
0.064702
-0.068078
-0.017747
-0.278839
-0.049164
0.118121
0.018328
-0.022816
-0.155113
0.053002
-0.060974
-0.076438
-0.112092
0.111463
-0.081218
0.133820
0.009812
0.353773
0.114787
-0.008824
-0.096460
0.006247
0.177063
0.059537
0.208470
-0.044733
-0.146708
0.036180
0.161367
-0.169961
-0.115856
0.019215
0.092818
-0.254927
-0.108254
-0.145894
0.192587
-0.167562
0.024057
-0.207929
-0.308878
0.020698
0.028198
0.279899
-0.117320
-0.006892
-0.278982
-0.057179
-0.119953
0.059679
-0.140287
0.022161
0.143486
-0.027109
-0.234563
0.082846
-0.055232
0.010328
-0.197631
-0.427823
-0.016137
-0.053475
0.103112
0.052386
-0.049018
-0.123959
-0.107137
-0.159614
0.216088
0.293185
-0.056228
0.232682
-0.054889
-0.129978
0.204335
0.009423
0.112754
0.050058
-0.369985
-0.039565
-0.210318
0.210488
-0.320649
-0.134254
-0.064622
0.020694
-0.095678
0.143146
-0.116420
-0.099787
0.060874
0.007712
-0.025900
0.289123
-0.007045
-0.281052
-0.175299
-0.134546
-0.076589
-0.194556
0.304067
0.040299
-0.107965
-0.166827
0.258960
-0.330481
-0.106940
-0.257195
-0.026494
0.004631
0.267376
-0.107419
0.065914
0.045429
0.010646
-0.001418
-0.008797
-0.034870
0.150957
0.142195
-0.230244
0.057321
0.255091
-0.085989
-0.277646
0.281854
-0.169935
-0.028460
-0.155117
0.222952
-0.074224
0.105437
0.026793
-0.012494
-0.613544
0.068585
0.097323
-0.002058
-0.067555
0.312786
0.051159
0.071658
0.091735
0.023493
-0.218133
0.223444
0.187036
0.076054
-0.213001
-0.447506
0.221952
-0.643146
-0.167804
-0.151411
-0.235406
-0.067519
0.088222
0.243602
-0.013656
0.240762
-0.274194
0.086449
-0.013654
-0.144338
-0.080972
0.094888
-0.084082
0.035901
-0.339812
0.108952
-0.067435
0.240798
-0.081379
0.166901
0.108766
-0.043644
0.006745
-0.056927
0.081222
-0.081803
0.122872
0.119044
-0.094330
0.078565
-0.143859
0.036901
0.084202
0.114822
0.057927
0.120726
0.105404
0.066199
0.130601
-0.182495
0.072533
0.029770
0.085918
0.232627
-0.008679
-0.092136
0.000998
-0.002294
0.345771
-0.125522
-0.136679
0.274335
-0.054932
0.156093
0.245015
-0.082677
0.213806
0.010785
-0.178741
0.047415
0.367601
0.001236
0.083754
-0.081105
0.051180
-0.393682
-0.232096
-0.041684
-0.264183
-0.164856
0.068139
-0.369733
-0.152722
-0.150906
-0.079421
0.200767
0.208844
-0.062502
0.255604
0.005641
-0.059501
-0.490334
0.173468
-0.092503
-0.027513
0.011269
0.265073
0.313120
-0.062241
0.039893
0.004917
0.059869
-0.021797
0.174078
0.198026
-0.268924
-0.202715
-0.052492
-0.116602
-0.120508
0.157717
0.325660
-0.214886
0.062639
0.369601
-0.038723
0.214525
-0.021159
-0.096516
-0.175376
0.229735
0.144351
0.060275
0.064371
0.040504
-0.298851
-0.247105
-0.047055
0.318756
0.025488
-0.102020
-0.162545
-0.293534
0.011829
0.207209
0.046095
-0.283734
-0.088346
-0.065666
0.228922
0.130666
0.416593
-0.097193
-0.068259
0.151064
0.139446
0.154591
-0.196083
0.248970
-0.041927
-0.009870
0.429957
0.001604
-0.171387
0.031169
0.265911
0.064131
-0.047533
-0.064126
-0.160950
0.124847
0.140351
0.049971
0.054120
0.195643
-0.014375
0.315529
-0.394994
-0.067679
0.214801
-0.138891
-0.269230
-0.019375
0.068199
-0.147725
0.268864
-0.026973
-0.049037
-0.064257
-0.015779
0.046267
-0.051857
-0.086017
-0.190186
-0.237351
0.069685
0.021153
0.060664
0.102329
-0.140747
0.127807
-0.027435
0.129732
0.085118
-0.015945
-0.066033
-0.100612
-0.158857
0.133097
0.339533
-0.283219
0.073886
0.154528
0.039181
-0.051569
-0.200787
0.015237
0.218487
-0.053316
0.006940
0.010977
-0.163338
-0.089302
0.003958
0.008409
0.218129
-0.218942
-0.107109
0.335375
-0.046441
0.057299
0.197250
-0.056822
0.061737
-0.061272
0.019675
-0.124859
0.115969
0.129285
-0.063876
-0.082570
0.039066
0.187588
-0.126347
0.257031
-0.228568
-0.076007
-0.259959
-0.149899
0.144991
-0.111488
-0.099948
-0.145669
-0.330468
0.128547
-0.244644
-0.171298
0.100441
-0.211530
-0.050397
-0.125015
-0.083324
0.166378
-0.086523
-0.125077
-0.140682
0.262579
0.309747
-0.163448
0.222757
0.032234
-0.086174
0.201531
0.100688
-0.009831
-0.036719
0.144846
-0.078509
0.191514
0.022415
0.281148
-0.218899
-0.033927
0.079378
-0.107998
-0.177282
0.101611
-0.337484
-0.144078
0.124462
0.247820
-0.051565
-0.055908
-0.275728
0.191892
-0.139411
-0.135869
0.170386
0.237690
-0.242102
-0.238833
0.018849
0.173468
-0.033044
-0.001635
-0.073090
0.030947
-0.223210
-0.248587
-0.127463
0.111853
-0.024867
-0.148709
-0.145183
-0.151583
-0.102452
-0.310951
-0.012532
0.034340
0.002902
-0.076117
-0.484894
0.536837
0.083598
-0.020229
-0.178656
0.207879
0.105078
0.016938
-0.334878
-0.065446
-0.156645
0.051143
-0.140978
-0.227980
0.300781
-0.157219
0.152949
-0.032589
-0.096463
-0.173670
-0.027090
0.335671
0.217357
-0.361071
-0.314742
-0.271442
0.269593
-0.147566
0.146695
0.026750
-0.170443
0.128572
-0.072304
0.136365
-0.172710
0.322963
-0.012098
-0.282444
-0.010759
-0.029966
0.201998
-0.149427
0.046998
-0.151527
0.197426
-0.117007
-0.128905
0.033856
0.332101
0.154771
-0.342929
-0.379277
0.069847
-0.069364
0.162907
-0.322270
-0.163469
-0.094311
-0.096786
-0.151268
0.205947
0.284706
-0.014686
0.477668
0.418102
-0.159479
-0.543954
0.198359
0.080278
0.020936
-0.029498
-0.173697
-0.018979
0.007756
-0.083889
-0.144661
0.197287
-0.098157
0.081568
0.224013
-0.098576
-0.033839
0.201340
-0.069055
-0.016397
0.044066
-0.029574
-0.011729
-0.002468
-0.339008
0.205684
0.323857
-0.088988
-0.147022
-0.119863
-0.092706
-0.098232
-0.161122
0.081106
-0.065333
0.054196
-0.039229
0.262850
0.031752
-0.205492
-0.025418
-0.143738
-0.056648
-0.167244
-0.150583
-0.009340
0.027182
0.348463
0.170599
-0.072023
-0.034621
-0.088765
-0.259542
-0.067535
0.084212
-0.151112
-0.086502
-0.030907
-0.270269
-0.185561
-0.093410
0.242097
-0.077959
-0.279677
0.016417
-0.245668
0.239181
-0.146237
0.030041
-0.060215
-0.104744
-0.236068
0.149257
-0.011031
0.298286
0.235700
-0.107442
-0.073760
-0.191198
0.157562
0.036629
-0.103811
0.042612
0.192628
0.081637
-0.274654
0.059440
0.222892
-0.095585
-0.034969
-0.264903
-0.389965
-0.022781
0.054633
0.099619
0.369401
0.100741
-0.179641
-0.097122
0.160124
0.183767
-0.035190
-0.063460
0.112844
-0.007620
0.107533
-0.233079
-0.017804
-0.068295
0.218725
0.129374
-0.007442
0.175106
-0.356112
0.075669
-0.010953
-0.033356
-0.008693
-0.023452
0.191664
0.099648
-0.282970
-0.369738
0.111033
-0.189039
-0.024594
-0.199021
0.023995
0.163322
-0.027030
-0.172634
-0.073807
-0.090598
0.193388
0.541856
-0.303609
-0.035570
0.053936
0.324263
-0.235055
-0.271153
0.118980
0.196442
-0.026845
0.046713
-0.035599
0.031214
0.031561
-0.200541
0.055158
0.349114
0.017333
-0.074664
-0.156486
-0.044849
0.201094
0.281956
0.211230
-0.011538
0.051572
-0.098673
-0.039849
-0.059354
-0.422019
0.173247
-0.034232
-0.202606
0.017734
0.000600
-0.078284
0.015472
-0.032207
0.033331
0.091789
0.708996
0.004126
-0.019993
-0.051945
-0.036304
0.034383
-0.431317
0.169274
0.236138
-0.130281
-0.229073
0.054671
-0.098309
-0.095183
-0.414832
0.042694
-0.154284
-0.204217
0.383021
0.192937
0.096038
0.027653
-0.215107
-0.149889
0.295322
0.026609
-0.052286
0.209921
0.083268
0.084601
-0.059574
0.049961
0.218920
-0.282613
-0.110733
-0.021099
-0.021921
-0.001686
-0.235403
-0.174625
0.289020
0.261765
-0.160075
0.150560
0.400937
0.175889
0.465252
-0.020684
-0.129016
-0.080216
0.318984
-0.193263
0.175109
-0.181396
-0.217321
0.068649
-0.205925
0.343441
0.139482
-0.400613
-0.129212
-0.089532
0.205975
-0.038897
0.050243
-0.374229
0.064726
0.151061
0.022724
0.213713
-0.008170
0.201360
-0.127991
0.215659
0.036084
0.205917
0.244227
-0.280135
-0.201194
-0.110406
-0.040523
0.198747
-0.021749
-0.088878
-0.029707
0.035971
0.145522
-0.193074
-0.124276
0.237428
-0.022447
0.021603
-0.085031
0.349755
-0.029982
-0.016400
0.264075
0.129099
-0.154959
-0.116105
0.112935
-0.180071
0.341453
0.044709
0.168305
0.318847
0.022218
0.171490
0.061572
0.063232
0.393764
-0.073749
-0.101188
-0.164672
-0.177012
0.272987
0.310593
0.200296
-0.027376
0.167408
-0.089312
-0.062511
0.061171
0.012465
-0.268284
-0.135425
0.061937
0.162056
0.063098
0.035524
-0.086672
0.062792
-0.122458
0.191777
-0.025422
-0.078190
-0.175447
0.196784
0.305941
-0.284365
-0.130142
-0.066963
-0.102368
0.022678
0.228830
0.334560
-0.203283
0.240968
-0.014255
0.320161
0.234141
0.007447
-0.052744
0.098489
-0.113587
0.032285
-0.285567
0.144407
-0.019056
-0.111332
-0.171385
0.330705
0.018489
0.394033
0.167638
0.285207
0.120882
0.046336
0.091938
-0.020128
-0.139381
0.363379
0.125168
-0.375223
-0.624744
-0.164736
0.208439
-0.031431
-0.153347
-0.126886
-0.125755
-0.195359
-0.111362
-0.042634
0.058301
-0.018755
0.218112
-0.090485
-0.351312
-0.367333
-0.081943
0.094565
-0.346431
0.084593
0.059713
-0.046232
0.142529
0.140296
-0.061495
0.219484
-0.229319
0.218754
0.146363
-0.119877
0.190175
-0.094157
0.292619
-0.312110
-0.003478
-0.174825
-0.343519
-0.245421
0.410386
-0.305570
-0.052453
-0.036037
0.151397
0.014130
0.041875
0.237002
0.193034
-0.000367
-0.002079
0.116361
-0.077229
0.121314
-0.189317
0.016385
0.020187
-0.017092
0.137430
0.043558
-0.117585
-0.085177
-0.019944
0.041564
-0.019793
0.080892
-0.119837
0.056927
-0.104090
-0.040029
-0.292474
0.171864
0.004866
-0.134296
0.129891
-0.262675
-0.292195
0.331365
-0.077226
-0.071700
-0.131089
-0.068396
-0.011600
0.194631
0.036817
0.424387
-0.069281
-0.055424
-0.245824
0.044979
0.079750
0.517998
-0.101675
-0.237870
0.064965
0.113003
-0.206442
-0.135649
0.167273
0.205590
0.245468
-0.060649
-0.224356
0.125580
-0.053838
0.065660
-0.018847
0.147991
0.122349
-0.387845
-0.083652
0.051500
-0.200498
-0.200239
-0.075144
-0.323598
0.305513
0.028346
-0.097815
0.107962
0.249775
0.089933
0.041131
-0.223371
-0.051061
0.090422
-0.215053
-0.129702
-0.080370
0.204746
0.014765
-0.037616
-0.079127
0.160877
-0.023906
0.054736
-0.109267
0.128897
-0.135476
0.092082
-0.184116
0.171965
0.083766
-0.042398
-0.211891
0.472328
0.334045
0.182259
0.140373
-0.012677
0.174767
-0.105258
-0.102490
0.016924
-0.146294
-0.018646
0.071969
-0.031279
0.079327
-0.081772
0.120196
-0.090715
0.116156
-0.109567
-0.057126
0.049843
-0.234949
-0.223429
0.174854
0.146271
-0.155519
0.163240
0.263723
-0.068103
-0.111004
-0.082683
-0.066222
-0.030953
0.283412
0.196786
-0.115049
0.146737
0.065330
-0.082668
0.037844
-0.298175
-0.057231
-0.376419
-0.218668
-0.132002
-0.041151
-0.066708
-0.112373
-0.047412
0.208079
0.036892
-0.261095
0.315310
-0.142506
0.070134
-0.138268
0.039218
0.104159
-0.220944
-0.242381
-0.078623
-0.093560
0.107017
-0.065217
0.008887
0.039654
0.035367
0.293722
0.045875
-0.182195
-0.035013
-0.293400
-0.231611
-0.033332
-0.027086
0.306602
0.110469
-0.221806
-0.162707
-0.213628
0.238799
-0.097660
0.420237
0.109325
-0.002315
0.096903
0.005180
0.021096
0.294711
-0.046259
0.318649
0.163655
0.149280
-0.111143
0.028435
-0.134208
0.074465
0.316981
0.000611
-0.082812
-0.161654
0.034623
-0.036282
0.075390
-0.038146
0.343632
0.231802
-0.084168
0.061800
-0.046393
0.269810
0.013908
-0.132542
0.209805
0.320881
-0.108142
0.062623
0.052537
-0.082384
0.082522
0.226022
0.053181
-0.214433
0.183117
0.054345
0.197393
0.108872
-0.020305
-0.060851
0.057624
-0.144885
0.039037
-0.082730
0.111633
0.171513
-0.028266
0.138753
0.018818
-0.270755
-0.261368
-0.157785
0.014379
0.147319
0.087999
-0.259754
0.181969
0.016414
-0.052466
-0.083802
0.475496
-0.406162
0.040299
-0.441979
0.064194
0.131401
0.041487
-0.015809
-0.211544
0.246084
0.400331
-0.051441
0.033271
0.118335
-0.001889
-0.026558
0.439034
0.017847
-0.069046
0.103375
-0.244699
0.050427
0.120936
-0.079891
-0.146925
-0.120718
-0.011971
-0.078784
-0.011559
-0.310545
-0.040355
-0.072502
-0.107748
-0.107589
0.267642
0.169297
0.073320
-0.200218
0.257284
-0.303488
0.036109
-0.015688
-0.231619
-0.127602
-0.043338
0.095970
-0.222161
-0.133410
0.032258
-0.099802
0.050773
-0.077122
-0.085130
-0.312592
-0.192897
0.139429
-0.094563
-0.349502
0.003531
-0.178223
-0.128961
0.222022
0.101837
-0.091669
0.014987
0.309568
0.100425
0.071100
-0.122615
-0.036395
-0.036946
-0.155751
0.026300
-0.069929
0.142209
-0.042217
-0.016786
0.023738
-0.025452
-0.183193
0.302895
0.155797
0.094517
0.192815
-0.261246
-0.538795
0.144545
0.191048
-0.069358
0.284424
-0.174260
-0.056800
0.118568
0.306238
-0.251960
0.026835
-0.144274
0.180169
0.204385
-0.234885
-0.101680
-0.122089
-0.187064
-0.135383
-0.135361
-0.162022
-0.076078
0.326787
-0.086312
-0.142709
-0.248358
-0.012944
0.072434
0.153553
-0.057135
-0.078001
0.384440
-0.334490
0.061397
0.091528
-0.507352
0.171134
-0.086189
0.001214
0.032201
0.006346
-0.267728
0.152064
0.016430
0.116648
0.064307
0.065814
0.166791
-0.054649
-0.245971
0.081563
0.120911
-0.005851
0.110443
0.011150
-0.215006
0.202416
-0.221468
-0.130862
-0.027509
-0.027146
0.095729
-0.166106
-0.424447
0.027824
-0.153742
-0.139824
0.160188
-0.165597
-0.175507
-0.164411
0.035672
0.079213
-0.248728
-0.120738
-0.004890
0.063183
0.275797
-0.111708
0.199266
-0.040826
-0.088665
0.073364
-0.016309
0.288480
-0.055450
-0.191791
0.134091
-0.025031
-0.062573
0.000707
0.182141
0.210853
0.035780
0.358662
-0.145405
0.224764
0.170124
-0.040090
0.114636
-0.071918
-0.004594
-0.111250
-0.270340
-0.128963
-0.032576
-0.036817
-0.067913
-0.292660
-0.104362
-0.369400
-0.218097
-0.147298
0.185704
0.093473
0.043692
0.099203
0.285863
0.109880
-0.001906
-0.002486
0.287010
0.254965
0.012805
0.094189
-0.135622
-0.172301
-0.071026
-0.135372
0.095609
0.068811
-0.142785
-0.173743
-0.123813
0.138164
-0.003894
-0.489229
0.024073
0.206586
-0.112441
0.036066
0.180672
-0.276234
-0.373796
-0.054621
0.014953
0.026728
-0.337416
-0.052795
-0.140625
-0.045542
0.328982
-0.091609
-0.247914
-0.084010
-0.070454
-0.252086
0.208943
0.021541
0.052527
0.034708
0.117820
-0.028740
-0.135459
0.261450
-0.019718
-0.299117
0.198149
0.301382
-0.036654
0.078514
-0.360220
-0.049131
0.042870
-0.341242
0.065307
0.202416
0.233174
0.166863
0.192070
0.466857
0.179190
0.110247
-0.054426
-0.094234
0.245130
0.007527
-0.162434
0.108239
0.254908
-0.078806
0.132011
0.119759
0.216799
-0.060599
0.208049
-0.108153
-0.104810
0.167666
0.134314
0.004976
0.015097
0.230022
-0.287409
0.059322
-0.067885
0.077723
0.031230
-0.120796
-0.051306
-0.022990
-0.034745
0.455464
-0.115931
-0.193523
0.304877
-0.155496
0.171369
0.069649
0.126625
-0.053442
-0.022449
-0.031296
0.128021
-0.232795
-0.280273
0.180433
0.191317
-0.136628
-0.101481
-0.081623
-0.189969
0.177791
-0.122394
-0.067153
0.056184
0.274305
-0.261708
-0.255387
0.133194
0.084461
-0.081561
0.324410
-0.179174
0.294357
-0.259330
0.009786
0.017972
-0.043685
0.042795
0.194311
-0.176903
-0.143836
0.274697
0.062921
-0.070347
-0.056805
-0.105685
0.145221
-0.298451
-0.053465
0.050191
0.349187
-0.048959
-0.068855
-0.143595
0.011759
0.006125
0.046961
0.175300
0.247002
-0.037325
-0.100586
0.110399
0.338994
-0.015064
-0.121824
-0.040027
-0.069508
0.019461
-0.168018
0.035408
-0.084361
-0.091304
-0.040547
0.024254
-0.231283
0.214027
-0.036625
0.196428
-0.038964
0.091847
0.086147
-0.029885
-0.438175
0.061025
0.006217
-0.179374
0.122022
0.084558
-0.104201
-0.307976
-0.006886
0.150074
-0.005370
-0.352191
-0.098585
0.251776
-0.037339
-0.324646
0.025244
-0.437117
0.097380
0.125718
0.062284
0.026391
-0.002884
0.230773
-0.163607
0.230171
-0.134656
0.272764
0.076766
-0.130446
-0.099372
0.075764
0.214881
0.178902
0.292432
0.001281
0.135229
0.097238
-0.291310
0.168211
-0.041274
-0.112090
0.057972
-0.392026
0.020351
-0.086617
-0.010906
-0.188785
-0.027920
0.168357
-0.025640
-0.253856
0.179465
-0.003777
0.247565
0.144645
-0.046292
0.169935
-0.045671
0.031482
0.347043
-0.105343
-0.115873
0.185000
0.012047
0.271497
-0.023360
0.033978
-0.073370
-0.050692
-0.021229
0.339095
-0.263568
0.106633
0.017329
0.073933
0.192552
-0.022182
-0.026213
0.199424
-0.328504
0.007652
-0.003807
-0.097686
-0.039937
-0.022762
0.235202
-0.021290
-0.033277
-0.109666
0.306816
0.031197
0.288818
0.079805
-0.040032
-0.115286
-0.079957
0.113764
-0.192322
0.082842
-0.105941
0.012796
0.084493
-0.063453
-0.097335
-0.008498
0.072853
-0.107873
0.009595
-0.330097
0.085749
-0.154029
0.297983
0.115187
0.276964
-0.113810
0.118650
0.112060
-0.037371
-0.297775
0.046726
0.099743
-0.293902
-0.161868
0.047790
-0.071140
-0.404242
0.179447
0.135624
-0.017704
-0.002261
0.028472
-0.167358
0.253737
0.005102
-0.009988
0.158567
0.235418
0.360026
-0.260996
-0.074767
-0.016161
-0.290417
-0.144754
0.005545
-0.061964
0.331258
0.163388
-0.166348
-0.110648
-0.196299
0.010672
-0.003105
0.041480
-0.060221
0.272028
0.218409
0.074507
0.000715
-0.051225
-0.078646
0.232706
-0.156954
-0.108562
0.122400
0.401197
0.074369
0.174620
0.287496
-0.150411
0.172120
-0.216552
0.182581
-0.024991
-0.000093
0.054274
-0.290249
-0.171254
-0.201312
0.273914
0.219359
0.158079
-0.016313
-0.175948
-0.134530
-0.012984
-0.164331
0.152723
0.075459
-0.010248
-0.013393
-0.088750
-0.074582
-0.022186
0.034657
0.070101
0.207050
0.016276
-0.021644
-0.250799
0.088676
-0.141887
-0.074518
0.512344
-0.202774
-0.000243
-0.165253
-0.175530
-0.078324
-0.151868
0.112499
0.049908
-0.000694
0.132019
-0.251793
0.182048
-0.095003
-0.486531
-0.055033
-0.069039
-0.046169
-0.074220
0.209964
-0.152945
-0.109107
0.099762
-0.116929
0.006902
0.338915
-0.012248
-0.011824
0.197549
0.001599
-0.346396
0.171192
0.194583
0.237862
0.102126
0.073955
0.289824
-0.005488
0.271925
0.056465
-0.044748
0.085261
0.179454
0.043483
0.092497
0.079867
-0.035223
0.031311
0.241229
-0.004090
0.147398
-0.197355
-0.160755
0.372019
-0.062914
-0.426606
-0.156106
0.077411
-0.000578
-0.432450
-0.012118
-0.066418
0.003514
-0.030382
-0.274841
-0.069001
0.456543
0.084178
0.131556
0.015979
0.130297
0.383484
0.124230
-0.128785
-0.027690
0.000889
0.046171
0.001000
-0.111588
0.215784
-0.134214
0.149160
0.175072
0.070078
-0.150507
-0.084235
-0.052482
-0.185061
0.223752
-0.238613
0.130143
-0.062240
-0.013767
-0.266703
0.043445
-0.311461
-0.047862
0.375483
-0.106008
0.104899
-0.167008
-0.110891
-0.489190
0.150185
0.336375
0.153418
-0.390408
0.031844
0.158725
0.149869
0.045796
0.037361
0.189751
0.367819
0.180623
0.009844
-0.333009
-0.015316
-0.256212
0.178058
0.160102
0.016279
0.002185
-0.268573
0.045686
0.239357
0.086112
0.057174
-0.062434
0.163942
-0.281878
-0.069484
0.085796
-0.081366
-0.119675
0.169579
0.011640
-0.033875
-0.155679
-0.030643
-0.309264
0.062645
0.073308
0.251962
0.364612
-0.078944
0.160538
-0.038686
0.049324
0.030144
0.353738
0.056125
0.039754
0.139093
0.167062
0.175861
-0.176816
0.079004
0.134919
0.069714
-0.065343
-0.060818
-0.117428
0.017307
0.027882
0.098711
-0.063208
0.101516
-0.331088
-0.105424
0.162404
-0.336581
-0.038183
-0.035112
0.247305
-0.006572
0.040653
0.160721
0.191683
-0.028267
0.137078
0.038161
-0.087375
-0.048362
-0.055112
0.054544
-0.106389
-0.155448
0.170895
-0.290598
-0.003153
0.159151
0.076974
-0.113635
0.097528
-0.188926
0.078990
-0.131830
0.173245
-0.172245
-0.055680
0.055502
0.013696
-0.126698
0.243399
0.070914
0.272512
0.289551
0.074015
0.265871
-0.115118
0.065944
-0.037706
0.017703
-0.148265
-0.102132
-0.082866
0.045851
-0.136493
0.266232
-0.021452
-0.021883
0.021522
0.101826
0.034030
0.108723
0.067891
0.061887
-0.034043
0.065738
-0.209117
0.011020
-0.003467
0.054256
-0.143753
0.342961
-0.024480
0.141476
0.206390
-0.171534
-0.007326
-0.024222
-0.270457
-0.009932
-0.026631
-0.084415
0.089657
-0.024205
-0.103106
0.184521
-0.060843
0.237350
-0.482382
0.330848
-0.027585
0.085051
0.099543
-0.042762
-0.008469
0.175051
0.286866
-0.252036
0.349147
-0.031374
0.307711
-0.338333
-0.421654
0.163136
-0.144763
0.071057
-0.299858
0.069149
-0.080257
-0.068255
-0.244239
-0.217035
-0.077673
-0.039560
0.087849
0.031143
0.153227
-0.078406
0.052080
-0.158905
-0.125188
0.011805
0.165163
-0.137296
-0.059996
-0.127748
-0.050152
0.253291
-0.156952
-0.140228
-0.182857
0.061655
0.200769
-0.166244
0.060464
-0.368346
-0.112232
-0.072371
-0.134083
0.089185
-0.081963
0.283054
0.026857
-0.099263
-0.019892
0.092561
0.039011
0.134434
-0.077781
0.382427
0.398416
-0.031285
-0.250521
0.250406
0.008147
0.309056
0.239441
-0.065718
-0.023079
-0.033214
0.198167
0.122258
0.136896
0.033067
0.025596
0.048573
0.217247
0.153068
0.047896
0.112123
-0.115402
0.093992
-0.193865
-0.010224
-0.405832
0.059204
0.060535
0.276246
-0.180685
0.096754
-0.379939
-0.093427
0.144438
0.042754
-0.244033
-0.211781
-0.088440
-0.089524
-0.271747
0.050260
0.337220
-0.090457
-0.117788
0.088055
0.066849
-0.103344
-0.062278
-0.334927
0.040556
0.011700
-0.011380
0.270870
0.044206
0.065921
-0.081109
0.148651
-0.177098
-0.043980
0.179156
0.008832
0.320664
0.287969
0.134689
0.083929
0.137737
-0.140687
-0.024494
0.042936
-0.055913
-0.032943
0.146152
-0.225160
0.069642
0.312414
-0.116924
0.185497
0.208527
0.101231
-0.115781
0.210770
0.014158
-0.207908
0.127219
0.164290
-0.227157
-0.000799
0.077874
0.170400
0.063016
0.031618
0.227149
0.113508
0.099911
-0.300951
0.070340
-0.176615
-0.128333
0.039088
-0.023762
-0.009204
-0.361467
-0.065880
0.102366
0.019347
-0.019205
0.125977
-0.134189
-0.348811
0.138756
-0.200279
-0.097575
-0.011589
0.093472
-0.045608
-0.056923
-0.074709
0.060701
0.033528
0.141693
0.037699
0.015996
0.093667
-0.062380
-0.129061
0.192205
0.341651
-0.138748
-0.194485
0.045251
-0.055777
-0.118828
-0.134135
-0.214000
0.057476
0.160302
-0.059711
-0.043448
-0.072599
-0.018026
-0.007397
0.314517
-0.076547
-0.010829
0.365250
-0.020354
-0.128540
-0.304112
-0.193203
0.116442
0.011050
-0.141209
0.368523
0.340705
-0.341266
-0.166423
-0.030255
0.241674
0.125778
-0.295437
-0.057910
0.094789
-0.006351
0.038067
0.110827
-0.284599
0.105360
-0.285125
0.053106
-0.239442
-0.178825
0.107345
-0.025442
-0.035067
-0.058936
-0.112604
-0.162725
0.065299
0.065889
0.102750
0.123418
-0.053266
-0.111702
-0.125155
0.064076
-0.168959
0.158313
0.100772
-0.165620
0.125576
-0.070118
0.045555
-0.195083
0.191493
-0.156184
-0.021453
0.256448
-0.055828
0.031375
-0.139405
0.296587
0.025130
0.006274
-0.022701
0.037945
0.105836
0.035888
-0.083474
0.133412
-0.254614
-0.030359
-0.065226
0.184415
-0.126665
0.234170
-0.049170
-0.018498
0.136233
-0.270267
-0.121926
-0.068262
-0.210420
-0.330541
0.106590
-0.034856
0.017223
0.389408
-0.092257
0.190718
-0.202589
-0.264081
-0.182361
-0.035452
0.073048
0.375412
0.166040
-0.146936
-0.094267
0.194603
0.197191
0.116557
-0.274915
-0.193074
-0.145071
-0.089816
0.013149
-0.303025
-0.166291
-0.248750
-0.074088
0.245179
0.275602
-0.037120
0.261401
-0.039439
-0.215694
-0.168325
-0.197374
0.052011
-0.005202
-0.140880
0.027675
-0.161551
0.090990
0.139809
0.042159
0.182726
-0.164730
-0.108219
-0.132537
0.047652
0.072039
-0.073382
-0.030389
-0.016555
-0.116465
-0.280564
0.159874
0.214159
-0.069023
0.607923
0.229075
-0.290266
0.099070
-0.170296
0.166329
0.159332
0.096858
-0.195745
0.190052
0.220458
-0.079581
0.039296
0.021221
0.244842
0.117917
0.096859
-0.011445
-0.205167
-0.227742
0.131189
0.430103
-0.017186
0.005709
-0.095127
-0.225664
-0.058640
0.031428
-0.105033
-0.086313
0.253922
0.248168
-0.005735
-0.159194
0.231793
0.042593
-0.033121
-0.055432
-0.451560
0.026521
0.005413
-0.102061
0.334831
0.309776
-0.078240
0.018433
0.155826
0.032322
0.035618
-0.142173
0.037649
0.010209
-0.206535
-0.134922
-0.056809
0.095080
0.356270
-0.076393
0.124240
0.094155
-0.077271
0.174871
-0.014626
-0.162865
-0.209723
-0.007505
-0.114609
-0.103320
0.107869
-0.085106
-0.138769
0.139387
0.032782
0.167674
-0.000273
-0.108170
-0.055698
-0.126296
0.059485
0.038699
-0.270806
0.244251
-0.153054
0.204069
-0.086148
0.390631
-0.425165
0.232905
0.092526
-0.029409
-0.143559
0.497490
0.155321
0.255463
-0.235870
-0.163486
-0.250295
0.180788
0.103595
-0.206781
-0.153442
-0.096510
-0.045194
-0.423341
-0.032976
-0.141369
0.044138
-0.170057
0.100109
-0.070051
0.124412
0.190041
-0.141852
0.058397
-0.112353
-0.046209
0.187790
-0.089693
0.285667
0.010245
-0.258570
-0.089256
-0.096989
0.009042
-0.093079
-0.180042
-0.338122
0.028042
0.117222
-0.169431
0.235981
0.100346
0.064505
0.126932
-0.126721
-0.126407
-0.137798
-0.107514
0.360114
0.321567
-0.015621
-0.097368
-0.076694
-0.133947
-0.214955
-0.316896
-0.386875
-0.039773
0.189349
-0.011004
-0.161738
0.099478
0.101286
0.359601
-0.074607
0.046077
-0.029423
-0.247013
-0.102252
0.133372
-0.165021
0.033131
0.138235
0.166786
0.095560
-0.491874
-0.317999
-0.498636
-0.198247
0.151319
-0.040044
-0.092798
-0.113768
0.138176
-0.173593
0.181776
0.024313
-0.007577
-0.226371
-0.024179
0.142890
0.119534
-0.014228
-0.079051
-0.074251
0.233101
0.260768
0.023877
0.182602
-0.220613
0.020402
-0.225879
-0.056649
-0.199496
0.462718
0.224615
-0.238756
0.276090
0.062098
0.068191
-0.084170
0.233263
-0.011537
-0.204384
0.180040
-0.167161
-0.091212
0.157783
0.177915
-0.142829
0.062413
-0.048950
0.290836
-0.198073
0.026003
0.060763
0.005929
0.178146
-0.259633
-0.108197
0.192963
0.020466
0.025817
-0.042393
0.039763
-0.209919
-0.208005
0.319766
-0.042685
0.427737
-0.210336
0.059772
-0.158437
-0.070825
-0.321008
0.142439
0.117255
0.363669
-0.316213
0.133672
0.170662
-0.177454
-0.103201
0.345709
0.010965
0.259515
0.000332
0.119671
0.016452
0.058571
0.357402
-0.295582
0.229288
0.181184
-0.211763
-0.181253
-0.411841
0.282699
-0.318747
-0.039491
0.029469
-0.098943
-0.236165
0.258828
-0.218628
0.001175
0.029207
0.031769
-0.322874
0.051115
0.004057
-0.197200
-0.154080
-0.151013
0.088587
-0.009288
0.455398
-0.044800
-0.000098
-0.142320
0.319681
0.221031
0.004909
-0.164048
-0.295647
0.189642
0.018112
-0.155931
-0.210009
-0.027298
0.351159
0.075751
0.083834
-0.046533
0.076412
-0.000826
-0.349205
-0.129065
0.085756
-0.253561
0.067870
0.122270
0.079141
-0.205255
0.192448
0.323119
-0.214287
-0.120004
-0.292496
-0.242074
-0.113128
-0.321894
-0.135215
-0.067749
-0.206892
-0.123698
0.080266
-0.255702
0.262267
0.092011
-0.152782
0.098525
0.423721
-0.039974
0.020043
-0.282054
-0.171564
-0.395878
0.008372
0.136536
0.099032
-0.026916
0.003434
0.077564
0.238240
0.060552
-0.090641
-0.115881
0.220133
0.113663
-0.033273
0.092164
0.283904
0.025246
0.015917
-0.389079
-0.074921
-0.183487
0.038379
-0.115010
0.353712
-0.140448
-0.077659
0.059239
-0.092213
0.345537
0.443152
0.268063
-0.138812
0.560342
0.140383
-0.329658
-0.276940
-0.077205
0.031812
-0.011589
0.096353
-0.291985
0.305578
-0.399387
-0.249744
-0.093539
-0.056703
0.042421
-0.176265
0.267853
0.291617
-0.262234
0.227561
-0.195841
-0.013165
0.020521
0.021297
-0.262532
0.070195
-0.008175
0.241325
-0.062134
0.379842
-0.321639
0.334360
-0.008940
0.039198
-0.020705
-0.025552
-0.259031
-0.073783
-0.005274
-0.085887
0.443954
0.235260
-0.283859
-0.109532
-0.059995
0.075022
0.201267
-0.053587
-0.066859
0.112605
-0.059002
-0.260552
-0.142315
0.314256
0.037498
-0.216884
-0.094737
0.241162
-0.094692
0.170118
0.195044
-0.175881
-0.097403
0.269999
-0.036848
-0.105917
-0.237020
0.141635
0.242517
-0.151915
0.130270
-0.085457
0.209793
0.143600
-0.259085
-0.307881
0.257809
0.090025
-0.119488
-0.158648
-0.326539
-0.071470
-0.118775
-0.250390
0.222145
-0.203775
-0.339533
-0.004285
-0.034506
0.050871
-0.139382
-0.434391
-0.022259
0.057117
0.050865
0.048098
-0.087521
-0.173230
-0.206840
0.041192
0.257317
0.356945
-0.179860
0.090506
-0.039808
-0.236376
-0.116184
0.232248
-0.252635
-0.056460
0.160642
0.187056
0.252709
-0.141705
-0.196583
-0.032958
-0.178908
-0.228857
0.060890
-0.093634
-0.096536
0.140779
0.149528
0.401914
-0.195078
-0.057863
-0.170287
-0.019520
0.031934
-0.029036
-0.169312
0.051205
0.059676
-0.047817
-0.575904
0.099732
0.156000
-0.045582
-0.064285
-0.174094
0.084883
0.114844
-0.149165
0.120802
0.107291
-0.031034
0.051352
-0.028782
-0.011343
-0.096257
0.176322
0.113143
0.000880
-0.059566
-0.071498
0.084636
-0.034727
-0.185514
0.187707
0.184329
-0.026016
-0.306305
0.287639
-0.102464
-0.063514
0.057509
0.365480
0.003782
-0.136079
0.187855
-0.138765
-0.317780
-0.149695
0.419370
-0.107622
0.111355
-0.241469
-0.066696
0.105401
-0.308685
0.123886
-0.211225
-0.016483
-0.345443
-0.236808
0.153970
-0.396006
0.167190
-0.085351
0.058876
0.525744
0.141926
0.057058
0.031008
-0.130492
-0.258763
0.237748
0.212138
-0.142285
-0.000541
0.246751
-0.102000
-0.314053
-0.187198
0.134993
0.105405
-0.445208
-0.032340
-0.275734
-0.235525
-0.296947
0.008926
-0.071719
0.014802
0.012361
-0.169778
-0.186489
0.114283
0.212375
0.140247
-0.134588
0.231709
0.365071
0.025953
-0.102793
0.125160
0.059908
0.171539
-0.203698
0.080182
0.116807
0.167490
-0.234256
0.331119
-0.176031
0.162595
0.078342
0.024354
0.140160
0.198201
-0.082653
0.325196
0.187986
-0.082204
-0.051426
0.110235
0.060519
-0.260370
0.112397
-0.050789
-0.121605
0.191892
0.016263
-0.075863
-0.211058
0.387629
0.004385
-0.028797
0.259698
-0.210298
0.020787
-0.196417
-0.054803
0.156667
-0.192754
-0.057345
-0.165675
-0.171838
-0.180320
0.096837
0.056547
-0.080177
-0.094454
-0.148340
-0.069807
-0.248590
-0.156330
0.475084
0.016825
0.036514
-0.198182
0.039363
0.021083
-0.152208
-0.221144
-0.397094
0.254143
-0.141600
-0.323248
-0.131794
0.181466
-0.034868
0.039562
0.100808
0.259102
0.055837
0.299088
0.090780
-0.147125
0.196010
0.062722
-0.001767
0.114433
-0.068716
0.189277
-0.188332
-0.113749
-0.253850
0.005175
0.156193
0.356684
0.162649
0.005957
-0.184048
-0.092610
0.184470
-0.136326
0.119926
-0.046091
0.219363
0.079074
0.323009
0.130810
-0.244128
-0.234727
-0.155782
-0.344819
0.145698
-0.113424
-0.156607
-0.025062
0.117536
0.068396
-0.152898
0.191624
0.186315
0.228965
0.126400
-0.036848
-0.270448
-0.483429
-0.018158
0.330632
-0.160576
-0.367498
0.118269
0.186166
-0.288450
-0.156394
-0.053460
-0.291967
-0.139163
-0.120526
-0.090090
-0.135835
-0.082423
-0.208155
0.094641
-0.005909
0.020571
0.018834
-0.127650
-0.220455
-0.145159
0.061295
0.113198
0.118752
-0.003057
0.240594
-0.107198
-0.111569
0.001458
-0.124420
-0.225001
-0.018474
-0.001006
-0.041936
0.081157
0.137623
0.025149
-0.020882
0.046679
-0.164603
0.153261
-0.049007
-0.088446
-0.121068
-0.163921
-0.154958
0.198523
-0.291831
-0.141659
-0.050982
0.097590
0.157328
0.060205
0.252913
0.149725
0.084911
0.278186
0.128741
-0.020493
-0.268415
0.130669
-0.204560
0.108127
0.184092
-0.185227
-0.169866
0.175782
-0.041992
-0.198763
-0.113906
-0.274512
0.056024
0.240372
-0.110220
0.092345
0.138607
-0.055135
0.017930
-0.081627
-0.344302
-0.013114
0.228204
0.309635
0.100527
-0.101267
-0.033157
0.046204
-0.253099
0.060518
0.049173
0.268464
0.017990
-0.074323
0.062177
-0.031935
0.035764
-0.097044
0.245967
0.049902
-0.118529
0.253041
-0.130842
0.079351
0.253955
-0.085687
-0.085958
0.190213
-0.320085
-0.141164
0.167473
-0.185313
0.374081
0.010396
0.050867
-0.059827
0.061966
0.243746
-0.141287
-0.087076
0.041835
-0.235519
0.104080
-0.007756
0.035232
-0.041747
-0.219833
-0.203452
0.173043
-0.497750
-0.003255
0.074303
0.048814
0.115808
-0.080034
-0.037202
0.199943
-0.366459
-0.203894
-0.008310
-0.537367
0.007902
-0.150745
-0.079809
-0.276890
0.218570
0.004833
-0.108061
-0.007188
-0.088120
-0.027874
0.094417
-0.251005
0.127036
0.056685
0.003722
0.030587
-0.014494
-0.191182
0.213808
-0.119836
-0.020174
0.240926
-0.225874
-0.210705
0.084601
-0.299502
-0.018141
-0.006039
-0.288635
-0.123257
-0.058722
-0.391091
0.123436
-0.031066
0.220194
0.063110
0.080473
0.065583
-0.213826
0.188778
-0.152365
-0.013193
-0.028386
0.054929
-0.246830
-0.267295
0.019907
0.053064
0.066777
-0.270495
-0.257169
-0.046067
-0.176839
-0.119831
-0.081823
-0.325571
-0.305796
0.063876
0.032989
0.186699
0.114199
-0.043843
0.205656
-0.142209
0.005202
0.040960
-0.077947
-0.235713
0.110752
-0.146534
-0.027963
-0.160092
0.176583
0.162503
-0.167461
-0.253970
0.035189
0.066044
-0.183263
-0.071037
-0.063415
0.120618
0.249961
-0.186192
0.016918
-0.217953
0.042359
-0.229883
-0.030417
-0.153896
-0.036798
-0.116050
0.023487
0.070498
0.132312
0.055193
-0.022426
0.150811
-0.087880
0.088645
0.245057
0.190179
-0.137316
0.244798
-0.044964
0.185950
-0.169654
-0.340512
-0.092857
0.041353
0.227265
-0.085329
-0.385968
0.093123
0.353859
-0.094519
0.216149
0.027566
0.292455
0.307391
0.134444
0.041471
0.113034
-0.237086
0.048289
0.061122
-0.129655
0.049291
-0.152478
0.201670
-0.223945
0.349388
0.095215
0.222753
0.183006
-0.234068
0.201389
-0.076891
0.035339
0.228108
0.533900
0.207277
-0.095918
0.153446
-0.193362
-0.066484
0.130663
0.238529
-0.406839
-0.311392
0.136701
0.411920
0.243013
-0.016561
-0.085681
-0.163370
0.002588
-0.090278
0.059386
-0.031018
-0.303545
0.181570
-0.328574
0.189655
0.025935
0.008728
0.239532
-0.069671
0.129505
-0.389797
0.067510
0.121700
0.162688
0.154397
0.039299
-0.135379
-0.395003
-0.147416
-0.058121
0.069014
-0.120319
-0.075908
-0.202930
0.211550
-0.221061
-0.187383
0.049112
-0.003659
0.292429
-0.114243
-0.278768
-0.264973
-0.111138
0.179492
0.297576
-0.267846
0.082110
-0.083984
-0.087323
0.272450
-0.137021
0.031909
-0.064483
0.456063
-0.023658
0.016233
-0.138902
0.291485
0.014691
0.289947
-0.447491
0.321574
-0.193780
-0.242866
0.158799
-0.161608
0.065699
-0.005555
-0.148377
0.105304
0.143228
-0.154186
0.234178
-0.039826
0.115748
0.011285
-0.088053
0.048379
0.016320
-0.293082
0.237560
0.117706
0.022730
-0.075695
0.417892
0.023106
-0.029074
-0.117008
0.159244
0.111549
-0.163360
0.408196
-0.143039
0.453333
-0.142975
-0.048286
0.153332
-0.086407
0.470871
-0.017512
0.154221
0.101021
0.111352
-0.054114
-0.099999
0.104884
-0.160710
-0.259944
-0.219536
0.142711
0.019070
-0.345306
0.075829
0.207867
-0.036343
-0.126235
0.168583
-0.162472
-0.111112
0.053083
-0.159975
-0.041157
0.057863
-0.010783
-0.018760
0.106034
-0.346850
-0.283500
0.112633
0.123438
0.168702
0.139066
0.290082
0.020245
-0.109072
-0.171198
0.017212
-0.053257
-0.016071
-0.134409
-0.177669
0.178603
0.015857
0.015660
-0.235405
0.280126
0.278077
0.424740
0.173340
-0.166518
0.213419
0.085572
-0.588790
-0.155306
0.030225
-0.000025
-0.040375
0.157969
-0.159749
-0.150799
-0.119527
-0.028093
0.077539
-0.081834
0.232536
0.041760
0.103079
-0.389786
0.001582
-0.058239
0.037114
0.023380
-0.051824
-0.032236
-0.012479
-0.120310
0.112488
-0.019155
0.026599
-0.016536
0.175091
0.004326
-0.337340
-0.004526
-0.127005
-0.234367
0.295293
-0.084191
0.013600
0.010487
0.160555
0.192992
0.358407
-0.047287
-0.298667
-0.080565
-0.123328
0.372942
0.143306
-0.255306
-0.036857
-0.454961
0.268204
0.105352
0.228664
-0.252933
0.051389
-0.273393
0.462438
-0.288458
-0.126753
-0.168434
-0.144079
0.185805
0.045493
-0.096643
0.242844
0.060217
-0.038394
0.165153
0.079103
-0.011210
0.132187
-0.030532
0.387645
0.065590
0.140638
-0.110381
0.038926
-0.115709
-0.401115
-0.097508
-0.369470
-0.053404
0.135505
-0.010837
0.143046
0.014322
-0.269151
0.017342
-0.134460
-0.268167
0.042677
0.145000
-0.045696
-0.091220
0.087423
0.087429
0.045246
-0.156055
-0.204641
-0.133832
0.135475
-0.004707
0.069014
0.057722
-0.011623
-0.246641
0.029587
-0.060485
0.155799
-0.058312
0.076708
-0.109509
-0.210652
-0.139103
-0.465597
-0.163320
-0.067273
-0.088255
0.142345
-0.128615
0.196545
0.046929
0.135172
-0.207550
0.001224
-0.188625
-0.035141
-0.178744
-0.276766
-0.146331
-0.111907
-0.126211
-0.066370
0.025140
-0.250395
-0.074978
0.450116
-0.340767
0.180014
0.171213
-0.088730
0.273699
0.483590
-0.060923
0.162552
0.070345
-0.237459
0.024077
0.071637
-0.420775
0.194411
0.061298
0.138136
-0.081919
0.039067
-0.133494
-0.127693
0.195432
0.391008
-0.000950
0.119454
0.123907
-0.217708
0.095508
-0.263765
-0.077302
-0.236106
0.075056
-0.179151
0.143082
-0.115491
-0.047974
0.195972
0.033629
0.088883
-0.243111
0.001730
0.129726
-0.043928
0.242487
-0.024096
0.157688
0.145835
-0.068546
-0.172548
0.182896
-0.109650
0.083962
0.212598
-0.045789
-0.023500
0.053417
0.122179
0.193955
-0.000344
0.141930
-0.257447
0.228782
-0.082310
0.275089
0.037999
0.008201
-0.201258
-0.233900
0.321614
0.094006
-0.263622
0.150540
0.103971
0.219580
-0.096557
0.115337
0.120733
-0.014519
0.064857
0.047215
0.065283
0.093337
0.066788
-0.070929
-0.171987
0.006892
0.209521
0.057368
-0.109462
0.192713
0.171186
-0.339211
0.183181
0.265987
0.030599
-0.270276
-0.218439
-0.084521
-0.156095
0.277674
0.154128
0.094444
0.163085
0.231735
-0.445154
-0.198950
0.212849
0.175207
-0.078849
0.010564
-0.035910
0.247991
-0.609748
-0.213921
0.126254
-0.012014
0.129362
-0.411273
0.007928
0.122375
0.143360
-0.031417
0.175336
-0.100015
-0.091710
0.223661
-0.148700
0.398006
-0.160742
-0.199248
-0.089005
0.077338
0.354641
0.094398
-0.150680
-0.153351
0.020135
0.249113
0.155458
0.274670
-0.085384
-0.109119
-0.035782
0.068068
0.085808
0.154006
-0.108366
0.090296
0.095801
-0.059910
0.062608
-0.160341
0.016195
0.031663
0.062021
0.157603
0.007983
-0.203418
0.025868
0.261760
0.274171
-0.180484
-0.188625
-0.191956
-0.077279
-0.212769
-0.204227
-0.052833
0.147856
-0.136551
-0.098714
0.225821
-0.279585
-0.328652
0.077582
0.243944
-0.003377
0.088823
0.005145
0.068724
0.124770
0.070682
0.058250
-0.234876
-0.069285
0.031027
0.157807
-0.275742
-0.172682
-0.068521
-0.159126
-0.114265
0.176976
-0.079706
-0.350171
-0.237638
-0.165443
-0.065015
0.141911
-0.023516
0.083185
-0.019294
0.087586
-0.160341
-0.087959
-0.009130
-0.025344
-0.005931
0.071120
-0.145177
-0.335486
0.204249
0.018012
0.188479
0.097202
-0.013856
-0.323484
-0.015699
-0.178420
-0.451879
-0.159724
0.018883
0.296239
-0.168093
0.142696
-0.073454
-0.277694
-0.230059
-0.050646
0.083007
-0.035378
0.009369
0.233121
-0.099020
0.075050
0.058335
0.073816
0.081836
-0.028869
-0.142220
-0.108224
0.025590
0.079870
-0.046975
-0.212826
0.157682
-0.028412
0.059916
0.112253
-0.362167
-0.161892
-0.058570
0.226058
-0.047367
-0.134969
-0.371422
-0.086735
0.161213
-0.008677
-0.467626
0.030963
0.047381
0.038003
-0.011286
-0.223213
0.148407
0.003633
0.329506
-0.065854
0.085662
-0.020067
-0.414129
0.048069
0.237075
0.118227
0.028686
-0.104266
-0.076663
-0.118789
0.160819
-0.231068
-0.196937
0.006016
0.062543
0.031757
0.081155
0.246288
0.061112
-0.048332
0.210012
0.168021
0.170085
-0.085500
-0.038289
0.091777
0.022001
0.046546
-0.236573
-0.344575
-0.011664
-0.187572
-0.215363
0.096233
-0.305844
0.097578
-0.022097
0.019196
-0.061734
0.001443
0.193057
-0.010307
0.161104
-0.203831
0.120963
-0.188740
-0.116349
-0.058169
-0.114086
0.062391
-0.155455
0.272014
0.086420
-0.206988
0.159389
0.136700
-0.044979
0.059291
0.010952
-0.043283
0.133464
0.022421
0.134557
-0.343232
0.050065
0.093782
-0.123708
0.165794
-0.094638
-0.115805
0.027583
0.264801
0.008663
0.087726
-0.112712
-0.060952
0.172203
-0.000766
-0.121192
0.226715
0.149264
-0.008054
0.051098
-0.003332
0.051012
-0.003030
0.016497
-0.110966
-0.131138
-0.133556
-0.204399
0.197255
-0.266441
0.013711
0.006691
-0.102005
-0.051122
0.079030
-0.089875
0.097289
-0.149338
-0.221436
-0.191652
0.081722
0.444243
-0.173453
0.075751
0.001373
-0.010533
0.018592
-0.087687
-0.044568
-0.337519
-0.193455
-0.034336
0.115389
0.320907
0.079749
0.194893
0.301722
-0.026493
0.058142
-0.084259
0.217184
0.080661
0.161254
0.129510
0.128587
0.025941
0.055303
0.354320
-0.045344
-0.192080
-0.120823
-0.139458
-0.037122
-0.161637
-0.070302
-0.067439
-0.401070
0.218933
-0.111857
0.020407
-0.283702
-0.027141
0.063282
0.061029
-0.036894
-0.158596
0.097455
0.116617
0.089495
-0.076814
0.153521
0.018961
0.428306
-0.292061
0.374281
0.053861
-0.234932
0.099237
0.294563
0.111406
0.058380
-0.016682
0.078087
0.101664
0.113107
0.066307
-0.339414
0.390274
0.039008
-0.017203
0.345955
0.119711
-0.064271
0.120679
-0.045065
0.072604
0.176075
0.150356
0.038194
-0.113432
0.077992
-0.214177
-0.274563
-0.036692
-0.207841
0.101398
0.111578
0.176702
0.099434
0.070767
0.136201
-0.057294
0.196999
-0.236457
0.151837
-0.165500
0.056648
-0.042269
0.072465
0.490965
-0.216892
-0.184978
-0.052973
-0.118171
0.291552
0.139840
-0.012906
0.213683
0.031078
0.172625
0.129189
-0.250103
0.074567
-0.108461
0.070876
0.054787
0.091538
0.029527
0.131551
-0.010930
0.086384
-0.087092
-0.116127
0.191283
0.059145
0.018008
0.113946
-0.075208
0.177691
-0.017484
-0.165678
0.109071
0.052798
0.093590
-0.163992
0.109708
-0.090869
0.073940
0.103314
-0.263440
-0.173065
0.312462
0.297203
0.156496
0.146998
-0.153115
0.160577
-0.118257
0.027466
0.185427
0.010766
0.387248
-0.008559
0.073360
0.028008
-0.046327
-0.281142
-0.063499
0.066126
-0.006701
0.236963
0.184361
-0.248450
0.053379
0.087629
-0.192180
-0.339556
0.223246
-0.274430
-0.080012
0.268003
0.169092
-0.157247
0.113658
0.160876
-0.052444
0.119497
0.088200
-0.134758
-0.243341
0.133184
-0.054932
-0.046078
0.197899
-0.354607
-0.080106
-0.034551
0.209907
0.186541
-0.050294
0.194876
-0.036309
-0.099401
-0.012219
0.225560
-0.016419
0.212668
-0.072340
-0.398401
-0.065948
0.113113
0.256910
0.168850
0.061381
0.079279
-0.340814
0.109225
-0.141724
0.052078
0.270823
0.013759
0.322459
-0.112289
-0.062651
0.368656
-0.144710
0.336171
-0.125719
-0.089974
0.019702
0.184628
-0.077604
-0.008953
0.172411
0.073603
-0.020624
-0.102719
-0.216743
0.022880
0.245574
0.329434
0.247228
0.129518
-0.120600
-0.017047
-0.018637
0.048072
-0.098097
-0.203511
0.226450
0.176920
0.205769
-0.171735
-0.388759
-0.175193
-0.050732
-0.253723
0.045088
-0.216069
-0.094322
-0.073578
0.051087
-0.433545
0.005062
0.199052
-0.232421
-0.069367
-0.059186
0.167375
0.011030
-0.162327
0.246388
0.321318
-0.008753
0.063314
0.304725
0.463901
0.023446
-0.038593
-0.000559
-0.114859
-0.065831
-0.144596
-0.086464
-0.130876
-0.042342
0.282952
0.114361
-0.058302
-0.097758
-0.292819
-0.001422
0.161665
0.014940
0.131549
0.041614
0.041961
0.116391
-0.142496
0.081048
0.345560
-0.018660
-0.122096
0.362577
0.169236
-0.256066
-0.004902
0.315127
0.159049
0.072602
-0.133866
0.008148
-0.093335
0.226883
0.036458
0.233472
0.157648
-0.182021
0.349922
-0.378135
-0.144957
0.069582
0.084786
-0.025683
-0.266726
0.048506
0.073728
-0.073517
-0.053144
0.221646
-0.066901
0.080301
0.083676
0.130546
0.038912
0.036532
-0.006537
0.041603
0.357220
-0.207725
0.228664
0.139252
0.037755
0.091107
-0.128891
-0.040200
-0.497679
-0.092465
0.051313
0.041652
0.085161
-0.124615
0.112538
-0.379724
-0.125584
-0.179974
-0.141189
-0.107514
0.202123
-0.004490
-0.028344
0.035820
0.327683
-0.055977
-0.071663
-0.010648
0.181212
0.050898
0.241255
0.039678
-0.051681
-0.066070
-0.144820
-0.082287
-0.201160
0.013662
-0.316632
0.309427
0.134380
0.352394
-0.030717
0.042320
0.078905
-0.061259
-0.180272
-0.014233
-0.063799
0.011354
0.304567
0.111029
-0.033890
0.002458
0.103469
-0.126712
0.352470
-0.172299
-0.217777
0.037958
-0.113366
0.062861
-0.017019
0.151400
-0.233383
-0.195366
-0.272557
-0.073262
0.159622
-0.037284
-0.103378
0.141937
-0.164478
-0.026651
0.143761
0.181991
0.274645
0.061772
-0.005314
0.160023
0.000248
-0.194219
-0.238548
-0.023907
0.115349
-0.134225
-0.090214
-0.140305
-0.163472
-0.130475
-0.154722
-0.269578
0.132700
-0.119762
0.031479
0.075110
0.043125
0.013534
0.108559
-0.341684
0.019208
0.099760
-0.092091
-0.060608
0.066212
-0.073642
0.184404
0.062256
-0.217564
-0.112279
-0.214897
0.133918
0.161798
0.182312
-0.057522
0.030178
0.481680
-0.170016
-0.076589
-0.033948
-0.155879
-0.163807
0.190806
-0.068073
0.216142
-0.019047
0.106067
-0.030018
0.229578
-0.053487
0.370116
0.156307
0.148727
0.239221
-0.081146
-0.198816
-0.035128
0.082410
-0.321292
0.008941
0.295087
-0.061898
0.206186
-0.218737
-0.102223
0.041850
0.019078
0.437111
0.152135
0.141308
0.167034
0.376824
0.006164
0.196571
-0.071207
0.006570
0.441559
-0.574883
0.020421
-0.063742
0.063209
0.401541
-0.209079
-0.119206
-0.181467
0.122464
0.059641
-0.452733
-0.003943
-0.040658
0.007390
-0.105173
0.105794
0.164370
-0.129628
0.136254
0.129187
0.014859
0.332191
-0.254244
-0.162720
-0.329784
-0.191072
-0.222084
-0.003185
-0.063430
0.362243
-0.225621
0.163536
0.372118
0.071022
0.139935
-0.301447
0.062219
0.001840
0.090193
-0.358709
-0.145458
0.118473
0.140479
0.278081
-0.133281
0.073110
-0.433980
-0.123502
0.245235
-0.265299
-0.082910
0.159174
0.053449
0.178447
0.079724
0.196755
-0.041889
0.157693
-0.102057
-0.127986
0.177812
0.112132
-0.112798
0.050180
-0.041628
-0.130767
0.046886
-0.084484
-0.449598
0.075034
0.069536
0.122014
0.087507
-0.170874
0.015058
-0.198822
0.116228
0.067807
-0.202709
0.111978
-0.071550
0.039682
-0.269247
-0.049654
-0.117705
-0.029232
-0.324442
-0.221748
-0.113136
0.075772
0.128274
0.006193
0.062670
0.250678
0.022281
-0.090985
0.224102
-0.103495
0.121507
-0.272242
-0.034409
0.197130
-0.092001
-0.198359
0.077056
0.162159
-0.144807
0.177545
-0.078034
0.019641
-0.045217
-0.048231
-0.147462
0.350903
0.263469
-0.036905
0.195507
0.151003
0.182756
0.259671
0.045114
0.145171
0.236491
-0.218205
0.027271
-0.178212
0.151020
-0.058544
0.122515
0.114356
-0.126020
0.147374
0.093154
-0.065247
-0.196657
-0.118551
0.028024
-0.457188
-0.108734
-0.006759
0.378052
0.006231
0.271056
-0.339720
0.188603
-0.378191
0.032268
-0.121937
0.269809
-0.060171
-0.001925
0.251441
0.162837
0.176141
0.150727
-0.079043
-0.029149
-0.189152
-0.072425
-0.011456
0.198644
0.014260
0.005129
0.221178
0.118741
-0.009912
0.084870
-0.256879
-0.141227
-0.095744
-0.195904
0.016600
-0.013256
0.088933
-0.183594
-0.396146
0.248592
-0.085420
0.267960
0.088453
0.350965
0.165201
0.059754
-0.061921
0.031733
0.035172
0.236140
-0.157565
-0.260854
-0.142664
-0.002342
0.161470
0.321739
0.090878
-0.077735
0.117173
0.165047
0.142968
0.018639
-0.176630
-0.087137
-0.237306
0.345219
0.104137
-0.029560
-0.115161
0.047600
-0.111524
0.156357
0.154814
0.010724
0.098368
0.096017
-0.174172
-0.375998
-0.092121
-0.162145
-0.169997
-0.000088
-0.005711
-0.201536
0.003194
-0.066672
0.041249
-0.226540
0.263830
-0.043456
0.200870
-0.075754
-0.010566
0.093045
-0.172110
0.080105
-0.217037
0.052760
0.149237
-0.251302
0.042699
0.111022
0.450604
0.130052
-0.102768
0.183091
-0.113891
0.094259
0.222872
-0.199023
0.336239
0.274777
0.022180
-0.043247
-0.023887
-0.109258
0.074656
0.039951
0.012465
-0.055799
-0.215856
-0.159019
0.257098
0.375508
0.104302
-0.064046
0.171611
-0.303724
-0.098044
-0.295229
-0.292108
0.400494
0.153112
-0.322354
-0.006994
0.235043
0.288134
-0.012031
-0.056272
-0.177246
0.184919
-0.262047
-0.048600
-0.114094
-0.129758
-0.004318
-0.079059
0.076654
-0.178602
0.078461
0.096097
-0.012162
-0.212786
0.325697
-0.016269
-0.145453
-0.087874
0.113758
-0.315457
-0.322249
0.072993
-0.004276
0.022732
-0.357257
0.066110
0.186730
0.272388
-0.102324
-0.022139
-0.362103
0.178900
0.085500
-0.330459
0.120473
-0.011742
0.037992
0.067878
0.217855
0.337196
0.001840
0.062008
0.311562
-0.129806
0.095690
0.016431
-0.182403
0.294861
-0.079739
-0.161189
0.094977
-0.275716
0.192234
-0.037569
0.089103
0.216955
0.329760
0.045697
-0.147725
-0.076090
0.045870
-0.139835
-0.142275
-0.067482
-0.226597
0.084058
-0.060959
-0.171507
0.281692
-0.009982
0.107139
0.132218
-0.035745
-0.165303
0.103202
-0.054949
0.008563
0.003413
-0.224433
-0.292710
0.172666
0.064715
0.198114
0.158709
0.334857
-0.046441
0.273313
-0.037096
0.030958
-0.007586
0.366121
-0.243582
-0.012757
0.113952
-0.440904
0.014572
0.228636
0.015103
0.297883
-0.017205
0.092021
-0.031142
0.028708
0.214334
0.213886
-0.223239
-0.043246
0.263179
-0.062745
-0.149284
0.101838
-0.336170
0.037176
-0.061437
0.140409
0.185461
0.082683
-0.072361
-0.054908
0.039022
0.053737
0.201228
0.139435
0.051181
0.040116
0.016234
-0.120229
0.072692
-0.209869
-0.197017
0.087752
-0.057937
-0.287254
-0.220268
-0.084472
-0.181820
0.078204
0.179261
0.289438
0.213022
-0.068614
-0.186898
-0.118821
-0.008728
0.054411
-0.186788
0.025932
-0.051126
-0.111939
0.019299
-0.051402
0.012566
0.110942
0.198227
0.014602
0.193032
-0.181324
-0.000051
-0.072047
-0.080495
0.029079
0.135473
0.020591
0.066141
0.186691
0.196106
0.016674
-0.195141
0.176886
-0.316489
0.093910
-0.059702
0.083798
0.064467
-0.024704
-0.114753
0.407718
-0.148847
0.253192
-0.052152
0.417756
-0.098844
0.101585
0.247266
0.220690
0.093358
-0.156610
0.047705
-0.001376
0.381507
-0.170980
-0.203748
-0.094805
0.147423
0.104650
0.011136
0.219128
-0.119324
-0.034426
-0.146734
-0.126579
-0.051317
0.156458
0.030902
-0.214473
0.297600
-0.319268
-0.218070
0.080462
-0.139990
-0.199637
0.322998
0.125725
-0.216447
0.160620
0.056712
-0.044479
-0.143296
0.284567
0.012152
0.096805
-0.083344
0.065365
-0.109946
-0.005979
-0.022266
-0.156634
-0.170092
0.048984
-0.031324
-0.057487
0.083459
0.184979
-0.013393
0.018247
-0.202497
0.065025
0.153235
0.037641
0.247744
-0.229875
0.176258
0.121019
0.080773
-0.181835
0.021333
0.152266
0.002562
0.060504
-0.162442
-0.458813
0.103516
-0.310634
-0.352297
0.114759
-0.104426
-0.057948
-0.062043
-0.341302
-0.086033
-0.037905
0.009754
-0.072517
0.107458
-0.277000
-0.026863
-0.123792
0.098708
-0.170179
-0.019443
0.009061
0.165515
0.121624
0.240725
-0.057977
-0.287361
-0.349255
0.205533
0.055701
-0.154220
0.039550
-0.003239
-0.027510
0.070395
0.294019
0.257189
0.210980
0.149431
0.035154
-0.077665
0.185487
0.264842
0.102741
0.345962
0.217591
0.011125
-0.068385
-0.144150
0.219458
-0.048878
-0.243251
0.097191
0.431737
-0.003550
-0.033032
-0.360194
0.245215
-0.048606
-0.217876
-0.043173
0.037266
0.025260
0.188595
-0.152961
0.265615
-0.270784
-0.208884
0.136101
-0.562026
-0.067576
-0.024550
0.138101
-0.219026
-0.048370
-0.120494
-0.283751
0.291019
-0.336845
0.172422
-0.124026
0.103097
0.055118
-0.161101
-0.009013
0.067526
-0.239061
0.129226
0.342917
0.109959
-0.201198
0.192212
0.149604
0.067323
0.158279
-0.177209
0.158037
0.252442
0.236638
-0.067163
-0.114765
-0.165446
-0.054755
0.215992
0.034758
-0.025131
-0.052376
0.116774
-0.142540
-0.261697
-0.200132
0.285006
-0.134130
-0.308049
0.076922
0.363015
0.254567
-0.134207
0.135043
0.043858
-0.000569
0.010708
-0.144953
0.141236
0.005151
-0.063149
-0.035330
-0.403850
0.246491
-0.119005
0.127634
0.001465
-0.269933
-0.004586
-0.030304
-0.344608
0.042495
0.030759
-0.159839
-0.247474
-0.157528
-0.069842
-0.095829
0.087930
-0.046483
-0.106320
0.176825
0.002808
0.106065
0.137707
0.121324
0.073595
0.315611
-0.164506
-0.000932
-0.042930
0.032043
0.510945
0.218474
0.100516
-0.219846
0.051162
-0.352640
-0.152169
0.085357
-0.023152
0.017223
-0.008046
-0.467403
-0.195892
0.006739
-0.414602
-0.084012
-0.080249
-0.265731
0.017069
-0.013175
-0.199242
0.013207
0.129186
-0.015667
0.079453
-0.233463
0.022897
-0.047276
0.131180
0.017485
-0.004746
0.021476
0.294637
-0.370673
-0.068991
-0.067723
-0.000678
0.090226
0.209074
-0.078516
0.291044
-0.055837
0.157921
-0.133872
0.131355
0.010328
0.056647
0.215826
-0.241025
0.134364
0.006308
-0.171656
-0.345330
-0.141524
-0.146741
0.427221
-0.374363
0.127943
0.157038
-0.194891
-0.126324
0.287904
-0.082033
0.092959
-0.108150
0.094675
-0.032342
-0.053420
0.032756
0.403898
-0.072941
-0.032212
-0.234818
-0.118423
0.081546
-0.112236
0.048690
0.139134
0.047479
-0.127890
0.138356
0.237163
-0.055288
-0.095668
0.089976
0.123809
-0.163592
0.046356
-0.020197
-0.041799
0.120284
0.126990
-0.077462
0.072014
0.298291
-0.185676
0.190685
-0.185702
-0.076594
-0.020328
-0.135289
-0.034704
0.254338
0.146586
-0.185549
-0.038974
-0.334193
0.202758
-0.034799
-0.552417
-0.212183
-0.190159
-0.124562
0.126306
0.054042
-0.127242
-0.046671
-0.307465
-0.248905
-0.005321
0.140157
0.379277
0.195906
0.188879
-0.031847
0.005316
-0.299911
-0.141542
-0.110510
0.090168
-0.166278
0.080456
0.110362
-0.149742
-0.212837
-0.072814
-0.165984
-0.014504
0.034330
0.097172
0.183966
-0.343368
-0.075723
-0.006592
-0.341259
0.142120
-0.007839
0.207788
0.101206
-0.095628
-0.124681
-0.092817
-0.107064
-0.096104
0.296914
0.291845
-0.262108
0.318595
-0.450426
0.108801
-0.059423
0.193303
0.176553
0.009765
0.021682
0.182053
0.008257
-0.199016
0.026987
0.282109
0.320168
-0.374264
0.333524
-0.085715
0.070603
-0.028916
-0.275132
-0.157070
0.166060
0.107540
0.027717
-0.328374
0.173439
-0.077491
0.173863
0.174348
-0.074581
-0.176917
0.155051
-0.248697
0.228023
0.133640
-0.453469
-0.047757
0.136850
-0.108653
0.026033
-0.265570
-0.066145
-0.024905
0.130703
0.142399
-0.252618
0.114511
0.340829
0.269536
0.272178
-0.029167
-0.186420
-0.408123
-0.021769
0.267313
-0.082612
0.010795
0.046761
-0.206682
0.040288
-0.110019
0.034242
0.139045
-0.050521
-0.178851
0.154754
-0.018810
0.075910
0.056044
-0.108088
-0.110847
-0.125072
0.153901
-0.294589
0.239936
0.035535
0.153354
0.072801
-0.048912
0.416832
0.207383
-0.079839
-0.024217
-0.124683
-0.150096
0.108476
-0.064724
0.306498
0.233671
-0.348281
0.206760
0.034323
0.135651
-0.041579
-0.086294
0.053316
0.155017
0.122502
-0.189877
0.285955
-0.025819
-0.130160
-0.012288
0.184239
0.315395
0.022684
0.060937
-0.127159
0.167933
0.051141
0.094360
-0.246363
-0.175940
0.072533
-0.214744
-0.083921
0.045094
-0.094438
0.028831
-0.264621
-0.138977
-0.093778
0.125182
0.043407
-0.214111
0.105295
-0.004024
-0.044262
-0.186394
-0.293020
-0.099579
0.219378
-0.094688
0.140622
-0.019596
-0.173201
0.174171
-0.016261
0.035664
0.462963
-0.070195
-0.063376
0.351923
0.165368
-0.019555
0.099697
0.106200
-0.229271
-0.222778
-0.132112
0.303086
-0.460837
-0.273874
-0.144132
0.194547
-0.057539
-0.275385
0.164734
0.125880
0.195307
-0.341574
0.009757
0.016118
-0.429462
-0.216038
-0.247187
-0.155807
-0.062532
0.224775
0.362476
-0.021474
0.210946
0.093917
0.161981
0.221263
0.100364
-0.086339
-0.042574
-0.001710
0.057800
-0.102699
0.077996
0.071831
-0.052809
0.140752
-0.042083
0.035809
-0.116912
-0.086957
-0.103749
-0.182257
0.101091
0.041011
-0.200064
0.104288
-0.134787
-0.122746
-0.070675
0.269413
0.096939
0.210972
-0.206626
0.449710
0.247364
-0.031500
0.129170
-0.158052
-0.183269
0.048097
-0.174380
-0.267976
0.011461
-0.003514
0.124556
0.034435
0.177047
0.096944
0.193278
0.065378
-0.021621
0.075846
0.407178
-0.080225
-0.097465
-0.178841
-0.223034
0.111276
-0.169473
0.249604
-0.014250
0.016133
0.099236
0.178598
-0.255282
0.153394
0.050468
0.108932
-0.077193
-0.350503
-0.033503
0.045366
0.031651
-0.061028
-0.124292
-0.266831
-0.303807
-0.003842
0.110104
-0.052202
0.331176
0.046220
-0.167949
0.040359
-0.121389
0.245740
-0.104546
0.061579
0.094471
-0.107790
-0.336437
-0.000288
-0.119377
-0.042818
0.085029
-0.442660
-0.074179
-0.072921
0.079019
0.123576
0.017326
-0.172448
-0.213111
0.130525
-0.033397
0.144012
-0.052896
-0.359612
-0.089731
0.233036
-0.403412
0.034131
-0.238933
0.165320
-0.220629
0.103334
0.412115
0.111365
-0.048592
0.113808
-0.175645
-0.308002
0.084888
-0.012376
-0.134886
-0.243092
0.267700
0.016605
-0.048191
0.273738
0.094650
0.164105
-0.275425
0.213461
0.062485
-0.196245
0.093465
0.021645
-0.073972
-0.071304
0.140197
0.173884
0.240518
0.082174
0.199916
-0.092513
-0.208666
-0.177842
0.346695
0.209381
-0.093622
-0.090774
-0.018190
0.351157
0.149639
-0.205045
0.092280
0.109597
-0.347003
0.143461
-0.440706
0.034910
-0.011189
-0.220003
-0.158307
0.296554
-0.202193
0.401892
0.187792
0.027910
0.048419
-0.056711
-0.164665
-0.232984
-0.002997
-0.208988
0.214990
0.053687
-0.008912
-0.056028
0.316944
-0.251910
0.112096
0.119784
-0.096689
-0.124957
-0.014856
-0.119838
-0.090152
-0.186840
-0.292367
0.138965
-0.037765
0.197010
-0.095021
-0.258645
0.329592
-0.018729
-0.046877
0.210540
0.048161
-0.283724
0.005718
-0.126594
-0.155112
0.116614
0.239064
-0.104045
0.013981
-0.178624
-0.112665
-0.069206
0.034482
0.076626
-0.004997
0.179111
-0.248909
0.133438
0.098777
0.098812
-0.120232
-0.262610
-0.074260
0.153899
0.027581
0.313320
0.372639
0.101000
0.331834
-0.248806
-0.037595
-0.205095
-0.272042
-0.195127
0.107183
0.061655
0.108509
0.091860
-0.035684
0.079797
-0.182541
0.146570
-0.072812
-0.027107
0.141576
-0.134989
0.030261
-0.082309
-0.025453
0.079256
0.136071
-0.083600
0.074999
-0.077971
0.127716
-0.080118
-0.102511
0.137810
0.117838
0.313817
0.020863
0.022034
-0.099977
-0.128157
0.104631
-0.158796
0.227838
0.096748
-0.108049
0.156541
-0.021563
-0.252813
0.041183
0.226779
-0.039333
0.008159
0.114242
0.167479
-0.083910
-0.223894
0.344977
0.024187
0.252022
0.059005
0.113189
0.141081
0.065455
0.041190
0.387507
0.009662
-0.141687
0.013657
-0.101552
-0.150187
-0.272128
-0.048710
-0.204536
0.184176
-0.063728
0.359866
-0.080555
0.176215
-0.051488
0.250365
-0.084999
0.036579
0.053154
0.105849
-0.059744
-0.170647
-0.042685
-0.226897
-0.044031
-0.264702
-0.322105
-0.100588
-0.139574
-0.133623
0.056148
-0.223550
-0.396960
-0.195737
0.311404
0.062144
0.174486
0.354244
0.229581
-0.158455
0.102528
-0.189340
0.025361
0.082112
0.134734
-0.119778
0.247208
-0.085932
0.126026
-0.076367
-0.065083
0.312548
0.044392
-0.166083
-0.120842
-0.221785
0.042388
-0.059650
-0.072677
0.210308
0.173438
-0.047750
0.201071
-0.193278
-0.366152
-0.196960
0.094675
-0.160969
-0.175625
0.009543
0.131904
0.366864
0.082550
-0.078685
-0.050426
-0.254832
0.019381
0.006266
0.232840
-0.042777
-0.219075
-0.026413
-0.242603
0.215871
0.219998
-0.001224
0.042688
0.351309
-0.036046
-0.298129
-0.090688
-0.302970
-0.180860
0.053036
0.110800
0.192437
-0.249454
-0.239488
-0.102722
-0.070132
0.186875
-0.204151
-0.112214
0.091562
-0.272367
0.267205
0.116411
-0.059725
0.286437
-0.191355
0.087128
-0.232174
0.107293
-0.308282
-0.114024
0.041916
-0.064761
-0.099681
-0.334075
0.025199
-0.159547
-0.019545
-0.116542
-0.338284
0.147553
-0.127102
0.076841
-0.307884
0.229587
0.032974
0.015780
-0.172733
0.025045
-0.153749
-0.354546
-0.091067
0.141731
0.081758
-0.254241
0.252889
0.414492
-0.059180
0.079902
0.044931
-0.151717
0.060432
0.086756
-0.080259
-0.157322
0.015239
-0.091490
-0.294851
0.188129
0.048533
-0.232670
0.065089
0.149982
0.413819
0.359777
0.207043
0.220236
0.034018
0.009665
0.028766
-0.078670
-0.030153
0.274513
-0.083669
0.090195
0.141113
0.060548
0.229718
0.039020
0.063154
-0.067189
0.070782
-0.098235
-0.091758
-0.094467
-0.054848
0.288107
-0.136409
0.262354
0.247203
0.061898
0.395532
0.114626
-0.256002
-0.005108
-0.052738
0.002402
0.050559
-0.028543
-0.191766
-0.023632
0.051039
0.079304
0.292997
-0.266390
0.153297
-0.213739
0.124145
0.035237
0.253213
-0.057154
0.284845
-0.030319
-0.211160
-0.430845
-0.401737
-0.002255
0.230648
-0.139354
-0.063912
0.055096
0.005908
-0.113431
-0.178669
0.050129
-0.358345
-0.252675
0.239580
0.232339
-0.162193
0.266433
0.181919
-0.059071
0.152519
0.023706
-0.006586
-0.213481
-0.271622
-0.099757
-0.006277
0.046032
-0.209775
-0.125021
0.175662
0.173942
-0.123223
-0.118063
-0.004943
0.144307
0.167230
0.075474
-0.003109
0.109828
-0.114890
0.104259
0.143629
0.212105
0.042189
-0.047423
0.000337
0.193866
0.086115
-0.126927
0.195153
-0.296180
-0.012579
-0.131078
0.059053
-0.143887
-0.132703
0.009666
-0.211005
0.003821
-0.215298
0.213406
-0.197695
-0.555765
-0.248948
-0.295729
0.075358
0.064105
-0.115558
0.245725
-0.256856
0.430710
0.075786
-0.190513
0.139340
0.136238
-0.133138
-0.060294
-0.186834
0.057412
-0.054897
0.203393
0.080722
0.007112
0.097785
0.015984
-0.119478
-0.004167
0.019574
0.077408
-0.093534
-0.087196
0.536723
0.036796
-0.158301
-0.356264
-0.073268
0.147535
-0.057023
-0.067769
0.022136
-0.158250
0.216770
-0.186562
-0.073428
0.118597
0.185355
-0.293201
-0.222791
0.255494
-0.199630
-0.167339
-0.187211
0.115967
-0.086624
0.219603
-0.048471
-0.158087
-0.358813
-0.173985
0.135270
-0.293876
-0.115141
0.242125
0.304121
0.195731
0.203125
-0.036163
0.199538
-0.010398
-0.164926
-0.112185
0.095557
-0.064407
0.027825
-0.308485
0.180180
0.158206
0.261999
-0.109230
-0.176282
-0.013430
-0.090481
0.120717
-0.141731
-0.045152
-0.195811
0.095601
-0.095888
-0.105090
-0.077411
-0.014830
-0.017643
0.121350
0.228550
-0.346653
-0.242433
-0.050923
0.221715
-0.118023
0.074254
-0.065504
0.261663
0.343876
-0.004992
-0.011254
-0.131896
0.087573
0.085559
0.320489
-0.129694
0.137485
0.202355
-0.162151
-0.083828
-0.439868
-0.131257
0.060575
-0.247389
-0.179390
0.039885
0.051763
-0.236128
-0.203842
-0.008613
-0.026157
-0.100921
-0.102961
-0.177189
-0.009353
-0.198602
-0.022596
-0.011182
-0.232548
0.067637
-0.096552
0.194120
-0.024475
-0.140173
0.034816
-0.162752
0.101411
-0.261888
-0.130713
0.131826
0.000856
-0.216019
-0.099965
0.045452
-0.073856
-0.119192
-0.003766
0.018421
0.162378
0.191145
0.242001
-0.096983
0.226991
-0.062493
0.288758
0.110431
0.148429
0.039688
0.265344
-0.178395
-0.057105
0.112105
0.212073
-0.109767
-0.156997
0.036160
0.198357
0.215101
-0.035412
0.417418
-0.170254
-0.024718
0.177436
0.083806
-0.171405
0.140293
-0.093009
0.131855
-0.091121
-0.196389
-0.187604
0.147209
0.082753
0.228926
0.214258
-0.018377
0.206795
-0.250297
-0.096443
0.089141
0.000122
0.238819
0.139619
-0.022871
0.150743
0.169447
-0.113552
-0.132550
-0.121482
0.006553
0.108407
-0.082235
-0.123773
-0.047599
-0.029900
0.082274
-0.439003
-0.045110
0.242810
-0.104010
-0.022843
0.182774
-0.143375
-0.470903
0.073974
0.197098
0.034042
-0.026467
-0.007781
0.077317
-0.097633
0.199411
0.032955
-0.196542
-0.280369
-0.299661
-0.061233
-0.025767
-0.253337
-0.168235
0.137611
-0.139025
-0.091822
0.059889
-0.178578
0.046464
0.021271
-0.075611
0.165593
-0.048465
0.247126
-0.019460
-0.070817
-0.053798
-0.094078
0.008188
-0.169640
0.012651
0.031023
-0.236943
-0.015947
-0.137902
0.038500
-0.065110
0.029891
0.156721
-0.161320
0.002068
-0.301140
0.288719
0.179868
0.190544
0.118156
-0.123161
-0.173201
-0.256445
0.091100
-0.075278
-0.084956
-0.174807
0.293333
0.006500
-0.002266
-0.232475
-0.198030
-0.023213
0.044492
0.039286
-0.148831
-0.114440
-0.182337
0.017745
0.362882
-0.217066
-0.451480
0.014534
0.233360
-0.069075
0.213526
-0.091212
0.277027
-0.033138
-0.037857
-0.072363
0.390472
0.261236
-0.151906
0.353382
0.199565
0.145373
0.163932
0.072704
0.009655
-0.263156
0.099884
-0.314777
-0.020476
0.178565
-0.396241
0.429516
0.255125
0.229397
-0.120979
0.122150
-0.231606
-0.225180
-0.001537
-0.203567
0.322359
-0.346954
-0.181321
-0.036528
0.046143
0.049532
-0.052431
0.046866
0.048356
0.166506
0.062316
0.128793
-0.154415
-0.334528
-0.038818
-0.045728
0.285268
-0.123329
0.010220
-0.212956
0.028834
0.229551
0.384555
-0.253794
-0.064523
0.057808
0.099307
0.075915
-0.461698
0.138928
0.001499
-0.185573
0.049173
-0.181901
0.296811
-0.120865
0.058375
0.121737
0.281922
-0.158868
0.133909
-0.073566
-0.067526
-0.119538
0.334269
-0.228235
0.053363
-0.155739
0.238281
-0.201088
0.033728
0.068856
0.273234
-0.175155
0.186780
0.023981
0.269269
0.143949
0.014950
-0.081254
0.127769
-0.124343
-0.118318
-0.082481
-0.096339
0.119841
-0.119747
-0.265453
-0.041602
0.351491
0.181235
-0.120142
-0.006568
-0.015258
-0.064669
-0.042010
0.045176
-0.114324
0.020189
-0.083627
0.221293
0.517041
-0.020161
-0.036285
-0.073998
-0.155297
-0.116044
-0.245544
-0.052612
-0.099878
0.251888
-0.175324
0.187319
0.086701
0.112526
-0.089112
0.026118
0.001343
0.328033
-0.129731
-0.103632
0.035590
-0.485447
0.200745
-0.052961
-0.158350
-0.278009
-0.103955
-0.006631
0.173454
-0.034492
0.161889
-0.534141
-0.013433
-0.047559
0.006645
0.033304
0.104593
0.015083
0.240508
-0.013772
0.010796
-0.100843
0.088532
0.144299
0.209826
-0.052692
0.041492
0.226783
0.214676
0.051913
-0.129610
0.011209
-0.012479
-0.069878
0.252521
0.192479
-0.055772
0.087305
-0.188239
-0.148303
-0.031476
-0.346321
0.300369
0.171789
-0.095463
-0.372634
-0.319534
0.061011
-0.092183
-0.325662
-0.026680
0.289175
-0.158689
-0.112016
-0.052561
-0.064667
0.021154
-0.018229
0.076888
0.151168
0.143657
-0.066071
0.028872
-0.176824
-0.088375
0.228521
0.192588
0.301312
0.251013
-0.171290
0.025651
0.020533
-0.086041
-0.198183
0.219345
-0.096148
-0.349459
-0.108026
0.073328
-0.266533
0.158877
0.038765
-0.000779
-0.143079
0.079563
-0.104825
-0.117729
0.016658
0.346033
-0.106381
-0.184950
0.172512
0.219872
0.300984
-0.036949
0.283199
-0.126574
-0.016331
-0.122991
0.202789
-0.312293
-0.089345
-0.179180
0.196995
-0.131021
0.015906
0.307454
-0.158447
-0.313351
-0.142646
0.072627
0.035049
0.077559
0.028701
-0.193168
0.255639
0.194758
0.388238
-0.076715
-0.019900
0.162673
-0.165799
0.173146
-0.070549
0.078217
0.072625
-0.291631
-0.190020
0.108913
0.027759
-0.108682
0.142954
-0.125570
0.052567
0.052641
-0.012875
0.020411
0.043867
-0.297918
-0.062614
-0.061973
-0.290520
-0.194596
-0.071665
0.088707
0.064830
0.209358
-0.180011
0.205471
0.058661
0.155764
0.031806
0.207962
-0.209914
-0.111454
-0.155724
-0.164843
-0.006872
0.185204
-0.085439
0.074497
-0.161864
-0.298057
-0.107104
-0.062757
0.025448
0.042814
-0.017733
-0.098045
-0.096736
0.218463
0.208180
0.278083
0.040995
-0.287567
-0.260191
-0.062519
0.229250
-0.116330
-0.271829
-0.451306
-0.140090
-0.127952
-0.151835
0.097058
-0.287877
0.494683
-0.149364
0.105284
-0.122107
0.163428
0.177999
0.008951
0.026643
0.135481
-0.025184
-0.221467
-0.179843
0.059759
-0.002777
0.028618
-0.038383
-0.130356
0.222647
-0.012917
-0.134849
0.032774
0.034487
0.104998
0.368750
0.133337
0.148437
-0.078618
0.257272
0.117069
-0.149897
-0.099227
0.018696
-0.106538
-0.030791
-0.306068
0.139357
-0.365654
-0.145991
0.017340
-0.152064
-0.199292
0.002996
0.085784
-0.307835
0.063485
-0.106823
-0.192160
0.060158
0.046798
-0.387846
-0.103042
0.165153
0.106658
0.379509
0.130686
-0.043403
-0.077469
-0.006544
-0.104705
-0.027586
-0.188251
0.012984
-0.087972
0.115220
0.037135
-0.033538
-0.085554
0.133963
0.227098
-0.051805
0.001145
0.031145
-0.021500
-0.197503
0.021864
0.023415
0.118882
0.295025
-0.189841
-0.038738
0.376759
-0.154979
0.131191
0.175866
0.235786
0.057067
0.046449
0.237709
-0.142249
-0.042496
0.208424
0.078877
0.153705
0.094072
-0.004946
0.011870
-0.111662
-0.061888
-0.122458
-0.150701
0.211798
-0.061879
0.030618
-0.146395
-0.096732
0.072272
-0.246137
0.067689
0.203832
0.053776
-0.025237
0.087846
0.102521
-0.239482
0.274724
0.011991
0.048161
-0.029297
0.252132
-0.094052
-0.268533
-0.161545
-0.064355
0.151389
0.190328
0.120269
0.377988
-0.018860
0.014757
-0.045766
0.200903
-0.090801
-0.012498
0.535997
0.005536
-0.130511
-0.033535
0.170815
-0.013303
-0.031842
0.216442
0.083159
0.254495
0.427449
0.422837
-0.027377
-0.320461
0.295389
-0.143845
0.314469
0.090265
-0.252292
-0.048734
0.070206
-0.079499
0.049890
0.133960
0.186241
-0.044803
-0.147025
0.168353
-0.365217
-0.126516
0.172554
0.240420
-0.200057
-0.301329
0.069794
-0.037819
0.185920
-0.135082
-0.140304
0.122291
-0.076614
0.004040
0.058589
-0.202599
0.314304
-0.041691
0.165015
0.028826
-0.145954
-0.163825
-0.039367
-0.063482
-0.091076
0.123731
0.219326
-0.276732
0.043198
-0.212220
0.035902
-0.009557
-0.103488
0.011092
-0.014119
-0.144449
-0.067959
0.139885
-0.272269
0.074131
0.342815
-0.085773
-0.044089
0.091137
-0.077904
-0.269290
-0.190777
-0.222418
-0.085208
0.083092
0.030853
-0.082193
-0.201647
-0.161301
0.123059
0.250358
-0.085416
0.165963
0.012751
0.272368
0.198494
0.113674
0.376113
0.104404
-0.201207
0.206046
-0.001695
-0.148240
-0.022406
-0.126400
0.104361
-0.117994
0.121683
0.101950
0.037160
-0.075150
0.312882
-0.335268
0.120332
-0.218951
0.126067
-0.072224
0.303050
-0.093857
0.104850
0.086235
0.073765
0.153600
0.246279
0.020508
0.184627
0.047714
0.022950
-0.131762
0.046644
0.085175
-0.146194
-0.135647
0.087676
0.332520
0.086571
-0.156170
-0.004651
-0.122571
0.316190
-0.006634
-0.105795
0.050029
-0.400794
-0.093832
0.062323
0.116845
0.008876
-0.142397
0.057803
-0.232790
0.031827
-0.262439
0.031028
0.194754
0.081489
-0.091916
0.106718
-0.321242
-0.046879
-0.258756
0.193109
0.208931
-0.149554
0.206741
-0.093435
0.149881
-0.210530
0.196308
-0.083917
-0.175221
0.048884
0.046740
0.037675
-0.053882
0.180427
0.099304
-0.037090
-0.176203
0.012740
-0.023126
-0.229110
0.081835
-0.095578
-0.042890
-0.120243
0.088586
-0.149346
0.221003
-0.060323
-0.037659
-0.106825
0.351857
-0.001915
-0.091415
0.188458
-0.081037
0.283890
-0.131604
-0.307688
-0.170302
0.119017
-0.155742
-0.578137
0.030288
-0.031655
0.060418
-0.082029
-0.188313
-0.036987
-0.001058
-0.242849
-0.041347
0.221019
0.034978
-0.037223
-0.098695
-0.236461
-0.057457
0.087495
-0.143838
0.014628
-0.018382
-0.201827
0.102669
0.025561
0.022663
0.135087
0.014422
-0.073737
0.093648
0.121119
-0.192510
-0.039003
0.267205
0.001964
-0.217899
0.114765
0.099990
0.217417
0.327047
0.135113
0.167580
0.024633
-0.129920
0.284362
0.266410
-0.091312
0.221548
-0.251160
0.357559
-0.069662
0.287596
0.112388
0.014644
-0.063193
0.089359
-0.085899
0.238975
-0.185319
-0.001574
0.316229
-0.157079
0.028739
-0.353179
0.004033
-0.216634
-0.011775
0.060987
0.145740
0.110934
0.166234
-0.028394
-0.434507
0.031005
-0.310733
-0.062189
0.159486
-0.283167
-0.061191
0.048143
0.056452
-0.028940
-0.069514
0.202393
-0.098556
0.057830
0.081555
0.029803
0.367808
0.157492
-0.178434
-0.175813
0.239316
-0.008408
0.204288
-0.229594
-0.036977
0.279183
-0.011332
-0.094508
-0.071032
0.309961
-0.028474
-0.106777
-0.192997
0.059412
-0.072880
-0.215350
-0.047076
0.020201
-0.101458
0.124119
-0.182981
-0.147274
0.096486
-0.049325
-0.203850
0.358196
-0.068768
0.205149
-0.068730
-0.047353
-0.274617
0.098762
-0.187434
-0.283226
0.107683
0.275329
-0.086774
0.073337
-0.266188
-0.139460
-0.045287
-0.124595
0.002727
-0.076279
0.197081
0.035704
0.199212
0.158703
0.034409
-0.033375
0.182658
-0.263036
-0.108765
0.517521
-0.028551
-0.106438
-0.196168
0.015998
-0.386638
0.240797
0.055498
-0.054537
0.261630
0.180116
-0.067519
-0.181564
-0.080951
0.041328
-0.079334
0.003368
0.172193
0.222892
0.044442
0.054923
0.061923
-0.088122
0.141798
-0.085442
0.056767
-0.395324
0.204263
0.152276
-0.060013
-0.127125
-0.097968
-0.310532
-0.002138
-0.204775
0.285847
-0.149771
-0.291965
-0.177430
-0.252309
0.008831
-0.061882
0.120678
0.292749
-0.068426
0.353548
-0.081872
0.061836
0.353683
-0.220501
0.159821
-0.233671
0.056610
-0.120561
-0.152029
-0.138064
-0.031273
-0.124015
-0.198809
0.036109
0.089526
-0.360192
-0.166242
-0.153941
-0.313844
-0.066466
0.016813
-0.148054
-0.302182
-0.094877
0.050322
-0.248115
-0.161408
-0.024071
0.099219
-0.186780
0.213421
0.188439
0.018744
-0.058931
0.079308
0.012043
-0.137309
-0.077528
0.042452
0.040002
-0.219354
-0.063736
0.207829
-0.000037
-0.055539
-0.045111
-0.157128
0.218123
-0.184543
0.079532
0.234969
-0.297976
-0.114722
0.028164
0.273007
0.262320
0.051051
-0.092981
0.111016
-0.234329
0.023596
0.027877
-0.093725
0.007134
0.154052
-0.097213
-0.147334
0.273413
-0.091757
-0.035769
-0.077723
-0.215870
0.005801
0.003040
-0.106566
-0.010290
0.167194
-0.071473
0.388905
0.150146
0.090930
-0.329696
0.022079
-0.107131
-0.103220
-0.088357
-0.017402
0.040539
-0.203060
-0.283417
0.067439
-0.197385
-0.108053
0.044845
-0.036228
0.041671
-0.204038
-0.194726
-0.004728
-0.056519
-0.105849
-0.013561
-0.152072
-0.000958
-0.029308
-0.141651
-0.041288
-0.046787
-0.207239
0.021774
-0.008355
0.193864
0.039207
-0.201313
0.160065
0.209379
0.154971
0.086739
-0.003439
0.376088
0.120367
-0.331316
-0.190870
0.032512
-0.089294
0.148984
-0.120041
0.178744
0.062797
-0.230148
0.017608
0.308232
0.119132
-0.266401
0.393701
-0.123839
-0.134985
-0.204165
-0.155295
-0.020057
0.232738
0.209733
-0.046736
-0.194840
0.130823
0.018555
-0.178234
0.082170
0.044611
0.112299
0.035487
-0.019624
-0.016740
0.095492
-0.210749
-0.331411
0.112800
-0.120901
-0.276783
-0.072235
0.188911
-0.434254
0.182059
0.129358
0.189855
-0.021449
0.284278
-0.145338
0.254575
0.056327
-0.030051
-0.081337
0.129356
0.091021
-0.163118
-0.018780
0.266680
0.017865
0.038849
0.297643
0.024230
0.060698
0.286329
-0.045099
-0.105233
0.067415
0.098592
-0.026996
0.045330
0.026908
-0.031406
0.116078
-0.121307
-0.111961
0.230391
-0.024120
-0.037335
0.050996
-0.011835
-0.035786
0.186692
0.122674
0.185731
-0.027897
-0.149759
-0.160668
-0.094555
-0.404598
0.191319
-0.474813
-0.197888
-0.103770
0.120588
-0.211564
-0.186808
-0.147972
0.045694
0.079291
0.060400
-0.337526
0.047832
0.109166
0.082835
0.005730
-0.035953
0.231431
-0.382893
0.174304
0.233797
-0.077914
0.079786
0.075573
-0.114821
-0.066610
0.194209
0.054636
0.224591
-0.184743
-0.352461
0.068928
0.490916
-0.125394
-0.115494
0.118387
0.029140
0.091044
-0.279308
0.453588
-0.009689
-0.243574
-0.235594
-0.121176
-0.307592
-0.286981
-0.034764
-0.229403
0.129148
-0.131460
-0.101656
0.185653
-0.012236
0.143127
-0.229324
0.262301
0.131886
-0.020963
0.030748
0.300884
-0.015191
-0.059327
-0.202428
-0.452156
0.019567
-0.098167
0.049913
-0.185655
-0.018109
-0.091004
-0.133320
-0.252335
-0.190762
-0.120954
-0.383798
0.157621
-0.077569
0.065453
0.041696
0.025726
-0.020987
-0.195754
0.304842
0.175906
-0.021217
0.071206
-0.008083
-0.053187
-0.214368
-0.114883
0.045240
0.085299
0.092497
-0.022506
0.106562
-0.141666
0.248597
-0.031235
0.133764
0.323263
-0.192841
-0.065304
0.007069
0.041045
-0.032883
0.093928
0.030669
-0.219242
-0.122510
-0.005971
0.199931
-0.183870
0.251200
-0.106324
0.226529
0.182274
-0.072614
-0.104544
-0.031625
-0.123666
-0.175240
-0.142015
0.033693
0.094323
0.359558
-0.077075
0.044355
0.158217
0.152911
-0.037717
-0.141852
-0.146587
-0.056470
0.134835
-0.061097
0.125264
-0.227773
0.189721
-0.276087
0.003529
-0.035359
-0.022270
0.249356
-0.001504
0.160323
-0.121129
-0.002189
0.227739
-0.257700
-0.139373
-0.146389
-0.109324
0.032578
-0.360012
-0.196899
0.086187
0.271624
-0.040324
-0.093351
0.137178
0.105501
-0.090734
0.380811
0.204449
0.196903
-0.043500
0.010702
0.274712
-0.281208
-0.105180
0.207622
-0.075210
0.154876
-0.227093
-0.260466
-0.078330
-0.008351
0.006633
0.043632
0.183046
-0.076834
0.462457
0.020124
-0.000343
0.331881
0.178019
0.019813
-0.182597
-0.182911
0.015757
0.199694
0.018394
0.077841
0.126245
-0.199354
0.447171
0.279689
-0.093734
0.079889
0.270587
-0.187881
0.116917
-0.173963
0.017245
-0.219076
0.003656
-0.046599
-0.041690
-0.295360
-0.380271
-0.177607
0.054041
-0.034487
0.082901
-0.029403
-0.367739
0.091409
0.117075
0.031842
-0.114751
0.225699
0.075532
-0.077100
0.196224
0.364283
-0.251269
0.186875
-0.123712
0.173284
-0.043502
-0.522881
0.084833
-0.583897
0.081826
-0.133845
-0.095759
0.026532
-0.012666
-0.137342
0.037054
0.025797
0.448899
0.102759
-0.147336
0.020641
-0.254053
0.040029
-0.036737
-0.005137
0.489244
0.009156
0.027948
0.373540
0.317909
0.069726
0.081405
-0.074339
0.144041
-0.062776
-0.205482
0.126763
-0.082265
0.050732
-0.131381
0.025563
-0.337899
-0.116752
0.026963
0.219505
-0.095096
0.008419
0.104887
0.026714
-0.157032
0.274024
0.147377
-0.091731
0.090842
0.219421
0.200208
-0.169032
-0.197694
-0.117875
0.184673
-0.231095
0.181470
0.053203
-0.196536
-0.006473
0.159481
0.068524
0.050641
-0.111169
-0.125077
-0.046286
0.063096
-0.025644
0.169393
-0.144084
0.003823
-0.037005
0.080546
-0.164289
0.036385
-0.132582
-0.132077
0.223263
-0.069777
-0.133558
-0.056342
-0.114082
-0.164724
0.317415
0.160821
0.113937
-0.423109
0.127001
0.204006
-0.254553
0.056317
0.092159
-0.062682
-0.229333
0.233161
-0.191840
-0.146513
0.116089
0.018559
0.060083
-0.153929
-0.104655
0.094422
0.521628
-0.105481
-0.124287
0.139378
0.187408
0.329310
-0.231688
-0.129579
0.070386
0.137970
0.056815
0.072536
-0.195958
-0.230769
0.034958
-0.144507
-0.226275
-0.283583
0.192301
0.125202
0.074796
-0.030628
-0.049395
-0.352069
0.085411
0.017711
0.098909
-0.115179
0.076860
0.117951
-0.102951
0.172321
0.077001
0.081965
0.006966
-0.102043
0.189524
0.148337
-0.121253
0.309017
-0.096723
0.213183
-0.078207
0.097317
0.026769
-0.124230
-0.198053
-0.089690
0.125011
-0.043251
-0.169395
0.027130
0.069835
-0.099187
0.177636
0.104542
0.095374
0.285829
-0.145409
0.143109
-0.156956
-0.159044
0.192182
0.148086
-0.028227
0.219423
-0.147441
-0.110760
-0.056279
-0.078316
0.043388
0.082010
0.434008
0.162498
-0.325859
-0.056277
-0.070485
0.017167
0.261234
0.114825
-0.071839
-0.131469
0.098923
0.075651
-0.208588
-0.049787
0.087179
-0.039909
-0.230081
0.060846
0.321804
-0.103868
-0.001403
-0.058355
-0.238255
-0.150613
-0.008787
0.000301
0.138815
-0.022706
-0.188303
0.085831
-0.146695
0.230433
-0.266235
-0.283383
0.040893
-0.130995
-0.236980
-0.263331
0.205938
0.261900
-0.166973
-0.156798
0.180033
-0.003163
-0.101007
-0.155151
0.099011
-0.148167
0.014046
-0.172226
-0.178528
0.128700
-0.174141
0.110043
0.111571
-0.423982
0.131480
0.158418
0.229392
0.009401
-0.068007
-0.071344
-0.067354
0.248484
0.301562
-0.099071
0.118252
-0.398729
0.151363
-0.037073
-0.022934
0.243275
-0.009802
-0.198062
-0.076748
0.146158
0.082017
0.166402
0.130061
-0.139112
-0.215370
0.020921
-0.012022
0.031651
-0.309743
-0.055988
-0.077607
-0.148494
0.004435
-0.247745
0.203766
-0.054781
0.104069
0.053545
0.305262
-0.172958
-0.079033
0.238781
-0.094372
-0.024835
0.418397
0.169156
-0.020570
-0.017848
-0.175889
0.016281
0.004927
0.134146
-0.157073
-0.336870
0.161124
0.113364
0.046419
0.294165
0.072701
-0.331783
-0.198939
0.043623
-0.096779
-0.017278
0.232004
-0.011046
-0.277633
0.042209
0.162116
-0.023604
-0.137402
-0.075284
-0.123118
-0.064083
-0.068668
-0.239856
-0.080784
0.309253
-0.040151
-0.016098
0.053092
0.132733
0.179520
0.137897
-0.040911
-0.089037
-0.269866
-0.041028
-0.297924
-0.197485
-0.258819
-0.041011
-0.280954
0.238566
-0.039157
-0.100154
0.055148
0.009592
0.152559
0.036826
0.185774
0.030569
-0.176659
0.094978
-0.168445
-0.120683
0.359770
0.015582
0.230884
0.060853
0.101045
0.211848
0.235661
0.081965
0.042317
0.070337
-0.115980
-0.258616
-0.330607
-0.173100
0.091419
-0.321250
-0.084720
-0.018413
0.257212
-0.036214
-0.406435
0.375313
-0.227221
0.491588
0.355792
0.107288
0.037674
0.215668
0.045653
-0.120434
0.014717
-0.188173
0.007064
-0.324894
0.370350
-0.056006
-0.337066
0.197878
0.306968
-0.202505
-0.307696
0.188566
0.080984
-0.047989
-0.089027
0.070841
0.064126
0.168054
0.136508
0.006618
-0.021481
-0.229924
-0.240860
-0.025566
0.202156
-0.170955
-0.197210
-0.136093
-0.215524
-0.265597
-0.132054
0.020324
-0.232304
-0.163678
-0.188005
0.078583
-0.011239
0.123691
0.142199
0.144218
0.121355
0.125922
0.027060
0.012726
0.063569
-0.045388
0.082614
-0.009259
0.018227
0.121323
-0.111258
0.007228
0.103747
-0.236884
-0.052924
-0.036970
-0.104586
-0.271406
-0.171178
-0.430901
-0.111536
-0.209577
0.101182
0.103831
0.024189
0.303368
0.104630
-0.278179
0.120331
0.022387
0.161340
-0.064727
-0.036329
0.107640
0.146131
-0.100648
0.022975
0.046901
0.163625
0.073135
0.124336
0.081554
0.010135
-0.056027
-0.046407
0.020319
-0.015363
-0.165972
-0.121822
-0.088274
-0.155971
-0.131922
0.043747
-0.316466
-0.082229
0.071271
-0.131297
-0.093290
-0.078999
0.012840
-0.157392
-0.195240
0.039716
0.149360
-0.048540
0.008964
-0.298479
-0.161552
-0.046029
-0.282245
-0.346991
0.032284
-0.056532
0.239013
0.043048
0.020495
0.059640
-0.154797
-0.010229
0.163437
0.169725
-0.094116
0.018488
0.138778
0.022527
-0.090888
0.056494
-0.086209
0.084661
-0.130134
-0.131627
-0.323590
0.048445
0.220783
-0.082739
0.274907
-0.066074
-0.045302
-0.223496
0.059140
0.069927
0.049601
0.032965
0.326187
-0.298708
-0.038609
0.216061
-0.135913
0.005770
0.140334
-0.137440
0.218918
-0.273358
0.229516
-0.035082
-0.445063
0.052487
0.098252
0.240817
-0.117679
0.063110
-0.310087
0.082379
-0.351156
-0.100541
-0.007893
0.199148
0.084960
0.123333
-0.161181
-0.057321
-0.177059
-0.058024
0.404958
-0.297995
0.069695
0.192550
0.170069
-0.024876
-0.161376
-0.010026
0.177344
-0.046290
0.000246
-0.222188
-0.048810
0.392331
0.177395
-0.010025
0.045109
-0.262493
0.089574
-0.090642
-0.239572
0.048041
-0.082982
0.100520
-0.010330
0.028205
0.201678
-0.033147
0.005397
-0.114413
-0.234933
-0.037493
0.220472
0.090110
0.173760
0.026041
-0.065417
0.025894
-0.025703
-0.255319
-0.453732
-0.071933
0.328711
0.231993
0.207570
-0.056771
-0.192486
0.137561
-0.220619
0.116329
0.149053
0.155356
-0.114618
-0.022623
-0.031849
0.146578
-0.051907
0.291398
0.016358
0.060650
0.024617
-0.099719
-0.042465
0.274483
0.113179
0.346306
0.079331
-0.228627
-0.106545
-0.123962
0.330617
-0.064284
-0.259902
0.156012
-0.164391
0.077077
-0.001424
0.116259
-0.081991
0.033315
0.168465
-0.208231
-0.025893
0.214678
-0.347738
0.004526
-0.165356
0.069629
0.039213
0.315713
0.066697
0.163168
0.273585
0.013467
0.095020
0.041035
-0.213092
-0.454319
-0.147053
0.143381
-0.141128
0.021237
-0.016272
-0.132962
-0.078236
0.059099
0.079271
-0.095970
0.038685
0.147492
0.104178
0.053585
-0.355124
0.174851
-0.094419
-0.058142
0.046891
-0.111018
0.152723
0.018161
-0.249784
0.043539
-0.058523
-0.007725
0.043158
-0.035483
-0.272856
-0.081723
-0.230735
-0.128477
-0.237973
-0.131333
0.252636
0.151899
0.097490
-0.058652
-0.141158
-0.097583
0.040548
-0.234118
0.120453
-0.144309
-0.040821
0.002419
-0.168961
-0.189824
0.042384
-0.030877
0.249040
-0.224535
-0.099773
0.068495
-0.312836
0.073572
0.118086
0.002364
0.140311
0.299748
-0.119871
-0.148682
0.001169
0.073272
0.115973
-0.092772
0.214813
0.211918
0.036321
-0.780866
0.101611
0.003251
0.404790
0.107585
0.099135
0.145325
0.109446
0.177116
0.302360
-0.007391
0.059170
0.026225
0.000748
0.035288
-0.008833
-0.094487
-0.055831
0.259874
0.244313
0.217758
-0.015507
0.023775
-0.303802
0.047188
-0.031993
-0.089492
-0.106240
0.084871
-0.341401
0.158453
-0.042694
-0.020092
0.461781
0.166560
0.070091
-0.104812
-0.299982
0.064570
0.119107
-0.083689
-0.024803
0.167679
0.088992
-0.090057
0.059394
0.017737
-0.334153
-0.122769
0.020199
0.005220
-0.258130
-0.129871
0.086769
0.270180
0.144737
-0.029188
0.034829
0.025984
0.121979
-0.035358
-0.183535
-0.219717
0.252772
0.126801
0.089018
-0.324608
-0.186801
-0.134896
-0.031292
0.086046
-0.139747
-0.255752
-0.083615
0.437009
0.001707
0.340118
-0.015605
-0.245675
0.262075
-0.136774
-0.070966
0.114436
0.125553
0.147147
0.184291
0.092088
-0.188036
-0.233857
-0.218841
0.037049
-0.118874
-0.186091
-0.008297
-0.188588
-0.113051
0.100480
0.097789
0.113800
0.000494
-0.060211
0.141531
-0.247893
-0.134444
0.124142
0.062940
-0.105894
-0.043008
0.131636
0.232055
-0.022292
0.182492
-0.012919
-0.006700
-0.063740
0.305955
0.225103
0.098996
0.066779
-0.038906
-0.008968
0.102400
0.135104
-0.417297
-0.043690
-0.169672
-0.277226
0.080912
-0.046068
-0.107441
-0.182765
-0.147727
0.052653
-0.149747
0.019944
0.141171
0.081477
0.028598
-0.204553
0.222923
0.088720
-0.107301
0.065399
-0.212443
-0.038042
0.204780
-0.064873
0.005657
-0.156155
0.003733
-0.062187
0.065397
0.087246
-0.001538
0.151522
-0.213714
-0.029882
0.039814
0.049952
0.041293
-0.113646
-0.001349
0.121261
0.131733
-0.145661
-0.120313
-0.203456
-0.418570
0.396726
0.183595
0.047708
-0.068947
0.102699
0.186097
-0.151340
0.161004
0.192711
-0.152621
0.046934
0.297751
-0.226260
0.196163
0.297557
0.193881
-0.196882
0.175665
0.103336
0.165583
0.161825
0.261170
-0.004919
-0.121216
-0.141618
0.050941
0.063646
-0.006981
-0.057973
-0.069937
0.335601
-0.142121
0.006440
-0.264928
0.223454
0.160436
0.208295
-0.136655
0.134394
-0.150634
0.205030
-0.166815
-0.012251
-0.153275
0.092918
-0.065990
0.101338
-0.007665
0.059828
-0.038635
-0.163819
0.168882
0.268153
0.160285
0.090391
0.257598
0.158098
0.097677
0.107184
-0.070386
-0.191605
0.044671
0.095513
-0.219671
-0.130568
-0.035412
0.285233
-0.249606
-0.181941
0.226577
-0.056736
0.341843
-0.108778
-0.006729
0.144808
-0.068782
0.255029
0.024074
0.142435
-0.346837
-0.214622
0.071715
0.047276
0.060613
-0.007407
-0.132079
-0.051367
0.109104
-0.361977
0.172391
-0.039681
0.142515
0.082032
-0.037578
0.347421
-0.204139
-0.091850
-0.029000
-0.017947
-0.063213
0.203827
-0.355573
0.120372
-0.002150
-0.031055
-0.175788
-0.090435
-0.118530
0.022137
0.055440
0.022470
0.299349
0.057533
0.119297
0.095484
-0.101754
-0.132194
0.194545
-0.084416
0.095095
-0.648974
-0.541888
0.212754
0.202800
0.170995
-0.085561
0.011316
0.154946
-0.307433
0.103439
0.040338
-0.008540
-0.161884
-0.011136
0.111281
-0.220199
-0.019195
0.066266
-0.117262
0.101038
-0.181326
-0.089695
-0.227965
-0.170360
0.205406
0.124327
-0.182458
-0.345352
-0.293263
-0.140328
-0.051226
0.387048
0.001854
-0.152338
0.129039
-0.072595
0.069003
0.121613
0.084026
0.083267
-0.069184
0.276473
-0.038242
-0.123902
0.030750
0.008485
0.094563
-0.254202
0.380314
0.233574
0.086325
-0.149344
-0.094199
0.183889
0.163795
0.314264
-0.120833
0.029898
0.047674
0.295940
0.051862
-0.049679
0.027950
0.033706
0.030367
-0.291421
0.030351
0.527020
-0.068037
0.066846
-0.006191
-0.086816
-0.033445
0.030941
0.236603
0.130877
-0.314087
0.100322
-0.062502
0.159577
-0.012167
0.244865
-0.020065
-0.045171
0.082747
0.089336
0.330665
-0.098051
-0.058486
-0.148337
0.123250
0.035195
-0.111596
0.035113
-0.018488
-0.204711
-0.301503
0.162176
0.047008
0.366035
0.248452
0.252323
-0.092193
0.051022
0.113455
0.120001
0.058455
0.158009
0.154966
-0.105818
0.169372
0.036155
-0.032108
0.111059
-0.085007
0.105457
-0.397108
-0.071809
0.165309
0.031491
0.112416
-0.121759
-0.175176
0.164654
0.122340
0.089414
-0.026582
-0.150916
-0.277570
-0.026368
-0.165343
0.086471
0.011197
-0.120460
0.271335
0.132949
0.029531
0.103685
0.303430
-0.072887
0.103434
0.148170
0.220454
0.215689
0.112809
0.103150
0.099865
0.059288
-0.233548
0.023177
-0.222183
-0.041836
0.269301
-0.023528
0.095238
0.082873
0.404895
-0.269506
0.227886
0.029666
-0.115757
0.152470
0.314347
-0.363397
-0.066796
0.168058
0.062107
-0.071346
-0.064580
0.092411
0.048806
-0.029971
0.342197
0.330474
-0.298400
-0.041758
0.092781
0.147119
-0.000608
-0.348117
-0.028009
-0.208498
-0.047604
-0.171399
-0.094732
-0.076208
0.210885
0.077694
0.236131
0.091941
-0.158348
-0.003026
-0.328831
0.021823
0.210417
0.125702
0.372753
0.060356
0.365645
-0.002020
-0.018321
-0.039490
0.068229
0.402364
-0.020404
-0.076783
0.171204
0.078944
0.103945
-0.005957
-0.042952
0.056512
-0.268075
0.042948
-0.062196
-0.113856
0.088121
-0.135441
-0.161099
0.172626
0.003267
0.133611
0.013292
0.282380
-0.155798
0.439070
-0.170312
-0.056833
0.131895
0.176875
-0.187139
0.157057
0.263698
-0.144957
0.437427
0.188136
-0.052166
-0.183178
0.466695
0.063975
0.084624
-0.184760
-0.288886
0.134780
-0.209186
0.294331
0.022256
-0.046739
0.176608
-0.052172
-0.193807
-0.142877
-0.273003
-0.017739
0.066077
-0.166165
-0.185361
0.061086
0.188121
-0.059252
0.071231
-0.207623
-0.123823
-0.176304
0.017998
0.200379
0.228437
0.190712
0.155665
0.095649
-0.017057
-0.117795
-0.056031
-0.038038
-0.074129
-0.062729
-0.065438
-0.024498
-0.001463
0.049945
0.011345
-0.201310
-0.000027
-0.306062
0.130592
0.352957
0.108216
-0.127825
-0.402794
-0.091492
-0.065151
0.006358
-0.133162
-0.026997
0.231736
0.268159
0.056847
0.185786
-0.088377
0.195218
-0.022323
-0.108379
-0.068260
-0.057367
-0.210625
-0.266760
-0.085612
0.085765
-0.113087
0.256753
-0.648595
0.188882
0.041039
-0.215010
-0.154517
0.157672
-0.065349
0.060009
-0.188798
0.060912
-0.405321
0.092467
-0.088776
-0.083594
-0.011701
-0.310843
0.119914
0.157093
-0.039157
0.162281
0.218745
0.079367
-0.415928
-0.192197
0.134802
-0.123246
0.323587
0.314188
0.194977
0.143005
-0.064786
0.058442
0.142506
-0.185872
-0.104899
0.062113
0.090086
-0.141581
0.035580
0.053201
-0.113634
-0.040017
-0.002433
0.137855
0.096330
-0.178045
-0.186096
0.230692
-0.195425
-0.137866
-0.036154
-0.287864
0.095234
-0.200128
0.043366
-0.181343
-0.261583
-0.112704
-0.020092
-0.071075
0.096565
0.124679
-0.040725
0.051216
0.250925
-0.174067
0.078017
-0.077172
-0.020493
0.599330
0.058155
0.091697
0.069022
-0.067996
0.235302
0.236394
0.183265
0.050577
0.142494
-0.357957
0.118049
0.204833
-0.023747
-0.135357
-0.223500
0.062512
0.037290
-0.013251
-0.136220
-0.073099
-0.224454
0.097242
0.077660
0.175148
0.030066
-0.069193
0.245033
0.129136
0.280560
0.473907
-0.068629
0.021636
0.080951
0.134561
-0.120162
-0.382566
0.119071
-0.016098
-0.026421
-0.030096
0.212758
0.066886
-0.256553
-0.127802
-0.081942
0.114442
-0.334214
0.246275
-0.237501
0.238121
-0.079155
-0.209452
0.142279
-0.293690
0.232107
0.212737
-0.075491
0.037205
0.091382
0.083517
0.210443
0.055227
-0.322421
-0.403953
-0.095158
-0.346176
-0.025263
0.315555
0.079106
-0.182567
0.007728
-0.355271
0.176526
-0.212673
-0.098737
0.074731
-0.210018
-0.147820
0.046074
0.268585
-0.230740
0.230496
0.120332
0.123388
-0.090400
0.045253
-0.213027
-0.191049
-0.155917
0.386293
0.042637
0.081308
-0.015396
-0.081372
0.306779
0.038530
-0.247078
-0.217320
0.222734
0.032704
-0.105154
0.071588
-0.167071
-0.012435
0.075376
0.084351
0.035666
-0.056786
0.101878
0.034775
-0.068353
-0.234817
0.039681
0.019476
0.145104
-0.041903
-0.260562
-0.155553
0.109033
-0.205663
0.150881
-0.080194
0.266083
-0.143606
0.020145
-0.057451
-0.070071
-0.430782
-0.191994
0.020134
0.186165
-0.108538
0.113562
0.043680
-0.261282
-0.030943
0.029923
0.058802
-0.131561
-0.295694
0.328705
0.025686
-0.140673
0.107420
0.199470
-0.147007
0.364302
0.046927
0.028262
0.354890
0.465489
0.109516
0.330722
0.114863
-0.309834
-0.192520
-0.006059
-0.010736
-0.215774
0.007803
-0.020416
-0.054205
0.028622
0.233870
0.027031
0.116385
-0.006387
0.094857
0.019208
-0.060284
0.179568
0.244281
-0.008852
-0.112935
-0.113840
0.105585
0.024086
-0.232777
-0.321230
-0.022381
-0.108676
-0.193539
0.395067
0.214549
0.022141
0.050532
-0.348839
0.021470
-0.028438
-0.031906
-0.122320
0.160787
-0.220906
-0.010107
-0.181816
-0.044353
0.038559
-0.199397
-0.185527
-0.183610
-0.218510
0.014623
-0.320866
0.277798
-0.089333
0.057484
-0.229050
0.257909
-0.150098
0.030502
0.026560
0.007561
-0.153671
0.099335
-0.027169
-0.003464
0.030554
0.068525
0.238755
-0.207073
0.002637
0.037536
-0.170457
-0.010595
0.189060
0.302170
0.132638
-0.087218
0.177414
0.168430
0.014832
-0.258916
-0.029559
0.022639
-0.148924
-0.125801
0.282724
0.067932
0.015663
-0.171400
-0.047553
-0.104353
0.155489
0.039609
-0.138683
0.157627
-0.170478
-0.142735
0.142962
-0.317870
-0.390420
-0.124273
-0.049800
-0.078270
-0.035539
0.032982
-0.276836
0.390729
0.127276
-0.136591
-0.114516
-0.284337
0.143638
-0.052769
0.069961
0.335007
0.218724
-0.091943
-0.040791
0.191673
-0.200024
0.084340
-0.156859
-0.203246
0.030328
0.160099
-0.267909
-0.136500
-0.212181
0.193819
-0.093073
-0.061921
0.011954
-0.068598
-0.274332
-0.024301
-0.055242
-0.074761
-0.075480
0.050884
-0.060896
-0.178857
-0.023522
0.163120
0.028975
0.001640
0.109500
-0.052267
0.295659
0.119550
0.126613
-0.185841
0.060559
-0.069997
-0.002963
-0.146484
-0.259864
-0.134109
0.002240
0.038945
0.049197
-0.162776
-0.134919
-0.318579
-0.400508
-0.097259
0.071817
0.117237
0.083640
-0.208517
0.053540
0.110469
0.025143
-0.091506
0.346554
0.247042
0.284906
-0.035854
-0.098982
-0.201017
-0.010298
0.183363
0.165701
0.319810
0.203972
0.095571
0.001540
0.278644
0.046988
-0.228520
-0.159808
0.038783
0.199157
0.044817
0.105482
0.006900
-0.088096
-0.190405
0.016952
-0.185548
0.004504
0.292062
-0.097145
-0.200562
-0.066805
0.020583
-0.056406
0.198006
0.038767
-0.073106
0.034577
-0.097552
-0.101159
0.110190
0.079097
0.158429
0.119394
0.065536
0.017153
-0.059023
-0.142365
0.049535
0.101099
0.199264
0.324113
0.011865
0.082564
0.036138
0.069109
-0.258848
0.062351
-0.114998
0.135452
-0.084789
-0.042459
0.109694
-0.026600
0.087029
0.264248
0.041772
-0.178638
0.116804
0.002253
0.260104
0.055620
0.193452
0.224069
-0.196818
-0.472417
-0.169485
-0.010983
-0.018714
0.071558
-0.322480
-0.195905
-0.032747
0.149839
0.460880
0.145797
-0.115292
-0.049567
-0.181129
-0.278483
-0.267886
-0.032670
-0.076162
0.079559
0.125008
-0.006322
-0.072430
0.065044
-0.296121
0.089957
-0.042820
-0.370560
0.151564
-0.220263
-0.186806
0.006495
-0.125627
-0.016794
-0.054605
-0.094396
-0.022768
-0.044240
-0.145031
-0.053396
0.089191
-0.046965
-0.037950
-0.191635
0.036725
0.146037
-0.188440
-0.248808
-0.103361
-0.350165
0.067187
-0.037448
0.021597
-0.022152
-0.177667
-0.122526
0.001169
-0.035343
0.071121
0.030231
0.046441
-0.278482
0.036906
-0.154371
-0.276883
-0.241746
0.049127
-0.043135
0.362920
0.122712
-0.146975
0.121516
-0.109518
0.048976
-0.312256
0.156268
-0.040540
-0.044655
-0.046306
-0.114141
0.071854
0.232168
-0.146230
0.016404
-0.075584
-0.078568
-0.111520
0.228543
-0.529931
0.083732
-0.159399
0.136687
-0.104689
-0.162946
-0.048178
-0.091993
0.187916
0.158134
-0.148520
-0.117982
0.210653
0.185761
0.207793
0.085566
0.248632
0.179269
0.195084
-0.142161
-0.023010
0.063736
-0.182206
0.062836
0.074358
0.083105
-0.123211
-0.117435
-0.171116
0.002994
-0.272152
0.046402
0.055393
0.192283
0.055633
0.212983
0.058394
0.052257
0.110200
0.014315
0.092623
0.096483
0.352580
-0.019003
0.091096
0.179899
-0.072316
-0.138936
0.132925
0.283663
-0.000123
-0.130919
0.116068
0.184873
-0.051362
0.198023
-0.114160
-0.207800
0.109513
0.148377
0.093548
-0.071706
0.221704
0.142339
0.154896
0.201452
-0.191180
-0.466741
0.006916
-0.364915
-0.084623
0.000027
-0.065727
0.280171
-0.002716
0.015264
-0.140160
0.092372
-0.100608
-0.180018
0.500283
-0.160791
-0.275335
0.011934
0.010131
0.204077
0.249718
0.045291
-0.077345
-0.194544
0.014388
0.063500
0.175010
-0.142806
-0.006234
0.305333
-0.128388
0.158164
-0.113011
-0.115096
0.233789
0.204010
0.128361
0.018785
-0.091656
0.002315
-0.086084
0.171345
0.141907
0.087167
0.101674
-0.193306
0.356777
-0.189192
-0.044046
-0.011983
0.309849
-0.439447
-0.176783
-0.057092
-0.045976
0.071830
-0.001379
-0.081044
0.107770
-0.257084
0.257763
0.127350
0.085741
-0.271867
-0.145744
0.037134
-0.253473
0.162989
0.044816
0.119967
0.198726
0.088359
-0.096201
-0.054864
0.316024
-0.106905
-0.129927
0.395070
-0.139033
-0.059159
-0.102845
-0.157848
0.013880
0.086680
0.265922
0.135931
0.332727
-0.132149
-0.199455
0.089838
0.210661
-0.402390
0.291158
-0.159348
-0.066447
0.156113
-0.035118
0.071250
0.142993
0.017494
0.132588
0.035390
-0.217445
-0.043854
0.025325
0.134509
-0.368862
-0.090203
-0.006088
-0.221245
-0.164405
-0.290519
0.226781
-0.279833
0.114965
0.048758
0.089706
-0.199358
0.064112
0.286571
-0.019400
0.033132
0.256855
0.104989
0.197398
-0.047236
0.095074
-0.134226
-0.143401
0.020564
-0.014822
0.099331
-0.253203
0.222941
-0.163174
-0.052992
0.019200
-0.115815
-0.272377
0.175772
-0.087802
0.080195
0.002573
-0.026064
-0.359009
0.139165
0.329730
-0.019084
0.027108
0.200906
-0.157191
0.151055
0.085803
-0.159965
0.114599
-0.005075
0.000995
-0.015758
-0.126186
0.020854
-0.061748
-0.324697
-0.257895
-0.033818
-0.168454
-0.097017
0.108271
-0.040214
0.063035
-0.055037
0.177416
0.077996
-0.070495
0.051611
0.039818
-0.163414
0.228551
0.179446
0.346164
-0.274274
0.067640
-0.029730
0.011996
-0.029600
-0.002741
-0.038695
-0.261599
0.102354
0.214985
-0.302417
0.270408
-0.011386
-0.051818
0.341989
0.203096
0.063728
0.075786
-0.126605
0.396519
-0.115994
0.042875
-0.232337
-0.094384
-0.167749
-0.285168
0.048126
-0.221411
0.251679
0.213631
-0.202428
-0.121181
-0.204395
-0.206350
0.339259
0.129199
0.253748
0.080335
-0.298414
-0.314720
-0.040988
0.456786
-0.038062
0.028893
-0.131045
0.091300
0.095535
0.162763
0.071993
0.024042
0.067878
0.148011
0.009739
-0.141791
0.104861
0.239328
0.200951
-0.032814
-0.141769
-0.034557
0.389202
0.006713
-0.152078
-0.163809
0.093552
0.193756
0.152605
0.117130
0.056744
-0.201097
0.083966
0.015398
0.129846
-0.051094
0.033185
-0.008956
-0.235497
0.037957
0.270324
0.144595
-0.021744
0.124887
0.072720
-0.216020
0.182246
-0.243172
-0.104278
0.306731
-0.216383
-0.001030
-0.334266
-0.128860
-0.173575
-0.150331
-0.252786
-0.086169
0.041493
-0.243387
-0.029995
0.066330
-0.052431
0.311446
0.081180
-0.186453
-0.151216
-0.101165
-0.034399
0.120953
0.128826
0.243433
-0.453069
0.116391
-0.257570
0.195086
0.387933
-0.227580
-0.161295
0.017718
-0.246135
0.010740
-0.078742
0.329396
-0.146172
0.169769
-0.023461
0.004849
-0.091144
-0.056960
-0.274785
0.042965
0.028124
-0.104455
0.108167
-0.169194
0.197333
0.463071
-0.568984
0.090645
-0.011416
0.008196
-0.205032
-0.003308
-0.003412
0.119123
0.419837
-0.137493
0.094576
0.212948
-0.335735
0.007288
0.091152
-0.095528
0.042250
-0.049463
-0.097595
0.393817
0.062671
0.145651
0.018108
0.193659
0.052235
-0.074217
0.020539
0.004950
0.011906
0.137388
-0.034480
0.122334
-0.015713
0.217499
-0.102007
0.171921
0.251015
0.128119
0.236784
0.257396
-0.215523
-0.318960
-0.171381
-0.405697
0.030118
0.061163
-0.015499
-0.037114
0.063175
-0.041411
0.059577
-0.009589
0.018652
0.170179
0.064699
-0.196309
-0.138654
0.264888
0.056855
-0.097970
0.302216
-0.135218
0.203080
-0.007146
0.111861
0.024870
-0.001458
0.095883
0.088457
0.121180
0.032731
-0.034898
-0.021710
-0.079790
0.009051
-0.001465
-0.302114
0.049238
0.140856
0.132138
0.190054
0.186050
0.096337
0.084885
0.216256
0.094802
0.245488
-0.099683
-0.178792
-0.168490
-0.158535
-0.059923
-0.120925
-0.262242
-0.216186
-0.287776
-0.130310
0.301213
0.031223
-0.203061
0.150797
-0.042669
0.035411
0.064018
0.106735
-0.017656
0.069798
0.025568
0.373147
0.203080
-0.195331
-0.325958
0.068381
-0.041760
-0.310620
0.106201
-0.068198
0.332870
-0.228013
0.052264
0.109608
-0.051206
0.098183
0.064962
0.085197
0.426181
0.058665
0.441025
0.015667
-0.010042
-0.034640
0.163271
-0.080429
-0.012081
0.171498
0.082489
-0.181526
-0.207868
-0.096441
-0.292924
-0.343602
-0.225483
-0.007895
-0.048428
-0.242761
0.089249
-0.061941
-0.017513
0.111599
-0.066023
-0.067912
0.303195
0.094687
-0.079403
0.093362
-0.135227
-0.371100
0.011083
-0.184264
-0.046732
-0.081291
0.030083
-0.255164
-0.140995
0.376302
-0.098423
0.227821
-0.074535
0.177854
-0.209143
-0.055744
-0.016551
0.111251
-0.081612
-0.030744
-0.037147
-0.229098
0.116798
-0.245958
-0.354115
0.002417
0.122886
-0.193760
-0.023534
0.104962
0.085216
0.017592
0.087481
0.130059
0.027151
-0.133271
0.021803
-0.131792
0.232450
0.227954
0.156018
0.092416
-0.131397
-0.106305
0.032445
-0.134332
-0.105803
-0.016098
-0.485611
0.028708
0.104563
-0.124059
-0.106395
0.325287
-0.033867
-0.037942
-0.018101
0.157627
-0.270764
-0.178501
-0.333183
0.292812
0.046193
0.373782
0.206500
0.076482
-0.075655
0.254312
-0.040532
-0.048571
0.133505
-0.130973
0.252557
0.086334
0.035209
0.125981
-0.150468
-0.264545
-0.077449
0.026120
-0.141126
0.057262
-0.048543
0.218038
0.020438
-0.052733
-0.085621
0.285929
-0.229994
-0.118518
0.113372
-0.043449
0.060920
-0.129064
0.255468
0.246267
0.130126
0.189649
-0.249469
0.171391
-0.093501
0.105719
-0.131562
0.357319
0.054733
-0.215698
-0.296387
-0.013973
-0.014162
0.197922
0.046814
0.212311
0.219798
0.191925
-0.033312
0.066174
0.294342
0.144514
0.169798
-0.186887
-0.116780
0.142110
0.100127
-0.102281
0.086980
-0.085063
-0.083325
0.064545
0.183477
0.011100
-0.058161
-0.171516
-0.099768
0.121193
-0.125620
-0.191821
-0.015090
-0.045587
-0.199255
0.134838
0.131087
0.044694
-0.032896
-0.211364
0.047303
0.001127
-0.137776
-0.050469
0.195203
-0.216969
-0.193782
0.013429
0.113174
-0.008738
0.132058
-0.157483
0.134392
-0.013984
-0.070516
0.321855
-0.314515
0.037014
-0.196956
-0.028173
0.295959
-0.182386
0.197419
0.160197
0.247378
0.155362
-0.005906
-0.058003
0.099932
-0.118525
-0.011812
0.072484
-0.089390
0.280456
-0.239593
-0.272378
-0.036069
-0.228828
-0.106537
0.092362
-0.063099
-0.144700
0.019868
-0.210323
0.052524
0.178682
0.242187
-0.052478
-0.101699
0.203269
-0.190442
0.061039
-0.357129
-0.012631
0.279557
0.051829
0.218144
-0.232481
-0.101722
-0.130905
-0.145582
0.341033
-0.005373
0.385586
-0.163248
-0.032777
-0.174506
0.112009
0.121649
-0.091195
-0.080764
0.201261
-0.056033
0.204490
0.065093
-0.027737
-0.142527
-0.202601
-0.146072
-0.003782
-0.029504
-0.296740
0.019895
-0.165161
0.188966
0.098694
0.042731
0.014794
-0.047874
0.046253
0.047596
-0.305299
-0.107672
0.116562
0.279580
0.294913
0.024991
-0.099787
-0.010903
-0.226623
-0.188353
-0.193537
-0.209611
0.074447
-0.183004
-0.054736
0.293878
0.154775
-0.116764
0.258741
0.015429
-0.045736
-0.188457
0.137754
-0.003662
0.254016
-0.120652
-0.323156
-0.042122
-0.154943
0.091803
0.239772
-0.034556
0.178423
0.243248
0.263366
0.101881
0.019307
-0.092686
-0.101450
-0.137129
-0.130856
0.007670
-0.123248
0.074673
-0.149410
-0.082805
0.167881
0.025533
-0.159610
0.174216
0.048274
0.095064
0.127057
0.082169
0.024890
-0.125700
-0.089256
-0.133520
0.250050
0.141155
-0.231717
0.069284
0.210294
0.171595
0.053440
-0.026029
-0.118666
-0.363524
-0.248662
0.010679
0.253337
0.118915
0.094207
-0.171377
0.069483
0.057813
-0.132952
0.101095
0.127908
0.170678
0.007148
-0.278763
0.254186
0.029940
-0.105021
0.126658
0.082392
-0.122108
-0.391037
-0.222928
0.082628
0.191854
-0.233868
-0.094735
-0.297325
-0.104063
-0.092870
0.210493
-0.336672
-0.346258
-0.022089
0.192146
0.004709
0.108690
-0.177009
0.034521
0.194270
-0.209391
0.005567
-0.038796
-0.275763
0.012560
-0.056823
-0.204006
-0.052647
0.284091
0.188418
0.045645
0.204897
-0.070375
0.110534
0.107290
0.115942
0.112358
-0.122366
0.007561
0.165401
-0.269856
-0.186379
0.094613
-0.117510
0.125876
-0.075515
0.363781
0.125509
0.032659
0.071179
0.251951
0.154929
-0.153147
0.103173
-0.052426
0.177908
0.019566
-0.440512
-0.049739
0.140825
0.209311
0.314700
0.117085
0.314871
-0.162687
-0.006765
-0.137564
-0.211982
-0.098674
0.082890
-0.162067
0.035117
0.390726
0.090029
0.004042
-0.151661
-0.126072
0.027058
0.049495
0.095145
0.000995
0.008899
0.038635
0.146413
0.043995
-0.005553
0.200223
0.068548
0.338592
0.019004
-0.028413
0.201521
-0.071960
-0.139548
-0.237955
0.054097
0.113391
-0.206345
0.247847
0.129061
0.147071
-0.060782
-0.198633
-0.094970
0.148136
-0.103376
0.084236
0.229172
-0.168885
0.362848
0.180940
0.016399
0.042971
-0.162916
-0.105766
0.019023
0.160118
0.078636
-0.139417
-0.119366
0.210394
0.275131
-0.066059
-0.260232
0.310635
0.095542
-0.134899
0.134639
-0.249970
0.146780
-0.019856
-0.012513
0.338755
-0.097519
0.499781
-0.364498
-0.083862
0.093100
-0.268230
-0.219163
0.358280
0.186908
-0.060607
0.052453
-0.304385
-0.000621
0.063910
0.180359
0.041917
0.109275
-0.038858
-0.218372
-0.277080
-0.190920
-0.251941
0.060319
-0.051554
-0.176748
0.043600
0.251244
0.047446
0.025098
0.092090
0.165648
0.181348
-0.242186
0.008556
0.194410
-0.211497
0.169902
0.165816
-0.069187
0.077721
0.059325
-0.072518
0.132896
-0.208429
0.000547
-0.028614
-0.170742
0.194231
0.179294
-0.126438
0.131121
-0.213959
0.339491
0.300765
-0.047346
0.066286
0.213418
-0.237588
0.049756
-0.176447
-0.179719
-0.080500
-0.039504
-0.155791
-0.211375
0.178346
0.232136
0.109111
0.028576
-0.046009
-0.235221
-0.047668
0.136966
-0.119049
0.086642
-0.109291
0.045405
-0.011184
-0.108979
-0.143474
0.199577
0.075069
0.067123
-0.047536
0.192473
-0.152312
-0.019406
0.299902
-0.093047
-0.094120
-0.151428
0.000268
0.019401
0.050268
0.064394
0.071267
0.158095
0.004268
-0.285379
-0.073111
0.168642
0.283126
0.191341
0.155268
0.092704
0.018284
0.003755
0.111619
-0.239699
-0.103877
0.032198
0.191958
-0.088936
0.189530
-0.300818
0.129876
-0.166242
0.067288
-0.152632
-0.026875
-0.001193
0.085422
-0.175670
0.149580
0.044139
-0.143304
0.234816
0.110632
-0.173258
-0.115801
-0.327933
0.207742
0.040586
0.448762
-0.003201
0.164762
-0.203575
-0.137395
-0.146557
0.230201
0.010906
-0.116376
0.084161
-0.233560
0.097088
-0.052608
-0.044620
0.153408
0.002176
0.082288
-0.272443
0.022479
0.014450
-0.182995
-0.038144
-0.220632
0.084395
0.054872
-0.208570
-0.231247
-0.242343
0.118347
-0.142268
-0.029302
-0.016981
0.195709
-0.563388
0.235233
-0.082138
-0.197085
-0.077301
-0.061064
-0.062511
-0.132961
-0.206178
-0.068465
-0.087107
0.041861
0.230125
-0.028216
0.097165
0.192857
-0.177171
-0.010192
0.102185
0.104355
-0.207290
-0.089934
0.018335
-0.143923
-0.223982
-0.021962
0.090796
-0.232820
0.059147
-0.313493
0.223926
0.166408
0.078233
0.560810
0.139571
0.086862
0.101661
-0.260649
-0.105201
-0.303408
0.281266
-0.433510
0.033211
-0.196226
0.161743
-0.294277
-0.123575
-0.074974
-0.003428
0.214424
0.106878
0.027614
0.141473
-0.199850
-0.168982
-0.144096
-0.011952
-0.003036
-0.217678
0.244090
0.086391
0.084916
0.069420
0.003601
-0.077339
-0.186799
0.250878
-0.016428
0.009986
0.095579
0.208316
-0.064433
0.208928
0.123355
-0.069242
0.246142
-0.135258
-0.240190
0.238363
-0.066274
-0.141478
0.025323
-0.032696
-0.234775
0.075051
-0.033449
-0.255644
0.244545
-0.027692
0.156524
0.061753
0.152675
0.158683
0.087773
0.035917
-0.059888
-0.318947
-0.012996
-0.114664
0.024572
-0.038269
0.015220
0.225876
0.071699
-0.351008
0.138917
-0.214160
-0.135579
0.073756
-0.085243
0.064618
-0.180167
0.218612
-0.039741
0.279160
0.026201
0.255533
0.218048
0.110380
-0.034513
-0.067903
-0.075842
0.360249
0.148498
-0.185034
0.333590
-0.422433
0.013403
0.122337
-0.077938
-0.266567
0.017472
0.147537
0.047934
0.024611
0.062890
0.092391
0.113459
-0.051054
-0.111882
0.195560
-0.086971
0.288621
0.044999
-0.208932
-0.141426
-0.158837
0.070334
-0.109415
0.019170
0.143241
-0.201448
-0.122778
0.129630
0.020358
0.039044
-0.055769
-0.077129
-0.194847
-0.114430
0.250008
0.029906
0.042895
0.158231
0.130975
0.048966
-0.094508
0.340907
-0.085974
0.314970
-0.199320
-0.084934
-0.042746
0.171603
-0.147542
0.207665
-0.283601
0.130561
0.040428
0.037258
-0.113103
-0.302389
0.165529
0.159442
-0.007103
0.148863
0.247591
0.055947
0.092097
-0.040327
-0.270860
-0.271776
-0.090542
-0.000755
-0.020500
-0.021509
-0.215942
0.145450
0.143667
-0.113124
-0.024360
0.055633
0.013256
0.029141
-0.283540
0.103315
0.016430
-0.034779
0.029798
-0.033901
0.025683
-0.170654
-0.065268
0.013159
-0.049164
-0.078573
-0.120282
0.288536
-0.151778
-0.071902
-0.128244
0.116015
-0.147356
0.106497
0.030566
-0.266127
-0.095911
-0.138731
-0.255333
0.086438
-0.389211
-0.008650
0.030428
-0.096584
0.017691
0.146460
-0.070753
-0.117750
0.261807
0.149518
-0.193623
-0.043816
0.049966
-0.351727
0.306580
0.117701
-0.289406
-0.167424
-0.064379
-0.173924
0.038348
0.167738
-0.437835
-0.223072
-0.174863
-0.159586
-0.081909
-0.074777
0.059757
0.124602
-0.210371
-0.013324
0.177438
0.165480
-0.217475
0.225656
0.225558
0.003914
-0.061942
0.028542
-0.051676
-0.260585
0.059710
-0.074804
-0.055707
0.122655
-0.162914
-0.171946
0.031283
-0.096647
0.131070
0.228326
-0.075994
-0.113013
0.149408
-0.015832
-0.186887
0.091657
0.205678
-0.129056
-0.038561
-0.119602
0.045810
0.133933
0.175207
-0.035113
-0.044539
0.015019
0.031021
-0.096912
-0.173769
-0.226635
-0.068026
-0.150705
0.025483
-0.042590
-0.051611
-0.080332
-0.021322
0.169512
-0.010957
-0.183184
0.170271
0.035304
-0.175696
0.082430
-0.455941
0.155662
-0.028494
-0.136091
-0.171094
-0.164577
0.253997
0.066335
-0.187843
0.121153
0.088737
0.086900
0.045906
0.095882
-0.161692
-0.298775
-0.247282
-0.026212
0.128825
-0.162644
0.096477
0.040470
0.022101
0.050457
0.192735
-0.166714
-0.321995
0.107277
0.074451
0.098188
-0.189380
0.082241
-0.161658
-0.093639
-0.118747
-0.141284
-0.132415
0.137936
0.151922
-0.078496
0.044893
0.173976
-0.054583
-0.025928
0.032616
0.381024
-0.427641
-0.117248
0.125844
0.111160
0.223884
-0.275875
0.143823
-0.003036
0.131595
0.011405
-0.055377
-0.116996
-0.099282
0.048461
0.342568
0.169380
0.151494
-0.288798
0.118633
0.096115
-0.138015
-0.041656
0.085251
0.068053
0.074714
0.172103
-0.230049
0.054803
-0.026655
0.411923
-0.124150
0.007791
0.073686
-0.168807
0.222359
-0.211998
0.143546
0.133278
-0.231212
0.243477
0.231782
-0.061199
-0.196467
0.450532
0.052176
-0.019502
-0.309707
-0.115412
-0.215352
0.124652
0.115454
-0.006278
0.078559
0.002163
-0.057852
0.011904
0.240935
0.180293
0.006082
0.214029
-0.121763
0.008378
0.090435
-0.159692
-0.312885
-0.213244
0.060927
0.158759
-0.168468
0.233932
0.008646
-0.379620
-0.170039
0.148965
0.003657
-0.057366
-0.362002
0.183786
0.041207
0.245724
-0.041729
0.088871
-0.061708
0.252005
0.298034
0.119087
0.147722
0.004466
0.000329
-0.172665
0.238410
-0.152381
-0.085406
-0.062964
0.089860
-0.035777
-0.030411
-0.012471
-0.020895
-0.341256
0.274831
0.059316
0.217255
0.178678
-0.232705
0.535477
-0.019270
-0.189285
0.314543
0.217105
-0.046652
0.009362
-0.109807
0.100578
-0.072247
0.067897
-0.049784
0.017661
0.121608
0.112794
0.011011
-0.240544
-0.228965
0.147354
-0.072897
0.138749
0.258788
-0.079990
0.019292
0.232668
-0.243690
0.120972
-0.170675
-0.095689
-0.010338
0.230872
-0.313381
0.082830
0.075151
-0.014772
-0.019495
-0.184691
-0.249974
0.113384
0.007878
0.067890
-0.252936
0.122636
0.173592
0.092970
-0.139560
-0.167327
-0.209946
0.071118
0.093289
-0.014205
-0.083496
0.165224
0.126150
-0.000806
0.075137
-0.131670
-0.071734
0.168355
0.420591
0.121609
0.198890
-0.079340
0.172617
0.481774
0.081010
-0.148665
-0.228169
-0.275276
-0.210014
0.045841
-0.212173
0.029127
0.328587
0.162722
-0.250234
-0.001641
-0.015662
-0.249999
-0.236725
-0.016067
-0.181939
-0.040657
0.012029
0.263299
0.041741
0.169311
-0.214508
-0.038966
0.002081
-0.097556
0.006689
-0.142976
0.056130
0.068359
-0.047620
-0.270130
-0.118419
-0.102872
-0.016934
-0.025224
0.190709
0.237698
0.059411
0.033479
-0.060872
-0.131686
-0.196420
-0.200723
0.159226
-0.113999
-0.410449
0.075587
0.209920
-0.217729
-0.072263
0.228245
0.167167
0.101897
0.113059
0.060978
0.220602
0.332563
-0.005148
-0.113793
-0.043166
-0.114045
0.080868
0.361066
-0.461834
-0.072869
-0.087030
0.198058
-0.124078
-0.364040
0.129802
0.241351
0.015253
-0.105157
-0.335304
-0.009412
-0.163468
-0.175267
0.270288
-0.051118
0.229653
0.197736
0.034406
0.179796
-0.120506
0.085624
0.072246
0.304594
0.287770
-0.141791
0.477401
-0.185171
0.067137
-0.157835
-0.126844
0.312228
-0.251626
0.252030
0.008141
0.096446
0.166866
-0.055714
0.189210
-0.057450
-0.107344
0.037596
-0.090864
-0.238146
0.174979
-0.150089
0.315397
-0.031757
0.118600
0.230693
-0.072588
0.507609
-0.023762
0.049399
0.035609
0.079523
0.201253
-0.118976
-0.136949
0.129769
0.297599
-0.536664
0.029116
-0.032709
0.125893
-0.326098
0.319961
-0.077466
0.008644
-0.179450
-0.405383
0.102243
-0.156925
-0.025877
0.060471
0.008823
-0.052825
0.120125
0.217524
-0.181862
0.013008
0.285491
-0.304095
-0.025823
0.074754
-0.018550
0.157961
0.231760
0.072625
0.239524
0.056213
0.093883
0.080087
-0.040703
-0.017472
-0.199728
-0.256173
0.324701
-0.043612
-0.258859
-0.103460
0.147692
-0.057996
-0.139709
-0.045299
-0.063739
0.261521
0.441580
0.016484
0.230977
-0.534526
0.074040
-0.201688
-0.068190
-0.090585
-0.171574
0.050973
0.085104
-0.106760
-0.290222
0.079893
0.022255
-0.231224
0.262726
-0.055895
0.001565
0.024365
0.030959
0.161884
0.208476
0.171954
0.144140
-0.040521
-0.234354
0.008939
0.346635
-0.262762
0.021244
-0.000536
0.224275
0.028111
0.124070
0.064173
0.298806
0.209050
-0.089435
0.056985
-0.073580
-0.270182
0.251115
0.192425
0.174053
0.174334
0.119826
-0.066541
0.004909
-0.199787
0.022630
0.185340
-0.027787
-0.036259
0.141352
0.044641
0.404092
0.121587
-0.013679
0.145304
-0.328640
-0.129086
-0.042695
0.095139
0.095889
0.069969
0.237950
0.034772
0.027101
-0.117584
0.029739
-0.075839
-0.108640
0.089957
0.024166
-0.004558
-0.046363
-0.172111
0.043161
0.245304
-0.022541
0.007253
-0.044891
-0.189808
-0.122900
-0.414610
0.085661
-0.073440
0.307462
0.049916
-0.007436
-0.190930
-0.249681
0.113827
-0.099040
0.094091
0.277526
-0.170239
-0.062820
0.067064
0.293499
-0.170646
0.052822
0.132617
0.139467
-0.020401
0.011190
-0.071883
-0.079095
0.031154
0.324718
0.171277
0.066808
0.143486
-0.093644
-0.059205
-0.068135
0.010108
0.096602
0.010671
-0.365640
0.067108
0.151798
-0.115182
-0.069139
-0.046464
0.247242
-0.051102
-0.335017
0.268910
-0.120380
-0.020785
-0.107243
-0.024459
-0.109389
-0.198402
-0.101383
-0.066616
0.344658
-0.077100
-0.224828
0.061784
0.204622
0.075708
0.029315
0.170325
-0.258673
0.131028
0.187163
-0.192888
-0.126911
-0.039081
-0.166220
0.086596
0.039806
-0.077658
0.053844
-0.162954
-0.334918
0.002209
-0.040144
-0.113690
-0.189158
0.051315
0.002532
-0.150055
-0.319317
-0.118871
0.039336
0.170884
-0.154853
-0.002686
0.243774
0.301897
-0.028347
0.142071
-0.033039
-0.204027
-0.204971
0.098564
0.021687
0.043421
-0.237665
-0.138707
-0.117961
-0.051999
0.175090
-0.257544
-0.071536
-0.231718
-0.083012
0.245256
-0.002982
-0.116002
0.075146
-0.165868
0.162456
0.229729
0.221528
-0.030100
-0.000509
0.100198
0.434270
-0.073140
-0.073616
-0.159414
0.164356
-0.158297
0.113663
0.059234
0.070444
0.412032
-0.083355
0.072937
-0.073975
-0.093889
-0.181794
0.382069
-0.203828
-0.283616
-0.101604
-0.103430
0.093238
0.192752
-0.129727
-0.054583
-0.116057
0.034750
-0.349629
0.068669
-0.258319
-0.071078
-0.108028
-0.057794
-0.114877
0.101527
-0.087822
0.140782
0.013168
-0.173856
0.206131
-0.018256
0.094421
-0.167479
0.008757
-0.268850
-0.018339
0.074943
0.107494
0.055313
0.045514
0.010343
0.145818
-0.046739
0.009061
0.042701
0.137310
0.169832
-0.094320
0.471342
0.042566
0.059260
-0.091879
-0.255891
-0.053602
0.412012
0.214091
-0.406459
-0.047424
-0.157430
0.355092
-0.181577
0.152205
0.086799
-0.017854
0.215401
0.153971
-0.230280
-0.112296
-0.075807
0.235993
-0.013707
-0.008404
0.068469
-0.168054
0.141004
-0.204073
0.046899
-0.223488
-0.085801
-0.143344
0.274809
-0.265648
0.299631
0.120966
0.059360
0.224416
0.071588
-0.077310
0.189485
0.069017
-0.131475
0.196889
0.096839
-0.067385
0.119280
-0.156850
0.117698
-0.312239
-0.127495
-0.375820
0.031229
0.004951
0.018232
0.078747
-0.135392
-0.087384
-0.064534
-0.117068
-0.010789
-0.003549
-0.002615
0.383841
-0.004770
0.094877
-0.039552
0.197126
0.031336
-0.014857
-0.227277
-0.004445
-0.025882
0.134127
0.111662
-0.059609
0.037730
-0.065484
-0.022063
-0.023490
0.117432
0.082536
0.242913
0.081703
0.221214
0.135062
0.071657
0.021331
0.019612
0.218892
-0.159017
-0.042240
0.022246
-0.120189
-0.109501
-0.253063
0.072634
-0.336761
0.161907
0.133303
0.072322
-0.017442
0.180512
-0.142726
-0.220221
-0.134275
-0.027139
-0.252728
0.256254
-0.056923
0.019452
-0.274744
-0.364714
-0.189042
0.235965
0.041285
-0.181010
-0.011765
0.137710
0.209774
-0.069706
-0.073721
-0.093504
0.075278
-0.054305
0.098577
-0.072308
-0.038332
0.063677
0.214692
0.138553
0.051081
-0.100007
-0.057645
-0.250756
0.203008
0.018782
0.204263
0.090038
0.138894
-0.132873
0.205327
-0.255787
-0.104569
0.227361
0.079753
0.184013
-0.000722
0.072992
-0.327803
-0.100003
-0.146857
0.064063
0.013475
0.062981
0.170271
-0.103133
-0.122139
0.356478
0.034746
-0.054133
-0.166633
0.073245
0.149312
-0.320767
-0.206389
-0.276081
0.071600
0.280722
-0.042079
-0.121764
-0.038658
0.070934
0.174819
0.178752
0.110649
0.001253
-0.165245
0.147803
-0.081500
-0.031726
0.183440
0.059385
-0.075545
0.049476
0.017350
-0.085259
-0.158856
-0.028508
-0.252130
0.148312
-0.087202
0.015306
0.195252
-0.053950
0.083435
-0.036501
-0.070613
0.334585
-0.018485
0.079199
0.360310
-0.048192
0.220287
-0.196176
-0.138842
0.045253
0.098190
0.035040
0.063980
0.101052
0.219319
-0.188136
0.206887
-0.263307
-0.089429
0.005992
0.232130
-0.053532
-0.115919
0.077765
-0.157882
-0.117073
0.239375
0.116097
0.146967
-0.041828
0.149911
0.047062
0.218651
-0.321627
-0.079647
0.010676
0.105079
-0.416335
-0.126403
-0.289125
-0.218584
0.068088
-0.283323
0.046875
-0.186130
-0.028745
0.035101
0.162761
0.040577
0.002353
0.120209
0.086758
-0.000413
0.045704
0.381269
0.306109
-0.013963
-0.032371
0.185618
0.023514
0.147542
0.106039
-0.052743
-0.038957
-0.136171
-0.152261
-0.178175
0.124558
-0.118239
-0.168456
-0.004700
0.007966
0.109526
-0.083095
0.249149
0.389347
-0.113103
-0.025142
-0.235091
-0.040122
-0.011781
0.031755
0.024208
-0.300851
-0.306562
-0.281270
0.005519
-0.072534
0.291694
0.311563
0.078534
-0.225040
-0.246216
-0.186924
0.123362
-0.000390
-0.233839
-0.137214
-0.299197
0.159757
0.338729
-0.072658
-0.184030
0.024104
0.156470
0.211582
-0.176022
-0.110917
-0.049566
0.061332
-0.137963
0.121997
0.317636
-0.138022
0.164944
-0.024250
0.204118
0.184280
-0.071138
0.144441
-0.269015
-0.073608
-0.020495
-0.262982
0.208030
0.171280
0.049343
-0.076734
-0.234896
-0.012868
0.275053
-0.152992
0.016279
0.020595
-0.066757
-0.088236
-0.231167
-0.293797
0.119351
-0.070390
0.012272
0.151312
-0.024909
0.092561
-0.176591
0.047124
0.255390
-0.025062
0.162671
0.217181
-0.443726
0.216291
0.001327
-0.014963
0.234270
-0.153935
0.134526
0.090118
0.069878
0.216841
-0.240395
0.009541
-0.007155
0.084601
-0.049602
-0.045640
0.276562
0.077225
0.123699
0.081309
0.235424
-0.014831
-0.124413
0.213942
0.117503
0.350202
-0.090339
-0.006749
-0.131688
0.179000
0.176094
-0.288932
0.214071
0.043137
0.097334
-0.422431
0.247563
-0.242342
-0.010153
-0.023702
-0.199374
0.276872
0.046019
-0.021147
-0.245140
0.101545
0.159665
-0.179528
0.025698
0.116644
0.097890
-0.054875
0.190106
-0.014068
-0.178300
-0.108608
0.075900
-0.169591
0.160708
-0.105750
-0.148349
0.133143
-0.071434
0.266648
0.030468
0.261339
-0.009650
-0.286894
-0.083166
0.072118
0.116578
-0.096878
0.009447
-0.113238
-0.134436
0.087732
0.004038
0.450854
0.059690
-0.094215
-0.043655
-0.053187
-0.091302
-0.128152
0.024169
0.193420
0.007026
-0.206915
0.311252
0.105383
0.311099
0.140559
-0.071511
0.094097
-0.501102
0.000340
-0.006381
-0.102270
-0.047102
-0.061283
-0.061604
-0.035836
-0.034764
0.037356
-0.244281
0.239418
0.275784
-0.025752
-0.029585
0.048620
0.186041
0.102871
0.034141
0.345169
0.259533
-0.217059
0.204935
0.096436
0.197563
-0.325159
-0.115368
0.025427
-0.117345
0.028283
0.183270
-0.091664
0.110020
0.386381
0.051739
-0.077593
-0.291667
0.144197
0.162291
-0.085352
-0.065787
0.232203
0.185792
-0.144129
0.034484
-0.118952
-0.043871
0.089407
-0.134304
0.075907
-0.168527
-0.162229
-0.179172
0.262240
0.119765
0.212078
0.231026
-0.075391
0.280647
-0.017859
-0.318185
0.003121
-0.041796
0.379577
-0.069170
-0.245379
-0.018367
0.064781
-0.079089
-0.158510
0.155325
-0.152658
0.015781
-0.219887
-0.412911
0.062462
0.298020
-0.072301
0.163658
-0.191085
-0.130606
0.351555
0.208806
0.105303
0.050267
-0.019730
-0.118218
-0.026710
0.323154
0.241365
0.091942
0.096974
0.166599
0.157816
0.119542
-0.066581
0.000170
0.038715
-0.078868
-0.056237
0.025094
-0.179636
0.108424
-0.293187
0.028927
0.145503
-0.073437
-0.077011
-0.142371
0.374664
-0.021872
0.082438
-0.080984
0.290574
-0.149281
-0.253636
-0.081734
0.286831
-0.137704
0.036357
-0.027542
0.032122
-0.167844
-0.105341
0.006066
0.036747
-0.092416
0.030211
0.305887
0.305599
-0.143506
-0.195579
0.000801
0.228941
-0.120264
-0.070339
0.015672
0.176951
-0.075579
0.349581
-0.141671
0.006843
0.298692
0.196702
-0.126295
-0.014016
-0.251376
0.370709
-0.161876
0.317887
0.030976
-0.162004
-0.290219
-0.061488
0.254104
-0.017043
0.075454
-0.174039
-0.035739
0.305938
-0.010202
-0.129732
0.083979
0.103494
-0.245861
-0.008936
-0.058313
0.113158
0.280991
0.273373
-0.048938
-0.097525
0.025735
0.135974
-0.140727
0.389394
0.212730
-0.140173
0.176929
0.018259
0.110309
0.074016
0.440005
0.218551
-0.028326
0.462365
0.210504
0.140701
0.018189
-0.147284
-0.100074
0.106159
0.058055
0.128407
0.025425
-0.052278
-0.134325
-0.107621
0.173403
0.078147
0.076196
0.117445
-0.107015
0.044518
0.037861
-0.214419
0.148798
0.138634
-0.103264
-0.237131
-0.183414
-0.065596
-0.053110
-0.006320
0.108534
0.228674
0.072403
0.194612
-0.255692
-0.063396
0.023408
-0.038797
0.042479
-0.058611
0.209118
0.299988
-0.071645
0.219643
0.008713
-0.038243
0.029410
-0.058401
0.195821
0.265783
0.263849
0.223115
-0.101994
0.037181
0.009608
-0.165266
-0.069791
-0.413757
-0.047232
0.050861
-0.198598
0.054246
0.401246
0.053880
0.267757
0.143378
-0.222454
-0.035978
-0.033384
-0.076417
-0.192891
0.050494
-0.213011
0.056126
0.196253
-0.044687
0.260243
0.155614
-0.025514
-0.453002
-0.370220
-0.239478
0.101053
-0.144456
-0.050726
-0.088086
0.010078
-0.061017
0.115052
0.028836
-0.137655
0.204930
-0.231860
-0.245451
0.094976
0.303925
-0.058457
0.006081
-0.181686
-0.176011
-0.045961
0.112037
0.228885
-0.161704
-0.365717
0.247448
0.056556
0.408674
-0.066763
-0.132539
-0.096750
-0.140651
-0.348272
-0.053820
-0.086598
-0.071795
-0.221617
0.107000
-0.165033
-0.041668
0.261616
-0.066751
-0.096114
0.116318
-0.083758
0.291094
-0.069466
-0.153175
-0.168943
0.124117
-0.056759
-0.288089
-0.014021
0.181647
0.018250
0.164108
-0.071116
-0.136686
-0.053320
-0.203641
-0.061369
0.187301
0.164748
-0.045637
0.064671
0.018345
-0.090143
0.167014
0.054880
0.206754
-0.329339
-0.256213
-0.181826
-0.164630
0.148217
0.126266
0.049021
0.135197
-0.054860
0.156641
-0.061211
0.030132
0.045649
-0.247314
0.049138
-0.105083
0.203867
0.042537
-0.010233
-0.045500
0.102339
0.272029
-0.148364
-0.019292
-0.444832
0.027060
-0.089159
0.097549
-0.059040
-0.058946
0.124658
-0.006184
-0.135463
0.158032
-0.170540
-0.124622
-0.161256
-0.197856
-0.109325
0.120106
-0.067301
0.181882
-0.010269
-0.013743
-0.011229
-0.005843
0.098991
-0.234234
0.324890
-0.155474
0.125730
-0.068459
-0.123267
0.068956
0.044755
0.217135
0.075363
-0.107866
-0.018584
-0.182293
0.216350
-0.403448
0.354421
-0.135676
-0.125762
-0.244064
-0.052291
-0.235565
-0.066300
-0.019952
0.030895
-0.245361
-0.153065
0.110143
-0.003498
0.063384
0.021753
0.048587
0.200452
0.058445
0.463514
0.096916
0.133946
-0.023461
-0.153872
-0.183603
-0.100848
0.116261
0.028186
-0.166173
0.091380
-0.126405
0.146682
-0.041369
-0.432266
-0.356105
-0.222313
-0.088201
-0.040026
-0.155530
0.012630
-0.191189
0.223858
-0.236666
-0.005458
0.122866
-0.161752
-0.023123
0.186177
-0.088351
0.380378
-0.028998
0.066928
-0.200184
0.027208
-0.321993
0.155713
-0.117289
0.078659
0.123703
0.136530
-0.000485
0.009909
-0.006277
-0.220916
0.159459
0.036075
-0.080945
0.143063
-0.203249
0.072322
0.222881
0.114358
0.139567
0.238003
-0.068988
0.034019
-0.186139
-0.069784
-0.066030
0.211696
-0.136623
-0.100211
-0.022943
-0.256085
0.134939
0.059644
-0.138618
0.073441
-0.119464
0.341275
0.076010
-0.185463
0.042323
0.117710
-0.308173
-0.214986
0.004252
0.074319
0.228542
0.112874
-0.033317
-0.068733
-0.062917
-0.051976
-0.197095
-0.318604
0.006776
0.134456
-0.157982
0.112045
-0.095914
-0.171276
0.114376
-0.325004
-0.280846
0.137694
0.037875
-0.085834
-0.168582
0.248655
-0.118239
0.238757
0.436210
0.014521
0.048909
0.228435
-0.013193
0.080593
0.236337
-0.124092
0.011852
0.057219
0.330598
0.124602
-0.172038
0.186487
-0.022129
0.315975
0.066140
0.069094
0.105784
0.136070
0.189346
0.004022
-0.247885
0.114562
0.220437
-0.277726
0.186926
0.055834
-0.102028
0.281487
0.073489
0.078670
-0.147328
-0.379518
-0.193475
-0.256780
-0.109710
0.106512
-0.010246
0.052547
-0.222421
0.012009
0.076308
-0.032565
0.124832
-0.189070
-0.269674
0.136684
0.246662
-0.048226
-0.210975
-0.015818
-0.140776
-0.146652
0.290348
0.136839
0.012021
-0.127959
-0.012409
0.209878
-0.346102
0.348298
-0.137669
0.030831
-0.454861
0.020169
-0.219905
0.394782
0.009221
-0.303631
-0.024394
0.065340
0.014031
0.028670
0.084916
-0.022650
-0.027196
-0.094237
0.053221
-0.006590
0.347432
0.089660
-0.330751
0.003771
-0.356895
-0.134968
0.044328
0.128364
0.080436
0.234640
-0.431949
-0.191844
-0.109304
-0.187509
-0.172261
-0.061004
-0.218070
-0.181031
0.241884
0.006809
-0.118476
-0.179982
0.113372
0.143974
0.219277
-0.160096
0.133952
-0.013024
-0.134880
0.151683
0.170149
-0.100889
0.156785
0.104107
-0.137962
-0.023068
-0.037088
-0.025656
-0.028986
-0.150490
-0.028784
0.158865
0.306436
0.057028
0.136820
0.070624
-0.263457
0.250494
0.231493
0.097092
0.140821
0.049294
-0.172085
-0.052704
0.141599
-0.007103
0.380320
0.047683
0.492753
0.297265
-0.173739
-0.313485
0.250048
0.009561
-0.154688
0.167315
-0.003967
0.059845
0.213034
0.194014
0.004069
0.141048
0.001227
0.085967
0.133339
-0.183017
0.265962
0.152786
-0.117585
-0.012074
-0.354074
-0.187425
0.069674
-0.260610
-0.239682
0.050124
0.138257
-0.083973
0.094932
-0.231134
-0.113493
0.154393
0.012401
-0.213663
-0.092639
-0.181539
0.113897
-0.419774
-0.097121
0.028545
-0.082338
-0.046925
0.016282
0.077207
-0.261283
0.251036
0.322375
0.063917
0.077748
0.068944
-0.018097
0.045804
0.280777
0.337729
0.080013
-0.024761
0.151561
0.139542
-0.237076
0.255359
0.063742
-0.022792
0.070985
0.061843
-0.157298
0.000191
0.193042
0.231119
-0.096390
-0.145158
-0.146357
0.259293
-0.168620
-0.109064
0.175228
-0.023047
-0.094221
-0.031709
-0.076361
0.004516
0.240104
-0.305762
0.472960
-0.039929
0.107125
0.018228
-0.090947
-0.160351
-0.194301
-0.112295
-0.229322
-0.005289
0.291554
-0.074285
-0.009179
0.075056
0.088718
-0.075162
-0.014335
0.232356
-0.108036
0.064633
-0.083200
0.135916
-0.054606
-0.188654
-0.177911
0.022452
0.025718
0.041411
0.164645
-0.057772
0.113732
0.129088
0.080506
-0.074139
0.287623
0.121124
0.215192
0.070473
0.225038
0.179174
0.209909
-0.107827
-0.032617
-0.139055
-0.210985
0.030037
0.210401
0.176541
0.259450
-0.063465
0.135092
-0.254899
0.073603
-0.085657
-0.064228
0.277665
0.469087
0.029320
-0.096228
0.247427
0.338326
-0.185817
-0.347841
-0.108645
-0.118951
0.187211
-0.190966
-0.004342
-0.060820
0.371194
0.114008
-0.007729
0.024797
-0.116452
0.120069
0.004042
0.400571
0.122593
-0.245441
-0.043964
0.043224
0.180135
0.149954
-0.003356
0.049053
0.184890
0.074221
-0.035365
-0.099945
-0.017264
-0.053827
0.259867
0.020118
-0.154880
0.035232
0.223320
-0.107674
-0.204828
-0.113404
0.171077
0.028120
-0.093422
-0.201469
-0.026368
0.285223
-0.286708
-0.029500
0.295848
-0.235865
-0.069290
-0.035660
0.153779
-0.098705
-0.124493
-0.001558
0.034015
-0.080982
-0.168070
0.032989
-0.191340
-0.200638
0.005554
-0.003319
-0.290242
0.183547
-0.216629
0.115853
-0.251039
-0.002726
0.226189
-0.293664
0.114937
-0.149889
0.055757
0.211504
-0.096827
-0.138035
-0.017464
-0.265017
0.087791
0.015647
-0.230991
-0.242549
-0.014011
-0.008216
0.219145
-0.128145
0.021691
0.093848
-0.054394
-0.043373
-0.161581
0.246284
0.077980
-0.073766
0.066417
-0.021782
0.148711
0.211707
0.363740
-0.001270
-0.195029
-0.089442
0.002638
-0.401038
0.279149
-0.061445
-0.066234
0.207109
-0.009813
-0.074727
-0.390719
-0.109878
-0.061036
0.082356
-0.058254
-0.065330
0.015629
0.156436
0.118578
-0.309724
-0.088770
0.205222
-0.200501
0.070949
0.002682
-0.113080
0.225072
-0.018523
-0.038853
-0.009354
-0.041317
-0.022902
-0.061052
-0.075508
-0.077002
0.051789
-0.229939
0.020115
-0.029717
0.154080
0.049797
0.013411
-0.188748
0.323568
0.039086
-0.224713
0.091318
-0.373283
0.326446
0.309158
0.535878
0.183859
-0.112816
-0.125230
0.129853
-0.019820
0.217708
0.208122
-0.067114
0.318245
-0.431734
0.076304
-0.045908
-0.028583
-0.026275
0.126777
0.066147
0.442630
-0.238226
-0.079998
-0.120659
-0.012121
-0.197476
0.485382
-0.018485
0.308886
0.122408
0.154212
0.547980
-0.100410
-0.143550
-0.067866
0.265055
-0.247661
0.208117
0.111965
-0.223265
-0.007629
0.261962
-0.075732
0.055975
-0.148435
-0.161880
0.084270
-0.094142
0.030185
0.096012
-0.087662
0.228775
-0.047263
-0.051136
-0.364055
-0.274425
0.064482
-0.054135
0.148189
-0.249439
0.199278
0.073251
-0.095199
0.077659
-0.076766
-0.029085
-0.372490
-0.101574
0.218926
0.240160
0.205175
0.122912
0.168639
-0.110600
0.012611
0.284024
0.055329
0.072175
-0.006499
-0.160133
0.079094
0.000574
-0.003111
0.436457
0.026572
0.000482
0.142365
0.076216
-0.105017
0.182906
0.024420
0.142417
0.112687
0.202442
-0.077260
-0.082124
-0.182532
0.117037
-0.027296
-0.361264
0.051583
0.063241
0.034638
0.015770
-0.043066
-0.271292
-0.013457
0.193020
-0.181205
0.194382
-0.184272
0.181767
0.001285
0.150515
-0.002683
-0.019696
-0.138324
-0.173133
-0.083785
0.148942
0.247156
-0.388622
0.222550
0.068971
0.087367
-0.162302
-0.229336
0.195827
0.081407
-0.267807
0.003906
-0.327752
-0.055167
-0.029993
0.176474
-0.139390
-0.301984
0.038200
0.082018
0.081065
0.039348
-0.111308
0.058251
-0.053325
0.010237
0.079201
0.011730
-0.181208
0.326144
0.031484
-0.004777
0.066317
0.003360
-0.152856
0.092914
-0.017512
-0.197335
0.317237
-0.027751
-0.059433
0.181437
0.289284
0.235902
-0.025444
-0.188573
0.091797
0.155872
0.215479
0.090966
0.173670
0.019082
0.153733
-0.084244
0.079982
-0.061643
0.169446
-0.042297
0.125873
-0.040734
-0.074626
-0.300469
0.217585
0.077321
-0.034968
-0.122527
-0.134406
-0.158074
0.147262
0.066695
0.086647
-0.134711
0.000035
-0.034642
-0.186451
0.149043
-0.179998
-0.007882
-0.151675
-0.104840
-0.123116
-0.086165
0.042310
-0.246913
-0.007073
0.108472
-0.000465
0.007748
0.282529
-0.187875
-0.129972
-0.117959
0.384732
0.080151
0.065715
0.238972
-0.062174
-0.166409
0.169933
-0.321667
0.382762
-0.187064
-0.022726
0.152356
0.195103
-0.053912
0.051507
-0.233794
-0.188441
0.137253
-0.317839
0.202299
0.027098
-0.083908
-0.084947
0.093557
-0.258787
0.028716
0.013985
0.016113
0.040685
0.063447
0.301934
0.112823
0.071606
0.106380
-0.073884
-0.014832
0.111191
0.087380
-0.054685
0.002835
0.172487
-0.181529
0.058777
0.154573
-0.124506
0.224354
0.040247
0.118475
-0.303917
-0.097562
-0.476313
-0.128962
-0.039696
0.152042
0.279603
0.123972
-0.049973
-0.159529
-0.092032
0.011098
-0.465400
-0.077110
-0.109046
0.246679
-0.422983
0.079121
-0.041866
0.246605
0.130637
0.219828
-0.263272
-0.243876
0.140930
-0.072357
0.003689
0.185902
0.007873
0.214303
0.033090
-0.077272
0.219083
0.059500
-0.044874
-0.055708
-0.062369
-0.157720
-0.041018
0.190742
0.039812
-0.093719
0.243141
-0.165610
-0.258022
0.176704
0.135028
0.094472
-0.025275
0.053471
0.235646
0.156170
0.162868
0.106393
0.092395
0.002272
0.239621
0.129859
0.348221
0.003405
-0.195831
-0.121997
-0.191476
-0.033716
0.001514
0.001204
0.017363
-0.105531
0.207779
-0.029153
-0.005098
0.206653
0.011714
0.182230
-0.014296
0.231753
0.123375
0.158026
0.176139
-0.176489
0.075259
-0.053918
0.188286
0.274416
0.273659
0.179719
-0.188559
0.231738
0.242998
0.368658
0.037697
0.003008
0.078703
0.118604
0.008124
0.133180
0.076249
-0.024746
-0.299899
0.078527
-0.199093
0.242322
0.064192
-0.087265
0.067239
0.024587
0.173267
0.093395
-0.103175
0.062291
0.120815
-0.094873
0.065703
-0.096190
-0.197324
0.237700
-0.409056
0.112980
-0.127896
-0.070616
-0.071532
0.048918
-0.125508
0.270267
-0.184166
0.002505
0.049618
-0.008538
0.106665
-0.216606
0.328127
-0.048653
0.198519
-0.023710
-0.028706
-0.082220
0.021660
-0.183983
0.138764
0.112361
-0.009186
0.104119
0.092736
-0.329242
-0.170641
-0.010425
-0.124194
-0.112635
-0.101058
-0.022388
-0.165687
0.293053
-0.180145
0.018946
-0.123954
0.315636
0.126234
0.272633
0.021399
0.097469
-0.073290
0.021600
-0.025660
-0.041228
-0.026619
-0.280088
-0.073578
0.072424
-0.200140
-0.030079
0.366500
0.040532
-0.204569
-0.185045
-0.194900
-0.183405
0.192413
0.272464
-0.263681
-0.271751
-0.015107
0.330511
-0.086029
-0.321705
0.263069
-0.188484
0.392732
0.359602
0.152524
0.092574
-0.142240
0.073447
0.251762
0.331651
-0.375123
-0.123794
-0.046489
0.031819
-0.176434
0.320241
-0.334199
-0.088703
0.130143
-0.053438
0.145720
0.141438
-0.084680
-0.248516
0.068628
-0.035585
-0.112157
0.065909
0.099370
-0.331792
0.000842
-0.206496
0.130113
0.234231
-0.129349
-0.147177
-0.151689
-0.062470
0.117521
-0.102917
0.017069
0.343645
0.114920
0.533153
-0.011688
-0.068295
0.134511
0.278767
0.329120
-0.043517
-0.135737
0.289126
0.165771
-0.219796
-0.092486
-0.250365
-0.044727
0.266910
-0.095109
0.092596
-0.058969
-0.326224
-0.299603
-0.338112
-0.193075
-0.072253
-0.061597
-0.230598
0.095194
-0.008477
-0.165318
0.140862
0.070844
-0.148465
0.065190
0.023583
0.120995
-0.004490
0.135029
0.145425
0.017550
-0.159704
-0.096055
-0.225997
0.038897
0.072685
-0.091329
0.106705
0.148124
0.184745
-0.121260
0.154334
-0.039259
-0.117447
-0.172478
-0.239839
0.037703
-0.047390
0.152059
0.011270
0.150843
0.094723
0.162790
0.325841
0.149899
-0.210296
-0.035826
0.145358
-0.036602
0.046230
0.053394
0.350686
0.320550
-0.321869
0.194527
0.066042
0.017961
0.075790
-0.168660
-0.071241
-0.276356
0.331371
-0.144060
0.027463
-0.033520
0.061908
-0.220477
-0.162333
0.045855
-0.220474
-0.002246
-0.108222
-0.029446
-0.121411
0.213902
0.008809
-0.224592
-0.336817
-0.082839
0.178824
-0.097260
0.299677
0.249268
-0.002798
-0.166683
0.023085
-0.236089
0.137976
-0.177990
-0.321979
-0.018049
-0.121832
0.039931
0.352178
0.053311
-0.115316
0.074855
0.033987
-0.194860
-0.379032
0.152823
-0.463544
-0.051327
0.189501
0.243442
0.304132
-0.062425
0.092266
0.144731
-0.193019
-0.043905
-0.074100
0.024912
-0.053976
0.017612
0.408348
-0.220669
-0.095211
0.100522
-0.044729
0.192994
-0.106141
0.025169
0.250114
0.081033
0.100162
0.022339
0.208742
0.159395
0.143377
0.127396
0.049575
-0.279064
-0.064826
-0.172962
0.358537
-0.081689
-0.319714
0.001323
-0.146671
-0.341171
-0.116220
0.061090
0.080109
-0.168590
-0.110998
-0.128886
-0.012836
-0.068698
-0.026143
0.139384
0.106448
-0.079548
0.239503
-0.113012
0.412116
0.098945
0.031043
-0.104617
0.269929
0.147632
0.022091
0.115996
0.304375
0.213207
-0.075183
0.167816
-0.070800
0.188977
-0.375622
0.018700
0.359560
0.048333
0.200279
0.224020
0.244749
-0.014265
0.069169
-0.249211
-0.273096
-0.092583
-0.084111
0.167098
0.059335
-0.072249
-0.056476
-0.085188
-0.124063
0.045258
0.005456
0.043879
0.114557
-0.007512
0.118497
0.365217
-0.155401
-0.074274
-0.150229
-0.202788
-0.406178
0.103743
-0.008849
-0.057457
0.104337
-0.032476
0.160961
-0.029511
0.023295
0.116546
0.120765
0.098867
0.292083
-0.098908
-0.081906
0.251289
-0.127501
0.400250
-0.077545
0.179787
-0.030093
-0.166399
0.132150
0.020348
-0.197044
-0.120369
0.092506
0.157333
0.121541
0.041939
-0.037949
0.087905
0.137746
0.128687
0.157275
0.046788
0.171986
-0.165339
0.049954
-0.249647
-0.068605
-0.016088
-0.260614
-0.087595
0.125163
0.301840
0.149343
-0.191452
0.242468
0.101470
0.129847
-0.015972
-0.365873
0.044642
-0.092043
-0.110668
-0.223852
-0.103280
-0.033719
-0.326746
0.258151
-0.072979
-0.061380
-0.124891
-0.101280
-0.134746
0.036559
0.109789
0.088626
-0.021838
0.011997
0.106314
-0.247248
0.016081
-0.020861
-0.103564
0.188320
0.053436
-0.263223
-0.182728
0.235418
0.120644
0.211671
0.393131
-0.117349
0.028516
-0.198525
-0.181383
0.214350
-0.213826
-0.018858
-0.132518
-0.246660
-0.086996
-0.043375
0.136683
-0.057455
0.049239
-0.286877
0.033794
0.045088
-0.008382
-0.117201
-0.159786
-0.149924
0.105678
0.004297
0.017407
0.070601
-0.215440
-0.009302
0.046502
-0.071978
0.233252
-0.056071
-0.186868
-0.341095
-0.082030
0.069500
0.137857
-0.378294
-0.026359
0.233977
0.057844
0.264317
-0.192009
0.057228
-0.037838
0.055640
-0.085671
-0.036469
-0.159220
0.247490
-0.126177
0.072360
0.167050
0.204973
-0.311628
-0.090838
0.014561
0.074255
-0.128939
0.106576
-0.142334
0.330615
-0.163764
0.360259
0.204899
-0.453050
-0.135084
0.033564
-0.005429
-0.226550
0.038868
0.051770
-0.037106
-0.153492
-0.059322
-0.108678
-0.215684
0.076593
-0.064181
-0.342166
-0.124893
0.092317
0.322551
0.039905
-0.293809
-0.331488
-0.176851
0.225279
-0.036193
0.025045
-0.104112
-0.085855
0.158095
-0.222150
0.065931
0.246719
-0.210525
-0.031900
0.014016
-0.042033
-0.030451
0.132224
0.062564
0.023825
0.078296
-0.333396
0.121957
-0.088107
0.057827
0.063965
-0.205959
-0.064130
0.325933
-0.133458
0.192874
0.040097
0.039609
-0.161334
-0.092921
0.166092
-0.087071
0.236675
0.167600
-0.110738
-0.171804
0.129336
-0.184697
-0.200214
0.070951
0.194730
-0.129349
-0.164887
-0.240387
0.064626
0.240236
-0.261092
-0.204422
-0.059793
0.027178
0.023784
0.336809
0.235261
-0.191732
-0.024277
0.029784
-0.130464
-0.050874
0.246608
0.069560
-0.215394
-0.099954
0.029073
0.043361
0.002789
0.034752
-0.142669
-0.043877
0.099721
0.255860
-0.248765
-0.075621
-0.073599
-0.066253
0.263502
-0.485900
0.166577
0.332598
0.039512
-0.036196
0.030785
-0.041773
-0.021205
-0.025263
-0.371264
0.044850
-0.074811
-0.109216
-0.020963
-0.041648
-0.184905
-0.088748
0.299219
-0.222788
0.012015
-0.196415
0.059405
-0.057486
-0.143239
-0.200347
0.078742
0.485609
-0.592805
-0.142741
0.061989
0.058376
0.066035
0.137579
0.319787
-0.165137
0.153044
0.037845
-0.099393
-0.032596
0.178921
0.044342
0.059338
0.222264
0.118836
-0.232738
-0.050326
-0.162103
-0.132210
0.262650
-0.008304
-0.013104
-0.030979
-0.157706
-0.139126
-0.338036
-0.212466
-0.135796
-0.101628
0.086763
0.146769
0.022350
-0.438230
-0.167024
0.103224
-0.124081
0.212818
-0.070202
-0.067969
0.063113
0.286853
0.131326
-0.050143
-0.072970
0.026121
0.254067
0.143063
-0.064340
-0.022178
0.153436
0.143985
0.239881
-0.025179
0.078800
-0.004198
-0.360343
0.040045
-0.317748
0.213916
0.238526
-0.108006
-0.296148
0.111082
-0.026992
0.289423
-0.181525
-0.056382
0.110434
0.147346
0.330259
-0.207677
0.344837
0.037105
0.009516
-0.178930
0.157855
-0.041324
-0.041876
0.305983
-0.018728
-0.391451
-0.090656
0.187643
-0.206555
0.021586
0.044565
0.207854
-0.009983
0.190464
0.221979
-0.329745
0.093030
-0.104107
0.120909
-0.273598
-0.082365
0.081137
0.332783
-0.002615
-0.016803
0.000015
-0.087303
-0.126891
0.053393
0.303555
-0.083329
-0.118590
-0.085233
-0.229634
-0.164573
-0.053335
0.183391
-0.017211
0.007477
-0.049694
-0.128620
0.173529
-0.117912
-0.096750
-0.026787
-0.125015
-0.081654
0.111370
-0.234520
-0.093469
0.002233
0.298220
-0.126294
-0.068070
-0.127120
-0.272171
0.113503
0.044816
-0.213815
-0.171820
0.132964
-0.122805
-0.243584
0.126702
0.145450
0.302588
0.019656
0.088537
0.241330
-0.014526
0.458706
-0.256434
-0.114655
-0.099899
-0.200993
-0.391683
-0.302853
0.165755
0.184087
-0.287576
-0.153546
-0.205165
0.094144
-0.252288
-0.007572
0.014938
-0.129296
-0.211000
0.212330
-0.047032
0.218197
-0.496695
-0.034922
-0.201827
-0.292145
-0.066957
-0.233664
0.381095
0.003213
0.167119
-0.002764
-0.212249
-0.111166
-0.059584
-0.157653
0.223023
0.018363
-0.214277
-0.198291
-0.010010
-0.094845
0.149354
-0.073652
-0.284920
0.151293
0.370659
0.071144
0.070376
-0.358645
0.189572
0.082512
-0.098422
0.160903
0.186762
0.236307
-0.188301
0.187624
0.142927
-0.060772
0.062402
-0.003038
0.120335
-0.086353
0.032400
-0.035318
-0.004274
0.109543
0.130586
-0.122092
0.057807
-0.147376
0.116848
-0.025113
-0.172079
0.161036
0.019516
0.154448
-0.121621
0.069650
-0.162903
-0.124074
0.085025
0.105396
0.375719
-0.266766
0.104486
-0.056382
0.013820
-0.071956
-0.179316
-0.099825
-0.103989
0.273159
0.067586
0.104030
-0.285532
-0.302530
-0.164341
-0.175837
0.112950
-0.021848
-0.000935
-0.091853
-0.189893
0.428224
0.173342
0.050373
-0.051981
0.148916
0.375535
-0.014297
0.126046
0.057957
0.228288
-0.036021
-0.087051
-0.126194
-0.187348
-0.105210
-0.045419
0.049247
-0.025760
-0.036400
0.140196
-0.127160
0.171859
-0.159344
-0.240266
0.117296
0.391502
-0.062800
-0.107365
-0.115167
0.067543
-0.064907
-0.080028
-0.353196
-0.188005
-0.101588
0.291347
0.280336
-0.045022
0.004139
0.171450
-0.099536
0.123826
0.198655
0.309860
-0.128014
0.076935
-0.142578
-0.203048
-0.009224
0.069534
0.275895
0.105341
-0.074249
0.065250
-0.076154
-0.347615
-0.342447
-0.132865
-0.065618
0.014327
-0.033192
0.306234
0.178735
0.073894
-0.009510
-0.023415
-0.152406
-0.050325
0.032814
0.117713
0.348102
-0.138925
-0.408465
0.099529
0.107744
0.066790
-0.080103
0.137724
-0.044217
0.271599
0.128293
0.397287
-0.028850
-0.147318
-0.109725
-0.007291
-0.038760
0.091836
-0.084499
-0.075551
-0.241414
0.116756
0.017451
-0.201881
0.004193
-0.279024
0.225044
-0.021031
-0.286884
0.067726
-0.136311
-0.210690
0.048844
0.071693
-0.455865
-0.122345
0.154796
-0.232023
-0.089260
-0.090301
-0.065878
0.042632
0.102071
-0.175371
-0.007363
-0.135001
-0.111954
0.023874
0.326065
0.254260
0.118149
-0.156869
0.302294
0.121299
-0.121244
-0.142105
-0.097945
-0.017313
-0.135795
-0.183441
0.082189
0.309210
0.198078
-0.387546
0.078994
0.133940
0.085312
-0.037959
0.131586
0.035924
-0.055156
0.063488
-0.144255
-0.332392
-0.097224
0.058577
-0.221297
0.216549
0.042858
0.123620
-0.139082
-0.152229
-0.048129
-0.018219
0.044450
0.248496
-0.091334
0.047577
0.186662
0.037367
-0.079764
0.010877
0.221446
-0.163665
0.133123
-0.254362
0.197112
0.141771
-0.234589
0.113808
0.283853
-0.149445
0.029957
0.266788
-0.009857
-0.248333
0.042340
0.024538
-0.340900
-0.078804
-0.246045
0.017004
0.014783
0.056198
-0.147174
-0.255604
-0.240328
-0.025034
-0.036793
-0.185410
-0.172976
0.000662
-0.333092
-0.234605
-0.123841
0.073375
0.151485
-0.205299
0.070834
-0.184490
-0.111574
0.143317
0.132935
-0.440633
-0.197031
-0.249019
-0.059523
-0.322018
-0.087203
0.151457
-0.012889
-0.211163
-0.232898
0.007555
-0.010615
-0.168536
-0.048299
0.021341
0.158488
0.404120
0.204187
0.037929
-0.121755
0.039775
-0.137533
-0.081457
-0.188704
0.167306
-0.016890
-0.023475
0.002433
-0.066242
0.120645
0.187817
-0.036401
-0.306634
0.044738
-0.203771
0.095491
-0.206302
0.084180
-0.215603
0.097557
-0.125998
-0.125013
0.044564
-0.176632
0.361165
0.206619
0.275322
-0.138034
-0.154034
0.012652
0.049976
0.091186
-0.055228
0.062420
0.060217
-0.132402
-0.046734
-0.091767
0.295021
-0.117987
0.008918
-0.104236
0.020927
0.007942
-0.477492
-0.036331
-0.082001
-0.195794
-0.254048
0.406443
0.075742
-0.150742
-0.137790
0.133471
0.105224
0.135443
-0.245127
0.070558
0.089524
-0.302962
-0.114641
0.203076
0.068153
0.113832
-0.028761
0.274228
0.310679
0.074314
-0.130121
-0.270830
-0.188249
-0.162593
-0.079007
-0.043043
-0.017248
0.007816
-0.102460
-0.024649
0.050357
-0.148094
0.107934
0.251497
-0.149943
0.008173
0.243608
-0.058286
-0.008380
0.144023
-0.127776
-0.120855
-0.122171
0.033675
0.121236
-0.221558
-0.039890
0.078469
-0.045430
-0.030121
-0.238617
-0.077583
0.085465
0.022081
-0.140402
0.077895
-0.032489
0.019054
-0.003537
-0.232436
0.086137
0.166205
-0.209222
-0.183182
0.093406
-0.004192
-0.064151
0.093550
-0.109757
-0.060302
-0.042206
0.059426
0.092047
-0.159941
-0.010412
-0.240979
-0.104878
0.173928
0.049048
-0.005067
-0.093107
-0.011762
0.310223
-0.184816
0.338475
0.429080
0.206144
0.033511
-0.025642
-0.158973
0.158980
-0.039325
-0.014353
0.035087
-0.011700
-0.167173
0.201459
-0.341846
-0.155572
-0.191589
0.271060
-0.025296
0.131094
-0.000305
0.202412
0.180258
-0.255249
-0.118345
-0.069236
-0.003307
0.127640
-0.148011
0.229260
-0.270956
0.130423
-0.165782
-0.261425
-0.198962
-0.139052
0.080558
0.099776
-0.010508
0.036671
-0.247760
-0.122126
-0.116520
-0.118179
-0.036089
-0.074868
0.235125
-0.260887
-0.025105
0.213781
0.183120
-0.368826
-0.099826
-0.209255
0.211055
0.415013
0.166730
0.242269
0.301370
0.217627
0.073842
-0.351313
-0.185908
-0.168753
-0.240007
0.187745
-0.080830
0.128285
-0.207445
0.172794
0.063639
0.071874
-0.052951
-0.226194
-0.058643
0.225869
-0.171687
-0.009973
-0.053744
-0.110007
-0.130770
0.111979
0.038202
0.027302
0.028555
0.106235
0.086334
-0.429429
0.206558
-0.497776
0.111217
0.055314
0.075015
-0.171274
0.139288
-0.084336
-0.093375
-0.225390
-0.369327
0.237698
-0.083102
0.012281
0.326440
0.212139
0.117098
0.083917
0.241683
0.063902
-0.012517
0.293160
0.232866
0.042460
0.081370
0.216863
-0.239834
-0.093298
0.042792
0.047832
-0.083772
0.061002
0.459248
-0.017408
0.050073
-0.113279
-0.023848
-0.078805
0.094699
-0.160761
0.081423
-0.167164
-0.040619
-0.062568
-0.235035
-0.062236
-0.111437
-0.248557
0.040343
0.068513
0.139330
0.083191
0.270237
-0.083354
-0.044744
0.437129
0.048648
0.008015
0.386272
0.257126
-0.256798
0.081847
0.086043
0.358873
-0.134669
-0.066220
0.009389
-0.245757
-0.020062
-0.211682
-0.112522
-0.011001
-0.143680
-0.043152
-0.085817
0.211680
0.111331
-0.011659
0.108718
-0.175752
0.009836
0.062330
0.046854
-0.013246
-0.061551
-0.281565
0.038724
0.240598
-0.054277
-0.008227
-0.396293
-0.135716
-0.064567
0.070110
0.013364
-0.287803
0.234422
-0.119716
0.024084
0.237273
0.002390
-0.004129
0.066543
-0.344398
-0.109401
-0.144571
0.118529
0.178530
-0.265915
-0.032937
-0.102787
-0.005842
0.371615
0.164189
0.121878
-0.004762
0.086871
-0.027591
0.094791
-0.090701
-0.159929
-0.033282
0.065496
0.123163
0.283410
-0.179758
-0.133646
-0.195378
-0.135820
0.214490
0.030180
-0.102298
-0.053268
-0.206754
0.010123
0.028020
-0.192070
-0.058894
-0.300185
-0.145650
0.053892
-0.247515
0.100207
0.091160
0.227705
0.195284
-0.167105
-0.154525
-0.090467
0.108024
-0.117159
-0.149481
0.090325
-0.343680
0.252114
0.136932
0.182130
0.027858
-0.039195
-0.172241
-0.294373
0.095481
0.088079
0.139576
0.218845
-0.162084
-0.208117
-0.097625
-0.289645
-0.029254
0.235544
-0.337038
0.200307
0.027635
0.020845
0.363380
0.434972
0.177010
-0.056081
0.124703
0.287103
0.229525
-0.025392
-0.164219
0.170206
0.350061
0.015647
0.206337
0.326324
-0.230747
0.038220
0.083496
-0.145846
-0.089359
0.004933
0.041524
0.308641
0.001757
-0.083039
-0.052753
0.197067
-0.160374
-0.228213
-0.222081
0.328944
0.239428
0.071355
-0.198248
0.007183
0.016238
0.230473
0.001021
-0.000268
0.122290
-0.235552
-0.113694
0.060998
0.027775
-0.096836
-0.307330
-0.307826
-0.056716
-0.096121
-0.235212
0.152398
0.124450
-0.022879
0.025499
-0.377348
0.177819
0.118441
0.367826
0.248795
0.054562
0.078374
0.093847
0.276998
0.213959
0.222040
0.034111
-0.042727
-0.066219
-0.141562
0.183395
-0.161925
-0.202077
-0.197653
0.128478
-0.215271
0.010714
-0.033304
-0.127557
0.021294
0.030283
-0.067105
-0.019778
-0.087501
0.429581
0.049760
0.107763
0.163517
-0.052540
0.424216
-0.203649
-0.098159
-0.217901
0.310532
0.049750
0.078606
0.176854
-0.121639
-0.304771
-0.048016
-0.005103
0.184440
-0.184993
0.019675
0.092213
0.086205
0.074229
0.017999
0.206345
-0.163165
0.045292
0.086906
0.143136
-0.054048
0.010315
-0.204083
-0.259712
-0.041274
0.086984
0.230917
-0.383444
-0.174196
-0.008889
-0.070872
0.344258
0.272251
-0.241498
-0.029733
-0.162833
0.363104
0.034105
-0.352986
-0.084945
-0.005696
0.276015
-0.130709
0.285349
0.008079
0.438876
-0.114104
0.139099
0.000130
-0.138413
0.061871
0.105083
0.290295
-0.167520
-0.205540
0.096183
-0.069136
-0.265997
0.036672
-0.141557
0.117678
-0.034844
0.006625
0.335239
-0.012437
-0.143105
0.046422
-0.207949
0.160548
-0.233565
-0.030015
0.056846
-0.402516
0.430101
-0.006843
-0.006628
-0.100851
-0.034738
0.167538
-0.070356
-0.396151
0.082349
0.043037
-0.273218
0.164900
0.306727
0.129903
0.003540
0.156604
0.051032
0.021468
0.025009
-0.149343
-0.095934
0.229775
0.087400
-0.104878
0.059457
0.014045
-0.135511
-0.068003
0.097303
-0.058478
0.141478
-0.049658
0.121993
-0.287673
0.283833
-0.081149
-0.082380
-0.154324
-0.139774
0.138461
0.128839
-0.000177
-0.293166
0.125493
0.160140
0.095186
0.069673
0.062832
-0.256160
-0.067166
-0.169984
0.107043
0.016301
-0.108248
-0.118118
0.094130
-0.121612
0.065567
0.103055
0.092095
0.137456
-0.331406
-0.133305
0.031995
-0.165366
-0.108969
-0.205096
0.315855
-0.471506
0.008651
0.022817
-0.302479
-0.119302
-0.072495
-0.084321
-0.035105
0.025371
-0.245312
0.468107
-0.018719
-0.016349
0.008571
-0.015880
0.149646
-0.082193
0.039888
-0.244860
-0.094180
-0.081702
0.137258
-0.136975
-0.001152
0.223001
0.237413
-0.067100
0.094321
-0.068332
-0.149891
-0.049679
0.409261
-0.138033
-0.391993
0.166099
-0.006746
-0.266366
-0.190108
-0.171042
0.042563
-0.339337
-0.101399
0.038330
-0.061629
0.147925
-0.123682
0.042359
0.154136
-0.178132
-0.050022
0.384981
-0.237980
-0.280367
-0.013227
-0.044800
-0.344666
0.174983
-0.347333
-0.181862
0.172739
-0.343778
-0.269593
0.037471
-0.220171
0.203449
0.061775
-0.036637
-0.110635
0.029263
-0.038766
0.004523
0.309031
-0.073087
-0.016295
0.286584
0.025355
-0.099452
-0.063344
-0.111782
0.507772
0.084182
0.015535
0.074068
-0.031911
-0.263736
0.131828
0.061420
-0.002098
0.077373
0.163643
-0.013171
0.051483
-0.205961
0.173659
0.124835
0.174774
-0.060486
0.188076
-0.120125
-0.013470
-0.010334
0.008982
-0.021829
-0.096528
0.123662
0.088080
0.182124
-0.165509
0.140789
0.458442
0.002243
0.160310
0.230511
0.035248
-0.318439
0.087064
0.064192
0.063003
-0.005070
0.365866
-0.051000
-0.181429
0.065616
0.012925
-0.016977
-0.038356
-0.079093
0.229924
-0.383135
-0.085298
-0.087688
-0.352643
-0.032251
0.041496
0.155758
-0.020453
0.203634
-0.173929
-0.034086
-0.118070
0.569194
-0.000016
-0.075802
-0.270753
-0.022106
-0.186681
-0.059039
-0.355118
-0.051293
0.031314
0.052404
-0.054420
0.083824
-0.000755
0.016809
-0.264851
0.011729
0.162941
0.024828
0.140831
-0.195222
0.017298
-0.134133
0.042357
0.178168
-0.300379
-0.078953
0.061326
-0.441755
0.065768
0.075161
0.208315
-0.107267
-0.329149
-0.248284
-0.033761
-0.274077
0.264055
0.066300
0.113362
-0.218179
-0.225216
-0.031956
0.293707
0.041000
0.085153
-0.057252
0.147246
-0.061358
-0.018166
-0.081789
0.398602
-0.016630
0.133031
0.165841
-0.005855
0.150644
0.156882
-0.254778
-0.095393
-0.049029
0.068390
0.061261
-0.172864
0.114679
0.057001
-0.101786
0.016151
-0.139088
-0.140836
-0.117481
0.356739
-0.354931
-0.185868
-0.047537
0.071843
-0.050664
-0.108609
-0.002439
-0.011806
-0.054776
-0.191619
0.037255
-0.066807
-0.008518
-0.101828
0.218077
-0.157556
-0.037164
-0.141517
-0.016416
-0.213137
0.129488
0.113211
-0.177486
-0.233926
-0.163369
0.136631
-0.054418
-0.218144
-0.000836
0.147903
-0.110570
-0.016193
-0.087470
0.185904
0.001442
0.361838
-0.068552
-0.036990
-0.026720
0.031694
-0.175884
-0.063866
0.114270
0.125390
-0.120693
0.037063
-0.014819
0.118408
-0.235636
-0.100647
-0.126492
-0.110475
0.127291
0.271813
-0.274618
-0.110001
0.025937
-0.155104
-0.132956
-0.047367
-0.028961
-0.169167
-0.020094
0.023832
-0.043961
-0.065754
0.036580
0.084447
0.056717
0.060111
0.257365
-0.253884
-0.010534
-0.054998
0.325499
0.095957
-0.158029
-0.284614
0.127234
0.270165
0.052758
-0.046977
0.217509
0.077356
0.282389
0.150783
0.161617
0.205450
-0.033117
0.095783
-0.056443
-0.111939
-0.225109
-0.059831
-0.063823
-0.110304
-0.112736
0.150717
-0.135168
-0.228165
0.148997
-0.090525
0.242716
-0.115044
-0.055308
0.136984
-0.074400
0.020879
0.112182
0.279469
-0.231456
-0.348135
0.212576
-0.069103
0.044267
-0.341615
-0.261211
0.119972
0.094581
-0.099466
0.410505
-0.022564
0.207113
-0.101804
-0.011765
-0.126024
-0.078760
0.066838
-0.090724
0.049427
0.231524
-0.092750
-0.125674
-0.301533
-0.004086
-0.057802
0.036797
0.056964
0.010388
0.004330
0.202612
-0.082453
0.107656
-0.079660
0.014983
0.172594
0.208415
0.142370
-0.094877
0.161325
-0.074945
-0.129491
0.207411
0.185461
0.075897
-0.039764
0.087372
0.061174
-0.105214
-0.284496
-0.054777
-0.229039
-0.068447
0.373664
-0.035945
-0.102769
-0.182848
0.340391
-0.112995
0.239665
-0.117362
0.137090
-0.116379
0.018600
-0.355554
-0.137047
-0.058737
0.205434
-0.017062
0.204247
0.156366
0.031194
0.020297
-0.217674
-0.114313
-0.089871
0.123810
0.070206
-0.003587
-0.265197
0.123896
0.193053
0.013324
-0.096513
-0.087273
0.127285
0.070555
-0.120624
0.108064
-0.314161
-0.136264
0.100661
0.299732
0.158104
-0.093196
0.031787
-0.061315
0.098335
0.023891
0.085336
-0.224254
0.189164
-0.060844
-0.060510
-0.206252
0.049195
0.204059
0.178658
-0.019593
-0.295800
-0.054409
-0.007057
0.145775
0.230722
-0.080430
0.170568
-0.257331
0.078710
-0.112049
0.301817
-0.043304
0.067385
-0.059922
0.153648
0.146800
-0.177451
0.117190
-0.035481
0.132673
0.070120
-0.020315
-0.060360
0.081728
0.041757
0.002346
0.154500
-0.244311
0.191197
0.010969
0.013012
-0.079254
-0.195456
0.292756
0.106166
-0.026480
0.064441
-0.045285
-0.132019
-0.022902
0.174144
-0.204769
0.365288
-0.102197
-0.332322
-0.173237
-0.070871
-0.203413
-0.286019
-0.071503
-0.234604
-0.047340
-0.109257
-0.066801
-0.105746
0.218469
0.193584
-0.171264
-0.609318
0.241547
-0.089376
-0.080413
0.105606
0.130663
-0.050789
-0.051754
0.063703
-0.072562
-0.101706
-0.185090
-0.310996
0.135330
-0.170597
0.325991
0.054123
0.173051
0.076662
-0.359591
0.103126
0.165294
0.126851
-0.197474
0.198198
-0.150031
0.094192
0.080823
-0.074548
0.026660
0.044072
0.070813
0.008989
0.154330
-0.148997
-0.021741
-0.030052
-0.115737
-0.083319
0.059761
-0.016547
0.014028
-0.245969
0.099193
0.245239
-0.231796
0.089083
-0.236463
0.066367
-0.143381
0.243697
-0.052086
-0.096451
0.148579
-0.005328
0.007071
-0.261764
-0.108921
0.309881
-0.116416
-0.217376
0.237525
0.096989
0.102900
-0.254507
-0.233392
-0.104164
-0.264797
-0.148852
0.100351
-0.273863
-0.376995
0.046572
0.183608
0.088384
-0.028286
-0.230654
0.103645
-0.158611
-0.209893
-0.063504
-0.266784
0.278170
0.089912
-0.137747
0.009529
-0.194509
-0.211654
-0.339139
-0.124790
-0.003364
0.102213
-0.206016
0.471682
-0.009733
0.078862
-0.142318
0.185666
-0.151807
-0.028979
-0.226400
-0.176832
0.276202
0.135692
0.357339
0.092325
-0.063136
-0.046091
-0.006521
-0.059904
-0.028480
0.262239
0.031657
0.111045
0.058677
-0.012939
-0.434910
-0.034633
-0.096878
-0.275168
-0.379539
-0.042760
-0.194871
-0.002855
-0.095376
-0.133059
-0.218114
0.106552
0.206626
-0.156058
0.083002
0.181324
-0.087766
-0.059261
-0.202214
-0.137309
-0.151355
0.318534
-0.222844
-0.035193
0.120700
0.040230
0.141428
-0.112358
0.231345
0.041084
-0.086302
-0.294506
-0.048256
0.139619
-0.235441
-0.294827
0.174207
-0.051533
-0.028768
0.129014
-0.025468
0.092222
0.054738
-0.090167
0.255507
0.143059
-0.315900
0.015010
-0.130608
0.001606
-0.221891
0.180465
0.214844
0.216561
0.215386
-0.022175
0.074731
-0.184515
0.427178
0.031081
0.112689
0.018548
-0.044194
-0.062081
-0.158074
-0.034491
0.076840
-0.022597
0.026757
0.247224
0.162524
0.005741
0.074907
0.111883
-0.185407
0.141148
0.150975
-0.075681
0.056527
0.190627
-0.051922
0.039485
0.154729
0.107421
0.145255
-0.019826
0.029274
-0.147306
-0.025828
-0.281187
-0.022618
0.006337
0.301418
0.140553
0.280948
0.089059
-0.139742
-0.115971
0.103860
-0.069259
-0.029263
-0.058161
-0.175944
0.207539
0.109976
0.022507
-0.152410
-0.230858
-0.119652
0.055329
-0.070809
-0.006647
-0.084489
0.157608
0.163364
-0.024955
-0.004930
0.054850
0.210112
-0.030167
0.021982
-0.035729
-0.170106
0.027306
0.138644
0.442931
-0.303015
-0.116289
0.120798
-0.146502
-0.308645
-0.084333
0.083701
0.002877
0.140886
0.201790
0.287675
0.056433
-0.336695
-0.223348
-0.059468
-0.002036
-0.348718
-0.051876
0.017894
0.073173
-0.086108
-0.174064
-0.149247
-0.120974
-0.257078
-0.118058
-0.033298
0.168584
-0.049766
0.311092
0.097342
-0.058983
-0.185999
0.072410
0.155290
-0.092889
-0.093110
-0.413422
0.000020
-0.022372
-0.153379
-0.221534
0.146360
0.298250
0.049548
-0.000895
0.033905
-0.245424
-0.195962
0.023759
0.070609
0.201653
-0.143640
-0.137372
0.153467
0.130760
0.097364
-0.171875
0.188631
0.077668
-0.222525
-0.046739
-0.128430
-0.154220
0.006668
-0.106147
0.121204
0.114729
-0.181691
0.057670
0.066957
0.086974
0.177378
0.015871
0.258286
-0.094416
-0.241272
0.157058
-0.219328
0.122457
0.165973
-0.104001
0.093851
0.041028
0.089957
-0.170643
-0.186159
0.134143
0.237153
0.169227
0.066960
-0.078713
-0.257521
0.024589
-0.216823
0.174271
0.171890
0.004577
0.291245
-0.113628
-0.106273
-0.088769
-0.375019
-0.263445
0.060153
0.332243
-0.186088
-0.193234
-0.039396
0.204994
0.062213
-0.249369
-0.268950
0.261592
-0.096725
-0.039671
-0.027813
0.063581
-0.100237
-0.053742
-0.178739
0.000876
-0.143428
0.063786
0.224265
0.093378
-0.155045
-0.116912
0.387341
0.003547
-0.105552
0.009535
0.140328
0.229499
0.007619
0.204696
0.204779
-0.076587
-0.236597
0.111054
-0.152635
-0.092084
-0.012995
-0.037476
0.087523
-0.201995
0.146968
-0.088513
-0.029080
0.318115
-0.051548
0.018526
0.222631
-0.428552
0.006486
0.018001
0.146770
0.056335
-0.091846
-0.183032
-0.052877
0.209461
-0.225778
-0.281922
0.019061
0.249069
0.064701
-0.236446
0.076823
-0.441409
-0.022363
-0.212867
0.071459
0.325582
-0.523297
-0.052923
-0.359480
0.002508
0.005688
0.014055
0.373957
0.094386
-0.317333
-0.130921
0.009459
0.023604
0.009135
-0.250749
-0.015835
0.033135
-0.037052
-0.141100
0.064203
-0.056436
0.014235
-0.111615
0.222705
0.195551
0.061039
0.178864
0.134464
0.164334
0.008338
0.170179
-0.006059
0.005562
-0.140081
0.098881
0.104803
0.153623
0.037413
0.235235
-0.153336
-0.003465
-0.116818
-0.367685
0.242226
-0.063148
-0.154998
0.307890
0.110995
0.103199
0.070421
0.017649
-0.088888
0.000255
0.193048
-0.037697
-0.263220
0.088377
0.190724
-0.055307
-0.037115
0.066087
0.052862
0.243364
-0.219716
-0.273759
-0.148469
0.130285
0.093771
-0.158921
-0.095144
0.051619
0.143095
0.076279
-0.025150
0.088327
0.112434
-0.065272
0.007610
-0.018757
-0.158043
-0.068001
0.192656
-0.014854
0.143021
-0.005130
0.189743
0.157493
0.036115
-0.444618
-0.311248
-0.107068
-0.265339
0.158608
0.049488
-0.061269
-0.017974
-0.224398
-0.249556
-0.115404
0.158938
0.023812
-0.205367
0.054004
-0.220592
-0.029992
-0.170540
-0.330441
-0.258851
0.023986
0.058807
-0.047242
0.103915
-0.086046
-0.155768
0.094110
0.011621
-0.244995
0.070492
-0.194393
0.074704
0.369751
-0.311215
0.037674
-0.253324
-0.229663
0.271213
-0.325260
0.169306
-0.076224
-0.200473
0.327131
0.058745
0.089061
0.016794
0.143834
-0.026556
0.320547
-0.204628
-0.032110
0.027132
-0.000573
0.149946
-0.098428
0.034026
-0.300061
-0.090164
-0.159214
-0.134543
0.083467
-0.008129
0.099071
-0.105934
0.204784
-0.028597
0.077182
0.206852
0.166452
0.018896
0.011377
0.015789
-0.015617
0.107222
-0.013716
-0.109722
-0.062137
-0.216559
-0.240298
0.029998
0.083370
0.233420
-0.173288
-0.051211
-0.058052
-0.191459
-0.078086
0.034438
-0.105542
0.225872
0.146967
-0.009361
-0.148603
-0.211753
-0.014332
0.157855
0.063976
-0.034885
-0.035348
0.059866
-0.138616
-0.157689
-0.199321
0.141736
0.260821
-0.074920
0.107022
-0.180565
-0.146036
-0.045506
0.082259
-0.071871
-0.081868
0.232426
0.068310
0.069556
0.037465
0.016875
0.163349
0.196675
0.156132
0.152945
0.079049
0.038661
0.028293
-0.095103
-0.044595
-0.028609
0.289860
0.280905
-0.143621
-0.247884
-0.104036
0.065817
0.113749
-0.294409
-0.137288
-0.123082
-0.069690
0.086563
0.130701
-0.086035
-0.027671
-0.171323
0.155267
-0.019097
-0.043435
0.061299
-0.063778
0.145934
-0.106866
-0.012466
0.036360
-0.001638
0.237343
-0.291099
-0.157711
0.065990
-0.376659
-0.233346
0.411810
-0.085819
-0.248337
0.165481
0.123992
-0.021890
0.127663
0.161148
-0.106265
0.190006
-0.033126
-0.176522
0.144215
-0.007262
0.034605
-0.092330
-0.100743
-0.288345
-0.013394
-0.141321
-0.026657
-0.236120
0.015900
-0.003930
0.063304
0.086604
0.014970
-0.107980
-0.008907
0.044492
-0.203652
0.394492
-0.279446
-0.232726
-0.102051
-0.173501
-0.113927
0.036319
-0.112509
-0.011109
-0.084046
-0.274839
0.225658
0.113425
0.093194
0.064287
0.225358
0.019385
0.123185
0.197136
0.117280
-0.177121
-0.004660
0.076187
0.242881
-0.073122
0.067222
-0.156026
-0.106976
0.452607
0.035622
0.421807
0.030473
-0.058904
0.125065
-0.193307
0.003554
0.152228
-0.011327
0.124406
0.251971
0.010669
-0.430521
0.068681
0.039516
0.075726
0.315524
0.337796
-0.183723
-0.029527
-0.174114
0.030764
-0.179011
0.060219
0.390435
-0.160293
-0.352007
0.097006
0.083273
0.193362
-0.165518
0.197142
0.116176
-0.091670
0.400829
-0.032501
-0.332671
-0.169140
0.357574
0.094603
-0.238468
0.316743
-0.101251
0.140377
-0.045499
0.049337
-0.136560
0.027904
0.051482
-0.403615
0.025872
-0.048111
-0.025499
0.085438
-0.158875
-0.149562
0.012507
-0.017087
0.121552
0.079853
0.291486
0.022937
0.030040
-0.237404
0.145203
-0.183780
-0.066421
0.210857
0.003828
0.334422
-0.081724
-0.031194
0.068324
-0.318445
0.276603
0.406956
0.191680
-0.061815
-0.020385
-0.151147
0.089667
-0.221379
0.244641
-0.062897
-0.172178
-0.288326
0.213005
-0.129370
-0.010338
-0.191450
0.036928
0.097667
-0.279065
-0.075934
-0.076827
0.078736
0.241470
-0.106970
0.066460
-0.147683
-0.166656
0.212331
0.210473
-0.028346
0.042364
-0.079677
0.045604
0.088028
-0.231275
0.031393
-0.218001
-0.207379
-0.035317
-0.262560
-0.078941
-0.174244
0.147381
-0.294615
-0.285789
0.038041
-0.055630
-0.180263
0.067620
0.108917
0.067722
-0.145789
0.072367
-0.080078
0.303705
-0.065571
0.000855
0.138345
-0.157975
0.013531
0.014992
0.051657
0.088200
0.272825
0.027762
-0.031407
-0.064658
-0.130002
-0.111172
-0.201912
0.230536
0.012092
0.286443
-0.232286
-0.080233
0.185832
0.165986
0.064861
-0.173224
-0.174413
0.007416
-0.075711
-0.211022
-0.040743
-0.104806
0.026620
0.097088
0.140297
0.049194
0.253929
-0.108640
-0.031607
0.053610
0.318820
0.090767
-0.015141
-0.063747
0.028108
0.278537
0.204468
-0.232262
0.153701
-0.031884
0.249939
-0.215387
-0.306705
0.015093
-0.266799
-0.190268
0.255224
-0.399396
0.062786
-0.036720
-0.252640
0.091687
0.007674
0.082388
-0.122421
-0.003997
0.217635
0.074283
0.107834
-0.221387
-0.145301
-0.111979
0.023062
-0.128771
-0.115675
0.011282
0.069147
-0.088591
-0.198440
-0.015886
0.116037
0.255747
-0.186554
0.206302
0.295914
-0.185670
-0.136939
0.268928
0.104068
0.058729
-0.328829
-0.110309
-0.062574
0.093238
0.079125
-0.039555
0.251992
0.179499
0.001345
-0.320511
0.227158
-0.295481
-0.067506
0.067652
0.263858
-0.051363
0.063031
0.175402
-0.086477
-0.024370
-0.011370
-0.048678
-0.014574
-0.016584
-0.241967
-0.079581
0.297248
0.027268
0.146671
0.114807
-0.086470
0.082171
-0.013786
-0.031068
-0.550234
0.037565
0.227702
0.069301
-0.342616
0.197165
-0.273019
0.285315
-0.057926
0.203520
0.145196
0.334733
-0.264458
0.110069
0.175685
-0.306758
-0.302561
0.223315
-0.112321
-0.380957
-0.026143
-0.124578
0.246403
-0.201323
-0.037405
0.129151
0.063538
0.251893
0.195977
0.204283
-0.034864
0.213070
-0.012254
-0.147121
0.025856
0.068473
0.213327
0.006367
0.059959
0.038812
-0.255421
0.090787
-0.053003
0.061568
-0.034616
0.220080
-0.037642
-0.136121
-0.073771
0.038274
0.012422
0.230322
0.192593
0.107792
0.056477
0.072058
0.002646
-0.349970
0.247372
-0.116875
0.312548
0.178011
-0.027931
0.235194
0.082886
-0.197095
-0.084586
0.355834
-0.144297
-0.127091
-0.356953
-0.094070
0.068541
-0.219826
-0.081608
0.099301
0.179085
-0.302160
0.363216
-0.107786
-0.363013
-0.071304
-0.024344
-0.003535
-0.066485
-0.200494
-0.175050
-0.113132
-0.009457
0.248140
0.121901
-0.025199
0.007933
-0.058016
-0.061900
-0.019786
-0.249062
-0.018499
-0.114921
-0.026535
0.053735
0.164476
-0.335913
0.094127
-0.190178
0.218826
0.082923
0.013387
-0.081418
0.097240
0.094774
0.320263
0.029833
0.343938
-0.111273
0.090358
0.008831
0.020563
-0.045267
0.086757
0.399447
0.103634
0.209180
0.171219
0.006332
0.094485
0.148784
-0.069334
0.241222
-0.110589
0.022158
-0.130112
0.053128
-0.076635
-0.083845
-0.069432
-0.306412
0.294900
-0.263112
0.205747
0.083872
0.113228
0.005861
-0.104834
-0.117841
-0.126595
0.072288
-0.146272
0.088990
0.118432
-0.192128
-0.153439
-0.113086
-0.007001
-0.326838
-0.169122
-0.022158
-0.055955
0.018070
0.222360
0.090273
-0.411719
0.027126
0.017688
-0.108660
0.358972
0.210092
-0.003369
-0.179575
0.067948
0.179159
-0.084439
0.085800
-0.469584
0.035999
0.047705
0.071226
-0.068814
-0.085821
0.232139
0.072434
0.263366
-0.049578
0.044889
-0.048633
0.031027
-0.146638
-0.001402
0.242929
0.190783
0.094718
-0.059280
-0.151666
-0.182324
-0.118912
-0.060084
-0.050574
-0.179826
-0.268752
-0.359578
-0.211604
0.034743
0.083941
0.100576
-0.010599
-0.228522
0.004918
-0.007398
-0.064801
-0.045309
-0.066854
-0.081251
-0.130336
-0.017402
0.212392
0.328946
-0.350914
-0.389632
-0.222914
-0.383787
0.115839
0.102860
-0.085005
-0.065412
0.033973
-0.078094
0.114035
-0.076616
-0.069373
0.174753
0.026943
0.121843
0.107862
-0.044777
-0.207656
0.274333
-0.094116
0.083782
0.062944
-0.237266
0.170158
0.361369
0.197942
-0.176833
0.038473
0.126210
0.050942
0.040696
-0.431842
0.152414
0.096745
-0.017762
-0.299471
0.123343
0.038709
0.231362
0.106667
0.064399
0.042452
-0.080527
0.070409
-0.065107
-0.219982
0.064429
-0.060791
-0.136637
0.066905
0.200061
-0.120637
-0.283346
0.173691
0.028053
-0.036846
0.135098
0.227085
0.073192
-0.182719
-0.241671
-0.178837
-0.107478
0.235042
0.045066
0.171922
0.043664
0.123857
-0.037685
-0.154637
-0.079620
-0.065105
0.049159
0.044443
-0.090367
-0.255491
0.094810
0.357241
-0.036489
0.129394
0.295386
-0.126646
0.010867
0.042306
0.093004
0.166002
0.164683
0.194306
-0.248945
0.316109
0.052026
0.065630
-0.324608
-0.029992
-0.133883
-0.026435
0.007178
0.478589
0.061095
-0.245415
-0.299599
0.087109
0.301829
0.087135
-0.212520
-0.025218
0.026768
0.065998
-0.175465
-0.015084
0.141380
-0.030911
-0.043799
-0.317772
0.040344
0.001268
-0.106365
-0.115164
-0.049239
0.193177
-0.230459
0.220037
-0.085590
0.137464
-0.094626
0.155673
-0.190043
0.051914
0.213907
0.117027
-0.009192
0.010557
0.009852
0.051880
-0.082318
-0.370973
0.469406
0.159022
0.091464
-0.012970
-0.158902
-0.246973
0.187817
-0.268621
0.012993
0.089616
-0.041730
-0.122189
0.100298
-0.132505
-0.039508
0.169485
-0.281560
0.022690
0.161197
0.075024
0.225570
0.276384
0.069210
-0.004957
-0.356382
0.400353
-0.096496
-0.101338
-0.032493
-0.292467
-0.248086
0.091571
0.262595
0.240696
-0.264825
0.007129
-0.146584
-0.062849
-0.016512
0.090222
-0.001980
0.003734
0.003916
-0.092360
-0.226104
0.409223
0.267202
-0.206209
-0.080620
-0.269170
0.009542
-0.224842
0.111587
-0.111620
0.315258
-0.188930
-0.025080
0.156547
0.062562
-0.111344
-0.097343
-0.164613
0.022143
-0.077835
0.288542
0.098395
0.008203
-0.276639
0.004196
-0.186927
0.329131
0.012012
0.208471
-0.086667
-0.037211
-0.270340
-0.177703
-0.190605
-0.040343
-0.289637
-0.374262
-0.227328
-0.153359
0.089990
-0.133913
0.224646
0.102988
0.132045
0.337092
-0.432541
0.041199
-0.218657
-0.112932
0.009967
0.224469
-0.213478
-0.238245
0.010296
-0.018518
0.042215
-0.087053
0.067578
-0.062904
0.061873
-0.102545
-0.190316
-0.075515
-0.145279
0.360319
0.016324
-0.165312
-0.021898
-0.056024
-0.013350
-0.023366
0.232548
-0.390441
0.095519
-0.301011
0.059833
-0.348424
0.073935
0.163090
0.120309
0.134489
-0.107125
0.198475
-0.059983
-0.029882
-0.055868
0.012521
0.122733
-0.014062
0.101887
0.304411
0.263593
-0.197285
-0.233997
0.133466
0.102244
-0.106182
0.396986
0.266935
0.221995
0.147596
-0.007872
-0.107600
0.051886
0.222349
-0.051399
-0.151812
0.024053
-0.034035
0.131082
0.004501
0.172530
-0.136047
0.055387
-0.125113
-0.291072
0.114602
-0.075985
0.180475
-0.358850
0.254911
-0.102041
0.088224
0.022418
-0.220833
0.011701
0.143853
0.158363
-0.198612
0.180195
0.388283
0.111972
0.067338
0.336454
-0.015020
0.105679
0.099594
0.085284
0.024489
0.044665
-0.315100
0.030715
-0.074937
0.157959
0.015402
0.286646
-0.066207
0.317730
0.194228
-0.155777
-0.126780
-0.151382
-0.078408
0.277064
0.182635
-0.216819
0.380287
0.000366
0.157947
0.083438
0.237818
0.082123
-0.131438
-0.126066
0.044565
0.023808
-0.219309
-0.078322
0.102913
-0.208675
0.063129
0.191388
-0.184512
0.536792
-0.003455
0.029422
0.172779
0.248951
0.043899
0.139730
0.232307
-0.022558
0.241238
0.001644
-0.188269
-0.163728
-0.009265
-0.026371
-0.451891
0.355547
-0.033283
0.045395
-0.059791
0.085890
-0.233206
0.017113
-0.014826
-0.155458
-0.086166
0.202638
0.026906
-0.070417
-0.105605
0.069816
-0.073296
-0.077675
-0.089498
-0.046330
-0.180038
0.159341
0.099946
0.122962
0.136969
0.354616
0.179691
0.177807
-0.062006
0.095622
-0.005976
0.001898
-0.198039
-0.070838
0.014202
0.100545
-0.351580
0.070726
-0.231515
-0.189630
-0.076432
-0.048600
-0.133570
0.049096
-0.001682
-0.097900
-0.071740
-0.098598
0.059951
-0.097772
-0.048971
0.097343
-0.144114
0.053775
-0.090841
-0.174350
-0.067470
0.075660
-0.331739
-0.204014
0.142063
0.094569
-0.071763
0.124817
-0.013689
-0.036235
0.073777
-0.156416
-0.019766
-0.216104
-0.146163
0.136861
0.292826
0.078791
-0.045961
-0.333575
0.380206
0.007805
0.030366
-0.009478
0.021932
0.092548
-0.041156
0.085096
-0.263729
-0.122581
-0.242325
-0.133362
-0.178687
-0.048742
-0.020143
0.191019
0.182168
0.228297
-0.181481
-0.123719
-0.388496
-0.178723
-0.005254
0.182162
-0.113302
0.258472
0.118169
0.150039
-0.156924
0.207154
-0.170105
-0.312441
0.109534
-0.279669
-0.279110
0.105651
-0.301671
0.102587
0.179975
-0.163754
-0.418139
-0.131925
0.119826
0.126886
0.480768
-0.160096
-0.339906
-0.286072
-0.400807
0.020975
0.037856
-0.048025
-0.056920
0.002143
-0.073641
0.173116
0.090935
0.306501
-0.047336
-0.163392
0.287409
0.017290
0.082797
0.306381
0.006139
0.083725
0.194902
-0.554291
-0.083233
0.175960
-0.207493
0.066574
0.142027
0.040249
-0.079301
-0.039739
-0.486287
-0.112658
0.381347
-0.173918
0.195253
-0.004373
-0.571472
0.169183
-0.056374
-0.147264
0.025888
0.110643
0.184278
0.053803
-0.008074
0.040233
0.476112
0.298477
0.226629
-0.231153
-0.076820
0.010728
0.118125
0.259152
0.191651
0.186781
0.159801
0.082482
-0.308479
-0.045167
-0.044175
-0.028371
-0.149032
0.261852
0.080283
0.195150
0.131603
-0.020351
0.184120
0.313963
-0.037688
0.320085
0.254657
-0.197731
0.233550
0.459961
0.014291
-0.027444
-0.164300
-0.225873
0.120567
-0.110608
-0.109679
0.030794
0.158709
-0.095429
0.298441
0.236450
-0.058104
-0.051197
-0.168813
-0.194190
-0.112914
-0.160855
-0.092902
0.269691
0.135790
-0.067367
-0.102087
-0.053140
-0.109995
-0.254997
-0.038868
-0.092655
0.015235
0.347384
-0.199923
-0.036816
-0.129251
-0.038595
0.021772
0.005463
-0.023142
0.270009
0.313610
-0.343387
0.131463
-0.054608
0.088842
-0.044655
0.298154
-0.121975
-0.039557
0.055632
-0.124393
0.061745
-0.184571
-0.001721
-0.210665
-0.120301
-0.042873
-0.111208
-0.125753
-0.036307
-0.154857
0.033613
-0.060688
0.534805
-0.189251
-0.151415
-0.263329
0.081266
0.157972
0.020628
-0.098930
-0.234509
0.162145
0.048910
0.250016
0.186428
0.165697
-0.146298
-0.062305
0.195888
0.120093
-0.099878
-0.314409
0.125575
-0.214333
-0.077616
0.086154
-0.004665
0.094137
-0.054185
0.129738
-0.115353
0.031611
-0.283098
0.396617
0.008710
-0.175919
-0.066800
-0.196485
0.117173
0.150978
-0.138960
-0.342674
0.086173
-0.017255
0.074115
-0.221488
0.244575
-0.060529
0.111832
-0.082204
0.036085
-0.096142
0.120177
0.184161
-0.127965
0.086604
-0.158983
0.017232
-0.059196
-0.077100
0.429251
0.000212
-0.372195
-0.049796
0.172936
0.034037
-0.118778
0.050747
-0.132504
0.237809
0.111129
-0.033151
-0.112685
-0.075423
-0.029466
0.038333
0.123434
-0.183758
0.080204
0.216650
-0.053145
-0.197204
-0.074882
0.051430
0.123642
0.312065
0.081958
-0.029838
0.044250
-0.284090
0.152238
0.251325
-0.294113
-0.097586
0.130082
0.341195
-0.159963
-0.117959
-0.032812
0.070648
0.044114
-0.136645
-0.109073
0.279781
0.223362
-0.095659
-0.195633
0.093242
-0.065219
0.014849
0.078741
-0.076711
0.266931
-0.008501
-0.025860
-0.288825
-0.526844
-0.119775
-0.300246
-0.001061
-0.103602
-0.151241
-0.156584
0.086282
0.168650
-0.136387
0.012835
-0.144000
-0.106949
-0.017617
-0.189095
-0.098264
-0.132381
-0.070310
-0.188612
-0.333406
-0.019636
-0.124237
0.158905
-0.173751
-0.288216
-0.117940
0.235238
0.196511
0.275569
-0.079949
-0.264843
0.109081
-0.093718
0.244287
0.039491
-0.167617
-0.413019
-0.019563
0.065304
0.044797
-0.094687
-0.007454
-0.016108
-0.074025
-0.008815
0.039542
0.115326
0.159876
0.135327
-0.091688
-0.170028
0.014747
0.195334
0.061176
-0.064160
0.108503
-0.049875
0.026615
0.131628
0.179723
-0.187559
0.099018
-0.109642
-0.191711
0.319954
0.204435
0.104123
-0.029455
0.110743
-0.095506
0.163951
0.195318
-0.120588
0.106008
0.032249
0.004776
0.226167
0.122730
0.011574
0.022658
0.132268
0.167697
-0.167615
-0.074979
-0.006179
-0.191779
0.272985
0.005240
0.101083
-0.122147
-0.041034
-0.027000
-0.187815
-0.013510
0.306068
-0.027196
-0.267396
-0.007001
-0.095258
0.090723
-0.081664
-0.305818
0.155305
0.007130
-0.017064
-0.066003
-0.192883
-0.083071
0.122040
0.094592
-0.132962
0.019268
0.108892
0.212125
0.012531
-0.014567
-0.105650
-0.238399
-0.155142
0.036301
-0.022507
0.090274
-0.246370
0.089615
-0.228465
0.104633
-0.203726
-0.040075
-0.121840
0.126038
0.043476
-0.217970
0.046059
-0.252337
0.091831
0.079538
0.018677
-0.277088
-0.206587
-0.052568
-0.074734
0.222412
0.160772
0.183479
0.049986
0.133472
0.115632
0.124751
-0.068137
0.181393
-0.105100
-0.288620
0.042724
0.201612
0.009410
-0.084212
-0.074786
0.415566
-0.146314
-0.439939
-0.155611
-0.048941
0.132246
-0.164921
0.085494
0.042464
-0.081312
-0.269251
-0.166039
0.066144
-0.064546
-0.081037
-0.078062
0.068814
-0.099159
-0.115618
0.183816
-0.243709
0.008675
0.060273
-0.091778
0.111238
0.137962
-0.202920
0.185442
0.157367
0.056301
-0.006484
-0.185958
-0.153845
-0.037204
-0.117896
0.130306
0.007662
-0.115942
0.185339
0.342872
-0.118586
-0.252296
-0.063238
-0.399228
0.063887
0.147556
0.025368
0.154854
-0.160231
0.146153
0.200704
0.159116
0.314022
-0.001360
0.015965
-0.042217
0.221933
-0.182504
0.031193
0.081563
0.141588
0.154859
0.085986
0.305651
0.097873
-0.018230
0.249064
0.046106
-0.040850
0.085970
0.447183
-0.010665
