# 参数名称：backbone.features.13.conv.0.weight
# 参数形状：(576, 96, 1, 1)
# 参数数据类型：float32
# 参数值（保留6位小数）：
0.018582
0.069766
-0.038023
-0.086619
-0.025274
-0.105095
-0.002334
0.030958
0.083156
-0.041778
0.011422
-0.090253
0.032003
-0.068092
0.021616
0.068298
0.034261
0.042778
0.119118
0.135692
0.038121
-0.057405
0.027522
0.068155
0.072171
0.039290
-0.056845
-0.030642
-0.032633
-0.001811
0.007291
-0.074522
-0.013865
-0.047419
-0.095775
-0.068708
0.064263
0.043551
0.021245
-0.031948
0.074053
0.051549
-0.018230
-0.059951
0.022611
0.054064
0.003982
-0.031419
0.046428
-0.009813
-0.013916
0.035541
-0.030612
-0.067318
0.019566
-0.118565
-0.078342
-0.031558
0.052273
-0.019543
0.111067
-0.004728
-0.074340
0.117255
0.123570
0.048989
0.016209
-0.027700
0.005811
0.045585
0.036293
0.085637
0.015130
-0.003631
0.013993
0.053130
0.069073
0.000123
-0.014212
0.003894
0.114865
-0.135190
0.016002
-0.003712
-0.077351
-0.023054
0.002986
0.014027
-0.056042
-0.063537
-0.013834
0.000398
-0.020147
-0.116963
-0.034949
0.000956
0.001860
0.062161
-0.046115
0.003249
0.115236
-0.062185
-0.011754
0.122365
0.072410
0.076088
0.016436
0.016254
0.050892
0.042734
-0.016992
-0.075070
0.102208
-0.011365
0.012258
0.002056
0.147139
-0.007199
-0.135945
-0.016853
0.018539
0.063398
0.047685
-0.004170
0.005798
0.003963
0.004127
0.014151
-0.021810
0.049683
0.089716
0.041872
-0.083991
-0.059186
0.041106
-0.048517
-0.119036
0.090115
-0.074297
0.031682
0.075675
0.002837
-0.031241
0.044158
0.061234
-0.073426
0.069850
-0.076500
0.059163
0.036422
0.055210
-0.047896
-0.041860
0.008081
0.063030
0.054647
-0.086848
-0.083920
-0.002943
-0.041798
-0.005161
-0.024643
0.023793
-0.039638
-0.083357
-0.073328
-0.066307
0.040834
-0.025462
-0.000122
0.058742
0.019810
0.007811
-0.074023
-0.136334
0.046585
0.096233
-0.075110
0.062685
-0.001595
0.028647
0.116482
0.003279
-0.070849
-0.006529
0.029628
-0.064754
-0.018335
0.069152
0.156520
0.099896
0.022823
0.070213
-0.007682
-0.052475
-0.030830
0.070051
0.079332
-0.057217
0.022877
-0.054502
-0.082370
-0.053404
0.046120
-0.086696
0.002656
-0.086524
0.013681
-0.077671
0.121186
0.031817
0.029271
0.146046
0.076196
-0.042659
0.032281
-0.018519
0.063365
-0.009631
-0.049452
0.031283
-0.139645
0.000151
-0.005196
0.051813
0.076580
0.078114
0.002107
0.040176
0.043526
0.121158
0.094084
-0.038664
-0.067204
0.058756
0.081615
0.019461
0.008693
-0.004873
0.017088
-0.004663
0.079430
-0.094877
0.026799
0.062502
-0.017870
0.058039
-0.020457
0.022385
-0.034728
-0.039776
-0.047363
0.039686
-0.000498
-0.050644
-0.116512
0.034369
0.053325
-0.083925
0.037274
-0.077317
-0.089994
0.033453
0.064269
-0.007148
0.037368
-0.021409
-0.031590
0.062463
-0.033235
-0.140320
-0.098095
0.039790
0.075111
-0.001255
0.006207
-0.031067
-0.110097
0.050599
-0.077515
-0.069539
0.061991
0.006253
-0.018360
-0.041269
0.047983
-0.090599
0.088002
0.023690
-0.018530
-0.028913
-0.034339
0.044391
0.002139
-0.049758
-0.054865
-0.107866
0.044827
0.030983
0.157372
0.018640
-0.084055
-0.097053
-0.025329
0.053858
0.017527
-0.058557
-0.013653
0.021862
-0.022948
0.040741
-0.074282
0.013619
-0.029262
-0.004275
-0.057880
0.041712
0.048746
0.081212
-0.120936
0.022150
0.015766
-0.005431
0.084197
0.034753
0.097384
-0.037620
0.100903
-0.042802
0.062660
-0.032191
0.054608
0.097435
-0.023674
0.022412
-0.044850
0.008111
-0.014832
-0.021909
-0.042653
-0.013138
-0.087128
-0.075127
-0.062538
0.066019
-0.047634
-0.017196
0.028089
-0.084977
-0.076645
0.064547
0.054424
0.046453
0.077730
0.026439
0.091455
-0.031964
-0.087225
0.028832
-0.121813
0.119728
-0.060700
0.019035
-0.031634
0.047065
-0.051659
0.007982
-0.064167
-0.034206
0.018611
0.018776
-0.003310
-0.010533
0.101469
0.012762
0.029772
0.031765
0.012191
0.016228
0.172485
0.015037
0.050937
-0.006747
-0.081629
0.070213
-0.044248
-0.117040
0.021157
-0.046674
0.028506
-0.030366
-0.007560
-0.071165
-0.010432
-0.085622
0.034282
0.027367
-0.016073
0.025587
-0.010829
0.012602
0.010709
-0.028892
-0.042508
0.114862
0.078926
0.056980
0.005132
0.041279
0.048957
-0.040403
-0.018770
-0.044895
-0.055171
-0.024061
-0.030146
-0.002177
-0.052435
0.000652
-0.006532
-0.054883
0.024511
0.055875
-0.100553
0.110670
-0.045851
0.050398
0.089692
0.041292
-0.011912
0.150810
0.026183
0.036765
0.075722
0.055581
0.039658
0.011925
0.104032
0.011147
0.062867
-0.093535
0.035606
0.079081
-0.076682
-0.005866
0.046529
-0.037571
0.000649
0.009163
0.104989
-0.097842
-0.098287
0.103940
0.118488
-0.017097
0.072391
0.013337
0.014606
-0.115017
0.061320
0.067086
-0.024760
0.000118
-0.130994
-0.001782
0.014293
0.047598
0.074041
-0.011419
0.092702
0.019100
-0.003643
0.034698
0.017015
0.068950
-0.036389
0.006838
0.120960
0.071809
-0.027286
0.004142
0.026100
0.112593
0.054506
-0.085526
0.085753
-0.103781
-0.069210
-0.097803
-0.008247
0.059359
0.062834
-0.099752
0.115257
0.075952
0.045701
0.127912
-0.091563
-0.126707
0.009797
0.032928
-0.047146
0.101929
-0.110258
-0.035801
0.034433
0.058770
0.058489
-0.027143
0.017544
0.023017
0.086505
-0.051294
0.058706
-0.033760
0.061371
0.062953
0.072295
-0.055569
-0.088138
0.020535
0.013896
-0.074261
0.035319
-0.020253
0.019013
-0.025173
0.011877
0.022647
-0.066600
0.114809
0.139783
-0.077372
-0.017497
0.026263
-0.028749
-0.047968
0.037050
0.037961
-0.000527
-0.017232
0.012373
-0.009695
0.024703
-0.042040
-0.038171
0.080190
-0.064004
-0.048607
-0.007505
-0.055223
-0.024265
0.033913
-0.003707
-0.002118
-0.041402
-0.148050
-0.014529
0.002176
0.038277
-0.020532
0.058369
0.041827
-0.000639
-0.004163
0.022809
0.039761
-0.051570
0.023971
-0.006988
-0.110627
-0.010359
0.000776
-0.140762
0.022771
0.144605
-0.026388
-0.054789
-0.068552
0.006930
0.028203
-0.058086
-0.023358
-0.023522
-0.153303
-0.023167
0.068193
0.068938
-0.054967
-0.020995
-0.033651
0.067744
-0.045707
-0.058776
-0.014786
0.026162
-0.021368
0.039112
-0.069230
0.084991
0.025688
-0.103512
0.107186
-0.038610
0.015781
0.069813
-0.095672
0.125658
-0.032085
-0.081854
0.001049
0.017604
0.124619
0.000552
0.007035
0.005547
-0.044372
-0.003610
0.034051
0.006293
-0.113900
0.034394
0.071795
-0.074983
-0.052044
-0.065199
-0.068852
0.046482
0.054624
0.045043
-0.076452
-0.023492
0.137282
0.049516
0.014376
-0.011430
0.009163
-0.012051
0.090619
0.008265
-0.140107
0.006714
0.006021
0.059241
-0.086955
0.037321
-0.102070
-0.026956
0.104573
0.002849
-0.091501
0.008956
-0.033674
0.052170
-0.025077
0.096607
-0.103696
0.055808
-0.008434
0.054718
0.080211
-0.033295
-0.021219
0.023998
-0.037133
0.018146
-0.141420
-0.107343
-0.016971
-0.003728
-0.124663
-0.005684
0.021929
-0.021998
0.018923
0.132702
-0.027882
-0.043083
0.029047
-0.103402
-0.051232
0.013330
-0.049134
-0.044758
-0.078719
-0.053077
0.091042
0.035944
-0.110142
0.057897
0.057480
0.085030
-0.100677
0.076641
-0.042175
0.135996
0.057369
-0.107124
0.017621
-0.007889
0.051243
0.000851
0.001118
-0.071343
0.031479
0.018054
0.026062
0.182395
0.063844
-0.101210
-0.020882
-0.016020
0.007537
0.024490
0.008248
-0.065487
0.018072
0.030959
0.047555
0.020877
-0.054666
-0.001580
0.026837
-0.039286
0.052025
-0.020091
0.008385
0.006588
-0.008082
0.115602
-0.000935
0.027298
0.025460
0.060761
0.015307
0.043698
0.062603
-0.031345
-0.025241
0.091560
0.086915
0.082507
-0.027647
-0.023893
0.075644
0.007364
0.030144
0.050854
0.042809
-0.054120
0.075275
0.075011
0.090994
0.007896
-0.040949
0.020210
0.015397
0.018161
-0.070170
0.066853
0.074386
0.021930
-0.008308
0.027606
0.059754
0.024498
-0.001181
-0.088319
-0.089981
0.021396
-0.091162
-0.023773
0.050668
0.036623
-0.012132
0.022702
-0.019840
-0.094019
0.160994
0.019064
0.002924
-0.027264
0.087542
0.006459
-0.009301
0.002009
0.014072
0.066574
-0.000997
-0.003582
-0.001234
0.031451
-0.053421
0.108380
0.014304
-0.065903
-0.051507
0.053726
0.010085
0.062843
0.008715
-0.036101
0.146131
-0.035214
-0.042226
-0.034485
0.074184
0.002495
0.097989
0.034737
0.015002
0.133128
0.076869
0.040568
0.171272
-0.045817
0.004191
-0.039760
-0.084458
-0.039633
0.053448
-0.053426
-0.068317
0.028017
0.076005
0.011626
-0.090288
-0.046904
-0.025659
-0.038912
-0.005357
0.054744
0.105127
-0.057952
0.015885
0.097419
-0.058272
-0.072392
0.076045
-0.035742
0.044155
0.064404
-0.080561
0.007885
0.031285
0.023864
0.053852
-0.078848
0.110561
0.028723
-0.074244
-0.067455
-0.000480
0.048819
-0.046850
-0.020080
-0.001879
0.037379
0.004160
0.002466
0.050142
0.061645
0.008428
0.006014
-0.024121
-0.011831
0.062511
0.021647
0.004122
0.066777
0.027661
-0.017008
0.017354
0.011932
-0.014579
0.031819
0.018164
0.109533
-0.091808
-0.031076
0.029386
0.065694
0.045751
0.022003
-0.095988
0.076430
-0.044383
0.011003
-0.090506
-0.009291
-0.039527
-0.010522
-0.038741
-0.067238
-0.083536
-0.020425
0.032767
0.014780
-0.149494
-0.054330
-0.009096
0.010684
-0.102873
-0.079305
-0.052397
0.182793
-0.068419
-0.051008
-0.056606
-0.085130
0.003432
0.042596
-0.083544
-0.136256
-0.065477
0.073187
0.043435
0.114677
0.060618
-0.018309
0.039795
-0.042340
-0.066950
0.045408
0.023339
0.074258
0.009300
-0.074154
0.033221
0.013125
-0.026080
-0.036056
-0.091181
-0.081403
-0.011419
0.013447
-0.024663
-0.002437
0.042188
0.205192
-0.017272
0.098103
0.059257
-0.057444
-0.018095
-0.020057
-0.027540
-0.025117
-0.054440
0.044918
0.042615
-0.064919
0.044429
0.064671
0.002258
-0.040204
0.027772
0.100688
0.143944
0.078913
0.026573
-0.028241
0.006590
0.101546
-0.001187
-0.020469
-0.115349
0.045635
-0.024290
-0.027519
-0.035289
0.005444
-0.008720
0.057303
-0.052245
-0.086968
-0.010110
-0.034567
0.029869
-0.030574
0.065218
-0.042686
0.098800
-0.143539
-0.000249
0.010730
-0.046594
0.007979
0.045665
0.020765
0.106062
0.077891
-0.062427
-0.026955
-0.007236
-0.115293
-0.037842
0.049390
0.023021
0.009130
0.085835
-0.061025
0.108839
-0.005711
0.032889
0.039682
0.029437
-0.041516
0.002007
-0.045343
-0.107208
-0.013082
0.006204
-0.067667
-0.094033
0.002819
-0.037000
-0.127654
-0.073227
-0.012133
0.006341
0.041770
0.031760
0.004882
-0.004501
-0.034298
-0.013271
0.012123
-0.024080
0.040801
-0.034444
0.042753
0.065575
-0.043767
-0.066010
-0.003623
-0.050463
0.089694
-0.039689
-0.097635
0.016848
-0.034503
-0.030440
-0.091660
0.014927
0.023362
-0.051640
-0.027759
-0.069782
0.060199
-0.034646
0.031791
0.014475
-0.034256
0.052206
-0.058839
0.012617
0.000852
-0.010618
-0.006710
0.056696
0.017011
-0.030262
0.062184
-0.018384
-0.074236
0.072029
0.031412
0.088153
-0.036468
0.079155
-0.043741
0.155106
0.057469
-0.036763
0.008549
0.023827
-0.090923
0.023376
0.116714
-0.076146
-0.027569
-0.014638
-0.020660
-0.053917
-0.064909
-0.015681
-0.095334
-0.040512
0.016197
0.057373
0.013116
-0.091952
-0.019601
-0.033381
-0.017204
-0.071767
-0.052323
0.054278
-0.060649
0.071781
-0.004692
-0.080062
-0.076916
0.049700
-0.005885
-0.038361
0.067998
-0.022662
0.027344
0.008731
-0.045216
0.059792
0.076879
0.053162
-0.115281
0.058775
0.005648
-0.068403
-0.020935
0.009544
0.079592
-0.049404
-0.005530
0.097660
0.034314
0.013975
-0.044991
-0.010608
0.091777
-0.035553
-0.116536
-0.056699
0.039650
-0.043031
-0.009820
-0.001940
-0.068206
-0.048614
-0.028720
-0.034175
-0.061195
-0.037108
-0.061873
0.007571
-0.108591
-0.148019
-0.005308
-0.056446
-0.010529
0.079955
0.006213
-0.050462
0.027561
0.026593
-0.118367
0.080149
0.010450
0.044477
-0.040133
0.067304
0.099527
-0.035672
0.021764
0.076806
-0.054358
0.018296
-0.016276
-0.027705
-0.002035
0.152025
0.152637
0.043453
0.021321
0.137984
-0.048059
0.038422
-0.132502
0.003374
0.009366
0.073449
0.042984
0.031121
-0.061482
0.050180
-0.012431
0.079113
-0.016637
0.000992
-0.018448
0.015389
-0.084053
-0.020675
0.077971
0.108195
0.055664
0.008554
0.076484
-0.022973
-0.116359
-0.004054
0.062190
0.014820
-0.010143
-0.029888
-0.078318
0.051638
0.033574
0.015899
0.024134
0.038700
-0.011933
-0.002916
-0.007901
0.009418
0.099969
-0.004248
0.000243
-0.035772
-0.029059
-0.110776
-0.072863
-0.041727
0.043342
-0.006654
0.044903
-0.084382
-0.036163
0.017500
0.018041
0.067711
0.013333
-0.038976
-0.036378
0.013600
-0.000099
-0.036407
0.046037
0.060180
-0.029295
0.071745
-0.065595
0.154780
0.006369
0.011057
-0.050559
-0.032368
0.037473
0.036760
0.030705
-0.012289
-0.017811
-0.030441
-0.076094
0.005722
-0.081422
0.065912
-0.014898
0.002961
0.046942
0.016091
0.007968
-0.145710
-0.015716
0.073503
0.035363
-0.026926
-0.008646
-0.051470
-0.012099
0.022650
0.020010
0.019689
-0.009153
0.018865
0.042951
0.053177
-0.057060
0.021646
0.038274
0.004831
0.115462
0.019975
-0.026115
0.008637
0.068771
0.022807
-0.014641
0.073724
0.000391
0.069412
-0.030196
-0.131177
0.081771
-0.010516
-0.008736
-0.019423
0.033818
-0.002866
-0.031378
0.068773
-0.063185
0.046202
0.048094
-0.031152
-0.090438
0.101642
0.056747
-0.066882
-0.044504
-0.117668
0.024773
-0.032939
-0.079467
0.002468
0.061258
0.022947
-0.031006
0.026045
0.052226
-0.070874
0.064751
-0.121871
-0.033962
0.016545
-0.051791
-0.031367
0.006125
-0.084589
-0.056297
-0.019085
0.063225
-0.030047
-0.099515
-0.056429
0.092395
0.057746
0.018047
-0.094885
0.015244
-0.097820
-0.070940
0.011298
-0.015236
0.008766
0.019013
-0.056262
-0.012894
0.091806
0.101717
0.036802
0.050857
0.012984
0.027841
0.020521
0.046047
0.027292
0.080559
0.069969
-0.023877
-0.073505
-0.038987
-0.074525
-0.131119
0.055489
0.075453
0.029762
0.007889
0.078753
0.120809
-0.060413
-0.024441
0.097343
-0.084884
-0.014340
-0.061574
-0.040078
0.004396
-0.033096
-0.060641
-0.056001
0.063910
-0.011693
-0.013999
-0.022207
-0.048439
0.094915
0.006692
-0.058939
0.070175
-0.023571
-0.082791
-0.045266
-0.039279
0.079949
-0.028973
0.056205
0.009459
0.092202
-0.094115
0.053712
0.062932
-0.053344
-0.044235
-0.034354
0.113050
-0.026835
-0.068562
0.021741
0.088879
0.074428
0.075630
-0.026156
-0.022143
0.055896
-0.137038
0.033367
-0.072555
-0.021964
-0.040327
0.036895
-0.005290
-0.022714
0.052359
-0.010614
0.000009
-0.107096
-0.061960
0.028865
-0.000381
-0.041482
-0.012067
0.022092
-0.022429
0.004832
-0.017759
0.001832
-0.015706
0.012907
0.057742
-0.115053
-0.041955
-0.044178
0.046056
-0.030911
-0.005435
-0.125297
-0.001932
0.048189
-0.029111
-0.045117
0.013015
0.016088
-0.021070
-0.006837
-0.060398
-0.034443
-0.035988
-0.035025
0.005504
0.048333
0.102809
0.073761
-0.000985
0.108278
0.025951
0.103394
0.035468
0.037026
-0.070052
-0.001973
0.162094
-0.025193
0.005238
0.039813
-0.047597
-0.059078
0.050388
0.019542
-0.064878
0.042291
0.124848
-0.019471
-0.017404
-0.004837
-0.047104
0.026064
0.086528
0.037998
0.026737
-0.040005
0.023793
0.027303
-0.025231
0.043533
-0.025620
-0.143103
0.004888
-0.075891
0.102544
-0.033460
0.071772
-0.094418
0.045936
-0.026667
-0.046447
0.017435
-0.046507
-0.042705
-0.016108
0.107899
0.007512
-0.021316
-0.139440
0.004931
-0.059113
-0.000301
0.099908
-0.019508
-0.033224
0.044776
-0.012433
0.043346
-0.004018
0.025181
-0.061291
0.075825
-0.049870
0.000705
-0.057070
-0.023188
-0.007739
-0.040961
0.077585
-0.050204
-0.024872
-0.013736
0.035919
-0.079230
-0.022197
0.068306
-0.066937
-0.017915
0.044845
0.037730
0.003152
0.018179
0.006397
0.007364
-0.010212
0.042238
0.047801
0.005462
-0.013137
-0.076381
0.030858
0.089165
-0.027420
0.007696
0.012966
-0.017433
-0.053372
-0.064420
0.045715
0.027860
-0.007114
0.092222
-0.022976
0.105721
-0.061413
0.032082
0.005098
0.099360
-0.038035
-0.088844
-0.030294
-0.056586
-0.094263
0.033263
0.001626
-0.011678
0.031729
0.019608
-0.000113
0.026447
0.054490
0.080844
-0.003789
0.004912
0.067896
-0.032258
0.019425
0.033278
-0.013737
-0.086682
-0.104470
-0.037626
-0.053460
-0.028016
-0.082674
-0.105425
0.062317
-0.033795
-0.018339
-0.099584
0.063106
-0.006664
-0.068030
-0.024721
0.044226
0.048505
-0.080235
-0.038803
-0.012042
0.005213
0.043557
0.032569
-0.085713
-0.059403
0.029626
0.020514
0.003877
0.069869
-0.015332
0.002518
0.009651
-0.036325
0.051376
-0.024788
0.118213
0.040663
-0.048070
0.013354
-0.061590
-0.002902
0.047602
0.105002
-0.031328
-0.037144
-0.024960
0.018998
0.043706
0.006318
-0.054426
-0.012022
0.037950
0.085522
-0.055179
-0.036118
0.036808
0.034622
0.010990
-0.007732
0.052277
0.053962
-0.019260
0.029765
0.004117
-0.126577
0.022728
-0.011815
-0.009648
-0.065053
0.069247
-0.069042
0.012126
-0.068069
0.026724
0.039908
-0.044141
-0.100201
0.044846
-0.071950
0.029325
0.085276
0.017106
-0.115805
0.027932
-0.007275
0.046628
0.001705
0.018795
0.069739
0.081280
0.037558
-0.044916
-0.027352
0.034083
0.020225
-0.005431
-0.074279
-0.038370
-0.061463
0.088719
0.039576
0.046509
-0.043631
-0.035396
-0.030524
0.052038
-0.021076
-0.008024
0.007824
0.078579
-0.006663
0.005649
0.018329
-0.053550
-0.081454
-0.092484
-0.131801
0.037932
-0.034319
0.105916
0.052383
0.167374
-0.005900
-0.072099
0.014356
-0.022360
-0.003502
-0.035088
-0.064967
-0.056575
-0.011852
-0.057940
0.073174
0.064866
-0.012626
-0.030677
-0.001679
-0.028351
0.071575
0.012143
0.035061
-0.015282
-0.050189
-0.002271
0.078935
0.066277
0.078328
0.018455
0.058959
0.088276
0.000195
0.036832
0.025533
0.072646
0.015397
-0.031962
0.099137
0.061593
-0.093153
-0.059316
-0.108675
0.014536
0.030187
0.007493
-0.029856
-0.040663
-0.061463
0.000017
0.005934
0.044967
-0.086249
-0.157810
-0.036997
0.068944
-0.017441
-0.065521
-0.030551
0.077196
-0.090157
-0.016141
0.007067
0.029436
-0.055765
0.020026
-0.024501
-0.042537
0.095959
-0.041437
-0.007223
-0.031820
0.006604
-0.049637
0.044266
0.021712
0.035523
0.002251
-0.059875
-0.006371
-0.058608
-0.035097
0.046080
-0.011662
-0.078878
0.068598
0.001833
0.004892
-0.044844
0.016069
-0.078033
-0.036714
0.022992
0.006035
0.094065
-0.093490
0.011155
0.012673
0.023113
0.044720
-0.038319
-0.079769
0.009738
-0.032138
-0.049213
0.036362
-0.032827
-0.008425
0.031500
-0.131865
-0.075548
-0.080038
-0.191763
-0.028303
0.081642
0.077811
0.056646
-0.054414
-0.017573
-0.047700
0.051156
-0.070765
-0.074301
-0.058896
-0.082854
0.029367
-0.037610
-0.067582
0.036620
-0.080592
-0.018563
-0.047644
-0.046775
0.046372
-0.047466
-0.002041
-0.036000
0.043836
0.027919
-0.025153
-0.001051
-0.072833
0.027837
-0.036382
-0.070659
0.076790
-0.068032
0.007408
-0.071414
-0.100699
-0.033337
-0.065159
-0.062620
0.013499
0.041623
0.059365
-0.009318
0.029435
-0.050612
-0.049600
0.047047
0.039685
-0.077814
-0.050269
0.029406
-0.042344
0.121515
0.120439
0.066324
0.030859
-0.065005
-0.085089
0.063708
0.033763
-0.023320
0.084348
-0.051125
-0.018729
0.047942
0.039892
0.026899
-0.015932
-0.027365
0.001831
-0.020015
0.033977
-0.059719
0.007658
-0.078392
0.074609
0.078108
-0.037586
-0.069168
0.057303
-0.037162
-0.067796
-0.067452
-0.029748
0.032534
0.025460
0.063649
0.008853
-0.013861
0.028039
-0.101162
0.000578
0.061152
0.079365
0.046370
0.082506
-0.013547
-0.052976
0.049465
0.020746
0.043053
0.105188
-0.042238
0.035437
-0.063187
0.041482
-0.065253
0.023376
-0.006030
0.039219
0.030682
0.017031
-0.106593
0.019279
-0.018275
-0.029564
0.050870
-0.106991
-0.010405
-0.086499
0.084588
0.002076
0.040382
0.091837
0.074857
0.078798
-0.050523
0.064649
-0.054054
0.040930
-0.089331
0.022013
0.000014
0.048083
-0.000490
-0.034195
0.061252
0.014664
0.076844
0.081471
-0.023180
0.087697
-0.002258
-0.034814
-0.072965
-0.049952
-0.019401
0.048597
0.084904
0.068819
-0.078938
0.001633
-0.082143
0.035229
0.021639
0.078178
0.082294
0.050159
0.055593
0.026640
-0.027162
-0.049465
-0.075558
-0.058984
0.042968
-0.053006
-0.035552
-0.041990
-0.018940
-0.001279
-0.025447
0.019901
0.040538
0.036174
0.014966
-0.073212
0.055198
-0.160729
-0.044301
0.037002
0.100698
-0.007576
0.032025
-0.031007
-0.057867
0.028305
-0.057873
0.025039
0.102403
-0.003734
0.046715
0.084263
-0.022924
0.054291
0.045369
0.013763
0.086187
-0.048021
0.059083
-0.083724
0.093495
0.033706
-0.148929
-0.075211
0.001675
0.043196
-0.018277
-0.077418
-0.108821
-0.042720
0.046481
0.002811
-0.082038
0.001491
-0.011377
0.000831
-0.040373
-0.045640
0.041011
-0.025144
0.003442
0.094553
0.048487
0.040791
0.027152
-0.035260
-0.025805
-0.118920
-0.000567
-0.010188
-0.025878
0.035876
-0.051540
0.036325
-0.022195
0.002670
0.034477
-0.036072
-0.061313
-0.057329
0.032979
-0.006729
-0.053954
0.069927
-0.035573
-0.087223
0.047352
-0.016549
-0.030831
0.072572
-0.047035
-0.076988
0.037501
0.077494
0.014842
0.076949
-0.043957
0.001951
0.166952
0.098496
-0.001004
0.108381
0.038278
0.061140
0.004054
0.086596
-0.007398
-0.017323
0.027805
-0.115842
-0.008485
0.067692
0.007405
0.007983
-0.049802
-0.143268
-0.005410
0.041639
0.010472
0.001130
0.021709
-0.127005
-0.088040
0.152531
0.033247
0.050070
-0.057193
-0.020504
-0.024776
0.018177
0.069640
0.016969
-0.010975
0.011655
-0.084580
-0.068846
-0.051719
0.011078
0.071381
0.126072
-0.046481
0.044039
-0.003571
-0.024974
0.047319
0.003339
-0.026760
-0.020153
0.117403
-0.083868
0.010289
-0.050590
0.095498
-0.029800
-0.055919
-0.087202
-0.037860
-0.037474
0.085794
-0.080515
0.051769
0.015924
-0.036380
0.026088
-0.060931
-0.048422
-0.103704
-0.058096
0.022193
0.046291
-0.058353
-0.076455
0.016312
0.011977
0.023047
-0.010674
0.011242
0.017096
-0.016674
0.088394
-0.060604
-0.056504
0.013752
0.099670
0.016261
-0.063169
0.008197
0.014257
0.023176
-0.011294
0.011650
0.055428
0.106691
-0.061416
0.024159
0.019488
0.005227
0.057918
0.042025
0.030842
-0.064034
0.065199
0.097103
0.008063
-0.022275
-0.039128
0.008115
0.028097
0.021012
-0.036728
0.072541
-0.031576
-0.062564
0.068689
-0.061270
0.038661
-0.031731
-0.015122
-0.010262
0.014057
0.011387
-0.022547
0.116306
0.014327
0.017913
0.026590
0.028909
-0.017234
-0.000674
0.027394
0.091116
-0.005432
-0.103845
-0.078142
-0.038016
-0.082416
0.061828
0.004042
-0.066720
0.023474
0.094650
0.026540
-0.160201
-0.021949
-0.108565
-0.013666
-0.001907
0.009860
0.087779
-0.017252
-0.006379
0.024395
0.010471
-0.021116
-0.018635
-0.075267
0.035565
0.057709
-0.040707
-0.016379
0.062299
-0.085337
0.025888
0.094827
0.067958
-0.022321
0.015622
0.059069
0.036022
-0.044584
0.007757
0.032134
0.014986
-0.159274
0.044758
0.014894
0.142063
0.036875
0.006059
0.055817
-0.021113
0.067737
-0.051244
0.024891
-0.019668
-0.068928
0.013452
-0.025237
-0.143178
-0.004839
0.006069
-0.010500
-0.014550
0.013956
-0.035320
-0.014579
-0.013090
-0.017992
-0.056188
-0.016001
0.078389
0.077954
0.046879
0.036222
-0.041416
0.039788
0.001625
0.084340
-0.072429
-0.015598
-0.035709
0.025375
0.042966
0.045276
-0.017134
0.036697
-0.016479
-0.071765
-0.058213
0.036090
0.013888
0.034564
-0.005151
-0.021270
0.011614
-0.011586
0.000729
0.016088
-0.044814
0.051496
0.062924
-0.074676
-0.077906
-0.018759
-0.030122
0.123508
0.004080
-0.050424
0.083137
-0.093391
0.047749
0.034030
-0.009782
-0.073468
-0.026840
0.046309
0.004788
-0.026397
-0.069204
0.034056
-0.023421
0.012692
-0.039937
0.039623
0.104526
0.074861
-0.007983
-0.023613
0.045378
0.040200
-0.004372
-0.058983
0.003883
-0.105277
-0.011637
-0.163268
-0.077137
-0.035261
-0.062627
-0.057402
0.003257
0.017251
-0.009162
-0.132262
0.121951
-0.063397
-0.010306
0.069591
-0.118226
0.027018
0.121298
-0.020400
0.074365
0.021694
-0.001941
0.088898
0.005700
-0.078553
0.076403
-0.068089
-0.021512
-0.016102
0.098344
0.084605
0.042094
0.088121
0.067165
0.035485
0.020406
0.012036
-0.001844
0.045295
-0.034843
-0.034174
0.052336
-0.017193
-0.043613
-0.050840
0.077979
-0.000658
0.068855
-0.007947
0.059256
0.004345
-0.020363
-0.077074
-0.020422
-0.088073
-0.067403
0.019782
0.010554
0.107329
0.005652
-0.006521
0.001715
0.031341
-0.065630
0.041425
-0.016157
-0.013748
-0.021317
0.015834
-0.013389
0.046090
-0.052134
-0.115234
0.055980
-0.052535
-0.054221
0.005673
-0.039550
0.087612
-0.024716
0.030916
0.014692
0.019122
0.024678
-0.121095
0.072999
-0.078114
0.122419
0.042917
-0.080761
0.091915
0.063742
-0.001580
-0.039964
-0.052236
0.139794
0.004834
0.010307
-0.053549
0.005399
-0.035603
0.025908
0.092378
-0.041936
-0.063515
-0.015696
-0.103841
0.011451
0.000301
-0.092165
0.157921
-0.009162
-0.041872
0.039886
-0.054996
0.089959
0.015231
-0.087615
0.045372
0.003454
-0.060015
0.062493
0.041041
-0.017789
-0.018301
0.082573
0.059087
0.050378
0.034744
-0.026955
0.019886
0.039640
0.024171
0.002954
0.108407
-0.012289
0.020898
-0.073179
-0.049801
-0.033242
-0.054335
0.085108
0.047152
-0.143271
-0.063422
-0.029747
0.007532
0.000900
0.010238
-0.044204
-0.077849
-0.000886
-0.044766
-0.098338
0.098915
0.046339
-0.041643
0.078178
-0.034325
-0.041735
-0.013307
-0.027280
0.023629
0.023777
-0.029304
0.058301
0.086371
0.037186
0.061969
-0.036158
0.109101
0.040971
0.014198
0.096986
-0.057906
-0.103215
0.059151
-0.018507
0.018552
-0.022982
0.022520
0.033484
0.025171
-0.067813
0.027054
-0.044465
-0.042186
-0.022575
-0.025011
0.109159
-0.050846
0.035206
-0.010039
-0.089412
-0.095216
0.015999
-0.006575
-0.011351
0.047223
-0.034125
-0.020376
0.109812
-0.016640
0.048681
0.015795
-0.058787
-0.071420
-0.067243
0.015768
0.025072
-0.001860
0.026773
0.004030
-0.011690
-0.008505
0.032644
0.037402
-0.083706
-0.003306
0.008455
-0.064863
0.042289
-0.032677
-0.001477
-0.095646
0.023865
0.024775
0.094171
-0.073485
-0.029027
0.049375
0.039214
0.006129
-0.013246
0.036669
-0.120200
0.012656
0.015578
-0.032220
-0.051041
0.147747
-0.104115
-0.039258
0.093471
-0.004731
0.004962
-0.071544
0.025958
-0.011194
0.078027
0.077341
-0.035452
-0.076056
-0.008925
-0.049986
-0.032396
0.027882
-0.001147
-0.003325
0.097218
0.010309
0.035308
-0.005356
0.022649
-0.047878
-0.035406
-0.053435
0.095099
-0.038128
0.027125
0.026030
-0.077466
-0.014029
-0.075819
-0.038403
-0.061231
0.009622
0.022157
-0.034289
0.028014
-0.051023
0.104908
0.068188
0.028284
0.081675
0.064992
-0.113465
-0.006040
0.010621
-0.040957
0.002885
0.058927
-0.005561
0.071911
-0.038038
-0.122567
-0.055976
-0.070839
0.068414
0.057478
-0.075592
0.017253
-0.040505
0.033384
-0.032690
-0.021012
0.062077
0.119524
0.042306
-0.025445
0.003300
0.057615
-0.013574
-0.040834
0.088682
-0.059503
-0.067713
-0.089189
0.004516
0.002102
-0.038500
-0.005787
0.003515
-0.049312
-0.046796
-0.020578
-0.011290
0.039078
-0.071418
0.037425
0.063929
-0.074984
-0.013645
-0.036926
-0.005816
-0.004365
-0.076388
0.036605
-0.083362
0.043772
-0.061320
-0.054085
-0.014136
-0.006182
-0.018182
0.016590
-0.055517
0.008552
0.062457
-0.061966
-0.086561
0.031627
0.005485
-0.074378
0.027208
-0.100662
-0.084993
0.082603
-0.068333
-0.014915
0.073421
0.056849
0.016399
-0.067408
0.018516
-0.026988
0.097055
0.098436
-0.062993
-0.071240
0.117857
-0.199958
0.098060
-0.050504
0.123555
-0.038137
0.042983
-0.040805
0.104123
0.056710
-0.042548
-0.049161
-0.002992
0.069137
-0.055868
-0.021858
-0.058702
0.066274
-0.039505
-0.037438
0.000847
-0.047843
-0.033341
-0.032556
-0.011175
0.038962
-0.005830
0.033501
-0.075618
-0.016622
-0.104135
0.079369
0.040898
0.070025
0.092364
0.033238
0.002107
-0.042613
-0.007499
-0.063457
-0.002975
-0.041505
-0.027682
-0.000000
-0.020984
0.013989
-0.048619
0.094899
0.065233
-0.013411
0.046646
-0.018266
0.025210
0.037028
-0.037723
0.012853
-0.011770
-0.058412
-0.007199
-0.117931
0.004871
-0.118823
-0.000518
0.017748
0.069756
0.011425
0.108122
0.005876
-0.075601
0.002963
0.004162
0.012318
-0.048458
-0.013844
-0.029067
0.059884
-0.001380
0.029873
-0.097683
0.044090
0.021234
-0.019980
-0.058457
0.023328
0.030002
-0.112256
0.106104
0.057217
0.111398
0.030221
-0.048297
-0.025014
-0.011629
0.012207
-0.059233
0.042733
-0.029698
0.043149
0.095397
-0.063941
-0.147488
-0.050489
0.147647
-0.042654
-0.011565
-0.005349
0.060131
-0.054992
0.018497
0.071898
0.035715
-0.030095
0.034950
0.009237
-0.037383
0.099749
0.029454
0.032869
-0.017925
0.000807
-0.042805
0.090592
0.025438
0.036869
-0.065757
-0.138358
-0.052270
-0.081793
-0.037678
0.061540
0.065754
0.019437
-0.000043
-0.011239
0.037544
0.008375
-0.036330
-0.009485
0.024797
-0.084731
0.054825
-0.071959
-0.048698
0.109441
0.037799
-0.056634
0.087525
0.042046
-0.107978
-0.004626
0.060823
0.061839
0.078256
0.016873
-0.036729
-0.058062
0.038437
-0.005745
0.035905
-0.078628
-0.062553
-0.003509
-0.056874
-0.007303
-0.005758
-0.074397
-0.005727
-0.007792
-0.040865
0.094736
0.009485
-0.001300
-0.008525
0.027028
-0.024473
-0.056702
0.102290
-0.022479
0.052820
-0.044249
-0.073024
-0.006049
-0.102753
-0.023300
-0.009130
0.024603
0.013551
0.048808
-0.011802
0.021873
0.035361
0.027919
0.052429
0.012686
-0.024601
0.084059
-0.081908
-0.029331
0.051628
0.027953
-0.030510
0.075632
0.023217
0.026996
0.013010
-0.010810
0.049411
-0.019398
0.027487
-0.035794
-0.019325
-0.095682
0.042665
0.052106
-0.063960
-0.009112
-0.030656
0.029205
-0.024755
-0.030293
-0.049717
0.100270
-0.072270
0.007767
0.029813
-0.065348
-0.081129
-0.055906
0.011195
-0.071338
-0.064028
0.030158
0.025220
0.045541
0.068302
-0.007284
-0.017305
0.035203
-0.012070
0.066969
-0.052302
0.107983
-0.049567
0.004486
-0.018185
-0.155201
0.054883
-0.036093
0.004306
-0.022780
0.038004
0.112309
-0.131829
-0.000572
-0.076659
-0.032872
0.056942
-0.131207
0.065676
-0.136316
0.099189
-0.001738
0.018358
-0.011612
-0.028476
0.009711
0.083886
0.038762
0.005155
-0.012699
-0.083296
-0.069375
0.051467
-0.040841
0.075393
0.030790
-0.017851
0.022209
-0.013889
-0.013582
-0.022842
-0.012001
-0.002428
0.006755
-0.010524
0.041965
0.036066
-0.023914
-0.017218
-0.085349
0.073198
-0.066702
0.043096
-0.075792
-0.002135
0.071383
-0.046730
-0.012709
0.087376
0.021706
-0.104751
0.096814
-0.006513
-0.014095
-0.002990
-0.013424
-0.076405
-0.019074
0.013640
0.177911
0.076613
0.029288
-0.018739
0.000544
0.070591
-0.105764
-0.031319
0.050805
0.046950
0.032917
-0.060699
0.040121
-0.041380
0.063193
0.049369
0.019309
0.005069
0.052647
-0.082056
-0.019037
-0.034959
0.030158
-0.014580
0.028601
0.035871
0.001133
-0.022463
0.079061
0.033469
0.006986
0.066583
0.038418
0.013011
-0.028395
0.062559
0.061272
-0.030430
0.068317
-0.134268
-0.035698
-0.007997
0.030645
0.015353
0.016922
-0.129604
-0.066019
0.020214
0.081178
-0.040455
0.034916
0.006777
0.032632
0.024824
0.009834
0.019098
0.054731
0.041908
0.023212
-0.007230
-0.017412
0.079214
-0.010281
-0.045458
0.043582
-0.044496
-0.002717
0.022238
0.032066
0.035161
0.011702
-0.070785
-0.036899
0.032870
-0.090780
-0.014782
-0.047410
-0.046345
0.003214
0.000200
0.061170
0.005442
0.049342
0.087308
0.035652
-0.030872
-0.017592
-0.101335
0.015518
0.001782
-0.089548
-0.014796
0.022658
0.035263
0.049946
0.117958
0.044005
-0.017913
0.065680
-0.103329
0.037501
0.024710
-0.035736
0.077611
-0.116345
-0.019543
0.008596
-0.086764
-0.030245
-0.025920
0.055116
0.081332
-0.065927
-0.014770
-0.021975
-0.010159
0.004111
-0.047658
-0.001863
0.042279
-0.128955
0.001970
0.030893
0.037479
0.043252
-0.032976
0.017464
0.105181
-0.072759
-0.048449
-0.123065
-0.006852
0.053405
0.009911
0.068270
0.083527
-0.019697
-0.008096
0.023572
-0.093268
0.078855
0.056591
0.039907
-0.031963
0.091629
0.054252
0.116834
-0.038819
-0.041486
-0.009246
-0.012797
0.012654
0.041199
-0.057575
-0.001484
-0.071883
0.101041
0.034804
0.027834
0.009720
0.043994
-0.073593
0.123643
-0.012100
0.033059
-0.116066
0.023068
0.067109
0.036758
-0.147551
0.010167
-0.028247
-0.007478
0.014579
0.073053
-0.012746
-0.038196
-0.061153
-0.030516
-0.106049
-0.046937
0.031687
0.076206
0.000681
-0.034497
0.064965
-0.011752
-0.038154
0.060668
0.007108
0.113790
0.020517
-0.028245
0.025272
-0.058588
-0.029844
0.077267
-0.027768
-0.030263
-0.033469
0.043881
-0.031535
-0.030461
-0.019135
0.023895
0.041894
-0.002685
0.032072
-0.052144
0.033355
0.003707
-0.027379
0.059237
0.051293
-0.015387
0.022803
-0.076738
-0.040469
0.016188
0.049470
0.017148
0.069258
-0.027838
-0.014887
0.011814
-0.096539
0.051818
0.049988
-0.039512
0.018683
-0.020103
-0.051829
-0.096436
0.067102
-0.005100
-0.053799
-0.144161
0.075431
0.010458
0.003023
-0.020381
0.005522
0.014118
0.113029
-0.071688
-0.027539
0.068944
-0.061658
0.037807
-0.103172
-0.000178
-0.001587
-0.022928
0.011333
-0.021163
0.029563
-0.025078
-0.012427
-0.059344
-0.040657
0.018769
0.023078
-0.160392
-0.036711
0.001051
0.106303
0.032668
-0.089308
0.019420
-0.062897
0.005874
-0.001184
0.087599
-0.012349
-0.028771
-0.004471
-0.055263
0.041401
-0.026370
0.015281
-0.101452
0.011953
-0.070627
-0.055670
0.031036
0.022711
-0.023123
-0.028837
0.004984
0.133238
0.014698
0.047981
-0.042743
-0.001095
0.048309
0.094971
-0.023913
0.066697
-0.014722
-0.041359
-0.003825
-0.054481
-0.003032
-0.073686
0.101302
0.013985
0.103591
-0.035662
0.000724
-0.001983
0.011486
-0.010371
-0.050239
-0.010247
-0.088244
0.014085
0.081751
-0.022791
-0.012224
-0.000854
-0.031169
-0.046591
0.071022
-0.031340
-0.027518
0.062523
0.020539
0.047157
0.030457
-0.081365
0.053733
0.026888
-0.019544
0.036097
0.024464
0.037892
-0.029855
-0.006664
-0.053018
-0.015936
-0.028385
-0.089659
0.046312
-0.074208
0.033848
0.065563
-0.049840
-0.022007
0.040472
-0.055980
0.076982
0.002446
0.044928
-0.011172
0.068888
0.039907
0.057446
-0.034937
0.034503
0.055763
0.033995
0.031753
-0.012346
-0.031364
-0.049575
0.066122
0.036844
0.029347
-0.007542
0.010360
-0.027066
0.024650
0.069127
-0.048471
0.005785
0.073402
-0.015454
0.052001
0.077231
-0.025599
0.039818
0.064972
-0.073937
-0.051149
0.018438
-0.076207
0.101215
0.030486
0.071101
-0.010061
-0.034046
-0.048942
0.026382
0.050462
0.092222
-0.033131
-0.064580
0.050973
-0.042432
0.022812
-0.029650
-0.074754
-0.055859
-0.083055
-0.018295
0.000969
-0.042770
-0.015714
0.053793
-0.005350
0.012030
0.042696
0.006592
-0.013648
-0.007277
-0.050593
-0.000096
-0.047944
-0.139449
-0.053070
0.027809
-0.062573
-0.050937
0.023098
0.122787
0.069688
-0.074663
0.051738
0.133111
0.042017
0.040819
-0.033212
0.047505
0.001634
0.006226
0.017440
0.079591
-0.043721
-0.080904
0.031570
0.037641
-0.007084
-0.079180
0.051892
-0.102666
0.005180
-0.019197
0.014944
-0.052260
0.062337
0.045383
0.029043
-0.043617
0.021003
0.007550
0.014171
-0.037430
0.119956
0.042747
-0.068422
-0.095093
0.076834
0.045331
0.078418
-0.062682
0.006785
-0.114301
-0.012715
0.171988
0.012175
-0.025670
0.047963
-0.008464
0.013974
-0.028812
0.039239
-0.019697
-0.034950
0.100828
-0.009340
-0.122858
0.017850
-0.050444
-0.075054
-0.052089
0.114817
0.072293
0.035310
0.084136
0.018903
0.061413
-0.026707
0.031654
-0.071997
0.065726
0.059689
0.084291
0.028695
0.137088
0.003353
0.014761
0.034034
-0.079116
0.060345
-0.005945
0.017034
-0.028369
-0.077389
-0.002269
0.008473
0.014557
0.026258
0.083052
-0.093845
-0.030984
0.083614
-0.053261
0.006511
-0.084388
-0.048830
0.049289
0.022181
0.055253
-0.034977
-0.005785
-0.030207
0.048288
0.030843
-0.014946
0.076613
0.022562
-0.110308
-0.023500
0.055286
0.029194
-0.124976
0.010460
-0.040133
0.061926
-0.015269
-0.068227
0.025091
-0.006530
0.006716
-0.042607
0.083874
-0.084191
-0.001213
0.086412
-0.031447
-0.002772
-0.163037
0.041114
-0.028473
-0.103522
0.027612
-0.008020
-0.120597
0.080468
-0.037401
-0.011451
0.013596
0.075198
-0.079655
-0.009637
-0.016071
-0.007962
-0.107487
-0.077920
0.081312
0.099333
-0.012255
0.016643
-0.017387
-0.111447
0.066091
0.058343
-0.001259
0.002115
-0.022415
0.108273
-0.000960
0.036708
0.061221
-0.006793
0.019377
0.003127
-0.039821
0.048300
-0.117899
-0.028781
-0.029287
0.121706
-0.048982
-0.096019
0.006890
0.024427
-0.028657
0.017437
0.029183
-0.053506
-0.012918
-0.123389
-0.037073
-0.068510
0.041129
-0.009309
0.027828
-0.102087
-0.073247
0.117453
0.013126
0.019492
0.047705
0.135993
-0.047201
0.031449
0.053794
0.093640
-0.029825
0.028770
-0.053963
0.022602
-0.013822
0.002913
-0.018019
-0.031707
0.003899
0.039208
-0.066931
0.022142
-0.018145
-0.058746
-0.088739
0.085998
0.008192
0.016897
-0.040124
-0.077458
0.038707
-0.035165
0.070003
0.014146
-0.029006
0.027354
0.057227
0.015645
-0.024858
0.003496
-0.004552
-0.042823
0.104654
-0.087453
-0.022848
0.102320
-0.023449
-0.061018
0.004120
0.053173
0.057078
-0.007677
-0.022626
0.092156
0.001579
-0.046561
0.029549
-0.085772
0.041037
-0.019429
0.083106
0.045657
-0.062796
-0.081233
-0.023849
-0.142180
-0.007156
-0.029170
-0.013713
0.045701
0.032037
-0.028983
0.042469
0.046704
-0.048436
-0.038663
0.013564
-0.035668
0.106844
0.016050
0.076452
0.012641
-0.082426
0.059418
0.028077
0.076371
0.093394
0.078963
-0.043534
-0.069293
0.025589
-0.086843
-0.132461
-0.020726
0.032736
-0.082446
0.022275
-0.081749
-0.052933
0.031526
-0.018874
-0.122277
0.044708
0.006821
-0.012805
-0.041380
0.058142
0.020598
0.081307
-0.003996
0.043048
-0.049063
0.004685
-0.024841
-0.071158
-0.006920
0.083682
-0.051452
-0.024886
0.002344
0.070682
-0.069711
-0.046695
-0.015481
0.146106
0.014166
0.039223
0.050067
-0.092467
-0.016130
0.005341
-0.033253
-0.012888
0.066397
-0.050214
-0.007975
-0.059522
-0.159093
0.030404
-0.043724
-0.040434
-0.019057
-0.063240
-0.029731
0.030379
-0.117556
-0.017929
0.106661
0.140339
0.036208
-0.045683
0.056927
0.010705
-0.032269
-0.030483
0.027901
-0.019744
0.057206
0.050659
-0.070739
-0.053258
-0.039867
-0.052083
-0.081421
0.037636
0.045263
-0.039521
-0.045613
-0.019311
-0.146048
-0.076431
-0.007918
0.106147
0.091843
0.020530
0.037251
0.034248
0.038169
-0.084676
0.005658
0.000708
0.012335
-0.020362
0.093369
-0.055013
-0.017768
-0.020477
-0.002969
0.134450
-0.038283
-0.080709
0.046172
-0.056544
0.038281
-0.012667
-0.141966
0.036015
0.024929
-0.005157
0.113219
-0.000463
0.047234
-0.051192
-0.030428
-0.034553
0.066486
-0.024222
0.076103
0.046742
0.014130
-0.017713
0.030348
-0.098649
0.082717
0.038449
0.005744
-0.101622
-0.124016
-0.050547
-0.085026
0.002447
0.057272
0.062966
0.060467
0.016413
0.042961
0.011701
-0.108571
0.065365
0.005541
0.022107
0.001621
-0.036692
-0.055447
0.027161
0.027320
-0.089854
0.026450
-0.079195
-0.041170
0.012593
-0.072192
-0.016691
0.038368
-0.065854
0.060320
-0.022384
-0.013977
0.034546
0.020142
0.033908
0.015538
-0.039843
0.016546
0.077591
-0.005543
0.020291
-0.023227
0.047639
0.018885
0.003332
0.079602
-0.002440
0.050216
0.023705
-0.013301
0.035125
0.047814
-0.083874
-0.057604
-0.026235
-0.097283
0.034610
0.026652
0.002499
0.023755
-0.063005
-0.153058
-0.012689
0.015931
0.018597
0.000836
0.056603
0.066078
0.057129
-0.120194
-0.033741
-0.008456
-0.046231
-0.038148
-0.026512
0.016175
-0.125505
-0.060884
0.008368
0.029320
0.088036
-0.014747
-0.071011
-0.005216
-0.026874
0.005913
0.035847
0.075711
0.000695
0.033213
0.084195
0.084746
0.010008
0.024249
0.010778
0.013519
-0.007393
-0.031569
0.019782
0.026459
-0.069203
-0.005385
0.104374
0.064048
-0.024295
-0.022069
0.041584
-0.046021
-0.040115
0.068317
-0.038680
0.057060
0.059910
0.000352
0.120625
0.011837
0.074841
-0.005884
0.004205
0.081206
0.053837
0.080055
0.003470
-0.090786
0.025732
0.062428
0.045492
-0.071064
0.045799
0.068362
0.050489
-0.014184
0.036670
-0.059840
-0.019071
0.013473
0.021110
-0.095027
-0.041356
-0.031475
-0.069215
-0.015596
0.005260
-0.019187
0.055598
-0.032466
-0.048395
0.063020
0.037792
0.033573
-0.075746
0.061070
-0.043758
0.009113
0.047856
-0.077359
-0.076998
0.097605
-0.105648
0.042228
0.087654
0.000172
-0.042842
0.002576
0.060462
-0.061406
0.020538
0.029480
0.026945
-0.031128
0.032460
0.028892
-0.027736
0.008471
0.065606
-0.011546
0.072072
-0.107618
-0.044689
0.020500
-0.057770
-0.047267
0.049286
0.111944
-0.036215
-0.041659
-0.042962
0.114390
-0.047134
0.121158
-0.051361
0.042069
-0.080699
-0.058374
-0.032260
0.059594
-0.007633
0.086393
0.023473
0.051764
0.112592
0.005820
0.020616
-0.016951
-0.033965
0.039170
-0.005942
0.088428
-0.083179
0.015446
0.019935
-0.042346
-0.037827
0.036196
0.013442
-0.087394
0.061814
0.015891
-0.007965
0.094944
-0.136616
0.039371
-0.048911
0.111357
0.060218
-0.029016
-0.060372
0.103186
0.012216
0.115803
0.073468
-0.029169
0.023113
0.000680
0.002322
0.026937
0.077648
0.090872
0.011942
0.081600
0.045534
0.076559
0.008000
-0.002465
-0.059976
0.008892
0.043507
0.118203
-0.047391
-0.018554
0.003229
-0.077015
-0.015284
0.034861
0.098942
0.094147
-0.023557
0.061702
0.037881
0.000272
-0.019616
0.015135
0.033619
0.025665
-0.028102
-0.104896
0.039165
0.031049
-0.086635
-0.049195
-0.085313
0.002419
0.039656
0.065783
0.062052
-0.042205
-0.041636
0.060084
-0.049643
-0.097264
-0.038371
-0.022537
-0.078149
0.019395
0.050192
0.017857
0.009169
-0.035688
0.011395
0.008073
0.065950
0.040526
-0.005324
0.030100
-0.014608
0.015909
0.029374
-0.051320
-0.060113
0.089373
-0.089068
-0.054543
0.001875
-0.088776
-0.148779
-0.156010
-0.085684
-0.026614
-0.020600
-0.029853
-0.000881
-0.022486
-0.003539
0.003694
0.000487
0.012569
0.018199
0.018458
0.056145
0.047471
0.022951
-0.044596
-0.010061
-0.040048
-0.014794
-0.087785
-0.054506
0.024651
-0.142789
-0.051077
-0.020992
-0.025032
0.010711
0.042825
0.061110
0.063409
0.003733
-0.041706
0.007823
0.090522
-0.005856
0.131014
-0.063771
-0.016078
-0.047029
0.145700
-0.031364
0.059259
0.035896
-0.010739
-0.047535
0.045560
-0.007592
-0.048990
0.011423
0.071701
0.053107
-0.049731
0.009757
0.070736
0.031781
-0.046599
-0.013866
-0.043061
0.000703
0.101045
-0.045023
0.053361
-0.051165
-0.049268
-0.026849
-0.080737
-0.085466
0.116047
-0.021136
-0.032379
-0.053542
-0.064164
-0.037326
0.029770
-0.006990
-0.066985
0.039281
0.014574
0.015775
0.025113
-0.011074
-0.002600
-0.030728
0.094099
-0.052023
-0.007347
0.069602
-0.100473
0.078362
0.030697
0.011447
0.051405
-0.015961
0.032417
-0.068368
-0.004736
-0.039829
-0.062957
-0.071372
-0.033862
-0.031528
-0.015669
0.021706
-0.010695
-0.100297
0.025523
0.006718
0.044246
0.020966
0.035913
-0.120139
-0.070598
-0.013982
-0.107578
0.041775
0.015015
0.067477
0.116091
-0.022617
-0.122826
-0.046770
0.010229
-0.148814
-0.020612
-0.070733
0.062890
0.016328
0.008425
0.013985
0.035236
0.006109
-0.120255
-0.027804
0.056539
-0.101147
-0.033858
-0.000103
0.041737
0.052288
0.006717
-0.030856
-0.032100
0.015208
0.043729
0.023383
-0.092672
-0.054657
-0.042312
-0.011869
-0.066512
-0.086899
0.065787
0.005931
-0.005236
-0.044695
-0.016989
0.001258
0.049448
0.068920
-0.104752
-0.029975
-0.140443
0.060855
-0.004579
-0.078323
0.100241
0.040394
-0.061013
-0.007733
0.022690
0.059782
-0.050004
-0.007768
-0.030718
-0.071950
0.064898
0.044012
-0.010053
0.017010
0.019239
-0.000921
0.027513
0.006159
-0.052201
-0.004419
-0.053963
-0.043661
0.120876
0.036066
0.010398
-0.003154
-0.128403
0.069771
-0.005876
-0.058398
-0.050655
-0.009281
0.026665
0.003243
-0.013224
0.066264
0.104791
0.082959
-0.016699
-0.062467
-0.005698
-0.050442
0.065799
-0.021571
-0.009164
-0.030541
0.054313
-0.022532
0.042234
0.025723
-0.064883
-0.046018
-0.103779
0.046496
0.019040
0.064209
0.041620
0.052273
0.011084
-0.065173
-0.057949
-0.000430
0.052091
0.053433
-0.051883
0.029636
-0.014197
-0.005383
0.019767
0.026925
0.119631
0.119436
0.067737
0.066574
-0.020197
-0.077538
-0.000618
-0.042612
0.026625
0.153543
-0.053911
0.053103
-0.051794
-0.021457
0.070299
0.069489
-0.051618
0.038569
-0.044659
-0.045460
0.063567
-0.007835
0.000789
0.002330
0.031050
-0.022182
-0.008198
0.036231
-0.103580
0.019062
-0.022848
0.027135
0.111442
-0.079817
-0.050479
0.085723
0.060094
-0.023989
-0.132378
0.005763
0.028982
0.117711
-0.052326
-0.040522
0.068993
-0.002741
-0.037619
0.042940
0.106396
-0.064318
-0.057026
0.074162
-0.004494
0.012955
-0.024894
0.082931
0.021493
-0.028133
0.017500
-0.102907
-0.068300
0.057547
0.022739
0.007761
-0.066974
0.126907
-0.046629
0.000762
-0.115036
0.019555
-0.114336
-0.021119
0.018802
-0.069686
0.118956
-0.019070
-0.036326
-0.044461
-0.009891
0.041938
0.066175
-0.062757
-0.047281
-0.043869
-0.078474
0.048271
-0.104563
-0.031180
-0.078818
-0.051832
-0.037375
0.047596
0.024259
-0.004509
-0.084127
0.100575
0.012550
0.061929
-0.073285
0.058612
-0.010352
0.037818
0.036897
-0.022314
0.109194
-0.024877
-0.020719
-0.108095
0.027342
-0.035742
-0.011459
0.086970
0.014986
-0.019915
0.029567
-0.001521
0.023486
-0.012602
0.005174
0.046911
0.012038
-0.008465
-0.005039
0.099038
0.049684
0.023004
0.062380
0.039581
-0.088471
-0.132164
-0.030613
-0.031117
0.005272
0.098967
-0.039342
0.062997
-0.059009
0.016281
0.077712
-0.063117
-0.014237
-0.012836
0.061776
0.047270
0.081410
-0.027356
-0.114721
0.020249
-0.040972
-0.003108
-0.057262
-0.029746
-0.011208
-0.004541
-0.071285
0.025034
-0.061652
0.025599
-0.020068
0.035663
-0.031054
-0.002080
-0.078465
0.037797
0.016217
-0.017948
-0.008799
-0.007114
-0.047829
0.135483
0.041265
0.035781
0.077647
0.035457
-0.026902
0.080116
0.035441
0.023966
0.042957
0.032404
0.079538
-0.017209
-0.027572
0.099568
-0.008148
0.080401
0.028994
0.058970
0.052366
-0.100021
-0.062281
-0.079741
0.008657
0.018420
0.014522
-0.038555
-0.121317
0.068185
-0.073608
-0.110692
-0.047335
0.090800
-0.068626
-0.065094
0.073945
-0.138429
-0.049423
0.052343
-0.029804
0.075462
-0.017501
0.027927
0.041651
-0.023668
-0.015152
-0.038845
-0.025574
-0.067871
0.072806
0.012026
-0.042065
-0.152168
0.097946
-0.030866
0.092301
-0.042155
0.051665
0.064870
-0.063223
0.019084
-0.043498
-0.012332
0.107239
-0.039142
0.013183
0.003612
-0.082304
0.128065
0.009087
-0.091218
0.021743
0.006546
-0.147861
-0.142481
-0.021547
-0.059306
0.048066
0.088942
-0.010975
0.045465
0.034977
-0.015802
0.038820
0.005431
-0.064940
-0.011436
-0.052481
-0.006882
0.026599
-0.158784
0.021429
0.037962
0.086177
-0.046583
-0.081473
0.016972
0.085859
0.000878
0.002052
-0.019410
-0.088837
-0.056693
0.026059
-0.027117
-0.082466
-0.077315
-0.055239
0.059246
-0.047487
0.019754
-0.074569
-0.023934
-0.092983
0.048182
0.070349
0.013256
-0.037409
0.049460
0.029069
0.033530
-0.113878
-0.103925
0.048684
-0.020282
0.055078
0.012274
-0.001828
-0.051570
0.000969
0.010781
-0.004950
0.041883
0.016235
0.015247
-0.001530
0.020660
-0.063551
-0.090165
0.063334
0.032489
0.056549
-0.054473
-0.001450
0.052562
0.017493
0.024486
0.047946
0.181068
0.000461
0.078422
-0.073193
-0.007628
0.011994
-0.009371
0.089168
-0.054900
-0.134527
0.027181
-0.064550
-0.031062
-0.013065
0.021819
0.069974
-0.047255
0.051703
0.019918
-0.074179
-0.001704
-0.053007
-0.000650
-0.063027
-0.168007
-0.034127
-0.000785
-0.045822
0.051748
-0.003192
0.012924
0.019903
0.052515
-0.018448
-0.007346
0.006672
-0.010836
-0.066388
-0.015156
0.000277
0.047861
-0.011913
0.007349
0.002650
0.071857
0.021902
-0.016692
-0.074006
-0.040777
0.016237
-0.077298
-0.058181
-0.076147
0.050077
0.088576
-0.030160
0.036163
-0.044150
-0.007065
-0.012186
0.077455
-0.001303
-0.023109
-0.025860
-0.065064
0.002992
0.060446
0.005504
0.104999
0.090105
0.187514
-0.045741
-0.044902
-0.016408
0.027238
0.032011
0.034063
0.031595
-0.081315
0.034557
0.005086
0.036878
0.004796
-0.059367
-0.002705
-0.054734
0.007212
-0.049009
0.018294
-0.043424
0.065784
0.065174
0.014957
-0.088415
0.049073
-0.005184
0.127078
0.026964
-0.009525
0.097075
0.036792
0.074340
0.011084
0.078925
-0.084977
0.012503
-0.069076
0.052932
0.054532
-0.026250
-0.091840
-0.010394
0.001751
-0.025640
0.042820
0.045302
0.033072
-0.039593
0.077279
-0.082085
0.046628
0.050392
0.047043
-0.048791
-0.055811
-0.000072
-0.087968
-0.005361
-0.041889
-0.078955
-0.034931
0.000885
-0.086730
-0.064333
0.052732
-0.029775
-0.011280
-0.005277
0.011809
-0.066726
0.018315
-0.082595
-0.008257
0.063138
0.003640
0.059849
0.043347
-0.036987
-0.008479
0.047004
-0.070748
0.119417
0.036727
-0.043660
-0.058104
-0.040608
0.031312
0.016544
0.038044
-0.018473
-0.100572
0.062485
0.007997
0.097900
0.014227
-0.048555
0.005655
-0.005494
-0.028075
0.010521
-0.012427
-0.159145
0.046773
0.017792
0.002886
0.026352
-0.027221
-0.139363
-0.008879
0.016647
0.057742
-0.030156
0.090247
-0.012060
0.041303
0.007894
-0.042634
0.081209
0.022833
0.068631
-0.042629
-0.018117
-0.059309
0.037076
0.054592
-0.015883
0.059181
-0.042600
0.057694
-0.028307
-0.038253
-0.009261
-0.028274
-0.016168
-0.024692
0.049092
-0.052111
0.002935
0.003001
-0.052656
0.041500
-0.058054
0.032090
0.061011
0.004664
0.007365
0.045215
-0.010991
-0.064019
0.104111
0.025902
0.029452
-0.098829
0.048764
0.015746
-0.035840
-0.061025
0.031069
-0.055219
-0.012222
0.015111
-0.054848
0.121327
-0.009183
-0.080455
0.031607
0.055640
-0.041952
0.060136
0.003002
-0.010643
0.044370
-0.032663
-0.090408
-0.078546
-0.023001
-0.009162
0.054161
-0.026314
0.037324
0.059887
-0.033443
-0.045541
-0.015886
-0.062534
0.055398
0.000334
-0.041787
0.051192
-0.039070
-0.099267
-0.024886
0.016863
-0.020110
0.021319
-0.050539
-0.040620
-0.024578
0.017123
0.023035
0.065260
-0.009082
-0.027327
-0.048226
0.030876
-0.086624
-0.049427
0.091360
-0.024921
0.034328
0.030589
0.008994
0.139578
-0.005265
0.013901
0.058503
0.045958
0.026491
-0.001377
0.012095
-0.055076
-0.062820
0.022067
-0.065452
0.084443
0.073874
-0.035140
-0.045407
0.087610
-0.034414
0.082980
-0.015658
-0.083746
-0.000164
0.015758
-0.009434
-0.003647
-0.046412
-0.071184
0.031049
0.083481
-0.044278
-0.041348
-0.044560
-0.019140
-0.084057
0.067397
-0.011809
0.078227
-0.034429
0.079322
-0.107928
-0.058917
-0.099076
-0.064063
0.037952
-0.022258
0.005890
-0.094868
0.022867
0.017677
-0.072384
0.001196
0.003228
0.089494
0.087824
-0.091637
0.015075
-0.076076
-0.019072
-0.093049
-0.074338
-0.026808
0.058686
0.012173
-0.120292
0.025221
-0.002599
-0.004350
-0.047660
-0.085876
-0.021163
-0.069388
0.019905
0.032586
0.052789
-0.027595
-0.004422
-0.023054
-0.025428
0.063468
0.113144
-0.056045
0.096122
-0.034285
-0.013000
0.020664
-0.073495
0.041936
-0.037904
0.134025
-0.044823
-0.025773
-0.004752
0.014091
0.037778
0.039551
0.114430
-0.021231
-0.020751
0.056148
0.019496
0.000698
0.027499
-0.080269
-0.087691
0.051048
0.016992
-0.049611
-0.037289
0.004737
-0.002183
0.001372
-0.033321
-0.046042
-0.014940
-0.039564
-0.007308
0.108868
0.036473
-0.002192
0.059010
-0.057585
0.068325
-0.064440
-0.124621
-0.035673
-0.005590
0.001059
0.034800
-0.105551
0.009576
0.010785
-0.062755
-0.034095
-0.097947
0.047103
-0.073759
0.085618
-0.020133
-0.037073
0.070270
-0.072987
0.084367
-0.082087
0.021284
-0.032603
-0.008293
-0.033860
-0.012460
-0.098191
0.035116
0.021655
0.018042
-0.032169
0.007267
-0.002437
-0.051549
-0.065630
-0.048390
0.029597
-0.076178
0.099594
0.105430
-0.024523
-0.026076
0.002737
0.082606
0.010870
0.007561
-0.041282
0.033531
0.021346
-0.047956
0.007110
-0.006858
-0.009279
-0.004918
0.016029
-0.033950
-0.098926
-0.060634
0.081220
-0.027242
-0.043347
0.025527
-0.111778
-0.061045
-0.008162
-0.003534
-0.025216
-0.078163
0.026569
-0.042910
0.013201
-0.007669
-0.055723
0.050253
0.051839
0.046073
-0.054942
-0.093246
-0.010859
-0.065787
0.010955
-0.036537
-0.056045
0.032023
0.071916
-0.040383
-0.016594
-0.078460
0.032559
-0.140862
0.027543
0.042791
0.014458
-0.009894
-0.017706
-0.027842
-0.013991
-0.060801
0.038668
0.056857
-0.094947
0.010695
0.018429
-0.047124
0.014284
-0.115518
0.011751
0.029288
0.042579
-0.062694
-0.018775
-0.083507
0.042949
0.004841
-0.013497
-0.011074
0.006713
-0.049005
0.004637
-0.114958
0.076731
-0.157789
0.024899
-0.025897
-0.125630
-0.065311
0.020649
0.049100
0.060944
-0.055109
0.071499
0.111762
0.040466
0.040668
0.024358
-0.092976
-0.012339
-0.053805
0.058326
-0.061380
-0.102311
-0.013733
-0.060747
0.030026
0.050736
0.004381
-0.035672
0.021256
-0.066029
-0.015011
0.005642
0.012943
0.010114
-0.052087
0.041257
-0.085703
0.020820
-0.030781
0.097152
-0.120583
-0.030610
-0.035475
-0.014920
-0.095663
0.006601
0.039586
0.055858
0.022036
0.029897
-0.051515
-0.151083
0.062283
-0.087242
0.013236
-0.055425
-0.030929
0.014017
0.043259
0.038218
0.021065
0.037962
-0.030663
-0.002317
0.054178
0.024419
-0.013431
-0.071259
-0.109092
-0.051927
-0.074795
0.079974
0.055458
-0.029780
-0.037941
-0.041353
0.091273
-0.024508
-0.020710
0.119381
-0.063314
-0.004657
0.044826
-0.042612
0.036913
-0.030070
0.066594
-0.081253
-0.027859
-0.054050
0.074101
0.101061
-0.056255
-0.086640
0.032633
0.031069
-0.007200
0.129726
-0.053946
-0.087445
-0.006632
0.043382
0.077090
0.001075
-0.082429
0.075368
0.035644
0.103127
-0.008286
0.042490
-0.086365
-0.073697
-0.017865
-0.007421
-0.039176
-0.000105
0.128057
-0.054250
0.015575
-0.006002
-0.061607
-0.005343
0.011719
-0.046231
-0.190914
-0.029894
0.018301
0.081288
0.028072
-0.112518
-0.066661
-0.074367
0.051225
0.063456
0.011542
0.004501
0.046809
-0.013202
0.036511
0.019491
-0.006662
-0.016472
0.042036
-0.047920
-0.009298
-0.077093
-0.007858
0.051339
0.028906
0.010521
-0.047745
-0.122166
0.084663
0.052226
-0.053128
0.003308
-0.075702
-0.090018
0.026708
0.036445
-0.002436
-0.036062
-0.007924
-0.064365
0.032016
-0.030011
-0.007724
0.063003
-0.017763
0.046457
0.014842
-0.071765
-0.052861
-0.086938
0.007954
0.147731
-0.001126
0.008433
-0.016381
-0.029300
-0.089660
0.038948
-0.085603
0.117098
0.009185
-0.043467
0.163439
-0.006600
-0.022138
0.010444
-0.028374
-0.110588
0.070335
0.010096
0.094078
0.009437
0.035996
-0.037616
0.026212
0.043567
0.022484
0.066421
-0.046732
-0.009316
-0.042200
0.018954
-0.033241
-0.021037
-0.026454
-0.005526
0.149518
-0.055020
0.004224
0.013062
-0.010072
-0.109365
-0.011803
0.012133
0.046464
0.048138
0.055737
-0.120840
-0.001239
0.108436
0.019435
-0.019887
0.017013
-0.042901
-0.011048
-0.077034
-0.023171
0.032140
-0.009708
0.018256
0.064252
0.037523
-0.080219
-0.000463
-0.025304
-0.086058
0.058168
0.062392
-0.071534
0.000122
-0.016077
0.057914
0.071854
0.017247
-0.032210
0.071405
0.034636
-0.003121
-0.011393
-0.054553
-0.006472
-0.016793
-0.152539
0.017310
0.047596
0.022942
-0.008238
-0.055437
0.072185
-0.054803
0.001310
0.010538
0.061979
-0.051976
-0.008594
0.087873
-0.113196
-0.017425
-0.061997
-0.036772
0.084370
0.053421
-0.053672
0.068524
0.029114
-0.041571
-0.015699
-0.044211
-0.103783
0.044977
0.106502
0.033932
0.019727
0.116985
0.023918
-0.077197
-0.024931
0.115840
0.058620
0.005840
-0.051485
-0.040358
0.042533
-0.060916
-0.077436
-0.066882
0.091548
0.036256
0.012344
-0.038125
-0.038729
0.041102
0.001075
-0.125572
0.004652
-0.021526
-0.094802
0.042900
0.012350
0.039042
0.053233
0.036326
-0.016761
0.029790
-0.006603
0.119390
0.005229
0.021840
0.068332
0.029915
0.033315
-0.005005
0.017163
-0.000100
0.010075
0.047771
0.024855
0.065647
-0.043478
0.003087
-0.086441
-0.045945
0.023324
0.034100
0.017494
0.042186
-0.082181
-0.017126
-0.054194
-0.003233
-0.057209
0.046813
-0.022685
-0.050731
0.075483
-0.114538
-0.035724
-0.100303
0.069228
-0.008946
-0.062435
-0.025500
-0.038501
-0.039499
0.048517
0.006117
0.002737
0.033122
0.007389
-0.029456
0.017564
-0.154409
0.004357
-0.036379
-0.016267
-0.044800
-0.003075
-0.018134
-0.010289
-0.072021
0.010564
0.019057
0.011681
-0.070787
-0.051181
0.029892
0.062990
0.061018
0.086649
-0.029101
0.006492
0.050490
-0.076677
0.051634
0.055188
-0.013872
0.047803
-0.017062
-0.057810
-0.056368
0.040259
0.010253
0.055059
0.065620
0.029312
0.067858
-0.056813
-0.112608
-0.011820
-0.034180
-0.155381
-0.010313
-0.081171
0.108376
-0.004200
-0.026147
0.115457
0.020353
-0.090654
-0.034280
-0.100017
0.000736
0.009772
0.053484
-0.061538
0.045639
-0.081046
0.107031
0.066536
-0.069598
-0.023653
0.060986
-0.020484
0.043989
-0.019431
0.014918
0.077396
0.042620
0.024178
-0.034990
0.000330
-0.107103
-0.082230
-0.002842
-0.011485
-0.026905
0.023346
-0.029197
-0.035698
-0.002049
-0.000476
-0.033852
-0.027470
-0.044713
-0.000852
0.065549
-0.046805
0.167923
0.105023
-0.058625
0.059202
0.039140
0.091533
-0.018373
0.070107
-0.037293
0.088309
0.031565
-0.061259
0.048527
0.065589
-0.044157
0.062884
-0.012101
-0.046904
0.015518
0.047291
-0.097746
0.086450
0.017033
0.021182
0.077303
0.006736
-0.030471
0.015587
0.041551
0.001983
-0.058129
0.036555
-0.058448
0.069275
0.007109
-0.022237
0.068016
0.062087
0.073788
-0.099425
-0.055310
-0.087484
-0.049972
0.013259
-0.055236
0.155879
0.069909
0.098366
0.018352
-0.061670
0.003216
-0.049336
-0.026275
0.019685
-0.074783
0.034413
0.103988
-0.016210
-0.038360
0.014010
0.082387
-0.131796
-0.023078
-0.049693
0.006501
0.024182
0.076733
0.011408
0.063676
-0.017970
0.055960
0.077419
-0.059158
0.059651
-0.042619
0.022243
-0.054030
0.079954
0.020314
0.043534
-0.050905
-0.001976
0.026496
0.023848
-0.054599
-0.007524
0.055480
0.055898
-0.058752
0.048623
0.045049
-0.084675
-0.061855
-0.022341
0.077411
-0.082854
-0.020038
0.082368
-0.077345
0.030419
-0.053912
0.057807
-0.140498
-0.020582
-0.018107
-0.067342
-0.010514
0.013798
-0.005572
-0.031287
0.013039
0.025043
0.035423
0.039955
-0.042976
0.009393
0.044683
-0.074325
-0.003155
0.141003
0.038929
-0.029838
-0.029725
-0.072487
-0.075101
0.009926
-0.012542
0.051000
-0.019910
-0.071313
-0.001413
-0.042378
0.013561
0.026006
0.013359
0.008221
0.069186
-0.056384
-0.049160
-0.014781
-0.041775
0.090854
0.023765
0.028574
0.101750
0.033766
0.169053
-0.033744
-0.051413
-0.037313
-0.010280
0.031420
0.071229
0.046991
-0.011841
0.046935
-0.067325
0.025734
-0.080698
0.100474
-0.011528
-0.015789
0.011018
0.016278
0.111339
-0.047892
-0.034438
0.003295
0.022808
0.021042
0.047409
-0.003003
0.087320
0.054276
0.013511
0.012753
-0.081394
0.068666
-0.011319
-0.084645
-0.043054
0.113496
-0.064898
-0.024528
0.035269
0.055997
-0.026000
-0.012730
-0.003731
-0.048514
-0.089887
-0.047243
-0.086557
-0.019024
0.052495
-0.010017
0.015734
-0.031300
-0.079622
0.008720
0.129429
0.019388
-0.064341
-0.031304
-0.032645
0.028928
0.013499
0.089540
-0.086479
0.001324
-0.024458
-0.012487
0.008429
0.091197
-0.017163
-0.025309
0.025298
-0.007067
-0.159598
-0.014924
0.025170
-0.022896
0.010593
0.082117
0.005217
-0.059586
0.028294
0.030415
-0.047971
0.047839
-0.020576
-0.003392
0.065252
-0.032353
-0.052421
0.037946
0.080325
-0.007765
-0.030904
0.032271
-0.018705
-0.001065
0.034980
-0.049699
-0.076322
-0.130706
0.078937
-0.044286
0.028414
0.020926
-0.025840
0.049652
0.088740
0.025807
-0.008542
0.011416
0.075220
0.070503
0.107199
0.015063
0.010598
0.037561
0.023464
0.066404
0.048638
-0.004103
-0.101092
-0.066827
0.000755
-0.052437
-0.024011
0.008867
0.108896
-0.029494
0.005952
-0.055529
0.066868
0.052179
-0.027679
-0.001190
-0.059171
-0.051446
0.014935
-0.009737
-0.022000
-0.069639
-0.029417
0.038342
0.036307
0.077222
0.024340
-0.008943
-0.071813
0.043961
-0.070983
0.080521
-0.031573
-0.001606
0.003166
-0.021208
0.047253
-0.013893
-0.159999
0.075630
0.034050
0.074755
0.001636
0.066225
0.093715
-0.013752
0.043888
-0.073705
0.066405
-0.016790
0.015309
0.005488
0.050246
0.003531
0.023560
-0.008995
0.112334
-0.027858
-0.006391
0.040508
-0.037759
-0.034968
-0.018194
0.011297
0.079555
-0.058642
0.011389
-0.127818
0.004575
0.063821
-0.041689
0.058309
-0.032731
-0.094054
-0.064197
0.022027
-0.009197
0.043990
0.053363
-0.010283
0.069399
0.004658
0.051575
-0.144712
0.103694
-0.094706
-0.048688
-0.054796
0.047438
0.070690
-0.030914
0.009929
-0.030128
0.014867
0.045652
0.028495
0.061497
-0.038720
-0.051837
-0.030863
-0.021636
-0.024189
-0.017435
0.024550
0.050052
-0.025974
0.047180
0.009195
0.022254
0.115978
-0.025402
0.014515
0.001905
-0.025159
0.068210
0.032967
-0.026188
0.037974
-0.036474
-0.049643
-0.024664
-0.017700
-0.141838
0.073726
-0.018912
0.050436
-0.051002
-0.082217
0.032498
-0.031168
-0.021615
0.087374
0.080880
0.005439
-0.003776
0.049454
-0.130953
-0.000393
0.033712
0.088988
0.034671
0.018978
-0.050163
-0.010359
0.031907
-0.057015
0.078135
-0.011808
-0.036985
-0.020475
0.020760
0.090571
0.074817
0.051854
-0.013880
0.118486
-0.032236
-0.096640
-0.081903
0.050809
-0.009238
0.004936
0.046091
-0.154241
-0.059452
-0.007987
-0.029219
0.023073
0.014521
0.049423
0.015957
0.022492
-0.032767
-0.053417
-0.021119
0.103160
-0.113071
-0.007606
0.008497
-0.057407
0.041123
0.028402
0.000958
-0.120477
-0.036936
0.093021
-0.075544
0.067631
0.000434
-0.076090
-0.107609
-0.038278
-0.018045
-0.015681
-0.046421
0.062342
0.042341
0.129538
-0.058128
-0.023010
0.021267
-0.014149
-0.027805
-0.017575
0.168883
-0.014752
-0.009110
-0.028046
-0.000880
0.125457
-0.040992
0.040727
-0.082930
0.022136
0.043207
-0.129235
-0.065178
0.120606
0.033156
-0.039782
-0.064303
0.093953
0.056877
0.021614
0.060234
-0.063018
-0.011104
0.065659
-0.060733
-0.112844
0.032890
0.170020
0.017851
0.040428
-0.041969
-0.028828
-0.002263
0.046169
0.059574
-0.054640
0.020656
-0.104346
-0.003757
-0.072316
0.054403
0.096991
0.046609
-0.067078
-0.004749
-0.058505
0.028678
-0.057964
0.023135
-0.011741
-0.041049
-0.036689
0.014589
0.021720
0.093691
0.090689
-0.027457
-0.000451
-0.003921
0.056913
0.036958
0.024871
0.149759
0.030956
0.015624
-0.110937
0.054423
0.010688
-0.037723
-0.020053
-0.035327
0.014753
-0.081335
-0.048829
0.051958
0.046747
-0.001236
0.008404
0.000360
-0.033288
0.016682
0.013043
0.015065
-0.050249
-0.006787
-0.034115
0.070103
0.079471
-0.017753
0.013885
0.151820
-0.062679
-0.007073
-0.024884
0.088523
-0.037384
0.011755
0.046852
0.003403
-0.005021
0.074892
-0.075175
-0.043447
0.067035
-0.024119
0.036385
0.032364
-0.062248
0.041010
0.029535
-0.077637
0.012602
0.010204
0.021150
-0.004946
-0.042574
0.000890
0.021763
0.024031
-0.009182
-0.026882
-0.094537
0.012338
0.023284
0.095507
-0.000374
0.073332
-0.007362
0.051739
0.052521
0.033061
-0.054520
-0.019236
-0.105389
-0.086418
0.031029
0.016419
-0.042251
0.091431
-0.034271
0.091075
0.025146
-0.015459
-0.000884
0.095459
-0.042236
-0.092743
0.007128
-0.028766
0.027567
-0.037068
-0.018138
-0.019749
0.088919
0.082985
0.050847
0.041846
-0.078102
0.024944
0.003041
0.042581
0.084865
0.072692
-0.083700
-0.082703
-0.002180
-0.014135
0.055534
0.042332
-0.052618
0.078056
-0.029927
-0.045193
-0.063036
0.014148
-0.055684
0.036206
-0.014011
-0.097999
-0.040287
0.075509
-0.048136
0.024894
-0.018928
-0.009860
0.046969
-0.164784
-0.161696
0.087753
0.029813
0.010641
0.062351
-0.010575
-0.088655
-0.001278
-0.026411
0.121691
-0.044710
0.073169
0.009932
0.000230
0.121526
-0.043993
-0.044260
-0.032835
0.074305
0.003982
-0.026821
0.027888
-0.061931
0.065549
0.010270
-0.116287
-0.043555
0.070301
0.011919
0.096044
-0.129210
-0.053056
-0.071992
0.035717
0.006800
0.038431
-0.060672
0.056707
-0.065621
0.030357
-0.003830
0.047737
0.136187
0.096043
0.062697
-0.002889
0.111426
0.093741
0.032568
-0.040437
0.003203
-0.031997
0.103870
-0.106393
-0.075185
0.040394
0.012768
0.098881
0.025533
-0.070783
0.052754
0.018424
0.036066
0.017963
-0.044212
0.017423
-0.021957
0.045259
0.038552
-0.059151
0.005501
0.074475
0.029530
0.099832
0.026341
0.004577
-0.055717
0.015033
-0.094825
0.083900
0.046346
0.062098
-0.032038
-0.067154
-0.068360
-0.026056
-0.068696
-0.144888
-0.019038
0.034773
-0.053711
-0.024913
-0.013750
-0.010455
-0.077561
-0.044306
0.087473
0.063522
0.059878
0.010782
0.006747
-0.010081
-0.041044
0.051012
-0.018972
0.036468
0.083019
0.067845
0.031698
-0.052880
0.042212
0.061415
0.024653
0.083534
-0.116170
0.088062
0.051347
0.098892
0.100214
-0.007053
-0.024914
0.065676
-0.067872
0.062422
-0.132668
-0.044186
0.151436
0.060739
0.015663
-0.078830
0.110956
-0.025172
-0.094672
-0.000844
-0.008156
0.011177
0.022256
-0.085219
-0.074518
0.103356
-0.030570
0.073118
0.089420
-0.025948
-0.006217
0.047139
-0.063648
0.116166
0.012470
0.042124
-0.030971
0.013740
-0.035182
0.017416
-0.154072
-0.053271
0.018501
0.128989
-0.111139
-0.033332
-0.089501
0.019244
-0.131087
0.048054
-0.073998
0.075619
0.067817
-0.035484
0.073867
-0.269245
-0.006747
0.006369
-0.010842
0.032079
0.021798
0.015612
0.061599
0.028073
0.131919
-0.115967
-0.015391
0.063411
-0.018816
-0.066876
-0.036674
0.060772
-0.145795
0.023634
0.024324
-0.082085
0.020801
-0.031935
-0.071172
-0.118283
-0.057192
0.032615
-0.059380
-0.027802
0.042132
0.002597
0.058791
0.048071
-0.071883
0.075320
-0.047932
0.079043
0.021279
0.000192
0.018939
-0.092160
-0.063283
-0.026503
-0.043134
0.029612
0.038697
-0.035142
0.133939
-0.036504
-0.026887
0.015446
0.128968
0.024786
-0.010120
-0.093464
-0.024301
-0.064330
0.054699
-0.025330
-0.067461
-0.002358
-0.038595
0.100106
0.060550
0.009960
0.081753
-0.088338
0.022311
0.011865
0.010210
0.096591
0.048674
0.040096
-0.081218
0.074975
0.054261
0.166371
-0.054762
-0.109615
0.041412
0.060103
-0.069255
-0.041612
-0.050794
0.009695
0.016153
0.024628
-0.031774
0.011857
0.073674
-0.047793
0.035004
-0.013558
0.136034
-0.063910
0.037546
0.098600
0.050672
-0.001837
0.055636
-0.016727
-0.054083
0.054857
-0.003869
-0.033341
-0.015089
-0.052361
-0.035418
0.007774
0.045476
0.059123
0.000546
0.015572
0.017584
0.027913
-0.072403
-0.034555
-0.000761
-0.000606
0.075274
-0.014247
-0.085551
0.003539
-0.141705
0.021087
0.035718
-0.046735
0.055352
0.030426
-0.110206
0.099895
0.036463
-0.037925
-0.017716
-0.037583
0.017219
0.066330
0.060301
-0.024504
0.071978
-0.053151
-0.043734
-0.013366
-0.027915
0.111333
-0.054505
0.043574
0.088714
-0.007056
0.035080
-0.025954
0.098241
-0.032860
0.054512
-0.032959
0.010779
0.007282
0.084960
0.053303
-0.127182
0.046235
0.141164
0.182917
0.022996
-0.114669
-0.070376
0.058322
-0.011603
0.005236
-0.011166
0.031224
0.032609
0.025631
0.012157
0.116465
-0.023045
-0.102320
0.028797
0.029304
-0.015300
0.065003
-0.014676
-0.037518
0.048398
0.007670
0.037454
-0.201756
-0.012443
0.045861
0.017937
0.019191
-0.050011
-0.078055
0.072879
-0.027772
0.082353
-0.021875
0.019570
-0.036605
-0.026080
-0.015873
0.096362
-0.033016
0.005917
0.076933
0.024794
-0.017532
0.003821
-0.031217
0.022685
0.061607
-0.018476
-0.074857
-0.082810
-0.070307
-0.106153
0.033880
0.043046
-0.084020
-0.026018
0.052097
0.032948
-0.042301
-0.019260
0.052259
0.012817
-0.018698
0.058470
0.028827
0.050667
-0.034517
-0.007655
0.101860
-0.047833
-0.014814
-0.047617
0.045846
0.092413
-0.043347
-0.061135
-0.032344
0.086324
-0.037258
-0.003448
0.041632
-0.064760
0.114409
0.065470
0.089542
0.047500
-0.010590
0.016549
-0.098208
0.062500
0.012219
-0.024703
0.040049
-0.029299
-0.029439
0.063177
0.039470
-0.018971
0.076947
-0.010645
0.007936
-0.106072
0.009242
0.063716
-0.013071
-0.046796
0.027048
-0.015417
-0.052182
-0.005087
-0.040050
-0.050339
-0.089071
0.003666
0.055413
-0.096449
-0.013554
0.001773
-0.082195
0.026652
0.008032
0.036812
0.143063
-0.032870
-0.065586
0.044130
-0.031377
0.076959
0.036537
0.053216
0.047367
-0.011580
0.046035
-0.101484
-0.041561
0.001144
-0.054080
-0.027541
0.013663
-0.080359
-0.075295
0.025593
0.006041
-0.018461
0.027243
-0.012570
0.087936
-0.018033
-0.043386
-0.035990
0.015741
0.093680
-0.082221
0.046827
-0.018312
0.038707
-0.039812
0.059261
0.065761
-0.042277
-0.079373
0.026978
0.008890
-0.038962
0.021195
0.017125
-0.053089
-0.018904
0.050797
-0.014052
-0.000055
-0.013030
-0.043294
-0.049830
0.095874
-0.174003
0.044963
-0.002667
-0.052060
0.059780
0.016620
-0.022322
0.000767
-0.087642
-0.014432
-0.002296
-0.005420
0.051402
-0.028997
-0.056747
-0.022739
0.048907
-0.003643
0.013175
-0.158316
0.116161
0.113470
-0.074563
0.034778
0.101278
-0.068242
-0.056670
-0.034095
-0.035568
-0.037593
0.078537
0.065497
0.006224
0.036938
-0.039668
0.050349
-0.074359
-0.015782
-0.008389
-0.072305
0.002078
0.002200
0.106588
0.028612
-0.049979
-0.006412
-0.031488
0.068361
0.070399
-0.021540
-0.050279
0.110191
-0.012946
0.080721
-0.045655
0.057152
-0.009148
-0.015684
-0.034084
0.075625
-0.015993
-0.058760
-0.016065
-0.050475
-0.011639
-0.111116
-0.019136
0.038497
0.048000
0.076840
-0.057163
-0.012811
-0.043652
0.009812
-0.070730
0.007887
-0.128540
0.041952
-0.050532
-0.010890
-0.042768
-0.005508
-0.093972
-0.014406
-0.055322
0.064384
-0.024002
-0.057396
-0.051692
-0.022976
-0.117206
0.021603
0.040111
-0.060382
0.038832
-0.035029
-0.023730
0.040423
-0.058375
-0.115220
0.001535
-0.104674
0.164227
0.040609
-0.030488
0.037565
-0.014394
0.018265
-0.080355
0.010728
0.064275
-0.063026
-0.026974
-0.047447
0.068897
0.016266
-0.003269
-0.043084
0.051456
-0.039300
0.021297
0.003633
-0.038803
-0.033255
-0.053133
-0.003601
-0.083492
0.030387
-0.008624
-0.003955
0.051027
-0.010835
0.004637
-0.031137
0.005900
0.070604
-0.019058
0.000509
-0.054476
-0.031222
-0.064809
0.006080
0.088057
0.058779
-0.017929
0.042816
0.039557
-0.103770
0.039759
0.006019
0.030387
0.020542
-0.128247
-0.003044
0.021611
-0.061624
0.003864
0.018367
-0.005920
-0.017819
0.008692
0.104378
0.004001
0.023680
0.013031
0.083579
-0.024091
-0.002032
-0.050171
0.040681
0.035074
0.154999
-0.003948
0.010062
0.043410
0.024904
0.124346
0.022124
0.142777
0.004888
-0.120081
0.024438
-0.061642
0.000958
-0.015360
-0.070028
0.096873
0.074599
0.022891
0.011404
0.043855
0.005590
-0.037259
-0.014823
0.037822
-0.092408
-0.016729
-0.021416
0.025909
0.046028
0.068986
0.015834
-0.087044
-0.018934
0.000837
-0.031193
0.102800
-0.013911
-0.050716
0.014978
-0.015114
0.028127
0.168517
0.098132
-0.035673
0.015899
-0.122222
0.149516
-0.062485
0.013673
0.092902
0.007411
0.091307
-0.032245
-0.022656
-0.039450
0.009560
0.008774
-0.023913
-0.032373
-0.053288
0.020417
0.021410
0.001807
-0.065434
-0.138730
0.051931
-0.039184
0.014838
0.012305
0.017657
0.056757
0.048915
0.039688
0.027070
-0.024868
0.001160
-0.035079
0.016307
0.020072
0.008717
0.047202
0.061624
-0.046717
-0.064319
-0.082729
0.026347
0.013989
0.050661
-0.038448
0.098916
0.059698
-0.047024
-0.021127
0.100086
-0.013522
0.000718
-0.014924
-0.010787
-0.034375
0.004058
-0.010573
-0.001638
-0.025456
0.025645
-0.038192
0.067293
-0.006776
-0.053967
0.002607
-0.013361
0.055011
-0.008752
0.060514
-0.051569
0.009999
-0.048862
-0.074837
-0.000756
-0.017437
0.060230
0.000873
0.057397
0.061716
0.037853
-0.005718
0.050198
0.049652
-0.025838
0.018264
0.032185
-0.048186
0.057590
-0.045638
0.037143
0.010598
0.057398
-0.066458
0.024731
0.106264
-0.042877
-0.068266
0.009850
0.079582
0.114771
0.042062
-0.034082
0.066328
0.028721
0.026046
0.003833
-0.027469
-0.047637
0.017010
-0.033132
-0.061106
0.010995
0.012202
0.093302
0.011454
0.032668
-0.027874
0.034986
0.013076
0.012460
0.043446
0.106715
-0.005568
-0.000308
0.055902
-0.008949
0.100145
-0.029196
-0.033556
0.008377
-0.055281
0.101248
-0.072253
0.050098
-0.037819
0.065659
0.119799
-0.030062
-0.084370
-0.028653
-0.097898
-0.089196
0.036701
0.031854
0.001384
0.018363
-0.017771
-0.064287
-0.046964
0.010668
0.044036
-0.000059
-0.029974
-0.010403
0.038245
0.057358
0.040252
0.016124
0.039544
-0.048767
0.063344
0.037944
-0.006968
0.000960
0.034490
-0.022653
-0.033837
0.052276
0.051338
0.026419
0.000907
0.060229
-0.018684
0.006965
0.081658
-0.010793
-0.005265
0.111229
-0.104641
0.063841
-0.035033
-0.024873
0.102146
-0.003690
-0.005812
-0.002797
-0.117506
0.028022
0.014397
-0.053414
-0.066039
-0.042236
0.004410
0.000676
0.040980
0.039792
0.009543
-0.021790
-0.025627
0.083557
0.113726
0.065360
0.065386
0.129468
-0.049723
-0.108791
-0.098384
0.060785
-0.047114
-0.036046
-0.023896
-0.060337
-0.002240
0.011040
-0.045187
0.042986
0.020945
0.032088
-0.014958
-0.007719
-0.045298
0.030889
-0.148607
0.000014
-0.077478
0.056442
0.091400
-0.044471
0.008800
-0.001055
0.035816
0.051836
0.018062
-0.079035
0.059186
-0.059250
-0.010479
0.089836
-0.088065
-0.016684
0.004902
0.022160
-0.019527
-0.014279
0.075026
0.075587
0.027919
-0.052915
0.001595
-0.042936
-0.007275
0.039043
0.138492
0.072392
-0.070304
-0.074906
0.051149
-0.098478
0.084827
-0.051735
-0.119247
-0.060708
0.058936
0.014607
-0.062364
-0.093192
-0.005103
-0.028353
0.040870
-0.100176
-0.063937
-0.104175
0.022871
-0.056044
0.057020
-0.151329
0.102758
-0.063046
-0.081013
0.010315
-0.037968
0.011670
0.046436
0.019748
-0.099762
-0.030999
0.078213
0.002581
-0.058150
-0.014428
-0.051886
0.006790
-0.089700
-0.022785
0.034249
0.060474
0.003897
0.029129
0.043843
0.066955
0.060513
0.005645
-0.028517
0.033798
-0.035099
-0.061437
-0.037166
0.017738
0.056096
-0.082596
0.024973
0.006609
-0.039306
-0.000125
-0.012198
-0.008198
0.004978
0.003226
-0.037496
0.019998
0.179589
-0.027247
0.078470
0.064040
0.080199
-0.012307
-0.023178
0.005171
0.043413
-0.058084
0.004728
0.033776
-0.082693
0.018187
0.019184
0.050740
0.038576
0.002044
0.013689
-0.098314
0.070319
0.050442
0.001726
0.059979
0.005791
0.046519
0.066819
-0.030588
0.039806
0.040786
-0.045213
0.057117
0.062747
0.010773
-0.002676
0.079680
-0.130740
-0.062085
0.017222
0.021236
0.021262
0.055894
0.108710
0.086951
0.007867
-0.014575
0.016227
-0.060902
-0.038678
0.173823
0.027871
0.042597
-0.013825
-0.029669
0.055330
-0.011250
0.006951
0.086232
0.095019
0.068248
-0.051177
-0.054254
0.005520
0.051189
0.084973
-0.042444
-0.001813
0.089432
0.063581
-0.021902
-0.013486
0.028632
-0.111914
-0.011971
0.046788
-0.007882
-0.089164
0.020530
0.023722
-0.017361
-0.029347
0.047453
0.020530
0.003470
-0.063856
-0.025296
-0.036898
-0.112078
0.048608
-0.068599
0.056119
-0.038846
0.112193
-0.056339
-0.039456
0.134449
0.043525
-0.044463
0.122568
0.008180
-0.081670
0.012360
-0.005548
-0.073954
-0.008146
0.004798
-0.012325
0.070284
-0.045759
0.002445
0.030755
0.027463
-0.114331
-0.096843
-0.024263
0.071228
0.022136
-0.044916
-0.086248
0.090838
-0.020372
-0.090484
0.042939
0.043348
-0.032556
-0.050175
-0.035880
-0.114554
0.048281
0.231656
0.037729
0.087019
0.059662
0.065418
-0.005596
-0.042991
-0.095206
0.066659
-0.010316
0.021216
0.010572
-0.108986
0.049374
0.049131
-0.149804
-0.026137
0.004154
-0.011467
-0.143457
0.058706
0.064262
-0.045855
-0.084336
0.081216
0.052527
-0.021095
0.106750
0.039129
-0.036398
-0.100398
0.036693
-0.078402
0.026172
0.016158
0.071195
-0.070162
-0.007390
0.017513
0.034773
0.043665
-0.010739
0.009193
0.197558
-0.042995
0.094687
-0.025394
-0.021683
0.047561
0.030682
-0.001922
0.010273
0.023988
0.069062
0.060453
-0.064252
-0.006589
-0.044386
0.083890
0.009696
0.045483
0.052291
0.025072
0.047890
-0.035723
0.027547
0.054360
-0.031740
0.096168
0.070049
0.029524
0.044896
0.042137
0.038841
0.115551
-0.086415
-0.051981
-0.006950
-0.051136
-0.047115
0.003427
-0.057488
0.033946
0.065541
0.023585
-0.152136
-0.023994
-0.011957
-0.021592
-0.035903
0.035009
-0.072399
-0.051436
0.014894
-0.069259
-0.024178
0.029517
0.003837
-0.105673
-0.061881
0.039269
-0.037472
-0.006861
-0.062203
-0.030413
-0.012690
0.096666
-0.107126
-0.040929
0.017947
0.035213
-0.002789
-0.038623
0.048201
-0.034005
-0.028258
0.005231
0.056069
-0.032834
0.059952
-0.028206
0.035401
-0.002751
-0.003873
0.072208
0.024504
-0.043839
-0.003990
0.090716
0.021362
-0.079208
-0.017728
0.050122
-0.020140
-0.067378
-0.000044
-0.011298
0.014327
-0.000522
0.101042
-0.016971
0.081057
0.023378
-0.075115
-0.017581
-0.019465
0.030685
-0.053919
-0.063784
-0.089443
-0.006380
-0.012366
0.069395
-0.011111
-0.028173
-0.020198
-0.023250
-0.014053
-0.091392
0.028701
0.076819
-0.026659
-0.004885
-0.113905
0.039230
0.052710
0.034455
0.009419
0.064759
-0.015132
0.044970
0.086206
-0.001796
0.059247
0.015087
-0.017351
0.078704
-0.039048
-0.016796
-0.005080
-0.045727
-0.035903
0.029376
0.026218
-0.012116
0.009936
-0.015051
0.052180
-0.077447
-0.009366
-0.060557
-0.096612
0.008008
0.021443
-0.065295
-0.002515
0.019125
0.017555
-0.041292
-0.005844
0.036446
-0.056746
0.028397
0.003949
-0.023207
-0.022028
0.048538
0.156657
0.172599
-0.056978
-0.061259
0.002232
0.019615
0.001071
-0.092760
0.006927
0.096879
-0.050632
-0.021095
-0.072003
0.019217
0.042845
0.008152
0.038779
-0.052554
-0.003161
-0.001252
-0.082471
0.010359
-0.062155
-0.111402
-0.031935
0.058905
0.127446
0.177970
0.039714
-0.012018
0.065762
0.030581
-0.089764
-0.039828
0.030923
-0.038571
-0.005990
0.006659
0.001476
-0.012458
-0.055913
-0.076774
-0.042088
-0.029670
-0.090261
-0.028018
0.096142
0.000450
0.031712
-0.071983
-0.046870
-0.024723
-0.001164
-0.094494
-0.017995
0.063349
0.062755
-0.000110
-0.088788
-0.002802
0.081399
0.014472
0.040167
-0.070855
-0.095705
0.089085
0.125694
-0.004356
-0.037456
-0.115161
0.055000
0.050470
-0.057865
0.010126
-0.019782
-0.048668
0.030102
0.059144
-0.000543
0.074356
-0.017928
-0.068750
-0.007138
-0.027020
-0.032703
-0.006795
-0.051451
-0.023752
0.055154
-0.035752
-0.061383
-0.089567
0.007922
0.025395
-0.022606
-0.002448
0.030754
0.019222
0.029223
0.084378
-0.093567
0.049164
0.020758
-0.060512
-0.069616
0.120093
-0.022171
-0.045390
0.087571
0.068775
-0.032035
-0.047076
0.105951
0.015885
0.112178
0.052088
-0.017087
0.096925
-0.046265
0.006995
0.065544
-0.011364
-0.030347
0.047678
0.028572
-0.065565
-0.047576
-0.020776
-0.089838
-0.048780
0.045481
-0.021492
-0.006148
0.061768
0.010715
0.037946
-0.030919
-0.020891
0.033969
0.054920
0.033792
0.072402
0.083663
0.004397
0.040768
0.087471
-0.113926
-0.086453
-0.049761
-0.015135
-0.041245
-0.020829
-0.050044
-0.051569
-0.057618
0.039131
0.054446
0.073832
-0.086074
0.062604
0.065093
0.061162
0.029653
-0.036129
-0.005594
-0.011740
-0.065456
0.024018
0.030673
-0.001666
0.022047
-0.115540
-0.058442
0.000353
0.119533
0.067030
-0.038029
-0.011690
0.056158
0.053640
0.002219
0.069511
0.015567
0.089492
-0.054911
0.004704
0.048122
0.053451
-0.042620
-0.077874
-0.044177
0.080821
-0.037538
0.063693
0.001006
-0.026940
-0.028274
-0.027021
-0.033932
0.035039
0.035254
-0.023315
-0.099819
-0.024957
-0.090836
-0.018760
0.018116
-0.084657
0.037436
-0.024546
0.062254
-0.028397
0.098636
0.073922
0.080024
0.083256
0.059468
0.005529
0.042290
-0.053905
-0.036164
0.018357
-0.043579
-0.047148
0.101860
0.016526
0.019525
0.103640
0.052951
0.044273
-0.037528
-0.026223
0.021827
-0.073422
0.014768
0.063727
-0.071422
0.027618
0.028070
-0.088495
0.000070
-0.004319
0.061019
0.086896
-0.146392
0.084557
0.014029
0.056023
-0.028123
0.033958
0.069057
0.073156
-0.037708
-0.015328
0.033846
-0.031285
0.103213
-0.005846
-0.071881
0.078035
0.039652
0.016677
-0.019845
-0.028881
-0.130861
-0.064418
-0.144616
-0.010920
0.000619
0.052655
-0.025160
0.134655
0.030005
0.004683
0.028195
0.029789
0.004426
-0.074682
-0.066616
-0.014722
0.073538
0.011575
-0.052883
0.131480
-0.065090
-0.055908
-0.001985
0.067042
-0.085410
-0.027397
0.009793
0.077980
-0.124713
-0.008130
-0.029631
-0.047952
0.017745
0.125074
-0.017072
-0.026966
-0.035510
-0.041036
-0.006150
0.120050
0.057823
-0.023603
-0.004435
-0.002629
-0.074975
-0.066333
0.091990
-0.030574
-0.004814
0.093730
0.006070
0.062885
-0.060372
0.088590
0.042682
-0.001732
0.066494
-0.096488
-0.095605
0.079271
-0.018572
0.022368
-0.082537
0.007699
-0.011379
0.046915
0.081841
0.050894
0.048667
-0.036258
0.024873
0.042730
0.028379
0.000213
-0.000224
-0.041497
-0.002003
0.012569
0.054151
0.027682
-0.066566
0.075838
-0.083382
-0.053924
0.053276
0.017572
-0.002749
-0.060815
0.002178
0.077372
-0.076565
-0.008100
0.042604
-0.021632
-0.002825
0.005600
0.069875
-0.001758
0.062302
0.076168
0.010550
-0.102776
-0.082910
-0.040198
-0.004148
-0.091017
0.025668
0.058004
-0.085792
-0.004817
-0.012466
0.031165
0.034396
-0.025864
0.027749
0.075907
0.045855
-0.052939
0.025873
-0.075650
-0.045160
0.007551
-0.085297
0.092926
-0.041812
-0.054982
-0.054307
0.078279
-0.058957
0.022784
-0.084857
0.002357
-0.037341
-0.036047
0.063217
-0.022403
-0.000835
0.032910
0.062096
-0.126884
0.047806
0.001281
0.009537
0.081960
0.103983
0.006140
0.068657
-0.029967
-0.023016
-0.060449
-0.103533
0.016127
-0.083338
0.036641
0.050030
-0.121513
-0.111054
-0.006080
-0.020007
0.008223
0.094004
0.012538
0.044927
-0.006463
-0.167102
0.007167
0.039420
-0.074123
-0.050779
-0.039987
-0.001815
0.018949
-0.116689
0.006872
0.066457
0.020072
-0.160870
0.025553
0.025278
0.020873
0.023820
-0.020557
-0.026776
0.057385
0.036860
0.011880
-0.083884
-0.002450
0.003634
-0.030505
-0.108828
0.094240
0.018331
0.008479
0.072584
0.019976
0.114496
0.046957
-0.101094
-0.048535
0.070410
-0.034528
0.114977
0.099015
-0.039018
0.029463
0.008785
0.016956
-0.087958
-0.075998
0.009345
-0.055116
-0.065922
-0.003716
-0.011615
0.033050
0.016328
0.034419
0.060401
0.129812
0.037313
-0.030010
-0.061444
-0.004716
-0.047441
0.021375
0.035884
-0.057254
-0.022620
0.035284
0.019125
0.095542
-0.005339
0.021532
-0.111901
-0.047593
0.023458
0.075122
0.097586
0.025546
0.053642
0.026933
0.041907
-0.046210
-0.008485
-0.004284
0.039447
-0.049215
0.011121
-0.041637
-0.121780
-0.033828
0.092032
0.051788
-0.093796
-0.020517
0.033304
0.075452
-0.063540
-0.023790
-0.014529
-0.181746
0.027240
0.068584
-0.021526
-0.102633
0.000188
-0.058203
-0.105452
0.122683
0.027916
-0.073802
0.023221
-0.070283
-0.030085
-0.034647
0.073288
0.001508
0.006326
0.078851
0.058928
0.054903
0.078410
0.053889
0.023035
0.032466
0.053380
0.051312
0.026391
-0.041010
0.083605
0.079207
-0.002818
0.068961
-0.018601
-0.023887
0.028087
-0.028651
-0.009779
0.037747
-0.037957
-0.076310
0.010035
-0.023500
-0.115905
-0.019184
-0.103209
0.068428
0.022365
-0.028929
0.068270
-0.029744
-0.021206
0.014894
-0.029209
0.013698
0.016457
0.030946
0.099072
0.040052
-0.059843
-0.027827
0.004025
0.073254
-0.044448
0.042653
-0.036350
-0.010802
0.002925
0.044629
-0.152069
0.077688
-0.103069
-0.000532
-0.048440
0.003927
-0.024914
0.122291
-0.060932
0.044110
0.054285
-0.054846
0.005430
-0.013111
0.003474
-0.005923
-0.009054
-0.124140
-0.076828
0.047303
-0.005999
-0.013756
-0.037579
0.040870
0.010104
0.049809
-0.022512
-0.030938
-0.048598
-0.046082
-0.070105
-0.099319
-0.087094
0.086209
0.146662
-0.085140
-0.052545
0.066495
-0.105458
-0.077656
-0.003004
-0.032415
0.019655
0.002701
0.029422
-0.001232
0.040498
-0.036781
-0.017091
0.093558
-0.016206
0.063419
-0.060293
0.009923
-0.001613
-0.020267
-0.118333
0.112105
-0.017233
0.059368
0.014128
0.027747
-0.080993
0.025667
0.030777
0.049293
-0.067567
-0.036585
-0.006015
-0.004533
-0.064139
0.066080
0.002389
-0.037359
-0.032829
-0.005115
-0.008807
-0.001169
-0.005457
-0.022913
-0.025553
0.030679
-0.021883
0.014181
-0.061200
0.002885
-0.018250
-0.014138
-0.100942
-0.112033
0.035758
-0.040178
0.135668
-0.014321
0.056677
-0.014196
-0.045270
0.015373
0.043588
0.007145
-0.087320
0.108214
0.022827
-0.036923
-0.011756
0.027731
-0.012096
0.077307
0.086927
-0.031869
0.040217
-0.007413
-0.022944
0.022693
0.110089
-0.082452
0.078078
0.000378
0.005394
-0.029245
0.051116
0.003895
-0.034871
0.085883
-0.022888
-0.010499
0.008887
-0.078441
0.040926
0.079763
0.050014
0.011397
0.024575
-0.032572
-0.028824
-0.040083
0.002824
0.011022
0.016597
-0.126773
-0.103526
-0.015772
0.009076
0.040425
0.008461
0.055623
-0.003027
-0.033989
-0.010152
-0.044734
-0.089520
-0.071877
0.038766
0.024870
0.003061
-0.088359
0.029349
-0.060092
0.027919
0.088938
-0.014394
0.023170
-0.038062
0.050334
0.027833
0.150001
-0.113998
0.012191
0.078059
0.099422
-0.036876
0.085623
-0.040016
0.042748
0.009663
0.021230
0.029037
0.015754
-0.139752
0.067998
-0.090480
0.084817
0.028494
0.021780
-0.110323
0.075742
0.053160
0.071573
0.132769
-0.032190
0.019149
0.020372
0.018158
0.039298
-0.070218
0.097131
-0.113646
-0.040244
0.023443
-0.002699
0.057114
0.004370
0.051899
0.132174
0.101182
0.023442
0.028716
-0.033491
0.012389
-0.101212
-0.005528
-0.018638
0.011739
-0.011105
0.014132
0.024713
0.037551
0.009917
-0.001146
0.005599
0.049374
0.013106
-0.040817
-0.043658
-0.076874
-0.069335
-0.059038
-0.052812
-0.047211
0.032488
-0.111243
0.020135
0.040557
-0.034398
-0.005964
-0.024696
0.019204
0.164425
-0.036774
0.054675
-0.084547
0.047249
0.050448
0.024904
0.100805
0.034368
-0.037170
-0.051051
-0.025915
-0.023187
0.039358
0.075053
-0.095580
-0.063054
0.112633
0.003749
0.010723
0.059337
0.055021
0.028936
0.010015
-0.051984
0.009511
0.017842
0.001110
0.016581
0.136535
-0.012218
-0.127809
-0.074404
-0.011469
0.001777
0.020760
-0.083243
-0.030025
0.002051
0.096134
-0.080919
-0.004868
-0.054432
0.009676
0.051975
0.047498
0.011772
0.009139
0.061060
0.072052
0.028879
0.177862
-0.020747
-0.071741
-0.025117
0.012291
0.031596
-0.057638
0.043889
0.037661
-0.072781
-0.036944
0.040704
0.066737
0.014581
0.073940
-0.036991
0.010278
0.029319
-0.010824
-0.032501
0.055055
0.009465
-0.164039
0.088873
-0.112034
0.083249
0.017799
-0.008321
-0.073276
-0.003289
-0.034066
0.014362
0.043699
0.018953
-0.003616
-0.112167
-0.095154
0.078260
0.010859
-0.063026
-0.058750
-0.059672
-0.060059
0.028282
0.039008
0.119784
0.011655
-0.011448
-0.065103
-0.024686
-0.023651
-0.051587
0.034997
0.050857
-0.044812
0.002269
-0.023318
-0.070531
-0.102925
0.018574
0.048245
-0.011686
-0.048668
-0.012465
-0.058888
-0.038187
-0.014083
0.086860
0.007580
0.101878
0.011581
-0.101640
0.000075
-0.073631
-0.022745
0.041313
0.020442
-0.004101
-0.143924
0.073107
-0.017505
-0.056992
0.144053
0.045238
-0.018170
0.041970
0.078804
0.063057
0.028029
-0.039095
0.076795
0.079526
0.032322
-0.012146
-0.024623
0.044135
-0.040270
0.111273
0.087149
0.021243
0.048789
-0.137783
0.015337
-0.012649
-0.029123
0.014106
0.095910
-0.088255
-0.072300
-0.017971
-0.004760
-0.057769
0.037460
0.077001
-0.032673
-0.047200
-0.065740
-0.057660
0.099514
0.028172
0.019034
0.052227
-0.104835
-0.075615
-0.123628
-0.007421
-0.091480
0.042588
-0.072267
0.016040
0.086062
-0.080176
-0.068060
-0.033234
-0.017239
-0.035479
0.101938
-0.036524
-0.123395
-0.017830
-0.034447
0.088522
0.015828
0.060473
-0.011659
0.004303
0.010409
-0.008422
0.052695
-0.014087
-0.021313
0.015893
-0.032699
-0.087473
0.005434
-0.115892
-0.023115
0.020245
-0.131937
0.019660
0.037415
-0.025118
-0.017444
-0.022848
-0.016326
-0.124124
0.060263
-0.043164
0.080818
-0.022713
0.008676
-0.013897
0.066516
-0.044323
0.086790
0.029047
-0.062812
0.077664
-0.018272
0.001384
-0.022289
0.048965
0.044943
0.003348
-0.030307
0.066118
-0.010975
0.030913
-0.057215
-0.018621
-0.034563
-0.074452
0.014188
0.070912
-0.014880
-0.063620
-0.052871
-0.062395
0.062986
0.064010
0.053473
-0.022901
0.016413
-0.070517
0.117337
-0.051475
-0.008023
0.078568
0.041875
-0.073101
-0.073653
0.067661
0.054322
0.080581
0.062930
-0.035889
-0.004986
0.020050
-0.125341
-0.098363
0.074428
0.008276
-0.013940
-0.052640
-0.009026
-0.036267
-0.018365
0.038529
0.090028
0.042631
0.012788
0.045416
-0.064671
-0.069438
-0.087399
-0.037856
-0.040410
0.003292
-0.048452
-0.004898
0.076132
-0.044722
-0.060400
-0.019635
0.077649
-0.031154
-0.007679
0.153718
0.016786
0.001008
-0.002187
0.002907
-0.066461
0.089946
-0.010943
-0.100700
0.071464
0.007264
0.082001
-0.006193
-0.013591
0.083586
0.052165
0.017977
0.003626
0.020536
-0.012217
-0.001875
-0.020176
0.088040
0.014953
-0.083352
-0.004897
-0.011546
-0.034024
-0.123844
-0.079610
-0.043532
0.047825
-0.060686
0.015060
0.020136
-0.021245
0.012466
0.070310
-0.064500
-0.025455
0.089506
0.006517
0.014756
-0.018238
0.045771
0.022843
-0.002251
0.021646
-0.003139
-0.004945
-0.036783
-0.087363
0.008562
0.006119
0.047760
0.002717
-0.003378
-0.024295
0.019713
-0.046908
0.037278
-0.112855
-0.015532
-0.043790
0.025423
-0.040266
-0.043509
-0.039182
-0.021109
0.028996
0.100004
0.019513
0.016746
0.046519
-0.017594
0.035077
0.046519
-0.100957
0.020082
-0.065920
0.010674
-0.003153
0.017336
0.023064
0.040068
-0.046009
0.084185
-0.077437
0.030267
0.013386
0.054155
0.057647
-0.009790
-0.075778
-0.040161
-0.084192
-0.041006
-0.013409
-0.118403
-0.001555
-0.014028
0.015204
-0.050321
-0.024784
-0.105707
-0.024801
0.090478
0.029102
-0.019985
0.012830
-0.010916
-0.017202
-0.145433
-0.014827
0.035851
-0.039218
0.075529
-0.027404
-0.031776
-0.025406
-0.070103
-0.006774
0.024692
-0.025460
-0.028726
-0.058512
-0.061334
-0.028447
0.038578
-0.100036
-0.032655
0.015117
0.029210
0.004490
0.108657
-0.032105
-0.023661
-0.048431
-0.000071
-0.039225
0.102539
-0.125468
-0.255960
-0.082737
0.049462
0.019062
-0.002990
-0.111452
0.034540
0.025262
-0.033023
0.028628
-0.057719
0.097868
0.032879
-0.026602
0.010123
0.030856
-0.039886
-0.004027
0.029383
0.037081
-0.054365
0.118542
-0.028926
-0.010651
0.025993
-0.006543
0.043821
-0.010737
-0.000622
0.031192
0.012475
-0.040593
0.005290
-0.000508
-0.033567
0.006034
-0.014156
-0.040036
-0.023995
0.061020
0.009642
-0.083106
0.035044
0.005680
-0.040396
0.087156
0.052311
-0.074691
0.053441
0.018149
-0.002213
0.002686
0.025178
0.005482
-0.100768
-0.004104
0.029958
0.076080
-0.066841
-0.056451
0.046208
0.037335
-0.016722
0.067667
0.041753
0.019839
-0.029315
0.061518
0.048512
-0.003751
0.101532
0.054100
0.093358
0.016207
-0.050905
0.027649
0.042411
-0.137482
0.019151
-0.084718
0.021902
-0.052398
-0.067025
0.099546
-0.029578
-0.028018
0.086019
0.089877
-0.006311
0.057351
0.140108
-0.063197
0.037848
-0.049403
0.006388
-0.056118
0.060857
-0.009890
-0.151230
0.068648
-0.120753
-0.039132
-0.052952
-0.076636
-0.000532
-0.139476
-0.029671
-0.059040
0.055839
-0.009487
-0.062866
0.028515
0.010405
-0.031311
0.074793
0.091943
0.021938
0.018877
0.001824
0.110148
-0.009518
-0.137008
0.080272
-0.077619
-0.048030
0.005873
-0.016738
0.009992
0.038795
-0.034786
-0.007918
0.033372
-0.062774
-0.059327
-0.145440
-0.034920
-0.038607
-0.024854
0.050215
0.003968
0.073575
-0.062761
0.039187
0.072160
-0.068860
-0.017241
-0.051844
-0.019890
-0.005578
-0.007347
0.006026
-0.004228
-0.046780
0.043386
-0.045292
-0.082102
0.005527
0.038362
0.004451
0.042709
-0.068373
-0.059403
-0.031088
0.092891
0.009817
0.038143
-0.052594
0.013297
0.033713
-0.060121
0.025042
0.034917
0.065311
0.035481
-0.162038
0.007502
-0.034515
0.011911
0.020775
0.099761
-0.106475
-0.003283
-0.101050
0.017039
-0.051793
0.078509
-0.033062
-0.012980
0.032212
-0.086981
-0.055503
-0.039296
0.009700
-0.062329
0.030682
0.050818
-0.069773
0.003868
-0.091096
-0.005975
0.062340
-0.005221
0.008427
-0.110653
-0.034788
-0.084832
-0.035292
-0.004964
0.031122
-0.042210
-0.024086
0.052493
0.067469
0.059124
-0.014696
0.001347
-0.057464
-0.035166
0.037842
0.039952
-0.052477
0.015906
0.000368
-0.000847
0.110803
-0.093047
0.080860
0.074523
-0.129308
0.029771
0.005231
-0.090814
-0.060063
0.037598
-0.093341
0.095121
-0.085729
-0.007194
-0.000811
-0.018873
-0.032767
-0.056644
0.099518
-0.055016
0.008522
-0.077264
-0.080441
0.001847
0.018522
0.071791
-0.068676
-0.029882
0.006722
0.044475
0.005441
0.105033
0.032643
0.045246
0.043683
-0.134132
-0.119274
-0.028539
0.010928
-0.022266
-0.005805
-0.008506
-0.096519
0.068370
0.062190
-0.078813
0.063889
0.071661
-0.032041
0.000171
0.099677
-0.024547
0.027219
-0.020091
0.033771
-0.085960
0.069586
0.034306
-0.012017
0.045528
0.027752
0.139656
-0.102997
0.084915
0.028754
-0.031217
-0.107633
0.013978
0.048901
-0.035317
0.006622
0.016754
-0.029158
0.085465
-0.010366
-0.067628
0.028268
-0.055694
-0.096695
0.075660
-0.013679
-0.035643
0.139391
0.005435
0.001356
0.049070
0.025757
-0.031295
0.013102
-0.068393
-0.064290
0.053307
-0.044792
-0.086196
0.016001
-0.049766
0.019990
0.005388
0.035805
-0.022526
0.047596
-0.097082
-0.005328
0.022388
-0.025183
-0.006865
0.049237
0.030673
0.030931
-0.051544
-0.119498
-0.026039
0.121019
-0.061185
-0.028243
0.107007
-0.025071
-0.019099
0.131960
0.006023
0.051703
-0.030542
-0.000961
0.046190
-0.087584
0.055888
0.078034
-0.029180
0.090914
0.001582
0.008898
-0.001095
0.072290
-0.063670
-0.033383
-0.009901
0.066402
0.064160
-0.058544
-0.005229
0.004283
-0.002405
-0.007453
0.057138
0.107852
-0.031544
0.089246
0.003254
0.038891
0.026055
0.079334
0.004814
0.033379
-0.053662
-0.039125
-0.010312
-0.032597
0.137966
0.051228
-0.044416
-0.001745
-0.009835
-0.027860
-0.085508
-0.072636
-0.067349
-0.010258
0.040489
-0.006959
-0.075183
-0.022786
-0.006114
0.029770
-0.059985
-0.052751
0.090891
0.026878
0.021266
-0.022694
0.075440
-0.118390
-0.016086
-0.039961
-0.062444
0.071333
-0.072490
-0.059982
0.019240
0.054219
0.023284
-0.070701
-0.070834
-0.078188
0.003554
-0.106866
0.024604
-0.032199
0.089567
0.090285
-0.067186
0.005034
-0.033619
-0.013849
0.025199
0.012485
-0.075794
0.034751
-0.013905
0.024007
-0.047606
-0.037965
-0.011640
-0.064067
-0.000704
-0.047693
0.062810
0.030226
-0.008303
0.021801
0.047114
-0.001920
-0.045082
0.061844
0.081075
-0.108520
-0.036180
-0.086205
0.054867
-0.125095
-0.042009
-0.078072
0.006071
0.108356
-0.004444
-0.020485
-0.027076
0.095283
-0.100026
-0.033149
-0.023753
-0.037408
-0.010569
0.089436
-0.063364
0.010618
-0.022455
0.076769
0.018399
-0.082768
-0.026201
-0.048307
-0.016942
0.029399
-0.060892
0.018291
-0.025345
0.003151
-0.078322
-0.050221
-0.087667
0.056461
0.050395
-0.061797
0.089048
-0.110158
-0.008885
0.007635
0.038151
-0.055016
-0.114406
0.048704
0.043368
0.073297
0.034676
0.049649
-0.039669
0.104404
-0.010394
0.045994
0.032297
0.075761
0.031296
-0.028070
0.036059
-0.031432
-0.038647
0.118450
0.065846
0.139012
0.030560
-0.079438
0.086606
0.028078
0.024221
-0.019006
-0.002462
-0.000727
-0.097495
0.055764
-0.049304
-0.005804
-0.038922
-0.018150
-0.017227
-0.051838
-0.003746
0.022830
0.012363
0.014628
-0.025620
-0.090498
0.010069
0.001411
-0.064853
-0.024735
0.016316
0.054328
0.058320
-0.031457
-0.049302
0.099514
0.037129
0.060179
-0.056451
0.027728
0.024530
0.092760
0.038512
-0.049305
-0.058175
0.082549
0.072337
-0.051929
0.032629
-0.026369
-0.002917
-0.039319
0.033661
0.074490
0.054558
-0.015724
-0.000769
-0.036252
0.032716
0.021510
-0.009787
-0.094300
-0.036536
-0.031694
0.001455
0.041544
0.085189
0.005281
-0.081810
-0.004068
-0.023766
-0.026038
-0.017119
-0.102092
0.001592
-0.020938
0.037606
0.048885
0.003440
-0.070578
-0.098742
-0.008298
0.012447
0.025187
0.025335
-0.029798
-0.027898
0.014792
0.001000
-0.020927
-0.072892
-0.009795
0.018171
-0.078687
-0.077078
-0.033962
-0.010345
0.005455
0.031965
-0.013271
0.005958
0.049033
0.056717
-0.106299
-0.101721
0.000901
0.022471
-0.033100
0.080417
0.070069
-0.056667
-0.006899
-0.107710
0.027482
-0.011811
0.011697
-0.038475
0.000166
-0.013506
-0.025478
0.054170
0.016195
0.045944
-0.058481
0.036460
0.079421
0.049718
-0.089391
0.038003
0.023987
0.023232
0.023070
0.028315
0.025228
0.045354
-0.004526
-0.134296
-0.120843
-0.054254
0.013753
0.034776
0.037792
-0.033079
-0.136459
0.035949
-0.077306
-0.001383
0.002404
-0.028222
0.015719
-0.064910
0.044951
-0.012147
-0.029263
0.035543
-0.033714
0.047192
0.060963
-0.039487
-0.047953
-0.013783
-0.019341
-0.018493
-0.008212
-0.037947
-0.019462
-0.054237
-0.044803
-0.012314
0.037974
0.046241
0.024458
0.042365
-0.035765
-0.039442
-0.079683
0.015659
0.023588
-0.073633
0.023229
-0.080259
-0.069793
0.032791
-0.139590
-0.027234
0.052294
-0.017270
0.020261
-0.125110
-0.124365
0.023778
0.043007
-0.082259
0.000447
0.027282
-0.134048
-0.015587
0.068554
0.001488
0.016608
0.069892
0.169790
0.042614
0.020140
0.028709
-0.065206
0.073973
-0.010010
-0.026366
0.060460
-0.038851
-0.090435
0.021916
0.047631
0.006555
0.080395
0.075685
0.091673
-0.014108
0.123601
-0.025371
-0.018236
0.063948
-0.133173
0.015415
0.014275
0.015926
0.002082
0.009079
0.080978
0.021291
0.059013
-0.024290
-0.028900
0.030515
-0.006073
-0.065149
-0.019990
-0.040341
-0.056161
-0.077433
-0.055445
0.084292
-0.015337
0.070752
-0.011915
-0.057441
0.007905
-0.062428
0.029153
-0.055582
-0.112961
-0.071123
-0.005841
0.083304
-0.009225
-0.000030
-0.016521
0.042107
-0.113275
-0.079484
0.080995
-0.060583
0.088667
0.022476
0.124597
-0.036315
0.054407
-0.003555
-0.038762
-0.069185
0.087846
0.019136
-0.089752
-0.033995
0.099701
-0.066052
-0.039800
0.077328
-0.021237
0.057660
0.091200
0.006908
-0.066917
0.136757
-0.049697
0.012008
-0.060469
-0.007012
-0.016325
0.009207
-0.073133
0.092981
0.009837
-0.073207
0.013016
-0.005396
0.050046
0.116680
0.037623
0.075517
0.000458
0.041613
0.003807
-0.022073
-0.052099
0.042265
-0.000297
0.039687
-0.119293
0.025125
0.022538
0.044612
0.062420
-0.155598
0.011590
0.077443
-0.064282
0.030058
-0.054816
-0.025206
0.062997
-0.031524
0.091831
-0.034167
-0.107786
-0.008391
0.033492
-0.032838
0.078182
-0.068934
0.008533
-0.062891
-0.078891
-0.046218
-0.004554
0.044117
0.007606
0.005841
0.002607
0.022877
0.107773
-0.018956
0.110227
-0.099731
-0.011856
-0.025837
-0.008432
-0.038477
-0.030977
-0.028307
0.029348
-0.016664
-0.047249
-0.024910
-0.079046
-0.016550
-0.008606
0.023997
0.042985
-0.007796
0.041274
0.008660
0.012975
0.093141
0.014213
-0.019115
0.081877
-0.030370
0.022943
-0.023435
-0.080287
0.091463
-0.073957
-0.016554
0.027662
0.055746
-0.030939
0.030016
-0.083715
0.058630
-0.027967
0.087639
0.133213
0.056787
-0.003447
0.040870
0.035533
-0.006795
-0.125455
-0.008422
0.083266
0.034168
-0.037137
0.019029
0.041869
-0.055111
-0.007428
-0.004663
0.025160
0.004198
0.001209
-0.032753
0.035224
-0.039536
0.033715
-0.010878
0.023102
-0.001865
0.006362
0.072684
0.063487
-0.095777
-0.103916
-0.038800
0.100474
-0.001163
-0.022318
-0.090103
0.024514
0.051070
0.020583
0.084516
0.001471
-0.005728
-0.027297
-0.044121
-0.023316
0.008376
-0.058721
0.129134
-0.053871
0.139788
-0.072946
0.068388
-0.021162
0.021952
-0.084015
-0.020098
-0.074446
0.050950
-0.049286
-0.091115
-0.033607
0.003321
0.071458
-0.010789
0.056471
-0.079299
0.059676
-0.021777
-0.009706
-0.049140
0.003837
0.023436
0.026337
0.017896
0.114020
0.038684
0.088162
0.033931
-0.029780
0.108299
-0.075731
-0.070279
0.063757
0.135693
0.033856
0.000436
-0.038353
0.061680
0.103724
0.096341
-0.022938
-0.140881
-0.029601
0.114067
0.036105
-0.075067
0.085609
0.024533
0.035981
-0.050754
-0.066154
-0.032189
0.052853
0.087834
-0.030859
0.027987
0.003189
0.013454
-0.050739
0.025671
0.025053
0.001132
0.020050
0.043218
-0.034488
0.104155
0.013039
-0.011335
0.058702
0.005636
-0.066851
0.092643
-0.023345
0.011917
0.008291
0.083917
0.073959
0.048420
-0.010967
-0.058514
0.004760
0.016934
0.070965
0.041886
-0.061508
-0.068547
-0.019316
0.054860
-0.019463
0.009297
-0.115773
0.020838
0.022608
-0.066724
0.061845
-0.056043
-0.000279
-0.017554
0.093469
0.060293
-0.009362
-0.059216
0.043829
-0.133966
-0.040638
-0.022516
-0.003960
-0.037952
-0.023490
0.082934
0.034273
0.049423
-0.000139
0.032846
-0.008455
-0.039372
0.096913
-0.000152
0.111831
0.002128
-0.055924
-0.042267
0.044136
-0.035532
0.067425
0.040548
-0.079562
0.054485
-0.033432
0.093004
-0.097478
0.013908
-0.109645
-0.022830
0.013406
0.034342
0.040728
0.106788
0.049971
-0.030959
0.059249
0.032820
0.043584
-0.026439
-0.076493
0.077069
-0.009849
-0.007154
-0.050719
0.042267
-0.039206
-0.014404
0.018081
-0.115312
-0.048484
0.011622
-0.056240
-0.012864
0.005290
-0.042306
0.070222
0.003591
-0.005621
0.019410
0.039736
-0.034722
-0.024760
-0.106161
0.055510
0.062271
-0.029161
0.010631
-0.088707
0.011235
-0.052704
0.047250
-0.020888
-0.033246
0.055322
-0.114146
-0.058913
0.021014
-0.037831
-0.011560
-0.006196
-0.002725
-0.006466
0.069688
-0.035078
0.062399
-0.029638
-0.030393
0.022287
0.027118
-0.084617
0.079184
-0.095115
0.040906
0.111947
-0.051129
0.037940
-0.001931
0.025848
0.047081
0.068344
-0.029064
-0.045773
0.044906
-0.023273
-0.055537
-0.032479
0.027891
-0.047426
-0.017235
-0.014279
0.009865
0.066378
-0.012055
-0.079643
-0.064535
0.012862
0.119346
-0.021384
0.045073
0.083813
-0.055002
0.037500
-0.025598
0.013458
0.067804
0.002531
-0.007450
0.011523
-0.046581
0.040171
0.011860
-0.059088
0.044646
0.027755
-0.042969
0.006625
0.023374
0.061239
-0.001133
-0.038530
-0.018674
-0.000805
0.042220
0.010456
-0.018717
0.032382
-0.111083
-0.101667
0.007779
0.044549
-0.104302
-0.027315
0.042385
0.007348
-0.059743
-0.025395
-0.050662
0.070983
-0.003882
0.047155
-0.012864
-0.121154
-0.013159
0.096986
0.034970
0.066695
0.058270
0.020769
0.008088
-0.002353
0.109754
-0.006838
0.000004
0.000581
0.006315
0.030967
-0.039206
-0.051021
0.073825
0.034496
-0.001339
0.045549
0.067793
0.034211
-0.048694
0.060096
0.046954
0.006794
-0.034773
-0.046002
-0.060275
0.000581
-0.089254
-0.003778
-0.113895
0.006476
0.031030
0.017190
0.014256
0.115442
0.085780
0.070478
0.030132
0.036415
-0.000276
0.080647
0.011140
-0.024741
0.005099
0.005639
-0.045294
0.077847
0.010417
-0.029799
0.002384
-0.025363
-0.010821
0.013691
0.005589
0.076014
0.011319
-0.005694
0.055631
0.076656
-0.018419
-0.090993
0.062816
0.002240
0.098935
-0.099269
0.083281
0.093425
-0.033284
-0.025458
0.106862
0.036081
-0.024730
0.005992
-0.031339
-0.084104
0.016102
0.079045
-0.074524
-0.031833
-0.008838
-0.097841
0.005918
-0.047822
-0.040974
0.009234
-0.057686
-0.021656
0.025923
0.065928
0.009966
-0.030170
0.041544
0.004198
0.013092
-0.060160
0.010229
0.109514
-0.032426
-0.001733
-0.019378
-0.031582
0.011400
0.171087
0.039964
-0.055719
0.105891
0.004674
0.088357
0.026931
-0.035123
0.037386
0.015901
0.015403
0.049219
0.002511
-0.057338
0.063684
-0.139929
0.012645
-0.011741
-0.003870
0.093109
-0.035675
0.000331
-0.032436
0.023560
0.058815
0.109588
-0.023443
0.047785
0.005297
-0.087610
0.011472
-0.033221
-0.021122
0.009130
0.089071
-0.013818
-0.108899
-0.065211
0.013770
0.009417
0.013398
-0.042351
0.036493
-0.087096
-0.010682
-0.002500
-0.001184
0.009490
-0.147140
0.008300
-0.049025
-0.027640
-0.033300
0.050320
-0.003009
-0.088202
0.002471
0.061348
-0.007128
0.023939
0.130375
0.024495
-0.069066
-0.010183
-0.018369
0.060730
0.041591
0.024903
0.117096
-0.079778
-0.079980
-0.038303
0.036871
0.109148
-0.042867
0.015689
-0.109725
0.014960
-0.096576
0.011792
0.048390
0.025481
-0.067263
-0.066361
0.010102
0.014901
0.026401
0.027654
-0.079911
-0.002247
-0.012301
-0.029066
0.056745
0.054642
-0.030462
-0.055301
0.052277
-0.040860
-0.001097
0.073449
-0.027142
-0.041257
-0.047195
0.028891
-0.051435
0.025577
0.016203
-0.010159
0.029392
0.009666
0.075235
0.011845
0.021617
0.013028
-0.069108
0.035849
-0.085302
-0.100363
0.001428
0.026206
-0.102801
0.048693
0.055627
-0.007517
-0.020013
0.019799
0.068310
0.052050
0.072981
-0.017922
0.083362
0.064436
0.029464
0.091944
0.007878
0.050148
-0.041632
0.067327
-0.087876
0.014116
-0.063704
-0.013503
-0.067833
0.024481
-0.027767
0.001208
-0.042143
-0.068052
-0.066781
0.152212
0.059248
-0.128735
0.017621
0.080567
-0.054684
-0.081572
0.049342
0.050660
0.023709
0.060691
0.032159
0.099099
0.063716
-0.043513
-0.036350
0.010681
-0.051384
0.085183
-0.008383
0.081859
-0.007947
0.076457
0.090815
0.035659
0.079785
0.025955
0.009541
0.071145
-0.051286
-0.043689
-0.068695
0.016301
-0.002354
0.011937
-0.045033
0.012422
0.048858
0.012872
-0.065996
0.073752
-0.085216
-0.014104
0.013886
-0.049205
-0.033014
-0.009623
-0.066147
0.009512
0.074362
0.101814
0.002247
0.022708
-0.084081
-0.028525
0.054632
-0.199568
0.007233
-0.098839
0.023826
-0.113700
0.039095
-0.094684
-0.021678
-0.097691
-0.025490
-0.068350
0.007801
-0.067659
-0.051915
0.005311
-0.011983
-0.030290
-0.091342
0.026962
0.001701
0.048610
0.070889
0.053737
-0.039361
-0.040064
0.073981
0.007360
-0.094596
0.055891
-0.052099
0.003831
0.034516
-0.071892
0.069586
-0.041628
-0.066446
0.129235
0.080461
0.024124
0.056511
0.076030
-0.054750
-0.012697
-0.081021
0.008641
0.061340
-0.064485
0.101845
0.054254
-0.000366
0.146529
-0.074483
0.086616
0.030713
0.033476
-0.023400
-0.075503
0.051534
-0.027609
-0.054575
-0.033924
-0.064100
-0.003196
-0.090737
0.053615
0.198340
-0.068091
-0.071729
-0.038090
-0.111166
0.000414
-0.083215
-0.069856
0.057644
-0.000465
0.041231
-0.022414
-0.011772
0.060862
-0.062500
0.033088
-0.054362
-0.055198
0.102287
-0.057711
-0.049719
0.004248
-0.105855
-0.018109
0.076677
-0.111550
-0.002961
0.046898
0.023145
0.047823
0.056196
-0.090562
-0.000905
-0.027963
0.084772
0.053348
0.014783
0.095694
0.034743
-0.055361
-0.003405
-0.020941
-0.066965
-0.084399
-0.003310
0.025224
0.003116
0.069070
0.008066
0.074021
-0.004784
0.089989
0.009692
-0.042953
0.041345
0.037210
0.036283
-0.030962
0.101048
0.073029
-0.071028
0.027494
0.013516
0.016774
0.059924
0.099766
0.023194
-0.009433
-0.009921
0.114137
0.055954
-0.044004
-0.062538
-0.023450
-0.119062
0.017429
-0.145415
-0.043005
-0.058006
0.018873
0.003659
-0.066036
-0.044752
0.011558
0.021782
-0.047675
-0.032712
0.137411
0.047251
0.007267
0.058457
-0.028814
0.027831
-0.056737
0.088478
-0.038815
-0.055401
0.015686
0.113481
0.007471
0.002381
-0.017816
-0.129286
0.030309
-0.006618
0.046586
0.015915
0.007705
-0.017376
0.128716
-0.002857
0.016466
0.004138
-0.111272
0.040205
0.006695
0.008483
0.038833
0.060265
-0.040201
0.047760
0.004101
0.011531
0.004400
-0.052742
0.106373
0.063559
-0.006440
-0.007618
-0.007716
0.141949
-0.022288
-0.032688
-0.022023
0.008935
0.032642
0.008820
-0.055995
0.041150
-0.036055
0.072292
-0.027636
-0.004814
0.113431
-0.100724
0.048643
-0.031520
0.037188
0.034869
0.018192
-0.007983
0.046184
0.015705
0.079832
-0.043177
-0.090305
-0.062215
-0.003789
0.014499
0.015909
-0.053915
-0.071968
-0.031671
-0.050151
0.070527
0.011388
0.010001
0.016951
0.050138
0.034165
0.057969
-0.051122
-0.105240
0.066591
-0.113002
0.027609
0.007726
0.001139
0.078446
-0.052138
-0.108689
-0.033215
0.056253
-0.014891
-0.065987
-0.063763
-0.040529
-0.029495
0.027193
-0.036880
0.013526
-0.017561
-0.019576
-0.043421
-0.020582
0.137212
-0.017663
-0.056997
-0.061076
0.007976
-0.014797
-0.102470
-0.058221
0.092949
0.063271
-0.040285
0.048144
-0.024410
-0.043217
0.027528
0.056076
-0.087231
-0.070152
-0.024958
0.029914
-0.011384
0.014594
-0.059214
0.014607
0.027839
0.022635
-0.011614
-0.007487
-0.050047
-0.085251
0.038120
-0.051682
0.025628
-0.055420
-0.068369
0.112391
0.049305
0.106833
0.102994
0.048247
0.031068
-0.007064
-0.053388
-0.085792
0.041320
0.056288
0.054015
0.012592
-0.061511
0.039656
-0.036091
0.054342
-0.037190
0.069283
0.052385
-0.095599
-0.018983
-0.004640
-0.022534
0.045328
-0.035708
-0.152447
-0.032176
-0.036404
0.034175
-0.021077
0.079695
-0.044504
-0.026660
0.064423
-0.035943
0.014884
0.038920
0.003140
0.079457
0.005719
0.010077
0.166764
-0.011247
-0.058628
0.023076
-0.012087
0.099757
0.060667
0.030998
-0.010740
-0.013351
-0.062388
0.019722
0.075909
0.053552
0.035424
0.032129
0.061463
0.034940
-0.015625
0.066049
0.035751
0.034269
0.036614
-0.047184
0.024713
-0.009453
0.011773
0.099292
-0.002527
0.037399
-0.030563
-0.044612
0.145378
0.071982
-0.055671
0.026452
0.133640
0.093534
0.039603
-0.113861
-0.006288
-0.010668
-0.036319
-0.061834
-0.120861
-0.049427
0.009951
-0.005108
-0.122982
0.024646
-0.049111
0.062005
-0.083471
-0.040505
-0.018756
0.036986
0.003542
0.001019
-0.056501
0.021172
0.021592
-0.013436
0.005482
-0.035977
0.040627
-0.016002
0.001062
-0.051897
0.082235
0.079563
0.000364
-0.023571
0.011780
-0.004844
-0.023162
0.035454
-0.077642
0.009134
0.039938
0.089787
0.063175
-0.056977
-0.054984
-0.020424
0.021474
-0.049453
0.022069
-0.003735
-0.088847
0.040986
0.008077
0.065405
-0.025246
-0.010967
0.096816
0.103131
-0.007638
-0.084865
-0.008297
0.044823
0.061838
-0.085392
-0.056582
0.048399
-0.010257
0.037304
0.019255
-0.044915
0.019201
0.064917
-0.040170
-0.066113
-0.026492
-0.129569
0.003034
0.044316
0.029141
-0.057333
0.009667
-0.020565
0.051296
0.126112
-0.009641
0.079173
-0.031907
-0.030244
-0.076648
0.029911
-0.029740
0.031545
0.139922
0.077212
0.018403
-0.043568
-0.002047
0.096383
-0.068827
0.015194
0.069152
-0.012768
0.008453
0.021754
0.020123
0.072091
0.015179
-0.050322
-0.036341
-0.058093
-0.088218
-0.091187
0.041924
-0.020899
0.049864
0.015406
0.073745
-0.011256
-0.066456
-0.092126
0.027890
0.008148
-0.012645
-0.089200
-0.061838
-0.033787
-0.150254
-0.117303
0.095273
-0.046377
-0.032974
-0.053468
-0.083344
0.044234
0.148833
-0.030662
0.045689
-0.047530
-0.075696
0.073575
-0.029151
0.004576
0.018769
-0.060539
0.008342
0.038021
-0.019937
0.091016
-0.043788
0.123127
-0.012310
-0.050352
-0.065211
0.067808
-0.107686
-0.094849
-0.002451
-0.087109
-0.068537
-0.055541
-0.104465
-0.029978
0.026864
0.078322
0.062729
0.027517
-0.065278
0.053993
0.083770
-0.046713
-0.062652
0.024638
-0.003515
0.021187
0.013482
0.045185
0.050110
-0.031336
0.037836
0.053294
0.018241
0.088478
-0.036759
0.048844
-0.076645
0.009478
-0.065207
0.018348
0.020006
0.022256
0.032835
-0.043722
-0.047252
-0.010052
0.096565
-0.010513
0.185633
0.031287
0.030427
0.045823
-0.050646
0.066262
-0.025422
0.037008
0.027673
0.097662
-0.014063
0.057251
-0.005033
0.004117
-0.017429
0.090246
-0.101102
0.036933
-0.046766
-0.072955
-0.042110
0.040099
-0.065317
0.093926
0.043416
0.014945
-0.102029
-0.098297
-0.058542
-0.011566
0.046115
0.011057
-0.013172
-0.002363
0.066744
0.030878
-0.048090
-0.010806
0.021405
0.039628
0.001689
-0.114433
-0.056635
-0.020802
-0.011920
-0.008253
0.036191
-0.022080
0.040935
0.015238
-0.002976
-0.061202
-0.021168
-0.064752
-0.093518
0.010612
0.032121
-0.020889
-0.033869
-0.018046
-0.017317
0.064077
-0.035762
0.081157
0.052659
0.062901
0.052382
0.118372
-0.002005
0.061326
0.054063
0.047534
-0.042670
-0.004059
0.013979
-0.005802
-0.025034
0.016770
-0.020630
-0.096181
-0.056000
-0.048855
-0.008672
-0.022114
-0.035494
-0.047035
-0.003884
-0.021487
-0.012271
-0.006265
0.085727
0.056617
-0.038833
-0.022460
-0.215873
-0.034518
0.075538
0.010988
0.022560
0.020832
-0.040337
0.085364
0.038488
-0.048040
-0.103403
0.002665
0.012294
0.014150
0.006149
0.037205
-0.006522
-0.084026
-0.061966
-0.094690
0.023837
0.069470
-0.025696
0.030235
-0.152395
0.013235
0.064919
0.026754
0.170574
-0.059519
0.087382
-0.083517
-0.032636
-0.115758
-0.016582
-0.103851
0.072304
-0.031508
0.021733
-0.029845
0.017802
0.010341
0.015077
-0.062917
0.050591
0.038873
-0.011184
0.054653
-0.003622
-0.000064
-0.046953
0.014007
-0.030458
0.063999
-0.027068
-0.083865
0.019879
-0.005001
-0.076480
0.062034
0.049592
-0.108258
0.052444
0.047333
0.006266
-0.092610
-0.124901
0.063222
0.002877
-0.006783
-0.082678
0.055208
0.030804
-0.080155
0.051294
-0.087607
0.026932
0.065414
-0.013664
-0.033988
0.018056
0.077575
0.102961
0.029005
-0.050058
-0.072284
-0.039885
0.038127
0.105144
0.012505
0.027735
-0.051135
-0.002172
0.036362
-0.060982
0.110124
-0.053448
0.072359
0.112013
0.022578
-0.058282
-0.057806
0.061697
-0.059597
-0.026739
-0.010804
-0.070351
0.006904
-0.059052
-0.022738
0.001060
-0.002374
-0.057506
-0.050531
-0.127676
-0.009955
-0.062861
-0.075844
0.003249
-0.023237
0.111023
-0.002581
0.034109
-0.042487
0.069930
0.010620
-0.018019
-0.029154
-0.000225
0.004998
0.000211
0.015135
0.040664
-0.088132
0.059428
0.090818
0.126407
0.047226
0.067768
0.078160
0.099311
0.020660
-0.081985
-0.020087
-0.040128
0.049736
-0.115982
0.008597
-0.017631
0.027401
0.050761
0.044604
-0.075358
0.002777
-0.008501
0.004615
-0.077633
0.017347
-0.037583
0.130065
-0.005222
0.022323
-0.101670
-0.089364
0.011755
0.110332
0.080774
0.047546
0.012268
0.022738
-0.076843
-0.011451
0.005817
0.075497
-0.049705
-0.088261
-0.085303
-0.051201
0.035969
-0.082413
-0.030149
-0.060325
0.025966
0.055889
-0.000994
-0.060424
-0.073534
0.002731
-0.082612
-0.049470
-0.125231
0.001505
-0.030411
0.027251
0.034289
-0.000071
0.103898
-0.058703
0.057931
-0.001220
-0.017647
0.062645
0.174060
0.077887
-0.001024
0.001973
0.049281
0.034336
-0.057208
0.020069
0.114633
0.006601
-0.032496
-0.054922
0.114351
0.049147
-0.069562
0.107607
0.021831
0.009776
-0.018898
-0.032320
-0.065481
-0.001902
-0.071240
0.076797
-0.083476
0.055123
-0.129986
-0.059724
0.055341
0.037695
0.031050
-0.068194
0.076710
0.052627
0.011061
-0.035465
-0.000240
0.086857
0.043415
0.016866
-0.015496
0.006915
-0.032556
0.059771
0.019419
0.048449
-0.036460
0.009369
0.010251
-0.065987
0.090594
0.004752
-0.021551
0.005132
-0.099701
-0.096312
-0.005764
0.064718
0.068144
-0.054698
-0.189145
0.040066
0.081934
0.043697
0.063235
-0.023755
-0.018856
0.041354
-0.003149
0.011323
0.003985
0.030801
-0.050296
0.042756
-0.048348
0.018153
0.009155
-0.005113
-0.052414
-0.008754
-0.101042
0.015776
-0.010839
0.005084
0.103399
-0.018613
0.003108
-0.037763
0.113424
0.061903
0.130377
0.076370
-0.012284
0.081474
-0.057681
-0.039332
0.004964
-0.086369
-0.046970
-0.036680
0.058923
-0.043638
0.062783
0.021460
-0.008202
-0.053377
0.012236
0.002422
0.014493
-0.056035
-0.015760
0.076917
0.078742
0.031093
0.109099
0.018222
-0.065024
-0.050677
0.028401
0.063220
-0.068802
-0.027776
0.030953
0.240346
0.024073
-0.068505
-0.042817
0.001609
0.021771
0.004396
-0.049051
-0.005319
0.026857
0.020643
-0.145045
-0.012339
-0.025454
-0.060895
0.053985
0.071510
0.045807
-0.088056
0.009907
-0.039027
-0.003392
0.023981
-0.024879
0.040443
0.113178
-0.096550
-0.002018
-0.032536
0.020738
0.008640
-0.024949
-0.035715
-0.041907
-0.089328
0.017652
-0.013247
-0.065725
-0.038407
0.047682
-0.092960
-0.004692
0.110839
-0.045295
0.025891
-0.043183
0.147295
0.089474
-0.016798
0.099119
0.018957
-0.092129
0.035341
-0.012699
0.053830
0.075739
0.097745
0.009992
-0.133255
0.007614
-0.050032
-0.097437
0.082814
0.071119
0.065060
0.059049
0.036455
0.053759
0.021139
0.018840
0.011452
-0.066614
-0.023344
-0.006926
-0.103843
-0.042717
0.020936
-0.107721
-0.019683
-0.027527
-0.049515
0.086172
0.030551
-0.073572
0.009534
-0.084208
-0.044921
-0.013267
-0.046870
0.107310
-0.017478
0.023546
-0.018797
0.028960
-0.001752
0.033547
0.001702
-0.064182
0.018222
-0.106161
-0.040851
0.050951
0.021930
0.010911
-0.001534
-0.086508
0.129411
0.053485
0.083655
-0.043700
-0.043078
0.005820
-0.105525
0.004270
0.009065
0.060953
0.052519
0.028467
0.033172
0.073044
0.023828
0.049818
-0.048634
-0.027607
0.000323
-0.005411
-0.101426
0.001413
0.005977
0.005088
-0.003363
0.073219
-0.023023
0.062902
0.012654
-0.027971
-0.027984
-0.029707
0.027061
0.003997
0.058017
-0.058473
0.043531
0.007000
0.093350
0.092266
0.044862
0.029370
0.028700
-0.067436
-0.006009
-0.016055
0.052978
-0.004513
0.044880
0.009601
-0.022701
-0.061676
-0.062137
-0.047454
-0.027335
-0.033115
-0.001292
0.054372
-0.039149
-0.057019
-0.050367
0.013202
-0.026646
0.000948
-0.039408
0.072968
0.039657
0.024477
0.028167
0.035160
0.032849
-0.124293
0.065200
0.054991
-0.000583
-0.014393
-0.022384
-0.016599
0.039443
0.066558
0.067507
0.056348
-0.068444
0.035190
-0.014580
0.014783
0.011496
-0.085608
0.043982
-0.027748
0.086110
0.039251
0.005035
0.054282
-0.033934
-0.064696
0.028578
-0.005276
-0.055268
-0.040487
-0.003313
0.012483
0.056096
-0.146463
-0.080157
-0.030940
0.024966
-0.032741
0.077038
-0.048381
-0.019233
-0.025753
-0.025891
-0.017222
-0.122994
0.041474
0.047040
-0.001822
-0.007760
0.033533
0.001616
-0.034501
-0.030854
-0.002615
0.049557
-0.034664
0.102219
-0.027865
-0.014901
0.069347
0.101262
0.030191
0.119655
0.005176
0.055012
-0.000818
0.018849
0.060939
0.002723
0.010684
-0.045436
0.015277
0.059586
0.016528
0.131165
0.016530
-0.115252
-0.043247
0.020367
-0.047594
-0.139347
-0.038059
-0.059840
0.121082
-0.051879
0.055945
0.026652
-0.070049
0.069969
-0.023156
-0.088303
0.091095
-0.050751
-0.038084
-0.071889
0.005835
-0.048917
-0.029049
0.115735
0.075418
0.115069
-0.035802
0.007382
0.001687
0.059417
0.005601
0.069376
0.019159
-0.006999
0.086910
0.107619
0.029774
-0.044731
0.108885
-0.019722
0.072048
0.011641
-0.002525
-0.110230
0.025689
0.024462
-0.067701
-0.075026
-0.020248
0.012808
0.063785
-0.027711
-0.074731
0.006522
0.045122
0.003157
-0.105066
-0.004760
0.034700
-0.106070
0.010529
0.062797
0.039719
0.096722
0.117311
0.037316
-0.006196
0.076677
-0.001126
0.027327
-0.091755
0.011340
0.020642
0.015017
-0.011885
0.017157
0.014579
0.033465
-0.048872
0.008265
-0.056443
0.018315
0.034936
-0.018715
-0.063303
0.045180
0.059613
0.077338
0.039864
-0.040921
0.055293
-0.000514
-0.041783
0.046770
-0.007374
0.026497
-0.015006
0.019107
0.017039
-0.030839
0.149110
-0.093547
-0.028457
0.045350
0.072904
-0.081509
0.007936
0.021979
-0.036835
-0.010460
-0.000867
-0.005208
-0.017459
-0.015580
0.000505
-0.025400
-0.028091
0.006990
-0.053919
-0.078659
0.049807
0.071524
0.061601
0.044481
0.027316
-0.119644
-0.087363
-0.036169
-0.059333
-0.163484
-0.040797
0.022537
-0.037571
-0.010496
0.017341
0.107304
0.064306
-0.029738
-0.053447
-0.040918
0.028408
-0.051584
-0.004965
-0.005907
0.058415
-0.105921
0.124565
0.004911
-0.046003
-0.001201
0.073386
0.049157
0.101869
-0.030327
0.104831
0.055196
-0.052391
-0.041967
-0.004296
0.034310
-0.020228
-0.054378
-0.089900
0.077444
-0.029732
0.013029
-0.020358
0.009482
-0.054124
-0.131282
0.004542
-0.051264
0.052520
-0.062263
-0.010201
0.010170
-0.116871
-0.025907
0.057148
-0.025742
-0.038548
0.004926
0.029624
0.070859
-0.100907
0.023368
-0.074377
-0.065073
-0.065031
-0.033887
0.002705
0.020531
0.017517
0.011324
-0.023656
-0.056130
-0.014268
0.053355
-0.003299
0.038586
-0.045636
0.003357
0.004027
-0.004540
0.095631
0.081010
-0.033467
-0.039349
0.023582
0.099100
-0.102827
0.030877
0.045318
0.076390
0.052484
-0.037621
-0.071788
0.032784
-0.004151
-0.011860
-0.095199
0.015942
0.046885
-0.042504
-0.035052
0.001895
-0.007379
-0.029336
-0.035707
0.114636
0.034492
0.025418
-0.034344
0.040972
0.009557
0.093649
-0.032143
0.064284
0.112831
0.048159
0.036114
-0.003840
-0.066532
-0.039841
-0.074366
0.002222
-0.054405
0.107024
-0.038691
-0.029589
-0.073805
-0.020079
0.045225
-0.006516
0.097811
-0.090503
0.041486
0.054754
0.101473
0.087649
-0.046010
0.107016
-0.018595
0.120096
-0.107585
-0.063098
0.041940
0.068858
-0.144750
0.082491
0.052483
0.040408
0.059492
0.021878
-0.039828
0.004916
0.141451
0.005491
0.009314
0.052339
-0.033780
0.051730
0.065187
-0.035165
-0.055294
0.003149
0.007983
0.023335
0.074596
-0.009383
0.068515
0.000504
0.060487
-0.024363
-0.066834
-0.049193
0.167806
0.083326
-0.025730
0.022113
-0.114231
0.142374
-0.019989
0.065242
0.058537
-0.011523
-0.007260
0.030177
0.053615
0.024406
-0.096284
0.027563
0.035258
0.027079
0.008474
-0.088425
-0.026348
-0.021037
0.102089
0.030529
-0.112840
0.009702
-0.020695
-0.061604
-0.023491
-0.031996
0.115808
-0.018397
0.041917
-0.011054
-0.052015
0.063770
-0.009328
-0.034561
-0.079927
-0.128564
-0.061410
-0.016498
0.005275
0.108804
0.011040
-0.036757
0.024332
-0.057013
0.091407
-0.051268
-0.035219
-0.157969
-0.010577
-0.062447
0.019403
-0.054381
0.006854
-0.023673
-0.059976
-0.043558
-0.072566
0.022721
0.035693
-0.060467
-0.074580
0.059447
-0.075578
-0.035572
-0.031060
0.049868
0.018132
-0.010493
0.076196
0.044184
0.006887
-0.026354
0.058922
0.032950
-0.038158
0.017047
0.079789
-0.029294
0.033132
0.053163
-0.061772
0.112520
0.088620
-0.013283
-0.031803
0.004373
-0.040058
0.092820
0.021368
-0.042834
-0.011453
0.025846
-0.146042
-0.029481
-0.011715
-0.014837
-0.037283
-0.014566
-0.021171
0.013038
0.018488
-0.015457
-0.079290
-0.041521
0.003855
-0.099958
0.035241
-0.010178
0.031390
0.015681
0.035539
0.015367
-0.100787
0.013591
0.016431
0.031222
0.102168
-0.073991
0.059281
0.160818
0.043001
0.015713
-0.042015
0.134657
-0.059037
-0.096810
0.120282
-0.000855
0.013987
0.016743
0.103845
0.035150
-0.063978
-0.032371
0.070845
-0.014328
0.076355
-0.080274
0.024255
0.024780
0.033517
0.049709
0.045878
-0.063954
-0.053667
0.016354
-0.053547
-0.000350
0.018371
-0.075247
0.085268
-0.170748
-0.087514
0.026516
-0.070267
-0.010729
-0.035536
0.008725
-0.065289
-0.040935
0.040290
0.042707
-0.093551
0.041051
-0.003200
-0.058829
-0.069700
0.062420
0.027463
0.068183
-0.160322
0.046641
-0.048215
0.005971
0.093497
-0.049568
0.005095
-0.008885
0.077832
0.029826
0.028441
0.033317
-0.145675
-0.020908
0.054378
0.028585
0.049001
0.060749
-0.035398
0.017896
0.111485
-0.050293
0.102961
0.008242
0.047303
-0.004496
-0.072435
-0.045527
-0.029376
0.110287
0.043544
0.090219
-0.048916
0.053185
0.069164
0.003556
0.026376
0.053042
0.081989
0.005883
0.048780
0.014442
0.026693
0.032017
-0.068410
0.018494
-0.025626
-0.015119
-0.087203
-0.021096
-0.091066
0.059453
-0.020785
-0.108470
0.078531
0.051767
0.032074
0.011360
-0.037649
0.016803
0.016471
0.001916
0.020649
-0.023673
-0.006481
-0.048310
0.010290
0.039107
0.037871
0.091196
-0.023536
0.014059
-0.002424
0.044128
0.006117
0.039455
0.021178
-0.042154
0.101872
-0.038273
-0.035461
0.011482
-0.068268
-0.016655
0.084605
-0.079786
-0.031641
0.026107
-0.049451
0.008877
-0.007726
-0.045727
0.073255
0.121565
0.077805
-0.026976
0.026367
-0.064115
-0.034092
-0.028709
-0.019445
-0.116792
0.033040
0.012474
-0.081870
-0.037730
0.070896
0.076979
-0.012439
-0.031739
-0.012682
-0.006813
0.041753
-0.039076
0.007928
0.001860
0.103426
-0.017510
0.035074
-0.049239
-0.044489
-0.045293
-0.195117
0.054860
0.128787
-0.069332
0.010420
-0.004154
-0.024348
0.040455
-0.010999
0.046481
-0.015085
0.058547
-0.073227
-0.042550
-0.001460
-0.069066
0.072565
0.006567
0.118759
0.019239
0.039981
0.041649
0.027737
-0.031867
0.053932
0.024376
-0.064559
-0.111529
0.030011
0.018822
0.069355
-0.007610
0.000109
0.034176
-0.153445
0.002120
-0.022699
-0.001435
0.104272
0.018643
0.037922
0.001450
0.054175
-0.067611
0.012098
0.021089
0.024832
0.045913
-0.126115
0.067727
0.078372
-0.017799
-0.025396
-0.008881
-0.000654
-0.074599
-0.022330
0.003067
-0.005450
-0.001628
-0.086987
0.047369
0.079718
0.027196
-0.051133
-0.131735
0.106941
0.013511
0.068230
-0.098678
0.024012
0.116286
-0.048867
0.030770
0.020154
-0.050033
-0.009741
0.098503
-0.079953
-0.052565
0.036360
-0.028307
-0.051361
0.000893
-0.030035
0.027755
0.018953
0.000159
0.084189
0.085185
0.010832
-0.068569
0.046844
0.023812
0.017723
-0.005413
-0.053304
0.042081
0.073354
0.134744
0.036004
-0.005674
0.029885
-0.032108
-0.073427
-0.061870
-0.000220
0.032191
-0.027256
-0.116653
0.092274
-0.008615
0.048973
0.020767
0.072571
0.038924
0.021588
-0.044393
0.069207
-0.029152
-0.124320
0.068273
0.015528
-0.009562
0.076610
0.010411
-0.110392
-0.028314
-0.007069
-0.062207
-0.048459
0.050960
0.069927
0.012136
0.018429
-0.076207
-0.051927
-0.001836
-0.009067
-0.030549
-0.031429
-0.023429
0.018213
-0.073374
-0.020981
-0.074849
-0.020564
-0.041685
-0.067356
0.077172
0.079552
-0.030870
-0.076090
0.013287
0.040159
-0.017374
-0.066350
-0.008191
-0.090738
0.036188
-0.064303
0.044059
0.060346
0.032780
0.085459
0.046082
-0.001079
-0.055932
0.101934
-0.040680
-0.072841
0.106608
0.051253
-0.018598
0.031892
-0.089946
0.013727
-0.060442
0.002857
-0.034191
0.072907
-0.030474
0.033737
-0.053857
-0.014483
-0.010906
0.077212
-0.057096
-0.013416
0.010974
0.062183
-0.087665
-0.080251
0.084353
0.136373
0.105882
0.030546
-0.075143
0.138656
-0.026640
0.075821
0.029127
0.024817
-0.003666
0.043865
-0.140074
-0.058755
-0.097762
-0.078816
0.079199
0.107076
-0.012172
-0.023548
-0.024183
0.069717
-0.034160
0.096867
-0.024784
0.043268
-0.036798
-0.009717
0.002619
0.001194
0.021829
-0.004730
0.013161
-0.052640
-0.019338
0.029945
0.060674
0.009305
-0.051305
0.130892
0.033026
-0.001645
-0.048569
0.135247
0.084787
-0.015869
-0.018526
-0.011798
-0.128038
0.016232
-0.007778
-0.138219
-0.046009
0.008264
0.024730
-0.051768
0.009445
-0.052149
-0.010415
0.046291
-0.022656
0.079179
0.063740
-0.086621
0.012263
0.131003
-0.066417
-0.015226
0.008925
-0.052266
0.041457
-0.031582
0.036385
0.111071
-0.050916
0.014483
0.012411
0.069293
0.082543
-0.042194
0.056773
-0.000876
0.028009
-0.042337
-0.007323
-0.070983
0.010027
0.028908
-0.034865
0.046285
0.047566
-0.015335
-0.017928
-0.020567
-0.029537
-0.054783
-0.056747
-0.128020
-0.024109
-0.037571
0.046088
-0.056705
0.034118
-0.049146
-0.083530
0.065300
-0.021058
-0.073521
-0.018090
-0.079250
0.072580
-0.007688
-0.015374
-0.019536
-0.034789
-0.078786
-0.126538
-0.025003
-0.044914
-0.043868
-0.087109
-0.088895
0.012847
0.018637
0.016578
0.018374
0.023391
-0.015993
0.020513
0.007673
-0.032115
-0.014687
-0.090038
0.004200
0.013899
0.035331
-0.113568
0.046590
-0.004039
0.044385
-0.011570
0.007902
-0.081207
-0.029118
0.082245
-0.088282
0.072527
0.063738
-0.033628
-0.062089
0.032321
0.149270
-0.012020
-0.116775
0.022939
-0.087242
-0.058380
-0.006622
0.101436
-0.075943
-0.023918
-0.058551
0.010381
-0.062938
-0.020303
-0.042965
-0.047767
0.031153
-0.054232
0.066942
-0.150171
-0.052176
-0.004684
0.009441
-0.009039
-0.005632
-0.026739
0.037815
0.086233
-0.019661
-0.081464
-0.141303
0.042982
-0.060814
-0.031942
-0.052601
0.024849
-0.036038
0.023631
0.007050
-0.049267
-0.036853
-0.066542
0.099759
0.072179
0.023887
-0.033715
-0.020773
0.010578
0.042794
0.102943
0.062683
0.005907
-0.005784
0.085712
0.019473
0.082832
0.010654
-0.056710
-0.022344
-0.159596
-0.059827
0.010856
0.005965
-0.037118
-0.034573
-0.048926
0.055151
0.036658
-0.028092
0.066122
0.097703
-0.050201
0.155644
-0.011239
0.040478
0.083361
0.013743
-0.113822
-0.049269
0.081050
0.079713
0.017098
-0.041159
0.128187
-0.060440
0.048159
-0.046438
0.056558
0.108533
0.049119
0.056449
-0.019845
-0.034970
0.033681
-0.079278
-0.052461
0.048157
-0.066830
-0.033950
0.039913
-0.049125
-0.018819
-0.010853
0.012432
0.049641
0.008948
0.052396
0.019611
-0.090062
-0.018950
0.020582
0.064327
0.064245
-0.114107
-0.069481
0.032494
-0.019045
-0.085402
-0.002828
0.025953
-0.046478
0.088804
0.052820
0.007289
-0.081138
0.086546
0.013238
-0.024651
0.034952
-0.060351
-0.021006
0.078820
0.008980
0.010368
0.148583
-0.043112
-0.027698
-0.009945
0.004223
-0.050687
0.098287
-0.012572
0.092497
-0.025187
0.003259
0.007030
-0.012231
-0.012386
0.049718
0.053171
0.013910
-0.010531
0.007801
-0.011278
-0.022657
-0.002441
-0.024791
-0.024610
-0.007787
0.011025
0.002957
-0.034499
-0.049812
-0.090763
0.004045
0.011731
-0.061511
-0.028620
-0.017437
-0.011326
0.064757
0.024185
-0.064644
0.013062
0.014381
-0.016744
0.022373
0.047572
0.096128
-0.014712
-0.077252
-0.013821
-0.082282
0.034421
0.091013
-0.118526
0.055212
-0.028533
0.069235
-0.054398
-0.003282
0.115476
-0.054265
0.075171
-0.035248
0.013291
-0.079542
0.020619
-0.051645
-0.066075
-0.058154
0.096139
-0.082061
0.015230
-0.062268
0.021255
0.076160
-0.058383
0.088915
-0.120337
0.019865
-0.028248
-0.024700
-0.028152
-0.024128
-0.045749
-0.098722
-0.028209
-0.036143
0.023106
0.024429
0.019057
-0.043490
0.065483
-0.035090
0.123575
0.023038
-0.001046
-0.010453
0.017321
-0.087052
0.096179
0.049113
0.018586
-0.073468
0.021373
0.025238
0.078886
-0.047436
-0.037885
-0.131004
-0.027123
-0.090955
-0.028837
-0.056479
-0.028760
-0.038016
0.061486
-0.028589
-0.032722
0.185064
0.009077
0.025146
0.058885
-0.045526
-0.009920
-0.076439
-0.026575
-0.052727
-0.083854
-0.071452
0.062420
0.015411
-0.035990
-0.023004
-0.028322
0.040117
0.008110
0.050150
-0.046569
0.027882
0.018147
-0.001051
0.009154
-0.037628
0.136582
0.028763
0.008734
-0.037913
-0.013722
-0.016100
-0.074017
-0.041639
0.049561
-0.003468
-0.071126
0.018907
-0.006177
-0.005980
-0.062494
-0.012956
-0.023471
-0.009081
-0.063638
-0.009086
-0.023327
0.043466
-0.031090
0.051752
-0.018837
-0.015431
0.064429
0.054889
0.020851
-0.035733
-0.049486
0.063556
0.037238
-0.071682
0.022624
-0.077612
0.012016
-0.029494
-0.020762
0.056800
0.024790
0.011973
0.015422
0.062835
0.116659
-0.067739
-0.095687
0.017778
0.015480
-0.077162
0.040751
0.013789
0.070379
-0.045402
0.083581
0.097478
-0.014797
-0.003913
-0.118735
-0.136040
0.006425
0.073036
0.016529
0.002512
-0.087468
-0.048654
-0.061190
0.030226
-0.016639
0.032050
-0.000109
0.058606
-0.089590
0.074955
0.034886
0.087740
-0.001382
-0.032790
-0.030489
-0.033944
-0.024595
-0.019347
0.043396
-0.089257
-0.069234
-0.073717
0.016239
-0.065225
-0.004612
0.017032
0.070667
-0.083375
0.033675
0.027989
-0.118190
0.028900
0.021645
-0.047488
-0.053024
0.004317
0.064451
0.139045
0.033979
-0.010971
0.009305
0.039424
0.051414
-0.010922
-0.058342
-0.012379
0.003306
-0.062172
0.037043
0.024485
-0.075567
-0.046770
0.052998
-0.008018
-0.004265
0.021738
0.050679
0.059669
0.018923
-0.024751
0.021903
-0.047724
-0.076757
-0.028982
-0.022086
-0.101410
0.100309
0.002918
-0.009088
-0.059064
-0.011573
0.138149
-0.090351
0.081689
-0.028844
-0.121809
-0.087958
-0.036932
-0.046591
-0.076333
0.020443
0.072638
0.049366
-0.025647
-0.027753
-0.025313
-0.016801
0.001978
0.087496
0.036250
0.053281
0.024891
0.012254
-0.037822
-0.055423
-0.052264
-0.086950
-0.030324
-0.026839
-0.003511
-0.088625
0.064684
0.082590
-0.083905
-0.071009
0.023024
-0.091467
-0.078346
0.035285
-0.035438
0.027471
0.081323
0.036947
0.072963
0.033578
0.056415
-0.024258
0.024961
-0.116258
-0.014610
0.024324
-0.044065
0.009020
-0.015735
-0.070424
-0.012838
0.083742
0.030261
-0.034879
0.040689
-0.026235
0.084909
0.093277
-0.107974
-0.034027
0.044760
0.017152
-0.036300
0.015783
0.060342
-0.000244
-0.006905
0.030249
0.054944
0.063728
-0.062911
-0.030317
-0.045611
0.026562
-0.022097
-0.026996
-0.000285
0.006429
0.008655
0.055432
0.002622
-0.056616
-0.076618
0.018477
0.063409
0.045848
-0.015775
0.011864
0.035394
0.059262
0.019609
-0.056011
-0.054369
0.058574
0.017659
-0.072966
-0.052911
-0.128560
-0.018492
-0.066934
0.040088
-0.014281
0.033787
0.026121
0.073209
0.134986
0.018776
0.070993
0.024664
0.010803
0.009861
0.053741
-0.048207
0.084612
0.060709
-0.012489
-0.044171
-0.018470
-0.023545
-0.018494
-0.099918
-0.027830
0.032832
-0.064890
-0.041512
-0.004407
-0.020096
0.081462
-0.024737
-0.043307
0.098996
-0.079108
-0.081120
0.015598
-0.040744
-0.037907
0.115126
0.052061
0.094121
0.019621
0.007182
-0.032067
-0.032386
-0.005080
-0.017829
-0.092521
0.060016
-0.073834
-0.062090
-0.077503
-0.017042
-0.027588
0.084141
0.057496
-0.043904
0.000263
0.093918
-0.035036
0.058099
-0.088226
0.017774
0.049842
-0.025860
-0.037807
0.015741
-0.078696
-0.004817
0.095266
-0.065589
-0.013371
-0.019723
0.009120
-0.057166
-0.050582
-0.064363
0.106071
-0.013058
0.089142
0.019396
-0.014923
0.008337
0.039580
0.015351
-0.061951
0.046914
-0.069506
-0.058332
0.019609
0.075840
0.031525
0.090208
-0.017357
0.011260
-0.012101
0.015070
0.105610
-0.088421
0.094707
0.004782
0.024502
-0.136341
-0.031372
0.016620
-0.056653
0.059158
0.019602
-0.093362
0.043005
0.078163
-0.037559
0.085988
0.013623
0.042556
0.083674
0.011569
0.145025
0.027047
0.002108
0.036405
0.009196
0.072916
-0.080379
-0.064892
-0.046731
-0.021087
0.160409
-0.066965
-0.021938
0.049042
-0.060114
-0.013948
0.006547
-0.017285
-0.001508
-0.051469
-0.039309
0.052313
-0.021233
0.050050
-0.021399
-0.017689
0.025079
0.059657
-0.055719
-0.024956
-0.003950
0.087337
0.055132
-0.014415
0.009971
-0.031990
-0.099127
-0.009660
-0.021602
-0.145873
0.001394
-0.109937
0.026551
0.033287
-0.088142
-0.082266
0.058422
-0.140317
-0.035281
-0.008071
-0.039856
-0.008650
-0.017877
0.111137
-0.027953
-0.043766
-0.010659
0.039080
-0.098414
0.017447
-0.048812
0.046898
0.092993
0.034810
-0.049883
0.043136
-0.006933
-0.044875
-0.072045
0.033892
-0.023042
-0.114370
-0.055179
0.039133
-0.044076
0.115204
0.024360
-0.019740
-0.027871
0.022288
-0.058782
-0.012281
-0.001547
0.026112
-0.002280
-0.029891
-0.059221
-0.014725
0.025349
0.069229
0.076244
0.071404
0.047631
-0.017875
-0.000749
0.058168
-0.056502
0.040669
0.119653
-0.070199
0.036042
0.011996
0.030556
-0.001316
-0.079496
0.096429
0.095072
-0.035497
-0.055006
0.019812
0.003100
0.102266
-0.096438
-0.084416
-0.043021
0.057823
-0.092450
-0.009076
0.051164
0.026306
-0.040636
0.014603
-0.021223
-0.118864
0.079341
-0.020495
0.027554
0.143079
0.024514
-0.083849
0.064198
0.098076
0.010367
-0.003552
-0.005904
-0.013213
0.056349
0.033108
0.028157
0.028899
-0.033595
0.022334
-0.058268
-0.017415
0.146131
-0.038290
-0.029147
0.070604
0.007415
-0.017262
0.069715
0.193322
-0.072723
0.054589
-0.102469
-0.056395
-0.035716
0.028824
-0.067369
0.021844
-0.084060
-0.100826
-0.002611
0.097012
0.028519
0.013666
0.040871
0.074025
0.005533
0.081093
0.039607
-0.013485
0.066394
-0.123482
-0.023136
-0.094245
0.077929
0.100209
-0.050587
-0.070214
0.003616
0.072192
0.024936
0.012926
-0.071770
0.003838
-0.057816
-0.166547
-0.064503
-0.004042
0.034847
0.089215
-0.094977
-0.009183
-0.008457
-0.085637
0.080640
-0.029734
0.070890
0.056621
-0.024362
0.090142
-0.063586
-0.083269
-0.044727
-0.003237
-0.062454
0.064596
0.030215
-0.056320
-0.055179
-0.039548
-0.031509
0.070962
-0.023835
-0.060728
0.008239
0.015592
0.016494
-0.122851
0.069054
0.041139
-0.052687
0.062337
-0.000003
0.135190
0.077408
-0.035272
0.074293
0.010579
0.041395
-0.063398
-0.040888
-0.120076
-0.132113
0.068279
0.060903
-0.090669
-0.070365
-0.073154
-0.067840
0.073894
-0.025552
0.011008
0.036592
0.054458
-0.053725
-0.110752
-0.050951
-0.082626
-0.101117
-0.034886
0.078022
0.003499
0.049555
0.060700
-0.099760
-0.031203
0.111808
-0.017431
0.090824
-0.014959
0.096031
0.040349
-0.040764
0.028172
0.085136
-0.049099
0.002434
-0.005474
0.020833
0.010062
-0.023425
0.032046
0.035163
0.015695
0.011527
0.082346
0.019723
0.041045
-0.003703
0.044730
0.040072
-0.043495
0.022025
0.083374
0.010885
-0.042880
-0.073219
-0.043704
-0.122494
-0.109656
0.064977
-0.113867
0.047868
0.044279
0.038372
-0.082283
0.165757
-0.089853
-0.028896
-0.086847
-0.013956
-0.047302
0.019934
0.029108
0.048531
-0.085651
-0.002315
-0.026566
0.060902
0.023954
-0.028524
0.011891
-0.008502
-0.020982
0.019064
-0.177389
0.057907
0.027434
0.050170
-0.025795
-0.118084
-0.096666
0.024401
-0.013011
-0.002890
-0.017405
0.019032
0.033293
-0.041920
-0.010894
-0.040795
-0.087049
-0.028073
0.054765
-0.000109
-0.071351
-0.030816
0.066051
0.002801
0.068851
0.045021
0.021448
0.024640
0.009300
0.105627
-0.078611
0.135257
0.068711
-0.046928
0.025199
-0.016518
-0.007190
0.036356
-0.080991
0.064597
-0.117723
-0.001015
0.013587
-0.055015
0.007250
-0.028326
-0.069772
-0.054729
-0.028541
-0.074515
0.002365
0.047433
0.004124
-0.051258
0.079320
0.135471
-0.052498
0.032702
0.051655
-0.034573
0.010031
0.143859
-0.088006
-0.051122
-0.055551
-0.069652
0.026290
-0.041192
-0.151945
-0.003123
0.050853
-0.061000
0.012171
-0.076925
0.014196
0.005666
0.050336
-0.020366
0.030491
-0.077481
-0.013450
0.044970
0.061951
0.095739
0.023300
0.066367
-0.087081
-0.050666
-0.030634
0.015461
0.013866
0.000134
0.063874
-0.052370
-0.084049
-0.136864
-0.056587
0.006925
0.005221
-0.020778
-0.043775
0.075612
-0.041559
0.048342
0.115820
0.004537
0.124329
-0.076844
0.041118
-0.044574
-0.030901
0.000270
0.016214
0.046382
-0.123496
-0.008162
-0.003815
0.007651
-0.026196
0.004911
0.041422
0.032557
-0.056837
-0.030487
0.069970
-0.111788
0.001765
-0.022498
-0.053150
0.045789
-0.008122
0.031590
-0.157502
0.118470
0.030654
0.103747
0.044610
0.098178
0.011190
0.045870
-0.018254
-0.057227
-0.069719
-0.002604
0.041567
0.144460
0.026737
-0.056901
0.029743
-0.011050
0.048553
-0.031313
-0.021671
0.046895
0.005010
-0.027420
0.052493
-0.064519
0.024210
-0.115914
-0.019290
0.014677
-0.013289
-0.008326
-0.000787
-0.060200
-0.014093
0.001629
0.021668
-0.016193
-0.007613
0.024552
-0.161301
0.013004
-0.068764
-0.034631
0.020116
0.112952
-0.050039
0.069455
-0.110794
0.020061
0.022027
-0.079898
-0.040513
-0.069584
-0.002407
0.052938
0.028779
-0.021813
0.108934
0.059105
0.041545
-0.032427
-0.046001
-0.004341
-0.068801
0.010403
0.017472
0.044636
0.001952
0.039745
-0.113988
-0.017132
-0.032487
0.101337
0.040477
0.043476
-0.092126
-0.078900
0.058530
-0.043588
-0.042956
0.017154
0.025048
-0.019832
0.022657
-0.016028
0.001359
-0.068793
-0.160786
0.005278
0.045656
-0.011520
-0.025870
-0.032496
-0.103476
0.124326
0.006835
0.109040
-0.008810
0.040415
0.013024
-0.052358
0.109958
-0.017791
-0.014897
0.092840
-0.006652
-0.010655
0.040863
-0.006662
0.038100
-0.019307
-0.021242
-0.034671
0.084096
0.015863
0.035688
0.036105
-0.036437
-0.069676
-0.027202
0.098687
-0.007361
0.045913
0.004913
0.058026
-0.025670
0.116441
-0.015549
0.006474
-0.041010
0.004923
-0.034711
-0.065207
0.044424
-0.037940
0.018676
-0.061386
0.060742
0.087171
-0.029862
-0.082727
-0.021596
-0.017751
0.110999
-0.033053
-0.023129
-0.003454
0.130841
-0.068077
-0.105637
-0.022023
-0.054446
0.032440
0.017380
-0.014683
-0.005131
0.021512
-0.098693
0.075202
-0.017201
-0.031150
-0.008486
0.147907
-0.005517
0.018169
-0.054894
0.067507
-0.027387
0.064357
-0.018523
0.053028
-0.005271
-0.107301
0.043020
0.010634
-0.073920
-0.092921
0.038764
-0.044676
0.029661
-0.029180
0.083946
0.022684
-0.016841
0.037850
-0.051022
0.032232
-0.021041
0.025569
0.069477
0.046761
0.067153
-0.038232
-0.063177
0.072469
-0.008634
-0.033156
0.040419
-0.028383
0.065266
0.004262
-0.031201
-0.021098
0.130255
-0.042449
-0.075440
0.164237
-0.097175
0.064648
0.039378
0.062911
0.052413
-0.016716
0.039360
-0.021474
-0.103935
-0.070485
0.002020
0.043917
0.048967
-0.080905
0.071186
0.091460
-0.065214
-0.047480
0.048867
-0.014615
-0.050221
-0.000304
0.005609
-0.015858
-0.059335
-0.107024
-0.020680
-0.009576
-0.069336
0.021964
0.119951
0.003256
0.041366
-0.066622
0.034896
0.061229
-0.111983
-0.024557
0.001078
-0.065924
0.018425
0.110177
0.043615
-0.027189
-0.034689
-0.070103
-0.050766
-0.070955
0.023446
-0.024308
0.038397
0.071649
-0.088876
0.077765
0.024299
-0.021838
0.009762
0.001595
0.038418
0.068614
-0.028012
-0.070563
-0.076207
-0.107367
0.054732
0.017693
0.069171
0.080887
0.027156
0.011568
0.030878
0.032635
0.028382
0.062337
-0.016266
-0.018376
0.001340
-0.079590
-0.020959
-0.023386
-0.043663
-0.101317
0.054207
0.046570
0.032316
0.059111
0.041739
0.093206
0.002174
-0.044457
0.018415
0.109422
-0.025608
-0.023918
0.020091
0.021274
0.092134
0.103180
-0.006748
-0.017582
-0.055762
-0.025744
-0.073420
0.004073
-0.021076
0.056448
0.024343
0.039898
-0.056114
-0.014337
0.004556
-0.015030
0.159318
0.057918
0.069943
0.074613
-0.024867
-0.088924
0.067000
0.057452
0.023620
-0.072622
0.026819
0.107120
0.034610
0.027749
0.042608
-0.012566
0.111716
-0.005179
-0.124259
0.063325
-0.065146
0.123857
-0.060317
0.057528
-0.058453
0.007604
-0.038136
0.018875
-0.137514
0.013447
-0.007873
-0.072311
0.048475
-0.021872
0.004129
-0.072041
-0.060116
0.050052
-0.004262
0.078896
-0.062462
0.149255
-0.062266
-0.089434
-0.005555
-0.027734
0.004502
-0.004175
-0.099800
0.082867
-0.039611
0.030198
-0.004526
0.002985
-0.065858
-0.022366
-0.049005
-0.020347
0.056656
-0.058657
-0.014984
-0.023906
-0.038903
0.112374
-0.026712
0.012083
-0.080114
-0.055001
0.098144
-0.081273
-0.054207
-0.066154
-0.027868
-0.045150
-0.106276
0.001874
-0.162166
0.006143
-0.029745
-0.060956
0.028839
0.003413
0.041594
-0.078251
0.019978
-0.143140
0.018881
0.112050
-0.048878
-0.045438
0.057137
-0.073470
-0.083243
-0.042084
0.010355
0.080209
-0.051999
-0.009891
0.057185
0.052631
0.008804
0.017942
0.007089
-0.001414
-0.001990
-0.041246
0.021072
0.043187
-0.060358
-0.053113
0.033139
-0.109816
-0.033211
-0.050617
0.031826
-0.006973
0.031016
-0.045928
-0.076513
0.033128
0.016176
-0.028619
0.006514
0.109379
-0.001712
0.059976
0.024505
0.084543
0.001832
-0.040286
0.015060
-0.055719
-0.055303
0.039129
0.001661
-0.023525
-0.107470
0.004199
-0.028774
-0.053287
-0.055186
0.007912
0.009274
-0.014870
-0.113303
0.041204
0.046989
0.042151
-0.097645
0.069543
0.032734
-0.034491
0.116661
0.017855
0.056439
-0.075394
0.006817
-0.041413
0.017824
-0.060508
-0.112071
-0.035495
-0.043775
0.112345
-0.035369
0.080991
0.019626
-0.055469
-0.029728
0.006330
0.012212
0.006009
-0.063687
-0.070500
0.047364
0.063846
0.094447
0.062608
0.004997
-0.025262
0.048045
-0.125182
0.061519
-0.034138
0.140006
-0.132774
0.072028
0.049958
0.059388
-0.027752
-0.002436
-0.063871
0.021217
0.093039
0.172618
0.107365
0.050909
0.002024
0.044072
0.051310
0.016878
-0.026066
0.007387
-0.015314
0.023811
-0.037858
0.022966
0.071182
-0.035818
-0.056275
-0.066116
0.095102
-0.041411
-0.005408
0.058984
0.001923
0.042886
-0.103519
-0.000862
0.064592
-0.018987
0.011464
-0.003505
-0.012143
0.047107
0.049384
-0.010498
0.051789
0.033119
0.000029
0.008139
0.083255
-0.094044
-0.019300
-0.055211
0.072512
-0.024296
-0.112386
-0.092301
-0.089431
0.053641
0.018647
-0.096898
0.101164
0.046948
0.089125
0.074130
-0.035254
-0.019418
-0.005841
-0.030031
-0.035492
-0.057636
0.031777
0.037922
-0.051030
0.008633
0.003304
0.057989
0.065463
-0.057338
-0.052787
-0.020843
-0.101475
0.006229
0.043786
0.029460
0.051211
-0.031600
-0.020020
-0.059478
0.054755
-0.054123
-0.002774
-0.018935
0.035382
-0.004386
0.022424
-0.011569
-0.028889
0.081116
-0.094775
-0.029447
-0.075765
-0.046685
-0.027606
0.073256
0.064891
-0.054413
0.072685
0.048220
-0.041007
0.040507
0.035606
-0.022022
-0.101748
-0.080201
0.106923
-0.007714
-0.021975
0.011599
0.029971
0.014596
-0.048700
0.030500
-0.084427
0.018074
0.033824
-0.016569
-0.022441
-0.026352
-0.061047
0.031811
0.058346
0.102084
0.056359
-0.026853
-0.052948
0.029997
-0.029727
-0.002104
-0.088052
-0.001511
-0.152084
-0.093403
0.003500
-0.127633
0.119544
-0.029168
0.072042
0.074345
-0.082827
0.070355
-0.028190
-0.060069
0.015416
0.028829
0.074701
0.067538
0.037387
-0.020597
-0.060975
0.002286
0.050870
-0.064051
-0.008754
0.080393
0.011486
-0.024555
-0.031884
-0.022946
-0.060453
-0.004390
0.045439
-0.054585
0.038583
-0.010537
0.043536
0.096857
0.028375
0.021961
-0.000912
0.025242
-0.043559
-0.011027
-0.050151
0.097435
-0.015174
-0.013527
-0.063910
-0.024370
-0.090563
0.036900
-0.061916
-0.074130
-0.047731
0.007808
-0.074297
-0.071751
-0.029981
0.000258
0.082839
0.039546
0.014147
-0.001984
0.040130
-0.031783
-0.033010
0.149621
0.027054
-0.064625
0.084466
0.070358
-0.007163
-0.008811
0.036006
-0.061549
-0.063149
0.029367
-0.012770
-0.098834
-0.056829
0.034217
-0.029138
-0.047538
-0.060799
0.083212
0.010556
0.086897
0.004144
-0.011565
0.073942
-0.017098
-0.015418
0.029672
0.061372
-0.020280
0.058635
-0.022174
-0.008894
0.096573
0.086369
0.011443
0.043747
0.023781
0.067565
-0.082408
0.062657
0.040314
0.005396
0.005150
0.052478
-0.148425
0.004951
-0.119120
-0.039833
-0.052401
0.009726
0.092884
0.004553
0.118942
-0.037454
0.017342
-0.079457
-0.012852
0.063240
0.109143
-0.015439
-0.025730
-0.067890
0.074498
-0.000871
-0.057079
0.007258
-0.076769
-0.014891
0.003984
-0.076170
-0.017996
0.051621
-0.006360
0.124403
0.051921
-0.011762
0.003008
-0.079596
-0.052496
0.061389
-0.043000
-0.005863
-0.051470
0.000149
0.026432
0.051409
0.015072
-0.052710
-0.076258
-0.114353
0.009935
0.002980
0.079502
0.059821
-0.090287
-0.005671
-0.073506
-0.091730
-0.076813
0.066334
-0.006668
-0.034985
-0.035905
0.039859
0.028153
-0.058468
-0.018424
0.068441
0.058161
0.049768
-0.024296
0.061212
-0.061079
-0.019368
-0.013198
-0.041019
-0.005305
0.057248
0.010754
0.012262
-0.134844
0.039451
0.094185
-0.045479
-0.053240
0.114255
0.030542
-0.135081
-0.052785
0.030835
-0.072804
-0.013013
0.072196
0.010028
-0.056364
0.092300
0.079778
0.025655
0.060851
-0.019156
0.044691
0.058544
-0.002475
0.029198
0.021788
-0.020615
0.058282
-0.051943
-0.066324
0.053241
0.010152
0.012090
-0.011672
-0.109420
-0.077757
-0.020364
-0.039204
-0.009196
-0.034014
-0.024159
0.033007
-0.020807
-0.092668
0.021433
0.109268
0.006219
0.060722
-0.053632
0.000372
-0.009456
-0.038261
0.099331
0.042796
0.040948
-0.053945
0.029487
0.037030
0.021236
0.049859
-0.071581
0.015244
0.079804
-0.005798
-0.113840
0.001005
-0.016012
0.001347
0.016059
-0.026960
-0.021105
0.054631
-0.104562
-0.062624
0.074647
0.002244
-0.054587
-0.025627
0.119021
-0.120902
-0.021710
0.022147
0.074603
0.016595
0.032533
0.111067
0.021292
-0.098858
0.007575
0.017114
0.029783
-0.048461
0.035019
0.002675
0.002295
-0.002492
-0.013564
0.094086
0.077967
0.023348
0.033716
-0.014455
0.074140
-0.058826
-0.031009
-0.091206
-0.055256
0.060959
0.054281
0.078140
0.030581
-0.032448
0.068818
-0.027638
-0.014887
-0.067115
0.104088
0.113539
0.074999
0.041893
-0.020580
0.102580
-0.104890
-0.039032
0.047919
-0.069056
0.020461
0.031030
-0.087270
0.003693
0.058381
-0.123721
0.071448
0.013467
-0.044840
-0.057095
0.003523
0.086959
0.084629
-0.036819
-0.013553
-0.067764
0.020369
0.054491
-0.024777
-0.042256
-0.018720
0.048023
0.063951
0.070333
0.025094
0.017987
-0.089621
0.056009
-0.102573
-0.068718
-0.042023
-0.040216
0.025626
0.059808
-0.027612
0.004926
0.063251
-0.037168
0.056669
0.015397
0.049146
0.059599
-0.016677
0.106047
-0.054095
0.046952
-0.057072
0.160619
-0.075318
0.009497
-0.085351
-0.061625
0.028966
-0.001275
0.099724
-0.040469
-0.001643
0.052637
-0.009932
0.021251
0.060092
0.073748
0.018761
-0.014328
0.038365
0.010944
0.038059
-0.096706
-0.035298
-0.007874
-0.036736
0.130271
0.011523
0.031043
0.117797
0.115844
-0.133075
0.061431
-0.072425
0.003090
-0.021369
-0.038359
-0.006577
-0.173672
-0.001726
0.094626
0.018250
-0.011248
0.162258
-0.037963
0.044283
0.089470
0.011813
-0.046852
0.048508
-0.061054
0.048115
-0.053589
0.026258
-0.097207
-0.009827
-0.031382
-0.089124
-0.006105
0.008739
-0.031164
-0.027582
0.006127
-0.058879
0.018855
0.083401
0.031288
-0.022729
0.044530
-0.001263
0.048493
0.056442
-0.066932
0.047483
0.062544
0.002589
-0.010875
0.037569
0.034024
0.027958
0.038656
0.062932
-0.007885
0.015980
0.002537
0.050672
0.040052
0.052578
-0.013753
0.064876
0.003484
0.009331
-0.008468
0.039232
-0.057975
-0.036375
-0.052547
-0.125720
0.021660
-0.031920
-0.036306
0.014682
-0.046396
-0.074695
-0.074602
0.066284
-0.067705
-0.079364
-0.031774
-0.042982
0.008393
-0.009061
0.087092
-0.030636
-0.000384
0.086091
-0.045251
0.054244
-0.061942
0.015466
0.003086
0.020637
0.063456
0.037728
-0.010209
-0.059996
-0.013329
-0.094600
-0.028336
0.024580
-0.068347
0.075881
-0.158454
-0.014485
-0.074420
-0.015108
-0.076107
-0.017851
0.111170
-0.029201
0.008001
-0.002197
0.028675
0.058296
-0.002739
-0.071917
-0.006485
-0.021968
0.022395
0.074403
-0.092255
-0.076051
-0.001498
0.075065
-0.093033
0.023599
0.074986
-0.116996
-0.047536
-0.054476
-0.016396
-0.052293
-0.053889
0.032642
-0.023903
-0.020699
0.007653
0.004318
-0.039819
0.003381
-0.027283
-0.143663
-0.014613
0.029436
0.006146
0.010894
0.013369
0.022307
0.056258
-0.070622
-0.049805
-0.002696
-0.132946
0.051927
0.092096
0.012621
-0.002306
-0.019972
0.058178
0.034103
-0.062382
-0.013486
0.012947
0.005999
-0.006719
0.022317
0.048196
-0.023117
0.084371
0.032461
-0.004047
-0.028590
-0.077277
0.035309
0.104177
0.134844
0.126722
0.002142
-0.005817
-0.045196
-0.017169
0.038492
-0.024629
0.059346
-0.059544
-0.152186
-0.030670
-0.082315
0.082329
0.014157
0.075952
0.113319
0.092611
-0.057242
-0.045858
-0.012935
0.050576
-0.044051
-0.062070
-0.033194
0.015890
0.018074
-0.055169
0.026431
0.034614
-0.007626
-0.029713
-0.032964
-0.065859
0.073599
0.114809
-0.026624
-0.022400
0.044141
0.067277
-0.139029
0.034256
-0.018315
-0.094769
0.082366
0.043916
0.093465
-0.069909
0.037952
0.048053
0.027001
0.021741
-0.078725
0.042512
0.051778
-0.013717
0.047238
-0.019418
-0.011994
-0.050337
-0.116524
0.021791
-0.003415
0.006361
0.040473
0.044313
-0.046540
0.143015
-0.021099
0.169411
0.008506
-0.038278
0.024579
-0.010489
0.028203
-0.067628
0.033833
0.054357
-0.059938
0.026274
0.052789
0.013530
-0.036351
0.081852
0.040696
-0.003150
0.100705
0.046604
-0.047538
-0.087772
0.070253
-0.046429
-0.016550
0.083480
-0.010851
-0.029805
-0.031806
0.021950
-0.107206
0.026022
-0.060233
-0.025413
-0.038848
0.005861
-0.001873
0.013059
-0.088217
0.015547
-0.001208
0.066021
-0.008931
-0.021390
-0.036423
0.018857
0.016795
0.082183
-0.000631
-0.046039
-0.019313
-0.051573
-0.036551
0.038501
-0.070498
0.017246
0.000235
-0.009941
-0.033996
0.033466
-0.021991
0.017846
-0.141502
0.066502
0.058271
-0.041474
-0.014999
0.049326
-0.081874
0.100679
0.001612
-0.068292
-0.018866
-0.032041
-0.080285
0.013986
0.012349
0.033950
-0.003278
0.023678
0.049953
0.019427
-0.076815
-0.034855
0.098713
0.041863
-0.060428
0.123698
-0.011039
-0.028383
-0.047243
-0.042166
0.020149
0.067658
0.017139
0.041400
-0.083829
-0.065755
0.039214
-0.040207
-0.020884
0.067958
0.007590
-0.036355
-0.018530
0.064741
-0.030329
-0.003761
-0.073944
0.032636
0.006407
-0.026236
-0.035924
-0.059341
-0.003802
-0.142901
-0.084443
0.022552
-0.101336
0.041946
-0.072608
0.018681
0.045721
-0.032311
-0.028442
-0.109943
-0.030930
-0.059633
-0.086390
0.043593
0.056364
0.059259
0.025644
0.025560
-0.002511
0.045619
-0.021481
-0.047475
0.054023
0.081093
-0.030582
-0.005801
0.011317
0.007972
-0.036617
0.015809
-0.017266
-0.001928
-0.007751
-0.062256
-0.023639
0.069223
0.047995
-0.007337
-0.048160
0.073593
0.000145
0.059569
-0.056690
0.008185
0.000169
-0.101796
-0.082785
-0.014303
-0.019407
-0.049941
0.026200
-0.026511
0.013103
-0.107998
-0.075204
0.058510
-0.059514
-0.074544
-0.001462
-0.038350
-0.069765
0.058409
-0.066061
-0.021713
-0.050171
-0.008868
-0.041883
-0.055474
-0.047222
-0.095012
0.036681
-0.083078
0.007994
-0.069021
0.023820
-0.050315
-0.121499
0.045100
0.002042
-0.017966
0.024736
-0.050502
-0.064155
-0.018798
0.089668
-0.090002
0.071874
-0.125292
0.043877
-0.045491
0.001611
-0.058063
-0.021382
-0.015888
-0.053384
0.058319
-0.053027
-0.074033
0.045570
-0.015678
-0.069763
0.079888
-0.010874
-0.060657
-0.011251
-0.031941
0.029629
0.070902
-0.018282
-0.052067
0.087469
-0.074165
0.092297
-0.029765
0.006636
0.047005
-0.038129
0.070171
-0.011693
0.010576
0.131333
-0.038352
0.004021
-0.052527
0.013260
-0.003934
-0.038724
0.004999
-0.069109
-0.050067
0.027731
-0.055499
-0.005014
-0.015353
-0.065530
0.007544
0.005364
0.016084
-0.168487
0.027109
0.101804
-0.097768
-0.089627
0.148495
0.093663
-0.036197
-0.071653
-0.020522
0.023739
-0.020343
0.016609
0.009102
0.032069
0.046186
0.188984
-0.000192
0.038617
-0.064627
-0.007589
-0.027817
0.004024
-0.003304
-0.023880
0.037463
0.013311
-0.044420
0.048057
-0.016580
0.035897
-0.036068
0.030777
-0.040383
-0.034247
0.022453
0.039781
0.001371
-0.015149
-0.028023
-0.065972
0.058453
-0.017852
-0.023840
-0.020409
-0.055902
0.085164
0.005631
-0.074956
0.004611
0.007588
0.054832
0.063048
0.045347
0.097625
0.103129
-0.062881
0.005505
0.000968
0.109407
-0.081418
-0.072824
-0.049122
-0.016192
0.111658
0.039654
-0.031926
-0.068390
-0.046694
-0.042955
-0.017992
0.073913
0.018682
-0.047119
0.032119
-0.019713
0.027975
0.039760
0.041491
0.001168
-0.024382
-0.044606
0.041281
0.070161
-0.012462
-0.000457
0.103130
-0.088238
0.129080
-0.036462
0.060960
-0.063980
-0.128133
-0.020974
-0.027478
-0.010174
-0.069312
0.099517
-0.012389
0.012968
-0.022504
-0.015466
-0.006840
-0.181929
-0.021026
0.028463
-0.006447
-0.025004
0.035855
-0.114444
0.052021
-0.025224
-0.030198
0.115204
0.013429
-0.094629
0.013421
-0.086498
-0.016226
0.057970
-0.070572
0.038042
-0.066742
-0.055695
0.004853
0.087789
-0.025619
0.047629
0.025409
-0.061170
-0.051923
-0.101266
0.026477
-0.064197
0.034318
-0.020356
-0.013431
0.052656
0.069498
0.045813
-0.034252
0.035729
0.121524
-0.049954
-0.134512
0.065608
0.070909
-0.090346
0.045076
-0.005741
0.014496
-0.040588
-0.047917
-0.067231
-0.031637
-0.014509
0.002509
-0.043817
0.039367
0.060044
-0.032792
0.079795
-0.057843
0.105489
-0.005851
-0.051842
0.039486
0.058466
-0.030437
-0.144853
-0.049310
-0.020916
0.058253
-0.083077
0.095375
-0.007687
0.061114
-0.121753
0.044583
-0.000358
-0.009157
-0.041421
-0.012673
-0.010118
-0.013429
-0.008788
-0.012309
0.124326
-0.076137
0.089297
-0.096434
-0.047543
-0.013151
-0.052299
-0.047181
0.001353
-0.043510
0.031240
0.021780
-0.021236
0.048335
0.014768
-0.052934
-0.061691
0.045219
-0.062058
-0.021112
0.052858
0.003188
0.010488
-0.068575
0.006695
-0.082035
-0.072815
0.060635
0.012604
0.019900
0.014623
-0.071089
-0.074342
-0.023840
0.024954
-0.060347
0.011664
0.032752
-0.007932
-0.027659
0.022455
0.031516
0.076913
-0.015643
-0.022758
0.012704
-0.006271
0.011408
0.001789
-0.069268
-0.019526
-0.053919
-0.028253
-0.021798
0.029374
0.069863
-0.020057
0.020569
-0.039421
-0.018458
0.082644
-0.022195
0.049261
0.004307
0.024921
0.108864
0.028718
0.049645
0.011976
0.040585
0.046165
0.109207
-0.041347
-0.069635
-0.060433
-0.033189
-0.006648
-0.053528
-0.039804
-0.025537
0.118077
0.020936
0.059215
-0.132187
-0.055015
-0.036063
0.004141
-0.066324
0.104547
0.123350
0.033738
0.074225
-0.055442
0.081417
-0.055600
0.071003
-0.098522
-0.083467
0.065964
0.015052
-0.020313
0.041354
-0.058540
0.035514
-0.002084
0.010186
-0.002749
-0.083132
-0.048534
-0.025006
0.012962
0.012501
-0.055830
0.015512
0.074291
0.022441
-0.042693
0.043900
-0.017056
-0.079759
0.040874
-0.009814
0.013422
-0.080527
0.066565
0.013101
-0.140677
0.079214
-0.074699
0.001363
-0.018651
0.035525
0.003258
0.038100
0.006060
-0.065236
-0.038988
-0.021668
-0.042835
0.011222
0.068406
0.004387
-0.061195
-0.021705
0.026903
-0.093958
0.013059
0.014208
-0.003258
0.053608
0.088970
-0.060900
0.089111
0.058651
-0.030480
-0.110601
-0.002548
-0.015754
0.019484
0.019099
-0.086037
-0.051301
0.014298
-0.013464
-0.019909
0.041166
0.045524
0.050130
-0.049474
-0.008926
-0.099348
-0.030883
0.113042
0.090705
-0.040944
-0.114305
0.029419
-0.028541
0.017906
-0.058426
-0.059951
0.108556
-0.043856
0.037407
0.027609
0.004833
-0.047675
-0.002751
-0.062296
-0.006923
-0.048342
-0.018757
-0.001875
-0.042477
-0.025113
-0.034122
-0.057701
-0.080684
0.011865
-0.030422
0.056102
0.031445
0.056438
0.041897
-0.001898
0.064754
0.124735
0.069540
-0.095741
-0.031295
-0.031732
0.001888
0.038766
-0.028913
-0.018746
0.016777
0.067713
-0.009455
0.044653
-0.009659
-0.020802
0.049445
0.112313
-0.003394
0.002757
-0.034105
0.019064
-0.072664
0.068216
-0.010112
0.085453
-0.079894
-0.011578
-0.033768
-0.057320
0.014466
0.029659
-0.066325
0.038041
-0.025192
-0.080371
-0.058967
-0.003329
-0.040593
-0.041530
-0.014404
-0.026118
-0.061632
0.033668
-0.054680
0.047715
-0.002673
0.049279
-0.003558
-0.054888
-0.068009
0.048162
0.094804
-0.021857
0.049386
-0.006255
0.017747
0.029412
-0.021363
0.062508
-0.028528
-0.073214
-0.067762
-0.133013
0.063136
0.063260
0.007144
0.004347
-0.096793
-0.018863
0.020308
0.024985
-0.000373
-0.046186
0.094592
0.038797
0.081870
-0.032359
-0.085574
-0.038807
0.036557
-0.001912
-0.090706
0.047159
0.085099
0.028548
0.057028
-0.032802
-0.049468
-0.068506
-0.017393
-0.013793
-0.040840
0.020542
0.015382
0.108428
-0.078952
-0.051785
0.013010
-0.036561
-0.091844
-0.046906
-0.005532
-0.045662
0.091319
-0.066336
-0.008241
-0.014412
-0.027360
-0.047760
0.055319
0.022097
0.027015
0.030975
0.022426
-0.078060
0.044831
0.081309
0.019652
0.088005
0.027197
-0.033767
0.036869
0.049209
-0.041621
0.027448
0.053281
0.029899
0.097921
-0.002158
-0.014449
0.037386
-0.075927
-0.026083
-0.033043
-0.030727
0.064063
-0.007666
0.063669
0.004665
-0.052546
-0.017018
-0.045749
-0.014128
0.072687
-0.160597
0.011098
0.037306
-0.003372
0.044156
-0.056178
0.033815
0.031883
-0.207873
0.034132
0.043450
-0.017134
0.002530
-0.025543
0.060392
0.023324
-0.061877
0.072659
-0.026652
-0.009932
0.040779
-0.056053
0.031832
-0.023134
-0.009555
-0.002593
-0.050480
0.118328
-0.130686
0.039192
-0.043669
0.014204
-0.025321
0.050648
-0.056792
-0.055729
0.020982
0.003242
-0.000628
0.100964
-0.053653
0.077145
0.024480
-0.018260
-0.001062
0.045463
-0.092856
0.051067
-0.058119
-0.076414
0.060166
-0.105760
-0.001512
-0.052391
0.045073
0.000587
-0.024763
0.036014
0.040708
0.010804
-0.054033
0.017056
-0.098986
-0.024064
-0.053229
-0.007491
-0.006846
0.095545
-0.089312
-0.045177
-0.052589
-0.051620
-0.003396
0.010429
0.002308
-0.007861
-0.115702
-0.044681
0.007960
-0.000369
0.108727
-0.091275
-0.057888
0.039318
0.052211
-0.050893
-0.043102
0.058396
-0.039641
-0.032701
0.030270
-0.027315
-0.053573
-0.081351
-0.096720
-0.015637
0.093617
-0.019952
0.120696
0.116479
-0.029126
0.050547
0.006958
-0.022748
-0.005373
-0.029667
0.087513
-0.023900
0.038434
0.064943
0.020665
0.020304
0.077148
0.080285
0.049242
-0.055748
0.087113
0.044147
-0.037762
-0.057427
0.000704
0.043456
-0.023131
0.040738
-0.060294
0.028540
0.125101
-0.035941
-0.031673
-0.029722
0.062015
-0.028715
0.023100
0.020108
0.018294
0.009057
0.138559
-0.003306
0.090340
0.039478
0.060433
-0.030904
-0.052009
-0.020537
-0.056850
0.053164
-0.051676
-0.066350
-0.044077
-0.010031
-0.033559
0.043998
-0.033751
0.058136
0.003338
-0.049092
-0.053564
-0.023935
-0.059231
0.071155
0.032491
-0.045430
-0.029246
-0.011840
0.000999
0.034957
-0.021980
-0.073779
0.021799
0.036378
0.000217
-0.019013
-0.023852
-0.059121
0.048141
0.023712
0.029035
-0.006615
0.042946
0.002648
0.063005
-0.018548
-0.089210
0.014308
-0.010262
0.031503
-0.035208
0.001686
0.034367
0.069682
0.003218
-0.062236
-0.022782
-0.057895
0.053793
0.172323
-0.034596
0.024430
-0.034892
-0.009013
0.034960
0.012713
0.017874
-0.047497
-0.014921
0.061407
-0.086187
-0.080831
0.059582
-0.115504
-0.006693
-0.026739
0.029927
0.034623
-0.003299
-0.080644
0.005680
-0.061944
-0.044382
-0.004671
0.019085
-0.020455
0.024423
0.070057
0.030136
0.044472
0.007940
-0.076596
0.122220
0.006489
-0.053393
-0.079349
-0.005804
0.000943
-0.037468
-0.125400
-0.010547
0.031623
0.087248
-0.114602
0.026592
0.077585
0.116541
-0.060649
-0.007144
0.054885
-0.045772
0.051921
-0.011499
-0.023772
0.018463
0.014946
-0.083323
0.060464
-0.009086
-0.046481
-0.018400
-0.011736
0.058225
0.080628
-0.042237
-0.027193
0.018959
-0.004938
-0.067375
-0.033947
0.052701
0.002958
0.003040
-0.004896
-0.067126
-0.033858
0.069622
-0.090561
-0.001706
-0.033000
-0.091051
0.108181
0.064956
-0.018786
0.009539
-0.102429
0.013840
0.007432
-0.016165
-0.048280
0.014581
0.105157
0.020064
0.004643
0.060039
-0.014786
-0.034647
-0.007551
0.018603
-0.040352
-0.013347
-0.017931
-0.077117
-0.167466
0.027475
-0.009408
-0.090906
-0.075848
-0.013666
0.017384
0.085952
-0.104242
-0.036148
0.075679
0.001844
0.064266
0.181577
0.053550
-0.037861
0.015494
-0.008137
-0.014640
-0.042928
0.001613
-0.067644
0.047471
-0.010077
-0.044656
0.050816
-0.081043
0.010008
-0.088050
0.054016
0.079922
0.055278
-0.025339
0.082413
-0.000265
0.011407
-0.034600
-0.113113
0.033831
-0.003264
-0.011333
-0.039068
0.081353
-0.028466
-0.153186
-0.132145
-0.075989
0.013652
-0.034347
-0.031679
0.177291
0.065035
-0.020338
-0.001161
0.053461
0.032625
0.060666
0.074621
-0.006574
-0.050476
-0.002204
-0.105207
-0.090310
-0.035731
-0.024301
0.012827
-0.043486
0.000041
-0.062451
-0.080019
-0.036902
-0.028188
-0.087740
0.093893
-0.062141
-0.007153
-0.002950
0.007347
-0.059715
-0.063867
0.049486
-0.002750
-0.125203
0.015496
0.026054
-0.055222
0.059848
-0.020107
0.069159
0.024194
0.010524
-0.089748
-0.119536
-0.023122
-0.022475
0.022426
-0.038854
-0.106938
-0.088949
-0.009032
0.057196
0.026194
0.023181
0.036182
0.034664
-0.003936
-0.081722
-0.032578
-0.083600
-0.016018
0.046732
-0.024162
0.056468
-0.001478
0.097440
-0.020821
0.005231
-0.037535
-0.085573
-0.043349
0.072522
-0.041766
0.059804
0.024730
0.010510
-0.010675
0.104300
-0.067435
-0.047780
0.030763
0.020096
0.027836
0.021427
0.020837
0.004508
-0.008612
-0.000945
0.006071
-0.021001
0.086759
0.004062
0.068519
0.002539
0.003777
0.057091
-0.021918
-0.045668
-0.064749
-0.064960
0.038037
-0.018373
0.042633
-0.060102
0.004505
-0.040340
0.041213
-0.072457
0.074032
0.019764
-0.075901
0.010123
-0.024926
0.045042
0.022734
0.107840
-0.045476
-0.013251
-0.039956
-0.025844
0.036326
0.063745
-0.126978
-0.038821
0.077195
0.051753
-0.000827
-0.047751
0.127913
0.024985
0.051028
0.014148
0.058256
0.180466
0.065231
0.018454
0.038639
-0.057804
0.032994
0.035912
0.065848
0.042948
-0.046370
-0.040725
0.034188
0.011369
0.015987
0.001047
-0.053251
0.071593
0.187721
0.018998
-0.021680
-0.014488
0.020483
-0.003549
-0.036774
-0.038961
-0.028171
0.057266
0.008696
-0.035649
-0.026766
-0.078695
0.111317
-0.079155
-0.022189
0.090420
-0.088315
-0.075816
0.106482
0.032071
-0.066826
0.129513
0.116290
-0.031044
-0.028776
-0.094818
0.032197
-0.003356
0.088872
0.079111
0.016908
-0.094350
0.073780
-0.051903
-0.036612
-0.021253
-0.000256
-0.066486
0.085501
0.013308
0.053021
0.039119
-0.019737
-0.009204
-0.036375
0.030788
0.038315
0.048345
0.073828
-0.062753
-0.071746
-0.001142
0.025318
-0.004873
0.004239
0.096246
-0.026573
0.059403
0.041878
0.035031
-0.014237
0.041960
0.033688
0.059315
-0.058029
-0.068510
-0.044358
0.030074
0.040571
-0.004915
0.073484
0.043073
0.007786
0.009251
0.010009
-0.039011
-0.017649
0.047220
0.001033
0.106363
0.029007
-0.004986
-0.013615
-0.063199
0.007206
-0.007810
-0.010871
-0.110007
-0.005331
-0.037877
0.034352
0.048036
-0.037343
0.059882
-0.047372
-0.051351
0.048964
0.036169
0.028021
-0.073752
0.032875
-0.031896
0.019923
-0.026187
-0.046366
0.039253
-0.026470
-0.082935
-0.041737
0.073142
0.056748
0.105477
0.039901
-0.083175
0.045699
0.097124
0.032168
-0.029260
0.124711
-0.105491
-0.024652
0.163897
0.040281
-0.023514
-0.056256
0.124553
0.078156
-0.072078
0.114586
0.011874
0.049995
-0.102293
-0.052503
0.041673
-0.081850
-0.099958
-0.025099
0.004319
-0.033312
-0.011618
0.034212
-0.007642
-0.001020
-0.114681
-0.004920
-0.050487
-0.081831
-0.042374
0.050215
0.041202
0.024420
-0.020406
0.021444
-0.029549
0.035251
-0.051115
0.054942
0.015648
0.005330
-0.023442
0.031922
0.077348
0.098505
0.159637
-0.066936
-0.018340
0.047000
0.001521
-0.032849
0.039988
-0.021889
-0.023398
0.028064
-0.016173
-0.061582
0.001033
-0.044201
-0.072842
0.064503
-0.044302
0.036014
0.048103
-0.021583
-0.049660
-0.030038
-0.034102
-0.035615
0.048342
-0.024522
-0.071875
0.096896
0.040442
0.067491
0.127689
-0.010948
0.082226
-0.070503
0.073326
0.020809
0.074343
0.002067
-0.011876
0.118679
-0.075681
0.004363
-0.009283
0.049969
-0.103784
-0.045136
0.011826
-0.019610
0.019355
-0.020750
-0.042648
-0.073698
-0.117060
-0.000680
-0.020752
0.030166
-0.040884
-0.070319
0.008388
-0.062134
0.011863
0.046142
-0.086575
0.009232
-0.009650
0.060733
-0.000385
-0.019348
0.017577
-0.003000
0.007264
-0.033335
0.039662
-0.030916
-0.075832
0.091014
0.002423
-0.063893
-0.115603
0.002330
0.104035
0.006170
0.063159
0.072573
0.036531
-0.007378
-0.033809
0.045256
0.052221
0.078196
0.003743
-0.064278
-0.063915
0.029705
0.014052
-0.010627
0.014970
-0.015628
0.080532
-0.096253
-0.003540
0.071054
-0.022949
0.003351
0.035276
0.056010
-0.048645
-0.128875
0.037179
0.022961
-0.003481
-0.006632
0.066870
-0.132870
0.025549
-0.019832
0.009689
0.010621
0.048782
0.036614
-0.013481
0.026272
-0.094064
-0.056382
0.063690
-0.007256
0.054620
0.019694
0.042313
0.022848
0.111209
0.124321
-0.005998
0.009822
0.012182
0.109758
0.032222
-0.069561
0.056535
0.028908
0.083671
-0.071326
-0.030333
-0.007531
0.080695
-0.002617
0.076454
0.046702
-0.035035
0.008339
-0.005399
0.045341
0.021306
-0.018085
-0.018423
0.118998
-0.019863
0.045646
0.041481
-0.071573
-0.008954
-0.004196
0.093610
-0.004028
-0.087967
0.021185
-0.065646
-0.042962
-0.070632
0.026982
-0.040829
-0.036690
-0.003119
-0.017791
-0.032803
0.075298
0.055916
-0.047154
-0.065248
-0.115964
0.054534
-0.006329
0.017506
0.053857
-0.003596
-0.118518
-0.056570
-0.114939
0.069716
0.020530
-0.020776
-0.131505
-0.042632
0.078637
-0.007168
0.064886
0.003773
0.115053
-0.079339
-0.040544
-0.001398
0.090022
0.053180
-0.114904
0.033660
-0.028076
0.083168
-0.085581
-0.038803
0.064996
0.028745
0.047015
-0.098083
-0.019170
0.024488
0.003369
-0.135088
0.046894
0.064363
0.043100
-0.120745
-0.066481
0.026553
0.026981
-0.083011
0.110655
0.130428
0.028227
0.056603
-0.008120
0.055796
-0.056627
0.027948
-0.027521
-0.002710
0.007899
-0.054726
-0.020199
-0.069447
0.097003
0.010595
-0.118802
-0.035911
0.075029
0.019472
-0.092100
-0.064818
0.077652
0.037744
0.032554
-0.045213
-0.010302
-0.022639
-0.015271
-0.132257
-0.163572
0.056784
-0.061524
0.019698
0.057013
0.016091
0.067973
-0.013877
0.086470
0.035466
0.102778
0.063057
-0.098640
0.073738
-0.023211
0.043216
-0.063430
-0.047796
0.002628
0.108368
0.025541
0.073825
0.045648
-0.041455
0.047679
-0.133341
-0.024601
0.004641
0.095440
0.036819
-0.071217
0.018244
-0.003083
-0.002252
-0.038827
-0.066835
0.061441
-0.033689
-0.025315
0.050008
-0.092611
0.112950
0.053491
0.074882
-0.017909
0.015489
-0.068568
0.070350
-0.001187
0.050476
-0.046976
-0.022993
-0.038269
-0.021346
0.049334
-0.016996
-0.079251
-0.057756
-0.012328
0.017395
0.001296
-0.018758
0.073613
0.052033
-0.029439
-0.042544
-0.076495
-0.046764
-0.090989
-0.037648
-0.013897
-0.012208
-0.010197
-0.010125
-0.094180
-0.032477
0.047322
-0.056901
-0.009878
0.026124
-0.033259
-0.002431
-0.004867
0.091552
-0.084757
0.001106
-0.005937
0.082715
0.033029
0.018689
-0.040335
0.103168
-0.043274
-0.035487
0.010857
0.033800
-0.018533
-0.091567
-0.078226
-0.103964
0.012322
0.105102
-0.077649
-0.042711
0.029228
0.089091
-0.020336
-0.044537
0.063668
-0.014743
0.027303
-0.071883
0.003662
0.022212
0.024332
0.039396
0.091291
-0.025566
0.021017
-0.092041
0.024946
0.059209
0.026107
-0.043036
0.122890
0.022371
-0.016341
0.076222
-0.070368
-0.076669
0.023808
-0.031102
0.081827
0.029427
0.033383
-0.041973
0.024390
-0.016258
0.023526
-0.005037
-0.012930
-0.020295
-0.002590
-0.028619
-0.013518
0.065370
0.044329
-0.081768
-0.087327
-0.003961
-0.009554
0.003048
-0.066717
-0.047018
-0.088145
0.023771
-0.160344
-0.033580
-0.085236
0.110193
0.038201
-0.011252
0.024793
0.018255
0.104680
0.076496
-0.016110
0.017827
0.079817
-0.060474
-0.030864
-0.010433
0.047086
0.051419
-0.055197
-0.025153
0.025420
-0.100450
0.078668
-0.108903
-0.006305
0.117191
0.034869
-0.022181
0.014048
-0.046115
0.089645
-0.092197
0.050185
0.047919
-0.028041
-0.011151
-0.072048
-0.040150
-0.042112
0.026384
-0.054744
0.020788
0.027391
0.064331
0.068975
0.023971
-0.067890
-0.039022
0.060699
-0.043357
0.032546
0.044375
-0.092998
0.019710
0.000371
0.022255
0.112137
0.047601
-0.095818
-0.089354
0.005117
0.112860
0.027751
0.028756
0.051236
-0.012034
0.002274
-0.024303
0.110992
-0.041918
0.019937
0.022827
-0.094173
-0.013811
-0.019342
-0.076821
0.058579
-0.130288
-0.002462
0.047776
0.003886
-0.012263
0.036260
-0.006096
0.033300
-0.038221
0.125351
-0.037624
-0.064690
-0.046720
0.088351
-0.113956
0.034565
0.008942
0.002838
-0.157735
0.008672
0.072797
0.049602
0.040467
0.123702
0.011936
-0.014936
-0.005071
-0.071268
-0.019567
-0.049556
-0.008898
-0.014695
0.004461
0.041295
-0.084150
-0.030945
0.034234
0.050758
-0.103048
-0.045537
-0.013267
0.009515
-0.015620
-0.065923
-0.082651
0.002219
-0.032800
-0.089494
-0.107719
-0.090243
0.036439
0.134273
0.096350
0.052106
-0.062050
0.005135
-0.025600
-0.056232
0.032408
0.010390
0.007854
-0.069576
-0.091957
-0.044245
-0.024315
0.000757
-0.045936
0.013924
-0.047665
-0.002961
0.092066
-0.013588
0.048888
-0.001471
-0.114390
0.012401
0.032063
-0.032231
-0.005845
0.018136
0.004148
0.052619
0.005008
-0.012886
0.011780
0.017247
-0.003942
-0.074582
-0.004361
-0.033901
0.053076
-0.111258
0.039689
0.024981
-0.055178
-0.071058
0.071118
-0.021776
0.039129
-0.016369
-0.089750
-0.031039
0.000795
-0.052505
-0.049940
-0.007919
-0.004553
0.051783
-0.038301
-0.060561
-0.075182
-0.025138
-0.050883
0.064859
-0.000523
0.035722
0.078225
0.001217
0.024531
0.077699
-0.044266
0.070650
-0.071427
-0.076547
-0.021137
0.037675
-0.052401
0.007601
-0.030902
-0.025424
0.071576
0.014838
0.010721
-0.016460
-0.074201
-0.011716
-0.005845
-0.031576
-0.030405
-0.021165
0.040652
-0.027057
0.025714
0.046216
-0.006894
0.045351
-0.108147
0.116612
0.042451
-0.018178
-0.057239
-0.015700
0.043180
0.059398
0.041485
0.068422
0.019316
0.070545
0.038915
0.040155
-0.053677
-0.013049
0.079869
-0.057920
0.086240
-0.126470
-0.044661
-0.060201
0.009647
0.002255
0.026633
-0.017504
0.033583
-0.090862
0.003729
0.016645
0.045017
0.041234
0.021410
0.141128
0.021950
0.009081
-0.044710
0.022841
-0.055916
0.010313
0.103428
-0.122144
-0.026575
-0.032264
-0.001888
-0.028531
-0.027791
-0.023701
-0.100217
0.040060
0.012002
0.005338
-0.049307
-0.067522
0.001858
-0.062865
-0.103524
0.025865
0.001312
-0.015510
-0.039502
-0.083705
0.053268
-0.008832
0.049678
-0.025924
0.109564
-0.001812
0.064904
0.012101
0.008560
-0.096238
-0.027675
-0.007723
0.009405
0.012566
0.068886
-0.119331
-0.092216
-0.074620
0.021569
0.055600
-0.138837
0.069996
0.123012
0.052761
0.018354
0.144678
-0.039312
-0.042281
-0.019230
-0.011672
0.014182
0.007856
0.054544
-0.033042
0.067352
-0.017262
-0.041387
0.010290
-0.077014
-0.028914
0.069500
0.049413
0.049900
0.019685
-0.068442
0.065927
0.033407
0.013862
-0.053376
-0.064578
-0.051487
0.082460
0.110947
0.058096
-0.072961
0.058590
-0.049382
0.003249
-0.048493
0.025726
0.100918
-0.139083
-0.057117
0.077856
0.000771
-0.040750
0.020041
-0.008507
-0.048746
0.013167
0.068677
-0.035848
-0.031450
-0.021982
0.102154
-0.017180
-0.014739
-0.049309
0.051664
0.081023
0.012352
0.003880
0.075013
0.044128
0.048904
0.101553
-0.115408
0.116606
0.018645
0.076756
0.094640
0.024903
-0.074900
-0.003999
-0.007310
0.059111
0.018654
0.042383
0.002823
0.005017
-0.132427
-0.093932
0.043787
-0.006127
0.026699
0.000218
0.014610
-0.095300
0.066324
-0.083352
0.039471
0.057552
-0.011796
0.010319
0.070709
-0.067437
-0.045196
-0.035228
0.072362
-0.119771
-0.087759
-0.014299
0.025655
-0.006619
-0.021065
-0.088471
-0.076191
-0.023088
-0.070135
-0.016012
-0.016477
0.054373
0.039204
-0.019226
0.016617
-0.027093
0.069874
-0.038034
0.085608
0.048874
0.026530
0.072211
-0.084920
0.030659
-0.002684
-0.122315
-0.055312
-0.019030
0.023137
0.077448
0.004476
0.068559
-0.043868
-0.036041
-0.108864
-0.012969
-0.062707
0.098229
0.084217
0.002130
0.022003
0.038168
0.027080
0.022014
-0.028504
0.032642
0.000122
-0.039270
0.069931
-0.030110
-0.031970
-0.023957
-0.035040
0.152076
-0.004232
0.071994
0.064426
0.048998
0.030497
-0.043529
0.020024
-0.100679
-0.058577
0.047665
-0.017817
0.030045
-0.143299
0.026572
0.014819
-0.040744
-0.027820
0.006257
-0.003215
-0.047950
0.070272
0.118059
-0.018600
-0.019712
-0.029684
0.000908
-0.006149
0.026748
-0.028638
-0.084873
-0.009107
0.019398
-0.099904
-0.033854
0.026751
0.057359
-0.028057
0.030980
0.028152
0.023650
-0.009320
-0.003506
0.095804
0.028792
0.027809
-0.026438
0.117024
-0.077568
-0.043542
0.057880
-0.043670
-0.061206
-0.014694
0.093423
0.016886
0.038426
-0.075611
0.016214
0.086469
-0.042645
-0.055068
-0.087575
0.027313
0.079177
-0.054783
0.040510
-0.013622
0.094775
-0.028855
0.089102
-0.034160
0.012025
0.045328
0.007508
-0.008556
0.057977
-0.047930
-0.011323
0.085555
0.048793
-0.011377
0.004314
-0.005874
0.016877
0.066115
-0.072290
0.090428
-0.033037
-0.034417
0.010538
0.009090
-0.046357
0.032739
-0.019933
-0.029547
-0.005554
-0.074006
0.032364
-0.084189
0.087871
0.017188
0.069345
0.014850
0.049469
0.045080
-0.055783
0.014517
0.016551
0.017567
0.000340
0.038610
-0.040736
-0.124108
-0.099388
0.082850
0.089169
0.026921
-0.010633
0.049960
0.095710
-0.037731
-0.181998
-0.101581
0.144195
0.049928
-0.092754
0.021051
0.042745
-0.078984
0.056541
-0.057960
-0.030131
-0.021606
0.099438
0.008475
0.037740
-0.083834
-0.036719
0.064479
0.009271
0.045311
-0.011000
0.005711
0.013281
0.068384
0.049720
-0.011192
-0.014767
-0.022850
0.052912
-0.035148
0.036978
-0.085504
0.087242
0.011683
-0.051399
-0.012845
0.006412
-0.053247
-0.079794
-0.110760
-0.072006
-0.073222
0.001798
-0.048232
0.045244
0.038615
0.004976
0.004432
-0.026612
-0.005695
0.030744
-0.010586
-0.005138
0.014431
-0.066280
-0.005776
0.026446
-0.052554
0.108647
-0.026737
0.003908
-0.056685
0.004387
0.047955
-0.043698
0.040815
0.059968
0.017250
-0.061645
-0.039279
-0.012079
-0.021483
-0.057394
0.007675
-0.032672
-0.021246
0.019228
0.011147
0.008205
-0.042063
-0.010257
0.079236
-0.009382
0.061883
-0.083150
0.030073
0.075046
-0.012283
-0.012093
0.044212
0.030277
0.017291
-0.032685
0.013307
-0.087048
0.104209
-0.020834
-0.093053
0.019672
-0.037244
0.045940
-0.032789
0.022540
0.010601
0.000548
0.035881
0.086293
0.035113
0.123777
0.040015
-0.070541
0.061520
0.033695
-0.049401
-0.082950
0.045350
0.135804
0.033982
0.008651
-0.052331
0.094103
-0.048672
0.048678
0.081835
0.046379
0.037099
-0.084953
-0.048378
-0.017783
0.073753
-0.017496
0.017215
0.035085
-0.031683
-0.023744
-0.005131
-0.033698
0.041553
-0.023280
-0.136613
-0.042892
0.041219
-0.049285
-0.010422
-0.030774
-0.089178
-0.007984
-0.011136
0.023681
0.023845
-0.052253
-0.057441
0.065234
-0.080578
-0.116577
-0.001570
-0.034474
0.026184
0.007932
0.065731
-0.025664
0.012230
0.052796
0.148700
-0.028621
0.171130
-0.038988
-0.090295
0.040510
0.025272
0.059486
0.031042
-0.008942
-0.033027
-0.057603
0.033980
0.002870
-0.020122
-0.035751
-0.050114
0.056495
-0.052229
-0.029665
-0.002535
0.067171
-0.057158
0.110205
0.027544
0.058206
0.057662
0.080702
0.006806
0.041760
-0.011063
-0.090284
-0.067299
0.039254
-0.027380
-0.066091
0.034527
-0.037845
-0.046097
-0.011318
-0.009231
-0.082513
-0.003828
-0.000519
-0.066508
0.024786
-0.053046
0.021878
-0.079833
0.002935
0.189036
-0.009199
0.014181
0.048998
-0.009342
-0.020465
0.012391
-0.036847
-0.032928
0.031454
-0.023301
0.066799
0.015458
-0.028555
0.010800
-0.011994
-0.005900
0.018521
-0.006853
0.059535
0.095315
0.065181
0.089460
0.012282
0.003283
-0.001587
0.076278
0.015469
0.001795
-0.042685
-0.053539
-0.026263
-0.074877
-0.019000
0.015788
-0.058038
-0.039080
-0.027118
-0.168317
-0.000844
0.056399
0.018345
0.041777
0.099561
-0.046374
-0.023217
-0.017477
0.004564
0.001375
0.097730
-0.040734
0.081605
-0.020183
-0.010441
-0.009359
-0.006363
0.030310
0.020445
-0.046097
-0.018192
0.015665
0.087519
0.043556
-0.047729
0.060959
-0.069851
-0.109118
-0.114016
0.023564
-0.095221
0.094469
0.011301
-0.012031
0.002473
-0.020149
0.079882
-0.064734
0.053087
0.090518
-0.006548
-0.015642
-0.088484
0.006035
-0.075293
-0.062868
-0.068808
0.023124
-0.027842
-0.134011
0.012918
0.017368
0.027644
0.046536
0.042783
0.050466
-0.043394
0.112663
-0.034712
0.019547
-0.160766
0.073166
0.106485
0.071557
-0.104016
-0.058084
-0.066887
0.088957
-0.032445
0.005501
0.055292
0.039339
0.060135
0.026979
0.111122
0.093046
-0.004889
-0.094242
0.015899
0.091870
-0.049568
0.058132
0.066370
0.029917
-0.020600
0.069741
0.029946
-0.006494
0.005651
-0.023945
-0.047706
0.025453
0.006056
0.026118
-0.094922
-0.002083
-0.095126
0.031677
0.106026
0.094942
0.022207
0.046777
0.060509
-0.012531
0.029904
0.060922
0.002767
0.047200
-0.051662
0.011836
0.012206
0.079501
-0.012539
-0.073023
-0.003508
-0.003963
-0.078212
0.100192
-0.033479
-0.151121
-0.024674
-0.118303
0.045297
0.049215
0.022719
0.039992
0.004166
-0.010098
0.065025
-0.051353
0.020086
-0.068608
-0.088465
-0.043969
0.023270
0.125180
0.043554
-0.048900
0.039806
-0.028193
-0.055139
-0.010808
0.107486
-0.075551
0.040566
0.008297
-0.014512
-0.020181
-0.088372
-0.032923
-0.012710
0.065316
-0.123051
0.036129
-0.032244
-0.051237
0.037935
-0.103017
-0.024984
0.022833
-0.017006
0.070713
-0.018286
0.082880
-0.015530
-0.001339
0.176319
-0.051101
0.020416
0.038178
0.004007
-0.024608
-0.043953
0.058861
0.006896
-0.024709
0.044102
-0.044576
0.005654
-0.053137
-0.075702
0.034389
-0.035291
0.111761
0.066411
-0.160645
0.068837
0.078720
-0.003088
0.043446
0.053581
0.039885
0.046648
0.042325
0.007991
0.060012
0.015796
0.006068
-0.021038
-0.071538
0.048641
0.002891
0.034569
-0.014996
0.005767
0.099772
-0.006987
-0.067303
-0.008653
0.014660
-0.037948
0.066617
0.024071
-0.019064
0.012128
-0.012877
0.057596
-0.085744
0.002685
-0.055457
-0.003679
-0.007128
0.010734
0.040297
-0.017581
-0.133030
0.106231
0.057932
0.031860
-0.040648
-0.023375
0.004847
-0.037983
-0.108909
-0.014047
0.010574
-0.023660
-0.012439
-0.024959
-0.014273
-0.073672
-0.008179
-0.046246
-0.066757
0.002192
0.062092
0.026510
-0.079901
0.033877
-0.041279
-0.064325
0.121748
-0.063101
-0.026487
-0.062841
-0.058208
-0.100037
0.095605
0.066394
-0.049730
0.069356
-0.021315
-0.113305
0.021973
-0.025936
-0.059376
-0.018711
-0.114446
-0.086727
0.015506
0.000225
0.002045
-0.048728
0.084269
0.030479
-0.000393
0.045592
-0.050326
0.097109
-0.048151
0.039413
0.037553
-0.020419
0.028278
-0.067469
0.010005
-0.010799
-0.027236
0.007172
0.005307
0.014798
-0.072501
-0.002492
-0.006024
0.109152
0.037471
0.125150
-0.050877
0.005185
0.015181
-0.004097
-0.020889
-0.018877
0.005472
-0.034109
0.037066
-0.078090
0.114954
0.061837
0.092133
-0.032012
0.040328
-0.027169
-0.051848
-0.031738
-0.102872
-0.052229
0.063340
-0.049119
0.003051
-0.091903
-0.005681
-0.078326
0.030836
-0.066631
-0.078803
-0.023449
-0.067051
0.013949
-0.064203
0.073022
-0.035506
-0.069346
-0.045893
0.104098
0.005795
-0.078646
-0.067231
0.027040
0.013688
0.011500
0.018387
-0.091910
-0.148137
-0.039890
-0.014218
-0.049996
0.065512
-0.000174
0.009439
-0.038711
0.011297
0.028778
0.014989
0.014254
-0.051511
0.052481
0.076377
-0.042759
-0.012956
-0.025483
-0.085392
0.042227
0.029765
0.056162
-0.002714
0.013509
-0.027240
0.067101
-0.043041
0.015132
-0.014300
-0.053082
0.002635
0.105160
-0.040362
-0.074964
-0.031430
0.110062
0.022994
-0.050355
-0.013505
-0.037615
0.012311
-0.043589
-0.025310
0.022623
0.078114
0.036566
-0.003845
-0.036583
0.106501
-0.142813
0.070497
0.007029
-0.001701
-0.080384
-0.082260
-0.074993
0.071402
-0.140412
0.037050
-0.118684
0.092082
-0.015256
0.028651
0.025688
-0.106788
0.144054
-0.005347
0.003076
-0.104943
0.015431
-0.114269
-0.003974
-0.013417
-0.069288
-0.009600
0.028989
-0.025002
0.008300
0.002973
-0.102244
0.063577
0.096513
0.053669
-0.064613
0.054706
0.071767
-0.016852
-0.006043
-0.025445
0.004005
0.010708
0.086375
-0.042022
-0.044335
0.042428
-0.007788
-0.011199
0.050164
-0.008243
0.099658
0.004517
-0.099517
0.009169
0.031687
0.017688
-0.067414
0.056245
0.027464
0.027805
-0.111659
0.050253
0.026206
0.013338
0.023533
0.064083
0.003298
-0.010769
-0.047212
0.046078
0.017967
0.041807
-0.003797
0.036634
-0.021764
0.127569
0.014086
0.023366
0.014666
-0.019400
-0.099397
-0.037537
-0.045756
0.058717
-0.099809
0.042146
0.055535
0.018641
0.053290
0.033410
-0.038131
0.074222
-0.051964
-0.036777
0.031464
-0.044514
0.026292
0.048174
0.084045
0.052914
-0.061625
0.040648
-0.062035
-0.077803
-0.124492
0.013126
-0.105593
-0.028789
0.009029
-0.031965
-0.049535
-0.128479
-0.125305
0.028618
-0.033036
0.046221
-0.036290
0.005152
-0.056407
0.025870
-0.042686
0.079623
0.016265
0.027388
0.060531
0.009075
-0.008080
0.025834
-0.055810
-0.090859
-0.131898
0.081646
0.064859
0.029979
-0.024384
-0.062093
-0.079054
0.010129
-0.033425
0.008443
-0.055914
0.125768
-0.029235
-0.091513
-0.001227
0.098684
-0.018481
-0.067166
-0.037569
0.098964
-0.060494
0.029182
-0.040401
-0.010083
-0.000812
-0.041876
0.028210
-0.015851
-0.034668
0.107940
-0.124006
0.047210
0.021413
0.124168
0.006267
0.032141
-0.001153
-0.023461
-0.008690
0.061821
0.086399
0.052373
-0.010877
-0.087852
0.086756
-0.015154
-0.032731
0.153189
0.076992
0.013311
-0.025548
-0.058501
0.140963
0.043369
-0.041367
0.001903
0.029915
-0.084939
0.030195
-0.032172
0.054572
0.058949
-0.045058
0.120052
0.081744
0.037100
0.008844
-0.082867
0.048194
-0.017100
-0.016486
-0.090166
-0.017565
-0.063308
-0.055523
-0.033526
-0.012560
-0.002851
0.019305
0.015386
0.046231
-0.056320
0.092527
-0.075835
-0.029359
0.035174
-0.061782
0.036853
-0.003286
-0.114193
0.030626
-0.019481
0.159560
0.082399
0.014399
0.037834
0.054728
-0.022420
0.080370
0.064244
-0.040442
0.006102
-0.089098
0.070492
0.022007
-0.004019
0.021323
0.054788
0.046400
-0.038037
0.075447
-0.000677
0.047957
-0.039385
-0.088694
0.044620
0.051459
-0.006111
0.017277
0.040221
-0.006110
0.001563
0.007650
0.028548
0.011397
-0.006724
-0.055017
0.019543
0.041164
-0.004172
-0.063469
0.047142
-0.040340
-0.031953
0.045199
0.013961
0.021442
-0.008534
0.011101
0.097783
0.049649
0.059172
0.058792
-0.000116
0.045052
0.010760
0.076472
-0.065742
0.028213
0.027935
0.086413
0.119582
-0.014984
-0.048942
0.131622
-0.097740
0.062627
0.064817
0.011811
0.005772
0.001514
0.045547
0.061481
0.070540
0.036054
0.060380
0.001806
0.021169
0.022930
0.114032
0.068503
-0.115433
0.086625
-0.053083
-0.063258
-0.072441
-0.017770
0.085083
-0.035377
0.034729
0.151754
-0.035013
0.112978
0.099495
-0.053701
-0.083693
0.099228
-0.157312
0.057591
0.062197
-0.028195
-0.046744
-0.018790
0.025060
-0.112292
-0.052763
-0.007889
0.007059
-0.043700
-0.086286
0.022553
-0.004501
-0.004548
0.095747
-0.000609
-0.031127
0.082334
-0.047243
0.112345
0.090599
-0.078954
0.000933
-0.034148
-0.026333
0.026560
0.042348
-0.082071
0.031350
-0.014955
-0.012045
-0.032305
-0.183204
0.030337
-0.027144
0.027228
0.082219
0.095221
-0.032986
-0.004254
0.017731
-0.084898
-0.165303
0.028024
-0.024959
-0.019364
0.025716
-0.064533
0.034763
0.031211
-0.053243
-0.017674
0.149031
0.011899
-0.022096
-0.033351
-0.035465
-0.062910
-0.001556
0.034762
-0.002170
-0.013928
-0.076208
-0.000049
0.046691
-0.026035
0.005147
0.017945
0.005750
-0.015860
-0.020644
0.030948
-0.030927
-0.006503
-0.081558
0.007333
-0.037616
-0.004561
-0.032499
0.004026
-0.014457
-0.032713
0.043849
0.043599
0.019506
-0.018892
-0.063008
-0.063434
-0.103998
0.021591
-0.020409
-0.029306
-0.082049
0.099888
-0.041035
0.062940
-0.059758
-0.101913
0.002530
0.057610
0.035592
0.022576
-0.083446
0.033931
0.015283
-0.023201
-0.000536
0.067976
0.004289
0.067208
0.061269
0.004772
-0.011619
-0.035347
0.053192
0.033508
0.009651
-0.167865
-0.000798
0.140145
-0.041746
-0.031680
-0.109694
0.021384
0.016093
0.043820
0.097926
-0.083449
-0.010327
-0.033282
0.009088
-0.027902
0.050347
-0.028994
0.033473
0.104873
0.008145
0.003462
-0.019144
0.035177
-0.068323
-0.022738
-0.004791
0.115125
-0.044352
0.053157
-0.028031
-0.025293
-0.028220
-0.063191
0.021888
0.027387
0.032934
-0.013977
-0.085956
-0.030316
0.043995
-0.159708
-0.041148
0.021643
0.047774
0.066321
-0.153317
0.007035
-0.073335
0.051122
-0.011991
-0.080864
0.035640
0.031718
0.158183
0.034939
-0.090325
-0.073057
-0.054657
-0.005355
-0.064372
-0.104178
-0.033044
-0.065207
0.023708
-0.026994
0.062206
-0.029361
-0.040614
-0.036992
0.000157
0.027255
0.020095
0.092666
0.032360
0.019377
0.024905
0.107715
-0.037318
0.033475
-0.032975
-0.034806
-0.005090
0.027825
-0.058892
0.118343
0.088435
0.032007
0.003428
0.004437
-0.037277
-0.040767
0.052108
-0.078504
-0.011759
-0.015535
0.059738
-0.047115
0.063306
0.015133
0.040743
-0.040874
0.018070
0.098880
-0.005234
0.020107
-0.018680
0.040399
-0.112015
0.115560
0.010506
-0.010922
-0.017418
0.057520
-0.003541
-0.062362
-0.001554
0.010378
-0.061928
-0.013007
-0.042220
-0.065456
-0.105187
-0.039697
0.015744
-0.067997
0.124687
0.168005
0.004102
-0.025199
-0.007557
0.028991
-0.022149
-0.017485
0.031308
-0.009559
0.072445
-0.006583
-0.093865
-0.022813
-0.046211
-0.065629
0.017720
0.008423
-0.018135
0.084919
-0.007178
0.074959
-0.032279
0.034726
-0.105225
-0.010560
0.042233
0.015860
0.042881
0.021158
0.017202
-0.006342
-0.081081
-0.011698
-0.058731
0.075871
-0.010872
-0.057737
0.021365
-0.078156
0.016969
0.000627
-0.006416
-0.130944
-0.032102
-0.053975
0.043743
0.013328
0.046481
0.021695
-0.013003
-0.003264
-0.047051
0.015074
0.094271
-0.054589
0.029939
0.027907
0.051888
-0.059534
0.019278
-0.100751
0.015775
-0.053002
0.124276
-0.027218
0.009514
0.005776
-0.017358
-0.026548
-0.024871
0.051366
0.049577
0.037737
-0.063396
-0.007597
0.018717
0.131542
0.005362
-0.021701
-0.004166
0.010426
-0.179701
-0.015819
-0.047209
-0.041337
0.048502
-0.062584
0.005518
0.052273
-0.006136
-0.101749
-0.002971
0.057431
-0.048641
0.157143
-0.033262
0.042223
0.027167
-0.027245
0.062403
0.000618
0.065768
-0.093141
0.106117
-0.057492
-0.007248
-0.029658
0.046521
0.018621
0.005139
-0.007125
0.070717
0.057256
0.016962
-0.006960
0.043447
-0.057293
0.050046
0.102657
0.030084
0.067106
-0.047696
-0.022516
-0.048795
0.040304
-0.036425
0.003586
-0.013283
-0.010965
-0.087554
0.031521
0.042605
0.077827
0.107220
-0.023262
-0.051747
0.034093
-0.055638
-0.003108
-0.066734
0.021245
0.007565
0.072989
-0.107520
0.038345
-0.006164
0.006172
0.102853
0.000132
-0.085783
-0.118975
-0.044101
0.059710
-0.004628
-0.040195
-0.079857
-0.073514
0.082428
-0.044313
0.073816
-0.014411
-0.034591
0.046306
0.040421
-0.001377
0.033041
-0.015370
-0.096115
-0.078116
-0.061745
0.099817
0.071690
-0.031533
-0.057330
-0.033035
0.041166
-0.066189
0.060953
-0.114245
-0.095437
0.055986
0.044619
0.037863
0.096011
0.066597
-0.041987
0.025249
-0.079149
0.120916
-0.024992
-0.006695
0.111784
-0.101683
0.056348
0.010060
0.027373
-0.031287
0.041274
-0.052197
0.068539
-0.017607
0.002510
-0.033625
0.025114
0.067737
0.025463
-0.031620
-0.026278
0.156472
0.003222
-0.029563
-0.062175
0.055937
-0.022127
0.040184
-0.020434
-0.105171
0.056146
0.095271
-0.037781
0.058229
-0.071763
0.052225
0.014023
0.001991
0.066847
-0.030110
0.072138
0.028910
-0.025345
-0.017236
-0.059688
0.096041
-0.069789
0.009408
-0.045982
0.065994
-0.048913
-0.101979
-0.054117
-0.004750
-0.009811
0.083150
0.050355
0.090519
-0.095641
0.071725
-0.014698
0.014363
0.048265
-0.063076
-0.126493
0.146133
-0.010946
0.044215
-0.046977
-0.017405
-0.014096
-0.015544
0.011457
0.021873
0.061950
0.009263
-0.069159
0.104188
0.027171
0.007991
-0.036095
0.022942
-0.167580
0.133098
0.000801
0.024076
0.041473
0.007498
0.098119
-0.037915
-0.011825
0.001272
-0.029233
0.005582
0.066443
0.005373
-0.091474
-0.110303
-0.077241
0.062371
-0.049080
0.108096
-0.030012
0.025690
-0.070678
0.031670
-0.098331
-0.010854
-0.005059
-0.045720
-0.121083
0.012158
-0.016133
0.011249
0.035018
-0.024561
-0.051356
0.026870
-0.072465
0.020671
-0.000520
-0.001508
0.073035
0.015587
-0.122363
-0.066324
-0.008394
0.007968
-0.010328
0.003132
0.023440
0.084793
-0.063417
0.025701
0.030412
-0.030128
-0.056615
0.075362
0.052895
-0.096684
0.043106
-0.040670
0.066775
-0.022702
-0.063721
-0.054987
-0.033701
0.014824
0.017670
0.035484
-0.057234
-0.017763
0.114474
0.041303
-0.028622
-0.016658
0.071317
-0.100314
0.003507
-0.044540
-0.073431
-0.068394
-0.050874
0.085027
0.043363
-0.054060
0.044120
-0.048336
-0.068864
-0.054897
0.116867
0.053221
-0.080648
0.030257
0.004148
-0.091818
0.040477
-0.047774
0.056318
0.010315
0.002481
0.003509
0.135240
-0.042905
0.038167
-0.087366
-0.069847
0.061834
-0.070668
-0.008894
0.004325
-0.005018
0.150161
-0.055370
0.015058
0.117019
0.056222
-0.074290
0.007387
-0.064584
-0.015957
0.054791
-0.026925
-0.109315
0.057750
-0.005425
-0.016583
-0.061372
-0.050336
-0.009410
-0.013544
0.052914
-0.054737
0.109988
-0.138667
0.056354
-0.001635
-0.068337
-0.018652
0.042135
0.122481
0.064635
-0.113768
-0.004751
0.018081
0.017354
-0.095755
0.008552
0.047122
0.011204
0.109640
-0.075856
0.036859
-0.015248
-0.058796
-0.009080
-0.019543
-0.052357
-0.079268
0.019855
0.071101
0.110599
-0.085983
0.081512
-0.007750
0.071733
0.028187
0.019825
-0.034397
0.101821
0.055302
-0.038644
0.059421
-0.094178
0.025799
0.095082
0.124187
0.018760
0.002923
0.023154
0.020092
-0.028688
-0.044682
-0.050235
0.024341
0.068525
0.020701
0.029812
-0.002886
-0.006597
0.016703
-0.064368
-0.000245
0.024378
0.047560
0.018972
0.036393
0.035961
-0.051926
0.021946
0.008629
0.077094
0.023340
0.060687
0.002746
0.051603
-0.092883
0.032382
0.045963
-0.081364
0.070358
0.042705
-0.076476
0.032649
0.034646
-0.044542
0.007122
-0.047524
-0.035765
0.064230
0.117774
0.040330
-0.060315
-0.012832
0.109468
-0.039081
0.063195
0.000133
0.005030
0.016089
0.043128
-0.017408
-0.030330
-0.119572
-0.006871
0.036774
-0.110157
0.065815
-0.064789
0.174193
0.030655
0.023425
-0.042141
0.044318
0.085400
0.062601
0.009607
0.025771
0.085603
0.048386
0.025504
0.042126
-0.032550
0.008164
0.024673
0.112712
-0.098127
0.036529
-0.067159
0.022266
0.114629
0.068638
-0.060620
0.023944
0.014959
0.062936
0.006331
-0.040975
-0.045896
0.001799
-0.104608
-0.037874
-0.005841
0.029089
-0.114410
-0.071265
-0.030602
-0.041731
0.085313
0.091204
-0.006076
-0.024862
0.017728
0.054046
0.116007
-0.003082
0.029555
-0.005320
0.040896
0.021648
-0.135410
0.035301
-0.006923
-0.034282
0.013901
0.069260
0.002117
0.028414
-0.030965
0.007587
0.022170
-0.000790
-0.086396
-0.051652
0.016807
-0.073827
-0.049395
0.040547
0.032145
-0.018967
0.080426
-0.032123
0.043653
0.085360
-0.054232
0.013877
-0.076050
0.007637
-0.020237
-0.013752
-0.042853
0.025495
0.032494
0.097238
0.011118
0.056687
0.007197
0.082041
-0.092575
0.140703
0.097516
0.047992
0.023277
0.062025
0.030804
-0.098993
-0.003185
-0.021997
0.019308
-0.045229
-0.063719
-0.112073
0.044367
-0.034220
0.134025
-0.011612
-0.021381
0.055154
0.034565
-0.032717
-0.022649
0.017538
0.004470
-0.049568
-0.009814
-0.004514
-0.041639
0.049778
-0.017556
0.026483
-0.064020
-0.090651
0.038464
-0.030064
0.143085
-0.053465
-0.005752
0.001173
-0.072447
-0.081230
0.011254
-0.053229
0.062107
0.059695
-0.062025
-0.024899
-0.033737
0.046232
0.011575
-0.028972
0.015368
-0.039106
0.045393
0.064751
0.047852
-0.002346
0.002338
0.017944
-0.049628
0.034834
0.049225
0.022006
-0.012797
-0.047481
-0.015572
0.007914
0.029009
-0.087279
-0.020782
0.038391
0.020193
-0.008741
0.052111
-0.055218
-0.049938
0.002537
-0.184157
-0.032282
0.014333
-0.045805
-0.087382
-0.074604
0.046948
-0.078492
0.027919
-0.047862
-0.063698
0.051316
-0.029616
0.026726
0.092339
0.160161
0.072306
-0.026732
0.079396
-0.023524
0.035619
-0.036702
-0.031614
-0.017221
-0.074099
0.058964
0.035274
-0.059049
-0.013019
0.029264
-0.070886
0.111600
0.055220
-0.024984
-0.023293
0.048559
-0.015365
-0.091358
-0.099790
0.028884
-0.174182
-0.069143
-0.003656
0.015090
0.073185
0.093997
0.018054
0.077978
-0.070719
0.060690
0.065752
-0.018443
0.035728
-0.005597
-0.014142
0.127763
0.018975
0.040640
0.042424
-0.031351
0.048953
0.082113
-0.037812
0.002655
-0.000255
0.059671
0.008730
0.064549
-0.117862
-0.014046
0.104964
-0.004924
0.071737
-0.006096
0.067511
0.006044
-0.036405
0.038596
0.130485
-0.065443
0.035219
-0.016072
0.072753
-0.030100
0.012829
0.082160
0.038712
-0.038651
0.047049
0.015805
0.017459
-0.045023
0.035368
0.072128
0.053047
-0.010883
0.057612
-0.096248
0.000131
0.063117
0.008801
-0.108741
-0.034467
-0.064496
0.037659
0.010653
0.108662
0.036885
0.057729
-0.082898
-0.012539
0.054332
-0.005809
0.010466
-0.017418
-0.081042
0.083565
-0.033712
-0.003338
0.013920
-0.130526
-0.080702
-0.100370
-0.030349
0.106764
0.060797
0.048651
-0.071473
-0.064061
0.026866
-0.194594
0.017951
-0.037297
-0.043498
0.013543
-0.047372
0.022190
0.025823
0.010907
0.016671
-0.047249
0.017068
-0.005556
0.077008
-0.000840
-0.003864
-0.018838
-0.102278
-0.001896
-0.042861
0.032357
-0.027819
-0.059588
-0.032893
-0.067762
0.075220
0.006610
-0.037960
-0.003208
0.040939
-0.119536
0.072979
-0.057666
0.124989
-0.037140
-0.025520
-0.004921
0.063396
0.084418
-0.049190
0.014404
0.045749
0.078300
0.004186
-0.121535
0.037824
0.024446
0.031836
0.025340
-0.059172
-0.052356
0.045308
-0.076267
-0.093676
0.004215
-0.024673
0.056304
0.001816
0.057420
-0.113719
0.000142
0.068221
0.030805
-0.021345
0.037911
-0.025336
0.013474
0.075588
0.026384
0.007700
-0.002158
-0.094350
0.051724
0.051716
0.092671
-0.007365
-0.126961
0.033037
0.066248
0.104238
-0.157148
-0.057096
-0.068193
-0.049122
0.041597
0.104204
-0.041352
0.021183
0.069877
-0.113912
-0.082390
0.068703
0.014641
0.005809
0.022163
0.073046
0.050759
-0.074595
-0.032144
0.024965
0.023843
-0.071298
-0.059170
-0.002748
-0.024034
0.084051
0.026649
-0.039356
0.022352
-0.011352
-0.015718
0.102481
0.021827
-0.045294
-0.000680
0.068322
0.012285
0.033204
0.027390
-0.022241
0.063223
-0.010735
0.001798
-0.032028
-0.025464
-0.001716
0.035896
0.086699
0.025235
0.026581
0.113010
0.040453
-0.048812
-0.008104
-0.020947
0.078192
0.049677
-0.032371
-0.050661
0.018441
-0.122686
-0.041661
0.077169
-0.045651
0.023912
-0.086466
-0.091461
-0.060261
-0.090480
-0.029995
0.081387
0.010411
0.001799
0.022532
0.007042
0.005774
-0.059966
-0.005270
-0.097717
0.087205
0.079588
0.006040
-0.056044
-0.066122
-0.015802
0.046759
0.137516
0.001803
0.016958
-0.075288
0.001865
-0.033486
-0.083869
-0.027123
-0.077158
0.046760
-0.043055
-0.021662
0.031585
0.031815
0.016781
-0.004366
-0.048615
0.047309
0.000105
0.036728
0.111213
0.033253
-0.127479
0.012648
-0.015360
0.007390
-0.024890
0.030572
0.050859
-0.048520
0.064321
0.016228
0.105337
-0.043195
0.076490
-0.040738
-0.132865
0.110573
0.095912
-0.045822
-0.054973
-0.032874
-0.014568
0.019115
0.047633
-0.096311
0.046159
-0.043375
-0.011766
-0.003966
0.018430
0.047858
-0.010413
-0.039164
-0.038264
-0.059301
0.025639
0.040938
0.054557
0.007611
0.032968
-0.005972
-0.022736
0.085010
0.001804
0.079792
0.032905
-0.056242
-0.101477
-0.068074
-0.085286
0.011244
-0.024864
-0.017380
-0.027625
0.069398
0.003145
-0.016314
-0.082129
-0.025241
0.147961
0.029894
0.023750
-0.024191
-0.012072
0.041725
-0.027704
0.012060
0.078986
-0.099437
0.013182
-0.089878
-0.016866
0.117530
0.004389
0.059579
-0.053426
-0.078089
-0.014126
0.007722
0.028207
-0.028908
0.036480
0.048874
0.024039
0.030687
0.055858
0.066332
-0.024977
0.014214
0.036827
-0.117099
0.042138
0.089103
0.052096
-0.116429
-0.045776
0.167482
0.108394
0.105447
0.013680
-0.034580
-0.023146
-0.055921
0.048547
-0.043860
-0.025713
-0.168135
-0.027722
0.045434
-0.010679
0.139321
-0.001111
-0.074205
0.031489
0.058867
-0.042956
-0.041718
-0.045346
0.022664
0.044621
-0.036470
0.019829
0.021482
-0.032224
-0.023064
-0.000412
-0.063275
-0.030453
-0.010318
0.119601
-0.132291
0.018078
0.025665
-0.038905
0.011100
-0.000225
-0.046240
-0.048728
0.054423
-0.016745
-0.035853
0.049489
-0.011329
-0.001709
0.025301
-0.041877
-0.031016
-0.041766
0.124519
-0.078273
0.015254
0.008045
-0.041539
-0.023972
0.003394
0.013242
-0.064501
0.054966
0.002471
0.034404
0.080104
0.028733
0.013224
-0.042707
-0.125013
0.051410
0.073296
-0.087434
-0.028822
-0.010371
-0.005042
-0.070605
-0.042173
-0.016440
-0.031506
0.079908
0.015908
-0.018177
-0.032954
-0.005149
-0.067439
-0.035524
-0.010253
0.051296
-0.034942
-0.011558
0.016718
0.053414
0.020259
-0.012852
-0.165281
0.012631
0.012262
-0.024564
0.019476
-0.031253
-0.050351
0.038632
-0.068799
-0.008969
0.083974
-0.063500
0.030379
-0.072265
0.042522
0.058872
-0.082314
-0.146235
0.054294
-0.047119
0.056882
0.059595
-0.078884
0.003664
-0.133159
0.148424
-0.123872
0.067581
0.002488
-0.027844
-0.024566
0.081979
-0.075558
-0.002531
0.055740
-0.087843
-0.016924
-0.079658
0.045193
0.044534
-0.014828
-0.070931
0.069471
-0.015525
-0.020036
-0.026044
0.005197
-0.041773
-0.103963
-0.003495
0.075305
-0.008966
-0.039993
0.005118
0.037091
-0.023208
0.035090
0.088458
-0.099725
-0.015325
-0.015790
0.038355
-0.080617
-0.050330
0.098359
-0.042394
-0.050646
-0.047627
-0.025830
0.063673
0.085660
0.033516
-0.014617
0.053328
0.092573
-0.045082
-0.029686
0.069429
-0.126306
0.106186
-0.018042
-0.062804
-0.018554
0.009019
-0.000179
-0.069897
-0.111886
0.022841
-0.075218
0.005628
0.073772
-0.029300
0.080800
-0.033803
0.041511
0.006508
-0.057396
0.002858
0.035216
-0.014667
-0.045903
-0.099517
0.039748
-0.074134
-0.089692
-0.011274
0.045537
-0.019813
-0.013594
-0.036588
0.019229
0.034449
-0.077687
-0.000742
-0.014928
-0.024819
-0.031258
-0.021910
-0.025741
0.003435
-0.046251
0.051243
-0.026746
-0.014302
-0.060124
-0.030744
0.009472
0.091196
-0.026599
0.068963
0.007152
0.024082
-0.016504
0.041805
0.088935
0.099028
0.032846
0.003657
0.080949
-0.071592
0.005104
-0.048406
0.128799
0.049256
0.073326
-0.003772
-0.098187
-0.008270
-0.062952
-0.039433
0.091256
0.061955
0.028541
-0.073645
0.131342
-0.007099
0.000190
-0.029695
-0.040159
-0.044952
-0.115733
0.073820
-0.044483
-0.118802
-0.034027
0.041107
0.038413
-0.015043
0.023420
0.069930
0.068479
0.032223
0.008524
0.006848
-0.028198
0.005622
0.061451
-0.094251
0.052676
-0.032789
-0.007652
-0.002390
0.015214
0.083641
0.008292
-0.046682
0.022778
0.034839
0.056467
0.033681
0.016121
0.066649
0.004303
0.045586
0.019400
-0.056921
0.012517
0.038524
0.102191
0.073384
0.044013
-0.105497
0.008236
-0.056391
-0.036316
0.079260
0.066818
0.031787
0.001800
-0.022127
0.082594
-0.008167
-0.003061
0.012669
0.055430
0.043632
-0.022535
-0.067349
0.058215
-0.119905
-0.062537
-0.040342
0.019593
0.052205
-0.097705
-0.037403
0.008514
-0.119387
0.040720
0.064491
-0.024829
0.008745
0.088270
0.076392
0.143678
-0.054085
0.003416
0.084843
-0.004286
0.035853
-0.086303
0.074797
-0.018209
-0.024333
-0.077189
-0.107637
0.032014
0.031858
-0.017111
0.046547
0.038239
-0.076277
-0.064146
0.119437
-0.067892
0.023261
-0.001874
0.086813
-0.011426
0.004800
0.004615
0.040844
-0.047830
0.072230
-0.034370
0.050827
-0.046808
-0.033122
-0.085065
0.040112
0.150637
-0.146532
0.026562
0.010239
0.051418
-0.006131
-0.007674
0.030195
-0.054950
-0.061600
0.136257
0.092346
-0.004834
0.009168
0.093423
0.065186
-0.000506
-0.071042
-0.028875
0.002977
0.003766
0.021460
-0.001398
-0.007910
0.080695
0.008928
0.022988
0.008197
0.038820
-0.037932
0.133694
-0.028047
-0.020104
-0.050004
0.020087
0.044822
0.098991
0.030456
0.002426
0.004182
-0.035197
0.052002
0.045266
-0.113737
0.041586
0.010538
-0.086325
0.075653
-0.067923
-0.039882
0.006148
-0.034385
0.001196
0.095588
0.002105
0.014139
0.050656
-0.009487
0.003637
0.073182
0.008258
-0.050844
-0.081025
0.033576
0.141057
-0.017110
-0.148427
-0.076991
-0.028739
0.047280
0.020461
0.079368
-0.006198
0.020724
0.012566
-0.020692
0.066358
0.050298
-0.029546
0.015308
-0.026305
-0.052880
0.017483
-0.001968
0.069173
0.047517
0.000071
-0.021696
-0.012417
-0.054494
-0.079465
0.014664
0.004208
-0.036618
-0.004436
-0.048601
-0.037363
0.036231
-0.022874
-0.140950
0.096260
0.012712
0.022509
0.037046
0.001645
0.006045
0.042148
-0.020461
0.065873
-0.014850
-0.095949
-0.030053
0.119286
0.026560
-0.001632
-0.057414
0.034051
0.036745
-0.004131
-0.073119
-0.013357
-0.069815
-0.004236
0.075080
0.081521
-0.021079
-0.079652
-0.018867
-0.039911
0.005073
0.004883
0.056581
0.006960
0.003968
-0.001124
0.060890
-0.031024
-0.061674
0.040858
-0.072680
0.064779
0.000330
0.017317
-0.016079
0.113247
-0.013141
-0.090082
-0.091685
-0.013987
0.030995
0.039004
0.045805
-0.064954
-0.013462
0.025771
-0.055269
0.054989
0.028598
-0.044735
-0.123872
0.071112
-0.051878
-0.002509
0.070390
0.088422
0.035452
0.004356
0.094622
-0.001191
-0.065700
-0.058899
0.091526
-0.093562
-0.074949
-0.025536
0.065472
-0.039312
0.115127
0.064343
0.037317
-0.046083
0.002345
-0.019266
0.019819
0.050775
0.033346
0.053981
-0.049194
0.028375
-0.091381
0.027065
-0.035995
-0.006729
-0.106088
-0.001263
-0.093995
0.114280
-0.000649
0.009133
0.049298
0.014506
-0.120431
-0.086483
0.029287
-0.017251
0.000816
-0.035953
0.031603
-0.153588
0.055962
0.064704
0.019965
-0.069940
-0.098236
-0.075602
-0.048571
0.053110
-0.034211
-0.133032
-0.034851
-0.012832
0.057613
0.002706
-0.022184
0.015933
0.039775
-0.027055
0.019379
0.027730
-0.023432
0.047073
-0.028828
-0.107670
0.082530
-0.006237
-0.038160
-0.096639
-0.072310
-0.030636
0.023238
-0.047224
-0.083684
-0.056942
-0.019428
-0.121187
-0.053774
-0.041815
-0.052057
0.041431
-0.028891
-0.019029
-0.006761
-0.053245
0.042918
-0.061728
0.058386
-0.020948
-0.049944
-0.006654
0.081106
0.038573
-0.045931
-0.087794
-0.089549
0.074631
-0.022291
0.032004
-0.006240
-0.012684
-0.080558
0.031384
0.065703
-0.114211
0.046740
0.077572
-0.064782
0.035445
-0.006419
-0.011206
0.005500
-0.066089
-0.056004
-0.049197
0.019721
0.064397
-0.053879
-0.077778
-0.049605
0.032377
0.071008
-0.036377
-0.047168
-0.001421
0.020972
-0.051474
-0.005594
0.052004
-0.013237
-0.050598
-0.033273
-0.094677
-0.046242
-0.027942
-0.045046
-0.035740
-0.055517
-0.003303
0.005122
-0.012149
-0.051369
0.068209
-0.114652
0.077742
0.070099
-0.038738
-0.041020
-0.019418
0.005479
-0.092641
-0.069798
-0.067602
-0.050378
0.026952
0.027955
0.027878
0.031716
-0.065465
0.050244
-0.078433
0.061078
-0.093618
0.009709
-0.002301
0.087559
0.015125
0.061751
-0.031576
0.082382
-0.012619
-0.003643
-0.034368
-0.081757
0.018416
0.051399
0.009202
-0.030787
-0.043790
-0.003209
0.004996
-0.039136
-0.127482
-0.015413
-0.013376
-0.049327
0.078301
-0.022754
-0.064734
0.008242
-0.084671
-0.059120
-0.089419
0.028400
-0.030496
-0.140574
-0.061508
-0.012215
-0.120320
0.198380
0.009809
-0.010285
0.112462
-0.025892
0.065090
-0.079806
0.054835
0.042715
-0.054610
0.027252
-0.069420
-0.042383
0.002816
0.021593
0.086187
0.034137
0.005379
0.002066
-0.031838
-0.012240
-0.017563
0.065333
-0.064011
0.072079
-0.007586
0.010266
0.038328
0.042481
0.025019
-0.058073
-0.008119
0.039125
0.113444
0.044292
-0.026964
-0.028700
0.062819
-0.031883
-0.048576
0.001540
0.018630
0.003304
0.083903
-0.002840
-0.094780
-0.062114
0.010899
0.076246
0.042981
-0.005083
0.072232
-0.011925
0.051921
-0.076203
0.022363
0.049587
-0.027621
0.130226
0.094871
-0.046859
0.033980
0.022737
-0.092197
-0.015336
0.098736
0.006517
-0.050868
-0.015403
-0.111987
-0.050421
0.043427
-0.021418
0.045096
0.014313
0.074144
-0.017805
-0.057751
0.032164
-0.145482
0.057471
-0.018208
0.010215
0.023062
0.123806
0.032382
-0.026436
0.040054
0.058964
-0.129161
-0.002271
-0.061984
-0.061756
0.022491
0.020956
-0.040455
0.057107
0.091597
0.105076
0.159901
0.043284
-0.073318
0.002589
0.138221
-0.081823
-0.046497
0.093771
0.006006
0.014228
-0.001529
0.014088
0.017782
-0.079043
0.067352
-0.104669
-0.038637
-0.064996
0.023616
0.024377
0.025128
0.021902
0.032328
-0.000114
-0.024660
-0.024284
-0.034862
-0.075882
-0.131548
-0.057560
-0.016350
0.082954
0.027489
-0.039286
0.092940
-0.087564
0.050354
-0.055245
-0.125933
-0.085158
0.074360
0.055756
-0.018309
0.061367
0.051824
0.035535
-0.067813
-0.025469
-0.014822
0.035259
-0.002703
0.035623
-0.053533
0.063915
-0.099392
0.032111
0.010341
0.104690
0.022440
-0.005612
-0.013960
0.023092
0.022050
-0.017599
-0.096199
-0.031495
-0.105211
0.092633
0.036342
0.015412
0.061652
0.076989
-0.002558
-0.070142
-0.014182
0.128583
-0.048183
0.045072
0.029928
0.029078
-0.037722
0.069711
0.056302
0.024333
-0.174539
-0.088199
-0.063162
0.058011
-0.004361
0.074440
0.014519
-0.006491
0.068254
0.017211
0.039137
-0.063729
0.067080
-0.007776
-0.002430
-0.020728
-0.033539
0.013352
0.026646
0.000397
0.064573
0.032790
-0.007111
0.047533
-0.016849
-0.043387
-0.045871
-0.079733
-0.008212
0.045159
0.006718
0.016725
-0.061358
-0.071852
0.000735
-0.010645
0.069060
0.039615
0.000246
0.014926
0.021301
0.014367
0.000236
0.036258
-0.050094
0.107353
-0.019605
-0.001027
-0.018970
-0.087651
-0.054019
0.072862
-0.014129
-0.039866
0.028655
0.009663
0.014332
-0.022823
0.014329
-0.016018
0.015219
-0.016896
-0.044361
0.049282
0.023887
0.031394
0.020770
-0.014641
0.009842
-0.081412
0.079528
-0.036329
0.088978
0.043305
-0.094391
-0.024012
0.112044
0.096617
-0.046310
-0.020780
0.044592
-0.047406
0.102655
0.054582
0.055073
0.001509
-0.012590
0.011947
0.038942
-0.064245
-0.068109
0.096450
0.075652
0.018805
-0.230748
-0.034065
-0.013180
-0.087479
-0.091852
-0.023158
0.109706
0.042577
0.058943
-0.013174
0.060683
0.076311
0.026343
-0.017994
-0.034412
-0.058650
0.026096
-0.083454
0.010216
0.109616
0.054289
0.092902
0.058960
-0.013844
-0.007727
-0.054497
-0.081643
0.105727
0.013337
-0.009642
0.124708
-0.021223
0.065819
0.043197
-0.021335
0.011599
0.003026
0.021614
-0.068084
0.050287
-0.015141
0.082620
-0.058079
0.085762
0.064515
-0.010307
-0.013108
0.051351
-0.043953
-0.093567
0.007933
-0.017062
-0.103271
-0.022289
0.030073
-0.010457
-0.053596
-0.139064
0.020757
-0.036993
0.014491
-0.032488
-0.034837
-0.025321
-0.006198
0.025910
0.054669
-0.127675
-0.010882
-0.036119
-0.077005
-0.000556
0.024949
-0.007970
-0.015235
0.070605
-0.021876
-0.075663
0.003829
0.019995
-0.116397
-0.002891
0.050162
0.060877
0.059647
0.004832
-0.038546
0.037960
-0.007746
-0.111582
-0.012024
-0.029846
0.024802
0.083780
-0.011938
-0.032810
-0.003498
0.041661
0.032459
-0.038292
-0.069037
0.061781
0.003379
0.096094
0.100605
-0.018759
0.037685
0.032052
0.069392
0.107195
-0.019161
-0.097278
-0.069880
-0.104989
0.070489
0.023432
-0.016057
-0.059120
-0.080897
-0.086422
-0.020635
-0.029523
0.005679
0.018443
-0.018480
0.011611
-0.051728
0.025160
0.118233
0.038520
0.005051
-0.086488
0.066630
-0.050953
-0.021876
0.015291
0.010056
-0.012572
0.054326
0.093665
0.042129
0.038722
0.027033
0.068576
-0.002573
-0.061453
-0.086724
0.057161
0.078644
0.018434
0.016334
0.050110
0.010635
0.033607
0.007906
0.000400
0.048667
0.018389
0.009414
-0.047765
-0.020298
0.000153
-0.091925
-0.013573
-0.049061
-0.097067
-0.069744
0.083732
0.027025
-0.018558
0.097509
0.037114
-0.080016
-0.030450
0.042004
-0.046691
0.081638
-0.007833
-0.025925
-0.030949
-0.114616
-0.022047
0.121051
-0.104695
0.011735
-0.059383
0.080272
-0.005375
0.056689
-0.022695
0.017378
0.117620
-0.077177
0.044921
-0.036463
-0.055523
0.007783
-0.049918
0.004925
-0.037520
-0.029360
0.005812
-0.034575
0.033359
-0.028055
0.044846
0.036878
0.045034
0.078305
0.093359
0.093525
0.121963
0.037529
0.047388
0.043014
-0.008125
0.043160
-0.059641
0.018907
0.009682
0.013821
0.018717
-0.048671
0.080570
0.046473
-0.079729
-0.003583
0.055317
0.014890
-0.123649
0.046774
-0.052800
0.058816
-0.007283
0.088217
-0.001960
-0.067694
0.035845
0.070802
0.092144
-0.084552
0.019951
-0.049146
0.084819
-0.000829
-0.026759
-0.003845
0.005335
0.030021
0.000446
0.081336
-0.014335
-0.089093
0.003035
0.018227
0.006132
0.019325
0.037588
-0.076913
0.033061
0.070211
0.060734
-0.087502
0.076875
-0.018990
-0.020490
0.033256
0.071844
-0.057654
-0.057551
0.041833
0.014284
-0.027945
-0.020440
0.064688
-0.027152
-0.124800
0.017581
-0.004222
-0.094161
0.025354
-0.029233
0.031044
0.067460
-0.080798
0.071842
-0.108872
-0.050867
0.019883
-0.012776
0.007125
-0.007891
0.027096
-0.002393
0.059290
0.081850
0.031990
-0.131965
0.070424
0.080877
-0.017661
0.080058
-0.026626
0.049571
0.033879
0.040129
0.034776
-0.054850
-0.089772
-0.001299
-0.074175
0.003365
-0.078683
0.002229
0.033670
-0.083062
-0.133977
-0.063787
-0.035236
-0.055019
0.095102
0.004986
0.016128
0.035744
0.037974
-0.034800
-0.053516
-0.105873
0.027432
0.048282
0.036152
-0.011405
0.030577
0.049171
-0.000511
0.140593
0.010892
-0.016470
-0.085768
-0.062952
-0.016892
0.073466
0.015991
-0.002973
0.082586
-0.027875
-0.062885
-0.044130
0.004434
0.106592
-0.024089
-0.093044
-0.130967
-0.068955
0.011875
0.001080
-0.059705
0.003466
0.070846
-0.079989
0.009125
0.106406
0.047947
-0.014432
0.051048
0.068663
0.087918
0.053843
-0.068573
0.056673
0.067570
-0.040165
-0.117620
-0.008467
0.053983
0.021732
-0.043255
-0.006958
0.009907
0.098464
0.028257
0.064189
-0.059972
-0.036264
0.020713
-0.088026
-0.083738
0.064818
-0.060655
0.024287
0.055299
0.018819
-0.071087
-0.055281
0.056473
0.074680
-0.002089
0.071138
0.017079
-0.030356
0.087859
0.027880
0.018648
-0.006092
-0.075659
0.076085
0.010774
-0.039470
-0.046034
-0.094017
-0.129436
-0.043474
0.020938
0.102737
0.027755
0.009951
0.024677
-0.007796
-0.003172
0.065731
0.028515
0.001578
0.065894
0.014906
-0.033762
-0.025968
0.040747
0.043706
0.040296
0.022133
0.084625
-0.004742
0.132048
0.122821
0.059350
0.020770
-0.019825
0.050392
-0.015943
0.010298
-0.039233
0.099734
-0.023353
0.076205
-0.015583
-0.035249
0.119035
0.065192
-0.074645
0.040623
0.085741
-0.002619
-0.021397
-0.002258
0.020646
-0.086666
0.038947
0.029848
0.001313
0.090590
-0.020842
0.026337
-0.000727
0.018248
-0.013147
-0.116486
-0.019979
-0.061587
-0.085955
0.049603
0.033403
-0.040421
-0.070727
0.002105
-0.017917
-0.101962
-0.057979
0.080758
0.078511
-0.120230
0.043239
0.031683
-0.018809
0.007198
0.051998
-0.024263
-0.006214
0.042665
0.009154
0.053860
0.004731
-0.024586
-0.057964
0.021069
-0.094283
-0.023240
0.027268
-0.053957
-0.013528
0.043605
0.065909
0.007739
-0.009314
-0.090417
0.003698
-0.022352
0.003402
-0.017692
0.008118
-0.040055
0.015626
-0.006726
-0.049093
-0.020075
-0.022988
0.066672
0.013609
0.051513
-0.058296
0.067798
0.142448
0.029738
0.012220
0.043426
-0.012086
0.054466
0.049344
0.128854
-0.011427
0.032160
-0.119568
0.024316
0.060638
0.064309
-0.028749
0.041873
-0.077745
-0.008617
0.014489
0.072876
-0.085924
0.033873
-0.054595
-0.012135
-0.004644
0.028562
0.059473
-0.030022
0.011720
0.144791
-0.005774
0.048558
0.048573
-0.102764
0.058745
0.046869
0.027914
0.001238
-0.083152
0.046065
-0.052911
-0.048431
-0.056299
-0.053332
-0.000597
-0.043147
-0.051313
-0.107398
-0.113631
-0.013277
-0.050825
-0.085080
0.070248
0.020804
-0.002224
-0.044963
0.056328
-0.013143
-0.036114
-0.018255
0.001632
0.143820
-0.149543
-0.045752
-0.008192
-0.104987
-0.003887
0.051482
0.008561
-0.010468
0.012197
-0.063872
0.032289
0.035852
-0.104319
-0.097047
-0.052655
0.012166
0.013306
-0.015440
0.099749
0.025092
0.078774
0.031387
0.036259
0.004353
0.000177
-0.053390
-0.012586
-0.000715
-0.130699
0.007466
-0.090084
-0.135193
-0.098569
0.086593
-0.047656
0.015248
-0.056972
0.042741
-0.035304
0.026736
0.027530
0.095665
0.001936
-0.008134
0.032522
-0.049168
-0.042619
0.044719
-0.070917
-0.074469
0.029347
0.095919
0.061025
0.096124
0.047070
-0.019646
-0.051649
0.031932
-0.058516
0.106560
-0.024644
-0.061381
0.004793
-0.048335
-0.001763
-0.054731
-0.012937
-0.044917
0.090878
-0.007737
-0.074694
0.020146
0.011405
-0.019109
-0.033658
0.136301
0.015390
0.067633
0.066272
0.036854
0.067369
0.063040
-0.040950
0.026571
-0.133820
0.045488
-0.092915
-0.012054
0.013285
-0.014001
0.081538
-0.026752
0.081001
-0.046985
0.108052
0.026820
-0.059005
-0.001467
-0.064719
-0.028663
-0.040788
0.088290
0.094925
-0.143615
0.009551
0.090362
0.029720
0.079200
-0.054260
-0.180398
0.005205
-0.003404
-0.035162
-0.038177
-0.049074
-0.018966
0.062542
-0.002295
-0.016007
-0.013354
0.055859
-0.035880
-0.052238
-0.004604
0.002036
0.033195
0.013156
0.123564
0.065306
-0.042504
0.090487
0.023690
0.045708
-0.038337
-0.073177
-0.006436
0.042882
0.048351
-0.109724
0.024802
-0.007072
-0.002287
-0.120521
-0.013931
-0.039835
0.071181
-0.021978
-0.045149
-0.074127
-0.033858
-0.005442
-0.065020
-0.113293
-0.032499
0.035164
0.020171
0.037087
0.030537
0.045624
0.067012
-0.032790
-0.051056
0.106553
-0.022808
-0.001333
0.039889
0.062331
-0.150744
-0.066642
0.101974
-0.045728
0.046149
0.028577
-0.053710
0.015200
0.050111
-0.067983
0.046924
0.022909
0.020476
0.010523
0.030441
-0.031245
0.028639
-0.045643
-0.004993
0.038458
-0.060388
0.056893
0.021060
0.069074
0.032827
0.076556
-0.066656
0.173131
0.059218
-0.021765
-0.113879
-0.054513
0.014168
0.027875
-0.036844
-0.004364
-0.082166
0.062683
0.006995
-0.048767
0.006706
-0.056185
-0.036423
0.050784
-0.065762
-0.063623
0.018041
-0.095893
0.008148
-0.048434
0.071006
-0.025460
0.037013
-0.002826
-0.077343
0.064714
-0.122237
-0.033287
0.032811
0.027942
0.016829
-0.007112
-0.013546
-0.071024
0.015329
0.063311
0.042729
0.047158
-0.062813
0.027119
-0.014883
-0.013434
-0.035506
-0.001438
0.028680
0.052896
0.012734
0.060647
-0.069288
-0.036328
0.051351
0.028050
-0.066511
0.034479
-0.077536
0.005660
0.056627
-0.085609
-0.065422
-0.069689
0.016675
-0.121438
0.045799
0.033177
-0.017394
0.002499
0.029032
0.107013
-0.015990
-0.058684
-0.014126
-0.037792
-0.008210
0.029617
0.060133
0.058490
0.030831
0.041149
-0.021204
0.077369
-0.016547
0.056000
-0.012410
-0.067995
0.166236
0.096528
0.001438
-0.028381
-0.004695
-0.028945
-0.124831
-0.090041
-0.109648
0.006224
0.034834
0.014314
0.068576
0.075296
0.080907
-0.022136
-0.040058
0.017454
0.042398
-0.024095
-0.017051
0.030061
-0.040018
-0.165771
0.086807
-0.012798
0.045282
-0.005704
-0.044008
0.091216
0.036120
0.013434
0.083553
-0.001798
0.016280
-0.077723
0.007573
0.066966
0.034044
-0.008030
-0.083919
-0.077900
0.062560
-0.030006
-0.060130
-0.028152
-0.045459
0.058233
-0.011430
-0.052318
-0.025751
0.050667
0.050731
0.005174
0.081408
-0.056173
-0.083203
0.009228
0.184810
-0.017223
-0.008811
0.079999
0.025240
0.066661
0.035801
-0.010361
-0.000287
0.109887
-0.007993
0.015372
0.016588
0.056791
0.013764
-0.001643
0.051307
-0.004007
0.040052
-0.005634
-0.049272
0.086310
0.010032
0.016634
0.066722
-0.048807
0.009111
0.085058
0.047556
0.076397
-0.011954
-0.040835
-0.009278
0.057536
-0.054656
-0.019025
0.067364
0.070686
-0.026551
0.132547
0.073992
-0.062896
-0.066401
-0.023553
0.084247
0.007670
-0.082360
0.028846
0.043998
0.067266
-0.032389
0.018711
-0.019067
-0.094822
0.003909
0.083044
-0.097047
0.014769
-0.037828
0.002129
0.088652
0.047312
0.008153
-0.032547
-0.017779
0.074680
0.021791
0.085184
-0.083952
0.007035
0.041656
-0.004247
0.032990
-0.049980
0.013425
0.081865
-0.006053
0.063983
-0.040263
-0.036760
-0.068709
0.094465
0.120330
-0.002857
0.000598
0.004028
-0.090423
0.024781
0.007363
-0.128377
-0.024035
0.072203
-0.047011
-0.044804
0.058018
0.026060
-0.099440
-0.012435
-0.033977
-0.083988
0.013630
-0.047720
0.040823
0.015216
-0.116605
0.129209
0.029086
-0.015336
-0.040314
-0.019415
0.068878
-0.100413
-0.066723
0.044608
0.009770
-0.053689
-0.028146
0.039211
-0.023045
-0.078560
-0.055578
0.026047
-0.016533
0.035819
0.066732
0.021660
0.038766
-0.027412
0.088371
0.042604
-0.087026
-0.012756
-0.049994
0.008883
0.031113
0.080774
-0.017189
0.058214
-0.012708
0.107772
0.040014
-0.014429
0.044483
-0.099113
-0.018522
0.014135
-0.025661
-0.016739
-0.043828
-0.008581
-0.064746
-0.113110
-0.062559
-0.048396
0.042767
0.026662
0.066946
0.045204
0.004099
-0.034644
0.024058
-0.047677
-0.092641
0.005209
0.016778
0.078292
-0.077892
0.023519
-0.042006
0.115133
-0.031023
-0.034165
-0.028592
0.000406
-0.041297
0.067028
0.011570
0.035841
0.062779
-0.018444
-0.021145
-0.022111
-0.081640
0.027981
0.003818
-0.030302
0.111418
-0.016851
-0.082067
0.029556
-0.008228
-0.023340
0.059636
0.064096
-0.055429
-0.038393
0.131048
-0.008009
0.067022
0.036194
-0.015537
0.050786
-0.011619
-0.038836
0.032460
0.016325
0.056460
-0.015674
-0.038595
-0.050464
0.056310
-0.005876
0.092361
0.138570
0.033197
-0.004516
0.021159
0.017756
-0.015766
0.012530
0.032054
-0.077699
0.010194
0.000509
0.041557
0.051171
-0.040708
0.029917
-0.007474
-0.034349
-0.007336
0.017089
-0.032833
-0.003516
-0.072413
0.063167
0.052149
-0.006151
-0.005576
0.133754
0.117161
-0.075354
0.000363
0.135808
0.063987
0.033045
-0.009738
-0.034797
0.003442
-0.067829
0.084215
0.034648
0.070136
-0.063582
0.096477
0.051760
0.043531
-0.096732
0.013596
-0.039178
-0.036113
0.027807
0.033096
-0.017850
-0.045819
-0.083016
0.017569
-0.049169
0.019868
-0.059688
-0.012968
0.013245
0.031911
0.007272
0.019213
0.186182
0.014987
0.038508
0.015964
0.014216
-0.043058
-0.044944
-0.025538
-0.052837
0.061289
-0.060260
0.004822
0.041025
-0.015379
0.002828
-0.058228
0.084572
0.016510
-0.086084
-0.013570
0.060587
0.060684
-0.000253
-0.092383
-0.024545
0.021000
0.039723
-0.106263
-0.097377
0.065496
0.090222
-0.017601
0.009223
-0.079772
-0.021766
-0.067464
-0.087452
-0.005502
-0.101173
-0.062254
0.083424
0.042186
0.040088
0.079260
-0.046885
-0.068550
-0.017269
-0.007105
0.012072
0.008977
0.072277
0.088460
0.045479
0.078853
0.012801
-0.030283
0.071129
-0.016401
0.062864
-0.022341
-0.044176
0.065644
-0.013489
0.001786
-0.109261
0.008712
-0.088244
0.132971
0.055785
-0.015830
-0.016647
-0.028890
-0.017789
0.001389
0.026815
-0.039343
0.025020
0.049096
0.053573
0.038955
-0.007619
0.029817
0.010575
0.083247
-0.054509
0.021000
-0.041789
0.077184
0.018649
-0.025027
-0.039071
0.006981
-0.019273
-0.026015
0.000866
0.052554
0.048377
0.106258
0.041967
0.018836
0.061176
0.048714
0.031139
0.005983
-0.016129
-0.054066
0.106981
0.067071
-0.059490
-0.019344
0.011833
-0.098000
-0.044370
-0.033857
0.052080
-0.016489
0.069437
0.008014
0.048700
-0.015980
-0.036684
-0.105101
0.118006
-0.024719
0.024332
0.109136
-0.029278
-0.109411
-0.013658
-0.031675
-0.089842
-0.018487
0.061137
0.026890
0.030747
0.042796
-0.023174
-0.053280
0.136229
0.043899
-0.060759
-0.000315
0.115035
-0.079737
0.006707
-0.020694
-0.082218
0.035049
-0.018385
-0.085816
0.044583
-0.038791
-0.043721
0.011468
0.034335
-0.007954
0.008347
0.032455
-0.177153
0.044507
0.046162
-0.046060
-0.017784
0.023347
-0.014788
0.096792
0.050111
0.013289
-0.075907
0.058342
0.008746
-0.022187
-0.031197
-0.107226
0.067519
-0.089795
-0.086244
-0.023914
-0.054330
-0.103556
-0.066954
-0.046732
-0.014491
-0.005852
0.127682
-0.008397
-0.001383
0.004370
0.009554
0.064392
-0.036389
-0.046937
0.061801
-0.064203
-0.031930
-0.028739
0.122326
-0.065678
0.059800
0.038091
0.069613
0.005398
-0.006765
-0.012861
-0.074478
-0.007092
-0.056187
-0.119121
0.093934
0.134359
0.027506
0.123020
-0.073897
-0.017083
0.029011
-0.027653
-0.000083
0.070288
0.012617
0.020115
-0.019096
0.062916
-0.094690
-0.079291
0.079137
0.042012
-0.046027
0.058908
0.054943
-0.109576
-0.059357
-0.057831
0.147720
-0.018694
-0.076840
0.006065
-0.040100
0.061859
0.046625
0.067700
-0.046706
-0.059215
-0.017677
0.030251
0.036055
0.024410
0.084530
-0.064109
-0.002950
-0.015317
-0.014726
0.008972
0.007543
-0.148799
0.134637
-0.103637
0.049023
-0.037785
0.002439
-0.056176
-0.056548
0.018527
0.056609
0.008339
-0.054589
-0.035248
-0.027717
-0.000102
0.041908
-0.033691
-0.012009
0.004780
0.013909
-0.010871
0.036128
-0.059813
-0.042182
-0.050963
-0.006574
-0.013949
-0.012732
-0.108886
0.019027
-0.146054
0.021633
-0.010371
0.042901
-0.126225
0.087662
0.067794
0.035348
-0.025875
-0.014456
0.056458
-0.019085
-0.028092
-0.100186
0.011985
-0.033418
-0.073595
-0.032691
-0.054633
0.002583
0.069173
-0.014299
-0.042170
0.039975
-0.005570
-0.009689
0.036906
-0.060892
-0.065809
0.105241
0.007499
0.007922
0.061657
0.060247
0.081314
-0.049541
-0.036722
-0.002535
-0.072985
-0.027549
0.002932
-0.042606
0.002518
-0.043674
-0.028903
0.021737
0.019172
0.041234
0.043352
-0.080680
-0.161984
-0.052108
-0.024978
-0.008249
-0.024589
0.069611
0.041837
0.004007
-0.051871
0.052440
-0.009862
0.049361
0.054000
0.022191
0.014075
-0.061776
0.049620
0.164249
-0.013238
0.037162
-0.016879
0.011293
-0.131072
0.032276
0.066384
-0.002138
0.020219
0.051009
-0.037688
-0.021514
-0.116502
0.016063
-0.030335
-0.056299
0.004039
-0.037159
-0.049248
-0.004409
-0.074640
-0.100288
-0.049046
-0.005499
0.000466
-0.011930
0.038502
-0.027043
-0.022943
0.035776
0.033445
-0.054137
0.028247
0.034516
-0.034428
0.055392
0.007922
-0.089113
0.105393
0.027550
-0.107134
-0.012940
-0.151472
0.026311
-0.004717
-0.003482
-0.013893
-0.024953
0.095428
0.057098
0.103709
-0.041428
-0.015253
0.034349
-0.040819
-0.103262
-0.098906
0.000133
-0.019181
-0.065320
-0.047150
-0.055238
0.009861
0.045861
0.003650
0.015965
0.119343
-0.043596
-0.016582
0.074425
0.032418
0.050244
0.001217
-0.043557
-0.010279
0.000718
-0.034966
0.059527
0.007804
0.007742
0.041142
0.061369
0.011793
-0.109150
-0.175758
0.047997
0.071302
0.031956
0.022071
0.051938
0.005053
0.022332
0.029993
0.041950
-0.025747
0.025824
-0.042500
0.025831
0.121100
0.008514
0.053993
-0.002754
0.006399
0.012378
-0.011149
-0.026315
-0.034042
0.025064
0.014378
-0.047836
-0.049224
0.051121
0.006188
0.042112
-0.030118
-0.005779
-0.086482
-0.064692
-0.040392
-0.003565
0.015442
-0.084509
-0.035203
-0.079941
-0.022366
-0.012524
0.045895
-0.015103
-0.004819
0.027307
-0.013026
-0.041869
-0.110182
0.056354
0.028046
-0.031766
-0.041560
-0.153721
0.022242
-0.032763
0.004276
0.033505
-0.043332
0.064665
-0.014807
0.048049
-0.003491
0.011347
-0.044811
0.067421
-0.043429
0.093304
-0.043982
-0.110825
0.025016
0.036344
0.125333
0.046898
0.016676
0.050292
-0.000120
-0.054164
0.000233
0.007539
-0.008128
-0.033538
0.037396
0.111575
0.133085
0.030379
0.002478
0.033918
-0.014039
0.052272
0.090990
0.012229
0.060589
-0.067761
-0.081766
0.046759
0.080168
-0.078373
-0.012049
0.104924
-0.038370
0.018725
0.080102
0.053373
-0.007567
0.063744
0.020234
-0.019065
0.047846
0.039533
-0.024444
0.006107
-0.029167
-0.014880
-0.079082
-0.122897
0.084564
0.112720
0.003655
-0.013200
-0.010808
0.120523
0.048912
0.020889
-0.093855
-0.017515
0.051572
0.036107
-0.024949
0.044592
-0.159659
-0.018562
-0.008908
-0.014492
0.060642
0.039779
0.016798
-0.028395
0.047542
-0.036770
-0.089452
-0.038763
-0.026367
0.115843
-0.076351
-0.010882
0.044255
0.065610
-0.075688
-0.007181
0.069718
0.079714
0.034877
-0.033373
-0.073720
-0.067476
0.021471
0.012463
0.033776
-0.033242
-0.020309
-0.033701
-0.047568
-0.047343
-0.048264
0.009087
0.007145
0.147973
-0.014104
-0.031904
0.039396
-0.036271
0.024837
0.078876
0.014496
-0.004340
0.002226
0.021946
0.065678
-0.013623
-0.004420
-0.025621
-0.069622
-0.033880
0.005451
-0.056318
0.076845
0.035386
-0.090799
0.031442
-0.124600
-0.078787
0.012042
-0.019188
0.067929
0.072967
-0.029149
0.083551
-0.073207
0.045086
-0.003752
0.009777
0.020036
0.038030
-0.037791
-0.149579
0.105049
0.038089
-0.045678
-0.019098
0.073525
0.037723
-0.036812
-0.062600
-0.061723
0.032238
0.113787
-0.020151
0.033708
0.014391
0.011278
0.062258
0.033415
-0.002935
-0.026751
-0.073631
0.067956
-0.020886
-0.040840
0.024438
0.017924
-0.037249
0.015864
0.004156
0.089991
0.010774
0.094594
0.056053
0.080996
-0.032209
0.110985
-0.013143
-0.027125
-0.037807
-0.071270
-0.010310
0.041672
0.000981
0.010266
0.068939
-0.064529
-0.072174
0.010042
-0.034852
-0.067181
0.020441
-0.067158
-0.016882
0.040209
0.028871
0.011283
-0.015849
-0.059838
-0.027391
-0.004835
-0.010272
-0.011331
-0.020214
0.029080
0.054253
0.002909
0.046182
-0.009532
-0.092835
-0.045774
0.062476
-0.070734
-0.047523
0.045902
-0.033899
0.128022
-0.042804
0.042486
-0.026576
0.010252
0.120592
-0.051470
-0.005213
-0.052642
0.050154
-0.024055
0.004409
0.055492
0.001590
0.042600
-0.138038
-0.058486
-0.061537
0.024200
0.124324
0.043767
-0.141216
-0.002519
-0.066852
-0.025308
-0.119402
-0.065972
-0.112161
-0.037398
0.091553
-0.160705
-0.023880
-0.065915
0.027055
-0.027396
0.074658
-0.003771
-0.047802
0.013049
-0.018192
0.045722
0.050605
0.033958
0.005804
-0.021604
0.038775
0.005100
-0.004476
-0.039412
-0.006598
0.116908
-0.022716
-0.082932
-0.018442
0.012122
-0.075376
-0.030810
-0.024238
-0.084063
0.057153
0.003871
0.067337
-0.002690
-0.025461
0.088909
0.073108
0.006984
-0.057324
-0.045800
-0.083221
0.004765
0.068442
-0.032063
0.098743
0.022739
-0.034746
0.078721
0.026675
0.009378
0.022369
0.147582
-0.021422
-0.042424
-0.061020
-0.031536
-0.009180
-0.149277
-0.113517
-0.054132
0.117385
0.016428
-0.010575
0.029659
0.001971
-0.060414
-0.005525
-0.073142
0.003375
-0.051673
0.007114
-0.036334
-0.034092
0.000039
0.074736
-0.171388
0.022679
0.050363
0.013496
0.021853
0.049684
0.010523
0.006574
0.030774
-0.011458
0.011670
0.024190
-0.014918
-0.041501
0.057829
-0.086998
0.044255
-0.014259
0.063118
0.013664
-0.003862
0.032445
-0.019594
-0.034603
-0.035771
0.082779
0.017352
0.039051
-0.078581
0.050196
-0.112939
-0.080412
-0.058342
-0.007663
-0.067251
0.002595
0.057305
0.095354
0.067282
-0.045495
-0.008773
-0.066317
0.005779
0.062469
0.056161
0.054952
-0.114001
0.022413
0.019106
-0.085142
-0.094601
-0.063362
0.000453
-0.120764
0.098889
0.035614
0.023545
-0.019460
-0.070403
-0.050235
-0.089312
0.062072
-0.038853
-0.017063
-0.032677
-0.092908
0.007144
-0.011643
-0.018993
0.072093
0.046923
-0.010862
0.039104
0.000131
-0.001445
0.042145
0.035096
0.063541
-0.007274
0.011750
0.045796
-0.082045
-0.020626
0.032649
-0.030431
-0.036415
-0.060176
-0.066259
-0.052776
-0.028763
-0.070255
-0.017248
-0.048754
0.073291
0.004459
0.002577
0.102672
0.018807
-0.018870
-0.074015
-0.072255
0.002369
-0.054472
-0.039097
0.080856
0.047761
0.019642
-0.072399
0.057316
0.031123
0.015980
0.026292
0.013549
-0.044132
-0.057174
0.075800
0.009526
0.067080
-0.004175
-0.054956
-0.005523
-0.061496
0.050636
-0.001290
0.004539
0.070010
0.008004
0.024507
0.048071
-0.015384
0.071887
0.025797
-0.195151
-0.055491
-0.080107
0.125272
0.026326
0.105591
-0.080342
-0.013939
0.059184
-0.007904
-0.035024
0.009187
-0.078763
0.069567
-0.015206
-0.058131
-0.053312
-0.104268
0.015669
0.048974
-0.014610
0.067709
-0.073537
-0.068864
-0.041136
-0.167037
-0.024072
0.080824
-0.067889
-0.046843
0.002197
0.034738
0.019969
-0.099132
-0.074564
-0.003935
0.073877
-0.069419
-0.051081
-0.018171
0.135411
-0.068643
-0.163677
-0.012677
-0.024046
-0.083321
-0.072107
0.110559
-0.007138
0.006224
-0.037476
-0.027516
-0.024274
-0.084330
0.058530
-0.016793
0.102463
-0.020141
0.066488
-0.090732
-0.069913
0.038888
0.010513
-0.037321
0.062676
-0.029914
-0.017740
0.064057
0.079617
-0.049612
0.000929
0.037356
-0.082338
0.014861
0.115264
-0.035763
0.085153
0.003125
-0.016154
0.058337
0.029918
0.044907
-0.024723
0.069660
-0.019742
-0.085113
-0.020840
0.021827
-0.056310
0.041659
-0.001827
0.025283
-0.064210
0.047151
-0.032536
-0.044809
0.042889
0.083954
-0.083907
0.035594
-0.072303
-0.042543
0.067624
-0.112034
-0.019142
0.023252
0.030023
-0.109889
-0.015657
0.048885
-0.014186
0.073439
0.029204
0.037710
0.044933
0.011820
0.039805
0.020226
0.075496
0.069434
0.012426
0.077815
-0.045174
0.004759
0.030430
-0.032108
-0.110464
-0.010561
0.017164
-0.030798
-0.045041
0.035545
-0.004148
-0.103741
0.033110
-0.070366
0.011489
-0.039982
0.053810
0.110273
-0.028694
0.020785
0.075179
0.037582
0.014095
-0.048980
-0.003310
-0.023126
0.001928
0.032930
-0.052321
-0.036340
0.024825
0.042487
0.059347
0.021665
0.097579
0.000347
0.001303
-0.037990
-0.059604
0.055241
0.025493
-0.016216
0.014388
0.002618
0.010536
-0.074237
-0.000744
-0.149849
-0.063453
0.011013
-0.023855
-0.024915
0.017982
-0.003368
-0.035539
-0.139478
0.091045
0.035195
0.005463
-0.038811
-0.036064
-0.036166
0.135152
-0.020090
-0.075537
0.022981
-0.042575
-0.103377
-0.082811
0.033826
-0.051848
0.125813
-0.003761
-0.095062
-0.021382
0.041327
0.123908
0.018871
-0.061279
0.029491
0.027940
-0.035649
-0.024902
0.009111
0.042973
0.021033
0.100034
0.018232
0.044355
0.030541
-0.038906
-0.039945
-0.024448
0.014836
-0.014901
-0.000252
-0.036765
0.001731
-0.093742
0.027130
-0.061462
-0.024884
0.009664
-0.091399
0.013325
-0.091604
0.030238
-0.040739
0.028299
-0.012351
0.048204
-0.030254
0.000716
0.053510
0.018561
0.018485
0.059262
0.071461
-0.027752
-0.042053
-0.082656
-0.051655
-0.005058
0.032523
-0.052581
0.049336
-0.046003
0.037533
-0.044909
0.030625
-0.000466
0.054681
0.019651
0.023238
0.024807
0.078614
-0.017237
0.062525
0.011261
0.031105
-0.056094
-0.048823
-0.044565
-0.093801
-0.039467
-0.061153
-0.005025
0.015484
0.024629
-0.073026
0.027775
-0.020414
-0.075684
-0.066206
0.122106
-0.067487
-0.020740
0.034614
0.031737
-0.065730
0.088557
-0.003753
0.117719
0.037795
0.001341
-0.011221
-0.049803
0.061023
0.003570
-0.060852
-0.035733
0.064216
-0.031388
0.007877
-0.036269
-0.129874
-0.000521
0.051415
0.029606
0.089971
0.070251
-0.026082
-0.050372
0.066772
-0.007953
0.038072
-0.010057
-0.043888
-0.035353
0.039586
0.066456
0.019066
0.028945
0.043465
0.049701
0.024586
0.058599
0.000555
-0.077912
0.049726
0.057996
-0.009372
-0.040702
-0.000849
0.006743
-0.018270
0.139370
0.005601
-0.053822
0.122107
0.037508
0.103800
-0.053090
0.047242
-0.053281
0.033762
0.119984
0.094867
-0.044573
-0.028823
-0.114606
0.093899
0.057848
-0.061137
0.061807
0.124939
-0.021925
0.022084
-0.029800
0.019918
-0.021632
0.090720
-0.046824
0.018801
0.202992
-0.004374
-0.084688
-0.069683
-0.001211
-0.082139
-0.044421
0.014637
0.059420
-0.041402
-0.084600
-0.021444
-0.040581
-0.019800
-0.095833
-0.051349
-0.009258
0.083829
0.032940
-0.026523
0.083306
0.067021
0.118306
-0.037264
0.002108
0.003558
0.014602
-0.044666
-0.031942
-0.043047
0.027129
-0.032711
-0.028490
0.041074
-0.019812
-0.048182
-0.009882
0.073395
-0.008842
-0.037570
0.040348
0.048815
0.007944
0.024610
0.033927
-0.015612
0.052264
-0.104715
-0.022334
-0.061835
-0.102987
-0.005655
0.044040
-0.006404
0.014574
0.026403
0.166057
-0.038975
-0.000453
-0.010221
-0.045436
-0.078792
0.132020
-0.006266
-0.033181
0.029771
-0.001898
0.031395
0.014510
-0.038616
-0.004061
-0.072011
-0.077476
0.056550
-0.010885
0.087714
0.092846
-0.021695
-0.016557
-0.009826
-0.053656
-0.090304
-0.089992
-0.059844
0.006582
0.023368
0.011332
0.006990
0.001423
0.025639
-0.019201
-0.028825
-0.016551
-0.000948
0.055862
-0.023122
0.090951
-0.034515
0.002976
-0.063180
0.031829
0.040305
0.052230
0.029600
-0.000644
-0.007541
0.000262
-0.064829
-0.113497
0.082384
0.021628
0.060193
0.073053
-0.047026
-0.043261
-0.037349
0.010334
0.097119
-0.003223
0.019779
-0.066183
0.064614
0.004819
-0.014627
-0.033555
-0.061672
-0.035322
0.114625
0.012227
-0.041416
0.017137
-0.031600
0.078673
-0.078530
-0.088623
0.019499
0.023529
-0.044951
0.047837
0.036338
-0.035401
0.009038
0.026182
-0.016006
0.100944
0.000969
-0.066802
-0.027004
-0.021731
-0.051704
0.006715
0.076328
-0.007533
-0.009707
0.013245
-0.043525
-0.085005
0.163880
-0.096729
-0.021207
0.009191
0.055588
-0.028606
0.119713
0.071441
-0.051306
-0.121173
0.002942
-0.013877
-0.046669
0.028620
0.007155
0.023031
0.064547
0.028189
0.045994
0.045884
-0.073095
-0.061806
0.007013
-0.020120
-0.020647
-0.057081
0.050023
0.036254
0.076443
-0.043064
-0.192224
-0.037442
0.044861
0.050897
-0.044384
-0.086073
-0.038864
0.005281
-0.020988
-0.014277
-0.057188
-0.012612
0.047175
0.041532
-0.003584
-0.020498
0.002045
0.050566
0.074432
-0.114425
-0.077811
-0.033957
-0.002599
-0.053244
0.007961
-0.079990
-0.010450
0.006045
0.082623
-0.053495
-0.024039
0.020895
-0.008115
-0.118389
-0.086769
-0.002977
-0.021950
0.064496
0.028179
-0.028669
0.062281
0.109302
0.013734
-0.015395
0.031464
0.073226
-0.030305
-0.090938
0.053592
0.015555
-0.087173
0.051679
0.095387
-0.012509
-0.040698
-0.076920
-0.054491
-0.015052
-0.013642
-0.014192
-0.042155
0.040581
-0.025070
0.085509
-0.000299
0.053493
-0.038587
-0.022975
-0.052333
-0.008794
0.058443
-0.021301
0.034202
-0.083045
0.180165
0.026733
0.030726
-0.052429
0.055825
-0.021724
0.010736
0.040638
0.075716
0.061864
-0.021672
-0.135523
0.035185
0.006031
-0.100463
0.041035
0.017453
0.063521
0.021163
-0.019919
-0.015111
0.030691
-0.108902
0.047876
-0.072068
-0.049008
0.007877
0.021313
0.009651
-0.018895
0.037488
-0.032576
-0.027433
0.002552
-0.033732
0.032422
0.075587
-0.003132
0.001137
0.009051
-0.057018
-0.065953
-0.043314
0.006507
0.002890
-0.049658
-0.026491
-0.055508
0.068360
0.005492
0.023833
0.051233
-0.054871
0.170799
-0.002983
0.013198
0.038044
0.001324
0.011519
0.018326
0.047241
-0.092872
0.117025
-0.040517
-0.011383
-0.096770
0.048410
-0.001206
-0.103066
-0.034233
-0.009309
0.068306
-0.033266
0.095354
-0.007823
0.022803
-0.046412
-0.074696
0.006356
-0.011092
0.032648
-0.044353
0.116599
-0.056881
-0.140014
0.024253
0.001214
-0.073100
-0.060704
0.005541
-0.062093
0.068172
-0.034379
-0.075075
-0.086787
-0.012065
-0.008866
-0.042962
-0.082682
-0.084389
0.078916
-0.014307
0.108798
-0.070312
-0.013029
-0.019891
0.097907
-0.077672
0.042056
-0.027381
-0.025529
0.012943
-0.012146
-0.078302
-0.020904
0.040368
-0.009356
0.153770
0.000327
0.012844
0.019750
-0.004933
-0.062457
-0.062756
-0.068263
-0.020727
-0.095125
0.034938
-0.070271
0.072913
-0.042479
0.066108
0.040563
-0.070103
-0.025674
-0.092352
-0.114894
0.000471
0.009453
-0.019346
-0.042277
0.112895
-0.034197
-0.067175
-0.019396
0.049383
-0.043045
0.065863
-0.025738
0.031993
0.049001
-0.077056
-0.067763
0.086322
-0.061884
0.038114
0.069417
0.170456
0.049833
0.014227
-0.076499
-0.042626
0.044118
0.071189
0.082441
-0.062303
0.056882
0.003583
-0.058474
-0.008109
0.061913
0.036458
0.042083
-0.067727
0.016411
-0.036349
-0.027805
0.057542
0.022911
0.033321
0.022153
0.041241
-0.015755
0.091868
-0.026021
-0.051971
0.034697
-0.047622
-0.086689
-0.069192
-0.046359
-0.003974
-0.053358
0.025243
-0.051135
0.022238
0.074802
0.007058
0.007567
0.011949
0.042282
0.060113
0.148368
0.016566
0.011314
0.022268
0.060779
-0.066882
-0.002931
0.032783
-0.008975
-0.064390
0.010200
0.099688
-0.008407
0.026409
0.046489
-0.027111
-0.000431
0.001663
0.023847
0.019063
0.096788
-0.074152
-0.050211
0.024742
0.077111
-0.051894
0.030899
0.013614
-0.016268
0.058014
0.014297
0.007530
-0.059998
-0.075756
0.009701
-0.024238
0.001754
0.054031
0.147270
0.027022
0.083562
-0.052786
0.038355
-0.186920
0.005101
0.058864
-0.015156
-0.013836
0.038209
0.071000
0.104680
-0.036921
0.011537
-0.068697
0.077967
0.023400
-0.000489
-0.035338
0.093518
0.049872
-0.078451
0.048518
-0.039430
0.024088
0.069891
0.035270
-0.007956
-0.013067
-0.004616
-0.006626
-0.006229
-0.011079
-0.008356
0.026766
0.066791
0.005509
-0.022607
0.079292
0.015862
0.018657
-0.105142
-0.028285
0.003588
-0.097665
0.008520
-0.085952
-0.052067
-0.046964
0.024709
0.065872
0.017957
0.035826
0.033658
-0.058814
-0.049001
-0.021188
-0.006474
0.052325
-0.064495
-0.091028
0.079590
-0.175085
-0.015140
0.059850
0.019004
0.006684
-0.044232
0.042876
-0.048416
-0.052339
0.025822
0.004883
0.001021
-0.109576
0.018359
0.057259
0.040509
-0.000012
-0.074024
-0.032818
-0.066270
-0.063990
0.130874
0.042647
0.094326
0.003400
0.043590
0.003231
-0.039408
-0.013782
0.019241
-0.013276
0.061636
-0.017281
0.014869
-0.086921
-0.022335
0.082127
0.050582
-0.009258
0.058444
-0.052805
-0.014273
0.146221
-0.003919
-0.014313
0.027603
0.022040
-0.003940
0.025221
0.060227
-0.082854
-0.013758
0.061398
-0.118013
-0.048060
-0.085937
0.051924
0.068751
-0.039039
-0.025859
0.029769
0.019265
0.043012
0.026671
-0.038254
0.070668
-0.107511
0.081407
-0.045490
-0.056598
-0.057978
0.115803
0.068195
-0.092658
-0.070416
0.059703
-0.014054
0.089451
-0.026385
-0.015412
0.033455
-0.039269
-0.011976
0.044712
0.060571
0.053322
0.008560
-0.009499
-0.007756
0.025908
0.007904
-0.049064
0.161925
0.071507
-0.057439
-0.037915
0.027487
-0.003457
0.075837
0.001560
0.048243
-0.007529
-0.056832
0.027148
-0.008101
0.011045
0.088305
0.037430
-0.091209
-0.109061
-0.015471
0.004529
0.012042
-0.066986
0.042044
0.027526
-0.022589
-0.000491
0.051145
0.040950
-0.035671
-0.052242
0.066588
-0.052498
-0.061100
0.046746
0.041292
-0.047750
0.097499
0.069087
0.102420
0.057011
0.126179
0.067898
0.140655
-0.066517
-0.029066
0.045635
-0.029529
-0.033179
0.025161
0.022100
0.024018
0.000874
-0.032579
0.034025
-0.005734
0.038988
0.010438
0.054860
0.063385
0.017814
0.066092
-0.063700
-0.018650
-0.092341
-0.022305
0.010228
-0.014332
-0.068322
0.049089
0.030364
0.029290
0.003674
0.031112
0.037047
0.015386
-0.040128
-0.032492
-0.078683
-0.027994
-0.062132
-0.050891
0.081851
-0.030497
0.013087
-0.107128
-0.075128
-0.088106
0.107471
-0.025581
-0.038341
0.026355
0.040484
0.058033
-0.069326
0.067626
0.037235
0.053699
0.021663
-0.056069
-0.072047
0.040940
-0.014179
-0.058554
-0.048483
0.065315
0.100882
-0.017034
-0.012771
-0.096645
-0.061371
0.039274
0.043020
-0.010043
0.017357
0.002539
0.056506
-0.013185
-0.044310
0.018947
0.139089
-0.000367
-0.098836
0.109240
-0.088506
0.014629
-0.093893
0.022593
-0.004461
0.056848
-0.024199
-0.013222
0.006543
0.004527
0.114608
0.056732
-0.007980
0.025164
-0.025636
0.009677
0.062358
0.011064
0.010658
-0.004363
0.006322
0.064248
0.067201
-0.017840
-0.025199
-0.000809
0.020868
-0.059448
-0.008573
-0.055615
0.033813
-0.034864
-0.026208
-0.002488
0.093787
-0.027783
0.081105
-0.090892
-0.026062
-0.046491
0.104846
0.000191
0.024462
-0.039325
-0.006962
-0.044171
-0.006594
-0.020087
-0.044253
0.000124
-0.034837
-0.052526
-0.005828
-0.002303
-0.000940
-0.080927
0.072646
0.026713
-0.035362
-0.062412
0.154939
-0.054798
-0.077820
0.035830
0.134397
0.001858
0.016328
-0.024191
0.028557
-0.071835
-0.040300
-0.042637
0.067993
0.019757
-0.091904
-0.043773
-0.042126
-0.017364
0.079902
-0.006854
-0.026741
0.050798
-0.016283
-0.025057
-0.057745
-0.050545
-0.004709
-0.006991
0.144168
-0.053500
0.014370
-0.099188
0.015434
-0.028362
0.033811
0.050960
0.044480
-0.040369
-0.084766
0.061844
-0.000598
0.110749
-0.013671
-0.036358
-0.072566
0.019476
-0.018477
0.022295
-0.058689
0.066710
-0.041059
-0.082695
-0.061496
0.080872
-0.052164
-0.042033
-0.026789
0.063131
-0.131776
0.051136
-0.053400
-0.070857
0.031605
-0.007557
-0.024036
-0.050255
-0.023856
0.055893
0.040069
-0.037036
0.031827
-0.012973
0.116274
-0.007345
-0.014539
0.058051
0.004370
0.034504
0.124355
0.025324
-0.030704
0.051545
0.062808
0.015143
0.037301
0.038507
0.069156
-0.015407
-0.055278
0.071771
0.024407
0.050266
0.004655
-0.021976
-0.036111
-0.021783
-0.067833
0.003593
-0.090834
0.003929
-0.061999
-0.018185
0.008953
0.074991
-0.003536
-0.048225
0.020144
-0.012885
0.040925
-0.039071
-0.132493
0.066937
-0.065034
0.013273
-0.050150
-0.044229
-0.008558
-0.037257
0.091627
-0.058130
0.116560
0.056639
0.061877
0.037346
-0.063671
-0.054204
0.072895
0.017439
-0.038915
-0.018288
0.060431
0.025908
0.047708
0.057723
-0.055786
0.073985
-0.051809
-0.021910
0.030733
-0.080459
0.141410
-0.000999
-0.041864
-0.073154
-0.055379
0.031869
0.021138
-0.065321
0.065331
-0.055744
0.014579
-0.031000
-0.022421
-0.010851
0.024670
0.001052
0.027798
-0.028417
-0.095890
0.094006
-0.101491
0.035339
0.028650
-0.081918
0.026941
0.034079
0.024909
-0.088933
0.015277
0.103263
-0.053296
0.051572
0.013782
-0.000283
-0.021580
0.016015
0.001683
0.131885
0.019885
-0.104709
0.055530
0.060424
-0.033213
-0.100814
0.014554
-0.028492
0.045364
0.028318
-0.099571
0.024081
-0.016596
-0.061999
0.041850
-0.011898
-0.071811
-0.045514
-0.025667
0.061151
0.026792
0.011018
-0.014316
-0.021289
-0.035151
0.047406
0.044876
-0.025331
0.003535
-0.020791
0.044785
0.013721
-0.039004
-0.004775
0.137708
0.004031
0.002171
-0.056567
0.006171
-0.034993
0.011955
-0.006325
0.016810
-0.021705
-0.005752
0.020240
0.096267
0.078306
-0.013060
0.008163
-0.086077
0.148946
0.032974
-0.049002
0.000832
0.026175
-0.036322
-0.141715
-0.000250
0.085079
0.002112
-0.060804
0.005454
-0.062853
0.095844
-0.031809
0.055887
0.019441
-0.036426
-0.026020
0.030910
0.125369
0.023768
-0.000434
0.153303
-0.005129
-0.033830
-0.024915
0.075809
-0.009841
0.037406
0.024490
-0.035420
0.015153
0.026663
-0.036723
-0.052243
-0.059043
0.109587
-0.127483
-0.062980
-0.004707
-0.025399
0.070094
0.101484
-0.125466
-0.062871
0.037500
0.015725
0.038339
0.043418
-0.005821
-0.023682
-0.052391
-0.020161
0.119732
-0.063927
-0.011717
0.009839
-0.024486
-0.013744
-0.034848
-0.012998
0.052135
-0.094510
0.026634
0.060270
-0.036363
-0.013829
-0.047768
0.005456
-0.035113
-0.034046
-0.006938
0.028819
-0.051136
0.010864
0.000789
-0.025166
-0.052562
-0.003309
-0.035382
-0.041138
-0.050184
0.109821
-0.026094
-0.034143
-0.053304
-0.018748
0.111383
0.033096
0.036983
0.035405
0.012871
0.145801
0.000942
0.007122
0.083974
0.068308
-0.013557
-0.049231
-0.038432
0.048469
0.008257
-0.017510
0.098379
-0.058169
0.001719
0.010305
0.023625
0.000395
0.051975
0.004587
0.065870
-0.019872
0.006753
0.070574
0.023341
-0.019512
-0.055500
-0.092230
-0.137685
-0.052565
-0.117241
-0.060682
-0.032446
-0.060689
-0.007966
-0.012615
0.108469
-0.035228
0.015873
-0.046326
0.015760
0.087942
0.029154
-0.022940
-0.014317
-0.070328
0.015925
-0.007713
0.003744
-0.096889
-0.009736
0.005073
-0.049650
-0.066991
0.074952
0.061912
-0.025162
0.089806
-0.024692
-0.065004
-0.000600
-0.028448
0.022674
0.055870
-0.051882
0.034337
0.105759
-0.021473
-0.055723
0.066031
0.031503
-0.062537
0.050631
-0.041723
0.061071
-0.036990
0.022578
-0.043196
0.023418
-0.058180
-0.035096
-0.036442
0.082937
0.010409
0.003585
-0.008451
-0.035822
0.025443
0.064550
0.067204
-0.079535
0.006959
-0.007755
-0.038174
0.019665
-0.018402
-0.010956
-0.031525
-0.051158
-0.006956
-0.061979
0.079872
0.062601
0.052368
-0.101860
0.069301
0.023834
-0.059639
-0.023948
0.001186
0.060430
-0.154349
0.032968
-0.017061
0.054787
0.033139
-0.009304
0.017537
-0.062251
0.011046
0.035993
0.024514
-0.026647
0.013714
-0.019456
-0.020086
0.053923
0.038635
0.030434
0.051589
0.027508
0.069572
-0.101127
-0.072778
0.125312
-0.093233
0.042284
-0.075207
-0.026047
-0.093898
0.014148
0.021702
0.023635
-0.023592
-0.081072
-0.108444
-0.029776
-0.010180
0.040887
-0.048588
-0.093552
-0.124447
0.003626
-0.043060
-0.012234
-0.034107
-0.017308
0.061149
-0.017415
-0.042714
-0.028176
-0.038259
-0.059426
-0.006383
0.080453
-0.016463
-0.029621
-0.014509
0.042692
0.000070
-0.023834
0.000621
-0.031535
-0.044396
0.018690
-0.063570
0.033753
0.090175
-0.093512
-0.017103
-0.031294
0.041839
0.012932
0.022670
0.078583
-0.001638
0.071423
0.068495
-0.031850
0.020688
-0.061756
-0.007902
-0.164760
0.002164
0.011043
0.049324
-0.036487
-0.010144
-0.012124
-0.005529
-0.060097
0.084351
-0.145632
-0.024739
-0.016581
-0.013841
-0.002643
0.138078
-0.057395
0.001893
0.140213
-0.048114
0.024752
-0.033370
-0.031504
0.012880
0.059246
0.039206
-0.062819
0.021234
0.011435
-0.037621
0.019471
-0.021878
0.024973
0.010475
-0.000768
-0.005738
-0.081039
-0.073931
-0.004959
-0.006118
-0.016247
-0.008091
-0.077101
-0.091660
0.024388
0.050049
0.028509
-0.070022
0.027879
-0.024998
0.023170
0.188432
0.014316
-0.001809
-0.004828
0.028294
-0.070782
-0.000662
0.040898
-0.046573
0.055548
-0.007285
0.019888
0.000133
0.034308
-0.069742
0.009069
0.051032
-0.083790
0.066601
-0.047504
0.063257
0.030604
0.022637
-0.013038
-0.045640
0.012485
0.006940
0.016654
-0.082421
0.034864
-0.019719
-0.017607
-0.034001
-0.060807
0.035536
0.088392
-0.025895
0.007280
0.004057
-0.027807
-0.093692
0.042108
0.096088
0.018923
0.036400
0.001167
0.080260
0.048179
0.067970
0.072352
0.035386
0.041330
0.017880
-0.053726
0.063832
0.056513
0.054275
0.030252
0.046188
0.074937
-0.019603
0.084253
0.079337
-0.024038
-0.039656
0.087916
0.020140
0.085485
-0.043833
-0.014366
0.022617
0.030840
0.005656
-0.062782
-0.018570
-0.024789
-0.040680
-0.025026
0.012812
-0.022465
-0.129647
-0.014704
-0.090367
-0.066035
0.008866
-0.003241
-0.024721
-0.009604
-0.068218
-0.062050
-0.040249
0.021769
0.041212
-0.025039
-0.040522
0.123449
0.062577
0.059504
-0.028045
0.123950
-0.078257
0.030036
-0.086543
-0.054662
-0.138478
-0.016736
0.010852
-0.013018
0.087528
0.020663
0.091608
0.007353
0.024809
-0.019004
-0.013724
0.101585
0.025079
-0.117104
-0.075215
0.052417
-0.065632
-0.042404
0.047582
-0.177587
-0.054886
0.053932
0.017359
-0.026432
-0.078408
-0.011870
0.060611
-0.047958
0.004102
-0.030116
0.061632
-0.016970
0.033545
0.058540
-0.013692
-0.046763
0.089640
-0.032722
0.084624
0.048162
0.016649
0.131454
0.087873
0.043592
0.054737
0.020657
-0.046464
-0.100690
0.002553
-0.009773
0.036479
0.085459
-0.027093
-0.066354
0.002369
0.039336
-0.039841
-0.105669
0.013474
0.061949
0.041871
0.059082
-0.035406
-0.010341
0.018613
-0.085911
-0.057865
-0.039263
0.011579
0.018120
0.043263
-0.024026
-0.015329
-0.041928
-0.035240
0.023701
-0.016970
-0.022680
0.097954
-0.030338
0.042395
-0.010254
-0.000942
-0.030309
-0.078777
0.003298
-0.023014
-0.028963
0.006592
0.024071
0.108943
-0.078542
0.005541
-0.070157
-0.026473
0.016136
0.004590
0.033835
-0.058800
0.026011
-0.014256
0.037059
0.089481
0.019086
0.086147
0.078150
-0.006452
-0.009210
-0.018615
0.014255
0.013797
-0.066250
0.003759
0.021793
-0.018995
0.088954
0.115277
-0.130722
0.005146
0.016954
-0.023141
0.022791
-0.045512
0.002417
0.022021
0.033030
0.103557
0.012497
0.023820
-0.047277
0.039135
-0.068995
-0.028769
-0.100657
0.007776
-0.068845
-0.036532
-0.031907
0.057664
0.027430
-0.005160
-0.053576
-0.006461
-0.027123
0.084072
-0.067137
-0.080354
-0.012114
0.145801
0.030674
0.013761
-0.034619
-0.055611
-0.025312
0.032324
0.042355
-0.131526
0.064286
-0.063372
0.069016
0.090346
0.041618
-0.014606
0.008082
-0.020665
0.062777
-0.142898
-0.058432
0.012446
-0.064857
0.016254
0.022644
-0.030833
-0.003115
0.108135
0.047854
0.085208
-0.050724
0.005431
-0.032749
0.174603
0.040140
0.110706
-0.045104
-0.056796
-0.013888
-0.044042
0.077902
0.015223
0.130315
0.022475
0.071547
0.010413
0.117104
0.006908
-0.039470
-0.029406
-0.039510
-0.062470
-0.020559
-0.008073
-0.064599
0.042191
-0.150651
-0.000967
-0.040019
0.004295
-0.045968
0.028806
0.145176
0.007743
-0.076478
-0.054100
0.029749
0.021580
-0.020026
-0.043808
0.011810
0.106012
0.029333
0.007408
0.021389
-0.045279
-0.030272
0.063943
0.028832
-0.070984
-0.031314
0.031550
-0.056996
0.041649
-0.045768
0.011001
-0.062043
0.026589
-0.036036
0.000665
-0.071897
-0.039607
0.039470
-0.001850
-0.056998
0.097659
0.029520
0.043052
0.024739
0.017510
0.027557
0.058321
-0.072782
0.031308
-0.031990
-0.060411
-0.044055
0.006127
0.070313
-0.012704
-0.071438
-0.055081
0.057332
0.015728
0.002565
-0.113014
-0.049146
-0.004973
-0.011433
-0.083412
0.003487
-0.129167
-0.060482
0.089477
-0.037599
-0.031466
0.006830
0.023467
-0.038414
-0.048337
0.040501
-0.034314
-0.061159
-0.022530
0.052249
0.010981
-0.063958
0.007195
-0.058164
0.007151
0.087401
0.009214
0.096648
-0.020238
0.006072
0.058621
-0.051859
-0.107771
0.027334
0.111688
0.013499
0.036581
0.113542
0.013386
-0.077798
0.085450
0.048098
0.065275
-0.002311
0.029574
0.043571
0.051899
0.056290
0.016422
0.011625
-0.087344
0.058456
0.039628
0.052633
0.017488
-0.074896
0.079671
-0.010561
-0.011057
0.056903
-0.056286
-0.032279
-0.071069
-0.106096
-0.014372
-0.006410
-0.016750
0.029492
0.049372
-0.030962
-0.034207
-0.013599
0.007458
-0.055159
-0.017748
-0.016741
-0.020307
0.004756
-0.024367
0.024457
-0.087065
-0.052468
0.058435
-0.032964
0.009127
-0.015815
0.052031
-0.057899
-0.006387
0.062999
0.032927
0.102304
-0.099956
0.111546
0.064729
0.060821
0.004795
0.017450
-0.052688
0.007464
-0.040227
0.006977
-0.000856
0.124917
-0.084867
0.060486
-0.002794
-0.008360
-0.010634
-0.084362
-0.113820
-0.034688
-0.031412
0.077515
0.000878
-0.101654
-0.111111
0.097922
0.042451
0.029558
0.015593
0.058631
0.065413
0.029155
-0.090284
0.003356
0.053880
0.047906
0.004693
0.196041
0.092074
-0.002859
-0.013222
0.016352
0.026501
-0.064222
-0.024973
-0.053164
-0.099017
-0.046644
0.036720
-0.039901
0.086459
-0.060511
-0.117400
0.044754
0.108732
0.049852
-0.006790
0.016430
0.040634
-0.026366
0.113466
-0.103986
-0.027376
0.074210
0.065733
0.070035
0.051100
0.009506
-0.035374
-0.049796
-0.060371
-0.001363
-0.042692
0.072090
0.004768
0.110125
-0.041291
0.057352
0.008944
-0.119214
0.114530
-0.064157
-0.094632
-0.114734
-0.078277
0.074978
0.095681
0.054367
0.047655
-0.030913
0.053648
0.099188
0.012011
0.050009
0.076962
-0.048899
-0.013720
-0.083354
0.035067
0.094764
-0.024519
0.044269
-0.092797
0.056474
0.079353
0.023044
-0.022214
-0.021590
-0.142150
0.077009
-0.033246
0.019244
0.057041
-0.054725
0.118398
-0.099721
0.039552
-0.111876
-0.024787
-0.024147
0.051816
0.089006
0.159106
-0.071031
-0.042892
-0.121264
-0.031460
-0.057071
-0.035863
-0.050302
-0.045989
-0.004845
-0.020226
-0.013887
0.025110
0.065202
-0.040600
-0.037869
0.036634
-0.133257
-0.027778
0.047651
0.107719
-0.034353
0.085782
0.077632
-0.041844
-0.022424
-0.050210
0.014829
0.042063
-0.003760
-0.013532
0.050090
0.064090
-0.025083
0.026710
0.013888
-0.040530
0.037367
-0.019699
-0.056528
-0.020140
-0.037383
0.075720
0.017567
0.010968
0.048766
0.024308
0.052093
-0.033054
0.042284
0.057222
0.050344
-0.023434
0.103312
-0.055373
0.084001
-0.017971
0.074720
-0.051530
0.012665
-0.001219
0.047882
-0.087362
-0.060314
0.046378
0.093010
-0.053712
-0.087177
-0.084835
0.028583
0.032482
0.064463
0.014733
-0.048145
0.041755
0.053131
-0.046060
-0.111912
-0.044316
-0.075321
-0.032511
-0.081598
0.064331
-0.027104
0.134700
0.023398
-0.095855
0.077777
0.048830
-0.000096
-0.103595
-0.049560
-0.039651
-0.060384
-0.007657
-0.022558
-0.006223
-0.020462
0.011001
0.007629
-0.017594
-0.016804
-0.006031
-0.043591
-0.035019
-0.115499
0.012643
-0.020877
-0.013878
0.038660
-0.050761
-0.078635
0.003379
-0.129584
-0.062743
0.047872
-0.042758
-0.020090
-0.083787
-0.037422
0.043366
-0.012583
-0.005154
0.018953
0.013260
-0.003155
-0.029893
0.113818
-0.031671
0.001692
0.091020
0.015484
-0.003669
0.011059
-0.019398
0.007958
0.045937
0.073604
0.006820
-0.061626
0.036137
-0.024064
0.067415
-0.082876
0.035432
-0.088906
-0.083715
0.009624
0.029897
-0.035721
0.004489
-0.029204
0.112250
0.072289
0.056183
0.016763
0.071506
-0.070552
0.025024
0.079146
-0.065640
0.049413
-0.016512
-0.002067
-0.057565
-0.038883
-0.001210
0.030743
-0.008302
-0.042011
0.154768
-0.017523
-0.015370
-0.020363
0.121025
0.062817
-0.053279
-0.097172
0.013137
-0.062718
-0.002138
-0.011311
-0.020261
0.054985
0.060326
0.018584
-0.025536
0.029786
-0.002641
-0.111547
0.004508
0.028529
-0.087900
0.034940
-0.120569
-0.019995
-0.006331
0.005437
0.095883
-0.023937
-0.040217
-0.021022
-0.019878
0.090996
-0.100246
0.010456
-0.072572
0.063807
0.068957
0.028984
-0.167815
0.025242
0.106876
-0.006869
-0.054780
-0.033850
0.010801
0.013496
0.051478
0.063130
0.002222
-0.026762
0.045294
-0.015329
-0.008143
-0.015102
0.012996
0.053904
0.019136
0.142811
0.008197
-0.078735
-0.023762
-0.010062
0.001414
0.030418
0.049059
0.025237
-0.058529
0.045790
-0.043486
0.112551
0.067898
-0.007744
0.027619
0.056654
0.003994
0.038671
-0.017580
-0.026800
-0.016241
0.003528
-0.023415
0.032731
-0.052117
0.071813
-0.034858
-0.028286
0.011548
-0.108766
-0.001786
-0.077512
0.019686
0.055730
-0.020948
-0.016143
0.036126
0.027788
0.054987
-0.149630
-0.046729
0.031531
-0.024392
0.039004
0.065390
-0.059639
0.048107
0.055063
0.035437
-0.016014
-0.006920
-0.013688
-0.040500
-0.118764
-0.036059
0.019019
0.009683
-0.048102
-0.001979
-0.050676
0.021064
-0.070316
0.017165
0.078105
-0.079884
-0.047277
-0.030166
0.081599
0.020910
0.039607
-0.045662
0.030812
-0.017456
0.010784
0.058116
0.048167
-0.025053
-0.125196
-0.052337
-0.026467
-0.044524
-0.058723
0.038842
-0.034297
0.002036
-0.064264
0.004924
-0.023248
-0.080280
-0.026016
-0.026361
0.083098
-0.005391
0.028525
0.061332
-0.074158
-0.025223
0.043600
-0.051729
-0.029085
0.027635
-0.032607
0.026889
-0.061342
0.013431
-0.090625
-0.032121
-0.041565
-0.015344
0.092774
0.000309
-0.057046
0.020980
-0.034249
-0.031914
-0.082159
0.003863
-0.016425
0.021897
-0.016269
0.007077
0.044222
-0.094072
0.108219
-0.057226
0.025089
0.060059
-0.067149
-0.068518
0.080579
0.000970
-0.007239
-0.056929
0.024826
-0.154672
-0.029131
0.044583
0.104706
0.070014
-0.006682
0.008630
0.075026
-0.007625
-0.006064
0.022550
-0.051212
-0.028313
-0.028941
-0.056560
-0.050942
0.112473
0.072584
-0.016633
-0.004117
-0.041865
0.094086
0.070565
-0.045934
-0.049860
-0.036932
-0.041729
0.014218
0.015350
0.050413
0.012162
-0.057777
-0.097726
-0.161807
-0.023682
0.035247
0.024578
0.010139
-0.062202
0.091064
0.022834
0.037450
0.008057
0.046451
0.034808
0.031471
-0.011768
0.018027
-0.029803
0.000787
-0.133909
-0.072635
0.007142
-0.017189
0.052965
0.003439
-0.039295
0.012919
-0.097911
0.042932
-0.011441
-0.074377
0.019323
0.037401
0.050469
0.135339
-0.053117
-0.029108
-0.077846
0.077212
-0.056604
0.020812
0.009875
0.040125
-0.028984
0.035358
-0.044382
0.000404
0.033096
-0.019475
-0.019215
-0.061722
0.049470
-0.001570
0.021311
0.044610
-0.078211
-0.037592
-0.036761
-0.037938
0.013508
-0.028098
0.003926
0.030408
-0.072681
-0.063355
0.021134
-0.027550
-0.065483
0.070570
0.038931
-0.039867
-0.045075
-0.020489
-0.061021
-0.026275
-0.061444
0.057916
0.050263
-0.089717
0.034478
-0.052205
0.047714
0.054553
-0.068540
-0.146605
-0.017611
0.071202
0.020036
0.032912
0.049777
-0.047770
0.053192
-0.001915
-0.024434
0.052049
-0.035487
0.110368
0.063826
0.041878
-0.037141
-0.084486
-0.006476
0.025079
0.013530
0.025010
0.024962
0.097280
-0.000982
0.050762
0.037119
0.010021
0.083798
-0.096348
0.098318
-0.012258
0.026953
-0.116326
0.011939
0.061920
-0.025607
-0.003783
0.050204
-0.060213
-0.071036
0.061831
-0.054493
-0.046093
-0.071701
-0.043430
-0.032776
0.026354
0.051253
-0.053731
0.081055
0.059738
0.024181
0.011946
-0.183685
-0.134914
-0.042989
0.161791
0.044309
-0.020855
-0.045671
0.005145
0.018582
0.123881
0.019238
-0.093722
0.036137
0.027685
-0.102509
0.068104
0.041086
-0.031743
-0.011698
0.042787
-0.022630
-0.038354
0.028225
-0.076425
-0.001948
-0.043103
-0.010233
-0.066523
0.040452
0.048096
-0.043241
-0.059875
-0.061716
0.062222
-0.078003
0.028814
0.014884
-0.144578
0.037766
-0.056359
0.033156
-0.037032
0.129073
-0.000392
-0.044917
0.085703
-0.155080
-0.047162
-0.049673
-0.031552
0.044974
0.061480
-0.005343
-0.053372
-0.001824
-0.002623
-0.027278
0.016817
0.007026
0.101897
0.021957
-0.005119
0.045980
0.103936
0.026375
0.008203
0.042608
0.137859
-0.017252
0.055820
0.086476
0.057607
-0.034296
0.112645
-0.001337
0.048661
0.059305
0.038453
0.076939
-0.010439
-0.063291
0.102808
0.019228
-0.077927
-0.004885
-0.028571
0.042608
-0.039152
-0.049606
-0.042788
0.033066
0.029281
0.086066
0.099758
0.020382
-0.025239
0.128282
0.124549
0.046203
0.082141
-0.012355
-0.061477
-0.002936
0.012714
0.016664
-0.112541
-0.051439
0.105742
0.024253
-0.069766
0.012178
0.134942
-0.019528
0.021404
0.019307
-0.001414
-0.018352
-0.007720
0.022813
0.073039
-0.064864
-0.007051
-0.030216
-0.060010
0.019128
-0.124660
0.015246
-0.043471
0.004399
0.031477
-0.007227
-0.062295
0.048024
-0.006634
0.213584
-0.021006
0.058873
-0.077294
-0.065014
-0.026616
-0.035318
-0.073013
-0.028123
-0.036249
-0.063952
0.020758
0.061065
-0.047794
-0.081766
-0.014649
-0.016996
-0.007682
0.046801
0.020629
-0.068385
0.028990
0.021269
-0.001267
0.018214
0.000057
0.133238
0.000372
-0.114945
-0.028149
0.073557
0.117151
0.046655
0.027673
0.026404
0.110821
0.052746
0.050805
-0.114560
-0.145755
0.027697
-0.097909
0.048399
0.034437
-0.020005
0.026448
0.084576
-0.008378
0.016347
-0.000050
-0.048360
-0.096132
0.041439
-0.070881
0.045527
-0.023514
0.027535
0.009174
0.005762
-0.024346
-0.024225
-0.022979
-0.028344
0.002274
-0.009904
-0.016982
-0.010198
0.067544
-0.052122
0.047569
-0.023376
-0.066598
-0.129234
0.034812
0.074982
-0.056822
0.046668
-0.016965
-0.040038
0.060926
-0.007244
0.037320
-0.111800
-0.051938
-0.080434
-0.084135
0.025840
0.075158
-0.074866
-0.105400
-0.056805
0.006302
0.070890
-0.072099
-0.065784
-0.023362
-0.136807
-0.041308
-0.075028
0.026838
0.024803
-0.041871
-0.039924
-0.013094
-0.015307
0.006755
-0.018917
0.004190
-0.151292
-0.108834
-0.141533
0.107727
0.090212
0.029802
0.065020
0.047209
0.014814
0.031749
0.015114
0.078200
-0.126395
-0.030510
0.067728
-0.107785
0.042881
0.112792
-0.017970
-0.053617
0.009711
-0.069811
-0.032354
-0.021566
0.042707
-0.046765
-0.125858
-0.004418
0.085436
0.113765
-0.099123
0.080117
0.080623
0.055713
-0.038973
-0.027116
0.073761
-0.098572
-0.040373
0.048716
0.023710
0.075823
-0.028323
0.084484
0.063652
-0.004019
0.090356
-0.074112
0.016413
-0.053711
-0.061203
0.041357
-0.029731
0.065138
0.023585
-0.008803
-0.074941
-0.038524
0.009432
0.054430
0.023070
0.007978
-0.020998
0.028972
0.020826
0.036584
-0.032289
-0.045019
0.122738
-0.083557
0.055449
-0.028320
-0.041870
0.029141
-0.026181
0.032694
-0.099532
0.001598
-0.022357
-0.009234
0.099554
0.072292
-0.037825
-0.132198
-0.092001
-0.101886
-0.052320
-0.086286
0.094912
-0.005984
0.106037
-0.022054
-0.095551
0.066026
0.045704
0.029693
-0.052590
0.069820
-0.071844
-0.010206
0.048407
0.026238
-0.003984
-0.044586
0.089045
-0.058962
0.031731
-0.001050
-0.070915
-0.021931
0.070716
0.015005
-0.030361
0.039760
0.087110
0.010419
0.058424
-0.026824
0.037520
-0.041315
-0.048407
0.076354
-0.082545
0.010455
0.022582
-0.125767
0.019369
0.035589
-0.020008
-0.005151
-0.014315
0.030269
0.005631
0.115175
0.038213
0.004980
-0.123001
0.007322
-0.054175
-0.094089
0.036796
-0.147961
-0.049179
0.006514
-0.032503
-0.032124
-0.068767
0.022407
0.005206
-0.098373
0.012218
0.114228
-0.044115
0.026526
0.076342
-0.059848
0.042761
0.003876
0.033870
0.044105
-0.036171
-0.031442
0.009389
0.053894
-0.017509
0.011649
0.045222
-0.058932
0.029282
0.074910
0.017855
0.011445
-0.062399
0.103541
0.127806
-0.018572
-0.047917
-0.075265
0.017164
-0.044052
0.029049
0.094306
-0.040544
0.008877
-0.114123
0.081800
-0.072779
0.038850
-0.023141
-0.027042
0.002302
-0.048272
0.028430
0.000679
-0.034428
0.017313
0.050129
0.062468
0.049230
0.086130
-0.013308
0.038236
0.023505
-0.101023
-0.026044
-0.057545
-0.082865
-0.094290
-0.039149
0.013205
-0.012811
0.085820
-0.042316
-0.038626
0.024348
-0.087750
0.066823
-0.027551
0.043095
0.001968
-0.059832
0.061553
-0.061512
-0.001283
0.177608
0.027160
0.061464
-0.046030
0.014126
-0.011193
0.045539
-0.004494
-0.004752
0.029626
0.009750
0.031569
-0.039048
0.004439
0.022692
0.027715
0.054672
-0.028456
-0.042828
-0.046286
0.056672
-0.080764
0.036949
0.081542
0.037030
0.080256
0.066525
0.092803
-0.060205
0.009297
-0.050083
0.039860
0.043532
-0.171506
0.030590
0.031230
0.001848
-0.008784
0.080938
-0.058744
-0.013168
0.020985
-0.000995
0.008661
0.073762
0.054289
0.015297
-0.002355
-0.001255
0.004653
0.045591
0.066980
0.024499
-0.026722
0.021494
-0.026459
0.032993
0.002505
-0.002969
-0.098284
-0.106977
-0.082641
-0.038966
0.023281
-0.002968
-0.023456
-0.033130
-0.021793
-0.046929
0.148850
-0.061998
0.036069
-0.026856
-0.022581
0.109851
0.013129
0.052199
0.043575
-0.019382
-0.076373
0.044887
0.000312
0.054683
0.083383
-0.017540
-0.030802
0.012877
0.015820
0.001340
0.145300
-0.068972
0.076365
0.016280
-0.023383
-0.060346
-0.050551
0.048524
0.058575
-0.113260
-0.026687
-0.005527
-0.102270
-0.041614
0.070485
-0.083163
0.092080
-0.043165
0.000782
-0.007337
0.047213
-0.000483
0.032514
-0.012331
0.039080
0.044725
-0.017705
-0.054515
-0.096982
-0.009649
-0.065398
0.022941
0.118132
-0.074211
-0.083516
-0.028032
-0.055523
-0.052332
0.084354
-0.030477
0.043549
-0.064454
0.044685
0.068782
-0.017653
0.020800
0.073419
0.033541
0.068690
-0.040323
0.088924
-0.082090
0.037047
0.111195
0.087062
-0.051917
0.112156
0.006581
-0.043847
0.009454
-0.025992
0.031333
-0.001041
-0.017165
-0.012826
0.043646
0.024037
0.021274
0.023678
-0.031078
-0.003223
0.067588
-0.028824
0.002476
0.122925
0.033066
-0.072623
-0.063739
0.015406
0.003308
0.069105
0.075614
0.041464
0.005282
0.100155
0.004520
-0.091508
0.031884
0.031227
-0.041605
0.057669
0.034937
-0.025511
0.025821
-0.066232
-0.026865
-0.043985
0.076500
0.022858
-0.019551
-0.057155
0.150499
-0.033123
-0.131983
-0.019566
-0.038234
-0.036100
-0.038685
-0.080230
-0.102292
-0.021743
-0.094361
-0.060476
0.035813
-0.043170
0.013523
-0.042150
0.094828
0.007869
-0.020221
0.030737
0.122032
-0.063368
0.098366
0.118417
0.122178
-0.023442
0.047747
0.035845
-0.032369
-0.052156
0.022326
0.024125
-0.033003
-0.011557
-0.001237
-0.018315
0.038053
0.004634
-0.072878
-0.018700
-0.008085
-0.029915
-0.051053
0.016500
0.007241
-0.025286
-0.009672
0.010386
-0.063242
-0.073310
0.022463
-0.058788
-0.034809
-0.097582
-0.007590
-0.009758
0.023733
-0.056895
-0.098568
-0.043975
-0.099873
-0.029887
0.078405
0.006818
-0.013850
0.066933
-0.013744
0.110839
-0.114662
-0.034043
0.022707
0.076507
-0.062197
0.112710
0.101225
0.099244
0.020795
0.019293
-0.004154
-0.042982
0.099582
0.047198
-0.036771
0.056879
0.034107
-0.094804
0.019055
-0.034464
0.007445
-0.036545
-0.005543
0.059405
-0.083440
-0.045686
-0.090895
0.024558
0.006023
-0.068844
0.073338
-0.061570
-0.050598
0.003172
-0.011703
0.044635
0.034355
-0.032822
0.002363
0.050430
0.072417
-0.035151
-0.036222
0.006055
-0.018630
0.041806
0.013585
-0.073320
0.026878
0.009306
0.022939
0.044159
0.049286
0.003061
0.059329
-0.033821
0.032699
0.007061
0.010552
0.019575
0.061499
0.014290
-0.081562
0.020400
-0.048139
-0.039647
0.074872
0.003451
-0.075626
-0.000790
0.064111
-0.058897
-0.052547
0.072879
-0.017129
0.016912
0.032673
0.095786
0.016866
0.015124
0.021300
-0.016094
0.105912
-0.055560
0.016245
-0.043418
0.000854
-0.122234
0.038681
-0.084309
0.011965
0.029064
0.008872
0.090568
0.049106
-0.002936
-0.029388
0.032813
-0.033744
0.002452
-0.013114
-0.015755
0.028617
0.098219
0.001718
-0.018587
-0.013849
0.026603
0.068804
0.221832
0.068918
0.093571
-0.070408
0.026611
0.048072
-0.060962
0.075911
-0.067523
-0.052525
0.084889
0.024792
-0.028266
0.070281
0.082212
-0.048718
0.062611
-0.189334
-0.045371
0.032220
-0.014822
-0.058620
-0.085646
0.044122
0.018614
-0.096349
0.038828
-0.044696
-0.020685
0.000891
0.062265
-0.029958
0.074010
0.055892
-0.120892
0.069050
-0.037993
0.019916
-0.087878
0.023788
-0.003644
-0.023859
-0.019823
-0.051965
0.001827
0.047434
0.054129
-0.034794
-0.064012
-0.048540
0.035665
-0.045208
0.021657
-0.077304
0.055951
-0.001657
-0.013455
0.034160
-0.005845
-0.014816
-0.002453
0.042072
-0.056919
-0.098422
-0.054076
-0.034997
-0.077051
0.079908
-0.007246
0.031027
0.035269
-0.040273
-0.083938
0.039356
-0.004692
0.023040
-0.047329
-0.081763
-0.078118
0.033557
0.094413
0.069779
0.007049
0.126947
-0.101160
-0.016503
0.087435
-0.040924
0.084915
0.060813
-0.031965
-0.002493
0.037782
0.028291
-0.016981
-0.012430
0.006667
-0.024160
-0.079103
0.007405
-0.045426
0.075161
0.008858
0.037268
0.029895
0.022778
-0.045133
0.006374
-0.107455
0.028005
0.089718
-0.038282
0.057584
-0.136394
-0.027091
-0.051795
0.054394
-0.028136
-0.032728
0.025357
-0.029897
-0.125175
-0.067280
0.115580
0.063730
-0.028124
-0.061056
-0.035845
-0.101114
0.016930
0.001878
0.049031
-0.059182
0.116103
0.008610
0.045630
-0.035675
0.061968
0.014892
0.059383
0.039495
0.066046
-0.077458
0.058186
0.057045
0.091819
-0.000851
0.064466
-0.044953
0.023668
-0.050421
-0.032532
0.031791
-0.108309
0.036342
0.024359
-0.108334
0.012682
-0.041349
0.008257
0.036716
0.166738
-0.001651
-0.008664
0.001074
-0.004301
0.016994
0.018398
0.046776
0.092527
0.022867
-0.009186
-0.026890
0.003722
0.004097
-0.089382
-0.025575
-0.027747
0.011459
-0.031318
0.035782
-0.032694
-0.017150
-0.004240
0.055615
0.017559
0.073449
-0.034777
-0.036278
0.010521
0.035802
0.015004
-0.011737
-0.034222
0.034299
0.040213
0.020382
0.099071
-0.011229
0.044950
0.016674
0.041488
0.066067
0.076505
-0.047496
-0.029614
-0.004743
0.109046
-0.030583
0.086836
-0.112457
-0.035784
-0.001179
0.005941
0.017702
0.019264
-0.003520
0.055750
0.080599
-0.004053
0.090942
-0.026222
0.014469
0.065252
-0.071280
0.046662
0.008448
0.025332
-0.036354
0.102584
0.005240
-0.065867
0.046970
-0.024058
0.064023
-0.097436
0.002862
0.060957
0.024230
0.011550
-0.064579
-0.048200
0.110952
0.095060
-0.039711
0.118205
-0.002757
-0.011821
0.053087
-0.098185
0.085615
-0.019554
-0.004244
-0.001816
-0.103805
-0.021636
-0.018034
-0.045111
-0.002858
0.053953
0.082884
0.076456
0.070033
0.062386
0.010835
-0.008853
-0.033562
-0.036901
-0.028304
-0.022338
-0.056635
-0.109699
0.014296
0.077936
-0.105793
-0.113351
-0.024059
-0.074343
-0.075028
-0.082987
0.113025
-0.005700
-0.026597
-0.049397
0.005635
0.022449
0.044274
-0.014847
-0.053523
-0.099756
-0.039778
-0.023406
-0.054601
-0.033911
-0.098890
0.077970
-0.093568
-0.013143
0.036297
0.008189
-0.045516
0.074076
-0.032126
-0.016729
-0.027972
0.040342
0.025094
0.018428
0.057774
0.047669
0.063036
-0.034276
-0.063185
-0.058497
0.029204
0.007331
0.090757
-0.037129
-0.036253
0.043967
0.014066
0.014870
-0.001412
0.009870
0.000800
0.056154
0.021824
0.040448
-0.004685
0.072119
-0.006662
-0.088083
0.072070
-0.007898
0.038758
-0.051347
0.056676
0.109241
-0.078107
-0.040116
0.020997
-0.058914
0.047318
-0.015856
-0.059866
-0.043603
0.007076
-0.048438
-0.031950
-0.047375
0.147175
0.082043
0.021471
-0.109065
-0.025509
-0.057650
0.107015
-0.036456
0.010819
-0.021038
-0.032031
0.033853
-0.017214
-0.037046
0.050107
-0.010397
0.057942
-0.006941
0.045461
0.005092
-0.034732
-0.069879
0.007629
0.062201
0.104267
0.078314
-0.030525
0.000127
0.039147
-0.019471
-0.003372
0.070307
-0.084001
-0.089052
-0.088587
-0.129631
-0.068646
0.077455
0.038267
0.025163
-0.065771
0.096593
0.014641
0.069010
-0.007228
0.029270
0.032780
-0.026202
-0.048261
-0.122823
-0.014783
0.043376
-0.150119
0.130376
-0.043578
-0.027952
-0.015243
0.006239
-0.012499
0.003560
0.009377
0.006231
-0.051853
0.060212
-0.094492
-0.086683
0.025117
0.054478
0.033339
-0.028382
-0.001100
-0.064509
-0.048957
-0.020517
-0.018831
-0.085377
0.016980
-0.030892
-0.024416
0.128025
0.034456
-0.069759
0.048417
-0.035698
0.031058
0.027829
0.026296
-0.069271
0.015871
-0.048686
0.011590
-0.014978
0.032201
-0.077750
0.013559
-0.021914
0.021303
0.091053
-0.023900
-0.016263
-0.020461
0.068516
0.059597
-0.045282
0.089227
0.051601
0.041127
0.093325
-0.092197
-0.024565
-0.027121
-0.035362
0.116115
0.137128
0.097472
-0.023226
0.008773
0.044553
-0.017321
-0.033340
0.045388
0.055191
-0.153163
0.004317
-0.001797
0.011856
-0.022676
-0.028936
-0.094803
0.004772
0.012548
-0.021352
0.057665
-0.025382
-0.004970
-0.098700
-0.017382
-0.033878
-0.014677
0.042597
0.001700
0.053550
0.007604
-0.047858
0.029661
-0.009214
-0.005473
0.032933
0.076309
-0.149446
-0.086631
-0.026881
0.014464
-0.025231
-0.102143
-0.069714
0.084813
-0.015516
0.055250
-0.030274
0.060621
0.107211
0.033051
0.082622
-0.071001
-0.019778
-0.003560
0.077583
0.034462
-0.016795
0.035508
0.050731
0.025252
0.055991
-0.065698
-0.037838
0.029796
0.056957
-0.064271
-0.067345
-0.034796
0.057830
0.053454
0.023264
0.055719
-0.058167
-0.044693
0.025045
0.108304
-0.030007
-0.057473
0.015102
-0.052425
-0.012448
-0.006129
0.033847
0.010336
0.090065
0.041110
-0.156787
-0.011475
0.035386
0.007396
0.000763
-0.030043
-0.012781
-0.095071
0.017524
-0.022776
0.028618
-0.060984
-0.079759
-0.054411
-0.119010
-0.055325
-0.004463
-0.111220
-0.078419
0.050717
-0.042733
0.002614
0.031351
0.030688
-0.046467
-0.040359
0.054802
0.071360
0.004289
-0.005974
0.081583
-0.012706
0.022257
0.114416
0.001307
-0.036837
-0.024011
0.031258
-0.006120
0.024289
-0.048848
0.002503
-0.120506
0.074467
-0.014476
-0.162296
-0.027111
0.009661
-0.083722
-0.055903
0.021460
-0.020347
0.029138
-0.075487
-0.099427
0.022974
-0.058502
-0.041993
0.000294
-0.088575
0.053845
-0.070717
0.022080
-0.023052
-0.046936
-0.005003
0.026677
0.081022
0.124907
-0.048947
-0.075307
-0.069195
0.077519
0.038591
-0.087731
0.039295
-0.030731
0.045559
0.079889
-0.008747
0.040821
-0.049490
-0.053014
-0.026886
-0.019301
0.001367
-0.014105
0.010274
-0.018634
-0.056590
0.008474
0.016716
0.026399
-0.007035
0.073402
0.031762
0.029340
0.029140
-0.024460
-0.006016
-0.115024
0.044140
0.072812
0.012323
-0.007816
-0.017482
0.026712
0.077774
-0.057345
-0.034814
-0.003787
0.022693
-0.053916
-0.027922
-0.010855
0.069594
-0.005279
-0.043622
-0.040137
0.053344
-0.051932
-0.032970
0.092046
-0.015238
0.008118
0.055564
0.006284
-0.082789
0.138895
-0.085479
0.035462
0.089403
0.134517
0.005940
-0.043248
0.059622
0.058709
-0.061063
0.014003
-0.032868
0.042500
-0.045283
0.063582
0.129799
-0.069252
-0.055777
0.011108
0.015551
0.008185
0.023507
0.044041
0.074597
0.056964
0.084842
-0.045826
0.023952
-0.002113
-0.003820
-0.050024
0.010163
-0.016905
0.096839
-0.035939
0.035198
0.003693
-0.009224
-0.062261
-0.001583
0.020544
0.009074
0.000365
0.012183
0.022101
-0.001208
-0.001802
0.060988
0.036231
0.063163
0.046863
-0.117305
-0.033652
0.065287
0.058242
0.037344
-0.026743
-0.034995
0.002926
-0.002057
-0.002025
-0.017655
0.063128
0.012178
-0.005564
-0.039249
0.043631
-0.070020
-0.007976
0.048367
0.097798
0.083252
0.001706
0.063416
-0.057972
0.012785
-0.039469
0.057400
0.118427
0.112384
-0.110083
0.058951
-0.069232
-0.015693
-0.021685
-0.045400
-0.012038
-0.017796
-0.074546
0.034492
-0.036597
-0.008275
0.042735
0.020128
-0.004843
-0.001341
0.043168
-0.118439
0.009400
0.069651
0.037052
0.021491
-0.079054
-0.020106
-0.045811
-0.046861
0.011790
-0.022803
0.052705
-0.114815
-0.057186
0.045580
-0.005584
0.036425
0.071229
-0.076281
0.066437
-0.030024
-0.128748
0.002833
0.015636
0.124790
-0.032256
0.176081
0.106738
-0.139218
0.001658
0.029590
-0.086049
0.018513
0.021049
0.014218
-0.121545
0.045486
0.060985
0.100971
0.080940
0.000562
-0.071211
-0.054732
-0.011118
-0.141452
0.058496
-0.103411
0.049528
-0.009025
0.017034
0.017267
-0.019809
-0.014345
-0.032643
-0.022359
-0.012764
0.038402
0.024137
-0.042204
0.045062
0.051778
0.028031
-0.071307
0.005550
0.013380
-0.129973
-0.031866
0.052385
0.043317
0.015685
-0.020572
-0.036177
0.015966
-0.047863
-0.012712
0.045725
-0.045577
0.053628
0.014660
0.063274
-0.001716
0.007042
0.123609
-0.043697
-0.062386
-0.013327
0.057815
0.012659
-0.062112
-0.013187
0.035596
-0.063555
0.039569
0.030579
-0.057943
-0.005168
-0.049285
-0.024524
0.062893
-0.021112
-0.013599
0.123102
0.039676
0.040201
0.028900
0.045202
0.040813
-0.059173
0.000334
0.012762
-0.064419
-0.012662
0.034148
0.074441
-0.021215
-0.029906
0.140213
-0.015846
0.013568
-0.012160
0.109263
0.011420
-0.054059
-0.013597
0.015544
-0.084370
0.051766
0.020377
-0.029268
-0.013922
0.016935
-0.014362
-0.003686
0.038987
-0.015464
-0.025045
0.023627
0.016051
-0.014296
0.076783
-0.047468
0.075864
0.088750
0.053472
-0.002079
-0.009622
-0.008178
-0.003140
0.012726
0.052620
0.109148
-0.002550
-0.016822
-0.081539
-0.031042
0.003691
-0.059176
-0.009236
0.165634
0.036410
-0.109439
0.084635
-0.018341
0.079565
-0.083768
0.042839
-0.025067
-0.027489
0.015446
-0.007354
0.010474
0.010864
0.111982
-0.076632
-0.033451
0.017156
0.097049
0.003542
0.017345
-0.036758
-0.013415
-0.099279
-0.075069
-0.023293
0.017084
-0.090285
0.071190
0.063146
0.057818
0.061210
-0.004276
-0.081951
-0.042609
-0.015524
0.082404
-0.091163
-0.084374
0.004161
-0.028776
0.016426
-0.044237
0.035275
-0.033108
-0.037600
0.021911
-0.068440
-0.052967
0.100859
0.074392
0.089500
0.036960
0.041818
0.002167
-0.068657
-0.026658
0.078682
-0.085213
-0.040476
-0.051603
-0.026845
0.012600
-0.061257
0.074493
-0.063498
0.008431
0.049322
0.140783
0.016224
0.019796
0.011827
-0.066332
-0.060091
-0.112398
-0.071233
0.015824
0.021570
-0.043790
-0.073179
0.037777
0.021936
0.017188
0.100262
-0.007239
0.062855
0.025734
0.040490
0.025001
0.043082
0.055220
0.069601
0.031462
0.006140
0.012657
0.037692
0.056673
-0.000613
-0.074619
0.023763
0.090562
-0.009244
-0.014634
0.018477
-0.034290
0.050469
0.076400
0.045717
-0.084712
-0.004030
0.050236
-0.006682
0.007247
-0.057037
-0.057117
0.056795
0.030177
-0.033288
0.012466
0.056332
-0.037076
-0.042829
0.071634
-0.073964
-0.076304
0.080421
-0.014151
0.065378
-0.008414
-0.115319
0.074444
-0.048325
-0.053524
0.018645
0.055075
0.111406
-0.088716
0.047944
0.021499
0.012359
-0.018678
-0.124241
-0.036871
0.036799
0.050320
-0.108534
0.015668
-0.075180
-0.008652
0.048563
0.016254
-0.101356
-0.003777
-0.065904
0.008024
-0.160161
-0.097049
0.063619
0.048951
-0.021666
-0.054882
-0.003349
-0.020762
-0.007689
0.044486
0.000321
-0.015289
0.040365
-0.081175
0.084305
0.020525
-0.024666
0.000123
0.043414
-0.070571
0.113336
-0.045493
0.056327
-0.035810
-0.132138
-0.049883
-0.017619
-0.054957
-0.037245
0.072679
-0.033186
0.011336
-0.050773
-0.051156
0.038372
0.058309
-0.014577
-0.089779
-0.057038
0.001094
-0.026001
-0.060622
0.036591
0.010005
0.071816
0.004141
0.027321
0.088106
-0.015823
-0.078457
-0.022486
0.012872
0.040147
-0.047048
-0.014575
-0.027683
-0.006287
0.043097
0.112693
-0.031315
-0.115150
0.073441
-0.037490
0.048217
0.058629
-0.009951
0.073443
-0.020599
-0.058494
-0.092138
0.009547
0.133306
-0.000511
-0.023252
-0.007101
0.056090
-0.022178
0.161677
0.164404
0.030008
0.006490
0.038251
0.042152
0.064834
-0.093438
0.092374
0.059203
-0.001139
-0.101971
0.021490
0.018757
-0.073554
0.044695
0.046910
-0.023645
0.026549
0.146627
0.021163
-0.092263
-0.079995
-0.018018
0.012547
-0.015272
0.060151
-0.007201
0.120427
0.004229
-0.007651
-0.026191
0.076563
-0.052231
-0.099155
-0.006331
0.017423
0.003662
0.004229
0.037273
0.046566
-0.000243
-0.030497
0.028131
-0.038161
-0.040336
-0.070652
-0.070122
-0.049273
0.091410
-0.129202
-0.074267
0.112010
0.086365
0.000619
0.013631
-0.045132
0.026183
0.088558
0.060564
-0.065645
0.030699
0.039247
-0.085947
-0.045789
0.006783
-0.027789
-0.053084
0.061927
0.018363
0.046176
-0.018889
0.022960
0.061780
0.043305
0.065387
-0.003625
-0.003882
-0.079784
-0.048962
0.105107
0.102114
-0.035814
0.085133
-0.041208
-0.022355
0.005174
0.012064
-0.005289
-0.019243
-0.024233
0.011851
0.003209
0.002672
-0.022033
0.093360
0.056037
-0.015233
0.016780
-0.050741
-0.062561
0.097997
-0.027609
0.067031
-0.039177
-0.016250
0.049678
0.017529
-0.057313
-0.127464
-0.037520
0.027119
0.018780
-0.118262
-0.100212
-0.078717
-0.073480
0.012593
0.016956
0.014703
0.034419
-0.033436
-0.032103
0.093501
0.026157
0.037821
-0.008747
-0.043437
0.011471
-0.111193
0.023572
-0.008451
0.031640
0.000115
-0.031474
-0.005326
-0.188749
0.005477
-0.041955
-0.028639
0.036317
0.037603
-0.143213
0.039933
-0.053613
0.051303
-0.038009
0.084232
0.042459
-0.048223
0.041011
-0.007461
0.010210
0.009829
-0.192859
0.025130
-0.063230
0.048153
-0.046964
0.038678
-0.025069
-0.106198
-0.089365
0.047645
0.070220
0.029137
0.051868
-0.001643
0.073120
-0.029989
0.096999
0.036591
-0.034425
-0.031956
0.004003
0.103287
0.080107
-0.036433
0.034260
-0.075177
-0.048845
0.019283
-0.004007
-0.027995
-0.043195
0.010430
-0.039574
0.004578
-0.199959
-0.084655
0.071829
0.030466
-0.098432
-0.011505
0.038537
0.040602
0.006962
-0.017195
-0.029780
0.015952
-0.027363
0.030286
-0.102232
0.101954
-0.054677
0.081516
-0.107216
-0.019398
0.032634
0.001393
-0.091076
0.019711
-0.040888
-0.037054
0.106382
-0.022834
0.055935
0.037015
-0.024625
0.058593
0.020678
0.131465
0.072741
0.024165
-0.020560
0.011358
0.121108
0.008954
0.012244
-0.024905
0.029753
-0.043474
0.065398
-0.006037
-0.019649
-0.003397
-0.103987
0.034009
-0.117777
0.082190
0.134396
0.013256
0.021589
-0.041364
-0.002261
0.004262
0.104079
0.061861
0.008762
0.042984
-0.126283
0.013727
0.023008
-0.093277
0.029470
0.000177
0.135324
0.062641
0.039002
-0.084460
-0.076583
-0.049933
-0.037903
0.047399
0.140829
0.015365
0.009399
0.126502
-0.113083
-0.011870
0.040524
-0.000040
-0.018294
0.007019
-0.017515
-0.013728
0.049115
0.009694
-0.047621
0.043435
-0.034006
-0.028365
0.061013
0.056048
-0.018504
-0.032832
0.035311
0.017809
0.065980
-0.068243
-0.088636
0.049557
0.067954
-0.137670
0.044808
-0.080730
-0.118422
0.033833
-0.035984
-0.024833
-0.113111
-0.106433
-0.024386
-0.025495
-0.036905
-0.023713
-0.014715
0.001823
0.064358
0.068596
-0.025356
0.006177
-0.014934
-0.045115
-0.047734
-0.062316
0.086984
0.053903
-0.094437
-0.022404
-0.068663
-0.080850
-0.081578
0.084460
0.031500
0.029712
0.025149
0.120031
-0.031559
0.022874
0.037473
-0.023699
-0.034547
-0.041355
0.039995
-0.038861
-0.122380
-0.035184
-0.018575
-0.038333
-0.042946
0.065872
-0.071915
-0.003227
-0.000310
-0.002382
0.101823
0.075616
-0.070881
0.082498
0.110153
-0.139471
-0.026341
0.009262
-0.062266
0.071140
-0.010787
0.060365
0.072769
0.090269
-0.036052
0.052143
0.098473
0.108461
-0.020530
0.019572
-0.005209
-0.069749
-0.127077
0.080422
0.007162
0.018075
0.069899
-0.043955
-0.003009
0.039772
-0.010639
-0.036992
0.018486
-0.061087
0.047828
-0.017692
0.028427
-0.028460
0.035714
0.024686
0.012173
0.025361
-0.093901
-0.046959
-0.085174
-0.052177
0.072937
0.088928
-0.037089
0.034833
-0.019737
-0.032947
0.021822
-0.031287
0.025942
0.045281
-0.041335
0.026556
0.060560
-0.050344
-0.020963
0.079088
-0.012687
0.012365
0.032663
0.073786
0.086273
0.065858
0.072779
-0.009357
0.015092
-0.067246
0.016317
0.047765
-0.066611
-0.006197
0.026011
0.076524
0.101042
0.060632
-0.062861
0.064592
-0.030598
0.009029
-0.059636
-0.024587
-0.007204
-0.025729
-0.057322
0.003766
-0.030449
-0.036224
0.047982
-0.038484
-0.069569
0.071934
-0.020581
0.102217
-0.000395
0.036971
0.033011
-0.066645
-0.131298
0.085955
-0.008655
-0.015268
-0.018797
-0.097713
0.028146
-0.079797
-0.069472
-0.026050
-0.044031
-0.011247
-0.056977
-0.068378
-0.001518
0.027079
0.085294
0.022047
-0.009300
-0.053398
-0.015795
-0.022517
-0.011996
-0.054444
0.030277
-0.041738
-0.133633
0.014225
0.078497
-0.066245
0.029283
0.031340
-0.083409
-0.036718
0.023287
-0.021696
0.028121
-0.065732
-0.069233
0.015954
-0.009904
0.036700
0.029301
0.068355
0.028029
-0.007868
-0.048312
0.053068
0.107270
-0.043504
-0.017127
-0.033288
-0.051333
0.062372
-0.049767
-0.020827
0.031284
0.050966
0.052327
-0.119863
-0.136196
0.056465
0.043273
-0.023881
0.034957
0.034685
-0.108616
-0.029895
0.027101
-0.092950
0.025619
-0.077350
-0.000389
-0.010588
0.037895
-0.055374
0.038242
-0.081799
-0.044324
-0.007469
0.002447
0.018820
0.042363
-0.021840
-0.010766
-0.088219
-0.008471
-0.084824
0.001574
-0.018621
0.079698
0.062443
-0.030239
-0.036550
-0.044175
-0.016151
0.043154
0.017415
-0.073965
0.012428
0.064057
-0.030512
0.033369
-0.018257
0.015260
-0.018151
0.016969
-0.091784
0.082272
-0.042412
0.009524
-0.060475
0.037912
-0.001837
0.066633
0.108453
0.063675
-0.009083
-0.025417
-0.035867
-0.103528
0.067767
-0.046224
0.026942
-0.028723
-0.061837
-0.037961
0.056832
-0.127035
-0.011301
-0.044288
0.007964
0.035226
0.083178
-0.101182
-0.066184
0.042533
-0.024174
0.085416
0.078456
-0.031274
0.094392
-0.080088
-0.062789
-0.076117
0.022458
0.174649
0.027006
-0.004477
0.113208
-0.016577
0.046000
-0.047083
-0.013719
-0.011607
0.026760
-0.029580
-0.062891
-0.075971
0.013950
-0.001413
0.003361
0.088772
-0.031076
0.026914
-0.057365
-0.102636
-0.013940
-0.018995
-0.019302
0.013655
-0.075277
-0.011206
-0.024927
0.017390
-0.039923
0.003634
0.047397
0.011549
-0.113247
-0.025367
0.060089
0.003216
0.057730
-0.030286
-0.082966
0.053220
0.029957
0.084275
-0.131782
0.054573
0.061255
-0.021331
-0.024225
0.020117
-0.052435
-0.131174
-0.004872
0.043035
-0.021713
-0.051054
0.045800
0.052344
-0.045803
-0.022684
-0.039657
0.115415
-0.056753
-0.012207
-0.082087
0.120762
0.053541
0.025842
0.035676
-0.051441
0.028951
0.057257
-0.005939
0.016429
-0.064166
-0.002862
0.119562
0.062498
0.046523
-0.013407
-0.088474
0.039069
0.007550
0.011558
0.138810
-0.046596
-0.031883
0.002073
-0.024298
-0.041623
0.055984
-0.031534
0.020610
0.074698
-0.096096
0.049972
-0.075517
-0.013193
0.054969
0.020906
-0.004121
0.049650
-0.080944
-0.078488
0.035147
0.049567
-0.023733
0.064279
-0.001465
0.120009
0.011867
-0.041700
-0.044672
0.010513
-0.034928
-0.042038
0.016743
-0.014808
0.059152
-0.037517
-0.031962
-0.086119
0.051737
-0.097798
0.027876
-0.041446
0.008210
0.074789
0.045137
0.100088
0.036794
-0.004992
-0.019126
-0.014759
-0.016517
0.020831
0.054301
-0.021273
-0.009324
0.060353
0.040160
-0.140177
0.005141
-0.076398
-0.027412
-0.097064
-0.001797
-0.073259
-0.000246
0.059002
0.022368
0.130255
-0.021046
0.032025
-0.009746
0.027196
-0.055481
0.165026
0.082934
-0.058087
-0.022036
-0.060961
0.091035
0.024076
-0.101194
-0.042381
-0.020765
0.004230
-0.045001
-0.000834
0.030876
0.051253
-0.012765
0.005767
-0.041829
0.035281
0.072853
-0.052174
0.097635
-0.036978
0.021133
-0.087882
-0.031956
0.005241
-0.037796
-0.013006
-0.105197
0.087333
-0.015541
-0.073660
-0.033137
-0.101491
0.029252
-0.076944
0.054018
-0.096040
0.043517
0.018995
-0.091833
0.048591
0.128078
0.010208
0.051667
0.010637
0.071620
0.074394
-0.028676
-0.030300
-0.013636
0.026037
-0.019174
0.202760
-0.090091
0.044648
0.033685
-0.019298
-0.001479
-0.060478
0.027704
-0.085818
-0.003981
0.052931
-0.013589
0.064090
-0.079803
-0.045420
-0.005134
0.021963
0.021050
0.003986
-0.069848
-0.045915
-0.025732
0.077593
-0.052108
0.075624
0.070443
-0.093379
-0.052174
0.024720
0.038765
-0.080746
0.003294
-0.003696
0.025643
0.021005
0.074648
0.113655
-0.004084
0.039807
0.026774
-0.012783
-0.002620
0.004121
0.017665
0.026196
0.071013
0.042828
0.091387
-0.018480
-0.015488
0.000743
0.002548
0.057001
-0.033829
0.030386
0.030868
0.025256
-0.073068
0.011945
-0.136912
0.028616
-0.050960
-0.020141
-0.017646
0.047335
0.014334
0.136292
0.049828
-0.086691
0.003676
0.029683
0.061101
0.074536
-0.016222
0.062737
-0.026713
-0.038556
-0.015940
0.084736
-0.090132
0.160259
0.032429
-0.033543
0.043502
-0.093057
0.033901
-0.016298
0.004721
0.041609
0.002438
-0.004040
0.049096
-0.081062
-0.062144
0.074137
-0.033501
-0.033485
-0.011359
-0.024821
0.054357
-0.023776
0.058432
-0.062772
0.066838
0.098274
-0.013787
-0.037633
-0.092617
0.007498
-0.006567
0.029210
-0.034845
-0.018753
0.052234
-0.006551
0.021366
0.000313
-0.008296
-0.018863
0.028122
-0.007251
-0.010556
0.126397
-0.073339
0.000413
0.024628
-0.053967
-0.052237
-0.059557
-0.018016
0.055418
0.076609
-0.060388
-0.009398
0.015342
0.073534
0.067211
-0.033619
-0.027245
-0.003951
0.008361
-0.014814
-0.065749
-0.046101
0.034786
-0.090412
0.052736
-0.077402
-0.039826
-0.081754
0.040280
-0.025646
-0.109715
0.110885
0.002378
-0.034464
0.054452
-0.078828
-0.049736
0.064997
-0.008383
0.009805
0.015590
0.012870
0.084271
-0.051663
-0.017581
0.025911
-0.000957
0.023481
0.136645
0.024283
0.033762
0.047558
-0.007410
-0.044461
-0.025239
0.015479
-0.007589
-0.087534
-0.003000
-0.066168
0.020290
0.002198
0.072296
0.058862
-0.058431
0.077076
0.000446
0.043083
-0.063658
0.033850
-0.035534
-0.044339
0.030446
0.049594
0.020526
0.071539
0.124666
-0.071244
0.019154
0.095589
0.001571
0.002804
0.060471
-0.085001
-0.021971
0.032314
0.023691
-0.026618
-0.018254
0.042194
-0.004430
-0.009781
0.074644
-0.006193
-0.085546
0.060985
0.075901
0.082796
-0.053451
0.020649
0.019846
0.021348
-0.087901
0.035954
-0.047862
0.029284
-0.034613
0.051237
0.072657
0.000210
-0.098092
0.043360
0.018601
-0.003820
-0.102648
-0.057417
0.018658
0.078746
0.075815
0.023933
0.000519
0.107141
-0.009837
0.080017
-0.019395
-0.046456
0.052669
0.003839
0.039892
-0.052232
0.076973
-0.130560
-0.006212
0.023146
-0.041953
0.011458
0.009376
-0.039707
-0.001699
0.098948
-0.018624
-0.066115
-0.018396
0.020567
0.058996
0.052532
-0.096987
-0.074081
-0.015823
0.034870
0.009231
0.081467
-0.002561
-0.055423
-0.042503
0.065499
-0.027847
-0.017977
0.079237
-0.033711
0.039809
-0.041641
-0.061763
0.026398
-0.006317
-0.053741
0.059136
-0.051247
-0.069138
-0.055677
-0.007204
0.031302
0.015041
-0.079996
-0.020195
0.104027
0.004668
0.091806
-0.066064
-0.013031
-0.053740
-0.011351
-0.055356
0.018571
0.037228
0.035272
0.040965
-0.022389
0.008042
0.124868
-0.010373
-0.078985
0.048682
-0.006397
-0.025095
-0.014659
-0.005690
0.011174
0.034633
-0.046649
0.075982
0.067595
-0.050646
-0.073465
0.018294
-0.046736
0.031264
0.085232
0.049690
-0.055192
0.054430
0.023979
0.049725
0.019896
0.051754
-0.028133
-0.033185
0.008022
0.085696
-0.006015
0.098560
0.001954
-0.088779
-0.049633
-0.011979
-0.002525
-0.033740
-0.092297
0.011948
-0.084968
-0.029581
0.027852
-0.130856
0.083604
0.014962
-0.012203
-0.053541
0.056105
-0.018551
-0.057795
0.020904
0.095301
-0.076127
0.012369
-0.016918
0.037588
-0.000212
0.063069
0.022405
-0.084099
-0.028305
-0.061675
-0.052443
-0.029668
0.015019
-0.032515
-0.046794
0.084594
-0.005656
0.031618
0.027198
-0.057427
0.060014
-0.037194
0.012989
0.013723
-0.099389
-0.040619
-0.050461
-0.085523
0.116683
0.003208
-0.045967
0.124940
-0.012207
-0.014720
0.008755
-0.029677
0.172012
-0.004065
-0.073117
-0.014993
0.008146
0.048383
-0.037265
-0.032456
0.006572
0.039995
-0.073305
0.002161
0.053965
-0.074234
-0.005413
-0.083891
-0.089462
0.012643
-0.003689
-0.015079
-0.001361
0.026019
-0.091854
0.035048
-0.014725
-0.056936
0.013821
-0.033815
-0.061019
0.013326
0.070876
0.081654
-0.045531
-0.005874
0.102093
-0.040117
-0.000505
-0.058496
0.001314
-0.013331
0.086175
0.060545
-0.016975
-0.010681
-0.003690
0.097198
-0.021037
-0.021444
-0.040622
-0.027316
-0.009171
0.021142
-0.060988
-0.059024
-0.041963
0.013415
0.015828
-0.070556
-0.073472
0.163907
0.097124
0.039472
-0.047670
0.058120
0.034380
0.039117
0.047415
-0.034032
-0.011785
-0.040000
-0.031334
-0.129253
-0.081228
-0.000310
0.029425
-0.034286
-0.025720
-0.036972
-0.016324
-0.002368
0.161628
-0.025935
0.057750
0.000705
-0.005103
-0.054774
-0.098151
0.057070
-0.031965
-0.016512
-0.053231
0.059654
-0.109489
-0.087593
0.046524
0.015834
0.039387
-0.007654
0.020502
-0.071220
0.134157
0.027626
-0.015332
0.008769
0.061286
0.029450
0.083406
0.066967
-0.009981
0.114246
-0.117857
0.031596
0.000034
-0.097669
-0.025183
0.026023
0.091672
-0.086039
-0.004188
-0.015215
-0.040467
-0.068830
-0.029171
0.028091
0.010296
0.011580
-0.066121
0.034632
-0.056052
0.001480
0.012705
0.034039
0.083151
0.062318
-0.099481
0.006228
0.023701
-0.073471
-0.090404
0.058559
0.030357
-0.025976
-0.010366
-0.008473
-0.005458
-0.057142
-0.040735
0.171686
-0.058552
-0.079389
0.077424
0.079121
-0.086390
-0.048390
0.042840
-0.098483
-0.038184
-0.015049
0.079702
0.080067
-0.007502
0.183954
0.044156
-0.038682
0.036117
0.006350
-0.025482
-0.040587
0.091505
-0.022449
-0.083003
0.078025
-0.070809
-0.015714
-0.062156
-0.018695
-0.044475
0.036746
-0.065315
-0.008426
-0.046130
0.019658
0.088701
-0.125435
-0.110901
-0.014811
0.053444
0.146214
0.009395
0.036336
0.007578
0.036711
-0.016440
-0.017006
-0.117258
0.016699
0.003975
0.037787
0.044248
0.082243
0.004945
0.054988
-0.060993
-0.034473
-0.049865
-0.024740
-0.033886
0.033948
0.025218
0.015035
0.099942
-0.053887
-0.073670
0.033644
0.021404
-0.044703
0.045214
-0.011392
0.089406
0.050999
0.029654
0.010518
-0.037169
-0.061883
0.071925
0.019990
0.057982
-0.045302
-0.074023
-0.029653
0.036208
0.000159
0.024858
0.094454
-0.094453
-0.016053
0.050782
0.061258
-0.044127
0.078711
0.027997
-0.035545
-0.022959
-0.031763
0.015912
-0.081456
0.028073
0.064604
-0.085694
-0.003196
0.036955
-0.022705
0.037326
-0.007853
-0.098344
0.062908
0.028586
0.078096
0.068162
0.017743
0.004370
0.121845
0.050157
-0.069856
0.023851
-0.022685
0.070773
-0.005143
-0.052257
-0.104860
-0.035060
-0.085708
-0.011622
0.015541
0.036404
-0.007294
0.048546
0.027700
-0.026410
-0.014501
0.026558
-0.058862
0.069412
-0.047968
-0.095754
0.015390
-0.041535
-0.021333
-0.051969
0.026084
-0.005330
-0.027024
-0.014481
0.002688
0.070722
0.022035
-0.063134
0.058039
-0.048234
0.009548
0.075375
-0.058551
0.042343
-0.061105
-0.020314
-0.002927
0.043263
-0.042896
-0.032811
-0.115302
0.000629
-0.058034
0.024506
0.005573
-0.006869
0.054427
0.106219
-0.037739
0.035440
0.045713
0.030374
-0.009605
-0.025648
0.006394
-0.087857
-0.078741
-0.037677
0.001694
-0.047031
0.003378
0.015577
-0.044199
-0.006823
-0.085648
-0.062060
-0.093335
-0.074263
0.029774
-0.004918
-0.071639
0.021548
-0.038241
-0.025874
0.005249
-0.047126
0.002960
0.033992
0.019611
0.036765
0.003023
0.130100
0.062623
0.021519
0.057312
-0.032766
-0.074822
-0.076841
-0.051561
0.028750
-0.051187
-0.038844
-0.021779
-0.084178
0.053583
0.025193
-0.062273
0.000629
-0.074254
-0.034330
0.022253
-0.086633
0.023314
-0.035822
0.056086
-0.050479
0.038152
0.053777
-0.077616
-0.082605
-0.046085
0.074223
-0.004657
-0.024086
-0.023721
-0.042010
-0.102335
0.034955
-0.027756
0.012046
-0.012719
0.007695
0.146063
0.028412
0.015919
-0.024012
-0.087037
0.010322
-0.088413
-0.036491
0.042936
0.063134
0.043601
0.019233
0.042018
0.010172
-0.082793
0.016869
0.110338
0.161188
0.016925
-0.023805
-0.016471
0.003299
0.058895
0.046276
0.015727
-0.049433
-0.014250
0.062831
-0.053753
-0.063587
-0.053212
0.022586
-0.054115
-0.049693
-0.087468
0.069818
0.089369
-0.036829
0.045785
0.055414
0.011948
-0.007087
0.013036
-0.009396
-0.008846
0.010595
-0.031555
0.009169
0.050829
-0.058901
-0.107674
-0.047011
0.021338
0.000718
-0.044823
0.002154
-0.022413
-0.037306
0.000769
0.105924
0.062481
-0.087821
-0.074041
0.022974
0.112659
-0.120406
0.037852
-0.041154
0.033081
0.012952
-0.038260
-0.172623
-0.057595
-0.017726
0.097160
0.058316
0.028770
-0.042178
0.039826
-0.056066
0.002554
-0.016230
0.050674
0.033225
-0.015056
-0.028329
-0.042580
0.037928
-0.044435
-0.088233
0.018114
0.036797
-0.037479
0.145532
-0.023866
0.005731
0.014818
-0.069671
-0.029681
-0.098735
0.025791
0.026125
-0.006312
-0.038058
-0.004319
0.051346
-0.039971
-0.037252
-0.047204
-0.035733
-0.020242
-0.005053
0.113365
-0.032506
0.054202
-0.060259
-0.040683
0.095251
-0.044895
0.110487
-0.044168
-0.018228
-0.075609
-0.044320
-0.023608
0.005388
-0.047504
0.029568
0.027450
-0.024838
-0.081235
0.021918
0.021976
-0.169556
-0.024817
0.040440
0.093795
-0.023696
0.042229
0.104789
-0.009968
-0.022253
-0.034537
0.016338
-0.023744
-0.066237
0.157473
-0.014219
-0.072883
-0.027972
0.056870
0.010373
-0.117617
0.038231
0.020482
0.069372
-0.036898
0.011789
0.019934
-0.022318
-0.049300
-0.019296
0.040713
0.019626
0.070510
0.111192
0.035762
0.013022
0.067624
-0.075212
0.051361
-0.017784
-0.012849
0.031914
0.086433
-0.050168
0.103142
-0.062761
0.047468
-0.056078
0.002004
0.069701
0.047824
-0.012589
0.102729
0.004793
0.124302
-0.121835
-0.030610
0.091512
0.096098
-0.082650
0.091590
0.031879
-0.145065
0.064451
0.064801
0.083222
-0.058408
-0.094065
-0.020357
-0.056552
0.079080
-0.015173
-0.186382
0.057641
0.004774
0.079634
-0.030640
0.012786
0.049853
-0.036834
-0.033224
0.035481
0.009999
-0.079939
0.082302
0.004555
0.042875
0.019400
-0.014321
-0.033259
0.088517
0.086027
0.071308
-0.105002
-0.005466
-0.083341
-0.011807
-0.065932
-0.027122
0.096298
0.041937
0.044577
-0.035363
-0.015173
0.023217
0.030811
0.097487
-0.035589
0.018627
-0.070669
-0.001339
0.026790
-0.001556
0.039925
-0.009076
0.008691
-0.027287
-0.019295
-0.046473
0.010263
-0.038146
0.011595
-0.001753
0.025183
0.024864
-0.060731
-0.042918
-0.031270
0.075777
0.021682
0.047195
-0.137345
0.060011
0.010448
-0.078712
0.110390
-0.009818
0.113756
-0.035434
0.087273
0.002944
-0.001352
0.135814
0.043685
0.022507
0.042617
-0.029218
0.099068
-0.073049
0.057524
-0.013442
0.000992
-0.008299
0.028121
0.002289
-0.073976
-0.061093
0.057581
0.006300
-0.008723
0.019321
0.031380
0.066868
-0.075586
-0.076808
0.036242
0.014452
-0.092663
-0.065444
-0.089837
-0.035324
-0.066421
-0.038842
-0.035336
0.116940
0.016916
-0.028104
-0.027590
-0.025785
-0.024139
-0.039361
-0.099240
-0.026568
-0.028369
-0.052905
0.028598
0.009048
-0.015143
-0.035089
0.055670
-0.043296
0.036625
0.014947
-0.063164
0.070132
0.058077
-0.043704
0.006298
-0.052900
0.062363
-0.078070
0.004049
-0.016923
-0.005422
-0.046199
-0.063289
0.022282
-0.052757
0.001251
0.093374
-0.043038
0.206385
-0.030290
-0.080595
0.053936
-0.018898
-0.062267
-0.037305
0.040430
0.001610
0.059119
0.005744
0.062882
-0.040083
0.082134
0.069671
-0.043859
-0.011418
0.045047
0.037967
-0.119030
-0.021820
0.016405
-0.096897
0.023220
-0.090876
-0.028956
0.054187
-0.014307
0.078935
-0.016771
-0.025738
-0.108231
0.046060
-0.120330
0.070188
0.053272
-0.115391
-0.129103
0.010316
-0.009707
0.024560
0.032402
-0.098082
0.047166
0.029136
0.047543
0.048890
-0.024292
0.030606
-0.098303
0.061978
0.023634
-0.112229
0.027860
-0.047601
0.006889
0.000470
0.012159
-0.054234
0.040076
-0.053500
-0.035214
-0.079044
0.102492
0.042461
0.019171
-0.029915
0.017299
-0.032807
0.032723
0.070306
-0.037211
-0.068919
0.015535
0.010084
0.052416
0.047854
-0.019034
-0.006732
-0.016713
0.074962
-0.027358
0.034661
0.035791
0.028421
-0.111996
0.090016
-0.043242
-0.054866
0.024185
-0.036414
-0.105015
0.064395
-0.057074
-0.062297
-0.062460
0.050062
0.164207
-0.140255
0.071245
0.002147
0.091533
-0.058734
0.048423
0.040772
0.082824
0.072297
-0.046035
-0.017133
-0.046954
-0.032429
0.001859
0.030912
0.077402
0.010305
0.112631
-0.005933
0.038268
-0.015729
0.018054
-0.010224
-0.033274
-0.009845
-0.015151
-0.055037
-0.101293
0.088261
-0.087656
0.075838
0.024960
-0.080326
0.118026
0.004205
0.013663
0.048144
0.002578
0.029030
0.038212
-0.093043
0.074748
-0.014893
0.081550
-0.003607
0.056683
-0.197283
-0.035538
-0.053058
0.011622
0.019446
-0.037956
0.060210
0.044827
0.012441
0.085120
-0.080450
-0.069956
-0.020118
-0.015713
-0.045847
-0.013406
0.060866
0.072522
-0.010843
0.031809
0.043807
0.022198
0.036269
-0.014650
0.009870
0.005078
-0.047446
-0.089368
0.071508
-0.012937
-0.032780
0.033360
0.025182
0.009731
0.031650
-0.092888
-0.132239
-0.000860
0.015260
0.034341
-0.102245
0.004886
-0.042566
0.029764
-0.046764
0.130198
0.059939
0.012230
0.023778
-0.008185
0.022761
-0.059930
0.025008
0.068672
-0.099217
0.084029
0.046614
0.035822
0.009388
0.042514
0.094463
0.083672
0.019983
-0.059792
0.088459
0.003081
0.101349
0.014949
-0.046396
-0.077110
0.018810
0.015689
-0.060140
-0.003975
0.047243
0.030865
0.086988
-0.060673
-0.004541
-0.041871
-0.007681
-0.061174
-0.009555
-0.008117
-0.038614
-0.083841
-0.014966
-0.084047
0.080741
0.030106
-0.009442
0.092441
-0.061658
0.054442
-0.065094
-0.023953
-0.096073
-0.003547
-0.009862
-0.080299
-0.078916
0.012218
-0.056048
-0.083131
0.116737
0.018459
-0.087802
-0.060247
0.011827
0.069352
-0.068726
-0.016381
-0.112224
-0.048715
-0.029867
-0.003103
0.022966
0.013430
0.041455
0.079742
0.007510
-0.090925
0.061214
-0.072234
0.029521
-0.037620
0.023091
0.097096
-0.048094
-0.121813
-0.021069
-0.046091
-0.183256
0.034713
0.057790
0.062072
0.103245
-0.069996
0.010731
0.039041
-0.031742
-0.013213
-0.094007
-0.013402
0.072558
0.010871
-0.030152
-0.112249
-0.067638
0.064779
-0.003591
0.100640
-0.051843
-0.005973
0.080742
0.089024
0.025792
-0.131374
-0.072398
-0.078207
0.079772
-0.026743
-0.051756
0.066209
-0.062144
-0.037499
0.066662
-0.031270
0.031925
0.010481
-0.056490
0.089723
-0.013679
0.014221
-0.094096
-0.027811
0.062015
-0.041069
0.007080
-0.040069
-0.002500
0.001141
0.054258
-0.052419
-0.009384
0.014829
0.098078
0.021555
-0.002134
-0.013551
0.018357
0.026924
-0.034735
0.085809
0.097132
0.099273
0.098634
-0.092597
0.027212
-0.151026
-0.033415
0.045562
-0.082929
0.016452
0.079304
-0.027685
-0.019971
0.006055
-0.014139
0.044131
0.055703
0.033935
0.049905
0.124869
-0.003315
0.032476
0.032869
0.049111
-0.012528
-0.092887
0.005101
0.044275
0.040353
0.021079
-0.029224
0.108419
0.014487
-0.085552
-0.118021
0.054699
0.017143
-0.042070
-0.004293
0.003278
0.052117
0.020484
0.043643
-0.049604
0.057269
0.011239
0.002963
-0.035544
0.064992
0.002792
-0.026438
-0.001869
0.025444
0.016002
0.026680
0.065977
-0.127846
-0.023571
-0.012454
-0.062140
0.012632
-0.064081
0.065005
-0.125333
-0.027067
-0.009458
-0.025765
-0.047433
0.050176
-0.017435
0.038463
-0.039596
-0.015847
-0.092595
-0.010007
-0.040092
-0.077979
-0.004615
-0.038434
-0.121359
-0.005309
-0.043753
-0.071805
0.032110
-0.040694
0.049945
0.048787
0.008672
0.003098
0.003493
0.072526
0.014119
-0.026868
0.016930
0.082575
0.074080
0.107634
-0.042938
0.017868
-0.004343
-0.017034
0.024280
-0.010823
-0.061444
0.052305
-0.035539
-0.047882
0.056822
-0.007211
0.017998
-0.053386
-0.013207
-0.082604
0.058928
0.020660
-0.110202
-0.057296
-0.015787
-0.084343
-0.034877
0.032075
0.081391
-0.009472
-0.052550
-0.016715
0.060671
0.063729
0.056134
0.019094
-0.043033
0.024097
-0.055864
0.004809
0.099433
0.029887
0.074130
-0.050398
-0.026645
-0.082458
0.001414
-0.004413
0.043279
-0.049865
-0.097571
-0.035984
-0.021196
0.039917
0.003440
0.106112
0.011743
0.056700
-0.001951
0.050350
0.038547
-0.008744
0.005028
0.041461
-0.069263
-0.016904
-0.027125
0.071564
0.039059
0.021666
0.011007
-0.051082
-0.075168
0.063680
-0.035187
0.096162
0.018942
0.040439
0.107165
0.094183
0.019738
-0.041517
-0.071761
-0.066988
0.083853
-0.038173
-0.042327
0.007078
-0.072969
-0.132610
0.019695
-0.067198
0.018117
0.008152
-0.034071
0.014721
0.001601
0.086845
0.033743
-0.121296
0.025057
-0.063079
-0.006661
0.002664
0.052712
-0.028482
0.033608
0.014896
-0.001989
-0.007191
0.054753
-0.073270
0.090950
0.066688
0.027158
0.008603
-0.043369
0.074932
0.072416
-0.047975
0.060014
0.069224
0.073210
0.017443
-0.100283
0.015010
-0.045439
0.056672
0.017030
-0.018967
0.042537
0.028676
0.058809
0.023412
0.086406
0.021091
0.040702
0.073818
0.046028
0.084767
0.157504
0.044614
-0.137990
0.002899
-0.063147
0.053163
0.017333
-0.013202
0.088779
0.092842
-0.015335
-0.056933
-0.117456
0.068384
0.036845
-0.083759
-0.059349
-0.018986
0.027422
-0.031281
0.099803
-0.044220
0.013238
-0.013041
-0.030237
0.074361
-0.014971
-0.135992
-0.068371
0.112701
-0.094710
-0.019973
0.061721
0.067908
-0.036986
-0.062158
0.052051
-0.015986
0.065002
0.101086
-0.002661
0.007223
-0.020337
0.084120
0.023174
-0.019085
-0.081572
-0.015466
0.011725
0.046641
0.073387
-0.009612
-0.045124
0.042368
-0.025969
-0.037055
-0.055264
0.052534
0.054757
-0.007399
0.013706
0.022028
-0.003170
-0.040646
0.049347
0.030985
0.085788
0.074078
0.005231
0.043759
-0.068218
-0.011245
0.019406
0.062863
0.015167
-0.008149
0.014007
-0.006705
-0.048277
0.107990
-0.042296
-0.029646
-0.037527
0.019203
0.005975
0.003065
-0.031947
0.019893
-0.039684
-0.051758
0.035194
0.051896
-0.089255
-0.034847
-0.070940
-0.090880
-0.019914
0.009149
0.016618
-0.033681
-0.037844
-0.076939
0.043139
0.067071
0.045676
0.019197
0.103573
0.033511
0.078000
-0.061541
-0.000642
-0.035686
-0.093884
-0.040302
-0.066933
0.053023
0.081453
0.003296
-0.009243
0.004674
0.133166
-0.087925
-0.080013
-0.039740
0.044463
-0.052654
-0.012437
0.099802
-0.076343
0.006032
-0.029553
-0.159193
0.038731
0.045115
-0.088801
-0.053225
-0.034682
0.014784
-0.055450
0.006550
-0.023060
-0.105606
-0.046648
0.001840
0.036075
0.024036
-0.003946
-0.018547
-0.021076
-0.018189
0.056753
-0.032349
-0.114681
0.095831
0.096185
0.072566
-0.067107
-0.052476
-0.012433
-0.056618
-0.022852
0.001384
0.036130
0.052541
-0.001816
0.108949
0.069513
-0.063707
0.066211
-0.035446
0.024517
0.034342
0.012216
0.033942
0.007899
-0.086039
-0.076993
-0.014716
0.038071
-0.051807
0.009604
0.000141
0.021160
-0.051322
0.000967
0.060682
0.055564
-0.024540
-0.020992
-0.088319
-0.008846
-0.101446
-0.048101
0.060587
0.046543
-0.052180
0.037461
0.008493
0.081763
0.043132
0.041752
0.106640
0.016481
-0.021856
0.017654
-0.052268
0.071131
-0.034157
0.004551
-0.024271
0.012468
-0.002854
0.097971
0.095756
-0.054686
0.065447
0.013778
0.125039
0.059254
0.069318
-0.090396
0.010806
0.049872
-0.054159
0.036138
-0.112501
0.073175
-0.023957
0.040399
-0.054173
0.010558
-0.025760
-0.037024
-0.116674
0.044232
0.035032
-0.004798
-0.021050
-0.031086
-0.076002
0.000697
0.029653
0.056364
0.062427
-0.010745
-0.010806
-0.022952
0.025874
0.050757
-0.013703
-0.018016
0.047253
0.027341
0.066152
0.008192
0.000827
-0.012228
-0.045111
-0.042518
-0.066215
-0.080757
0.065081
-0.024520
-0.031532
0.005743
0.012295
0.040936
-0.016577
0.003764
-0.068187
-0.035984
0.004296
-0.033110
-0.002504
0.000126
0.054139
-0.027599
0.016983
-0.027229
-0.003551
0.101291
0.044003
0.011010
-0.015653
0.077753
0.040892
0.038587
-0.039852
0.011093
0.001996
-0.007044
0.025696
0.038576
0.037240
0.053273
-0.053159
0.037986
-0.140531
0.019501
-0.051317
0.043221
0.066166
-0.077493
-0.009018
-0.010600
-0.021525
-0.015420
-0.013976
-0.074017
-0.080366
0.082888
0.041469
0.052226
-0.047397
0.017016
-0.031947
-0.075704
0.008639
0.057187
-0.025241
-0.062416
0.027948
0.051685
0.008195
-0.089527
0.154778
0.069150
0.004390
-0.106204
0.029857
0.117361
-0.035506
0.029987
-0.022152
-0.043426
-0.031029
-0.055088
-0.006614
0.022378
-0.040038
0.077830
-0.114061
-0.033356
0.045567
0.013227
-0.015558
0.027605
0.065799
0.049193
0.159808
0.011236
0.074178
0.064889
0.092326
0.052418
0.015125
0.052589
-0.106974
-0.068469
0.064892
0.037086
0.006554
-0.032241
0.014157
-0.070234
0.004409
0.027027
0.028689
-0.092503
-0.006144
0.040492
0.072012
-0.056255
0.001161
-0.008334
0.041757
0.060812
-0.064725
0.053513
-0.116094
0.044018
0.022333
0.051410
0.062311
-0.042106
-0.073884
0.067778
-0.018321
-0.008415
0.046647
-0.044908
-0.050670
-0.060243
-0.052476
0.043370
0.069807
0.097840
-0.023489
0.088963
0.010428
-0.044534
-0.034395
-0.097224
0.057576
-0.055915
0.001090
0.004255
0.022263
0.005014
-0.077293
-0.083996
0.012982
0.012875
0.122314
0.042540
-0.062617
0.018040
0.064996
0.036578
-0.038048
-0.032662
0.008330
0.018988
-0.080882
0.039677
-0.011112
0.038127
-0.025209
-0.090218
0.050931
0.020127
-0.014168
0.030471
-0.110749
0.006871
-0.015281
-0.074949
0.021147
-0.075129
-0.103265
0.042205
0.016889
0.095934
0.067805
0.097182
-0.095816
-0.042814
0.170583
0.022806
0.033025
0.017034
-0.047380
0.014440
-0.014340
0.024192
0.018374
-0.019111
-0.005778
0.076462
-0.101247
-0.119075
0.069334
0.048478
0.043736
0.039214
-0.032334
-0.020556
0.078416
-0.001139
0.054472
-0.011778
-0.007139
-0.019054
-0.023087
-0.001387
-0.010495
-0.018043
-0.032677
-0.055501
0.030131
-0.030395
-0.026842
-0.022633
-0.061796
-0.042400
-0.032441
-0.105913
-0.008352
-0.060456
0.013006
-0.027461
-0.069126
0.035930
0.020598
-0.025585
0.060786
0.016214
-0.023810
-0.011873
0.014590
0.083778
0.043414
-0.010765
0.037783
-0.080923
-0.052537
0.096756
-0.056222
0.006561
0.030444
-0.034802
-0.104795
-0.090901
-0.067922
0.021667
0.013928
0.000750
0.056640
0.024639
-0.012740
0.038797
-0.037427
0.078442
-0.135994
0.021464
0.044909
-0.094000
0.062941
-0.005150
-0.007139
0.052513
0.027266
-0.070400
-0.035742
0.018069
-0.139677
0.046533
0.001038
-0.016647
0.042069
0.051140
-0.027795
-0.076859
0.031436
0.010615
-0.050097
0.004960
-0.096948
-0.041946
0.072372
0.003310
-0.018567
-0.045806
-0.059332
0.006411
0.042906
-0.025769
0.094042
-0.035368
-0.033794
0.069098
-0.022866
-0.040522
-0.019250
-0.102921
-0.005644
-0.086341
-0.022287
0.011889
-0.081429
0.033767
0.103885
-0.097520
0.064584
-0.071442
0.014602
-0.031790
-0.100073
0.001416
-0.013762
0.022131
-0.002269
-0.016776
0.057090
-0.094210
0.033194
0.038787
-0.006184
-0.021799
-0.008189
0.042693
-0.078407
-0.040125
0.034627
0.031846
0.064924
-0.052607
0.010707
-0.007979
-0.063372
-0.043045
-0.025626
0.024125
-0.017313
0.025915
0.044163
-0.054839
-0.003175
0.008016
0.022857
-0.020035
-0.074719
0.083372
0.040546
0.031512
-0.008969
0.079110
-0.029900
-0.066624
-0.033344
-0.071371
0.142304
0.011509
-0.025094
0.058943
-0.001003
-0.020577
0.047252
-0.021895
-0.087983
0.146497
0.037904
-0.045592
0.000830
-0.012594
-0.027869
0.065099
0.032626
0.053918
-0.131991
-0.050780
0.010177
-0.030433
-0.017631
-0.000197
-0.017493
-0.015350
-0.069641
-0.026482
0.023651
0.014493
-0.032263
-0.020328
0.022788
0.001598
-0.044028
-0.001775
0.099046
0.020570
0.029593
0.052835
0.074855
-0.009233
0.036639
0.047188
0.018896
-0.030531
0.021743
0.011997
-0.052536
-0.012985
0.099111
0.049865
-0.114506
-0.020832
-0.133691
0.061216
0.064908
-0.086445
-0.025087
-0.012675
0.045606
-0.065921
-0.064735
0.091833
0.075884
-0.024527
-0.082948
0.008362
0.053252
0.062586
0.013377
-0.044185
-0.008252
0.024021
-0.012488
-0.001322
0.012963
0.024572
-0.008229
-0.061254
-0.018370
0.045910
0.016481
0.025406
-0.074399
-0.083825
0.032783
0.070464
-0.078990
0.003435
0.039644
-0.028683
-0.014621
-0.028025
-0.045992
0.080763
0.009453
-0.114353
0.044041
0.075314
0.046314
0.084460
0.071362
-0.005424
0.136920
-0.000369
-0.080418
-0.038233
0.049691
0.027225
-0.101636
-0.052370
0.006482
-0.032234
-0.012005
-0.070449
0.092535
0.056525
-0.007615
0.086076
-0.005285
0.068829
-0.028097
0.066826
0.104884
0.106651
-0.071979
0.034405
-0.041049
0.011234
0.122824
0.060855
0.004447
-0.051237
-0.007042
0.051177
0.069679
0.036971
0.199065
-0.033327
0.053692
0.085917
-0.016591
0.020464
0.121776
-0.145259
-0.089703
-0.025291
0.029666
-0.007326
0.066779
0.063088
-0.000055
0.001105
-0.049611
0.034671
0.090515
0.044780
0.058490
0.140144
-0.025232
-0.040339
-0.045781
-0.028780
0.162289
0.008256
-0.031371
-0.163296
-0.090502
-0.011062
0.070703
-0.030941
0.031775
-0.016416
0.002015
0.063194
-0.029997
-0.072465
0.090979
-0.045420
-0.013665
0.000246
0.038486
0.092756
0.090797
-0.055285
0.081573
-0.050525
0.129531
0.018592
0.017693
0.038512
0.032494
-0.054908
-0.014446
0.015392
-0.020246
-0.059251
0.035899
0.028431
0.090573
-0.028838
-0.051570
-0.178913
-0.022923
0.035827
0.079162
0.005925
0.103157
-0.008608
0.049738
0.067190
-0.065863
-0.067620
0.055080
-0.099266
0.020858
-0.021504
0.081404
-0.025012
0.036080
-0.048290
0.040004
0.027470
-0.017402
-0.013574
-0.067946
-0.075668
0.027891
0.043463
0.086713
-0.056129
-0.036060
0.077574
-0.054532
-0.016605
-0.098739
0.004459
0.051813
-0.101581
-0.079548
0.001883
-0.080885
-0.027083
-0.000609
0.109701
-0.093237
-0.128972
0.001628
0.092503
-0.034202
0.044408
-0.045614
0.046051
0.083601
-0.014276
0.053353
-0.032954
-0.144100
-0.048896
0.093386
0.008530
-0.019146
0.005270
-0.043655
-0.051281
0.030625
-0.007293
-0.032587
0.029098
-0.071198
-0.039440
0.067467
-0.079179
0.037759
-0.050529
0.001192
0.003939
-0.057315
-0.016495
-0.024050
0.089367
-0.136825
-0.010760
-0.039191
0.021999
0.059727
0.051343
0.014979
0.008575
-0.053763
-0.023550
-0.109522
0.008952
0.129736
0.089693
-0.052031
-0.000918
0.032658
0.016533
0.041119
-0.026893
0.074311
-0.021774
-0.003444
0.051326
-0.008463
-0.023690
-0.013160
-0.052090
-0.076547
0.024805
-0.018397
-0.132565
-0.034562
0.082121
-0.017630
-0.029211
-0.018246
-0.081061
0.030121
0.009230
-0.033605
0.020167
-0.007960
0.038257
0.000191
-0.089617
-0.030633
0.021454
-0.056127
0.012035
-0.045911
-0.024766
-0.046563
-0.114137
-0.004013
-0.077281
0.067364
-0.009355
0.042820
0.011396
0.027577
-0.037941
0.016043
0.093364
0.047777
-0.042727
0.082049
-0.014167
-0.012191
-0.049606
-0.070382
-0.084040
0.011900
-0.007329
0.012008
0.030057
0.038952
-0.039371
-0.114319
0.038664
0.069519
-0.048196
0.029237
0.024175
0.062406
0.016760
-0.053373
0.042984
-0.019565
0.034026
0.055289
0.026796
0.147210
0.023608
0.022588
-0.110989
-0.036912
-0.037830
0.092809
-0.049330
-0.040705
0.041203
0.053952
0.055631
-0.065856
-0.074704
0.108801
0.011165
0.048752
-0.076263
-0.075340
-0.067830
0.041146
-0.050232
0.054313
0.000144
0.054914
0.078357
-0.010121
0.033691
-0.056785
-0.024397
-0.025522
-0.025554
0.043300
-0.017170
-0.022403
-0.056718
-0.021359
0.056591
-0.067249
-0.002136
-0.088102
0.062765
0.095139
0.025483
0.038421
-0.001341
-0.027819
-0.043220
-0.056256
-0.029771
-0.040639
-0.017114
0.048946
-0.016919
0.058214
-0.082145
-0.001804
-0.128702
-0.039676
0.011108
-0.055285
0.081224
0.072894
-0.082505
-0.069905
-0.028469
0.020733
0.050858
-0.016923
-0.016253
-0.032660
-0.005280
0.024180
0.056924
0.069553
-0.050806
-0.123042
0.035836
-0.020474
0.047952
0.012342
-0.015796
-0.054287
0.020236
0.016854
0.149187
-0.113147
0.053368
0.086835
-0.006714
-0.062723
-0.064514
-0.074696
-0.029506
-0.080865
-0.016238
-0.002441
0.040601
0.090981
-0.041035
0.058442
0.005646
-0.003523
0.035106
-0.005146
-0.049816
0.079656
0.018107
0.022535
-0.030806
-0.050032
0.011168
-0.014135
0.013689
0.039160
0.001887
0.005145
0.020466
-0.047302
-0.091665
0.038893
-0.103503
-0.011823
-0.011193
-0.038498
-0.012629
0.011152
-0.067030
-0.040084
-0.018954
0.027435
0.015931
-0.029393
-0.029951
-0.023154
0.050631
0.057625
0.028816
0.020345
-0.023835
0.047352
0.076682
0.028803
-0.014917
-0.039692
-0.066032
-0.045184
-0.053999
-0.050519
0.037621
0.066613
0.003869
0.053586
0.062385
0.018259
0.081272
0.053414
0.045456
0.057115
0.091543
0.032283
0.035350
0.062423
-0.061342
0.010796
-0.078122
-0.032487
-0.048334
0.060608
-0.014435
-0.001365
0.070989
0.144246
-0.019966
-0.079059
0.029242
0.019913
0.049989
0.000629
-0.112033
0.098196
0.112985
-0.195292
0.113223
0.043880
0.000710
0.080375
-0.001500
0.023904
-0.111529
-0.118200
0.034665
0.079655
-0.036122
-0.109764
0.028927
0.063472
-0.017273
-0.023060
0.019584
-0.035149
0.045821
-0.082747
-0.073685
-0.044068
0.030533
0.002008
-0.084340
0.052246
-0.019475
0.003828
-0.001994
0.018789
0.056233
0.163929
-0.028797
-0.000269
0.053446
0.041085
-0.053142
0.073097
-0.007166
-0.001485
0.017068
0.088500
0.004390
0.074260
0.029086
-0.000656
0.078078
-0.058777
-0.015140
-0.065990
-0.004003
-0.062724
0.004064
0.117704
-0.054486
0.015855
-0.037763
0.029022
0.019894
-0.030691
0.014877
0.017838
-0.016839
-0.025848
-0.064614
0.045798
-0.023320
-0.015787
0.041125
-0.083695
-0.009296
-0.002484
0.008807
0.054866
-0.027629
-0.049208
-0.064227
0.003364
0.070814
0.105189
-0.085495
0.042691
-0.067527
0.028343
-0.077435
-0.061817
-0.020393
0.023441
0.071386
0.063769
0.097713
0.019220
0.020571
0.035116
0.038318
0.055088
0.062938
-0.019248
-0.010587
0.035113
0.015559
-0.050687
-0.026615
-0.086227
0.048083
0.027013
0.084201
0.046426
0.081405
-0.079163
-0.013306
-0.013153
-0.004370
-0.005153
-0.107153
0.062433
-0.032657
0.024312
0.048684
-0.046076
-0.017918
0.046952
0.065337
0.003890
0.034927
0.004292
0.071022
0.024797
0.094359
0.042578
-0.032474
0.075022
0.043137
-0.023606
-0.056124
-0.007573
0.120618
0.033015
-0.012302
-0.074457
0.046532
-0.036099
0.019807
0.011904
-0.033706
0.005957
-0.001637
0.001788
0.035950
-0.009936
0.026858
-0.011014
-0.089924
-0.035185
0.017491
-0.027303
-0.053230
0.018891
0.061696
-0.076405
0.025187
-0.069949
-0.117259
0.026205
-0.036558
0.042618
-0.007697
-0.014945
-0.080953
0.001749
-0.032402
-0.057872
-0.023622
-0.083552
-0.058109
-0.001961
0.055818
-0.071746
-0.036240
-0.032854
-0.042538
-0.015361
-0.025950
0.111241
-0.025121
0.083192
0.014633
0.061140
0.027482
0.033834
0.046790
0.058840
-0.069217
-0.011172
-0.099399
0.021493
-0.158145
0.049748
-0.033229
0.063679
0.048079
0.048848
-0.014368
0.062340
0.016886
0.079575
-0.032058
-0.099110
-0.056317
0.016924
0.110949
0.095950
-0.055095
0.102655
0.140153
-0.006512
0.025511
0.118745
-0.038648
0.101825
0.089928
0.076609
-0.007263
0.020979
-0.039649
-0.127762
-0.052036
-0.021591
0.022855
-0.005122
0.014396
0.025644
-0.086021
0.017678
0.039639
0.000819
0.052927
0.058828
-0.016842
0.001684
0.031189
0.047385
-0.040084
0.085234
0.002184
-0.040391
0.049409
-0.004621
-0.014410
0.020354
0.062187
0.028094
0.023126
0.033434
0.029245
0.024168
0.043060
0.077911
0.026447
-0.017378
-0.036595
-0.011464
0.083464
0.045875
0.107457
0.073884
0.043005
0.037328
-0.094005
-0.037474
-0.055589
-0.063840
-0.006937
0.102614
-0.034545
-0.038285
-0.010748
-0.002205
-0.052689
-0.029340
0.058392
0.060331
-0.046498
0.045806
-0.079416
0.056159
0.053772
0.024588
0.027180
0.027360
0.012104
-0.089301
0.076278
0.015506
-0.021329
-0.037678
-0.117185
-0.209391
-0.053480
-0.144443
-0.054830
0.070171
0.004452
-0.033547
-0.047521
0.025259
0.025651
0.095481
-0.056483
-0.007987
-0.084294
0.023022
-0.131793
-0.088320
-0.036382
0.000131
-0.101685
-0.017241
0.050397
0.047342
-0.076760
-0.011177
-0.030717
-0.038464
0.033270
0.037635
-0.015344
0.001233
0.022204
-0.046679
0.026311
-0.092786
0.020622
-0.015291
0.164693
-0.015194
-0.028453
-0.017573
0.002187
0.002562
0.049179
0.061999
-0.059237
0.123866
-0.079714
0.104165
-0.002155
-0.040361
0.123587
0.079110
-0.068400
0.054800
0.002398
0.039730
-0.010775
-0.046252
-0.058022
0.021916
-0.001447
0.083494
-0.004382
0.001993
-0.031478
0.033904
-0.029275
-0.054420
-0.027363
-0.022119
0.056520
0.149538
-0.007947
0.036980
0.071390
-0.014055
-0.025928
0.078642
0.045348
0.007148
-0.075177
0.076401
-0.110426
0.072274
0.037009
0.086779
0.096045
0.088820
0.029086
-0.011421
-0.138466
-0.052897
0.010509
0.004639
0.027874
-0.003085
0.057204
-0.095092
-0.017673
-0.095045
-0.014741
-0.027359
0.004944
-0.001477
0.019246
-0.001172
-0.047370
0.001627
0.073884
-0.054655
-0.035484
0.010641
0.031164
-0.057997
-0.026818
0.087683
-0.003525
-0.150782
-0.031529
-0.036158
-0.033924
-0.003577
0.031568
0.017483
-0.058966
-0.030360
-0.003972
0.059983
-0.094888
-0.115829
-0.006310
-0.027343
-0.043689
0.045278
0.027825
-0.109435
0.066481
-0.022628
-0.028127
0.008943
-0.055496
-0.006777
0.042807
-0.077689
-0.085302
0.022824
0.050431
-0.029362
-0.015218
0.018783
-0.044434
-0.046515
-0.087921
0.003999
0.043182
0.000994
-0.008993
0.025703
0.094295
-0.001644
0.023303
-0.106123
0.008859
-0.035693
0.017687
-0.040632
0.009120
0.009318
-0.048105
-0.067245
-0.006253
0.072098
-0.011409
-0.006796
-0.071400
-0.081080
-0.014094
0.010347
0.078578
0.051951
0.008441
-0.074331
0.009054
-0.035145
0.008388
-0.043572
-0.033959
-0.024310
0.008617
-0.061388
-0.003688
0.014864
0.018919
0.046671
-0.042928
-0.017536
0.036606
-0.002286
0.009286
0.048542
-0.048996
0.009133
0.049927
0.043850
0.004524
-0.080367
0.107867
-0.015412
-0.009057
-0.112570
0.049079
-0.152379
-0.043578
0.010521
-0.020325
0.091684
-0.047048
-0.043792
0.056547
-0.075355
0.000519
-0.077962
-0.022719
-0.115041
-0.039952
-0.036127
-0.003951
-0.000421
-0.144091
0.051549
-0.010566
-0.105151
-0.049124
0.020062
-0.048921
-0.048929
0.110384
-0.007239
-0.001145
0.096780
0.083683
-0.133493
0.102752
-0.076002
-0.007390
-0.106323
-0.092042
0.030837
-0.056502
0.030308
-0.007717
-0.024581
0.036154
0.055611
-0.004523
0.036062
-0.078123
0.045710
0.002928
-0.005686
0.113943
-0.024774
0.064947
-0.001394
-0.003870
-0.032788
0.041776
-0.127824
0.155146
0.046260
0.076421
-0.021608
0.030639
0.044641
-0.024090
0.068238
-0.053445
0.009277
-0.088041
0.005341
-0.070304
0.025852
0.001898
0.007789
-0.109159
0.034436
0.016847
0.072525
0.007674
-0.021627
-0.038536
0.054474
0.037122
-0.059145
-0.037285
-0.031189
-0.086060
-0.053557
0.008910
0.018845
0.016566
0.042812
0.012590
-0.071267
0.034223
-0.005540
-0.119005
0.032012
0.042883
-0.075267
0.000078
-0.062687
0.117842
0.019757
0.032817
0.009312
-0.026264
0.008120
-0.032260
-0.020507
0.093661
-0.049987
0.011699
-0.121244
0.081838
0.028133
0.036971
-0.088978
0.128516
0.031425
-0.035120
0.030971
0.057887
-0.062526
-0.137442
0.021326
0.017497
0.013174
0.032311
-0.043164
-0.004213
-0.038232
0.018286
0.196916
-0.124316
-0.045790
-0.004380
0.020921
-0.077305
-0.082548
0.068490
-0.025574
0.076006
-0.007606
-0.047424
0.081948
0.013711
0.035483
0.049336
-0.034152
-0.066350
-0.028412
0.037230
-0.047552
-0.063975
-0.160068
0.005918
-0.032274
-0.073493
0.084213
0.063662
-0.039607
-0.059943
0.091832
0.110611
0.063796
0.074553
0.017391
0.032309
-0.011701
-0.106011
0.040166
0.051463
0.061431
-0.177191
-0.082676
0.091323
0.054457
0.128876
-0.039137
-0.104549
0.023716
0.081700
-0.033678
0.019751
0.022760
0.041436
0.014013
0.004900
0.062227
-0.013077
-0.072145
-0.162124
0.091457
-0.094601
0.010688
0.044287
0.007692
0.017593
-0.064221
0.033838
-0.001346
-0.087412
-0.002023
-0.065603
0.019211
0.000038
0.041455
0.009930
0.010291
-0.039592
0.105003
-0.027276
0.058368
-0.039470
0.068729
0.050735
-0.021711
-0.045519
0.022578
-0.019988
0.061133
-0.002518
-0.025339
0.015663
-0.016105
-0.111402
-0.014053
-0.046374
0.037882
0.066252
-0.010958
-0.107013
-0.046199
0.023399
-0.044491
-0.006972
-0.010499
0.048907
0.052164
0.022509
-0.004855
0.009616
0.049396
0.110128
-0.057566
-0.015281
0.018982
-0.049930
-0.106093
-0.057136
-0.032861
-0.025462
0.056310
0.026298
0.056465
-0.106556
0.034814
-0.163902
-0.002271
0.008887
-0.043954
-0.088386
0.035384
-0.017162
-0.003745
0.023682
0.063998
-0.066854
-0.081914
0.054884
-0.006433
-0.047775
-0.034378
-0.026888
0.008353
0.038116
0.033174
-0.033689
-0.018979
0.019175
-0.127426
-0.090800
0.025039
-0.019311
0.020170
0.007538
0.016967
-0.062042
0.051048
-0.020281
0.071193
0.072856
-0.043334
0.005397
0.053559
-0.018683
-0.012438
-0.008862
-0.051329
-0.078446
-0.030521
-0.075876
-0.010984
0.059429
-0.067136
-0.043980
0.008925
0.026121
-0.014693
0.033154
0.042944
0.053348
0.078522
-0.021220
-0.096564
-0.020927
-0.029408
-0.038081
0.041510
-0.015892
0.046783
-0.000412
-0.046074
0.029234
-0.019887
0.018049
0.035101
-0.010934
-0.031132
0.005938
0.053940
-0.003762
0.119257
-0.037862
0.025079
0.024259
-0.002125
-0.059241
-0.027147
0.041031
-0.016189
0.022192
0.136219
0.057736
0.025604
0.039174
-0.082357
-0.055230
0.070161
0.042968
0.051811
-0.007089
0.075186
-0.020858
0.003074
0.032431
-0.084912
-0.076617
0.026302
0.026703
0.004902
-0.026203
0.048287
-0.045789
0.108069
0.029456
0.087657
0.021528
0.035505
0.037048
-0.017321
0.039494
-0.031479
-0.004904
0.054392
-0.054892
-0.101621
0.049731
-0.048609
-0.098577
0.007957
-0.056497
0.091742
-0.037660
0.003108
0.050930
-0.028586
-0.010589
0.062768
-0.145677
0.054982
0.064539
-0.004113
-0.056346
-0.018808
-0.085879
0.031977
-0.035484
0.099317
0.006666
-0.037512
-0.044480
-0.115989
-0.017981
0.057311
0.025740
0.126899
-0.018706
-0.005931
-0.021368
-0.030632
-0.114474
-0.016829
-0.018666
-0.040628
-0.018935
-0.027262
-0.016836
0.091827
-0.010251
-0.039375
0.006213
-0.077317
-0.029725
-0.096770
0.017399
0.080300
-0.010327
0.018851
-0.096130
0.066709
-0.048087
-0.030676
-0.014577
0.003428
-0.013841
-0.046263
0.056908
-0.016021
-0.015155
-0.055075
-0.019734
-0.116190
0.033272
-0.075896
0.004912
-0.019517
-0.020881
-0.023940
-0.016999
-0.029824
0.045977
-0.028826
0.073361
0.029619
-0.042876
-0.033103
0.018058
0.033164
-0.108671
-0.052598
-0.030413
0.106612
-0.043588
-0.142905
-0.058441
-0.116081
0.007429
-0.059896
-0.036389
-0.045269
-0.040864
0.023151
-0.021854
0.036977
0.025746
-0.021686
-0.072628
-0.019929
-0.099249
0.067795
-0.058752
-0.044418
-0.005879
-0.077700
-0.019439
-0.090225
-0.042144
0.027762
0.026132
-0.035373
-0.029814
0.019843
0.014622
0.053347
0.009032
-0.010849
-0.031334
0.040561
-0.083032
0.062667
-0.113382
0.054889
-0.022529
0.073499
-0.024491
0.015183
0.039071
-0.057061
-0.064744
-0.020431
0.030817
-0.066952
0.014202
0.175619
-0.028956
0.055797
0.086022
0.105556
-0.034490
0.003254
0.051840
-0.004623
-0.078820
0.088979
0.013994
-0.086157
-0.036964
-0.115374
0.053398
-0.022381
0.050849
0.087479
0.083431
0.098830
-0.032652
-0.005076
-0.069186
0.117865
-0.032413
-0.032450
-0.002458
-0.002224
0.019721
-0.136233
-0.023354
-0.001573
0.049934
-0.005613
0.095120
-0.042795
-0.015451
-0.037526
-0.012432
-0.009609
-0.060728
-0.019887
0.126209
-0.054258
0.081354
0.004369
0.026612
-0.035275
-0.117493
-0.024956
0.071572
-0.021559
0.014571
-0.021075
-0.016465
0.022758
0.040290
0.090497
0.015137
-0.035209
0.061887
-0.047530
0.012812
0.019907
-0.012975
-0.008411
0.101999
-0.038530
-0.015708
-0.046142
-0.037479
0.115828
-0.009426
-0.033615
-0.060814
0.017447
-0.017249
0.036363
0.017679
0.020089
-0.135135
0.002670
0.039146
-0.017902
0.050941
-0.020086
0.162790
0.012448
-0.129089
0.009180
0.048677
0.058472
0.016927
-0.047825
-0.025902
0.104815
0.028071
-0.143147
-0.015743
0.050157
-0.032294
-0.038169
-0.110402
0.103416
-0.059296
-0.051289
-0.028327
0.026169
-0.064916
-0.061717
-0.121515
0.042154
0.009734
0.039432
-0.006313
0.058164
-0.012300
0.105251
-0.066872
-0.013030
0.075455
-0.039890
0.034610
0.030834
-0.010427
0.031037
-0.100052
0.028249
0.116854
-0.054649
0.033833
-0.046085
-0.050090
-0.023989
-0.035837
-0.096630
-0.057170
0.090792
0.001510
-0.015534
0.039413
0.025688
-0.106671
-0.032765
-0.013318
0.107843
-0.060019
-0.019640
-0.039340
-0.047631
0.061059
0.026470
0.080203
0.004959
-0.066068
-0.140007
0.071723
-0.032352
0.006244
0.039866
-0.070486
0.025030
0.123045
0.019666
0.137818
-0.027873
0.041938
-0.031409
-0.013149
0.068512
-0.015732
-0.015788
0.001993
0.029055
0.003300
0.020044
-0.037345
-0.001544
0.027315
0.001417
-0.069154
0.014372
0.042086
-0.001483
-0.108264
0.081749
0.020343
0.050456
-0.121733
0.009996
0.049550
-0.015314
-0.007764
0.008687
-0.049215
-0.006818
0.023379
-0.019501
-0.040298
-0.011935
-0.003035
0.110848
-0.043334
-0.018259
-0.013181
-0.021336
0.038418
0.010477
0.017699
-0.064019
0.010661
0.107393
0.073046
0.071902
-0.034706
-0.092897
-0.055635
0.011653
0.008331
-0.042179
-0.047521
0.045926
0.067096
-0.089917
-0.122938
-0.023195
0.132671
-0.034467
0.020553
0.023886
0.018164
-0.031407
-0.071433
-0.032027
-0.006490
-0.031658
0.015244
-0.040395
0.143685
-0.024618
-0.032043
-0.006345
-0.030784
0.002817
0.002253
-0.106021
-0.033362
-0.048139
-0.016133
-0.050618
0.012917
0.047551
0.069578
-0.014357
0.012272
-0.003800
0.097413
-0.086759
-0.009185
0.012068
0.008550
-0.044800
-0.116649
0.033481
-0.003863
-0.062811
-0.048758
-0.081594
0.116050
0.151160
-0.094991
-0.099467
-0.045596
0.004353
0.039394
0.077634
-0.014579
0.032265
0.073010
0.017880
-0.076758
-0.018189
-0.098116
-0.021988
0.014977
0.075527
-0.111882
0.007935
0.025125
0.018629
-0.059441
-0.025336
-0.037005
-0.013994
0.014558
-0.116226
0.060985
-0.006675
-0.112193
-0.070081
0.065692
0.066461
-0.033763
-0.011594
-0.046660
0.016306
-0.056864
-0.019202
-0.006881
0.031600
-0.057135
0.093853
0.013908
-0.011006
-0.032909
0.050796
-0.065417
-0.002531
-0.029972
-0.037530
0.036427
0.016685
-0.011392
0.012018
0.030622
0.040781
0.040183
0.015476
-0.003449
-0.080161
-0.013237
-0.167002
0.055098
-0.009775
0.072479
0.080068
-0.021097
-0.038988
-0.022608
-0.003256
0.105855
-0.087279
0.084276
-0.039328
0.023126
-0.063225
0.005102
0.077995
-0.033997
-0.027346
-0.026966
0.064634
-0.011342
0.148760
-0.040787
-0.144368
-0.032862
-0.000690
0.021121
0.060893
0.008294
0.032709
-0.052253
0.030967
-0.008197
-0.001210
0.024652
0.091009
0.007788
-0.000732
0.009914
-0.029513
0.022666
0.149929
0.080040
0.125442
0.030261
-0.041518
0.054938
-0.019264
-0.045873
-0.021907
0.058828
-0.010652
-0.027645
0.003614
-0.000513
0.020967
0.064469
-0.128010
-0.032262
0.031312
0.021140
-0.060844
-0.095707
0.008295
0.040739
-0.034432
0.134498
-0.031040
-0.030492
-0.081551
0.034234
-0.050468
-0.043595
-0.026402
-0.041405
0.080227
0.147177
-0.003501
-0.002494
-0.059832
0.010306
0.028801
0.008358
-0.016373
0.021559
0.075305
-0.092317
-0.055698
-0.007513
0.078252
-0.069496
0.001187
0.052659
-0.024486
0.023060
-0.042082
-0.010288
0.064942
-0.076705
0.024001
0.039387
-0.015117
0.017430
-0.019361
0.013180
-0.039153
0.054440
0.014323
-0.011808
-0.025182
0.053564
-0.001014
-0.020370
-0.082814
-0.045798
0.090191
0.069332
-0.135188
0.043696
-0.108648
0.054196
-0.024532
0.115395
0.004359
0.019998
-0.000436
-0.017196
-0.004660
-0.041064
-0.096215
-0.022475
-0.011687
0.041656
0.135168
-0.090235
0.038374
-0.082333
-0.044062
-0.010484
0.030788
-0.065100
0.033500
-0.139002
0.095348
0.002050
0.097938
-0.014474
0.011165
0.014881
0.017362
0.111805
-0.028418
-0.115895
-0.020543
-0.080418
0.057375
-0.094314
0.068856
-0.060206
0.050281
-0.038627
-0.020940
-0.020364
0.086726
-0.011194
0.053450
0.090370
-0.051412
0.017889
0.150960
-0.004284
0.038515
0.107814
0.025043
0.045802
0.004914
-0.028052
0.035346
-0.022792
-0.005565
0.079148
0.033644
0.053018
0.082834
0.010938
-0.024366
-0.063436
0.009050
0.035854
0.000360
-0.038711
0.062143
0.036638
-0.027728
0.007519
-0.041442
-0.009744
0.076631
-0.000750
-0.020939
-0.053871
0.069142
-0.001674
-0.164248
0.005881
0.038731
0.099349
0.009010
-0.115229
0.055815
0.033111
0.035634
-0.031604
0.037737
0.064534
0.028551
-0.051654
-0.063524
-0.010244
0.044147
-0.036981
0.018277
0.000417
0.026815
-0.051343
-0.040658
0.058531
-0.005772
0.076839
0.075301
-0.045843
0.033250
0.064180
-0.022495
-0.003491
-0.096456
-0.055342
-0.031901
-0.004242
-0.051107
0.001797
0.015950
-0.037201
0.061552
0.069381
-0.062519
0.071185
-0.072327
-0.015588
-0.034871
0.016898
-0.041933
-0.010568
-0.081155
0.013833
-0.066903
0.112835
-0.004387
-0.002930
0.087414
0.059884
0.042583
-0.104220
-0.006855
0.043482
0.064238
0.054886
0.028216
-0.069539
-0.052683
-0.076607
-0.054866
-0.059119
0.037372
-0.007294
0.011886
0.057930
-0.024076
0.019889
0.000352
0.044604
0.061216
-0.032840
-0.008960
0.096420
-0.031643
-0.095712
-0.035822
0.098444
0.040073
-0.008603
-0.044297
0.024876
0.017694
0.032011
-0.050079
0.024748
0.082313
0.061644
0.056885
-0.009999
-0.024265
-0.022677
0.037394
0.036210
0.046496
0.025388
-0.028020
-0.085196
-0.058934
-0.020743
0.027364
-0.098864
-0.087374
-0.070306
0.007181
-0.026945
0.011372
-0.093465
0.076802
-0.144115
0.119989
-0.101377
-0.028404
-0.054052
-0.065599
-0.138638
0.089924
0.030382
-0.035633
-0.016751
-0.056637
-0.001583
0.036901
-0.107735
0.009577
0.045398
0.022777
-0.036516
-0.026460
0.009676
-0.038662
0.003517
0.024680
-0.080271
0.027786
0.061501
0.039305
0.073362
-0.112416
0.130278
0.072208
0.081631
-0.054835
-0.003706
0.027775
-0.018674
0.036383
0.012604
-0.053807
0.039577
0.042606
-0.014391
-0.054376
-0.111766
0.095961
0.005381
-0.006323
-0.037315
-0.072045
0.033110
-0.005179
0.046794
-0.036906
0.010851
0.039156
0.033267
-0.072012
0.005437
-0.044307
-0.070023
-0.029080
-0.007811
0.044318
0.053962
0.000547
0.029629
0.068368
0.009365
-0.037297
0.039573
0.070350
0.068377
0.108967
-0.070118
-0.033508
-0.012721
-0.027419
-0.051532
-0.017906
-0.073535
0.032690
0.025398
-0.045025
0.109067
0.100945
-0.075006
0.077210
0.051339
-0.056796
0.058103
0.037672
0.074228
-0.052289
-0.074678
0.016028
0.066591
0.025536
0.078832
0.039921
0.021012
-0.057531
0.025829
0.020647
0.061559
0.069987
-0.007138
-0.103249
-0.081764
-0.183905
0.057433
-0.055091
0.050488
-0.076392
0.046338
0.154836
0.028473
0.065870
-0.054743
-0.034992
-0.076124
-0.066367
0.020681
-0.002318
-0.057984
-0.144033
-0.048046
0.094864
0.050140
0.053297
0.008625
0.036837
-0.072231
-0.066337
-0.071865
0.010980
0.012394
0.062269
0.053848
-0.001522
0.051699
0.040303
0.067806
0.026426
-0.006551
0.031282
-0.015998
-0.086108
0.031258
-0.043909
-0.054333
0.037627
-0.048609
-0.009806
-0.004908
-0.067620
-0.047859
0.015491
-0.017513
0.120380
-0.000850
0.036896
-0.005112
0.011064
0.017763
0.038755
0.121563
0.018644
0.025525
-0.000319
-0.008431
-0.084985
0.098852
0.015821
0.117884
0.028748
0.107340
0.078342
0.046524
-0.015011
-0.031254
-0.049247
-0.020589
-0.108174
-0.057904
-0.078726
0.012974
0.041532
0.023631
-0.042616
-0.051001
-0.028910
0.023522
-0.063249
0.007630
-0.125436
0.039269
0.013091
0.064150
0.030377
0.032938
0.112461
0.024906
-0.020127
0.111244
-0.083231
-0.009776
-0.082064
0.029118
-0.027083
0.058361
-0.078184
0.010517
0.164181
-0.006709
-0.078751
-0.069598
0.036170
0.066083
-0.004903
-0.045767
-0.048267
0.019521
0.054053
0.118625
0.045677
-0.035719
-0.035267
-0.044997
0.095058
-0.052930
-0.007717
-0.062506
-0.080274
0.060639
0.102210
0.035521
-0.060271
0.118364
-0.006357
0.013437
0.054653
-0.006061
0.065495
-0.015594
0.068577
-0.042209
0.056564
0.016039
-0.000625
-0.038089
0.019467
-0.092951
0.013151
-0.023070
-0.060847
-0.026565
0.028996
-0.094082
0.012184
0.071392
-0.020583
-0.102830
0.088023
-0.019953
-0.001913
-0.032244
0.074011
0.010454
-0.019001
0.015908
-0.051081
-0.016041
0.017631
-0.064935
-0.063137
0.032371
-0.038940
-0.014185
-0.000450
0.105284
-0.008159
-0.067301
-0.041866
-0.021790
-0.003134
0.020755
0.007557
0.047108
-0.078175
0.001984
-0.026023
0.076294
-0.009548
-0.057147
-0.026508
-0.092049
0.007203
0.090506
0.033938
-0.048366
-0.066258
0.034594
0.100350
0.030855
0.055798
-0.021667
-0.012402
-0.109746
-0.031211
-0.058641
0.006042
0.085951
-0.117754
0.083949
0.048544
0.073377
-0.055822
0.102317
-0.032086
0.000940
0.012443
-0.084554
0.024092
-0.077816
0.018070
0.054144
0.007521
0.016168
0.022866
0.039829
0.124156
0.005430
-0.064492
0.073433
-0.066843
-0.016623
-0.000446
-0.006119
0.017205
-0.002433
0.046427
0.051903
0.049049
0.016105
0.094740
0.037242
0.002186
-0.083032
-0.111788
-0.011049
-0.018049
-0.029572
0.046877
-0.063114
-0.026287
0.002314
0.044821
-0.061861
-0.033380
-0.064546
0.011157
-0.073658
0.059634
-0.035164
-0.005289
0.056456
-0.012804
0.005272
0.016739
-0.047385
0.016050
0.035312
0.062271
0.033979
0.019568
-0.067729
0.050406
-0.035372
-0.004713
0.144536
0.023926
-0.066598
0.063877
-0.034392
-0.034425
-0.024397
-0.056766
-0.045675
0.066317
-0.165162
0.056204
0.052804
0.067477
-0.020745
-0.035794
-0.012522
-0.051073
0.017858
0.033066
-0.000985
-0.052628
0.092224
0.051814
-0.089058
0.012822
-0.006215
-0.139017
-0.008601
-0.055385
-0.048921
-0.017745
0.060031
0.092074
0.036838
-0.051374
0.053376
0.025460
-0.025718
0.013619
-0.025998
-0.076054
0.124461
0.011414
-0.001904
-0.028819
0.064972
-0.033353
-0.033313
0.026730
-0.009724
0.058662
0.088178
-0.078492
-0.022102
-0.024532
-0.019842
-0.017125
-0.055475
-0.007034
0.057399
0.012156
-0.018841
0.014594
0.068174
0.025320
-0.039689
0.021395
0.009376
-0.032613
-0.001100
-0.102383
0.020599
-0.039191
0.024022
0.049355
-0.199079
0.135602
0.041541
-0.079373
0.003976
-0.036873
-0.027778
-0.005237
0.041116
-0.075449
0.018329
-0.028333
0.044052
0.006164
-0.026582
-0.067783
0.060999
-0.161521
0.015871
0.017099
-0.036177
0.034972
-0.113330
-0.036348
0.056095
0.002209
-0.046143
0.031404
0.055966
0.039823
-0.097287
0.058002
-0.052882
0.056597
-0.011105
-0.089984
0.019663
-0.078657
-0.019336
-0.155644
-0.068456
0.061147
-0.021805
-0.054960
0.076134
0.100215
-0.093866
-0.049161
-0.040729
-0.108372
-0.042798
0.014093
-0.064830
0.009059
0.109651
0.016783
-0.035034
0.081827
0.042886
0.029262
0.140833
0.012519
0.043893
-0.042868
0.048983
0.012268
0.051993
0.087548
0.013841
0.089953
0.001383
0.008663
-0.017310
-0.043043
-0.125560
0.034526
0.019038
-0.025724
-0.002654
-0.097993
0.041338
-0.035280
0.105779
0.106842
0.056687
-0.070022
0.015459
0.048555
-0.024172
-0.009607
0.027247
-0.026293
-0.041684
-0.050398
0.020073
0.029650
0.065646
-0.069003
0.033949
0.066471
-0.104509
0.060461
0.015409
-0.021999
-0.024893
-0.016687
0.026408
-0.042343
0.066680
0.010223
0.024381
0.035674
0.023228
-0.045133
-0.013180
0.069059
-0.043148
0.039865
0.049539
-0.151079
-0.003142
-0.033794
0.017073
0.002945
-0.013757
-0.028828
-0.077277
0.012659
-0.002244
0.055960
-0.036507
-0.038706
0.050145
0.017394
-0.066555
0.026326
-0.073519
-0.017217
0.000005
0.054679
-0.077682
-0.002742
-0.016181
-0.054610
0.114003
0.071598
0.011894
0.028824
0.071528
0.057014
-0.040566
0.061852
-0.012090
-0.011596
0.037250
-0.092004
0.011396
0.035642
0.061096
-0.016540
-0.033845
-0.073330
-0.042853
0.005477
0.116442
-0.029187
-0.008143
0.000947
-0.018147
-0.017529
-0.031711
-0.092775
-0.041295
-0.121823
-0.001160
-0.052588
0.059692
-0.018635
-0.002233
0.066749
0.117976
-0.057335
-0.063115
-0.050355
-0.040429
-0.046615
0.035912
0.103444
-0.055513
-0.080184
0.053897
-0.017231
-0.015511
-0.030182
-0.070621
0.011976
0.006279
0.079115
0.054532
-0.006242
0.026206
-0.004737
-0.006575
0.088203
0.001093
-0.096060
0.027916
-0.056519
-0.065994
-0.107538
-0.027844
0.038575
-0.086660
0.025862
0.020470
0.128064
-0.029425
-0.013405
-0.008183
0.085625
-0.012948
0.007896
-0.046655
-0.153352
-0.014489
0.021844
0.001538
-0.018964
0.075078
-0.132297
-0.018549
-0.006859
0.025478
-0.063807
0.015060
-0.066208
-0.048149
-0.007138
-0.045139
-0.058756
-0.049179
-0.036192
0.026549
-0.001142
0.009267
0.047161
-0.083981
-0.061070
-0.011338
-0.034859
-0.119161
0.004871
0.053728
-0.016911
-0.023742
-0.054667
0.051575
-0.071367
0.035221
-0.050545
0.019921
0.031038
0.066010
0.023474
0.048218
-0.026288
-0.007788
0.093186
-0.116319
0.052248
0.020413
0.067968
0.004410
0.213635
0.038216
0.055937
0.053726
-0.111972
-0.069090
-0.009350
0.081471
-0.030891
-0.006628
-0.042681
0.016133
-0.032546
0.046285
0.066489
0.015827
0.003193
-0.006665
-0.028813
-0.118004
0.080615
-0.082035
0.044191
0.025034
-0.072088
0.080750
-0.022844
-0.021447
-0.015192
-0.028718
-0.000342
0.101495
-0.042231
0.030553
-0.034583
-0.077856
-0.007405
-0.042376
0.078071
-0.010838
-0.022058
0.007782
-0.017367
0.027023
-0.032192
0.039108
-0.032281
0.062154
-0.129714
0.078392
-0.069707
0.014993
0.036886
-0.077249
-0.047589
-0.054303
-0.077157
0.118040
-0.030362
0.065286
-0.161748
-0.029661
-0.049308
-0.000180
0.043067
-0.007489
0.001080
0.011356
0.004395
-0.081339
0.098839
-0.038142
-0.063796
0.052472
-0.016711
0.037652
-0.010360
0.069663
0.032831
0.074166
0.023959
-0.057490
0.020324
-0.072172
0.172235
0.093411
0.017191
0.130723
-0.026401
0.043656
-0.004080
-0.003404
0.005397
-0.059104
0.067930
-0.108655
0.013788
0.102014
0.044140
-0.055824
0.045042
-0.063247
0.012537
0.008629
0.035769
-0.008975
0.033593
0.025114
-0.059695
-0.006275
-0.061362
0.071380
-0.075416
0.097311
-0.076771
0.061585
0.001372
-0.047301
0.004992
-0.021343
0.009580
-0.004623
-0.052953
0.004248
-0.014213
0.015025
0.010001
-0.000487
0.130363
0.019353
0.017902
-0.017468
-0.096871
-0.034467
-0.047191
-0.029009
-0.031032
0.108110
-0.003183
0.016813
0.065152
-0.039304
-0.059822
-0.094413
0.036688
-0.046474
-0.041775
-0.024875
0.011056
-0.024198
0.075273
0.018051
0.107712
-0.043893
0.033002
-0.062167
-0.012962
-0.019957
-0.001564
-0.024136
0.126770
-0.001141
0.047686
-0.015762
-0.172293
0.048021
0.024175
0.028271
0.035308
0.126554
-0.074261
0.051431
0.006761
0.040177
0.019521
-0.011134
0.031774
-0.020255
-0.066275
-0.008290
-0.030657
0.003200
0.034663
0.001701
0.013788
-0.030676
0.006308
-0.067336
0.039088
-0.057955
0.009669
0.092128
-0.098968
-0.018945
-0.054678
-0.020045
-0.079175
-0.033687
-0.044815
-0.008610
-0.083289
0.008608
0.083031
0.076786
-0.044513
-0.053456
0.029009
-0.017407
0.079971
0.036061
0.094717
-0.011048
0.012443
-0.003365
-0.054701
-0.075258
0.012436
-0.034324
0.090323
0.102709
0.034985
-0.010548
0.041424
-0.034400
0.056473
-0.015178
-0.065307
-0.099535
-0.031347
0.046355
0.118192
-0.061979
0.015830
-0.035718
0.015184
0.027042
-0.076673
0.036310
-0.006711
-0.062582
0.003710
-0.038785
-0.049239
0.070525
-0.064008
-0.045741
0.119006
0.029314
-0.022121
0.052943
-0.086145
0.039985
-0.010144
0.114685
0.025549
0.138930
-0.119861
-0.030758
0.010450
0.105870
-0.044147
0.059185
0.012882
-0.086257
-0.028971
0.041328
-0.043860
-0.043115
-0.047423
0.033415
0.022685
-0.060685
0.029962
0.103340
-0.055824
-0.006643
-0.068405
-0.003584
0.019795
-0.033144
-0.055483
-0.061798
-0.028844
0.077120
0.004618
0.042020
-0.041449
0.001553
0.099403
-0.021549
-0.080133
0.004975
-0.004002
0.006849
-0.029720
-0.033323
-0.040098
-0.082113
-0.017874
0.037775
0.076028
0.029122
0.060709
0.014939
0.071650
0.067590
-0.044409
-0.007829
-0.011045
-0.024551
-0.042203
0.048002
0.021192
0.035688
-0.025328
0.006447
0.009554
-0.037914
0.059657
0.046747
-0.048509
0.002627
-0.085705
-0.160397
-0.015751
-0.026987
0.019845
0.001986
-0.063994
-0.051114
-0.007097
-0.016776
-0.009367
0.073259
0.031573
-0.140039
0.049859
0.038940
0.073030
-0.026779
0.011214
-0.014558
0.054430
0.107949
0.026052
0.014323
-0.051453
0.043913
0.162812
0.008113
-0.019746
0.026792
0.006088
-0.044292
0.013244
-0.105147
-0.063728
0.016666
0.004514
-0.003422
0.029889
-0.001496
0.037349
0.050950
-0.016999
-0.103000
-0.008215
0.020833
0.069467
-0.034636
0.020979
0.038035
-0.045665
-0.021361
0.000977
0.051827
0.052064
-0.004516
-0.078092
0.074843
-0.034387
0.048141
-0.100207
-0.009619
-0.071246
-0.030319
0.010660
-0.120033
-0.134305
0.040191
-0.013772
-0.054316
0.035024
-0.020191
-0.016393
-0.022916
-0.123888
0.026594
-0.011725
-0.055236
-0.097479
0.096907
0.043337
-0.043184
0.035695
0.052756
-0.044010
0.128967
0.066527
-0.044288
0.035232
0.073517
-0.076764
-0.024980
0.052452
0.014163
0.008822
0.042696
0.008039
0.068179
0.007046
-0.071204
-0.043253
0.001807
0.021542
0.028642
-0.025456
-0.063347
-0.006683
-0.076023
0.116282
0.058819
0.102757
-0.037112
0.016360
0.061567
-0.011653
0.094371
-0.147944
-0.009662
-0.010501
-0.027473
0.029599
-0.037107
-0.111826
-0.092097
0.039888
0.048083
-0.011631
0.062007
-0.012142
0.007643
-0.034824
0.064741
0.023520
-0.046301
-0.107261
-0.079008
-0.028661
-0.036247
0.017459
-0.039084
-0.019472
-0.015500
-0.018779
0.014234
-0.061532
-0.090671
-0.035913
0.019531
-0.028237
0.031695
-0.033894
-0.003890
0.037318
-0.043075
-0.044665
0.027853
0.000300
-0.052078
-0.092218
-0.060581
0.022589
-0.054054
-0.056617
-0.035106
-0.063785
-0.043325
-0.015843
-0.026524
-0.052512
-0.092841
-0.049921
-0.063861
0.003377
-0.014673
-0.079637
-0.036508
0.001035
0.054005
0.003016
0.030519
-0.095897
-0.031737
-0.012211
-0.028933
0.022896
0.010372
-0.039809
-0.105187
0.041853
0.053588
-0.009230
-0.091400
0.035376
-0.064861
0.015266
0.080103
-0.095182
0.165252
-0.121582
-0.007887
0.047948
-0.039919
0.001690
0.151701
-0.030303
0.021620
-0.038854
0.026274
-0.016209
0.022937
0.030184
-0.051524
0.026896
0.044484
-0.104260
-0.013859
-0.048041
-0.017042
-0.004840
-0.036037
0.012522
-0.025647
-0.020344
-0.039851
0.014504
-0.067048
0.000949
0.001640
0.017558
-0.036804
0.052610
0.066187
-0.027648
-0.085376
-0.067665
-0.046350
0.029725
0.014157
-0.038520
-0.031487
-0.046822
0.058773
0.043156
0.058427
-0.005311
-0.007776
-0.089104
-0.122906
0.078515
0.088708
-0.025075
0.004616
-0.050186
-0.073355
0.019129
0.073271
-0.038491
-0.036502
-0.029870
-0.101148
-0.055097
-0.109207
0.003336
0.007475
-0.005138
0.064421
0.032047
0.015780
0.028578
-0.011738
0.028171
0.008924
-0.018140
-0.083981
-0.093292
0.109798
0.054709
-0.001057
-0.031661
-0.075225
0.068995
0.007107
-0.032740
-0.008826
-0.131422
-0.005306
-0.002375
0.067168
0.094346
-0.056422
-0.011515
-0.063365
-0.073799
0.052543
-0.050465
-0.003184
-0.002724
0.132875
-0.015376
-0.037111
-0.075212
0.039389
0.070696
0.017856
0.074643
-0.116403
0.061128
-0.079792
-0.003429
0.003587
0.067358
0.082668
-0.041045
-0.041744
-0.053636
-0.020409
0.001632
-0.008022
0.040058
-0.036488
-0.014699
-0.042646
-0.005254
0.061198
0.122980
-0.003440
-0.041901
0.104969
-0.011141
0.088261
-0.079220
-0.029399
0.007510
-0.129934
0.007425
0.030456
0.023498
-0.055165
0.038605
0.064613
0.063576
-0.014102
0.002926
0.001751
0.067338
0.142967
-0.015993
-0.006655
-0.054330
0.012560
0.083044
0.036884
-0.076041
0.004009
0.042051
0.093329
-0.052888
-0.052567
0.017196
0.032006
0.100637
0.012607
-0.028457
0.043897
0.045575
0.023098
0.071280
-0.105746
-0.053324
0.065518
0.036343
0.090087
0.039731
-0.033898
-0.185188
0.032667
0.034990
-0.018972
0.086977
0.060429
0.043159
-0.071809
0.009931
-0.005775
-0.040474
0.006214
-0.067688
-0.114926
-0.051987
-0.042461
0.045319
0.022148
0.084999
0.089957
-0.099907
0.044142
-0.082058
0.074843
0.020147
-0.025065
-0.005823
-0.067381
-0.093901
0.034050
-0.013825
0.033761
-0.076509
-0.093164
-0.001504
-0.017064
-0.096579
0.118154
-0.004720
0.010322
0.043701
0.022562
0.041098
-0.080756
0.044985
-0.006117
-0.043558
0.022495
-0.047976
0.017343
0.014953
-0.027434
0.062345
0.019606
-0.012456
-0.048812
-0.011445
0.070153
0.017307
-0.054522
0.008042
-0.017340
-0.019581
-0.041882
-0.030580
0.171434
0.030026
-0.056175
-0.135950
0.070954
0.018142
-0.061608
-0.019024
0.079078
0.056904
-0.074201
0.023064
0.079499
-0.016103
-0.012765
0.006761
-0.038687
0.027823
-0.038484
-0.083689
-0.024028
0.020072
-0.025240
-0.006219
-0.064241
-0.033014
-0.055185
0.008378
-0.052756
-0.075897
0.038095
0.041744
-0.068012
0.068342
0.033650
0.007633
-0.047033
-0.041332
0.071988
0.071135
0.135725
0.060631
-0.027161
0.082679
-0.029848
-0.061467
0.021889
0.010001
-0.042411
0.084678
0.047956
-0.021862
-0.017381
-0.099571
-0.073525
-0.065331
0.012368
0.075875
-0.008456
-0.044999
-0.095701
0.015701
-0.006659
-0.039327
-0.058877
0.033220
-0.025910
0.036167
-0.000379
0.077243
-0.054979
-0.022734
-0.067130
-0.099389
0.011155
0.080087
0.045452
-0.026199
-0.068551
-0.085795
-0.030939
0.058175
-0.034748
-0.014078
0.028013
0.009748
-0.095525
-0.043981
-0.068343
0.098511
0.003517
0.130282
0.004364
0.058228
0.013390
0.041168
0.068981
-0.021311
0.009111
-0.036896
-0.025373
-0.097287
0.050158
0.064985
0.021111
-0.015536
0.012862
-0.005154
0.028092
-0.059227
-0.051751
-0.114993
-0.062449
-0.110659
-0.017961
0.028537
-0.039631
-0.011829
-0.033268
-0.032619
-0.030507
-0.012155
0.062097
-0.010993
-0.111658
0.032965
-0.004297
0.062981
-0.108797
0.034768
-0.032430
-0.089876
0.046993
0.027436
0.017432
0.041835
-0.069311
0.034521
-0.009976
-0.000835
-0.056495
-0.037642
0.064571
-0.057041
-0.091964
-0.012126
0.022431
-0.025094
-0.020577
0.030101
0.062226
0.051503
0.044974
0.045509
-0.036916
-0.016202
-0.003443
-0.010307
-0.066112
-0.062886
-0.029935
0.021135
0.052733
-0.070047
-0.054515
0.124707
-0.023375
-0.045225
-0.007381
0.042589
-0.010567
-0.018553
0.083844
-0.048077
0.063880
-0.002867
-0.015720
0.084063
-0.062267
-0.033873
-0.033318
-0.036741
-0.014394
0.015800
0.070657
0.027124
0.076388
-0.124004
0.054612
0.009432
-0.132710
-0.060422
0.013827
-0.134866
-0.005833
-0.055713
0.065784
0.039075
-0.026762
-0.019076
-0.047853
-0.050817
-0.014433
0.102699
0.031341
0.088931
-0.015700
-0.038732
0.116280
-0.005152
-0.031183
0.037887
0.012692
-0.029220
-0.073619
0.023255
0.043214
-0.014980
0.015831
0.016418
-0.078870
0.028372
-0.120756
0.017639
-0.111099
-0.002885
-0.077933
0.127821
0.108228
-0.049977
0.006708
-0.041677
0.060515
0.008413
0.058075
0.004204
-0.022371
0.020268
0.064881
-0.081144
-0.035784
-0.030669
-0.051172
-0.010825
0.119953
-0.029330
-0.033209
0.066196
-0.050031
0.044635
0.077630
-0.013542
0.047720
-0.005127
0.059771
0.033278
-0.039474
-0.044912
0.048931
0.001385
-0.002605
0.129711
-0.058482
-0.019299
0.076323
0.032226
-0.026443
-0.032741
0.088817
0.013883
0.025363
0.021757
-0.070403
-0.006879
-0.118049
-0.040090
-0.017720
0.004581
-0.046062
-0.030481
-0.096673
0.033548
-0.023124
-0.022401
0.065108
0.037610
0.097948
0.058236
-0.009322
0.007520
-0.001514
0.041913
-0.075993
0.040708
0.024511
-0.037251
0.013409
0.101605
-0.031731
0.097029
-0.077761
0.066244
-0.006694
-0.051535
-0.029496
0.049258
0.056961
-0.043625
0.015987
0.006264
-0.061314
-0.034668
-0.015221
0.061008
0.077542
0.025955
0.074916
-0.032888
-0.078665
-0.015773
0.049079
0.098901
-0.029643
-0.018080
0.012996
-0.067393
-0.034436
0.069892
-0.056934
0.059004
0.083584
-0.039300
0.093109
0.087077
-0.076272
-0.083790
-0.020782
-0.004431
0.007193
-0.077027
-0.027328
0.010256
0.072716
-0.046801
0.011337
-0.013281
0.020513
-0.029175
0.012008
-0.049124
-0.041883
0.044823
-0.011103
-0.040171
0.012498
-0.032888
-0.000593
-0.021519
-0.004221
0.132487
-0.006689
-0.072885
-0.006706
-0.009656
0.015352
0.013806
0.047599
0.044327
-0.066697
0.040806
0.022106
0.072553
-0.045687
-0.019765
0.097265
-0.099002
-0.011292
0.014385
0.000772
-0.074406
-0.074711
-0.072103
0.104410
-0.021099
-0.031815
-0.020693
0.048082
0.010004
0.083263
0.067592
0.039548
0.104160
-0.022873
-0.019286
-0.028063
-0.003524
0.022520
-0.125513
0.072534
0.019778
-0.040129
-0.043499
0.098026
0.151018
0.091414
-0.074187
-0.004732
-0.033367
-0.032635
0.042349
-0.025222
0.003586
0.053241
0.019746
-0.010422
-0.074752
-0.013248
0.010292
0.034166
0.028203
-0.029616
-0.004594
0.114317
0.005995
-0.024750
-0.021341
-0.010205
-0.035098
0.082895
-0.003968
0.022639
0.065823
-0.010911
-0.009445
0.024459
0.008787
0.021758
0.095796
0.023756
-0.132086
0.000446
0.022527
0.005313
-0.057329
-0.008296
-0.005917
0.040812
0.047084
-0.018858
0.021638
-0.100694
0.028927
0.043060
0.113786
-0.002901
0.062188
0.039270
0.007236
-0.041838
0.081219
0.053938
0.010907
-0.004706
0.075718
0.025692
0.068049
0.086826
0.055002
0.052612
-0.017105
0.052847
-0.011709
0.068574
0.039774
0.034221
-0.029919
-0.040624
0.081233
-0.061788
-0.046044
0.046591
-0.011236
-0.060545
0.048514
0.081159
-0.058655
0.004622
-0.030519
0.071996
-0.072000
-0.010662
-0.021254
0.008429
0.070030
0.045775
-0.080020
0.087804
-0.043068
0.001122
-0.048081
-0.001193
0.009828
0.102320
-0.015839
0.067422
0.020612
-0.047545
-0.074598
0.034100
-0.004176
0.031298
-0.022192
0.002683
-0.062315
-0.079685
0.013379
0.007382
0.000221
-0.082796
-0.009355
0.025982
0.023891
-0.083043
-0.021791
-0.063117
0.112986
-0.030322
-0.051552
-0.037691
-0.067676
0.074604
-0.037081
-0.155202
0.109949
-0.091335
-0.101631
0.127017
0.057482
0.002977
-0.107423
-0.020006
-0.042973
0.047737
-0.088012
0.064987
-0.053765
0.031360
0.001804
-0.041456
-0.073105
-0.065849
0.099467
0.014191
0.009626
0.033958
0.032946
-0.122532
0.062629
0.008608
0.057240
0.037281
0.000052
0.084208
0.035519
0.020130
-0.072020
-0.073815
-0.044953
0.025636
-0.039026
0.095954
0.078633
-0.032657
0.007811
0.010547
-0.021328
-0.080276
0.020498
0.048783
-0.000492
-0.058033
-0.074083
-0.048097
0.018760
0.001954
-0.087095
-0.055073
0.009673
-0.008539
-0.059051
0.006979
-0.079210
-0.014469
0.059747
-0.069117
-0.001723
0.123498
-0.023560
0.046834
-0.039248
-0.065727
0.062441
-0.014242
0.068566
0.004638
0.013494
-0.010959
-0.072003
0.034368
-0.084074
0.017760
-0.034210
-0.052476
0.105573
0.054936
-0.051606
0.009214
0.049578
-0.044375
0.066223
0.178502
0.092531
-0.055334
0.076820
0.010962
0.043796
-0.027937
0.074285
0.056037
-0.027491
-0.032641
0.105170
-0.051287
-0.030890
0.026621
0.053205
0.039692
0.062539
0.095647
0.032913
-0.030544
0.059741
0.040826
-0.009876
0.035642
0.048942
-0.125520
0.039726
0.049447
0.059284
0.054015
0.137978
-0.039845
-0.108058
0.018479
0.015502
-0.031207
-0.017958
-0.079790
0.040079
0.074359
-0.131306
-0.001030
-0.071675
0.026003
-0.076589
-0.016086
-0.068386
0.070514
-0.026742
-0.028887
0.005615
0.015267
0.058731
-0.099450
0.003769
0.009970
-0.001638
-0.018236
-0.050162
0.136673
0.011384
0.010763
-0.077079
0.030700
-0.080451
-0.032043
-0.033950
-0.021054
-0.032310
-0.097665
0.059604
-0.028228
-0.027692
-0.029208
0.062926
-0.000591
0.020081
-0.011848
-0.076329
0.079846
0.015647
-0.007340
0.084601
-0.003028
-0.107579
0.087041
0.007140
0.016812
-0.056847
0.010507
-0.033446
0.007783
0.069824
0.037660
-0.031361
0.049992
-0.013484
-0.036520
-0.034044
0.004684
-0.078462
0.003029
-0.034978
0.022164
0.068379
0.092479
-0.071488
-0.112497
-0.121862
-0.015492
0.033325
0.061204
0.025492
-0.106761
-0.003854
0.008392
-0.057444
0.025906
-0.021176
0.031630
0.177381
0.125797
-0.037906
0.031563
-0.065350
0.038830
0.027098
0.069388
0.015561
0.005339
0.041589
-0.004285
-0.043454
0.072180
-0.014122
0.080531
0.086710
-0.019749
-0.067939
0.050404
-0.007888
0.037256
-0.143164
0.151070
-0.002758
0.010042
-0.039873
-0.067690
0.071052
0.001487
0.056425
-0.027730
0.007310
-0.039933
-0.088266
-0.031623
0.012846
-0.050167
-0.149770
-0.036972
0.104549
0.031287
0.026525
0.048072
0.094200
0.148417
-0.062922
-0.035528
0.014011
-0.114976
-0.060721
-0.002819
0.059052
0.033819
0.075125
0.016504
-0.033896
-0.067264
0.113051
-0.003145
0.057929
-0.017338
0.005768
0.071805
0.030141
0.021135
-0.083944
-0.001913
0.065177
-0.053420
-0.047680
-0.076369
-0.037180
-0.050313
-0.003725
0.056367
0.019636
-0.007162
-0.082163
0.014463
0.018530
-0.063015
0.061726
-0.040980
0.091016
0.004485
-0.077672
-0.041425
0.004825
-0.064537
-0.019804
0.046397
-0.018003
0.071324
-0.011527
0.015934
0.008071
0.073559
0.058509
0.022833
0.008024
0.073197
0.050912
0.086827
-0.083005
-0.051743
0.045846
0.069415
0.035038
0.029324
-0.042938
0.061895
0.134344
-0.032805
0.008007
0.017872
0.018377
-0.089575
-0.078505
0.067994
-0.018495
0.044928
0.007727
0.004563
-0.004428
-0.034386
-0.032708
0.099545
0.051613
-0.052323
-0.006652
-0.016172
-0.050250
-0.035388
-0.003746
-0.034849
0.050034
0.006068
-0.124177
0.014877
-0.004024
0.096249
-0.062124
0.044307
-0.067984
-0.076982
0.046540
0.000323
-0.028722
0.063445
-0.023982
-0.087174
-0.001925
-0.060389
-0.039817
-0.079165
-0.095789
0.010087
0.053930
-0.003314
0.067175
0.001863
-0.027159
0.029356
-0.109691
-0.069585
0.003589
-0.058833
-0.078041
0.040898
0.077654
-0.025750
-0.044336
0.007105
0.010153
-0.054273
-0.029298
-0.005846
-0.087990
-0.034690
0.000918
0.126863
-0.003558
0.004696
0.046032
0.144322
-0.008285
-0.051833
0.116143
0.060938
0.028533
0.053247
0.054298
0.031991
0.000530
0.020751
0.033012
-0.107898
-0.090740
-0.088203
-0.021007
-0.026353
0.015861
0.005729
-0.045500
0.075902
-0.043527
0.000498
0.010787
-0.074926
0.060742
-0.044557
-0.063835
-0.044451
0.042071
-0.022076
0.018018
-0.045268
0.110381
0.052911
-0.044746
-0.019923
-0.041509
0.011025
-0.033351
-0.025195
-0.030281
0.026060
-0.027517
-0.014757
0.017451
-0.059943
0.016308
0.021466
-0.092996
0.118554
0.039406
0.041227
-0.087775
0.017838
-0.045890
-0.049642
0.021917
0.013264
0.076155
0.007055
0.013368
0.025623
0.102585
0.028331
-0.006855
0.017631
-0.008288
-0.059245
0.090982
-0.016531
-0.095599
0.102589
0.067479
-0.134692
-0.002854
0.009818
0.056863
0.091017
0.007161
-0.009772
-0.076789
-0.014558
-0.078337
-0.079892
-0.053891
-0.114407
0.056355
-0.024186
-0.095981
0.126367
-0.108431
0.041923
-0.101114
0.051037
0.015750
-0.006670
0.049036
0.024125
0.008014
0.063185
0.070868
0.090718
0.087326
-0.112191
0.061450
-0.026619
0.035800
0.111550
0.033390
0.004117
-0.030165
0.017442
-0.036289
-0.063402
-0.012233
0.009710
0.048654
-0.022893
-0.027814
-0.026241
-0.001561
-0.110657
-0.114154
0.063783
-0.018103
0.132488
0.000879
-0.053305
0.048502
0.149171
0.026009
-0.074811
0.068215
-0.067910
0.006884
0.048173
-0.027022
0.021246
0.028415
-0.052581
-0.034547
0.012456
0.086724
0.000116
0.022803
0.003685
-0.068727
0.030746
-0.000077
-0.032619
-0.009645
0.036582
-0.084134
0.008250
-0.159490
-0.077862
0.103125
-0.013544
0.039022
-0.000713
-0.094353
-0.077273
0.015942
0.037615
0.087265
0.022417
-0.081612
0.029400
0.094965
-0.006333
-0.019790
0.007149
-0.027744
0.018293
-0.059825
0.098154
0.034457
-0.047766
-0.011105
0.020201
-0.001729
-0.072558
0.009211
0.055408
-0.069616
0.019902
0.122108
-0.011069
-0.009348
-0.063096
-0.039097
0.031395
-0.017959
-0.041500
0.084936
-0.076710
0.023384
0.029715
-0.008076
-0.091120
0.059631
-0.083073
0.048885
0.041633
0.036678
-0.042709
0.155627
-0.001112
-0.041641
0.000396
-0.023580
-0.000176
0.045080
0.008354
-0.052283
-0.002424
0.078709
0.000297
0.177427
-0.055969
-0.007480
0.018338
-0.068238
-0.000630
0.051269
-0.069002
0.034219
0.035577
0.010476
0.024239
-0.009513
-0.012981
-0.051808
0.011198
-0.015289
-0.042627
0.061004
-0.003764
0.056757
-0.034162
-0.004691
-0.023532
-0.082632
0.027925
0.046955
0.008137
-0.051748
0.076370
-0.050371
-0.038029
0.010330
0.059799
0.026878
0.000259
-0.036557
-0.015838
0.041974
-0.004235
-0.073462
0.036870
0.165837
-0.005332
-0.071117
-0.064422
-0.067845
0.073148
-0.126474
0.069309
0.096914
-0.058741
0.069469
-0.031453
-0.144486
-0.108688
0.043184
-0.038470
0.119241
0.022834
0.001683
0.057916
-0.021961
0.020307
0.080304
-0.060212
0.057045
0.038879
-0.060404
-0.004945
0.024042
0.010762
0.034063
0.125069
-0.075668
-0.034527
-0.067229
-0.038367
-0.025562
0.020358
-0.035677
-0.106716
-0.015122
0.076022
-0.003210
-0.032187
-0.004960
0.011163
0.046627
-0.038779
0.142206
-0.077571
-0.061432
-0.108333
0.002346
0.008502
0.023001
0.098461
-0.074231
0.076203
-0.037638
0.013215
-0.045020
-0.014501
-0.062792
-0.033261
0.070491
0.098246
-0.007467
-0.020061
0.024097
-0.059001
-0.015318
0.046007
0.052848
0.055921
-0.115189
-0.007957
0.086609
-0.001128
0.003286
0.050826
0.031895
-0.093334
-0.002644
-0.050016
-0.016169
0.050139
0.040867
0.015618
0.032838
-0.002050
0.050470
-0.127481
0.011573
0.125402
0.080347
0.117164
0.027606
0.022605
0.049397
-0.029872
-0.001864
0.084115
0.000269
0.005554
-0.096408
0.017548
0.051304
-0.010230
-0.027777
-0.026564
-0.067463
-0.026849
0.053541
0.027194
0.022842
0.047118
0.101982
0.006118
-0.044868
-0.023340
0.014711
-0.136054
-0.007673
-0.070612
0.032395
-0.041148
-0.004016
0.067777
-0.093166
0.049164
-0.041444
-0.013843
-0.039054
0.015271
-0.061022
0.073110
-0.005730
-0.004990
0.056051
-0.027335
-0.041834
-0.016640
0.065409
-0.002846
0.019374
-0.026098
-0.012912
-0.007029
0.002513
-0.004966
-0.043567
-0.042727
-0.026105
-0.012045
-0.054718
0.082679
0.114193
-0.048155
-0.131136
-0.026177
0.003242
0.026903
-0.085912
-0.042000
-0.070104
-0.039834
-0.040372
0.054603
-0.012051
-0.003812
-0.007376
0.047540
-0.060200
0.081759
-0.054991
-0.050123
0.052794
0.042138
0.051910
-0.029012
0.006516
-0.089663
-0.011419
0.082710
0.026798
-0.047250
0.028780
0.001097
-0.057590
-0.032541
-0.086669
0.045880
0.011089
-0.026867
-0.047588
-0.070149
0.027145
0.008545
0.046592
0.038497
-0.022826
0.126235
-0.010736
-0.033967
0.043908
-0.011605
-0.064867
0.078221
-0.089581
-0.061223
-0.049853
0.024614
-0.080085
0.045486
0.012124
-0.031297
0.081456
0.058639
-0.021835
-0.074986
0.044352
-0.023718
0.071350
-0.051643
0.042590
-0.050020
0.085879
-0.017162
-0.021412
-0.032309
0.184348
0.011872
-0.019850
0.018976
0.064961
0.017014
-0.005284
-0.008045
-0.025964
-0.031275
0.051503
0.071094
0.060659
0.063545
0.007297
-0.003080
-0.043714
-0.107631
0.127048
-0.059760
0.026359
-0.118114
-0.045712
0.038437
-0.033777
0.002208
0.030613
0.036673
-0.042935
-0.019929
-0.027973
0.071159
0.049622
-0.033540
0.014931
0.009831
-0.027912
0.018189
0.047966
-0.060426
0.055097
-0.048304
-0.071661
0.001917
-0.072440
-0.097081
0.045396
0.024745
-0.000839
0.009864
-0.094838
-0.013144
0.089133
-0.036116
0.077554
0.038209
0.005112
0.124506
0.033748
0.005369
0.019847
-0.008043
0.007277
0.108287
0.062638
-0.005182
0.058717
-0.095322
-0.036424
-0.047878
-0.113160
0.031932
-0.022305
0.044465
0.093033
-0.003556
0.009017
-0.051142
-0.013630
-0.049639
0.148004
0.030690
-0.008920
-0.013077
0.041137
-0.042138
-0.041228
0.032025
-0.034971
-0.038527
0.062452
-0.020230
0.090995
0.057963
0.046779
0.000643
-0.014228
-0.084633
0.005345
-0.008060
-0.001701
-0.043133
0.069585
0.001509
0.044445
0.031171
0.003083
-0.048459
0.086762
0.016704
0.016864
0.075879
-0.019175
-0.143889
0.051456
0.031336
-0.076568
-0.038645
-0.038203
0.016236
-0.039153
0.066997
-0.006268
-0.039210
-0.047547
-0.069217
0.024713
0.050796
0.024634
0.014512
-0.030128
-0.050435
-0.051056
-0.072364
0.004201
-0.090760
0.029364
-0.050659
0.004915
0.029754
-0.022227
-0.003279
-0.079853
-0.104654
-0.078734
-0.160217
-0.041602
0.025367
-0.009850
0.006375
0.024790
-0.010853
0.080196
-0.063883
-0.034123
-0.002373
0.011583
0.009077
0.025422
0.041892
0.000203
-0.028920
-0.034228
0.015329
-0.049952
0.018785
0.053831
0.156034
-0.068623
0.034100
-0.006396
0.028483
-0.023241
0.044912
0.015417
0.054185
0.059837
-0.004303
-0.088238
0.030666
0.039714
-0.035585
-0.064011
0.029960
0.091264
-0.015798
-0.057204
0.076637
0.000413
-0.094222
0.054320
-0.029228
-0.046990
-0.029993
0.007492
-0.090373
-0.004802
0.062882
0.007754
0.000899
-0.036953
-0.016018
-0.023051
-0.026307
-0.042395
0.052048
-0.105010
0.028720
-0.046886
-0.022107
-0.020563
0.121466
-0.033809
0.059874
0.067978
-0.050531
-0.032116
-0.085618
-0.006020
0.023943
-0.036040
0.035868
-0.023962
-0.059201
-0.008158
0.031689
-0.032139
0.052727
0.097385
-0.075460
0.000567
0.078966
-0.045074
0.100050
0.002855
0.128543
0.061969
0.014991
-0.004072
0.016876
-0.016364
0.088976
-0.000046
-0.044698
0.009589
0.075334
0.015837
-0.003267
-0.045933
-0.062069
0.011080
0.052770
-0.135590
0.016652
0.045832
-0.001398
0.010279
0.004591
-0.020569
0.020675
-0.022962
-0.004881
0.078932
-0.014287
-0.077602
-0.026176
0.063372
-0.108730
-0.112018
-0.037396
0.001578
0.052315
0.071284
0.031482
-0.002523
0.032702
-0.012086
-0.009572
-0.070617
0.044998
-0.016414
-0.015584
0.046334
0.015598
-0.008181
0.036156
-0.075574
-0.076569
-0.063095
0.029801
-0.003571
0.054018
0.039691
-0.062558
-0.000790
-0.003329
-0.094005
0.000054
0.005014
0.007597
-0.022020
-0.055694
-0.082138
-0.147019
-0.000545
0.066257
0.009412
0.006448
-0.006283
-0.070113
-0.011334
-0.036027
-0.018113
0.015810
-0.008059
-0.031749
-0.080411
-0.038378
-0.006830
0.009057
-0.036836
0.080115
-0.063186
0.052389
-0.001771
-0.025234
-0.007540
0.044332
0.049374
-0.049161
-0.044001
0.070155
0.045194
-0.097395
-0.006726
0.046159
0.030784
0.004517
-0.028313
0.033368
-0.019925
0.006224
0.085880
-0.014325
0.032145
-0.006391
-0.004955
0.033810
0.069012
0.029525
-0.036104
-0.214421
-0.056681
-0.036238
0.048760
-0.064602
0.039831
0.024232
0.053127
0.000595
0.000341
0.022810
0.008017
-0.075665
0.022233
0.066084
-0.089868
0.072249
0.001797
-0.065849
0.036932
-0.025721
0.030855
0.044838
0.020791
-0.016486
-0.114336
-0.042184
-0.015877
0.034863
-0.029184
-0.077910
0.028504
-0.108816
0.039042
-0.005427
0.008975
0.005120
-0.140200
-0.047194
0.091663
0.100516
-0.075016
0.033786
0.008836
-0.035686
0.071550
-0.023037
0.021395
0.060621
0.026078
0.071397
0.082384
0.160124
0.126198
-0.066519
0.012679
-0.009015
0.070191
0.036736
-0.059511
-0.002572
0.079639
0.050712
-0.128856
-0.036321
0.021135
0.002827
-0.051580
0.006051
-0.068328
0.013456
-0.053618
-0.053822
0.057309
0.124859
0.015255
0.002614
0.026060
0.121963
0.015283
-0.025854
-0.027355
-0.034133
0.009823
0.026715
0.009249
0.083443
0.068710
0.096751
-0.083914
0.037481
-0.026754
-0.016321
-0.085252
-0.029264
-0.007808
0.035355
-0.034661
0.094493
0.001098
-0.028360
0.022579
0.010633
-0.024999
-0.122568
0.013443
-0.051193
0.003491
0.018682
-0.104586
0.093835
-0.120502
0.010100
-0.022437
-0.058222
0.018570
0.112666
-0.005526
0.134824
0.035434
0.016546
0.091541
-0.029295
-0.060275
0.018081
-0.047004
-0.014134
0.030337
-0.053687
-0.050733
0.110021
0.055907
-0.010098
-0.012914
-0.059109
-0.003980
0.017946
0.003571
0.004102
0.066857
0.056789
0.002766
-0.010367
0.050969
0.013196
-0.005563
0.040916
0.049627
-0.023976
-0.088562
-0.001084
0.041364
-0.027992
-0.043258
-0.057866
-0.098287
-0.089495
0.004241
0.032351
-0.117293
0.029382
-0.080554
-0.056658
-0.059129
0.007382
0.034276
0.068391
0.076520
-0.030094
0.014978
0.036660
-0.048648
-0.096737
0.004977
-0.002173
-0.049706
-0.008793
0.056492
-0.164256
0.068412
0.037474
0.082373
-0.038578
-0.052577
-0.007625
0.004858
0.086057
0.021172
0.045988
0.066463
-0.000831
-0.042819
0.075736
-0.071458
0.063889
0.000817
0.008562
0.015468
0.001246
0.124335
0.009444
0.050941
0.066497
-0.061437
0.118455
-0.003743
0.028920
-0.020544
-0.042172
-0.063333
-0.036531
-0.160763
0.065321
0.032478
-0.012939
-0.008515
0.052462
-0.014329
0.035813
-0.061870
-0.056414
0.074119
0.058878
-0.023307
0.028109
0.038895
-0.059256
0.053372
0.097480
0.117585
0.006911
0.050153
-0.144219
0.014485
-0.026377
-0.115071
-0.065180
0.010683
-0.009730
0.039271
-0.025477
0.007533
-0.088379
-0.019807
0.091839
0.045064
-0.153522
-0.014177
-0.085714
-0.034792
-0.002817
0.094663
-0.085162
-0.051592
0.023348
0.075026
0.013394
-0.099282
-0.018334
-0.063133
0.071916
-0.025632
0.038591
0.057558
0.016675
0.015931
-0.090239
0.046897
-0.092045
0.034997
0.100545
0.042183
0.032416
-0.005923
-0.053118
0.063838
0.003620
0.016203
0.065280
0.070712
0.015352
-0.018900
0.069858
-0.083182
0.005683
-0.031764
0.111777
-0.033799
-0.037258
0.049178
0.011030
0.055951
-0.026670
0.050221
-0.048954
0.046286
-0.084096
-0.027159
0.006191
-0.109116
-0.015427
-0.011905
0.010123
-0.032921
-0.005347
-0.068370
-0.078857
-0.030985
0.047379
-0.049197
0.038663
0.022773
0.011090
0.010919
-0.024865
-0.081428
0.012170
0.063805
-0.026374
-0.021912
0.059088
0.116017
0.122853
-0.053172
-0.004780
-0.042815
0.046198
-0.095977
-0.048014
-0.057711
-0.047764
0.002064
-0.028958
-0.017089
-0.033406
0.066011
0.070993
-0.050370
-0.026837
0.009457
0.050991
-0.028973
0.001565
-0.041471
0.002548
0.076615
-0.026134
-0.039408
-0.027362
0.019464
-0.059322
0.000622
0.061927
0.028327
0.111182
0.030780
-0.025782
0.042804
0.080644
-0.098338
-0.027947
0.133744
-0.107511
0.106274
-0.034167
0.033735
0.187215
0.026950
0.001074
-0.073292
0.076101
-0.002516
0.004987
-0.067005
-0.072213
0.065684
0.028922
0.126701
0.142193
0.051803
-0.009300
0.009992
0.006256
0.012487
0.006645
0.068766
0.046095
0.084559
-0.013217
-0.009077
-0.025342
-0.031139
0.141707
0.015296
-0.082687
0.024680
0.064669
-0.062173
0.137903
0.031994
-0.022467
-0.083936
-0.064181
0.138176
-0.066582
-0.075619
0.055849
0.100411
-0.065516
-0.078482
-0.025243
0.016925
-0.024142
0.017380
0.050367
-0.028534
0.067898
0.024605
-0.099590
0.049625
-0.013608
0.010207
-0.010165
0.035060
0.071998
0.013864
-0.030163
0.026325
0.029088
0.025041
0.065834
0.042565
0.061524
-0.002199
0.065795
0.032785
0.001018
-0.010289
-0.064850
0.006003
0.017011
-0.009728
-0.034263
0.076429
0.002041
0.027165
-0.064486
0.045404
-0.139487
-0.012788
0.102489
0.027762
0.031784
-0.024070
0.012756
-0.062114
-0.057552
0.121908
-0.020652
-0.046991
-0.047878
-0.006167
-0.065986
-0.003254
-0.043211
0.010167
-0.041460
0.066552
0.042080
-0.095267
0.000048
-0.074563
-0.034736
0.061345
-0.064943
-0.049132
0.004896
0.011415
0.007288
-0.054384
-0.019380
0.015436
0.007310
-0.033856
0.037549
0.082325
-0.108694
0.042350
-0.033396
0.083047
-0.064657
-0.090373
-0.048333
-0.052176
-0.009938
0.037330
-0.018881
-0.071554
-0.025536
0.066127
-0.103525
-0.068173
0.031896
-0.005586
0.013746
-0.008565
0.079761
0.052173
0.047219
-0.080338
-0.052328
0.041879
0.053558
0.022567
-0.041450
-0.034402
0.040482
-0.099036
-0.037635
-0.035233
-0.062337
-0.077654
-0.011415
0.087253
0.032276
-0.018019
0.021043
-0.044078
0.000997
0.062645
-0.034330
-0.133968
-0.032882
0.113360
-0.076276
-0.112101
0.071530
0.020028
0.074703
0.006445
-0.044689
0.012459
0.007084
-0.032023
0.033075
-0.031781
-0.016053
-0.032137
-0.054533
0.002922
0.026506
0.029388
-0.041028
-0.123171
-0.098833
-0.155743
-0.015574
-0.016003
-0.022607
-0.003018
0.040472
0.040267
-0.053962
0.034900
0.098878
0.033115
0.006722
-0.049250
0.053017
-0.011579
-0.016277
0.111613
-0.053882
-0.042858
0.089700
0.020503
-0.045123
0.029453
-0.018817
-0.019142
0.026427
-0.005424
0.125396
-0.051998
-0.076164
-0.084417
-0.137922
-0.018671
0.041557
-0.035850
0.008905
-0.071101
0.014186
0.030521
-0.046007
-0.026501
-0.058934
-0.047378
0.039986
0.045906
0.038562
0.060357
-0.009432
0.053938
0.037544
0.031525
-0.056112
0.033341
0.140712
0.045057
-0.112620
-0.103181
0.073852
-0.022451
-0.041761
-0.016662
-0.025434
0.007485
-0.026925
-0.055814
0.021347
0.001780
0.039767
0.004061
0.016580
-0.025362
0.030636
-0.049553
-0.036723
0.006336
-0.035494
-0.016091
0.050114
-0.064538
-0.004993
-0.037947
0.080666
0.028048
0.045124
0.059274
-0.046676
-0.015316
0.087704
-0.030138
0.049459
0.037344
-0.099010
-0.004147
-0.128043
-0.049486
0.048902
0.036908
-0.013851
0.060171
-0.047292
-0.028209
-0.077832
0.052275
-0.084582
0.013565
0.031509
-0.015554
-0.080935
0.010247
-0.131989
-0.040264
-0.019057
-0.152831
0.017541
0.013464
-0.033423
-0.006390
-0.087522
-0.025756
-0.057461
0.013933
-0.039873
-0.088726
-0.065272
-0.050556
-0.004460
-0.098775
0.114172
-0.022654
-0.001447
0.011680
0.076014
-0.009442
-0.001940
-0.040603
-0.011958
-0.021179
-0.004946
-0.005615
0.065656
-0.028286
-0.159878
0.003425
-0.055246
-0.147358
0.061797
-0.126666
0.028395
0.006216
-0.003716
0.004263
0.064605
-0.018497
0.065818
0.009958
0.034685
-0.052452
0.042407
-0.027047
0.062709
0.002173
0.056686
-0.000924
-0.007636
0.032504
0.050304
-0.086539
-0.031510
-0.143044
-0.008732
-0.021871
0.032178
-0.003423
-0.073098
-0.038921
0.005916
0.013445
0.004559
-0.033757
-0.084525
-0.024897
-0.015414
-0.018315
-0.036858
0.016584
0.003142
-0.123610
0.038257
0.069894
0.097671
-0.046868
0.058530
0.022494
-0.061264
0.053048
0.010276
0.053595
-0.023319
0.083630
0.072042
0.011499
-0.033663
-0.020405
0.091126
0.028771
-0.030461
-0.005841
0.064347
-0.049610
-0.015056
-0.019689
-0.095095
-0.044947
0.012088
0.042404
0.084519
-0.008012
-0.056107
-0.084068
-0.019329
-0.049844
-0.164096
0.025992
0.049745
0.170058
-0.031650
0.048027
-0.029507
-0.126460
-0.011369
0.020372
0.053334
-0.002861
-0.024126
-0.027371
-0.024670
-0.066277
-0.010465
0.050672
-0.042817
0.017178
0.051030
-0.027052
-0.044746
-0.046084
-0.038134
0.012463
0.108077
0.006399
-0.065373
0.125217
-0.006832
0.060942
-0.014356
-0.012053
-0.099474
-0.059366
-0.070382
-0.014741
0.019161
0.041232
0.003178
0.111798
0.090604
-0.020513
-0.020831
-0.085809
-0.041453
0.079581
-0.057224
0.026364
0.004078
-0.012291
0.002197
-0.010333
0.010357
-0.033034
0.026859
0.035200
-0.045889
-0.043206
-0.010757
-0.012964
0.005280
-0.109915
-0.080405
0.072734
-0.006364
-0.027837
0.035021
-0.022586
0.062331
0.077386
-0.042157
-0.060812
0.000619
-0.046994
-0.037009
0.010174
0.134705
-0.043499
-0.019814
-0.059239
0.025877
0.055065
-0.063349
-0.052988
-0.034275
-0.035024
0.007849
0.132282
-0.031941
0.058974
-0.009875
0.079647
0.057392
-0.018830
0.081388
0.053423
0.067226
0.107960
0.129909
0.012880
0.008873
-0.041279
-0.085020
-0.013106
-0.069302
0.000091
0.016345
-0.000208
0.012710
-0.049773
-0.065733
-0.069627
-0.011006
-0.004948
0.010373
-0.030965
0.001139
0.060483
0.037708
0.003503
0.033992
0.050524
-0.043246
-0.032720
-0.033554
-0.073003
-0.042887
0.017655
-0.018328
-0.110611
0.014760
0.000027
0.092565
-0.019867
-0.051780
-0.051614
-0.022959
0.036601
0.055524
-0.007350
0.010057
-0.015809
0.027680
0.007649
0.052338
0.052899
0.090457
-0.005293
-0.045202
0.019147
0.025651
-0.069911
0.047344
-0.024215
-0.098023
-0.039428
0.047222
-0.048305
-0.038866
-0.008070
-0.128385
-0.049644
0.010051
-0.085309
0.009181
-0.001645
0.016420
0.003465
0.031118
0.045353
-0.013629
-0.068917
-0.044072
-0.028238
0.055803
-0.097359
-0.017303
0.050337
0.033397
0.047817
-0.025869
-0.075295
0.026311
0.070892
0.078621
0.013512
-0.049518
-0.024726
0.056047
-0.059609
0.058931
-0.099561
0.054986
-0.027435
0.041989
0.018403
0.015978
0.085172
-0.006759
-0.040013
0.017053
-0.069649
-0.026459
-0.004350
0.071570
-0.102780
0.022161
0.067720
0.009593
0.013897
-0.072404
0.072819
-0.001257
-0.042997
0.052148
-0.014975
-0.023400
-0.033931
0.019621
-0.058286
-0.029163
0.021015
-0.004785
-0.062155
-0.054119
0.026407
-0.073487
0.091086
-0.021295
0.063823
0.001272
-0.006524
-0.022728
0.053427
0.038706
0.036271
0.086754
0.009659
-0.014390
0.054475
-0.033233
-0.047964
-0.089046
-0.019742
0.037874
-0.010181
0.015496
-0.031329
0.003090
-0.061818
0.105156
-0.031753
-0.044737
-0.080428
-0.027925
-0.071884
0.059723
-0.008097
-0.053175
-0.013071
0.033475
-0.017818
0.037734
0.030102
0.011998
0.041099
0.003678
-0.018113
0.006234
-0.017688
0.017060
-0.011761
-0.039919
0.037292
0.012968
0.030544
-0.011937
0.048530
-0.106248
-0.005891
0.075731
0.049215
-0.007250
-0.048409
-0.009553
-0.116891
0.110817
0.089821
-0.024083
0.033402
0.063302
-0.022019
-0.034495
-0.019630
-0.031675
0.037313
0.098210
-0.033923
-0.073503
-0.027090
-0.020019
-0.131985
-0.028646
0.012604
-0.020495
-0.020280
-0.013468
0.016988
0.015191
0.049955
0.000659
-0.026906
-0.106931
-0.011924
-0.130905
0.064477
-0.016183
-0.027639
-0.003283
-0.003158
-0.009534
-0.018545
0.049443
0.084609
0.049546
0.050957
-0.030455
0.064302
0.013318
0.021747
0.052813
-0.078250
-0.034601
0.083643
-0.046620
-0.037520
-0.037928
0.091172
0.020504
0.028891
-0.049431
0.001130
-0.063329
-0.035513
0.064003
0.074313
-0.001403
0.053072
-0.015397
-0.001957
0.027115
-0.038411
-0.014714
0.013010
-0.068680
0.033803
0.003556
0.047967
0.028649
0.016338
-0.043700
0.095594
-0.012281
0.052904
0.050540
0.044517
0.021196
0.103041
-0.048299
-0.037660
-0.039533
-0.017375
-0.013903
-0.064883
-0.040633
-0.062592
0.031325
-0.002967
0.022663
0.080525
-0.037833
-0.137508
0.033077
-0.030263
-0.040265
-0.018676
0.053701
0.041042
0.013907
-0.023811
0.075756
-0.035712
-0.016090
-0.067655
0.056169
0.045600
-0.060839
0.027930
0.053656
-0.063837
-0.004241
-0.057351
0.007880
0.084400
0.075508
0.008742
-0.004433
0.048621
-0.005177
0.037306
-0.012828
0.073512
-0.061645
0.003458
-0.075162
-0.074570
0.067746
-0.025934
-0.020072
-0.168721
-0.066301
0.035218
-0.054042
0.059015
-0.056271
-0.051451
0.020762
0.073055
-0.025123
0.121308
0.048406
0.105362
0.031765
-0.031281
0.019857
0.042984
0.076882
-0.031209
-0.049064
-0.042013
0.054496
0.034076
-0.005081
-0.013983
-0.037761
0.002190
0.125903
0.045158
-0.033948
0.028803
-0.074911
0.013449
0.009392
0.010979
-0.031457
0.007865
0.055949
-0.014755
0.068034
-0.065747
0.066456
0.065940
-0.036440
-0.039882
0.040558
-0.047770
0.038200
0.010122
-0.021935
-0.031600
-0.054390
0.099264
0.039946
-0.034799
-0.053756
0.011368
-0.069276
0.027210
0.128224
-0.006464
-0.054717
0.084254
0.088573
0.008207
0.038256
0.028459
-0.012882
0.009026
0.068143
0.010927
-0.027872
0.010815
-0.015110
-0.080928
0.000779
0.056078
-0.048011
0.044070
-0.029375
0.096584
0.002075
0.036436
-0.030113
0.015579
0.075744
0.068940
0.064583
-0.057199
-0.062300
0.049703
0.005323
0.056817
-0.040840
-0.039843
0.069075
0.084110
-0.000308
0.052073
-0.026476
-0.035773
0.002359
-0.086124
0.085075
0.012647
0.008606
-0.028280
-0.061554
0.006609
0.127423
-0.013213
0.079901
0.060397
0.070637
0.008605
-0.008170
0.038445
0.028796
-0.024396
0.037816
0.090323
0.012909
0.059096
0.031577
-0.085577
0.068799
0.058532
-0.129957
-0.107759
0.055578
0.002029
-0.044428
-0.083499
-0.015125
0.096282
-0.040866
0.027655
0.011122
-0.000352
0.189997
0.020732
-0.009380
-0.036397
0.004249
-0.065831
-0.051454
-0.042309
0.024872
-0.051002
0.022579
-0.005840
0.132882
0.006953
0.009340
-0.033045
0.009531
-0.017624
0.114399
0.089061
-0.006687
0.004218
-0.083013
-0.021383
0.042302
-0.041721
0.003335
0.033795
-0.012946
-0.053603
-0.006170
-0.008643
0.023696
0.055700
0.016630
0.049897
-0.048528
0.007433
0.011196
0.096752
0.021987
-0.120237
-0.014862
-0.051792
0.029232
-0.043724
-0.036032
0.004106
-0.007126
0.046872
-0.073412
-0.090100
0.020347
0.018040
-0.041111
0.005241
-0.002899
0.008071
0.017422
0.096769
0.006173
-0.090384
-0.098081
-0.020554
-0.028706
-0.041677
-0.007381
0.028150
-0.026150
0.160929
0.020349
0.014342
-0.029200
-0.212836
-0.005112
-0.070932
-0.035232
-0.000210
-0.061768
0.056673
-0.123442
0.049747
0.099726
0.052622
0.002909
0.035231
-0.051071
0.030750
0.035295
0.143051
-0.075975
-0.032406
-0.014900
-0.092857
0.014302
0.046877
-0.005047
-0.016428
0.034721
0.054656
-0.018577
-0.011736
0.071885
0.058740
0.097793
0.081072
-0.023790
0.011451
0.105565
0.014203
-0.070942
0.042132
-0.025480
-0.062418
0.002213
-0.046390
-0.116392
0.015390
0.148627
0.063298
0.004569
0.033374
0.048687
0.101898
-0.083849
0.066182
0.025948
-0.024094
0.046260
-0.007536
0.049623
-0.009980
0.006596
0.036072
0.042249
0.000500
0.027915
0.094402
-0.044189
0.095419
-0.033006
0.026485
0.014008
-0.075949
-0.079984
-0.053456
0.057301
-0.017398
0.112097
-0.002977
-0.043077
-0.059599
-0.023567
-0.027632
-0.023645
-0.039844
0.011832
-0.045648
0.016560
-0.054131
0.023847
0.038541
-0.044186
-0.028520
-0.044835
-0.023111
-0.069612
-0.087675
0.075835
0.014926
0.022798
-0.004831
0.006099
-0.033164
-0.030563
-0.028011
-0.057229
-0.026073
0.053072
0.043688
-0.032098
-0.036842
-0.063130
0.037281
0.051095
-0.020322
0.084770
0.071403
0.020694
-0.006379
-0.014893
0.061915
0.047526
-0.008795
-0.035797
0.000383
-0.040955
-0.003190
0.027439
0.010297
-0.087259
0.002483
0.032685
-0.035448
0.080707
0.026711
0.000318
0.006980
0.051000
0.031637
-0.017361
0.008537
0.050147
-0.027868
0.014002
0.078095
0.136767
0.022351
-0.034828
0.136038
0.133174
-0.065137
-0.015774
0.113362
-0.055137
0.059934
0.060809
-0.004360
-0.142131
0.059730
-0.048648
0.099758
0.106922
-0.006755
-0.010581
-0.024100
-0.066849
0.058003
0.036673
0.004793
-0.023870
0.143946
0.009945
0.039145
-0.129480
-0.016082
-0.086559
-0.048222
0.106474
0.037225
-0.005514
0.011536
-0.005850
0.000110
0.049809
0.033571
-0.077001
0.027206
0.134595
0.016635
-0.031164
0.009875
0.005195
-0.037261
0.029006
-0.098443
-0.043822
0.018025
-0.100351
-0.014510
0.052186
-0.022404
-0.032792
0.017463
0.035061
0.079360
0.031377
0.003350
0.045373
0.052625
-0.065109
-0.046441
-0.070691
-0.042763
-0.122532
0.105569
-0.046923
0.063199
-0.011971
0.055671
0.033990
0.090922
0.005189
-0.004094
-0.016346
0.048698
0.088968
-0.019862
0.028880
-0.093704
-0.014289
0.076197
0.068044
-0.067918
0.051470
-0.040072
-0.004409
0.063463
-0.053381
0.012272
-0.084101
0.003563
0.013062
-0.012773
0.024817
0.009771
-0.040378
-0.017856
-0.004211
-0.037249
0.029905
-0.074622
0.025884
-0.040294
-0.042397
-0.075772
0.053653
0.055211
-0.037867
0.153012
0.069392
-0.090416
0.019318
-0.020804
0.016575
0.029048
-0.004932
-0.061509
-0.003808
-0.002072
0.015258
-0.022698
-0.015044
-0.054094
-0.023349
-0.019395
-0.026850
0.044964
-0.102554
-0.021567
-0.068577
0.025720
0.075617
0.043654
-0.011209
-0.020022
0.022819
0.006344
0.118288
-0.014766
0.012686
0.086378
0.071825
-0.062628
0.034426
0.035508
-0.154190
0.162479
0.042570
0.018636
0.055206
-0.079915
-0.087474
0.049982
-0.031401
-0.034332
-0.064419
0.058802
-0.062914
0.035729
0.008766
-0.041758
-0.044243
0.091152
0.005661
0.053321
0.060954
-0.064272
0.011892
-0.033859
-0.004170
0.072334
-0.027400
0.052029
0.013872
0.084582
-0.006135
-0.074052
0.019208
-0.001581
-0.026789
0.049535
0.011451
0.088580
0.051083
0.040713
0.078312
0.028623
0.055502
0.036096
-0.045602
0.051307
0.081848
-0.042312
0.020724
0.045167
0.083759
0.025257
-0.124681
0.068653
-0.009249
-0.132419
0.033325
-0.059940
0.010095
-0.003655
-0.008527
-0.058381
-0.062472
-0.086993
-0.062643
0.008175
-0.015969
0.082881
0.062604
0.073037
-0.067760
-0.018383
0.023028
0.022822
-0.016050
-0.012294
0.102988
0.071982
0.027319
-0.016556
0.078949
-0.078054
-0.086610
0.036646
-0.074802
0.001544
0.049646
0.107205
0.016050
-0.061581
-0.080234
0.025914
0.032837
0.003675
-0.069916
0.031674
0.149153
-0.081084
0.001393
-0.052140
0.018980
0.058718
-0.013058
-0.017963
0.104966
0.063987
0.052496
0.019847
-0.020849
-0.001025
-0.033801
-0.024290
0.082802
-0.087070
-0.044703
-0.092622
0.035548
0.026916
0.046614
-0.043495
-0.135233
-0.013087
0.035642
0.058555
-0.076236
0.077589
-0.009468
-0.059095
-0.099073
0.006404
0.060111
0.118977
0.054702
-0.017500
-0.074842
-0.026571
0.031265
-0.048019
-0.056413
-0.086389
-0.037710
-0.016737
0.060281
-0.006460
0.001904
0.001471
-0.084186
0.102604
0.074964
-0.145613
-0.008796
-0.015454
0.080758
-0.009994
0.028484
0.014692
0.001337
-0.082318
0.062784
0.045391
0.061537
0.094436
0.044361
-0.039300
-0.046035
-0.031984
0.040528
-0.096581
0.109676
-0.058069
0.010271
0.154077
-0.101143
-0.025815
-0.144747
-0.080611
0.105959
-0.078587
-0.019701
-0.086922
0.054932
0.051349
-0.054550
0.006928
-0.105925
0.082833
0.028060
0.119820
-0.020239
0.010934
-0.073612
-0.018170
-0.009700
-0.014616
-0.099097
0.009180
0.019998
-0.078878
-0.066934
-0.077837
0.017177
-0.015103
0.003148
-0.029096
0.031542
-0.052373
0.060342
-0.011906
0.038899
-0.030959
-0.034296
-0.025251
-0.056332
-0.008951
-0.049786
0.015117
-0.082806
0.005951
-0.134753
0.115455
-0.036261
0.131499
0.001350
-0.012879
0.037709
0.005193
0.047686
-0.013092
0.011411
-0.113654
-0.015113
0.071444
0.003460
-0.040983
-0.017901
-0.113238
-0.144237
0.002557
0.094780
-0.001396
0.016389
-0.002237
0.032677
-0.121074
-0.024188
0.002263
-0.042152
-0.051591
0.006511
0.030970
0.013887
0.010000
-0.029434
0.020163
-0.101442
-0.025212
-0.017222
0.021848
-0.108959
-0.031887
-0.096183
-0.081088
-0.028454
0.039686
0.010929
-0.103615
0.011867
-0.010707
-0.040466
-0.022199
0.037218
0.078835
0.044580
0.020707
-0.055427
0.002656
0.003550
-0.026029
0.043605
0.002636
0.130511
0.095645
-0.014309
-0.012534
-0.010651
0.038876
0.023414
0.075528
-0.018045
-0.051251
-0.079818
-0.132588
0.030829
-0.072716
-0.025606
-0.006489
0.010735
0.044005
0.052629
0.062212
0.048342
0.022058
0.055168
0.019624
0.060902
0.028055
0.006340
0.024007
-0.020512
0.032285
0.097854
0.073371
0.010413
0.048133
0.074112
0.035468
0.045663
-0.039164
0.027995
-0.002500
0.007169
-0.040824
0.005151
-0.022816
0.009960
0.079585
-0.006189
0.085555
0.030360
0.020801
0.018822
-0.006961
-0.011210
-0.073342
-0.024669
-0.018982
-0.021248
0.017131
-0.002344
-0.028208
0.008156
-0.032869
-0.060863
0.072950
0.069504
-0.092346
-0.017920
-0.056983
0.086476
-0.062237
0.001155
-0.051992
0.099426
-0.169502
0.023237
0.041342
-0.043450
-0.019039
-0.011553
-0.031850
-0.028456
0.098113
0.064059
0.046636
-0.007186
0.022360
-0.158808
0.041503
0.049828
0.030193
-0.144649
0.034903
-0.061223
-0.022892
-0.037728
-0.055904
0.009196
0.009522
0.032051
-0.052909
0.048791
-0.026369
-0.001088
-0.029789
-0.072366
0.116513
-0.068296
-0.041326
0.114375
0.004330
-0.036749
0.034933
-0.105018
0.004563
-0.120096
0.029186
0.038990
0.058927
0.043020
-0.062608
-0.081774
-0.030314
0.040739
-0.023331
-0.025627
0.091791
-0.013758
0.071900
-0.000452
-0.010821
-0.063697
-0.091021
0.139635
-0.004785
0.037229
0.027020
0.005785
-0.042268
0.042715
-0.017307
-0.016854
0.035135
0.009476
0.021017
0.020394
-0.043373
0.003034
-0.028669
0.072735
-0.022142
0.021615
-0.058442
0.040866
-0.013195
0.111761
-0.061100
-0.088008
0.044833
0.002178
-0.012333
0.029085
-0.065219
-0.034702
-0.024484
-0.105304
0.007172
0.028641
-0.019826
-0.008204
0.007633
0.021400
-0.049864
0.140982
0.016670
-0.013561
-0.059032
0.069710
0.077559
-0.006291
0.088482
0.009769
0.069530
-0.135166
0.056008
0.049489
0.066680
0.001935
0.002813
-0.023752
-0.072536
-0.032663
-0.005090
-0.060427
0.016468
0.018890
-0.019590
-0.038744
0.014438
0.092307
0.082873
-0.039788
-0.050193
0.102741
-0.148483
0.018526
-0.019095
-0.035903
0.015330
-0.029948
-0.000085
0.021059
0.017601
0.097718
-0.115274
-0.049227
-0.009656
-0.052261
0.083798
0.073413
-0.121450
-0.050828
-0.016926
0.127717
0.078915
-0.093112
0.003191
0.047249
-0.062669
-0.048849
-0.058141
-0.030538
-0.016486
-0.034898
0.009313
-0.175481
0.108963
0.028594
0.085834
-0.019884
0.053493
0.047073
0.051051
-0.074776
-0.006247
-0.059545
-0.057119
-0.049595
0.100779
0.022661
-0.015258
-0.003276
0.026675
-0.016929
-0.033106
-0.064921
0.022990
0.031677
0.036112
0.021648
-0.063829
-0.030672
-0.050620
-0.066289
-0.024513
-0.056877
-0.010203
-0.046602
-0.057987
-0.046334
0.057377
-0.071198
-0.073765
0.085048
-0.113556
0.046489
0.041117
0.012863
0.078913
-0.154107
0.076231
0.076568
0.007959
0.037672
0.013281
-0.032276
0.012115
0.004256
-0.011021
-0.042386
0.067795
0.039472
0.012171
-0.020406
0.039724
-0.034811
-0.041490
0.004810
-0.025178
0.029228
-0.051642
0.127964
0.029658
0.053715
-0.103188
0.014148
0.044134
0.004671
-0.002217
-0.001782
-0.010281
-0.141255
0.078058
-0.009316
0.101312
0.018710
-0.059854
-0.015433
-0.112064
-0.109050
-0.053646
-0.045397
0.062031
-0.028564
-0.009114
-0.013179
0.009261
0.068774
0.014572
0.041649
0.152985
-0.106740
0.038667
0.020700
-0.073860
0.022185
0.037371
-0.006514
-0.052608
-0.023113
0.035150
-0.018356
-0.079792
0.034059
0.057542
0.018200
-0.014423
0.043544
-0.075178
-0.057661
-0.051409
-0.005614
0.046635
-0.035827
-0.056449
0.037453
-0.100635
-0.021111
0.029079
0.124673
0.050633
-0.046306
-0.034059
-0.018626
-0.038484
0.019397
-0.021882
-0.047257
-0.045920
0.052312
-0.010361
-0.029345
-0.091657
0.004298
0.013593
0.017476
0.037373
-0.139182
0.106379
-0.002061
0.084338
0.012822
0.056395
0.077321
-0.088057
-0.052811
-0.060249
-0.006613
-0.075708
-0.146290
-0.027404
0.045402
-0.011317
-0.099036
0.021317
-0.049948
0.052335
0.087304
-0.018355
-0.025057
-0.025444
-0.008575
-0.018763
-0.065275
-0.045446
0.075694
0.007556
0.137727
-0.010164
0.032451
-0.037790
-0.016303
0.012334
-0.038342
0.044432
0.050868
-0.002436
-0.028097
-0.128510
-0.054823
-0.003647
0.016967
0.005642
-0.005467
-0.021166
-0.061723
-0.052338
0.107065
-0.061247
0.046564
0.071484
0.077333
-0.041378
-0.051600
-0.017833
-0.035555
-0.001399
-0.019692
-0.123288
-0.005244
-0.023344
-0.060653
0.025558
0.048771
0.030688
0.036080
0.038691
-0.110689
0.057861
-0.013487
-0.047200
-0.032038
0.048205
0.078612
0.055238
-0.078774
-0.128286
0.049047
0.045878
0.019544
-0.005789
0.099568
-0.090584
0.019264
0.027873
0.024923
-0.045225
0.073581
0.054919
-0.000113
-0.073069
-0.024896
-0.089862
-0.085892
-0.035230
-0.098772
0.006554
0.075291
-0.023039
-0.013268
0.084885
-0.057141
-0.100329
0.010766
-0.009400
-0.035322
-0.001074
0.001826
-0.062503
-0.051432
0.075581
-0.046463
0.007390
0.019600
-0.043270
0.049669
0.067657
-0.092454
0.056566
-0.011680
-0.036314
-0.021520
-0.016831
-0.039711
0.092866
-0.044774
-0.023224
-0.037940
0.054990
0.021496
-0.014721
-0.045490
0.022582
-0.081561
0.056800
0.065368
-0.034810
0.023699
-0.042113
-0.009763
0.055174
-0.004920
0.033407
0.085379
0.042574
0.036417
-0.061726
0.070918
0.045263
0.037008
-0.033037
-0.024120
-0.001757
-0.034571
0.037919
0.090757
-0.147594
0.010570
0.050359
-0.002504
0.015180
0.012800
-0.038805
-0.120394
-0.075392
-0.050927
0.003141
-0.089953
0.032070
0.039449
-0.025549
0.020260
-0.002059
-0.072554
-0.049297
-0.091181
-0.031298
0.028490
0.021883
0.052613
0.009351
0.001683
-0.001301
0.068666
-0.037179
-0.015883
0.038000
-0.090026
-0.075379
-0.023061
0.077848
-0.045810
0.057584
0.025917
-0.098118
-0.014220
0.102369
0.058920
0.034045
0.029231
-0.093644
0.099462
-0.112748
0.010561
0.028724
-0.020717
-0.016098
-0.083221
-0.030135
-0.076275
0.035880
-0.002894
-0.008279
-0.112352
0.002869
-0.079644
0.038829
-0.010587
0.059968
-0.014783
-0.048719
-0.079714
-0.020200
-0.058606
0.091211
-0.066409
0.035171
-0.052730
-0.058031
0.034230
-0.018098
0.022646
-0.088782
0.068259
0.008382
-0.036217
-0.069219
0.010784
0.007935
0.032705
-0.010948
0.062456
0.000730
0.079039
-0.032647
0.061198
0.100861
-0.070103
0.037816
0.164833
0.029438
0.040558
-0.059850
-0.101596
0.033577
-0.017296
0.003859
0.033156
-0.033263
0.069502
-0.013961
-0.091327
-0.079309
0.063024
0.059269
0.099049
-0.016730
0.085889
-0.011726
-0.061544
0.013913
-0.021219
-0.040111
-0.100071
-0.006386
0.065315
0.093024
-0.092605
-0.005928
0.036408
0.064544
-0.081694
0.088242
0.003865
-0.030499
0.072294
-0.009356
-0.073238
-0.131419
0.074426
-0.057491
-0.067869
-0.021291
-0.008401
0.164398
0.005450
-0.039996
0.054602
0.038930
-0.029032
0.040290
0.050421
-0.002863
0.061999
-0.057493
0.034317
-0.108795
-0.024101
-0.049949
0.028734
0.023823
0.006435
-0.046459
0.021608
-0.052234
-0.101178
-0.064097
0.164834
0.056792
0.060608
0.031485
-0.071108
-0.086847
-0.041385
0.060646
-0.056193
0.116817
0.146054
-0.053630
-0.034108
0.001434
0.100868
0.033430
0.059536
0.039374
-0.077611
-0.000532
-0.016953
0.056797
-0.042657
-0.024481
0.089466
-0.068330
0.094044
-0.013212
-0.021770
-0.016188
-0.010794
0.057725
-0.000789
-0.057622
-0.024902
0.052241
-0.142834
0.027735
0.000916
-0.111292
-0.081428
0.049723
0.018263
-0.040740
-0.011868
-0.067791
0.023788
-0.046033
0.019805
-0.080505
0.072087
-0.050058
-0.016696
0.012288
0.012575
0.065160
0.112591
-0.103327
-0.064928
-0.094311
-0.035673
0.012042
-0.027876
0.026664
-0.056984
-0.032017
0.087756
0.029314
-0.101073
-0.013656
-0.051648
-0.022341
0.070302
-0.014102
-0.064984
0.038273
0.173210
0.035338
-0.042912
0.022060
0.064690
-0.084018
0.040968
0.051018
-0.021055
0.026517
-0.039396
0.008992
-0.066135
-0.004476
0.048858
0.037552
0.013032
0.066126
0.184970
0.075440
0.009778
-0.016044
-0.010526
-0.043590
-0.027909
-0.033556
-0.059391
0.065377
0.122789
0.003683
0.007012
0.029308
0.014313
-0.044792
-0.062858
-0.075073
0.143685
0.051448
0.039336
-0.038628
-0.025788
-0.014990
-0.105887
0.065958
0.019693
-0.026285
-0.041191
0.012984
-0.021667
-0.028899
-0.088982
-0.018191
-0.007776
-0.043262
-0.009561
0.023650
-0.003341
0.028766
0.042210
-0.028468
0.036772
-0.000812
0.087555
0.060102
-0.066566
0.054454
-0.101734
0.044054
0.092743
0.084219
-0.001306
-0.075180
0.028224
-0.052184
0.006553
0.044972
-0.014102
-0.013435
0.055765
-0.102585
0.028990
0.020744
0.023926
-0.090704
-0.016234
0.025708
-0.072237
0.074355
0.031578
-0.019854
0.010678
0.075827
0.012377
0.063419
-0.052881
-0.057736
-0.013383
-0.020160
-0.026053
0.086136
0.019459
0.105436
0.075950
0.027609
-0.119887
0.035193
-0.081496
-0.106519
-0.002858
-0.020716
-0.044760
0.054084
-0.025513
0.038065
0.113345
0.007048
0.088072
0.071335
-0.010133
-0.037663
-0.033787
0.023792
-0.028715
0.071329
0.075697
-0.010969
0.016453
-0.057125
-0.083049
0.063512
0.006567
-0.045674
0.167110
0.028392
0.038451
0.067932
-0.034451
-0.069189
0.002991
0.032384
-0.112768
-0.003859
0.012549
-0.018775
0.007367
0.020229
-0.021876
-0.085305
-0.074431
-0.053584
-0.048600
-0.008183
0.024834
-0.074180
0.030388
0.048926
0.059769
-0.009140
0.001161
-0.035155
0.072195
-0.019656
-0.082007
0.064303
0.016464
-0.005996
0.005268
-0.090659
0.046287
-0.032162
0.080273
0.001132
0.040313
0.070096
-0.111734
0.070857
-0.030746
0.031169
-0.013503
-0.001056
0.002588
0.010589
0.072499
-0.066766
-0.051784
0.035024
-0.058743
-0.111731
-0.087097
0.054028
0.084003
0.103444
-0.007367
-0.029370
0.023350
0.026731
-0.002657
0.022808
-0.002752
-0.054929
0.015585
-0.035499
0.036352
0.001802
0.072054
0.023567
-0.096543
0.006678
0.035247
-0.057665
0.059478
-0.045054
-0.000888
0.003278
0.047246
-0.084167
-0.009674
-0.045465
-0.025740
0.026612
0.031342
0.026286
0.024871
-0.078966
-0.093947
0.065700
-0.020429
-0.025423
-0.081593
0.002877
0.015512
0.005589
-0.009342
0.026876
-0.054308
-0.003975
-0.018877
0.092263
-0.012896
0.054987
0.058818
-0.004038
-0.003060
0.063236
-0.075875
-0.074036
-0.034347
0.106639
0.008888
0.067303
0.023218
-0.043690
-0.064659
0.023373
-0.023299
-0.069888
0.007201
-0.039604
-0.023785
-0.041763
-0.088501
0.062833
0.027854
-0.036943
0.022948
0.022838
0.028207
0.009486
-0.051653
-0.060478
-0.062617
0.023481
-0.019266
0.011934
0.001549
-0.058141
0.027210
0.003344
0.002702
-0.040178
-0.090072
-0.000726
0.094474
-0.085178
0.049093
0.042590
-0.010523
0.013461
0.003887
-0.000319
0.046595
0.047441
-0.076930
-0.086816
0.104663
0.041697
-0.070795
0.062853
-0.015352
-0.014676
-0.044776
-0.045073
0.085272
-0.013644
0.073602
-0.091315
0.041376
-0.011154
0.045993
-0.064247
0.058056
0.148052
0.062518
-0.030143
-0.057511
-0.007394
-0.074376
-0.009182
-0.029025
0.101784
0.014769
0.013746
0.066812
0.064342
-0.068140
-0.133279
0.003037
0.067771
0.003342
0.003934
0.006747
-0.037628
-0.000008
0.013332
0.100766
0.044238
-0.069998
-0.107079
-0.042891
-0.076090
0.006726
-0.050371
-0.034902
0.053722
-0.079454
-0.064699
0.003573
0.033832
-0.101785
-0.040652
0.102776
-0.026999
-0.000704
0.001137
-0.038016
0.015058
-0.008291
0.020104
-0.040551
0.149525
0.011210
-0.064335
-0.057236
0.055663
-0.030792
0.039374
-0.034153
-0.091204
-0.024939
0.041728
-0.076028
0.022146
-0.014796
0.009769
-0.014054
-0.057585
0.077066
0.016445
0.050456
-0.095666
0.023729
0.047967
0.000752
-0.018783
0.008480
0.022894
0.026900
0.036397
-0.135084
0.001251
0.006784
0.083266
0.016454
-0.074124
-0.025853
-0.004324
-0.068687
0.081541
-0.046322
0.033875
0.018070
-0.070210
0.075834
0.024054
-0.044831
-0.005026
-0.062562
0.000528
0.082556
0.110032
-0.080768
0.004126
0.021964
0.147835
0.008051
0.028619
-0.052962
0.010794
0.010803
-0.021240
0.007182
0.028585
0.090049
-0.022136
-0.008303
0.113325
-0.000029
-0.027275
-0.023666
-0.035122
0.087504
0.101512
-0.038415
0.034017
0.042589
-0.023622
-0.122844
0.053638
0.036500
0.022538
-0.049926
0.057196
-0.114567
-0.052008
0.063732
-0.120538
-0.035559
0.043788
-0.016700
-0.017594
0.119791
0.004322
0.017094
-0.091207
-0.023180
-0.057251
-0.092976
0.035893
0.073048
0.022500
-0.027285
-0.021708
0.012726
-0.051170
-0.010213
-0.015428
0.061647
-0.007526
0.008658
-0.046069
0.080955
-0.069769
-0.055647
0.025206
-0.023108
0.007330
0.143570
0.104236
0.044131
0.031598
0.058290
0.020358
0.045438
0.096670
-0.035046
-0.029204
-0.040905
0.000455
0.074336
0.002055
-0.034026
-0.069467
-0.106047
0.009985
-0.044814
-0.092915
-0.051309
0.031139
0.021598
0.119283
-0.028313
0.043512
-0.060350
-0.047868
0.043829
-0.044390
0.048641
0.072938
-0.045608
0.066205
-0.036976
-0.026559
-0.041970
-0.147968
0.020245
-0.108230
-0.035597
-0.017019
0.026569
0.040320
-0.049491
-0.036070
-0.013788
0.055867
0.025338
-0.054676
-0.031855
0.013810
-0.062934
0.027769
-0.018818
0.048325
-0.025952
0.049134
0.008710
0.066708
-0.011692
-0.030243
-0.000655
-0.066070
0.067411
0.091394
0.023703
0.058042
0.045725
0.038670
-0.053237
-0.046859
0.042993
0.013791
-0.005709
0.023595
0.037967
-0.098868
0.178573
-0.022041
-0.011243
0.088741
-0.116388
0.006586
-0.041331
0.103407
0.084231
-0.055192
0.068788
0.071928
-0.025988
-0.011345
-0.129126
0.052237
0.056118
-0.056216
-0.032063
0.032124
-0.001100
0.112346
-0.165921
-0.053943
-0.054806
0.048553
-0.011897
-0.045337
-0.030942
-0.064249
-0.020907
0.018951
0.086376
0.161560
0.007175
-0.050314
-0.022920
-0.009811
0.025199
0.047203
0.068271
0.042220
0.014421
-0.036559
0.021730
-0.057149
-0.042026
0.060906
-0.090684
-0.004932
0.070749
0.140852
0.056703
0.007370
-0.020629
-0.134651
0.005224
-0.013087
0.027914
-0.055932
0.008423
-0.006886
-0.063883
-0.037526
0.034080
0.020688
0.041237
-0.103979
0.056221
-0.022225
0.000181
0.075997
-0.005572
-0.045207
0.000231
0.093626
0.052479
0.006038
-0.004234
0.031413
-0.059133
0.027928
0.049567
0.002252
0.038880
-0.080302
-0.014608
-0.025920
0.000581
-0.012134
-0.053738
0.005893
-0.050188
-0.034129
-0.008021
-0.002091
-0.031257
0.069896
-0.090759
-0.010050
0.125232
0.103091
0.085008
-0.052968
-0.085696
0.061522
0.026497
0.018988
0.133282
0.064050
0.029058
-0.047728
-0.088548
0.007336
0.051475
-0.000940
0.023079
0.044697
-0.024845
0.002457
0.014783
0.048122
-0.014035
-0.097302
-0.012485
-0.073234
0.056955
0.037159
-0.060162
-0.052361
0.013906
-0.003063
-0.016623
-0.122555
-0.018154
0.018224
-0.011707
-0.074132
-0.104730
0.039882
0.030634
-0.055331
0.000488
-0.000035
-0.048000
-0.002693
0.013176
-0.006988
-0.037260
0.011435
0.052886
0.017010
0.081290
-0.095804
0.019593
0.018052
-0.005199
0.043173
0.074667
0.008272
-0.022606
0.022830
-0.005160
0.036847
-0.073343
0.178384
0.046003
-0.085959
-0.029426
0.037341
-0.060776
0.069140
-0.011940
-0.023600
0.015356
-0.056964
-0.053228
-0.001566
-0.015779
0.019798
0.000137
-0.133623
-0.024303
-0.060593
-0.108453
0.053197
-0.016658
-0.056482
-0.039800
-0.008456
-0.058794
-0.086976
-0.132773
0.096658
-0.044727
-0.105271
0.031812
0.097486
-0.087587
0.002022
-0.030434
-0.074285
-0.013670
-0.075784
0.060324
0.093988
-0.021789
0.036492
-0.014369
0.046402
-0.077542
0.041304
-0.078399
-0.057573
-0.100988
0.071397
0.049814
0.028620
0.034918
-0.018709
0.013978
0.006317
0.063223
0.007693
0.034882
-0.170788
-0.083107
0.107920
0.016254
-0.062589
-0.015004
-0.032507
0.022867
0.074998
0.039612
-0.117189
-0.123563
-0.022888
0.052183
0.008915
-0.062979
-0.074704
-0.007269
-0.115841
0.017274
-0.034495
-0.065482
0.046417
-0.015702
0.049322
0.026711
0.042182
0.081288
0.033054
-0.054450
-0.042517
-0.014256
-0.007244
-0.040116
0.064376
0.057953
0.010147
-0.001444
-0.062834
0.051509
0.010433
-0.005651
0.018501
-0.088678
0.019777
0.066186
-0.059099
-0.040981
0.006681
-0.062815
0.185133
0.002394
-0.052401
-0.033428
0.043436
0.003135
-0.045689
0.032102
-0.071811
0.029812
-0.042790
0.020100
-0.055743
0.004372
-0.003868
0.081928
-0.012330
-0.000954
0.015260
-0.068174
-0.042724
-0.114551
0.035594
0.068176
0.060965
0.057836
0.086713
0.028125
0.051512
0.022739
-0.047435
0.121686
0.006854
0.061470
-0.110972
0.055461
-0.045475
-0.017229
0.045634
0.030865
0.024659
0.045851
-0.087166
-0.029531
-0.003096
-0.036605
-0.163755
0.071466
0.009060
-0.044115
0.072902
0.067475
-0.038530
-0.039188
-0.004893
0.050239
-0.015714
0.020554
-0.069949
0.009471
-0.017122
0.040488
-0.054116
-0.003415
0.134334
0.008586
0.032593
0.005503
-0.004967
-0.072500
-0.014232
-0.042138
-0.027395
0.065068
0.004049
-0.098675
0.027654
-0.060041
0.044465
-0.033815
0.012863
-0.064874
-0.046021
-0.071479
0.000611
0.030976
0.111140
-0.023157
-0.064908
0.001400
-0.040080
-0.054976
-0.021677
0.059173
-0.005031
-0.062252
0.021929
0.004631
0.100513
0.015516
-0.032005
-0.143036
0.026153
-0.028332
-0.094605
0.074519
-0.031361
-0.046483
0.032685
-0.005296
-0.062874
-0.006577
0.071459
-0.052015
0.058650
0.001808
0.102268
-0.111797
0.052900
-0.031145
-0.051768
0.001671
0.038866
0.080657
0.034840
-0.038836
0.052664
0.084896
0.116951
-0.089666
0.070154
0.038388
-0.087636
-0.019881
0.008669
0.057626
0.125237
-0.013730
0.042961
-0.054460
0.076181
-0.096250
-0.047707
0.130919
0.145821
-0.038250
0.066824
0.011195
-0.053453
0.052820
0.026705
-0.065646
-0.091246
0.011393
0.028524
0.030062
-0.048719
0.018257
-0.070370
-0.010146
0.003311
0.035722
-0.075496
-0.036883
-0.110194
-0.116272
-0.046209
0.014338
-0.042047
-0.023727
-0.032038
0.014988
0.000245
-0.048691
0.028803
0.049994
0.032298
-0.094458
-0.010714
-0.136102
0.027509
0.017863
0.073602
-0.019373
0.055515
0.086854
-0.121559
-0.051907
0.035908
0.021646
-0.001946
-0.033083
0.021030
-0.045882
-0.029385
0.010035
-0.050187
0.069499
-0.039267
-0.035845
0.104543
0.038953
-0.080970
-0.019406
0.031823
-0.080638
0.034758
-0.129291
0.002997
-0.011422
-0.048278
0.054995
-0.076668
-0.129420
0.000373
-0.129310
0.079854
0.015733
0.034102
0.039236
0.075104
-0.138366
0.040907
0.077601
0.021295
-0.120239
-0.081720
-0.091057
-0.073700
0.071280
-0.014642
-0.072710
0.037205
-0.036376
0.147965
-0.049974
-0.000137
-0.034477
-0.123537
0.179850
-0.080862
-0.066309
0.015244
0.071814
0.044118
-0.036987
-0.010025
0.021156
-0.051738
-0.012692
-0.069786
0.017602
0.016247
-0.025316
-0.011286
0.002818
0.031917
0.030911
-0.114503
-0.050497
-0.062498
0.072839
-0.006146
-0.001696
-0.043135
0.015626
0.070018
0.111966
0.062312
-0.058409
0.033423
-0.008504
-0.006456
0.062063
0.049430
0.007881
0.063619
-0.070230
-0.080203
-0.003027
0.089945
-0.074713
0.038546
-0.015721
0.061275
-0.036319
-0.010476
-0.059715
0.098940
-0.028620
0.004529
0.044103
0.054896
0.108573
0.085022
0.006140
-0.036587
-0.017061
-0.116179
-0.012542
-0.040626
0.062500
0.114187
0.017058
-0.113380
-0.056540
-0.069477
0.047754
-0.016727
-0.023558
-0.032835
0.043078
0.062026
-0.049388
0.086078
-0.038601
-0.002894
-0.062679
0.057525
-0.049388
-0.004596
0.009166
0.029405
0.040488
-0.072009
0.038166
-0.041403
-0.056731
-0.033565
0.051371
0.094973
-0.017414
0.002054
-0.039416
-0.059681
0.008759
-0.046568
-0.106943
0.028680
0.002176
-0.067853
-0.012596
0.001942
-0.018593
0.044971
0.097054
0.015147
-0.040426
0.005113
0.055062
0.038718
0.048917
-0.031848
0.064898
0.044066
0.042215
-0.038643
0.044304
-0.023110
-0.035218
-0.031578
-0.046421
0.016425
-0.029305
-0.099951
-0.003260
0.012782
-0.056749
0.038204
0.090109
0.111989
0.060549
-0.018176
-0.034483
0.039896
-0.040495
0.075080
0.098654
-0.070195
-0.064242
0.104001
0.005253
0.006230
0.092733
-0.033191
0.030336
0.051768
0.045752
0.067429
-0.042918
0.010711
-0.004294
0.030356
-0.049806
-0.072197
0.065866
-0.049605
-0.049492
0.075595
-0.031844
0.004191
0.086969
0.004892
-0.031603
-0.059079
0.058704
0.033669
-0.007294
0.095969
0.064896
0.045596
0.041488
-0.034938
0.004818
-0.040235
-0.134512
0.052353
-0.086285
0.061720
-0.001907
0.026419
-0.013866
-0.030629
0.032726
-0.010024
0.019483
-0.011944
-0.004802
0.096744
-0.014309
-0.115450
0.059126
0.058870
0.071280
0.095077
0.095030
-0.000555
0.005527
0.071150
0.035072
-0.013612
0.022356
0.043086
-0.049730
-0.047630
0.027891
0.110895
-0.157600
0.057293
-0.099534
-0.007912
0.058876
-0.055180
-0.040213
0.008055
-0.129872
-0.036043
0.052723
0.014633
-0.036505
0.056141
-0.105232
-0.096114
0.031543
0.079226
0.045403
-0.003020
0.059424
-0.031959
0.036263
-0.082877
-0.006650
-0.035457
-0.002012
-0.001455
-0.012139
0.003291
-0.141655
-0.015746
-0.035544
0.023289
0.072486
0.043459
0.052458
0.036600
0.089480
-0.021291
-0.013791
0.071813
0.091776
0.007208
0.004430
-0.004222
-0.006561
0.039610
-0.006913
-0.001705
0.013094
0.095561
-0.155563
0.019749
0.109682
0.043166
0.074310
-0.135689
0.058892
0.005694
-0.043729
0.002166
0.018414
-0.034164
0.056148
0.002115
-0.050213
-0.010552
-0.202143
0.006054
-0.019812
-0.050878
-0.012293
-0.013311
0.014135
-0.053045
0.070200
-0.031481
0.009649
-0.030110
0.081263
-0.117312
0.016543
-0.064818
0.010628
0.010947
-0.040639
-0.066211
-0.099159
-0.011473
-0.000193
-0.080700
-0.080459
0.019011
0.093698
-0.040298
0.014196
-0.048886
0.046923
0.058257
0.010951
-0.042017
0.084098
-0.027833
-0.000108
0.008208
-0.060181
-0.091266
-0.037323
0.023903
0.065322
-0.010359
0.009541
0.059733
-0.093458
-0.033995
0.039336
0.110736
-0.118383
-0.076694
0.017025
0.060774
-0.011833
-0.091742
-0.046706
-0.026094
-0.033685
0.055585
0.012437
-0.096019
-0.026065
-0.098044
0.051694
-0.047426
0.013136
-0.048517
0.074876
0.033156
-0.057659
-0.122011
-0.005253
0.070923
-0.030142
-0.007952
0.086314
0.080927
0.017215
-0.020224
-0.048001
-0.057506
-0.040647
-0.115191
-0.020494
-0.055900
-0.039853
-0.054267
0.030990
0.104302
-0.009310
-0.033226
-0.096264
0.029821
0.086967
0.095847
-0.038321
0.001032
-0.086729
0.018669
-0.064701
0.042509
-0.053032
-0.043925
0.007145
-0.078392
0.047138
-0.008492
0.115007
-0.045054
0.028222
0.053769
-0.025982
-0.050202
0.065612
-0.037388
0.007984
0.015165
0.101560
0.025927
0.039841
0.003364
0.010607
0.045860
0.017818
-0.156926
0.044473
0.044088
0.088982
0.106203
-0.054165
-0.083137
-0.014701
0.029669
-0.025976
-0.051671
0.084237
0.040147
-0.007714
-0.007981
-0.073601
0.035758
0.041951
-0.024943
-0.093892
-0.043959
0.020976
0.031546
-0.077149
0.084429
0.010251
0.028995
-0.020794
-0.007883
0.010953
0.059716
0.003553
-0.043309
0.005217
0.036568
0.074888
0.020320
0.046329
0.009881
-0.008023
0.047058
0.021526
-0.063679
0.004905
0.001176
0.121352
0.056110
-0.009102
0.019891
0.106996
0.074783
-0.005850
0.037905
0.092118
-0.087655
-0.027302
-0.010012
-0.061910
-0.027828
0.117246
0.096557
-0.067082
0.068986
0.069098
0.063833
-0.072192
-0.043983
-0.073826
-0.069001
-0.028929
0.081047
-0.031036
0.026551
-0.049232
-0.005750
-0.021468
0.054338
0.038523
0.083187
-0.015340
0.028887
-0.069339
-0.076090
0.037302
-0.018641
-0.036967
-0.082109
-0.005237
-0.008300
-0.065468
0.004004
0.039837
-0.017365
0.063952
0.090554
-0.053987
-0.029281
-0.034963
0.006149
-0.085645
-0.056090
0.034883
0.067558
-0.024314
0.000845
-0.131389
0.108636
0.011741
0.003828
0.072590
-0.041494
-0.036915
-0.019698
0.015637
0.048110
0.041142
0.002535
-0.028942
-0.050568
-0.104585
0.006517
0.125247
-0.103662
0.052822
0.028993
-0.003835
0.009787
0.077551
-0.014847
-0.036766
0.103602
0.102172
-0.100672
0.021215
-0.039711
-0.000661
0.001768
0.080760
0.041484
-0.118339
-0.061346
0.059640
-0.022574
-0.028359
0.077119
-0.025268
-0.002430
-0.059143
0.062442
0.072212
-0.029018
0.065848
-0.125973
0.022610
-0.051952
-0.045715
0.114455
-0.010726
0.038761
-0.023523
0.069844
-0.016268
-0.058571
0.046098
-0.050490
-0.032982
-0.053218
-0.063538
-0.066235
-0.045667
-0.010869
0.043835
0.086994
0.055072
-0.001367
-0.054901
0.073178
0.022007
-0.024711
0.002670
-0.020086
-0.018251
0.071769
0.016650
-0.032839
0.101712
0.005705
0.011998
0.034978
-0.083082
0.045791
0.062282
0.072222
0.067991
0.024490
0.000782
0.031427
-0.027792
0.056895
-0.055640
-0.019460
-0.062744
-0.060772
0.008848
0.032890
0.024152
0.002566
0.020718
-0.043177
0.001864
0.020646
-0.046917
-0.048367
-0.019385
0.020391
-0.010575
-0.054541
-0.037714
0.006812
0.111259
-0.024912
-0.074899
0.057862
0.008119
0.006062
-0.037667
0.005368
-0.072110
0.070375
-0.019382
0.046097
-0.050134
0.005985
0.056348
0.063283
0.007869
-0.023201
-0.002892
0.007804
-0.080558
-0.028899
0.093464
-0.070775
0.011316
0.086901
-0.030648
0.042254
-0.045193
0.018724
0.027047
-0.000666
0.051837
0.031879
-0.046641
0.031577
0.073674
0.002702
-0.024847
0.046401
0.014328
-0.021255
0.052581
-0.004620
0.045501
-0.018484
-0.064519
-0.014477
-0.004172
-0.015452
0.044310
-0.043332
0.010674
-0.075103
0.028194
0.037835
0.025790
-0.082987
-0.003583
0.082817
-0.043381
0.053929
-0.024956
0.034762
-0.012685
0.064895
0.009217
-0.027984
0.038816
0.037175
0.048997
0.024061
-0.033653
-0.000295
0.010875
0.003802
0.010060
0.038637
0.000600
-0.078028
0.037047
0.036859
0.082577
-0.079372
-0.013126
0.009124
0.027804
-0.017516
0.099618
0.059181
0.000369
0.112576
-0.011063
0.003502
-0.015947
-0.081639
0.038199
0.027085
0.038385
0.022642
0.118536
-0.004875
-0.005968
0.017728
0.001444
-0.117671
-0.035401
-0.067865
-0.018118
-0.066159
-0.055467
-0.059613
0.012536
-0.070231
-0.027705
0.032094
0.129997
-0.028000
0.030945
-0.042788
-0.084821
-0.050738
-0.067875
-0.126348
0.036930
-0.017682
-0.018373
0.097188
0.006797
0.023332
-0.055761
0.013978
0.011455
0.006874
-0.021577
-0.098948
0.022745
0.036092
0.009562
0.027890
0.044668
-0.060845
0.012332
-0.116750
-0.021094
0.011276
0.040563
0.010447
-0.076842
-0.123494
0.040164
-0.011587
-0.011679
-0.043607
0.033004
0.020852
-0.015627
-0.013780
0.005368
-0.014396
0.039141
0.017486
0.022617
0.053093
-0.078525
0.074330
-0.038509
-0.055567
-0.009775
-0.017633
0.041522
-0.024224
-0.021304
-0.070614
0.071162
-0.017022
-0.026927
0.036383
-0.069381
-0.094071
-0.022428
0.093833
-0.001341
-0.096406
0.011548
0.107747
0.030709
0.056638
-0.005506
-0.024818
0.039673
-0.142117
-0.009167
0.002234
-0.009127
-0.002073
0.016454
0.081866
0.142394
0.039804
0.002102
-0.010361
-0.104342
0.059572
-0.010846
-0.095629
-0.006476
-0.048756
-0.028806
0.023677
-0.064907
0.027358
-0.035132
0.034747
-0.019674
-0.059626
-0.118770
0.060930
-0.056843
-0.083260
0.037917
-0.141784
-0.000948
0.074929
0.056611
-0.024463
-0.021238
-0.068534
0.029536
0.004032
0.047288
0.049785
-0.031389
-0.086183
0.026587
0.057701
-0.008630
-0.106442
-0.048219
-0.027305
-0.053670
-0.063551
-0.098691
-0.051097
-0.111787
-0.077195
0.055992
-0.009850
0.141933
-0.049140
0.060629
0.039138
0.016472
-0.116117
-0.010092
0.049327
-0.005641
0.027043
0.039015
0.062156
-0.044234
0.002794
0.064525
0.002049
0.031567
0.026717
-0.052389
0.006205
0.043142
-0.089676
0.003452
0.060883
-0.083354
0.028381
-0.021440
-0.119712
-0.008419
-0.018678
0.042023
-0.046586
-0.013503
-0.126033
-0.058449
-0.015620
0.063821
-0.027865
-0.093183
0.023457
0.064611
-0.030380
-0.045830
0.069172
-0.017940
0.082844
-0.035056
0.067418
0.026947
-0.003090
0.084640
0.072618
0.013153
0.074716
0.047966
0.130798
0.078864
-0.089616
0.033240
0.050533
0.093920
0.035117
-0.051948
0.082808
0.059337
0.007109
0.095003
-0.056488
0.060192
0.000783
-0.032232
-0.071762
0.017073
0.027354
-0.049363
0.097987
-0.025933
-0.055049
-0.080155
0.032038
0.083827
0.026474
-0.004105
0.044453
-0.031438
0.054234
-0.045237
-0.035029
-0.066228
-0.043521
-0.018608
0.015973
-0.041126
-0.017890
-0.077956
0.071931
-0.010574
-0.043353
0.008174
0.006477
0.022863
-0.028724
-0.011360
-0.092999
0.015249
-0.022709
0.062473
0.059049
0.131244
0.051084
0.089573
0.107847
0.012840
0.087396
-0.056949
-0.028835
0.045816
0.065278
0.012949
-0.008799
0.029008
0.038314
0.087305
-0.069946
-0.031762
-0.041486
-0.054857
0.023933
0.063030
0.009087
-0.066587
0.041583
-0.033350
-0.018469
0.098695
-0.021802
0.006582
-0.017906
-0.032204
0.094664
0.131037
-0.109553
-0.017275
0.033528
-0.037033
-0.014576
0.045778
-0.064186
0.046284
0.060815
0.047933
-0.084036
-0.037548
-0.013153
0.066919
0.038583
-0.099197
-0.068110
0.127050
0.058459
-0.084351
0.059542
0.046370
0.012419
0.012538
0.105830
0.056747
0.007836
0.024200
-0.009268
-0.068440
0.000510
0.085569
-0.069834
0.020779
0.003954
0.022024
-0.001550
0.034848
-0.053042
-0.104970
0.009315
0.031668
0.073880
-0.080519
0.044399
-0.052358
0.001716
-0.150913
0.097077
-0.007168
0.044364
0.007502
-0.016737
-0.035502
-0.047037
-0.095773
0.025311
0.092114
-0.130742
-0.006085
0.082548
-0.007141
-0.002935
-0.015243
-0.097776
0.002920
0.025589
-0.042271
0.055226
-0.033822
0.079628
-0.041346
0.050790
-0.051276
0.072189
0.029204
0.031543
-0.031450
-0.028231
-0.049870
-0.039244
-0.023614
-0.035285
-0.099329
-0.006257
-0.024596
0.047068
-0.021966
0.103779
0.056722
-0.056233
-0.066954
0.093875
-0.111031
-0.034696
-0.002260
-0.088769
0.066080
0.032869
-0.057803
0.027434
-0.030923
-0.103790
0.035644
0.069733
0.011695
0.002015
-0.018551
-0.026875
0.037430
-0.145610
0.087466
0.061857
0.049132
0.070849
0.082659
-0.017433
-0.008378
0.003321
0.056697
0.082699
0.070415
0.063807
-0.024547
0.096416
-0.007581
-0.024230
-0.120206
-0.070135
0.036445
-0.019494
-0.061752
-0.042140
0.044006
-0.039015
-0.002991
-0.086632
0.015247
0.039476
-0.053632
-0.039531
0.002737
0.077591
0.018465
0.007388
-0.041727
-0.027115
-0.034442
0.131022
0.060148
-0.047891
-0.006308
0.057018
0.071946
-0.110689
0.019441
-0.032176
0.012971
0.054758
0.054196
0.139817
0.071583
-0.088776
0.002084
-0.128816
0.047947
0.020712
0.062439
0.013059
-0.029879
0.151250
-0.016628
-0.019772
0.001735
-0.073376
0.093760
-0.008477
0.015021
0.059944
-0.030409
0.033393
0.021560
0.001673
-0.136040
0.014580
0.075011
0.010735
0.116017
-0.017076
-0.065274
0.119245
0.024652
0.078465
0.033668
0.043799
0.023334
0.027685
0.026669
0.050850
-0.026739
-0.187647
-0.013820
-0.068708
-0.036374
-0.054169
-0.024486
0.131113
-0.090462
0.096971
-0.031942
-0.016888
0.087554
-0.092103
-0.044102
0.024892
-0.006360
0.012520
-0.028211
0.072202
-0.035899
0.034487
0.057966
0.104838
-0.108021
-0.030306
0.001037
0.016053
-0.034457
0.007634
-0.005653
0.029492
-0.012672
-0.023314
-0.085695
0.043481
-0.011214
-0.004539
0.030978
-0.000592
-0.018869
0.018509
-0.027278
-0.049138
-0.044366
-0.157173
-0.028698
0.096071
0.023826
0.035080
0.068749
0.049337
0.039725
0.002898
-0.088291
-0.002274
-0.001633
0.063184
-0.043468
-0.011950
-0.036587
-0.020059
-0.017675
-0.103543
-0.053596
0.015853
0.033240
-0.071834
0.018970
-0.101696
-0.054410
-0.095928
0.047455
0.038464
-0.055273
0.015997
0.030773
0.110346
0.036019
0.029388
-0.117714
0.067829
-0.013393
-0.015263
0.038031
-0.054696
-0.044895
0.005885
0.021533
-0.041333
-0.034313
0.067563
0.088604
-0.025988
0.202632
0.009454
-0.066013
-0.017568
-0.028288
-0.019683
-0.028787
0.107218
-0.025579
-0.010528
0.027764
0.070198
-0.072916
0.003347
-0.029365
0.082696
0.041912
-0.034461
0.038708
-0.010973
-0.049698
0.016103
0.066876
-0.024680
0.026209
-0.024858
-0.053451
-0.014506
0.066315
0.126841
-0.007531
0.025243
0.016618
-0.043745
0.054050
-0.028008
-0.047891
-0.021289
0.010738
0.011231
-0.038006
-0.060575
0.006736
-0.056905
0.023645
0.009370
0.066410
0.019360
0.045463
0.036993
-0.083097
0.028187
-0.041276
0.012122
0.022602
-0.043723
-0.088766
0.151715
0.012454
0.016766
-0.092884
0.032750
0.033437
0.006655
-0.039143
0.087903
0.070273
0.048459
0.023469
0.039022
-0.124158
-0.030639
-0.016195
-0.066805
0.076386
0.025937
-0.063062
0.057382
-0.063091
-0.119161
-0.025086
-0.033092
-0.043372
-0.023302
0.023424
0.014025
0.021410
0.060095
-0.049800
-0.012538
-0.034349
0.072975
0.030538
0.023189
0.051997
0.018348
0.010560
0.059739
0.011664
0.063394
0.010726
-0.016718
-0.009984
0.120522
-0.035083
0.026040
-0.048219
0.008379
-0.060681
-0.100602
-0.087618
-0.010429
0.069776
0.059453
-0.007573
0.002675
-0.060200
-0.018546
0.065448
-0.029868
0.069272
-0.016700
0.005349
-0.053888
0.042117
0.027798
0.041588
0.087214
-0.066830
-0.006548
-0.000437
0.068416
0.000665
0.125483
-0.024588
-0.181254
0.157520
-0.007009
0.034115
-0.087828
0.064730
-0.045337
0.029680
-0.083961
-0.079847
0.005413
0.046781
-0.011501
-0.022280
-0.123739
0.058774
-0.061646
-0.014879
0.060027
-0.067150
-0.019821
0.022911
-0.024395
0.023522
-0.036927
-0.005337
-0.006831
0.024820
0.048256
0.004124
-0.033981
-0.083953
-0.049542
-0.007947
-0.011672
0.093641
-0.043880
0.008398
0.079269
-0.100976
-0.018980
-0.094606
-0.020455
-0.068922
-0.087368
0.012172
-0.109789
-0.008289
0.012538
-0.028942
-0.009494
-0.048007
0.019302
-0.042816
-0.071532
-0.002417
0.018230
0.058156
-0.036390
-0.096549
0.041116
-0.051814
-0.005103
0.050952
-0.025718
0.060929
0.034304
0.039292
0.001201
0.014144
-0.010942
-0.113287
-0.031248
0.083078
0.006251
0.064538
-0.010696
0.080962
-0.020848
0.119136
0.029118
0.011836
0.173342
0.003642
0.021338
0.109296
0.002614
0.034713
0.119339
-0.031756
0.041693
-0.015957
0.100233
-0.066045
-0.054053
-0.008424
-0.032160
-0.015213
0.094991
-0.041459
-0.089500
0.046316
-0.106344
0.004115
0.077190
-0.017741
-0.048942
0.005125
0.005345
-0.033152
0.007384
0.015925
-0.043956
0.029988
0.004064
-0.046433
-0.004927
0.082240
0.004633
0.021530
-0.006783
0.003022
0.005562
0.063697
0.057489
0.058815
-0.040496
0.051316
-0.047402
-0.009434
0.026788
0.007543
0.015735
0.004740
-0.105211
0.023577
-0.056066
0.040780
-0.049958
-0.042270
0.013111
-0.011664
0.028878
0.054255
-0.011560
-0.014630
-0.031756
0.038227
-0.034709
0.109338
0.039699
0.044112
-0.014485
0.072108
-0.003216
-0.056011
-0.001531
0.024689
0.147714
-0.063120
0.043108
-0.022393
-0.123763
-0.049624
0.014571
-0.054728
0.039149
-0.079484
0.038352
-0.107613
-0.064755
0.066343
-0.065886
0.033902
0.190057
0.052431
-0.054750
-0.053045
-0.187578
-0.021232
0.061390
-0.032920
-0.023725
-0.085490
-0.020906
0.010074
-0.098978
-0.019004
0.028973
-0.033661
0.092634
-0.116298
0.056974
-0.027460
0.035570
-0.046482
-0.070778
-0.038533
-0.043180
0.028049
0.024941
0.011089
0.054023
0.021716
0.003817
0.027497
0.018760
-0.114458
-0.024003
-0.018791
-0.050027
-0.078131
-0.021786
-0.104814
-0.034312
-0.034026
0.083046
0.020021
0.041909
0.072993
-0.036266
-0.002922
-0.007073
-0.014684
0.005066
0.098304
0.118531
-0.087530
0.010996
-0.009805
-0.049058
-0.016909
0.009064
-0.029186
0.010356
0.008597
-0.030603
-0.053144
-0.048065
0.097433
-0.085035
-0.110525
-0.004677
0.028312
0.070472
-0.047357
-0.037651
0.009813
0.005689
0.020325
-0.047558
0.008723
-0.029273
-0.024601
-0.021345
0.042812
0.042210
0.080823
0.012342
0.033396
-0.020185
0.034798
-0.061264
0.033388
0.064457
0.029509
0.141812
-0.035652
-0.023791
0.085996
0.007563
0.026869
0.026074
-0.045812
0.050142
0.132094
-0.026049
-0.051303
0.081622
0.069518
-0.011019
0.001380
0.012918
-0.091518
-0.003166
0.107485
-0.074522
-0.105861
-0.057087
-0.075145
0.031482
0.057726
-0.038886
-0.045844
-0.094823
0.056824
0.029362
-0.106775
-0.031443
0.058113
-0.045051
-0.041677
0.043418
-0.054519
0.001577
-0.046681
-0.072773
-0.026820
-0.060825
-0.056932
-0.075792
0.078655
0.058431
-0.082983
-0.068480
-0.061482
-0.020696
0.080318
-0.019117
-0.060819
-0.023043
0.001162
-0.056401
0.041013
-0.055838
0.047410
-0.107368
0.129247
-0.089014
0.076496
-0.033346
0.023762
0.014688
-0.032406
-0.005308
0.005228
0.014057
-0.033098
-0.018059
-0.067996
0.134143
-0.013244
-0.105744
0.044262
-0.034942
-0.059536
-0.022620
0.038057
-0.017774
0.008088
0.020155
0.095840
-0.063659
-0.002081
0.016077
-0.002155
-0.054549
-0.029102
-0.009415
0.020065
-0.015067
0.049028
-0.039807
-0.059362
0.049632
-0.000591
0.034670
-0.012395
0.070686
-0.026846
0.089570
0.031542
-0.029169
0.019038
-0.064598
0.016436
0.012297
-0.017002
-0.019496
-0.061770
0.102148
0.054254
0.051902
-0.019092
-0.155316
-0.025433
-0.021916
-0.064378
0.097422
0.056851
-0.015791
0.024356
0.008613
0.036374
0.006464
-0.046557
0.054756
-0.054334
0.040281
0.005005
0.054084
-0.043811
0.089858
-0.100024
0.004661
-0.012270
0.047337
0.002460
0.060192
0.012176
-0.113242
-0.037080
-0.040698
-0.108423
0.078432
-0.083595
-0.098709
-0.056428
0.096660
-0.013705
0.035738
-0.032410
-0.051522
-0.008210
0.039486
0.069181
0.004825
-0.111249
-0.070832
-0.050344
0.030105
-0.005182
0.045138
-0.035172
0.007964
0.102641
-0.031206
-0.033579
0.023020
0.032973
-0.018402
-0.107730
0.024317
0.079112
0.027292
-0.024500
-0.022425
-0.003869
-0.024968
-0.031047
0.023343
0.054930
0.072514
0.101137
-0.055205
-0.006443
0.025328
0.021111
-0.023795
-0.067392
-0.031272
0.036395
0.106840
-0.048154
-0.065458
0.047584
-0.062598
0.051041
0.060758
-0.051983
0.111413
-0.039602
0.008977
-0.077503
-0.008735
0.064109
-0.005966
0.028390
-0.036211
0.061006
-0.088978
0.061022
-0.042340
-0.049110
0.008569
-0.102710
0.006313
0.119671
-0.028819
0.031281
0.022590
-0.007881
0.038633
0.062506
0.108034
-0.059032
0.000260
-0.051921
0.041532
0.019762
0.004733
-0.010740
0.056601
0.054061
-0.031855
0.103140
-0.007312
-0.022881
0.110028
-0.016463
0.022518
-0.077835
0.016318
-0.066455
-0.047572
-0.006339
-0.021657
0.039923
-0.039771
0.033639
0.011436
0.023287
-0.087879
-0.017828
-0.043603
0.067369
0.042457
-0.037598
-0.035158
-0.063860
-0.034963
-0.079642
-0.033403
0.031593
0.050511
0.045461
-0.105981
-0.019208
0.054447
-0.030835
-0.004169
-0.109099
0.150066
0.052465
0.015656
0.084447
-0.011461
-0.039085
0.057627
-0.000816
-0.078653
-0.010697
0.046333
-0.090010
-0.011329
0.046395
-0.030979
-0.024977
-0.066576
-0.008999
0.031187
-0.112829
-0.002352
-0.009548
0.029111
-0.010946
0.059997
0.012053
0.034536
0.079146
-0.047721
-0.046351
0.000172
0.112616
0.049272
-0.004016
0.067327
-0.040439
0.035077
0.001974
-0.093750
-0.037368
0.010525
-0.044423
-0.091353
0.039599
-0.051534
0.035445
0.030196
-0.005517
-0.007551
-0.012613
0.023387
0.058569
-0.002268
0.003051
-0.020900
0.100095
-0.031174
0.091946
-0.057099
0.061660
-0.007417
-0.049267
-0.039270
-0.010220
-0.068918
0.034476
0.012648
0.087530
0.044214
0.133218
0.002987
0.003541
-0.002675
0.113546
-0.107557
-0.035271
-0.118718
-0.090273
0.012905
-0.055188
0.055829
0.013566
-0.058017
0.122493
0.076996
0.028298
0.045527
-0.038725
-0.021348
-0.117666
-0.002631
0.060051
-0.056117
0.054924
-0.008780
-0.135412
0.000762
0.028008
0.056665
-0.018762
0.075989
0.023486
0.022855
-0.048742
0.024147
-0.033097
-0.050722
0.109593
0.004168
0.025367
0.008816
0.022723
0.002921
-0.014352
0.030197
-0.048826
0.070327
-0.017752
0.092554
-0.070289
-0.040572
-0.014297
0.066128
-0.123273
0.018766
0.041243
-0.006234
0.006945
0.085167
-0.052484
0.031275
0.067174
0.014146
-0.057131
-0.019614
-0.062557
0.050375
0.014987
-0.003815
-0.092776
0.069383
-0.047800
-0.010761
-0.030367
-0.027112
0.053530
-0.056885
-0.002436
-0.082705
0.061229
-0.051940
0.001856
0.012079
-0.045436
0.021119
0.072514
-0.112336
-0.035872
-0.055442
-0.058630
-0.099612
0.075810
-0.029560
0.028950
-0.024457
0.035583
-0.058219
-0.033333
0.079250
-0.050502
0.021926
0.034903
0.086289
0.051497
0.022923
0.056276
0.043648
0.027771
-0.035895
-0.118806
-0.033018
0.005520
-0.057436
0.039627
0.091601
0.029959
0.080316
0.065839
0.020999
-0.023200
-0.009326
-0.031755
-0.005710
0.078074
0.015513
-0.028009
-0.037732
0.057168
-0.058852
-0.002319
0.044850
-0.003595
-0.107067
-0.035036
0.030678
0.039598
0.057809
-0.073677
0.008289
-0.019127
0.016294
-0.062013
-0.027793
-0.065405
-0.091001
-0.121248
-0.040953
-0.051824
0.031286
0.006084
-0.014644
0.079384
-0.008767
-0.091622
0.070956
0.028136
0.013674
0.056825
-0.027366
0.000062
-0.032473
0.072000
0.015122
-0.164541
-0.080058
0.092352
-0.040801
0.030591
-0.012330
0.066145
0.050287
0.091749
-0.046028
0.000019
0.042121
0.016986
0.022377
-0.004650
-0.021883
-0.031709
0.036091
-0.061231
0.001210
-0.137498
-0.001849
-0.011991
-0.070074
-0.076206
-0.053401
0.042806
0.032803
0.079362
-0.046906
0.058576
-0.071182
-0.037179
0.090082
-0.103091
0.038376
-0.049596
-0.033381
0.068438
0.013382
-0.049740
-0.114608
-0.025824
-0.059594
-0.108976
0.063350
-0.070473
0.038232
0.025057
0.056782
0.113790
-0.054814
-0.006403
0.020666
0.036928
0.088110
-0.094207
-0.073322
-0.051632
0.021603
0.000855
0.027668
-0.048363
-0.032559
0.141737
-0.087336
-0.058989
-0.065799
0.050407
-0.158494
-0.012357
-0.016464
0.051455
-0.004208
-0.159199
0.022704
-0.002360
0.035798
0.054281
-0.000302
0.019438
-0.022913
-0.022968
0.020981
-0.008258
-0.046200
-0.083250
-0.011759
-0.010964
-0.027685
-0.010150
0.072494
0.023205
-0.015367
0.046095
-0.053437
0.073434
0.002747
0.084976
0.055305
0.028164
-0.001562
-0.062760
0.041281
-0.020351
-0.107019
0.067022
0.003841
0.129592
0.084037
0.003198
0.042135
0.026625
-0.028456
0.031641
0.019390
0.057705
0.018225
-0.021130
-0.026223
-0.013344
0.051277
0.006306
-0.041080
0.072718
0.028837
0.020509
-0.028704
0.053134
0.065113
-0.068210
0.085824
-0.165411
-0.058193
0.068388
0.044504
0.028491
0.051998
-0.046372
-0.046581
-0.111457
0.008947
0.007523
0.062933
0.019750
-0.090996
0.009529
-0.049494
-0.009284
0.020286
-0.165573
-0.007157
-0.033468
0.101447
-0.035235
-0.031550
-0.000659
-0.056183
0.025061
-0.008027
-0.059072
-0.002626
0.076008
0.020377
0.052302
0.048832
-0.023497
0.058005
0.097807
0.016976
0.044599
0.066961
0.043197
-0.125999
0.026047
0.063217
-0.101245
0.029571
-0.032673
-0.063430
-0.000719
0.002526
-0.057664
-0.033359
0.061382
-0.066610
-0.006626
0.025239
-0.049871
0.032682
0.018160
-0.027251
-0.040814
-0.081794
0.117814
0.065178
0.051177
0.094130
-0.025434
0.028459
-0.082467
-0.004566
0.020652
0.017867
0.013789
-0.049134
-0.039912
-0.030277
-0.011550
0.028014
-0.071199
0.004247
0.124633
0.010340
0.037365
0.021153
-0.059660
-0.022339
-0.115895
0.010421
-0.053853
0.074800
0.038075
0.034546
0.034733
0.017766
0.030549
-0.038255
-0.008160
-0.118160
-0.024531
-0.039991
-0.007248
0.071849
-0.066885
-0.034904
0.027894
-0.005200
0.006275
-0.077324
0.032460
0.104670
-0.008673
0.052491
-0.069809
-0.102717
0.044239
0.053068
-0.091580
0.058121
-0.011068
-0.032595
-0.039586
0.030376
-0.033953
-0.081542
0.018399
0.080716
-0.006291
0.041344
0.013280
-0.011049
0.106748
-0.024006
-0.100323
0.084724
-0.059977
-0.068081
0.001013
0.092809
0.042381
-0.013638
0.007382
0.007484
0.005275
0.015853
-0.013484
0.080961
0.031518
-0.080268
-0.027277
-0.048317
0.020733
-0.063915
0.062610
0.032144
0.063122
-0.021994
-0.009820
0.070928
0.006524
-0.078119
-0.016460
-0.141691
0.004951
0.097284
-0.091467
-0.013393
0.041960
-0.005951
-0.132919
-0.021677
-0.027923
0.008929
0.083367
0.008816
0.116050
-0.064484
-0.001406
0.021394
0.029726
0.048238
0.010631
0.007659
0.047853
0.047119
-0.029087
0.139237
-0.032055
-0.128577
0.000605
0.044255
-0.006430
0.059322
-0.023965
0.051728
-0.092776
0.043110
0.098460
-0.014563
0.045049
0.019325
0.086442
-0.067248
-0.003851
0.082471
-0.060295
0.042220
-0.104308
-0.005680
0.001545
-0.098398
-0.016226
0.020518
-0.056045
0.022850
-0.001049
0.085854
0.058073
-0.125094
0.088104
-0.091752
0.033966
-0.009637
-0.034716
0.030817
0.002386
-0.050765
0.017446
-0.037829
-0.033643
0.025886
-0.007206
-0.038847
-0.024707
-0.000623
0.069907
0.002506
0.088105
-0.041682
-0.037496
-0.059201
0.056472
0.072543
0.046597
0.021392
-0.068599
0.009652
-0.032900
0.012095
0.009775
0.097320
0.045878
0.109015
-0.057975
-0.011395
-0.060483
-0.001342
-0.003175
0.022122
-0.027509
-0.034429
0.045285
0.002500
0.048166
0.029041
0.025477
-0.026154
-0.074053
0.024029
-0.065224
-0.006601
0.009449
0.032770
-0.059940
-0.023355
-0.049618
0.027516
-0.022231
0.024119
0.031901
-0.067377
0.002580
-0.034101
0.069123
-0.032717
-0.047978
0.055805
0.002385
0.034903
0.064947
-0.028462
0.021247
0.003063
-0.011977
-0.004556
0.016289
-0.050652
-0.070285
0.100084
-0.085717
-0.033338
-0.022063
0.060718
-0.006749
0.037483
-0.115472
-0.119446
0.029710
-0.078322
0.128526
-0.064754
-0.003173
-0.041703
0.009942
0.002890
-0.010192
0.083835
-0.039728
0.064770
0.039314
-0.011640
0.091377
0.050081
0.070763
-0.019964
-0.048723
-0.042707
0.077596
-0.003774
-0.008727
0.062605
-0.044382
-0.000724
-0.056485
0.017013
-0.099868
-0.073564
-0.025353
0.017027
-0.046945
-0.013495
-0.030436
-0.027801
-0.073416
0.035586
0.000443
-0.060422
0.024642
0.001978
-0.006599
0.021545
-0.026443
0.129432
0.036409
0.038309
-0.043489
-0.056872
-0.060192
-0.060600
-0.002846
-0.048513
0.018624
-0.115851
-0.007129
-0.043416
0.009263
-0.068856
-0.069135
-0.081412
-0.041993
0.040997
0.025605
0.033706
-0.047437
0.019667
0.016301
0.111638
-0.007590
-0.079266
-0.008425
-0.028452
0.078799
-0.062333
0.033284
-0.016543
0.069265
-0.032948
-0.048357
-0.066117
-0.098824
-0.066272
0.075825
-0.035267
0.018750
-0.012820
0.089241
0.038454
0.058167
-0.037806
0.020481
0.004362
0.048204
0.015426
-0.030384
0.052782
0.023702
0.000539
0.005745
0.053538
-0.065976
-0.018547
-0.044519
-0.029110
0.026353
0.030676
0.049128
0.000874
0.040113
0.053660
-0.122762
0.008325
0.031826
0.016789
-0.022903
0.002271
-0.038348
0.039183
0.043299
0.042639
0.007337
0.026035
-0.082941
0.013430
0.024582
-0.028865
-0.031049
-0.059720
0.032176
0.043690
0.054765
0.038357
-0.029710
0.040901
0.041565
-0.014721
-0.109444
-0.125387
-0.030956
-0.029376
-0.056167
0.057659
-0.039382
0.020002
0.018048
-0.060620
-0.025109
-0.087945
0.000708
-0.031173
-0.028804
-0.015650
-0.009203
-0.066523
-0.006389
-0.064291
-0.009156
0.039758
0.043701
-0.059622
-0.049462
0.032218
-0.016623
-0.016998
-0.060964
0.024722
0.030179
0.078235
-0.049360
-0.053578
-0.097132
0.072002
0.065479
-0.013718
0.068332
0.115593
0.002895
0.034249
0.079573
-0.014266
0.023271
-0.081354
-0.053279
0.040151
-0.017309
-0.031034
-0.000623
0.026512
-0.009902
0.046163
0.033590
-0.083112
0.062887
0.053084
-0.057310
0.151064
-0.185209
0.094095
0.144004
0.059182
0.047705
-0.019313
0.012658
0.021858
-0.015027
0.052017
-0.035850
0.024138
-0.011305
0.072092
-0.010651
-0.067889
-0.056581
0.032935
0.034236
-0.017851
0.077980
-0.011325
0.019914
-0.016380
-0.010116
-0.110640
-0.051621
-0.060787
-0.050773
-0.022596
0.042208
-0.041855
0.125468
-0.019495
0.010523
0.008076
0.075030
0.003376
0.017979
-0.028496
0.151977
0.142199
-0.045044
-0.001178
0.016470
-0.014591
0.017986
-0.015182
-0.000364
-0.025051
-0.036077
0.013593
-0.005881
-0.036161
0.053417
0.093865
0.058944
0.060651
-0.051724
0.077416
0.002205
0.009341
0.062028
-0.078802
-0.026221
-0.020420
0.085894
0.023358
0.082414
0.037978
0.018815
-0.012347
-0.021912
0.009045
-0.040450
-0.014063
0.001695
-0.041595
-0.017284
0.026621
-0.156365
0.002389
0.017728
0.033141
-0.027926
0.016840
0.109785
0.129375
-0.017365
0.053843
-0.022999
0.036017
-0.110597
0.076025
-0.011180
0.151716
-0.040909
-0.037884
-0.009040
-0.071224
0.013416
0.039594
0.012358
0.052943
-0.046143
0.013287
0.001853
-0.017061
0.094629
0.021097
0.027958
-0.063067
-0.049383
-0.105803
0.031298
0.108906
0.054341
0.034297
0.000228
0.073953
-0.025127
0.058121
-0.021101
-0.000266
-0.070067
-0.009787
-0.104129
-0.043287
0.008822
-0.081640
-0.029203
-0.022402
0.001505
0.063246
-0.052150
0.104025
-0.081200
-0.010466
0.062048
-0.076051
0.014753
-0.079513
0.037240
0.016235
-0.057215
0.060286
0.046849
0.078998
-0.014768
-0.039369
0.058384
-0.061195
0.113590
0.021223
0.028327
0.077167
0.044800
0.035093
0.030159
-0.110951
0.037495
0.073337
-0.006109
-0.042467
0.019439
-0.032883
0.026711
0.060227
-0.046018
-0.017884
-0.010400
-0.002171
-0.011883
0.009233
0.028144
-0.015560
0.009892
0.024043
-0.066052
-0.012997
0.011992
-0.025865
-0.038349
0.034418
0.130756
-0.009231
-0.058619
-0.033611
-0.016222
-0.047239
0.041445
0.004375
0.060471
-0.019663
0.138992
-0.051182
-0.104715
-0.079435
0.080498
-0.000201
-0.037756
-0.026829
0.068719
0.041709
-0.087977
0.080309
0.084313
0.050393
-0.094912
0.045932
0.026337
0.071893
0.000153
-0.001875
0.080876
-0.008996
-0.021749
0.018398
0.000414
0.091191
0.029239
0.013440
0.059456
-0.095213
-0.016765
0.018517
0.029804
0.044029
0.077157
0.111715
-0.085647
-0.004904
-0.077346
-0.022225
-0.100364
0.083292
-0.032056
0.124151
-0.078990
0.035564
0.043341
-0.033315
-0.027278
0.041888
0.010509
0.012104
-0.031390
0.022431
-0.044072
-0.030220
0.066012
-0.094855
0.034292
0.040260
-0.072200
-0.082925
-0.006391
0.057780
-0.010199
-0.058195
0.017554
0.032978
0.003015
0.009073
0.064829
0.046521
-0.112017
0.029048
0.082984
0.051903
-0.136587
0.009236
-0.024773
-0.027994
-0.085761
-0.012967
-0.067134
0.020457
-0.080575
-0.118278
-0.032813
-0.027817
0.026574
-0.034213
0.065435
-0.019408
0.044165
-0.044982
0.057000
0.070892
0.048758
0.069371
0.005620
-0.102336
-0.059756
-0.066934
0.022938
-0.005278
-0.086842
0.042079
-0.062620
-0.029855
0.153272
0.169300
0.004545
0.038346
-0.009321
-0.009223
-0.041847
0.081339
-0.006634
0.010734
-0.019367
0.029917
-0.118392
-0.003744
0.048084
0.006450
0.017829
-0.028802
0.068594
0.006018
-0.063552
-0.014791
-0.009305
0.031231
0.054740
0.038836
-0.077778
-0.013774
-0.059359
0.010984
0.014900
-0.082474
0.029571
0.111693
0.024003
-0.005057
-0.159843
0.077664
0.031050
-0.120662
0.001896
0.027595
0.012130
0.049639
-0.059204
-0.049569
-0.048284
0.115749
-0.066427
0.059318
-0.002922
-0.054651
0.033616
0.009515
0.007189
-0.011948
-0.053832
-0.103982
-0.034561
-0.072237
-0.028647
-0.069621
0.102164
-0.106371
-0.139851
-0.135897
-0.112490
-0.047877
0.032562
-0.047975
-0.012520
-0.006009
0.038835
-0.075783
0.069982
0.030812
0.030585
-0.014486
-0.006701
0.071710
0.056431
0.031922
-0.012904
-0.005114
0.041480
-0.060615
0.055046
0.040477
-0.011433
0.020035
0.010804
0.034135
0.003047
-0.046519
0.037754
0.045175
-0.034786
-0.001416
0.066324
0.001371
0.097596
-0.013252
0.053394
-0.119823
-0.022045
0.134455
0.093416
0.033134
-0.046649
0.094067
-0.086921
-0.037673
0.022040
-0.034848
-0.137510
0.050897
-0.100275
-0.010804
0.072485
0.000323
-0.151609
-0.003021
-0.077307
-0.052161
-0.031351
-0.006346
0.005353
-0.010415
-0.006319
-0.123712
-0.023472
0.034415
-0.034894
-0.064629
0.049087
0.089387
-0.063111
-0.042852
-0.048535
0.150383
-0.038881
-0.067810
-0.021675
-0.053159
-0.057843
-0.025360
-0.080656
-0.003469
0.018308
-0.019629
0.019663
-0.036924
-0.038075
0.050134
-0.013442
-0.029983
-0.064700
0.039664
0.025339
-0.058934
-0.004274
-0.058901
-0.057925
-0.007906
0.073597
0.044425
-0.012325
0.028050
-0.005858
0.035600
-0.032420
-0.088995
-0.014430
0.139952
0.046983
-0.031688
0.009442
-0.028071
-0.022927
-0.045663
-0.121688
0.003181
0.015851
0.021387
0.043391
-0.080512
-0.051354
0.068357
0.030709
0.011189
-0.045336
-0.030301
-0.033530
0.007823
0.086920
-0.080856
-0.048220
0.000194
-0.099751
-0.008962
0.049217
0.034379
-0.089998
0.086235
0.001817
0.023199
-0.025401
-0.055892
-0.042285
0.042396
0.044137
0.115666
0.026656
-0.091211
0.025404
0.038565
-0.009850
0.026390
0.028635
0.052227
0.015147
0.028207
-0.038088
-0.008178
0.020993
-0.035538
-0.059304
0.005287
-0.040048
0.026765
0.022513
-0.025538
-0.001783
0.102801
-0.011038
-0.077042
-0.006642
-0.048586
0.051727
-0.002246
0.072168
0.003368
-0.044855
0.040800
-0.055916
0.038916
0.041802
-0.064253
-0.028436
0.021879
-0.022438
0.057897
-0.006335
0.047638
-0.075044
0.012714
-0.073625
0.046199
-0.078456
0.080598
0.015414
0.040715
-0.201081
-0.052865
-0.055687
0.075870
-0.023245
-0.015967
0.081979
0.056407
0.043978
0.044820
0.035159
-0.033142
0.045424
-0.000930
-0.037203
-0.011228
-0.024783
0.043627
-0.033867
0.030755
0.062492
-0.068821
-0.086434
0.021339
-0.008279
-0.062989
0.019276
-0.024039
-0.076434
0.093299
-0.049554
0.088986
0.052260
-0.000665
0.053707
0.107678
0.050123
0.030259
-0.047702
0.074364
0.011955
-0.004205
0.141117
-0.078634
-0.043444
-0.041777
-0.054670
0.051685
0.084239
0.034449
0.068754
0.076284
0.052114
-0.018447
0.071254
-0.014493
0.047905
-0.002628
-0.006192
-0.049731
-0.060701
-0.028725
-0.005898
0.035094
0.021880
0.000474
0.109715
-0.039391
0.004653
-0.017761
0.022093
-0.018149
0.062515
0.006537
0.046849
-0.002520
-0.012742
0.066369
-0.147402
-0.011069
0.084740
-0.008386
-0.051995
0.043466
-0.049323
0.041789
0.097281
0.024873
0.086031
0.021286
-0.014471
-0.125825
0.087512
0.004985
0.002662
0.191708
-0.035223
0.034452
-0.060981
0.028715
0.053180
0.009891
0.045010
-0.062046
0.033446
0.111506
-0.001980
0.023782
0.086660
-0.081352
0.047200
-0.061191
-0.031759
0.070771
0.009825
-0.089479
-0.022948
0.020445
0.031658
0.049637
0.015687
-0.017979
-0.092994
0.033884
0.023390
-0.010250
-0.048998
0.130383
-0.025667
0.016179
0.026279
-0.075298
-0.005093
-0.097441
0.019806
-0.010549
0.068461
0.039709
-0.012269
0.003593
0.092917
-0.031557
0.008155
0.044654
-0.057355
0.018792
0.023544
0.038038
-0.056745
0.001449
0.013889
0.049813
-0.002088
-0.016760
0.129497
0.046361
0.124155
-0.070534
0.071649
0.008384
-0.055942
-0.041783
-0.059023
-0.017934
-0.067967
0.078781
-0.098560
-0.023334
0.008540
-0.048001
0.014694
0.109194
-0.001635
0.051417
0.022409
0.002727
-0.010697
-0.057720
0.023569
0.010901
-0.004148
0.094959
-0.092294
0.031136
0.094637
0.018713
-0.121142
-0.013704
0.016114
-0.110326
0.021440
0.037270
0.035475
0.055258
-0.017152
-0.108816
0.033925
-0.110213
-0.019913
0.013964
0.032386
0.040670
-0.116626
0.040223
-0.012725
0.114807
0.006125
-0.044111
0.007596
-0.023934
-0.034080
-0.027204
0.029434
0.091296
-0.045497
-0.032348
0.009200
0.001722
0.007891
0.010073
0.048731
0.010481
0.024444
0.019597
0.031941
0.105606
0.110603
0.000523
0.049504
0.054053
-0.035878
0.013868
0.012668
-0.005397
0.049804
0.056696
-0.047644
0.016968
-0.026451
0.055512
0.045249
-0.011561
0.018585
0.042819
-0.026020
-0.050881
-0.017824
0.002275
-0.036918
-0.059329
-0.006311
-0.047748
0.005529
0.036443
-0.005039
-0.023872
-0.028965
0.060227
0.006414
0.011228
-0.015263
0.026974
0.010855
0.055158
-0.041893
0.101719
-0.005268
0.016724
-0.023964
0.046238
0.011988
-0.007229
0.014546
0.054424
0.024494
-0.045237
-0.027459
0.056103
0.018640
0.103976
0.058804
-0.078596
0.010742
0.038002
-0.020195
0.012997
0.065251
0.096283
0.093988
-0.063623
-0.032622
0.027396
0.011087
-0.015318
-0.033030
0.031347
0.030145
-0.018352
0.141011
0.111832
-0.088934
0.014251
0.047739
0.056968
-0.050497
0.025287
0.047440
-0.054180
-0.045053
0.004338
0.086080
-0.017094
0.138917
-0.085218
0.008691
0.004782
0.025555
-0.062777
0.020438
-0.034106
0.034945
-0.062731
0.106218
-0.014111
-0.022097
0.028928
0.115028
0.002940
0.043358
-0.003167
-0.034573
0.007360
0.015163
0.023567
-0.005537
-0.040073
0.016382
0.039810
-0.040128
-0.011195
0.047975
-0.024974
-0.063178
-0.001769
0.034949
-0.032146
-0.080321
0.126893
-0.003556
0.012106
-0.068214
0.010848
-0.010763
-0.010315
0.089332
-0.070833
-0.070983
-0.029757
-0.046043
0.035388
-0.076500
0.033258
0.012315
0.136728
0.017858
0.071534
0.032333
0.028371
0.015599
-0.025223
-0.007467
-0.075683
-0.069813
-0.035555
-0.043131
0.016619
0.056584
0.020137
-0.070681
0.000513
0.074238
-0.014518
-0.048727
0.008468
0.038930
-0.088581
0.053472
-0.048958
0.010168
0.064442
0.069473
0.025929
0.004180
-0.022642
0.032436
-0.032598
-0.098595
0.127857
0.037363
0.122327
0.046657
-0.052333
0.007478
-0.079730
-0.004510
0.085260
-0.087254
0.133443
-0.048484
-0.065329
0.023768
-0.038461
-0.144993
-0.038116
0.007779
0.043507
-0.020621
0.109527
0.055023
-0.170108
-0.001063
0.065757
0.005031
0.039768
0.036601
0.071686
0.140561
-0.079922
0.051668
-0.010713
-0.003217
-0.024756
0.005413
0.019337
-0.097590
-0.114454
0.039702
-0.073106
-0.116762
0.062460
-0.025977
-0.026896
-0.106830
-0.011381
0.009807
0.084920
-0.004641
0.077119
0.083725
0.034690
0.055852
-0.006671
0.006571
-0.069673
0.200595
-0.071789
-0.110123
-0.023235
-0.056770
0.015144
0.024983
-0.070990
-0.052721
0.010105
0.029863
-0.061037
0.030598
-0.049797
-0.013552
0.100588
-0.068412
-0.083213
-0.037067
-0.060251
-0.056652
0.107080
0.028478
0.001024
-0.041348
0.007846
-0.063102
-0.056467
0.005390
0.049961
-0.117345
-0.103718
0.036579
-0.018846
0.011018
-0.018362
-0.048890
-0.007267
0.069861
-0.008973
0.007310
-0.018271
-0.032362
-0.002098
-0.070284
0.076474
-0.020175
0.100776
0.012756
0.065984
0.032241
-0.049477
0.027517
0.047031
-0.111363
-0.018287
0.024184
-0.057027
-0.043234
0.112640
0.084115
0.087728
0.076552
0.015974
-0.148807
0.062738
0.028824
-0.034046
-0.131415
-0.004655
0.064907
0.081613
0.001713
0.098736
0.059452
0.001046
-0.045994
0.049651
0.006729
0.031743
0.009370
-0.051844
-0.036714
0.004853
0.081719
0.008900
0.051677
0.038091
-0.046179
0.023292
0.077087
0.053677
-0.105930
0.020641
-0.055973
-0.038980
0.040622
-0.058170
0.007921
0.008969
-0.009907
-0.018360
0.005804
0.033719
0.044905
-0.009434
-0.043495
-0.012186
-0.065377
0.033417
0.099763
0.067582
-0.022340
0.036446
-0.057090
0.125526
0.025724
0.083448
-0.042307
0.023058
-0.027091
-0.003786
-0.003864
0.031417
-0.076753
0.038965
-0.067278
0.054112
-0.004434
0.073071
-0.040999
-0.006364
-0.002711
-0.031799
0.092920
-0.019686
0.040152
-0.098132
0.072694
-0.015232
0.001925
0.018718
-0.032265
0.042845
0.038588
0.005582
0.030689
-0.112000
-0.064680
0.002347
-0.087374
-0.072302
0.011453
0.088246
-0.007189
0.031418
0.021679
-0.088868
0.054203
0.039875
0.043003
0.060799
-0.036736
0.052717
-0.019642
0.013037
0.073689
0.115968
-0.032619
-0.105585
-0.018269
-0.046195
-0.001032
0.002516
-0.049486
-0.014938
0.032802
-0.005192
-0.052831
-0.116183
-0.013493
-0.027083
0.023249
0.032192
0.060315
0.086855
0.108562
-0.051903
-0.052524
0.047937
-0.043057
-0.040426
0.021406
0.037172
0.059798
-0.090532
0.137014
-0.049228
-0.013728
0.059582
-0.013040
0.016775
0.062027
-0.066668
-0.001365
0.049648
0.036599
0.028507
-0.054932
0.010209
-0.012445
0.179603
0.011352
0.034863
-0.097831
-0.086804
0.045110
0.023015
0.031815
-0.083604
-0.024599
0.045425
0.013426
-0.041230
0.129128
0.011791
-0.018694
-0.025693
0.018692
0.026407
-0.045423
0.039556
0.028623
0.044706
0.127112
0.034321
-0.020062
-0.036129
-0.043644
-0.004661
0.024845
0.124661
-0.039929
-0.004109
-0.022707
0.018807
-0.025202
0.041403
0.045849
-0.147283
0.031051
0.031899
-0.032813
0.038515
0.014237
0.092853
0.066909
-0.058263
0.077626
-0.003276
-0.006408
0.006484
-0.003464
0.115853
0.013261
0.008341
0.056482
0.050482
0.021602
-0.018361
-0.019706
0.027291
0.033047
-0.025630
-0.009189
-0.032974
0.006361
0.000665
0.020647
-0.026921
0.040130
0.049337
0.014363
-0.084113
0.072381
-0.067537
-0.048785
0.111574
-0.104387
-0.110196
-0.051727
-0.076467
0.083503
0.034246
0.006417
-0.074935
0.015625
-0.004284
0.001773
0.022662
0.035001
0.031715
0.078536
0.074493
0.013778
-0.006347
-0.128812
0.040569
0.026488
0.000159
0.015488
0.024333
-0.107021
0.123070
-0.052728
0.003853
0.009892
0.035538
0.039432
-0.010860
0.045326
-0.054497
-0.038139
-0.048845
-0.005915
0.005627
0.021280
0.005431
0.015560
0.113004
-0.011893
0.019200
0.077212
0.094734
-0.053268
-0.010860
0.046881
0.048612
0.060667
0.033011
0.016628
0.018658
-0.041151
-0.117460
-0.031015
0.039658
0.021097
0.065935
0.041963
0.029078
0.025343
-0.050787
-0.009542
0.096285
-0.074017
0.023145
-0.015522
-0.113854
0.033193
-0.100229
-0.016506
-0.061201
0.048139
0.034277
-0.060059
-0.030348
0.024954
-0.060248
-0.018815
0.052091
-0.010878
0.039125
0.030513
-0.040336
-0.003514
-0.015414
0.127292
-0.048150
-0.089064
0.035462
0.032032
0.072799
-0.056536
0.078884
0.003356
0.083491
-0.046309
0.045906
-0.075798
-0.009986
0.005098
0.009021
0.015514
0.106909
-0.044570
0.013500
-0.028190
0.108844
0.013515
-0.033666
-0.033821
-0.079500
0.104736
0.023054
0.048209
0.011008
-0.039742
0.076162
0.006141
-0.092607
-0.039991
-0.123838
0.018898
0.003457
-0.076655
-0.011235
-0.025955
0.039017
-0.072923
0.007572
-0.037541
0.039827
0.008052
-0.009273
0.007161
0.036853
0.046403
0.010371
-0.010590
-0.002007
0.063076
0.031765
-0.006828
0.014739
0.012991
-0.047510
0.020036
0.018878
0.069868
0.086759
0.008374
0.043431
-0.018142
-0.050448
0.016926
0.001953
-0.017369
0.058956
0.023619
-0.062868
0.043848
-0.026010
-0.104865
-0.020995
-0.037553
0.062092
-0.110005
-0.024733
-0.058779
-0.005033
-0.043726
-0.003274
0.021373
0.063648
0.047985
-0.034512
0.003587
-0.027701
0.027097
0.030687
0.089453
-0.059928
0.027874
0.025378
-0.040395
0.044096
-0.000511
-0.025818
0.017431
0.041776
0.140042
-0.030752
0.041686
-0.052469
0.095087
-0.022098
0.066523
-0.009274
0.091933
-0.050139
-0.002910
-0.016913
0.077585
0.001385
0.095465
-0.031428
-0.028588
0.022937
0.008664
0.001666
0.090877
-0.095486
0.058198
-0.106001
-0.086110
0.010402
-0.030924
-0.057521
0.028712
-0.018931
-0.097967
-0.073776
0.062329
-0.044479
0.031545
0.018267
0.058942
-0.080992
-0.126740
-0.053610
0.089387
0.063114
-0.016820
0.011583
0.049704
0.009837
0.010682
0.036928
-0.010863
0.002855
-0.037914
0.128497
0.146971
0.082500
-0.086085
0.059277
0.080989
-0.003642
-0.010878
0.099330
0.015802
-0.040938
0.065871
0.043523
-0.057629
0.040148
-0.054666
0.028981
-0.081355
-0.065409
-0.103244
-0.051835
0.082962
0.065378
0.035769
-0.028336
-0.018273
-0.148569
0.067152
0.048702
0.057871
0.086076
0.054060
0.014900
-0.035099
0.078168
-0.041912
-0.076589
0.079802
0.016970
-0.042631
0.023228
-0.108794
-0.085515
0.039892
0.000888
0.025750
-0.038702
0.096447
-0.012845
-0.076709
0.014665
0.013487
-0.034021
0.117679
-0.080927
0.028599
-0.014258
-0.026290
-0.011551
-0.055831
0.005431
-0.044720
-0.092278
-0.031983
-0.024008
-0.074484
0.017082
-0.024747
0.031258
-0.083556
-0.055985
0.022470
-0.080011
-0.039113
0.079235
-0.126352
-0.039697
-0.039410
0.120882
0.038051
-0.116447
-0.067350
-0.018583
-0.091938
-0.059784
-0.043967
0.069448
-0.004141
0.149119
0.099630
-0.006299
0.101800
0.077732
-0.036934
0.064431
0.048800
-0.007770
0.031936
-0.086582
0.027713
-0.057687
0.063689
0.035465
-0.082827
0.008382
0.096317
-0.030090
0.006859
-0.090248
0.002301
0.077885
-0.043296
0.072540
0.019583
0.028513
-0.045423
-0.149688
0.064960
0.066627
-0.041293
0.021966
0.042626
0.015553
-0.035933
0.009279
-0.020971
0.060574
-0.000668
-0.039351
0.018055
0.007669
-0.071070
-0.008574
0.121554
0.030306
-0.007665
-0.040837
0.009082
0.051023
-0.015182
0.078778
0.069473
0.033945
0.142548
-0.010007
-0.060942
-0.090500
-0.003441
-0.040461
0.009910
0.068429
-0.007146
-0.013744
0.027137
0.000656
0.028786
-0.034308
0.103664
-0.065271
-0.041787
-0.072026
-0.011201
0.044311
0.053336
0.061931
0.084326
0.056611
-0.005316
-0.022561
0.078022
-0.039485
0.027880
-0.028090
-0.051328
-0.001248
-0.058174
0.057201
0.073819
0.016189
-0.072118
0.008317
0.003870
0.028647
-0.046571
0.036554
-0.008324
-0.075747
0.036003
0.035795
0.045546
-0.089748
0.043619
-0.002037
0.053653
-0.009150
0.039680
0.098619
-0.023427
-0.002226
-0.038899
-0.015473
0.035204
-0.041152
-0.031333
-0.060744
-0.006490
0.058703
0.137303
0.099926
0.086810
-0.066474
0.002607
-0.005775
-0.026333
0.015682
0.070905
0.013685
0.062441
0.077422
0.059159
-0.039435
-0.001956
-0.011007
-0.009679
0.002995
-0.002959
0.012188
-0.020623
-0.017556
-0.053686
-0.027539
0.005983
-0.007295
0.025109
0.122018
-0.030532
-0.042224
0.039648
-0.063134
-0.047566
0.076768
-0.036929
-0.121783
0.019080
-0.049819
-0.127185
0.097540
0.012930
-0.005875
0.037480
0.024301
0.151507
0.028742
-0.045233
-0.047796
0.056668
-0.032759
-0.018181
-0.009933
-0.011217
-0.059551
-0.052835
0.020972
-0.014048
0.052778
-0.028511
0.001271
-0.097021
0.008174
-0.073631
-0.040162
-0.004315
0.009069
-0.057889
0.060600
0.089426
-0.046347
0.054066
0.031255
-0.042312
0.056873
0.054587
0.060055
-0.027426
-0.012775
-0.127846
-0.001317
-0.076905
0.132561
0.063483
0.086202
-0.058797
-0.111125
0.091403
0.005095
0.026990
0.073179
0.067707
0.091792
-0.031140
0.103363
-0.063649
-0.030886
-0.088856
0.021152
0.004195
0.022708
0.009298
0.081565
-0.063260
0.030189
0.036953
-0.105448
0.024796
-0.034527
-0.037335
-0.042603
0.074194
0.041930
-0.082026
0.009628
-0.087767
0.074833
-0.026810
0.086888
-0.042375
0.014100
0.001968
0.064165
0.025593
-0.023312
0.039679
0.015358
0.045860
0.056602
0.009852
0.028911
0.037255
0.044215
0.037839
-0.007277
-0.020527
-0.027765
-0.036066
0.026638
-0.010098
0.078764
0.053289
-0.034065
-0.058766
-0.010378
-0.055455
0.010558
-0.003141
-0.077564
0.052366
0.096788
0.009923
-0.001164
0.030195
-0.107398
0.023030
0.000997
0.005101
0.082363
0.029233
-0.024312
0.041414
-0.059089
0.043262
-0.045968
-0.016788
0.025058
0.059787
-0.007896
0.132608
-0.023568
0.113511
0.108232
0.024244
-0.008156
0.020207
-0.006337
-0.029573
0.021799
0.070731
-0.073672
0.023349
-0.008076
-0.057852
0.040311
0.026569
0.094831
0.009298
-0.058517
0.044924
0.043111
-0.070115
0.018364
0.017402
0.149841
-0.057635
0.044786
-0.028682
0.071340
0.071676
-0.013384
0.015083
0.080100
-0.060702
0.057111
0.007322
-0.096132
-0.083427
-0.172046
-0.072727
-0.004770
0.033249
0.081951
0.046210
0.053444
-0.037252
0.089339
-0.007003
0.053270
-0.110087
-0.102670
0.019128
-0.014831
-0.008087
-0.029797
0.095169
0.059444
0.049572
0.010453
-0.004950
-0.054340
0.007643
0.067257
0.032665
0.041463
0.175749
0.053957
-0.053127
0.047777
-0.002484
-0.040079
0.097730
0.045169
0.034284
-0.017432
0.011803
-0.003390
0.013537
-0.076314
-0.075674
0.008324
0.130309
-0.031473
-0.102511
-0.018515
0.008245
-0.061674
-0.032513
-0.072510
0.070952
-0.092901
-0.039972
0.106039
-0.019984
0.087723
0.009949
0.069726
0.004028
-0.079250
0.063006
0.035538
-0.105463
0.022136
-0.097895
0.034786
-0.017411
-0.064657
-0.072956
-0.015595
0.068334
-0.090532
0.054721
-0.017276
0.108458
-0.082361
-0.003251
-0.036351
0.063500
-0.068272
0.058157
-0.034311
-0.035638
0.030980
0.008433
-0.062159
-0.051905
0.008750
-0.007153
0.021410
-0.053567
-0.001667
0.023950
0.049231
0.101883
0.053067
0.054011
-0.015396
0.016854
-0.032107
-0.012427
0.007693
0.028099
-0.130085
-0.033849
0.016357
-0.027239
0.028500
0.078281
-0.084454
0.035263
0.080805
0.009535
-0.015806
0.080076
-0.053261
-0.018736
0.070215
-0.040544
0.002734
-0.028230
-0.005323
-0.023544
0.073268
0.040686
0.012738
-0.025164
-0.026730
0.025171
-0.014081
0.029306
0.054808
-0.073948
0.057827
0.050651
-0.041361
0.001993
0.114893
0.026251
-0.003899
0.110883
-0.012183
-0.108900
0.065769
0.103316
0.018894
0.063557
-0.093020
-0.129876
-0.088028
-0.054488
-0.000641
-0.009435
-0.032830
-0.008245
0.009738
0.101328
-0.047323
0.058730
-0.054253
-0.054618
-0.020158
0.004058
0.056679
-0.012671
-0.006912
-0.083692
0.100887
0.037655
-0.001094
0.081023
-0.009266
-0.046687
0.098375
-0.046389
0.055943
0.034064
0.034199
-0.021138
0.038023
-0.063827
-0.091327
0.052525
0.083511
-0.007549
-0.082418
-0.082652
0.014324
-0.119451
-0.058956
0.001036
0.033882
0.005804
-0.062729
0.020900
-0.021564
0.000855
-0.014854
-0.083202
0.068897
-0.005824
0.145848
-0.031862
-0.009881
-0.030024
0.077871
-0.005509
-0.041725
-0.037350
0.040033
0.000338
-0.001073
0.047405
-0.038157
-0.073097
-0.005802
0.075703
0.074239
0.025640
0.059613
0.055711
-0.058416
-0.006440
0.044675
-0.007454
-0.073914
0.008334
-0.052033
0.019549
0.059604
0.097455
-0.065414
-0.013481
-0.028312
0.037362
-0.035664
0.080589
0.095758
0.062691
0.060646
0.020315
0.007914
0.020899
0.012474
-0.011015
0.024682
-0.122207
-0.060632
-0.037173
0.043184
-0.125748
0.068357
-0.060733
0.064124
-0.081012
-0.033428
-0.005718
0.060656
0.048788
-0.027479
-0.052886
0.032594
0.004917
0.021688
-0.002076
-0.009398
0.030612
-0.015030
0.020766
0.060641
0.060554
0.009368
0.068201
0.012143
0.101063
-0.007891
-0.030539
0.046591
-0.038322
-0.021382
0.025144
0.013188
-0.123671
0.001486
0.018340
-0.017578
-0.000741
0.076490
0.082214
0.090505
-0.043312
0.028081
0.070384
0.028751
0.069040
0.055235
0.049968
0.024133
-0.063192
0.011208
0.006124
0.012720
0.001520
0.017240
0.065866
0.056477
0.009172
-0.011657
-0.010766
-0.099996
0.057956
-0.007816
-0.065015
0.087183
-0.102204
0.001205
-0.038538
-0.107371
0.030845
0.000451
-0.048322
0.023280
0.010743
0.100530
-0.048519
0.012749
0.106049
-0.078180
0.018138
-0.011225
-0.127927
-0.002181
0.089003
0.053550
-0.084975
0.008176
0.084569
-0.001821
0.017202
-0.007100
-0.046708
-0.038215
0.057934
-0.050227
-0.049930
0.001354
0.024023
-0.028414
-0.027179
-0.006039
0.050365
0.127113
0.016049
-0.012220
0.090137
-0.017329
0.056421
0.048930
-0.015289
0.100814
0.036976
-0.085201
0.056147
-0.018948
-0.021070
-0.022447
0.044974
-0.028767
-0.063129
0.026479
0.031872
-0.015486
0.090557
-0.090598
-0.044045
0.055302
0.105845
-0.003600
0.076796
-0.069438
-0.016815
-0.081041
-0.005980
-0.012518
0.048843
0.022652
0.014443
-0.002038
0.189404
0.015166
-0.024023
0.051070
0.023535
-0.082557
0.034857
0.020116
0.059566
-0.088990
0.096378
-0.000283
0.076054
0.015177
-0.020308
-0.043908
0.062837
0.012087
0.068902
-0.021438
-0.058366
-0.068852
-0.040522
-0.022802
0.047273
-0.050649
0.023170
0.023278
0.030124
0.030525
-0.021267
0.032409
-0.017911
-0.007291
-0.065145
0.019747
0.066788
0.017788
-0.009743
0.020145
-0.002501
0.069167
0.081886
-0.036621
-0.002510
-0.070732
-0.015553
0.062626
-0.004432
0.024749
0.031401
-0.005427
0.031668
-0.059873
0.034432
0.071473
0.113549
0.034567
-0.034553
-0.007910
-0.023743
0.028355
0.099844
-0.013498
0.050843
-0.044419
-0.068411
0.006182
-0.047713
0.001756
-0.038750
-0.060840
0.051414
0.078852
0.121584
-0.149450
0.044227
-0.019594
0.020990
0.017376
0.041436
0.023227
-0.071114
-0.038461
0.019524
0.007714
-0.010035
-0.027193
-0.019516
-0.046298
-0.058825
0.001564
0.009503
-0.023599
-0.026218
0.036580
0.026516
0.019205
0.050906
-0.003579
-0.140284
-0.049171
0.067372
-0.060478
-0.000728
0.000255
-0.020353
0.159802
0.120177
0.012224
0.084631
-0.060126
0.013688
0.066005
0.002433
0.001567
-0.000370
0.199617
-0.061738
-0.096509
0.088749
0.081219
-0.085649
0.096939
0.047333
0.035148
-0.056083
-0.015428
0.039026
0.004073
0.030698
-0.039122
-0.037812
0.009514
-0.027983
-0.013978
-0.015110
0.006372
-0.155755
-0.008673
-0.043727
0.014531
0.021123
0.000971
-0.080539
-0.053062
-0.073666
0.025570
-0.005032
-0.078135
0.075431
-0.019822
-0.004065
-0.005814
-0.042187
0.016900
-0.064899
0.056343
0.044303
-0.077115
0.014702
-0.006114
-0.013599
0.060259
-0.019865
0.028373
0.027512
0.082211
0.010221
0.016344
-0.012903
-0.018217
-0.070236
-0.016304
-0.010816
0.054342
0.096279
-0.026956
0.038861
-0.065244
-0.097906
0.025470
0.093254
-0.086456
0.026295
0.032094
0.058245
-0.032399
0.040436
-0.007921
-0.094745
-0.062172
-0.073825
0.078408
-0.013641
0.048310
-0.040202
-0.137185
0.134087
-0.044674
-0.112574
0.015025
-0.046549
-0.035158
0.008918
0.034844
0.026617
-0.089899
0.004464
-0.002049
-0.057778
-0.107191
0.001509
0.058008
-0.135671
-0.053511
0.073618
0.037958
0.041799
-0.012830
0.009541
-0.026900
-0.061971
0.018125
-0.076060
-0.024373
-0.049139
-0.014420
0.037449
0.005517
0.064627
-0.065650
-0.040168
-0.028982
-0.027926
0.036528
-0.015057
0.124608
-0.010921
0.104779
-0.055288
-0.032584
0.054583
0.030379
0.026280
-0.004769
-0.022961
0.045800
0.037970
0.047634
0.036158
-0.056273
0.193631
0.043835
-0.051424
0.023861
0.058263
-0.080715
-0.019185
-0.034685
-0.013822
-0.099109
-0.056811
-0.029584
-0.007364
0.047527
0.020661
0.003327
0.006541
-0.010877
0.066699
0.100893
0.033794
-0.023549
0.043599
-0.067370
0.060478
0.047243
-0.062269
-0.028997
0.043701
-0.008720
-0.044624
0.048347
-0.053202
-0.029755
-0.017862
-0.013390
-0.068625
-0.101521
0.037477
0.022381
-0.028980
0.018775
-0.059474
0.092431
-0.101597
0.034032
0.064779
-0.022015
0.042181
-0.008115
0.030686
-0.064754
0.041756
0.020810
0.018419
0.062320
0.175987
-0.020340
0.058256
0.100563
0.044535
-0.058308
-0.066128
0.006372
-0.062022
-0.014561
0.063745
0.018061
0.121418
-0.024491
0.001600
-0.017070
-0.040729
-0.010230
-0.003722
0.011626
-0.049476
0.022475
0.003937
0.041401
-0.039065
0.057854
0.080877
0.060565
-0.114602
-0.035200
-0.026025
-0.011968
0.031008
0.111650
-0.055006
0.090218
-0.002857
0.007705
0.010030
0.007235
-0.013216
-0.054443
-0.016199
-0.049538
-0.017903
-0.085120
0.094043
-0.045694
-0.011147
0.118275
-0.114288
-0.048691
-0.058777
0.013133
0.014351
0.081386
0.008480
-0.091548
-0.135278
-0.102352
0.056469
-0.028466
0.072189
-0.025801
0.013292
-0.032009
0.032805
0.082840
0.091557
-0.024361
-0.076127
-0.055640
-0.057066
-0.048317
0.003611
-0.111213
0.027435
-0.084889
-0.005165
-0.006376
0.007383
-0.071466
0.083842
-0.055262
0.031920
0.012442
0.003571
0.073624
-0.036570
-0.028290
0.046643
0.013522
-0.057858
0.011573
-0.049466
-0.000933
-0.009745
0.015624
0.010688
-0.040599
0.017106
0.138840
-0.012124
0.009934
0.007411
0.047982
0.003341
-0.029750
-0.017258
0.040884
0.040322
-0.038638
-0.046661
0.105936
-0.146407
-0.070889
-0.013083
-0.049709
0.045347
0.048770
0.029355
-0.062176
-0.005051
-0.033925
0.018268
-0.006517
0.041407
-0.074652
0.054913
0.039579
0.018494
0.001729
-0.012902
0.070276
0.078739
0.113669
0.095463
-0.028486
-0.119188
-0.037965
0.047025
-0.044046
0.016595
-0.115305
0.028323
0.060082
-0.036015
0.045265
-0.016059
-0.003970
-0.033830
0.032611
-0.088826
0.040294
0.021631
-0.050653
-0.044732
-0.052058
-0.040755
0.029885
0.022685
-0.059462
-0.061418
-0.005703
0.121299
-0.012105
0.012100
0.031812
-0.037189
0.049186
-0.057988
-0.015446
0.080787
0.045217
-0.074310
0.057256
-0.049856
0.000004
-0.022722
-0.067699
-0.054873
-0.002664
0.087983
-0.058249
-0.003942
-0.001953
0.014342
-0.056833
-0.029847
0.031161
-0.018536
0.044384
0.006647
-0.022515
0.072833
-0.090615
0.033691
-0.048726
0.052448
-0.021227
0.029159
0.014087
-0.076282
-0.010399
-0.077486
0.000651
-0.103750
0.075344
-0.063235
-0.033212
-0.050462
0.068831
-0.001975
0.079538
0.038110
0.127025
0.040147
0.016450
-0.023589
-0.046197
0.068836
-0.019335
-0.029118
0.066767
0.032822
0.007723
0.000121
-0.027814
0.087052
0.091574
0.093091
-0.009200
0.050176
-0.039410
-0.113224
-0.025549
0.050914
0.013841
-0.105838
-0.066715
0.002851
0.053633
-0.025625
0.050658
0.029628
-0.013746
-0.129676
-0.007165
-0.023822
0.016025
-0.042400
-0.056596
-0.054937
0.059218
-0.033532
0.033585
0.074126
-0.006603
0.007664
-0.010100
-0.020484
-0.068497
0.001928
-0.004166
0.034115
-0.020845
-0.066284
-0.025926
-0.100536
-0.004487
-0.017721
0.034526
0.030423
-0.065603
0.020004
0.007884
0.107987
-0.012646
-0.097524
0.004203
0.112724
0.049782
-0.090065
0.056325
-0.065094
0.041056
0.020562
0.088427
-0.099048
-0.009266
-0.009118
-0.001370
0.009181
-0.101713
0.030426
0.090832
0.054641
0.032484
-0.062253
0.022214
0.021554
-0.003499
-0.012641
-0.113020
-0.023768
-0.054186
0.072953
0.013788
-0.042304
-0.039511
0.041417
0.044312
-0.005548
-0.068723
0.040768
0.060755
-0.003142
-0.045695
0.008071
-0.053442
0.037648
-0.089331
0.027636
0.005635
-0.029119
-0.019576
-0.060047
-0.104092
0.004988
0.140240
-0.011398
0.063677
-0.013586
-0.055886
-0.003220
0.053085
-0.094613
-0.043122
-0.065146
-0.080096
0.069852
0.090989
0.015269
-0.004287
-0.072240
0.013391
0.076725
-0.017677
-0.019966
-0.023048
0.042232
0.063972
0.066671
-0.118396
0.025255
0.030854
-0.049642
-0.028751
0.086171
0.110717
-0.001709
-0.043770
-0.072975
-0.070740
0.036053
0.049891
0.034686
-0.009803
0.023879
-0.011647
-0.027893
0.057729
0.080280
0.010392
0.080345
0.014480
-0.031800
-0.055691
-0.008009
0.139108
0.031623
-0.056398
0.032564
0.021637
-0.034220
0.030589
-0.011909
-0.022277
-0.019151
-0.002829
0.002213
-0.019364
0.028839
0.010575
-0.070385
-0.037703
0.016450
-0.089693
0.021893
0.011472
0.024856
-0.124001
0.116684
-0.064266
0.037186
0.093337
-0.069673
-0.017776
-0.016864
0.015153
-0.072538
0.039725
0.024153
0.008986
-0.003670
0.015301
-0.036270
-0.024178
0.002496
0.035280
0.009993
-0.007791
0.015987
-0.005962
0.016929
-0.114236
0.052940
0.005974
-0.014553
-0.037509
-0.055589
-0.013598
-0.038908
0.062555
0.039750
-0.048393
-0.076876
0.016337
-0.060564
-0.054048
-0.036134
-0.099637
-0.040394
-0.049198
-0.041055
-0.081506
0.073095
-0.000330
0.106066
-0.003951
0.051463
-0.011930
-0.077954
-0.036269
0.016952
0.001857
0.082725
0.006800
-0.062989
-0.031880
-0.001423
-0.001092
-0.012102
-0.092570
-0.038954
-0.001387
0.019335
-0.041516
-0.124030
-0.041626
0.064022
0.042082
-0.005025
0.056287
0.088903
0.015624
-0.034842
0.020623
-0.008043
-0.078392
-0.038415
-0.111783
-0.036519
-0.055488
-0.069296
0.062900
-0.027341
-0.053214
-0.083296
-0.028626
0.048746
0.025381
0.000646
-0.063384
0.076195
-0.099401
-0.062568
-0.003546
-0.022384
0.016576
0.061079
0.039481
0.026926
-0.125707
0.018076
-0.017282
0.036963
0.053597
-0.005734
0.022994
-0.049703
0.069131
0.014237
0.248947
-0.003436
0.005491
0.007124
0.011557
-0.029570
0.043051
-0.018392
-0.060738
0.018671
-0.057892
-0.066803
-0.007190
0.026962
0.046886
-0.102656
-0.033842
-0.033828
0.028338
0.039882
0.048684
0.028974
0.061867
0.002440
-0.021467
-0.001654
-0.067292
0.098409
-0.062601
-0.070252
-0.021878
0.050237
0.034308
-0.015546
-0.046707
-0.016619
0.126825
-0.052947
-0.095866
-0.007931
-0.028753
-0.046499
-0.044133
-0.098815
0.105956
0.052229
0.089373
-0.035727
-0.091097
0.055540
0.027286
0.006513
-0.056977
-0.026905
-0.073109
-0.010433
-0.008359
0.073658
0.013126
-0.016893
0.038609
-0.015339
0.002832
0.038783
0.001614
-0.006196
0.048428
0.019376
-0.050148
-0.061362
-0.078221
0.044576
0.053608
-0.006625
0.002728
-0.024159
-0.065587
0.000141
0.089770
0.012869
0.009741
0.066355
-0.014859
-0.114291
-0.063444
0.040960
-0.092944
-0.040343
-0.035613
-0.030865
-0.074540
0.050807
-0.008589
-0.040242
0.040160
0.000719
0.074168
-0.026990
-0.081048
0.020787
-0.057372
-0.080161
-0.010550
-0.042566
-0.054193
-0.015395
0.052280
-0.141323
0.097712
-0.062367
-0.039493
-0.152577
0.053828
0.034760
-0.053850
-0.099206
-0.028467
-0.024235
-0.056074
0.005036
-0.038400
0.081257
-0.005731
0.069618
-0.014074
-0.013512
-0.091792
0.026168
0.013631
0.022620
0.082520
0.037064
0.030177
0.024383
-0.056123
-0.009546
-0.055914
0.019788
0.011980
0.102951
0.058619
-0.054083
0.063925
-0.106555
0.041159
-0.003124
0.048559
0.002215
-0.010765
0.042975
-0.040322
-0.080595
0.059959
-0.018540
-0.029979
-0.070805
0.109908
0.053894
-0.008494
0.078671
0.109917
-0.022248
-0.078445
-0.026980
-0.021150
0.050372
-0.000776
0.063590
-0.013944
-0.001289
0.009645
0.027822
0.072019
0.084887
0.044410
-0.011369
-0.060874
-0.100220
-0.007943
-0.089415
-0.023366
-0.023828
0.036728
0.029461
-0.088784
-0.048918
-0.022875
0.032103
0.073502
0.021991
-0.013619
-0.091589
0.137530
-0.050102
0.038835
-0.009896
0.087624
0.093636
-0.067809
0.013340
0.027258
0.004168
-0.021215
-0.029902
-0.099528
-0.108605
-0.031032
0.004536
0.060854
0.011293
-0.053717
-0.045313
-0.063869
0.057203
-0.091027
-0.042412
0.049461
-0.003681
-0.015845
-0.003313
0.032461
-0.005755
0.044711
0.011786
-0.026079
-0.018659
-0.087079
-0.050122
-0.091133
0.041208
-0.110048
-0.015148
-0.067155
-0.051009
-0.073114
-0.014201
0.089218
0.050819
0.033458
0.025667
-0.029243
0.034794
-0.101335
0.054259
0.127092
-0.008328
-0.047582
0.024923
-0.024111
0.046194
-0.105183
0.115904
-0.046290
0.067127
-0.008056
-0.062478
0.033886
0.002355
0.038749
-0.011678
0.014665
0.039589
0.096694
-0.023940
0.046959
0.051649
-0.126943
0.040420
0.029994
-0.044025
-0.024586
-0.007333
-0.010824
-0.062908
0.036989
-0.088214
-0.015326
0.082124
-0.080361
0.016707
-0.012322
-0.124109
-0.020863
0.015949
0.039109
-0.045060
-0.057674
0.066969
-0.052603
-0.063050
0.013442
0.045244
0.010954
-0.055707
-0.007127
0.083843
0.057897
-0.012738
-0.033281
-0.134820
0.034776
-0.006651
0.007355
-0.020272
-0.013224
0.050581
0.070651
0.047602
-0.084066
-0.023907
0.106854
-0.090506
-0.083428
-0.006269
-0.026849
0.044202
-0.017252
-0.022841
-0.021521
0.034355
-0.022821
0.106510
0.053907
-0.048033
-0.042917
0.023292
0.129940
0.054155
0.090854
0.088105
0.058823
0.022344
-0.066777
-0.042122
0.026800
-0.044870
-0.048310
0.093491
0.105490
0.071024
0.021989
-0.044302
0.012439
0.029493
0.003585
-0.026877
-0.044575
-0.022480
0.040630
-0.028347
-0.065367
0.031589
-0.051355
-0.075370
-0.108402
0.133183
0.069731
-0.059798
0.062862
-0.033952
-0.024536
0.014421
0.008036
-0.056827
-0.004762
0.007282
-0.102012
-0.052839
0.119311
-0.013171
-0.049524
0.009524
0.006842
-0.010343
0.034271
-0.004126
-0.036129
0.093020
0.075296
0.066783
0.047376
-0.041796
-0.050325
0.021713
-0.003723
-0.057468
0.019084
-0.029061
-0.059749
0.146658
0.034223
-0.058120
-0.091103
-0.003514
-0.021642
0.069649
-0.053417
0.092790
0.068653
-0.043663
-0.030485
0.037288
-0.013437
0.051979
0.083230
0.046329
0.055015
0.047875
-0.027312
0.095419
-0.059916
0.037284
-0.054053
0.015365
-0.081279
0.004316
0.050604
0.060404
-0.088549
-0.067213
0.001432
-0.020770
-0.032612
-0.018456
0.040649
-0.085744
0.029670
-0.018549
-0.040817
-0.140560
0.059049
0.058987
0.027130
-0.082263
0.014555
0.124297
-0.011949
0.040029
0.062734
-0.124229
0.009883
0.041172
0.000900
0.067934
0.023392
-0.082851
-0.047111
-0.047746
0.086485
-0.070171
-0.042010
-0.030987
0.024578
-0.006743
0.036086
0.020720
0.014670
-0.002163
-0.014169
-0.022695
-0.015824
0.028236
-0.008732
0.036311
0.033504
-0.002979
0.041523
0.039512
0.027730
-0.048689
0.004334
-0.080325
-0.074932
0.071962
0.003918
0.059163
-0.014517
-0.048250
-0.008125
-0.070324
0.019642
-0.006851
-0.071096
-0.064717
-0.061195
0.158174
-0.114528
-0.026621
0.034157
-0.076202
-0.015448
0.059067
-0.056473
-0.036806
-0.005745
0.064911
0.020497
0.017229
-0.017293
-0.025517
0.040571
-0.082278
0.005872
-0.020105
-0.007866
0.084889
0.037370
-0.068373
0.053060
0.056735
-0.040446
-0.050920
0.052102
0.096994
-0.090999
-0.047651
-0.108343
-0.084895
-0.020953
0.034777
-0.004623
-0.044361
-0.007033
0.041035
-0.078075
-0.093786
-0.130168
-0.016243
0.051525
0.047595
-0.046687
0.080285
0.034295
-0.065590
-0.036913
0.031705
-0.020791
-0.062341
0.017846
-0.011641
-0.070259
-0.078317
0.032362
0.002854
-0.060790
-0.088090
0.039221
0.050980
0.101163
0.045685
-0.021052
0.030328
0.086260
-0.032943
-0.039561
0.038318
-0.011560
-0.089832
-0.028194
0.128877
-0.008801
0.025436
-0.065736
0.033479
0.048012
0.042203
0.010633
-0.044627
0.077951
-0.009345
0.076789
-0.022336
-0.047032
-0.100806
0.056202
-0.036289
-0.103791
0.061080
0.038844
0.028880
0.023936
0.008110
0.083460
-0.026692
0.038935
-0.026317
-0.000421
0.072808
-0.045447
0.047438
-0.029225
0.036978
-0.035684
0.035136
0.059173
-0.040093
-0.033360
-0.070400
-0.026986
0.090869
-0.070292
0.001360
0.010103
-0.036498
0.061502
-0.016161
0.078563
-0.112891
0.007697
-0.035275
-0.069405
0.053269
0.039831
-0.001157
-0.033977
0.017706
-0.094542
0.034543
-0.052453
-0.103768
0.048903
0.007417
-0.027779
-0.097552
-0.022628
0.042713
0.052627
0.007151
0.016500
-0.040053
-0.019951
-0.041313
0.020027
0.046824
0.023433
0.055761
0.108102
0.102381
0.022637
0.088199
0.081860
-0.069327
0.061678
0.021299
-0.038843
-0.027102
0.034330
0.115517
-0.111839
0.030897
-0.024151
-0.038094
-0.029100
-0.026696
-0.048451
-0.019531
0.031948
0.008143
0.018401
0.131744
-0.114765
-0.077397
-0.032174
-0.055638
0.086970
-0.039759
-0.023305
-0.047274
0.080493
0.023897
0.017485
-0.030081
0.047413
-0.037141
-0.033693
-0.087113
0.061295
-0.047054
0.063760
0.035483
-0.036286
0.014130
0.032736
-0.022459
0.051995
-0.029725
-0.029224
-0.012173
-0.039625
-0.086016
0.043541
-0.086020
-0.044624
-0.046085
0.093872
-0.058022
0.030157
-0.106961
-0.071100
0.007014
0.055142
-0.020198
0.004419
-0.005840
0.057407
-0.177469
-0.068696
0.043751
0.035955
0.071690
-0.053376
-0.014533
0.040668
-0.055332
0.011157
-0.022361
-0.004348
-0.041192
0.024900
-0.021995
0.072964
-0.027826
-0.046411
0.035792
-0.045218
-0.016653
-0.051027
-0.015268
0.000142
0.054124
-0.003086
-0.011079
0.026613
-0.087524
-0.037668
-0.149644
0.016287
0.057585
0.041323
0.056574
-0.065973
-0.052838
0.006294
0.022315
0.027741
0.016897
-0.030464
-0.014574
-0.077279
-0.016127
0.057767
-0.060496
0.090012
0.015307
-0.047576
-0.038189
-0.042882
-0.005385
-0.010236
-0.015530
-0.009404
0.087507
0.027439
0.068559
0.075920
-0.045339
-0.045405
-0.035810
-0.033707
0.046272
0.013308
-0.008582
0.071440
0.016286
0.015224
-0.017811
0.008694
0.040933
0.052057
0.003897
-0.027219
0.051548
-0.005008
-0.032759
-0.051293
-0.066941
0.097612
-0.067850
-0.057082
0.050929
0.019496
-0.001824
-0.125541
0.050471
0.011507
-0.001270
0.036526
-0.053362
-0.119781
0.083411
-0.065959
0.076305
-0.013547
0.024148
-0.058082
-0.016499
-0.004299
0.008113
-0.027399
0.033705
0.010440
0.057560
0.042230
-0.130946
-0.019094
0.032746
0.038783
-0.069906
0.028812
-0.047581
-0.075074
-0.020028
0.039462
-0.029974
-0.032465
0.058134
0.010961
0.019595
-0.032637
-0.020405
-0.081796
-0.065499
-0.063883
0.046870
-0.010524
0.094352
0.075953
-0.040004
0.008820
0.016948
-0.008182
-0.013239
-0.035954
0.041017
-0.000940
-0.042019
0.016115
0.048177
-0.077984
0.010762
-0.103734
0.092838
-0.002596
0.074032
0.025941
0.020834
-0.065805
0.015252
-0.062716
0.006539
0.008402
-0.007384
0.039970
0.011962
-0.121820
-0.071127
0.071354
-0.087370
-0.034064
-0.067415
0.003593
0.027830
0.062049
0.098167
0.004911
0.059874
-0.053055
-0.011536
-0.045345
0.070785
0.100148
0.028033
-0.007159
0.072737
-0.003436
0.007599
0.028916
0.039521
0.004209
0.021260
-0.049943
0.049875
-0.033806
0.054167
-0.036903
-0.086106
0.010332
-0.042808
-0.074496
-0.024905
-0.006801
0.079102
-0.046256
0.083794
0.043935
-0.032406
0.040659
0.001149
0.045582
-0.036041
0.016958
0.001814
-0.037782
0.105214
0.088976
0.011376
-0.029888
-0.035344
0.060043
0.099270
0.002391
0.078508
-0.011764
0.089020
0.050218
-0.101081
-0.017879
0.078520
0.003074
-0.051661
0.042544
0.080966
0.028681
-0.039586
0.079720
-0.021913
0.017414
-0.006370
0.033369
0.012076
-0.013681
0.157213
-0.053838
-0.016585
-0.032772
0.014094
0.009821
-0.039835
-0.077262
0.145606
-0.092894
0.042942
-0.020435
-0.059727
0.058827
-0.026691
0.030084
-0.040304
0.035931
-0.077381
0.130264
-0.055692
0.057275
-0.092222
0.034856
-0.000189
0.048927
0.012884
0.060222
0.057468
0.053240
-0.001925
0.043034
0.029058
-0.033834
-0.113476
0.105526
0.002956
-0.052060
-0.037850
0.020119
-0.031925
0.003783
0.024265
-0.046369
0.095635
0.031522
0.006739
0.027864
-0.006842
-0.019388
0.003291
0.026602
0.071119
0.037191
-0.047699
0.036939
-0.023622
0.103938
0.043999
-0.019316
0.015453
0.019135
-0.124862
-0.036106
0.043498
-0.025860
-0.011910
0.061492
0.134602
-0.000914
-0.003753
-0.029241
-0.040910
0.031064
-0.028399
0.124578
-0.010927
-0.035343
-0.023552
-0.077986
-0.003934
0.008328
0.022655
-0.013396
-0.083181
-0.021481
-0.087507
0.009598
-0.023797
0.068151
-0.068192
0.072459
0.061626
-0.033931
0.012020
-0.053570
-0.019760
0.079991
0.027988
0.021034
0.003030
0.053788
-0.105127
-0.019894
0.043380
-0.007926
0.030501
0.015924
-0.027632
0.101370
0.117890
0.068349
-0.043916
-0.065678
0.004498
0.027570
-0.042972
0.067338
-0.036603
-0.049332
0.088244
-0.036240
-0.021005
0.040574
-0.016744
-0.079177
-0.096152
-0.080417
-0.020105
0.076499
0.016855
0.148630
0.068742
-0.050783
0.017328
-0.045142
0.066301
-0.140533
-0.018773
0.022377
-0.014448
0.003087
0.061110
-0.103367
-0.136151
0.144299
-0.015393
0.091012
-0.029457
0.102543
0.069351
0.035344
-0.007579
-0.042808
0.034920
0.062264
-0.051148
0.050989
-0.084406
0.004218
0.041177
0.090249
-0.020145
-0.000944
0.035016
-0.055735
-0.042428
-0.036494
0.064826
-0.054758
-0.029809
-0.090385
0.002945
0.030521
-0.060078
-0.034095
-0.131340
0.041023
-0.002172
-0.021998
-0.118889
0.077574
0.011652
0.075038
0.045903
-0.141320
0.068930
-0.004413
0.050742
-0.089128
0.097417
0.017217
-0.081861
-0.069431
-0.013655
0.038619
-0.049440
0.089634
-0.020451
0.067448
0.107419
0.028195
0.002001
0.026906
0.054772
0.034440
0.046625
-0.047360
0.040759
-0.068299
-0.044657
0.072328
0.041052
0.068217
-0.014515
0.055959
-0.032308
-0.071911
0.028598
0.039005
-0.000712
-0.104350
0.041920
0.012260
-0.043550
0.046445
-0.018453
0.031349
0.028732
-0.077771
-0.059019
-0.117471
0.016952
-0.109335
0.058684
-0.009325
0.039934
-0.010092
0.058504
-0.001276
-0.050625
0.034861
0.011844
-0.104502
0.042717
-0.007836
0.119319
-0.044811
-0.003557
-0.113315
0.072690
0.048929
0.040175
-0.020339
-0.005357
0.003068
0.011675
0.001361
0.000863
-0.004024
0.041660
-0.031379
0.061156
-0.045233
-0.072122
0.123267
0.033692
-0.042327
-0.021285
-0.010892
-0.036049
-0.035702
-0.001087
-0.048669
-0.043682
0.077261
-0.055676
0.075957
0.062134
0.032473
0.219982
-0.053957
-0.026026
-0.060114
-0.046836
-0.036176
0.044690
0.066261
0.088654
0.048776
-0.024983
0.142730
0.140517
0.029311
0.062466
-0.006156
0.062148
-0.039846
-0.020943
0.056430
-0.012504
0.034562
0.018755
0.101317
0.048784
0.052680
-0.047525
-0.015597
0.034548
-0.011923
0.104627
0.123073
-0.022337
-0.079370
0.014136
0.048806
0.110026
-0.012683
-0.027869
0.033581
0.034943
-0.081062
-0.082743
0.068302
-0.024264
-0.046378
0.016520
-0.056072
0.071454
-0.028949
0.014211
-0.012584
-0.095945
0.003535
0.032844
-0.047133
0.065532
-0.044616
-0.033485
0.006091
0.009295
-0.036657
-0.084988
-0.024049
-0.026497
0.011417
-0.063156
0.011898
0.002296
0.001080
-0.055888
0.000750
0.058118
0.003440
-0.003822
0.005198
-0.031641
-0.035361
-0.032549
-0.015023
0.050870
0.049117
-0.089113
0.027611
0.019342
0.103288
0.049781
0.127255
0.018475
0.006701
0.034160
-0.062328
0.037303
-0.009210
0.032458
0.084786
-0.088402
0.022037
0.083594
-0.087543
0.004092
0.033175
0.024748
0.045088
-0.074357
0.004353
-0.022624
0.055501
-0.101857
-0.020094
0.017423
-0.032787
-0.101999
0.037651
-0.091462
0.039557
0.017688
0.076041
0.012310
-0.067053
-0.053823
0.037212
0.056791
-0.014705
0.011592
0.052988
0.072827
-0.063524
-0.156569
-0.047476
-0.052416
-0.061975
0.034996
0.071889
-0.046839
-0.087623
-0.000083
-0.009023
-0.048528
0.006910
-0.056557
0.046409
0.027075
-0.064600
-0.065724
-0.042757
0.000704
-0.092499
-0.009724
0.053971
0.013149
-0.116282
0.080032
-0.068782
0.087178
0.011981
0.013345
0.051590
0.043694
0.046290
0.010368
0.034020
-0.019399
-0.059812
-0.018545
0.064340
0.092389
-0.061435
0.035705
-0.044582
0.007326
-0.116982
0.092040
-0.007661
-0.002909
0.023547
0.124614
0.110670
-0.049354
0.002286
0.068726
0.038224
0.042036
0.045008
-0.062870
0.009135
-0.051540
-0.065465
-0.022020
-0.049276
0.038975
0.029840
-0.149033
-0.094037
-0.080240
0.023504
-0.044702
0.009439
0.038417
-0.001991
0.023810
-0.020855
-0.093451
0.034141
-0.065860
0.000393
0.003966
-0.013483
0.053214
0.041881
-0.104514
0.047112
-0.050857
0.103704
0.035500
-0.002351
0.037680
-0.060927
0.015051
0.005993
-0.026621
0.143720
0.067819
0.160860
0.038057
-0.017425
0.083498
0.122402
0.043573
-0.076965
-0.000218
0.073674
-0.034117
-0.000025
-0.001452
0.012126
-0.049320
0.027854
-0.110305
-0.025462
0.002579
-0.150015
0.000684
0.000327
0.046538
0.078420
0.072347
-0.011973
-0.002978
0.009042
-0.003468
-0.035955
0.015744
0.003904
-0.063085
0.066565
0.036480
-0.031881
-0.060926
0.080277
-0.008492
0.045000
0.027064
-0.004910
0.120496
-0.081408
0.085289
0.048678
-0.045090
-0.108983
-0.075219
-0.046057
-0.054331
0.014014
0.012775
-0.093549
-0.012429
-0.066818
-0.046604
-0.003405
0.016486
0.027267
0.120681
0.126741
0.162135
-0.006120
-0.002367
0.016591
0.034656
-0.021405
0.039712
-0.015327
0.025978
-0.066986
-0.003007
-0.023762
0.078850
-0.022948
0.014555
0.036360
0.001864
0.024784
0.008381
0.067932
0.063107
0.064865
0.007595
0.019792
-0.037669
-0.037721
0.027900
0.077673
-0.097608
-0.043437
-0.007617
-0.068220
0.005542
-0.065418
0.039954
0.060561
0.009277
0.009382
0.072475
0.064293
-0.122039
-0.027526
-0.027199
0.056101
-0.086646
-0.003961
0.143135
-0.020911
-0.065283
0.029986
-0.083117
0.004791
0.050999
-0.055076
0.024731
-0.059539
0.023690
-0.045766
-0.022785
-0.037977
-0.075373
-0.016674
-0.015125
0.084651
0.003076
-0.006067
0.004263
0.118737
-0.091448
-0.057661
0.061029
-0.083637
0.016872
-0.029525
0.010911
-0.006408
0.082249
-0.129640
-0.022674
0.014190
-0.054181
-0.028683
-0.009598
0.045575
-0.062318
-0.030806
-0.028564
0.010247
-0.039024
0.011490
-0.053745
0.019527
0.071294
0.010660
0.003493
0.025270
-0.100597
-0.032257
-0.036452
-0.018924
0.035135
-0.039868
0.023854
-0.032056
0.069881
-0.079057
0.035752
0.025927
0.014424
-0.026395
-0.005418
0.104944
-0.010265
0.055550
-0.020325
0.004096
-0.037063
-0.046328
-0.065832
0.042293
-0.067562
-0.052585
0.021372
0.048368
-0.077409
0.029506
0.110351
0.039076
-0.057255
-0.039071
0.035521
0.045317
-0.006665
0.032972
0.108858
0.121354
-0.177940
-0.001381
-0.001420
0.016977
0.005428
0.032689
0.152576
-0.031461
-0.040340
0.058848
0.104230
0.027828
0.056849
-0.045273
0.042649
-0.021769
-0.001755
-0.015264
0.014521
0.045628
0.039527
0.018181
-0.014942
0.025263
-0.023130
0.093051
-0.095257
-0.021234
-0.027046
0.034865
-0.043425
0.060069
-0.002650
-0.006525
0.113962
0.092825
-0.007656
0.056977
0.025219
0.074031
-0.039723
-0.001936
-0.002295
0.013717
-0.070025
-0.006490
-0.053921
-0.054853
0.027664
0.014703
-0.058593
-0.016209
-0.004994
0.103838
-0.037435
0.010660
0.112523
0.054446
0.053527
0.007750
0.088951
-0.032979
0.072595
-0.054440
0.025797
-0.017335
0.066026
-0.052888
-0.009291
0.103805
-0.023250
-0.049058
0.074073
-0.029234
0.022314
-0.026180
-0.074117
0.020374
-0.022556
0.068115
-0.008466
0.025435
-0.055381
-0.013195
0.005503
0.091698
0.070271
-0.045005
-0.005350
0.055321
0.046550
0.044791
0.010536
0.018131
0.072919
0.063961
-0.014792
-0.049752
0.063096
0.008804
0.056108
-0.021984
-0.024864
-0.066067
0.030628
0.044148
0.032737
0.004841
0.033893
-0.051887
0.102331
0.001389
-0.024778
-0.021334
0.085349
-0.019486
0.114153
-0.037389
-0.032854
0.005264
-0.073024
-0.030341
0.052313
-0.040038
-0.108304
0.002031
0.097945
0.032139
0.028497
-0.018010
0.016471
0.031080
-0.073898
0.104662
-0.086955
0.001870
0.001334
0.007853
0.047218
-0.023413
-0.070263
0.033940
0.058400
-0.059519
-0.066306
-0.057118
0.012229
0.012808
0.046012
0.031937
-0.042804
-0.107727
-0.049198
-0.031079
-0.080918
0.083107
0.035450
-0.027948
-0.067616
0.003657
0.010633
-0.100661
-0.060868
0.027309
0.029382
0.030519
0.002826
-0.045044
0.039664
0.021117
0.048286
-0.011956
0.002865
-0.042224
-0.017162
-0.048258
-0.054508
0.012572
0.113053
-0.064611
-0.076690
0.006839
-0.054225
0.086953
0.037003
0.018814
0.055239
0.061105
0.141638
-0.051880
-0.004676
0.029488
-0.076721
0.036302
0.094544
0.053882
-0.008589
-0.053684
-0.030200
0.045717
0.091752
0.070127
0.040285
0.057479
0.013078
0.001022
0.086006
0.076377
0.095940
-0.049773
0.023347
0.090759
-0.117415
-0.046610
-0.051405
0.060426
0.020633
0.005992
-0.069250
-0.033056
-0.106196
0.007901
0.155454
0.037072
0.052990
0.035767
0.032549
-0.093661
0.028692
0.010294
0.032768
0.011711
0.091276
0.016350
0.099296
0.022093
0.026643
-0.059377
0.063521
-0.109555
-0.049353
0.018736
-0.039090
-0.021021
-0.017637
0.022361
0.057646
0.022422
0.141734
0.009021
-0.051771
0.022637
0.130561
-0.039802
-0.005191
-0.057073
0.135786
-0.032431
0.100932
-0.024494
0.011253
-0.022069
-0.015325
-0.108436
0.023712
0.064888
0.042619
0.053309
-0.010789
-0.058213
-0.065809
-0.005078
0.021550
0.093171
-0.106871
-0.025424
-0.065849
-0.013469
-0.062112
-0.007409
-0.014591
0.053651
-0.057588
-0.014779
-0.088579
-0.031330
-0.003921
0.036213
-0.030194
-0.120771
-0.047991
0.096296
-0.013370
0.091384
-0.081542
-0.006636
0.042203
-0.053423
0.068126
0.043886
-0.011794
0.149634
-0.021473
-0.025946
-0.034559
-0.088836
-0.046888
0.009131
0.028909
0.026012
0.014927
-0.023869
0.110896
-0.040324
-0.025786
0.014354
0.043988
-0.130538
-0.011086
-0.094993
-0.050374
0.064923
0.082296
0.063905
-0.005993
-0.054089
-0.109173
-0.105989
-0.012521
0.014665
0.061191
-0.045781
-0.026646
0.050410
0.088623
0.023168
-0.058512
-0.069631
-0.017312
0.152348
-0.047281
0.055265
-0.015444
0.022661
-0.050388
0.042423
0.022809
-0.059818
0.086016
0.096504
-0.044483
0.048544
0.017506
-0.071427
-0.050996
0.082396
-0.021792
-0.039666
-0.052998
-0.028258
0.000115
0.082853
-0.001131
-0.084882
0.041624
0.050182
0.070805
0.003252
-0.056471
-0.036682
-0.000658
0.000620
-0.009977
-0.076785
0.167385
0.066600
0.034642
-0.084523
-0.014691
-0.010348
0.063701
0.085253
0.042279
-0.028991
-0.006460
0.188409
-0.145652
-0.053645
0.029375
0.035760
-0.077619
0.079182
-0.039458
-0.077481
-0.006153
0.077990
0.100365
0.046234
0.016785
0.014986
-0.087461
0.019900
0.024036
0.159007
-0.013581
0.005407
0.024711
0.008305
-0.022025
-0.044636
-0.042701
0.023981
0.048507
0.100768
-0.004314
-0.007419
0.091493
0.011307
-0.072007
0.033964
0.009922
0.034528
0.013277
-0.025614
0.025359
0.030514
-0.009336
-0.022498
-0.031893
0.148909
0.018563
-0.057807
-0.060659
-0.069637
-0.050021
0.098228
-0.038802
0.048369
0.110899
-0.047560
0.053248
0.022980
-0.009808
0.073132
-0.024672
0.143574
-0.117951
-0.047007
-0.224091
0.155460
0.015539
-0.061751
-0.048725
0.003041
0.005035
-0.021767
-0.039460
-0.137471
-0.080831
-0.002920
-0.116046
-0.083551
-0.051157
-0.050487
-0.057557
-0.111127
-0.036446
-0.030675
-0.010444
0.061326
0.080299
0.048225
-0.147094
0.024640
0.069551
0.022419
0.000722
0.032641
0.001507
0.065171
0.040219
0.036978
0.058457
0.020131
0.017013
0.051141
-0.061243
-0.051040
0.047930
0.018890
0.036650
0.015743
-0.090537
-0.016839
0.019477
0.023563
-0.026212
-0.010077
-0.068230
0.033459
-0.030196
-0.062888
0.013542
0.036509
0.099295
0.043981
-0.015119
-0.051438
0.108264
0.019625
-0.125437
0.046666
-0.060435
0.050181
0.056266
0.000655
0.000349
-0.127935
-0.046272
0.017091
0.013684
-0.129792
-0.055158
-0.000944
-0.004061
-0.114880
0.014948
-0.064746
0.025586
0.039293
-0.126884
0.059730
-0.002216
-0.056343
-0.033282
0.061501
0.025233
-0.018725
0.059895
0.105760
0.073872
-0.008807
0.020428
-0.040264
-0.011901
-0.002685
0.085915
0.059956
-0.057206
-0.148821
0.016497
0.029965
-0.000788
0.017543
-0.073887
0.030582
-0.014322
-0.066806
-0.050884
0.082181
-0.018467
0.037582
0.025684
0.036082
0.065840
-0.048678
-0.042068
-0.004767
-0.034282
-0.016577
-0.010053
0.016562
0.021371
-0.022838
-0.036806
0.002669
0.011641
0.131373
0.097093
-0.040566
0.051423
-0.009055
0.041672
0.107368
0.026173
0.006949
0.006442
0.037249
0.101418
0.006988
-0.007066
0.135398
-0.019080
0.029756
-0.079655
-0.017983
0.011945
-0.064522
-0.044031
0.120807
0.079815
0.021595
0.012545
0.000625
0.022537
0.049043
0.002899
-0.009689
-0.062009
0.093404
-0.033724
0.041680
0.049495
-0.058998
-0.033780
-0.040453
0.013276
0.027631
0.038160
0.008427
0.069389
0.039824
0.008714
-0.078287
-0.026869
-0.036753
-0.069841
0.011719
0.022419
-0.032778
-0.000190
-0.048994
-0.110406
-0.034252
0.030157
-0.018918
0.091380
0.115894
0.042268
-0.020968
-0.130511
-0.109111
0.024271
-0.085068
-0.079377
-0.083035
0.049212
0.079413
0.045501
-0.040634
0.087844
0.051460
-0.072735
0.011040
-0.016313
0.078822
-0.038640
0.046044
-0.015335
-0.000652
0.054402
0.072732
-0.062639
-0.056951
0.006942
0.024194
0.039870
-0.003958
-0.043106
-0.042825
0.039740
0.051873
-0.028157
0.028787
0.006869
0.046799
0.032483
0.131132
-0.031364
0.047044
0.066356
-0.036582
0.014686
0.056646
0.107096
-0.080580
0.027004
-0.039916
0.040801
0.014147
0.127202
0.065241
-0.016276
-0.002328
0.052445
-0.026842
0.001291
0.079350
-0.008691
-0.037440
-0.013502
-0.087838
-0.019491
0.036983
-0.049036
-0.073505
-0.034753
-0.038739
-0.098703
-0.009699
0.000368
0.019952
-0.071722
-0.007847
-0.027925
-0.062209
0.102053
0.046016
-0.028636
0.003231
0.056245
-0.046916
0.060469
-0.093792
0.128907
0.000062
-0.045402
0.017087
-0.025576
-0.021103
0.074214
-0.067527
-0.009216
-0.023519
-0.074659
-0.034293
0.029260
0.006512
-0.018594
0.016870
0.047596
0.029130
-0.038948
0.021994
-0.095277
0.044171
-0.058780
-0.011352
-0.095616
0.049504
-0.111744
0.042356
-0.013102
-0.010680
0.103660
0.015625
0.034708
0.081020
0.113808
-0.010236
0.012700
0.018600
-0.012058
-0.006141
0.135594
-0.037146
0.014579
-0.052498
0.021568
0.046285
-0.062852
-0.053879
-0.067723
0.062961
0.024536
-0.016255
0.058724
-0.068390
-0.022200
0.060913
0.060958
0.010570
-0.042243
0.008863
0.031290
-0.014456
-0.056911
0.076917
-0.080777
0.010597
-0.018953
-0.066672
-0.051962
0.104103
-0.015750
-0.052749
-0.000496
-0.049247
-0.067232
-0.074366
0.075136
0.162607
0.042174
0.001241
0.113177
-0.017179
0.115691
0.054198
0.037052
-0.109013
-0.013112
-0.050442
-0.047546
0.056127
-0.034898
0.036966
0.061814
0.140023
-0.012958
-0.063054
-0.033525
0.008890
-0.058910
-0.021256
-0.006385
0.055388
-0.048323
-0.064216
-0.005226
0.087610
0.018958
0.099179
0.024940
-0.061002
0.023947
-0.026608
-0.028838
-0.037643
0.105913
0.054062
0.038744
-0.101650
0.045231
0.072291
-0.017194
0.035402
-0.096685
-0.016859
-0.018955
0.007652
0.030209
0.132591
0.077506
0.107261
0.030863
-0.013456
0.112029
-0.046035
0.021277
0.014595
-0.012670
0.051868
-0.018454
-0.009949
-0.040588
-0.020437
-0.137705
-0.020460
-0.009463
0.009172
-0.056488
0.051549
0.107173
0.086054
0.007512
-0.044810
0.009747
0.088616
-0.160284
-0.013707
0.009685
-0.093237
-0.047389
-0.018887
0.025872
0.041113
0.000543
-0.092810
-0.015047
0.062799
-0.081450
0.063455
0.035423
-0.083556
0.118383
0.093840
-0.073811
-0.032138
0.105603
-0.014227
-0.004184
0.073788
0.181383
-0.076388
0.053370
-0.060141
0.065017
-0.064940
-0.026874
0.031562
-0.090532
0.041698
0.012561
-0.041897
0.102022
-0.072593
0.008126
0.008667
0.016910
-0.050316
0.079272
-0.015264
0.092218
0.028101
0.098452
0.124304
0.043245
0.102928
-0.109789
0.032306
0.010691
0.115695
0.020816
-0.055125
-0.006960
-0.053864
0.091453
0.046469
-0.012454
-0.054238
-0.057633
0.001268
0.015849
0.007443
0.039088
-0.117260
0.014117
0.065573
0.060133
0.017384
-0.072021
-0.117784
-0.041834
0.015586
0.034872
0.012696
0.028166
-0.007251
-0.046530
0.084231
0.028318
-0.010144
-0.040968
0.008124
0.007174
-0.024243
-0.054273
0.018728
0.059449
-0.125768
0.025896
-0.029694
-0.031188
0.096278
-0.029193
-0.111177
-0.018661
-0.056252
0.040453
-0.008267
-0.000024
0.040306
0.047027
-0.055976
-0.049155
-0.071632
-0.116606
-0.066360
-0.050865
-0.021612
0.057319
0.040424
0.049938
0.017822
0.011175
0.048899
0.064586
-0.025955
0.061293
-0.032445
0.058505
-0.008030
-0.055270
-0.023904
-0.011932
0.037681
0.049528
-0.024636
-0.068980
-0.009725
-0.003349
-0.029300
-0.037720
0.042382
-0.107928
-0.074791
-0.043942
0.005130
0.049558
0.054778
-0.065229
-0.050518
0.144599
-0.074793
0.082063
-0.023495
0.001650
-0.172531
0.032603
0.071439
0.048825
0.071227
-0.002271
0.005769
-0.056171
0.023499
-0.017963
0.048524
0.051228
-0.080025
-0.023816
-0.052333
0.001534
0.064414
0.036370
-0.021705
0.034201
-0.084251
-0.047738
0.015368
0.056403
0.029611
-0.077365
0.063790
0.062897
0.047171
0.034983
-0.057325
0.054010
-0.044810
-0.066187
-0.007322
0.100566
0.033465
0.041734
0.042206
0.040841
-0.000023
-0.073328
0.072520
-0.097718
-0.013662
0.004168
-0.053983
-0.018710
-0.004709
-0.030139
-0.015737
-0.011287
0.056752
-0.037491
0.135122
-0.058133
0.004683
0.123838
-0.089996
0.035673
0.058086
0.071452
0.033054
-0.044814
0.011906
0.033271
-0.071930
0.034111
-0.017392
0.060940
0.092376
-0.052310
-0.025637
0.043244
0.076863
-0.016773
-0.000366
-0.016955
-0.012497
-0.010836
-0.025962
-0.031858
-0.069576
0.032574
-0.013278
-0.010658
0.009774
0.027694
0.001184
-0.041530
-0.051760
-0.061266
-0.072247
-0.090522
-0.010385
-0.029898
-0.019068
-0.083309
0.028971
-0.005309
-0.034909
-0.038372
0.064861
-0.006615
0.031137
0.016302
0.020314
-0.001900
0.019761
-0.006315
0.048309
-0.004129
0.052826
-0.084620
0.081985
-0.029985
0.029466
0.017187
0.028128
-0.108257
-0.106088
-0.003150
0.023379
0.070328
-0.028187
-0.019851
0.060349
0.068482
-0.097969
0.060772
0.038656
-0.107085
-0.048145
0.040799
-0.111080
0.027362
0.045048
-0.065842
-0.016762
-0.022478
-0.029846
-0.021559
0.034538
-0.063842
0.148374
0.087125
-0.041778
-0.072701
0.015350
-0.048853
-0.037099
0.004887
-0.032962
-0.010769
0.031543
0.027499
0.001542
0.043930
0.126759
0.033359
-0.057327
0.011663
-0.012208
0.032221
-0.076544
0.081400
-0.054578
0.043391
-0.094310
0.051687
0.001738
0.151181
0.024926
0.031278
0.052006
0.039536
-0.034367
0.032697
-0.002738
-0.034028
0.043301
0.037820
0.037755
0.037874
0.005017
-0.045727
0.003839
-0.028753
0.021163
0.061979
-0.090414
-0.024845
0.020119
-0.034776
-0.064857
-0.066830
0.063724
0.037861
0.053070
0.020165
-0.053339
0.023432
-0.014315
-0.009315
-0.031064
0.078323
-0.114693
-0.042681
-0.001205
-0.113106
-0.057189
0.001464
-0.040057
-0.064938
-0.002161
0.063481
0.018486
0.015750
-0.053290
-0.058996
-0.122640
0.036834
-0.077146
0.044499
0.031380
0.031179
-0.009084
-0.029953
-0.033981
0.002948
-0.009779
-0.044401
-0.042472
0.064232
0.040534
-0.036660
-0.061986
0.001030
0.015919
-0.020672
-0.041429
-0.038237
0.006142
0.032747
0.012785
0.117602
-0.014185
0.009786
0.093964
0.010252
-0.009615
0.064164
-0.041776
-0.090190
0.069473
0.050380
0.037178
-0.094954
0.085539
0.031288
-0.025020
0.030379
-0.029017
0.046547
-0.004287
0.029373
-0.041550
0.025766
0.075993
-0.052787
0.072608
-0.056652
0.056395
0.013197
-0.006850
-0.047845
-0.012584
0.064301
0.014511
-0.015602
0.012596
0.087943
-0.015956
0.048125
-0.105614
-0.029425
-0.025378
0.099236
-0.077589
0.083313
-0.132948
-0.075509
-0.024116
-0.128944
-0.016335
0.014823
-0.023016
-0.024587
0.006446
-0.009240
0.033595
0.030709
0.083772
0.086913
-0.122664
0.073495
-0.031174
-0.002792
0.032433
0.041921
-0.049051
-0.085081
-0.047960
-0.090966
0.103486
0.096219
-0.005460
-0.083754
-0.069376
0.038155
-0.022671
0.031514
0.056971
-0.054721
0.066824
0.030976
-0.067991
0.000799
0.039742
0.011427
-0.096309
0.053138
0.018881
-0.009705
0.025738
0.029251
-0.020174
0.004193
0.012262
-0.071495
0.014660
0.072090
0.037618
-0.034451
0.064930
0.006102
-0.027138
-0.116260
-0.054393
-0.035968
-0.020578
-0.027882
-0.084744
0.080274
-0.000252
0.109973
0.026841
-0.016121
-0.043179
0.042231
-0.009705
-0.008573
0.000375
-0.164316
0.006731
0.019811
0.064047
0.007765
-0.041619
0.026557
0.010794
-0.014787
-0.004667
0.022792
0.081539
-0.009095
0.096296
0.070559
-0.048455
0.030606
-0.058628
-0.011017
0.053686
0.049803
-0.109414
-0.088225
0.092550
0.018177
0.058458
-0.022044
-0.119897
0.120983
-0.068623
0.075968
-0.035536
0.124670
-0.022375
-0.011030
-0.015941
-0.011751
0.042481
-0.065483
0.052782
0.073980
0.080275
0.037951
0.001198
-0.127319
0.021599
0.068204
0.017402
-0.043223
0.031392
-0.105559
-0.043764
-0.057393
0.093202
-0.062396
0.045663
0.133858
-0.012749
-0.017791
0.026950
0.016254
-0.046554
0.040966
0.023810
0.005429
0.017454
0.008441
0.062446
-0.025717
0.073380
0.032832
-0.005410
-0.149063
-0.037940
-0.093574
0.082979
-0.050527
-0.011067
0.073951
-0.068758
0.128781
-0.165445
0.076784
-0.134945
0.024944
-0.041941
-0.000440
-0.090027
-0.045778
0.027497
0.102084
-0.023743
0.017182
-0.037492
0.003494
-0.108642
0.063185
0.017394
0.079454
-0.047861
0.033752
0.039890
0.006489
0.032533
-0.069071
0.069112
-0.022940
-0.057096
0.079865
0.011201
-0.138009
-0.034697
-0.132792
0.016768
0.043065
-0.095119
0.005923
0.050964
-0.068966
0.065422
0.004452
-0.080842
0.018255
0.045612
0.070704
-0.066762
-0.037328
0.029079
-0.045429
-0.009789
0.017808
-0.035109
-0.071619
0.004039
-0.007216
-0.021568
0.040803
-0.034929
0.079851
0.031697
0.045253
0.023826
0.008113
0.048790
-0.043351
-0.049879
-0.011042
0.027725
-0.043281
0.022670
-0.000197
-0.026140
-0.052791
0.126206
0.059061
-0.055154
-0.092871
-0.084362
0.019996
-0.006843
0.034489
-0.043774
-0.058085
0.045227
0.043919
-0.066891
-0.037558
-0.035962
0.067888
-0.081717
-0.035311
0.028095
-0.117069
-0.085591
-0.016462
0.002154
-0.058100
0.081504
-0.008127
-0.035055
-0.088110
-0.113235
0.061099
0.076682
-0.025115
-0.086008
-0.035465
-0.072285
0.075975
0.022155
0.016650
-0.060290
-0.004463
0.057746
0.014568
-0.027374
-0.091272
-0.020923
-0.078797
0.050101
-0.014971
0.057351
0.169345
-0.036529
0.023726
-0.070366
-0.081912
-0.033165
-0.021297
0.133353
0.051258
0.116104
-0.100720
-0.001047
0.029639
-0.012779
0.020932
0.016600
-0.003034
0.082746
0.016371
-0.046365
0.079552
0.089614
-0.007048
-0.003078
-0.022397
-0.035138
0.093258
-0.043266
-0.050756
0.051033
0.151603
0.072432
-0.027066
-0.050269
-0.025933
0.069049
0.074678
-0.045991
-0.002056
0.075024
-0.067888
-0.080450
-0.020107
0.024559
-0.041502
-0.008039
-0.029796
0.045436
0.016438
0.001936
-0.036979
0.043000
0.041678
0.018447
0.110087
0.004089
-0.024783
-0.001140
-0.014399
0.114699
-0.050023
0.025898
-0.034780
-0.052156
0.031015
0.004284
0.009330
0.042898
0.023175
0.195158
0.099423
0.055406
-0.002758
0.040935
0.044869
0.007032
0.088982
-0.019470
0.028103
-0.019545
0.088859
0.011989
-0.023293
0.057579
0.036193
-0.025252
-0.097953
-0.000802
0.057597
-0.170432
-0.017433
0.015427
-0.047195
-0.056204
-0.049630
0.051785
-0.030941
-0.034899
-0.052741
-0.056308
-0.023154
-0.030888
-0.038877
-0.010510
-0.013198
-0.094499
0.004598
0.011949
-0.094777
-0.006547
-0.049866
-0.021072
0.091358
-0.038534
0.062097
0.025934
0.053473
-0.004223
0.019785
0.020420
0.054668
0.118818
0.037198
-0.018882
0.085000
0.075333
-0.006366
0.004881
0.021191
0.007361
-0.001549
0.025146
0.096474
0.007508
0.073883
-0.019063
-0.047351
-0.065162
0.045473
0.040962
-0.001544
0.018381
0.103805
-0.010474
0.043610
-0.031985
-0.043058
-0.009657
-0.007251
-0.024867
0.048826
0.029321
0.000447
-0.037797
-0.047488
0.048865
0.056756
-0.003228
-0.054312
0.045160
0.038445
-0.021788
-0.003795
-0.053701
-0.013629
0.054834
0.035288
0.100826
0.019230
0.047396
-0.088295
-0.024407
-0.015148
-0.065931
0.019375
0.008144
-0.000569
0.002040
0.084215
0.003824
0.015438
0.017865
-0.084856
-0.060187
-0.012379
-0.047935
0.043561
-0.056425
0.038382
-0.019247
-0.036268
-0.021009
0.024159
0.054632
0.070701
0.070691
0.017488
0.036098
-0.022368
0.110685
0.026988
0.035958
0.079786
-0.056280
-0.008582
0.074256
-0.004047
-0.000309
-0.078469
0.028461
-0.070069
-0.027051
-0.026931
0.070436
0.037705
0.056898
-0.000038
0.162354
0.073518
-0.030485
-0.007711
-0.028393
-0.042880
0.039531
0.069332
-0.115631
0.033049
-0.087007
0.065319
0.086014
-0.000506
0.018885
-0.049498
0.039768
0.027954
-0.021196
0.120189
0.019886
-0.058408
-0.088126
0.040792
0.035904
-0.011076
-0.014255
-0.045339
0.097133
0.040405
0.056535
-0.023091
-0.088942
0.027700
0.001863
0.077711
0.001109
-0.124730
-0.091892
-0.030410
0.080299
0.007476
-0.060625
0.055862
-0.013960
-0.092656
-0.037446
-0.062539
0.049247
0.062371
0.105065
0.046423
0.019139
-0.016997
0.013742
-0.030110
0.000842
0.121886
-0.034633
-0.060688
-0.034488
0.104149
0.001146
-0.056844
-0.007881
-0.030485
-0.012203
-0.129122
-0.090028
0.080043
-0.003051
0.025891
0.011095
0.000999
-0.031481
-0.086130
-0.062716
-0.068951
0.016540
0.016551
0.067698
-0.047912
0.163697
0.077140
0.005490
0.073667
-0.011558
0.058552
0.128380
-0.039791
0.109408
-0.117765
0.147983
-0.030196
-0.063213
0.016304
0.003457
0.020910
-0.018203
0.095881
0.005795
0.009725
-0.006949
0.112694
0.049367
0.106896
-0.030614
0.011843
-0.030668
0.054060
-0.053206
0.022603
0.040284
0.047030
0.008619
0.012214
0.079257
0.019209
-0.019631
-0.059779
-0.045888
-0.024011
0.084321
0.123083
-0.052843
-0.162171
-0.061018
-0.023599
0.039137
0.080012
0.047961
-0.093384
-0.017936
0.007054
-0.019494
0.066586
-0.098376
0.008952
-0.024290
-0.055812
-0.091970
-0.063207
-0.000831
0.059972
-0.078291
-0.088917
0.060142
0.019914
-0.075912
0.023942
-0.102616
0.010891
-0.026034
-0.106285
-0.024649
0.003036
-0.039231
0.064514
0.081655
-0.049982
-0.006280
-0.049213
0.024557
-0.000705
0.057732
-0.071777
-0.029675
-0.034205
-0.001544
-0.016694
-0.019504
-0.003985
-0.008600
-0.052808
-0.027524
0.044094
0.019555
-0.052331
-0.001001
0.043978
-0.028000
-0.047538
0.028618
0.012753
0.029191
-0.079031
0.093359
0.012110
0.013081
-0.002300
-0.029587
0.026357
-0.066593
0.091726
-0.073315
-0.063343
0.006855
-0.014913
0.080838
0.043654
0.137477
-0.048468
-0.005197
0.046932
0.025518
0.021202
0.029019
-0.045071
0.098322
0.087606
-0.039932
-0.017177
0.016658
0.046071
-0.026951
0.015486
-0.009946
0.025981
-0.082030
0.088289
0.062573
-0.005493
0.016936
-0.020022
0.052351
-0.119753
-0.115355
0.063739
0.054470
0.002008
0.060180
0.086484
0.056050
0.043398
0.045261
-0.006567
-0.035668
-0.058583
-0.073107
0.069558
0.027506
-0.000685
0.021919
0.162321
0.075983
0.030090
-0.115442
0.050073
0.016050
-0.056289
-0.006191
0.020479
0.065930
-0.025600
-0.091863
-0.083337
-0.069380
0.000581
-0.016681
0.000169
0.072756
0.011940
0.010691
-0.012115
-0.054183
0.044372
0.044797
-0.003197
-0.124037
0.024060
-0.073352
-0.023770
-0.039363
-0.031844
-0.049483
-0.078664
-0.033534
0.048269
0.022090
-0.011164
0.053837
0.016669
-0.072772
0.109469
0.028762
0.068650
-0.018510
-0.049591
-0.079216
-0.006190
-0.112774
0.066596
-0.077788
-0.001886
-0.085060
-0.029519
-0.108795
-0.024918
0.000015
-0.000987
-0.075164
0.017756
-0.037105
0.007551
-0.046165
-0.034140
0.108692
0.027953
-0.025161
-0.067950
-0.044666
0.081342
0.076911
-0.078253
-0.026272
0.048663
0.119516
0.013230
0.102493
-0.028066
-0.042719
0.022061
-0.066481
0.003073
0.028641
0.040128
-0.052258
0.001573
0.061267
-0.013781
-0.027209
0.021127
0.023021
0.039872
0.045624
0.021616
-0.036672
-0.013284
-0.043250
0.005388
-0.006140
-0.033453
0.014119
0.059360
0.037524
-0.025712
0.011547
0.046895
-0.090292
0.024440
0.017048
-0.068792
0.046531
-0.040153
-0.037998
-0.035422
-0.037119
-0.030449
0.065716
0.008147
0.098601
0.025823
-0.080980
0.012405
0.031677
0.006337
-0.066764
0.082362
0.007881
-0.014391
0.047566
0.043712
0.025941
-0.039861
-0.006198
-0.010443
-0.020596
-0.032525
0.042218
-0.016669
-0.029534
0.031671
0.029902
-0.017944
0.036264
-0.045548
-0.005666
0.063695
0.041289
-0.000401
0.029982
0.070731
-0.027486
-0.120379
-0.042285
0.031007
-0.040276
-0.065181
0.074620
-0.010741
-0.086025
0.020951
-0.100155
-0.000389
0.014313
0.017019
0.025013
0.037377
-0.082845
0.014499
-0.103779
-0.033699
-0.018640
-0.065951
0.007339
-0.031501
-0.004462
-0.057427
-0.094623
-0.013297
-0.013605
0.070824
0.027491
-0.034620
0.009355
0.021793
0.049996
0.104885
-0.036004
-0.074568
-0.035884
0.136099
0.001649
-0.008467
0.020859
0.041649
-0.048199
-0.057009
-0.046323
0.151957
-0.028532
0.093644
-0.012788
-0.001359
0.025651
0.050795
-0.059575
-0.125815
0.042075
0.033323
0.072838
-0.001765
-0.043347
-0.011853
-0.024831
-0.078428
-0.040342
-0.000922
0.075933
0.036876
-0.031237
0.090442
0.029947
-0.004968
0.091163
0.048826
-0.033457
0.029072
0.066603
-0.030521
-0.108951
-0.090825
-0.003106
-0.079977
-0.027575
0.043594
-0.018195
0.030256
0.043145
0.042882
0.039954
-0.007834
0.003533
-0.043906
-0.006360
0.001924
-0.028901
-0.014646
-0.200774
0.062959
-0.028699
-0.111105
0.084197
-0.043884
-0.039999
0.019997
-0.043316
0.024108
0.042860
-0.035938
-0.040284
-0.028278
-0.017567
0.032819
-0.005427
0.082953
0.132264
0.054848
0.090798
0.065651
-0.117420
-0.079495
0.104415
0.025954
0.030639
0.021626
0.011984
0.062782
-0.015336
-0.040394
-0.006108
-0.040289
-0.018385
-0.001878
0.022208
-0.059737
-0.003429
-0.016821
0.031029
-0.033988
-0.020094
0.053152
-0.068941
-0.027919
0.085651
-0.040647
0.064558
0.032310
-0.025094
-0.051912
0.051810
-0.086851
0.103315
-0.046198
0.120261
-0.007084
-0.027218
0.021379
0.030088
0.083569
-0.120781
0.030302
0.090773
-0.026539
-0.131591
0.075606
-0.005703
-0.072937
0.014741
-0.013187
0.047396
0.053272
-0.007548
0.009878
0.036495
0.004634
0.005200
-0.064039
-0.103558
0.011689
-0.053045
0.055779
0.020292
0.034892
0.028387
0.096594
-0.004982
0.078239
-0.000134
0.028826
-0.088437
0.024075
0.033693
-0.029047
0.044233
-0.079789
-0.092661
0.011333
-0.108272
0.027733
-0.029947
-0.021509
0.093543
-0.048056
0.072615
0.119208
-0.028663
0.138255
-0.017266
-0.021152
-0.025459
-0.051208
0.045824
-0.001320
0.014273
-0.005345
0.058352
0.022102
0.006255
-0.004739
0.047753
0.000141
-0.060976
-0.017399
-0.090131
-0.059067
0.043278
-0.078963
0.075923
0.125688
-0.061349
-0.002726
0.093416
0.087239
-0.006661
-0.121997
0.116768
-0.021476
0.028513
-0.014283
-0.144066
-0.082894
-0.044165
0.025188
-0.006425
0.012581
0.063531
-0.015759
-0.009243
0.021959
0.089838
0.006829
-0.090205
0.082759
-0.041998
-0.094503
0.041164
-0.063429
-0.038411
0.033601
0.075288
-0.041113
-0.058471
-0.010485
0.056548
0.069441
0.005681
-0.019246
0.092698
-0.000112
0.036731
0.077651
0.103075
-0.011188
0.015871
-0.053445
-0.027436
-0.024140
-0.009131
0.048335
-0.039042
0.111390
-0.099563
0.047183
0.035047
-0.015483
0.082889
-0.028413
-0.044961
-0.115898
0.035210
-0.003411
0.003517
-0.038885
-0.031376
0.101780
-0.029487
-0.006196
-0.028980
0.015691
-0.093507
0.033110
-0.017212
-0.075422
-0.009950
0.033277
-0.023845
-0.011731
-0.006347
-0.046663
-0.123886
0.027771
-0.011499
0.034230
0.032055
-0.075378
0.087029
0.013620
0.094883
-0.026521
-0.071304
0.060432
0.006444
-0.064216
-0.005270
-0.015343
0.024114
-0.067338
-0.023680
-0.071367
-0.029250
0.041795
0.009799
0.063073
0.018390
-0.093916
0.031663
0.006131
-0.068190
-0.022380
0.001677
0.014478
0.011799
0.053885
0.120178
-0.002888
0.017008
-0.074084
0.022818
-0.046847
-0.066440
-0.028976
-0.134753
0.057945
0.006971
0.118242
0.075963
0.115088
-0.074349
0.066457
0.012535
-0.038693
0.057536
-0.007196
-0.016605
0.016986
0.011559
0.058767
-0.034748
-0.103442
0.067800
-0.020597
0.053201
-0.008861
-0.041396
-0.047750
-0.044030
-0.004372
-0.011960
0.000055
-0.008756
-0.100409
-0.129436
0.040977
0.045291
0.015402
0.046905
-0.024227
-0.125372
-0.096976
0.040377
-0.089770
0.058684
-0.008734
0.067094
-0.002427
0.070709
-0.009270
-0.041138
0.007305
-0.096174
-0.029808
-0.027437
0.017311
0.014930
-0.002579
0.019031
-0.077484
-0.013937
-0.079395
0.059919
-0.038646
-0.121331
-0.056911
-0.052795
-0.048682
-0.057448
0.074930
0.038293
0.005352
0.101106
-0.020961
0.026378
0.022300
-0.024059
0.103147
0.053817
0.075733
-0.030949
0.011797
-0.039812
-0.008478
-0.074853
0.003591
-0.005713
0.045999
-0.032183
0.090007
0.047805
-0.032201
0.061709
-0.161323
0.043336
-0.035998
-0.139326
0.011733
-0.049030
-0.088336
0.048400
-0.039166
-0.098961
-0.051481
0.070511
0.058307
0.034478
-0.009600
0.049531
-0.024328
0.002700
0.037893
0.028869
0.071266
-0.059778
0.057286
0.000245
-0.001470
0.075596
0.015396
0.009125
0.002714
0.041618
0.015335
0.080215
0.029838
-0.089477
-0.052706
-0.117042
-0.007217
0.026520
-0.017872
-0.129960
-0.081075
0.091488
-0.043187
0.002735
-0.081184
-0.027398
-0.131060
0.010912
0.032310
0.080335
0.018465
-0.042243
0.022882
0.019216
-0.014417
0.004295
-0.021992
0.000345
0.021624
-0.009567
-0.002662
-0.037437
-0.008777
-0.056132
0.073712
0.030265
-0.099780
0.024368
-0.014333
-0.022502
-0.006632
-0.000245
-0.042815
0.020534
-0.058203
0.032876
-0.072102
0.010132
0.074792
0.000883
-0.006954
0.001774
0.112837
0.026399
-0.026880
0.074850
-0.084560
0.078705
0.135179
-0.000121
-0.049811
0.016742
-0.061068
0.046745
-0.055241
-0.020006
-0.015446
0.037283
-0.004576
0.030270
-0.009010
-0.027641
0.005870
0.022439
-0.007915
-0.025560
-0.015784
-0.150905
0.004071
0.069361
-0.076002
-0.018519
0.062568
-0.010763
0.096207
0.070046
0.025074
-0.011397
-0.055545
0.004388
-0.014448
0.058392
0.050422
0.070545
-0.088761
-0.013361
0.076856
0.023026
0.042845
0.038147
-0.030612
0.034234
-0.109959
0.063670
0.046347
0.077712
-0.070650
0.032801
-0.097002
-0.105277
-0.009478
-0.083399
0.012571
0.088476
-0.006319
-0.053199
0.022653
-0.111295
0.060494
-0.028130
0.014747
-0.070053
0.126169
0.021605
0.011821
-0.022714
0.014145
-0.034397
-0.007847
-0.042100
-0.056565
-0.080921
-0.017891
-0.009651
0.097423
0.034212
0.003596
-0.080212
0.002953
-0.131822
-0.007773
-0.042356
-0.030695
-0.012513
0.000689
0.007971
0.070695
-0.023124
0.008723
-0.034780
-0.040687
-0.027022
-0.089678
0.062355
0.022165
0.098814
-0.019428
0.047294
-0.037567
0.037276
0.134512
-0.026412
0.015236
-0.027497
0.008068
0.084876
-0.038927
-0.135397
-0.049078
0.071601
-0.064161
0.064599
0.059548
-0.019648
0.089434
0.015348
0.014697
0.057237
-0.037630
-0.100624
0.023635
-0.012059
-0.009646
-0.048188
-0.019783
-0.044725
0.011438
-0.006228
0.032677
-0.026923
0.015307
0.125874
-0.059175
0.049966
0.147324
0.035783
-0.051796
0.094452
0.033320
-0.033116
-0.064665
0.098684
-0.042968
-0.036755
-0.082941
-0.067085
-0.039723
0.071764
-0.022032
0.026318
0.004424
-0.041919
-0.055430
-0.020449
-0.001825
-0.055182
-0.027918
0.025873
0.005654
0.062035
-0.055570
0.077956
-0.021810
-0.066263
0.056419
-0.044790
0.070041
-0.088257
0.004294
0.017631
0.014982
-0.023213
0.056324
-0.070008
0.033290
0.033380
0.013212
0.001808
-0.092130
0.057323
-0.000620
0.032559
-0.033421
0.023531
0.014793
0.083253
0.092490
0.038343
-0.006236
0.080545
-0.055939
0.057287
0.058032
-0.054844
-0.022834
0.040223
-0.017617
-0.008943
0.017993
-0.038768
0.037824
0.069151
0.033100
0.075803
0.025781
0.033044
0.030566
0.034640
0.016549
0.089370
0.002232
0.007925
0.091996
-0.121600
0.046220
0.011637
0.037014
0.024913
-0.058631
0.038393
0.038783
-0.070365
0.037832
0.113165
-0.113301
-0.061790
-0.111103
0.078699
0.039865
0.039804
-0.025639
-0.015230
-0.000932
0.037814
-0.057972
0.036366
-0.027470
-0.004676
0.094415
-0.020950
-0.049848
-0.020469
-0.016610
-0.039753
0.058581
-0.009333
-0.042201
-0.020256
0.039840
-0.012682
0.065144
-0.094983
-0.015399
-0.071956
0.081491
-0.017338
0.042098
0.002687
0.001796
0.010165
0.055253
-0.023923
-0.051632
-0.003690
-0.022357
0.026673
0.012353
0.057702
-0.045384
-0.035622
-0.010343
0.036302
-0.027740
-0.028943
-0.039804
-0.033211
-0.048228
-0.062975
-0.096796
-0.034144
-0.113839
0.007767
-0.099399
-0.069018
0.062498
-0.021445
0.100602
0.030855
-0.035758
0.072722
0.059359
-0.094979
0.028365
0.045360
-0.064650
0.036140
0.038987
-0.035409
0.014047
0.122555
-0.007300
0.063442
-0.009175
0.004720
-0.018400
0.072391
0.016008
0.034945
-0.000179
0.004767
0.029464
-0.009794
-0.028170
-0.018915
-0.186198
-0.014457
0.033349
-0.037493
-0.064454
0.028098
0.004026
-0.039325
0.086925
-0.027085
0.096623
0.063636
0.079232
0.020884
-0.024099
0.017512
-0.003620
-0.106175
-0.014876
-0.075934
-0.005524
-0.045446
-0.016233
0.055749
0.036146
-0.024523
-0.048647
0.013005
0.001347
0.076583
0.047223
-0.017483
0.061836
0.053080
-0.019131
0.044392
0.046275
0.084095
0.093055
0.019264
-0.066489
-0.028939
-0.029383
-0.059538
0.045811
0.091682
-0.016121
0.000388
-0.053312
-0.043883
0.029194
0.002868
-0.037497
0.027409
-0.069533
0.042075
-0.015766
-0.031712
-0.066663
-0.003868
0.059874
-0.066523
-0.037947
0.045063
0.019135
0.061722
-0.048604
-0.022246
-0.074653
-0.065967
0.144462
0.077487
0.074116
-0.084638
0.020807
-0.014866
-0.111532
-0.096019
-0.008365
-0.114713
-0.041044
0.060081
0.022671
-0.037967
0.083329
0.005900
0.033971
-0.009358
0.054786
0.062928
0.106166
0.017008
-0.080260
0.043163
-0.051794
-0.102248
0.062993
0.014357
0.026147
0.072941
0.007775
-0.026495
-0.041554
0.032746
0.126920
0.025400
-0.124291
-0.105955
-0.030691
0.043116
0.036411
0.026472
-0.087151
0.011150
0.046555
-0.047750
-0.053345
0.061261
-0.071758
-0.104119
0.033172
-0.015046
-0.018110
0.042494
0.036560
0.040839
0.064603
-0.120582
0.011080
-0.030331
0.029073
0.070531
-0.007999
0.062133
-0.157601
0.039529
0.006962
-0.001037
-0.015624
0.049006
0.043399
-0.088310
-0.001198
0.059890
-0.034343
0.049377
-0.005242
-0.042084
0.043955
0.088425
0.038323
-0.053700
-0.022869
0.003402
0.027650
-0.091648
-0.044520
0.068265
0.008257
0.086647
-0.060877
-0.072175
0.036308
0.052856
-0.047881
-0.023044
0.004628
0.027973
0.033172
-0.045646
-0.052620
-0.085022
0.025614
-0.122695
-0.103358
0.001251
-0.022699
-0.060792
-0.077471
0.021834
-0.089326
-0.010867
0.015953
0.038505
-0.052708
0.064888
-0.088817
-0.039793
-0.062362
0.065114
0.001966
0.004329
0.009822
-0.019808
-0.013909
-0.015841
-0.081481
0.015500
-0.049048
-0.007553
-0.055277
0.043939
-0.010622
-0.018076
0.083292
-0.058722
0.005493
0.018960
0.118424
-0.058726
-0.010723
0.003358
0.007928
-0.007120
0.040764
0.068638
-0.050227
0.025930
-0.004329
0.002267
0.033598
-0.028769
0.021026
-0.065615
-0.033494
-0.019740
-0.015540
-0.119740
0.062311
0.008120
-0.033081
-0.020518
-0.024054
-0.022118
0.015778
-0.032076
0.004933
-0.004639
0.074550
-0.042669
0.134895
-0.030952
0.051615
0.040102
0.031867
0.028347
-0.055631
0.115918
-0.064350
-0.011306
-0.033079
-0.067023
0.036163
-0.038976
0.106336
-0.040848
-0.005303
0.004246
-0.004275
0.013704
-0.006129
0.027505
0.016613
0.018632
0.043956
0.080951
0.034334
0.042209
0.017319
-0.087111
0.005323
0.041399
0.101199
0.067258
-0.069437
-0.040527
-0.038297
0.078811
-0.028109
-0.004318
-0.007805
0.027314
0.053715
-0.112929
-0.004545
0.080963
0.034022
-0.002131
0.044960
0.043265
-0.047476
0.096298
-0.034294
-0.014038
-0.045998
-0.058497
0.018370
-0.077149
0.037551
0.096384
-0.027777
0.069578
0.006641
0.024097
0.000696
-0.040673
-0.016045
-0.016440
0.005197
0.032880
-0.019751
0.069663
-0.043390
-0.003609
-0.013651
-0.045999
-0.128624
0.111213
-0.043185
-0.029326
-0.112342
-0.094085
0.034924
-0.040674
-0.102816
0.022219
0.027403
-0.071703
-0.058473
0.023908
0.068892
-0.059679
0.019798
-0.053091
-0.030195
-0.018736
0.130457
0.048628
-0.052192
0.071933
0.019403
0.045645
-0.082978
-0.046091
0.002226
0.038750
-0.022667
-0.014766
-0.058677
-0.028114
-0.071352
0.037681
-0.048523
0.076709
-0.030817
0.006430
-0.083915
-0.022401
0.031414
0.061779
-0.022289
0.001697
0.082492
-0.068855
0.029026
0.022573
-0.052024
0.099692
-0.026098
-0.086256
0.009040
0.065323
-0.013869
-0.001738
-0.074531
0.065543
-0.076567
0.065203
0.054649
-0.049570
-0.101421
-0.099764
-0.050394
-0.001224
-0.005811
-0.002516
0.061170
0.003875
-0.021816
-0.041207
0.067135
0.064151
0.008827
0.101561
-0.033779
0.030238
0.066867
0.079230
0.051014
-0.041258
-0.033930
0.018844
0.025835
-0.033527
-0.109517
0.036444
0.020705
-0.072624
-0.049159
0.003413
-0.056825
0.016103
-0.047502
-0.019328
0.043179
-0.009767
-0.009233
0.045478
0.012281
0.003737
0.027762
0.003079
-0.019763
-0.073064
-0.082165
-0.001621
-0.029907
-0.015665
-0.034667
-0.010361
0.055230
0.045337
0.031348
-0.073063
0.061526
0.021960
0.001677
-0.125927
0.050300
0.009816
0.027925
0.049620
0.046692
-0.021266
-0.009411
0.017103
-0.182526
-0.004964
-0.006779
0.081222
0.045620
-0.020937
0.067482
-0.095026
0.006767
0.099321
-0.013644
-0.198614
-0.067150
0.076656
-0.063921
-0.004214
0.025657
-0.020852
0.010362
-0.115650
-0.034569
-0.126752
0.042280
-0.000071
0.092781
-0.070290
0.045509
-0.053496
-0.008695
-0.065385
-0.063561
-0.039749
-0.028520
-0.070092
-0.103344
-0.002151
0.051776
0.005181
0.002332
0.004999
-0.001596
0.030607
-0.038136
-0.038197
-0.064830
0.084108
0.046696
-0.098479
-0.022753
0.013284
-0.020839
-0.020161
0.080898
-0.026882
0.051941
-0.024082
-0.045411
-0.061783
0.016788
-0.092659
-0.047925
0.057722
-0.007145
0.040828
-0.039036
-0.056027
-0.108255
0.072317
0.000056
0.111388
-0.066063
0.122325
0.064865
0.042386
-0.093305
-0.011184
-0.005849
-0.036073
0.035045
-0.072596
0.101812
0.016888
0.001778
0.061527
0.019471
-0.032419
0.043544
0.041736
-0.058970
0.009066
0.090628
0.014159
0.027549
-0.048631
-0.031662
0.007484
0.012409
0.045742
0.104631
0.072788
0.008050
-0.015591
-0.012763
-0.020532
-0.019469
-0.036505
-0.070777
0.033390
-0.083914
0.124017
0.045909
0.136371
0.028313
0.104463
-0.069476
0.008694
-0.000542
0.016470
0.048903
-0.011004
0.076168
0.122079
-0.073266
-0.037378
-0.003378
-0.101529
-0.079271
-0.067248
0.045489
-0.046998
-0.048503
-0.006889
0.085183
0.027052
-0.133343
0.000678
-0.012726
-0.106585
-0.033750
0.035978
0.010869
0.049784
-0.045173
-0.076811
0.028938
0.033112
-0.004937
-0.085724
0.021570
-0.021838
-0.039042
-0.047910
-0.035661
-0.000532
0.008901
-0.075409
0.015333
-0.149755
0.069095
-0.008827
0.039178
0.015444
-0.013058
-0.013910
-0.069929
-0.062319
-0.061929
0.100591
0.005822
-0.010639
-0.074047
0.017106
-0.050215
-0.059804
-0.054546
-0.047958
0.009475
-0.007023
0.041198
0.004198
-0.072073
0.009090
-0.101861
-0.050292
-0.003229
0.062471
-0.084568
-0.058328
0.030216
-0.031992
-0.066719
-0.028208
-0.037147
0.049716
0.028775
-0.023747
-0.044765
0.028438
-0.045396
-0.043370
-0.084404
0.000376
-0.063027
0.027016
0.005321
0.011532
-0.069671
-0.017983
0.011044
0.120466
-0.101179
0.056120
0.035208
-0.077825
-0.031619
0.084854
0.002185
0.019949
-0.036234
-0.060780
-0.019490
0.100143
-0.024068
-0.044931
0.035447
0.050940
0.050267
0.054586
-0.021615
0.021417
0.040128
-0.000489
-0.060055
-0.039475
0.104569
-0.151796
-0.045582
0.002274
0.056733
0.003672
0.005021
0.027540
-0.080355
0.030824
-0.007976
0.031712
0.014048
0.008473
0.092311
0.058345
-0.022026
-0.008512
0.154299
0.115865
0.042926
0.091656
-0.062078
0.008490
0.031660
-0.011387
0.016018
-0.037418
-0.003476
0.028740
0.020972
0.071752
0.029074
0.005593
0.056593
-0.049315
-0.035827
-0.011686
-0.017854
0.014345
-0.017586
0.019297
-0.028867
0.031917
-0.007302
0.066156
0.002166
-0.038443
0.000904
0.059499
-0.006129
0.053456
0.030889
0.001597
-0.030146
0.062100
-0.064560
0.074073
-0.025612
0.022360
0.039821
-0.040456
0.025776
0.037669
0.137575
0.015200
0.066821
-0.018735
0.009042
0.144078
-0.053445
-0.036855
-0.065128
-0.055662
0.028364
-0.091440
0.016449
0.048187
0.009386
-0.068214
-0.001551
-0.014174
-0.030200
-0.015896
-0.055910
-0.012872
-0.066272
-0.001271
-0.013611
0.063286
-0.070735
0.076340
-0.053994
-0.019327
0.036862
0.032032
-0.058297
0.146609
-0.090483
-0.054888
-0.095923
0.034950
-0.003333
-0.039538
0.064679
0.028395
0.029559
0.047831
0.022919
-0.057576
-0.120677
-0.054700
0.015030
0.025141
0.049944
0.010206
-0.016780
-0.079534
0.059722
-0.067001
-0.004034
-0.067262
0.007722
-0.056463
0.017507
-0.035431
-0.043546
-0.022880
0.019682
-0.024470
0.087194
0.004624
0.035769
0.130154
0.030063
-0.075633
0.046846
-0.047905
-0.042347
-0.017424
0.003631
-0.011074
-0.080891
0.006659
0.004983
0.059670
0.038874
-0.038748
0.085211
0.017917
0.071556
-0.141075
-0.022577
0.048970
-0.034661
0.013015
0.015548
0.025103
0.046450
-0.042626
0.043565
0.080655
0.055292
-0.066708
0.019390
0.022770
0.049886
0.053922
-0.142062
-0.020898
-0.024430
-0.116828
0.052128
0.072226
-0.002011
0.035731
-0.019970
-0.017333
0.032893
-0.014552
0.132636
-0.019751
0.121560
-0.073765
-0.108966
-0.009610
0.033396
0.010073
-0.001054
-0.036042
0.051758
-0.019508
-0.024102
0.057004
0.016241
-0.068838
0.069128
-0.026997
-0.015638
0.011672
0.036692
0.044726
-0.024580
0.057381
0.021012
0.013681
0.040192
-0.016273
-0.002641
0.032987
0.013302
0.089560
-0.112052
0.048435
0.007178
-0.034884
-0.014320
-0.070531
0.078186
-0.082449
-0.015383
0.000214
0.026497
-0.097693
-0.017371
-0.050814
0.046821
-0.116756
0.021109
0.147648
-0.010904
0.014361
-0.026409
-0.023053
0.001960
0.110822
0.064565
-0.081411
-0.012484
0.116173
0.030930
0.101406
-0.027013
-0.038224
0.000719
0.004458
0.001148
-0.041290
0.081039
-0.053336
-0.040898
-0.024523
-0.005554
-0.053884
-0.034426
-0.047617
0.065266
-0.031925
0.075022
-0.057754
0.047876
-0.111619
-0.016265
0.103656
0.115404
0.121778
0.020351
-0.016436
0.086862
0.077400
0.062522
-0.000479
-0.132896
-0.084955
0.107458
-0.011377
-0.044079
-0.017888
-0.122660
-0.026553
-0.097196
0.101721
0.051848
-0.019815
0.078930
0.126588
0.047562
-0.030021
-0.019835
0.051261
0.012580
-0.078533
0.003687
0.065729
-0.011568
-0.015507
0.137117
-0.106009
-0.028484
0.049748
0.001784
-0.007549
0.033827
0.066192
0.037234
-0.021898
0.010925
0.072010
-0.014471
0.025080
0.015404
-0.064945
-0.066505
-0.046089
0.040919
0.046284
-0.052681
-0.064808
-0.120010
0.049478
-0.032901
-0.032883
-0.145790
0.004093
-0.002906
-0.058350
0.006826
0.125741
-0.008786
0.007639
0.043070
0.026512
0.067097
-0.054233
0.053306
0.139177
0.058897
0.150533
-0.044149
0.050052
-0.051947
0.006116
0.039006
-0.002926
-0.075497
-0.024488
0.020091
-0.049309
-0.057872
-0.042414
0.076410
-0.025298
0.072928
0.119784
-0.126377
0.044815
0.093831
-0.020064
0.000580
0.043112
-0.020447
0.022169
0.080131
-0.010042
-0.073885
-0.064962
0.012046
0.151806
0.021690
0.003275
-0.007739
0.068405
0.086872
0.088955
-0.049113
-0.024502
0.053742
-0.005071
-0.016725
0.080129
0.166938
0.004699
0.046496
-0.134505
-0.007687
0.013121
0.112525
-0.070013
0.015341
0.023353
0.082041
-0.110471
0.009716
0.093284
0.012342
-0.052878
0.045320
0.084169
0.003584
-0.092285
0.066168
0.030992
-0.029415
-0.059064
-0.060092
0.100014
0.030076
-0.045774
-0.029395
0.101065
-0.000800
-0.067534
0.037212
-0.008640
0.036837
0.045297
0.031701
-0.039962
-0.037235
-0.020685
-0.012592
-0.034624
0.054462
0.013617
0.118212
-0.019316
0.000821
0.012669
0.012642
0.055140
0.159785
0.036310
-0.016650
0.044587
0.033617
-0.077416
-0.031152
-0.038599
-0.027851
-0.025681
0.014165
0.020776
-0.102134
0.034521
0.067622
-0.060495
-0.000772
0.000432
0.028343
-0.021268
-0.000706
-0.108559
0.031627
0.019720
-0.135055
0.008355
0.036493
-0.039349
0.007309
0.009879
-0.029762
0.080979
-0.068735
-0.007341
-0.018519
0.099428
-0.100034
0.100465
0.038672
-0.101316
0.029656
-0.015143
-0.095993
-0.146957
-0.049286
0.024431
0.050819
0.049041
0.023555
0.049430
-0.065040
-0.040147
-0.014029
0.016109
-0.087355
0.092897
-0.079968
-0.031816
-0.075639
0.020553
0.093796
-0.010931
-0.090743
-0.006860
0.017713
-0.038292
-0.049828
-0.067745
0.087691
-0.041931
-0.070428
-0.038676
0.084782
-0.018445
0.037733
0.077533
0.082142
0.039095
-0.056776
0.031025
0.018762
0.114944
-0.016800
-0.000421
-0.028488
0.030987
-0.043415
-0.019349
-0.033036
-0.066792
0.130244
0.007129
-0.059537
0.111483
0.028022
0.050548
-0.078304
0.006122
-0.036070
-0.017026
-0.043976
0.079641
-0.056423
0.000685
-0.001671
0.056888
-0.003056
0.045826
0.010219
0.093581
-0.010220
-0.031561
-0.009701
-0.001873
0.034900
-0.098396
-0.008310
-0.004558
-0.020791
-0.026000
-0.075956
-0.017111
0.083719
-0.030378
-0.134140
-0.076520
0.077335
-0.065809
0.041098
-0.130801
0.067233
-0.067140
-0.153250
0.048806
-0.017543
0.070870
0.067149
0.025940
0.052851
0.048854
0.045969
-0.032987
-0.028163
0.067207
-0.037769
0.078143
0.000870
0.009622
0.079334
0.054500
0.046329
-0.016304
-0.016830
-0.037041
0.027584
-0.129113
-0.104256
0.000906
0.057069
-0.044299
0.087376
0.082290
0.069170
0.018313
0.006040
-0.024970
-0.051442
0.001226
0.005358
0.110534
0.042952
0.122969
0.068132
-0.088982
-0.014086
0.118671
0.065547
-0.028210
0.050875
0.020123
0.052984
-0.065467
-0.027143
0.004644
0.062195
0.007397
-0.013668
-0.107973
-0.038622
0.061076
-0.063281
0.100044
-0.008890
0.083618
-0.010825
0.032030
-0.044340
0.110500
0.035272
0.056975
-0.001747
0.005596
-0.002537
0.044330
0.010264
0.113336
-0.009421
0.079766
0.054567
0.001083
-0.033264
-0.076677
-0.002916
0.034463
0.045288
-0.002388
0.041131
0.005256
-0.067268
0.011716
0.069007
-0.018281
0.063890
0.027238
-0.008112
-0.008770
-0.033787
0.040636
-0.079029
-0.119475
0.004191
-0.044349
0.031761
-0.004826
-0.047621
-0.040945
-0.068397
0.011761
0.005925
-0.032401
0.048600
-0.014155
0.058853
0.034242
0.041365
-0.062960
0.027562
-0.016404
-0.084691
0.070386
0.004106
0.084244
-0.009503
-0.072031
0.016187
-0.034338
0.027741
-0.002584
-0.001694
0.037500
0.043431
-0.038714
0.063441
0.025180
0.090811
-0.034151
0.033369
-0.051576
-0.061631
0.016227
0.072810
0.058344
-0.070789
-0.062565
0.072188
-0.070714
0.014774
-0.006827
-0.006597
0.075976
0.023975
0.075818
-0.045904
0.026919
-0.093294
0.035525
0.004640
-0.004644
0.125269
0.030942
0.000195
0.007851
-0.014151
0.018511
0.073035
0.040831
0.040201
0.053709
-0.110736
0.093712
-0.044314
-0.000314
-0.053862
0.125465
-0.022020
-0.019319
-0.045682
0.015499
0.066733
0.033320
-0.067417
0.076608
0.018156
0.042487
0.072768
-0.107681
0.044471
0.064696
-0.115573
-0.019406
-0.067869
0.040547
0.036926
-0.043846
0.018378
0.059344
-0.009539
0.008800
-0.016652
-0.074552
0.001171
0.063488
0.044106
-0.122659
0.010126
-0.009503
-0.039228
-0.066660
0.061308
-0.032884
0.036359
-0.022558
0.030264
-0.050016
-0.013327
-0.021112
0.026443
-0.017871
0.061206
0.009788
-0.023204
-0.142251
-0.025461
-0.050087
0.040747
0.063235
-0.021041
0.017448
0.011215
0.073330
-0.002069
-0.026651
0.017742
-0.086189
-0.022985
-0.085625
0.066001
0.092613
0.052641
0.021739
-0.093636
0.053305
0.108985
-0.071019
-0.030550
0.057283
-0.039383
0.051276
-0.000299
0.006439
-0.051142
0.012715
-0.101269
0.021473
-0.011514
0.101870
0.052853
-0.022968
0.011216
-0.050553
-0.005826
0.024498
0.060797
0.070382
-0.096349
0.107819
-0.015419
-0.062627
0.066785
-0.049708
0.015706
-0.037740
0.023242
-0.042970
-0.037834
0.122191
0.054840
-0.019669
0.009315
0.019095
0.024051
0.101468
-0.046740
-0.004387
-0.053390
-0.006971
0.027077
-0.006478
-0.086993
-0.070385
-0.000710
-0.089977
-0.032865
-0.052066
0.064248
0.043931
-0.057289
-0.024706
0.011844
-0.049422
0.069122
-0.031216
-0.043018
0.023081
0.010978
0.097407
0.033041
-0.021906
-0.022077
-0.039864
0.010985
-0.054426
-0.003201
0.078938
0.095677
0.051041
-0.070512
0.030405
0.020971
0.031255
0.059548
0.065739
-0.067350
-0.057875
0.008640
-0.011282
0.003404
-0.038582
0.026088
0.015924
0.091076
-0.111174
-0.091862
0.038727
-0.012551
-0.005219
0.060120
0.101206
-0.044787
-0.084952
0.005939
0.034190
-0.005963
-0.017023
0.049493
-0.065467
0.047712
0.025009
-0.018797
-0.076785
-0.022284
0.071992
-0.021658
-0.114900
-0.014941
0.014564
0.050639
-0.089202
-0.004723
0.022043
0.023182
-0.011719
-0.045693
-0.035334
0.039218
0.002587
0.031142
0.049154
0.021147
-0.055390
-0.107818
0.027662
0.006270
0.084290
-0.086775
0.010411
0.028841
0.054522
0.044343
-0.056968
0.036786
0.046595
0.059756
0.043028
-0.031506
0.023236
0.140387
-0.025135
-0.152608
0.039536
0.027088
-0.015523
-0.049254
0.083870
0.041057
-0.026640
-0.028565
0.075467
-0.093922
0.009280
0.024853
-0.098099
0.068113
0.014039
0.074497
0.059791
0.031452
-0.035179
-0.046526
-0.068010
-0.080638
-0.019444
-0.048307
0.019772
0.086291
0.066808
0.090813
0.044884
0.006641
-0.018221
-0.024351
-0.128922
0.008874
-0.045200
0.016001
-0.108343
-0.052815
0.063087
-0.012790
0.077718
-0.031700
-0.066065
0.091780
-0.089519
-0.000750
0.004522
-0.023412
0.028886
-0.065168
0.059806
0.005064
-0.007397
0.097433
0.088607
-0.009712
-0.017132
0.011164
0.019614
0.123329
0.028851
0.036500
0.006072
-0.048686
0.037367
0.032878
0.001979
0.028563
0.056574
0.052622
-0.057427
0.009119
-0.005814
-0.004141
0.082383
-0.003206
-0.039104
0.045789
-0.055539
-0.026465
-0.011864
0.009306
-0.023448
0.006411
0.052639
0.038155
0.020520
0.028872
-0.072376
-0.006523
-0.010540
-0.058595
-0.014935
-0.092874
0.094143
0.120318
-0.023297
0.026352
0.035589
0.020362
0.005045
-0.060517
0.024517
-0.047610
0.008140
-0.067059
-0.051548
-0.024851
0.066008
0.005974
-0.040216
-0.136798
-0.003668
-0.055484
0.073708
-0.030118
0.099392
-0.000314
0.000994
0.022381
-0.056230
-0.038477
-0.043027
-0.084280
0.020247
-0.000800
0.083798
0.143507
-0.001557
0.030390
-0.094809
0.031028
0.044337
0.057928
-0.075526
0.094888
-0.016293
-0.022704
0.017019
-0.058372
-0.030111
-0.002714
-0.055250
0.028788
-0.023473
-0.039623
-0.034435
-0.026844
0.086572
0.008503
-0.096149
-0.000233
-0.043663
0.090342
0.000801
0.013910
0.054221
0.063598
-0.043912
0.051865
0.040794
0.067069
0.006081
-0.071222
0.114004
0.050844
-0.048675
0.030476
0.040432
-0.046660
0.017294
-0.058599
0.046106
-0.090328
0.130961
0.117203
-0.109602
-0.034253
0.097450
0.062087
0.007635
-0.006475
-0.040552
-0.028471
-0.049342
-0.125164
-0.027953
-0.094989
0.043224
0.012805
-0.010511
-0.071891
0.000978
0.102186
-0.009187
0.004622
-0.062614
0.045255
0.042695
-0.119822
-0.010406
-0.008277
-0.014267
0.004644
0.023813
0.048482
-0.045664
-0.046218
0.045983
0.014488
-0.010172
-0.012846
-0.037742
0.022905
0.034025
0.098875
0.046349
-0.002440
0.112454
-0.004054
-0.042955
-0.042903
0.022786
-0.094590
-0.028898
0.021508
-0.061096
-0.068060
0.078783
0.092763
-0.044673
0.026979
-0.091784
-0.040959
0.011065
0.007799
0.021250
0.032630
-0.005499
0.056349
-0.069375
0.099132
0.099780
-0.073951
0.074419
0.054574
0.021081
-0.104826
0.063609
0.137300
0.027533
0.037227
-0.018632
-0.040605
0.040758
-0.013440
0.003440
-0.026280
-0.083042
0.066606
0.060444
0.096787
-0.019867
-0.058216
-0.028034
-0.020931
-0.027320
0.053573
0.097749
0.072625
0.003309
-0.010724
0.019415
0.056708
0.077098
0.081175
0.031043
0.033775
0.006861
0.044879
-0.076452
0.033342
-0.057570
-0.048414
0.035685
-0.044966
-0.016083
0.050194
-0.039737
-0.055813
-0.026588
0.012694
-0.060999
-0.030007
-0.089723
0.064733
-0.040492
0.052429
0.057237
-0.007342
-0.035476
-0.082565
-0.032882
0.047154
-0.017980
0.059920
-0.056785
-0.055353
0.059983
-0.088780
0.011900
0.077677
-0.021174
-0.062119
0.035816
0.026268
-0.111977
0.102058
0.117237
-0.032921
0.094680
-0.071710
-0.017440
0.044659
0.142253
-0.045832
-0.018824
0.070819
0.018587
-0.047326
0.087128
-0.004309
0.013771
0.053184
0.024994
0.030103
0.005610
0.002702
-0.039282
0.028632
0.006180
0.105835
0.112808
0.003028
-0.058367
0.004964
-0.027341
-0.089099
-0.019021
0.010203
0.038325
-0.010322
0.061084
-0.067705
0.030918
-0.082401
-0.025982
-0.002160
-0.023553
-0.055336
-0.032931
-0.036244
-0.043364
0.044035
0.120569
0.066876
0.020531
-0.035517
0.081655
-0.059556
-0.009566
-0.008003
-0.093122
-0.013902
0.001488
-0.005047
-0.035848
-0.006365
0.026207
0.118588
-0.027035
0.030464
0.016396
0.006195
0.002520
0.036381
0.019052
-0.013832
-0.017946
0.021395
0.079713
-0.075816
-0.056013
0.001529
0.053299
-0.003174
-0.021854
-0.089908
-0.119224
0.006870
-0.048914
0.019808
-0.067462
-0.016610
0.110227
-0.003597
0.025975
-0.107968
-0.028552
0.053474
0.051152
-0.065711
0.139078
-0.014344
-0.028646
0.018159
-0.053912
0.004706
-0.080942
0.117928
-0.037432
0.082001
0.068057
0.021036
0.097986
-0.010015
-0.109762
-0.009727
0.007080
0.067654
-0.025701
0.093864
0.077270
-0.003171
-0.087338
0.033000
0.055671
0.005586
-0.105649
0.094898
-0.047561
0.023785
-0.012370
-0.059023
-0.031289
-0.040959
0.019030
-0.087719
-0.118514
0.044903
-0.018687
-0.008742
0.017504
0.067387
0.116246
-0.085786
-0.012512
-0.034611
-0.051718
0.043582
-0.006502
0.056585
0.055922
-0.020425
0.007643
-0.049910
0.049887
-0.022075
0.005967
0.070990
-0.031035
-0.056670
-0.002679
-0.068727
0.049551
0.091793
0.101588
-0.036142
-0.085379
-0.098470
0.036541
0.000962
0.061424
0.088612
-0.023619
-0.035256
0.057303
0.076942
-0.018052
0.061703
0.058253
-0.032478
-0.018390
0.025740
-0.045011
0.069151
0.027118
0.043667
-0.053717
-0.065648
-0.010573
-0.022787
-0.032979
0.011743
-0.041212
-0.075461
-0.091983
0.041510
-0.034859
-0.136733
-0.030695
0.056717
-0.053444
-0.020911
-0.071021
-0.041983
-0.069955
0.069687
-0.048428
-0.062895
-0.039067
-0.053146
0.010124
0.054317
0.090446
-0.005415
-0.000188
-0.007411
-0.030095
0.084523
-0.061888
-0.002583
0.053404
-0.046259
-0.026318
-0.022081
-0.007617
0.084316
-0.022698
-0.002872
-0.082184
0.007254
0.086405
-0.084680
-0.007940
-0.020295
0.006694
-0.067420
0.017477
0.079725
-0.059241
0.047117
-0.014372
-0.049955
0.122897
0.041476
-0.126813
0.019384
0.052823
0.023692
-0.017431
-0.003695
-0.021837
0.014150
0.058366
0.010925
0.048274
0.046771
0.064623
0.008273
-0.039985
-0.085271
0.029809
0.020213
-0.030484
-0.033057
-0.035211
0.023033
0.090970
-0.057888
0.028300
0.080301
0.129885
-0.071090
-0.103714
-0.083293
0.088003
-0.052537
0.011615
-0.048044
0.067532
-0.150223
-0.017273
-0.071796
-0.080538
-0.053657
-0.070306
-0.161222
-0.005145
-0.065218
-0.050764
0.067942
-0.010170
-0.170047
-0.106819
-0.116009
0.015213
0.111188
-0.107638
0.039097
-0.053829
-0.024979
0.016484
-0.011202
0.043725
-0.061328
0.064869
-0.009255
-0.013071
-0.037146
-0.015495
-0.031089
0.027896
-0.091414
0.000846
0.045643
0.028914
0.007469
-0.007644
0.105426
-0.039045
0.027977
-0.068149
0.017439
0.046950
0.125766
-0.028512
0.044136
0.003313
-0.077463
0.021562
0.088123
0.054652
-0.008207
0.062040
0.028752
0.068052
0.033547
-0.061799
-0.002794
0.042484
-0.055938
-0.044368
-0.023561
0.003442
-0.017251
-0.002879
0.026909
-0.053363
0.051520
0.011845
-0.076180
-0.129026
-0.057072
-0.091437
0.054560
0.016921
-0.030430
-0.013843
0.013808
0.035533
-0.021214
-0.035372
0.019066
0.028545
0.059262
0.013715
-0.080979
-0.052266
0.005726
-0.016696
-0.027784
-0.020968
-0.125712
-0.035744
0.068708
-0.130739
0.004239
-0.034236
0.029171
0.097603
-0.029052
-0.038023
-0.060125
0.024465
0.072188
-0.013007
-0.016786
-0.019862
-0.042166
-0.029367
0.030361
0.014703
0.055416
0.003229
0.030905
0.069543
0.039478
-0.006394
-0.000073
0.044161
0.002798
0.027090
-0.096289
0.029267
-0.007420
0.144663
-0.129830
0.141233
-0.021046
-0.092612
-0.064958
0.094303
-0.012269
0.003313
0.025204
0.098459
0.009540
-0.021740
0.024817
0.095094
-0.030997
0.022466
0.007614
-0.019300
0.083857
0.012139
0.072505
0.095317
-0.004409
0.040490
-0.003240
0.017185
-0.010192
-0.029260
-0.056946
-0.028469
-0.047084
0.065255
-0.006708
-0.017206
0.062873
-0.045149
-0.088441
-0.155717
0.015058
0.016306
-0.025449
0.069297
0.050739
0.012111
0.008614
0.010078
-0.091306
0.009307
-0.020497
-0.015789
0.104368
0.034687
-0.032737
-0.077711
0.001931
-0.048543
-0.026043
0.037577
0.052348
0.005330
0.027525
0.072971
0.055667
0.145682
0.012450
-0.009740
0.022571
0.055572
-0.002591
0.090755
0.110926
-0.025998
0.020623
0.076228
0.044603
-0.034334
-0.018728
0.032942
-0.053977
0.044742
0.099110
0.050147
-0.020600
0.017718
-0.115421
0.022550
0.039575
-0.076658
-0.013935
-0.025376
-0.002037
-0.039726
0.042574
0.054543
-0.025282
0.029959
-0.052596
0.032924
-0.044177
-0.068800
0.079630
0.011643
-0.091022
-0.006170
-0.063850
0.113258
0.099287
-0.011477
0.049526
-0.053367
-0.019112
0.046703
-0.064596
-0.062663
-0.042920
-0.068265
-0.071645
0.002394
0.045778
-0.054322
-0.147677
0.026662
-0.070718
-0.044931
-0.042817
-0.057818
-0.030363
0.012068
-0.147196
0.002358
0.127365
0.013750
-0.025687
-0.025461
0.012522
-0.014308
0.020791
0.057168
0.053487
-0.009813
-0.050557
0.007120
-0.057229
0.035795
-0.041599
-0.033332
0.128370
-0.049288
0.017974
0.067144
0.033474
0.049359
0.005574
-0.130109
0.119028
0.052461
-0.031923
0.013354
-0.004816
0.061469
-0.090107
-0.128723
-0.021431
0.060811
0.088993
0.145316
-0.076148
-0.012664
-0.009238
-0.043935
-0.071855
0.083195
-0.049147
-0.023746
0.101029
-0.033194
-0.121490
0.046298
0.075988
0.066058
0.038870
-0.073363
-0.008309
-0.125828
-0.016806
-0.013019
-0.033352
-0.030244
-0.068877
-0.023104
0.033108
0.047683
0.077480
-0.093231
-0.117402
0.043129
-0.024360
0.074624
-0.057035
-0.069170
0.022206
0.106307
-0.012602
0.111396
0.082407
0.048157
0.003204
-0.012804
-0.032733
0.013438
-0.074456
-0.047601
0.013918
0.020629
-0.033120
-0.004173
0.012195
-0.027597
0.038548
-0.125209
0.014638
0.067160
0.033236
0.075189
0.031869
-0.016310
0.041784
-0.001573
-0.039475
-0.017440
0.059950
-0.000027
-0.061482
0.083070
-0.042864
0.010683
-0.064471
0.004031
0.001315
-0.079556
0.106235
-0.002958
-0.012728
-0.130720
-0.022418
0.026461
-0.035655
0.062284
0.045938
0.024549
-0.023178
0.052362
0.004661
0.004271
-0.009728
-0.040595
-0.063827
0.082550
-0.016195
0.050332
-0.032582
-0.095191
-0.034249
-0.162140
0.030409
0.048061
-0.019701
0.135942
0.026790
-0.012654
-0.088880
-0.138308
0.081089
-0.002933
0.044704
0.024108
0.011290
0.126703
-0.009180
-0.006034
-0.022739
0.041162
0.124912
-0.112310
-0.075602
0.026051
0.051273
-0.088816
0.073183
-0.033165
-0.095159
-0.066735
0.037667
0.097556
0.023135
0.067694
-0.030052
0.044476
0.064713
-0.003007
0.020916
-0.026143
0.002254
0.042646
-0.016959
-0.025523
-0.036361
0.013125
-0.007899
0.038818
-0.037515
0.005895
-0.020220
0.025285
-0.087257
-0.055567
-0.034804
0.046261
-0.021294
-0.129062
-0.004347
0.073617
0.001000
-0.013287
0.125610
-0.112502
-0.110763
-0.084157
0.012308
-0.035376
0.016708
-0.004464
-0.143650
0.015738
0.133884
0.057895
-0.030511
-0.059067
-0.010860
0.027054
-0.107678
-0.015298
0.032454
0.006773
0.037047
-0.088551
-0.107229
0.046677
-0.047552
-0.033984
-0.013461
-0.015040
0.033055
-0.084345
-0.119125
0.031501
-0.023818
-0.026625
0.050725
-0.060195
-0.060317
-0.003650
-0.097161
-0.000065
-0.011210
0.053679
-0.020334
-0.070937
0.108916
-0.022101
-0.035362
-0.003960
-0.016308
0.020337
0.041675
-0.025595
0.014807
0.058121
-0.012573
-0.029273
-0.051477
-0.037602
-0.039929
-0.005564
-0.019436
0.008523
-0.033324
-0.044184
0.047058
0.096896
-0.037186
-0.025670
-0.056664
-0.037062
0.132429
-0.071328
0.010834
-0.023402
0.057426
0.090252
0.060732
0.003443
-0.066772
-0.040797
-0.064243
-0.065300
0.121202
-0.087080
0.011037
0.064043
0.018566
-0.051489
-0.061552
-0.002229
0.001990
-0.038825
-0.065388
0.025098
0.079391
0.009324
-0.011882
-0.016811
-0.113359
-0.006664
-0.079080
-0.065449
0.036484
0.025714
-0.010633
0.009722
-0.004117
0.017761
0.033596
0.030895
0.044683
-0.122329
-0.096891
-0.002691
0.055714
-0.013444
0.016004
0.018455
0.055175
-0.016696
0.004112
-0.025967
-0.069428
-0.041777
-0.037723
-0.015994
-0.052306
0.004582
-0.088629
0.029163
0.096996
-0.089171
-0.075306
0.000675
-0.009216
-0.043848
0.055866
-0.106022
-0.014262
0.018939
0.068584
-0.060699
0.041117
0.050677
-0.000059
0.067933
-0.009167
0.038296
-0.153768
0.054451
0.158704
-0.033910
0.046524
-0.075699
0.017029
-0.090368
-0.112870
-0.012845
0.002919
0.055138
0.063140
0.100276
0.052690
-0.094001
0.063796
0.093832
0.047659
0.053097
0.038434
-0.015285
0.010549
-0.046118
0.093319
0.058110
-0.021027
-0.020379
-0.057749
0.108617
-0.004666
0.030126
-0.062010
-0.082227
0.071434
-0.049136
-0.051984
0.115066
0.013235
-0.040201
0.108827
-0.102816
-0.118616
-0.050851
-0.111189
-0.059311
-0.108144
0.166882
-0.016356
-0.017637
-0.016460
0.037833
0.043803
-0.019690
0.022465
-0.075779
-0.043367
-0.033395
0.089941
0.056174
0.012049
-0.004240
0.046104
-0.029264
0.062208
-0.007135
0.093723
-0.056621
-0.041430
-0.048509
-0.007240
-0.017179
0.045857
-0.022095
-0.231564
-0.022553
0.026759
-0.052873
0.086698
0.015503
0.003440
-0.107346
-0.112168
0.062425
-0.080938
-0.004700
-0.060057
0.025824
-0.011123
-0.016633
-0.051463
0.105631
-0.087710
-0.057618
-0.005790
0.083039
0.049943
0.006199
0.015940
0.080058
-0.052423
-0.002377
-0.021546
-0.010930
-0.017655
-0.036937
-0.024512
0.036644
0.074724
-0.130816
-0.013103
-0.107014
0.038785
-0.029700
-0.086797
0.018353
-0.075695
0.001077
-0.049099
-0.030600
0.014664
-0.054905
0.121998
0.048624
0.049366
0.009972
0.074195
0.046823
0.001222
0.092659
-0.156808
-0.054969
0.000191
0.083262
-0.003633
0.044046
0.004008
-0.031945
0.018796
-0.042718
-0.002221
-0.026680
-0.007055
-0.050118
-0.039464
-0.064223
0.051939
0.045506
0.036556
-0.125968
0.015325
-0.063003
0.013110
0.096385
-0.004252
-0.099700
-0.004339
-0.083922
0.001543
0.079437
0.039215
-0.074732
-0.059579
0.038407
-0.003443
0.012905
-0.045057
0.064254
-0.073841
0.094135
0.029429
-0.036107
-0.003558
0.021943
-0.022891
0.004352
0.035755
-0.048030
0.038596
-0.037257
0.006430
-0.091335
0.062212
0.013414
-0.040647
-0.038794
-0.008086
0.036071
0.028026
0.011638
-0.011183
-0.029706
0.094644
-0.007837
-0.085655
0.013008
0.022738
0.031057
-0.049778
0.015644
-0.003753
-0.138322
0.082472
-0.073729
-0.026681
-0.038561
-0.009017
-0.026538
-0.039178
-0.026068
-0.020730
-0.032257
0.055108
0.048140
0.056345
-0.032814
-0.056304
-0.112237
0.063566
-0.026146
-0.088104
0.038632
-0.004765
-0.013744
-0.047834
-0.016800
-0.019750
0.021535
-0.026921
-0.087943
-0.011018
-0.074992
-0.082331
-0.001164
-0.011816
-0.042531
0.055595
0.041374
-0.014876
0.010545
0.003041
-0.002562
-0.107238
-0.004826
0.029210
0.036421
-0.050553
0.134779
0.064257
0.021275
0.017337
0.108039
0.068642
-0.047850
-0.049462
-0.049687
0.064530
-0.013523
0.071652
-0.018791
0.104110
0.073957
-0.009412
0.076794
0.063119
0.028791
0.016814
0.015727
0.072683
0.016223
-0.029911
-0.027715
-0.037615
-0.042319
0.036378
0.001386
-0.055700
0.054015
-0.001654
0.031760
-0.048735
0.067037
-0.050571
-0.060884
0.008106
-0.028403
-0.018460
0.035861
0.072137
-0.039764
0.003025
-0.052081
-0.061905
0.145837
-0.034493
-0.131138
-0.014608
0.024772
0.027690
0.045132
0.101556
-0.067378
0.057200
-0.004098
-0.039147
0.042932
-0.066647
0.044242
0.094904
0.052931
0.009039
-0.129560
0.029762
0.049289
0.008523
-0.068590
0.003972
-0.060574
-0.014631
-0.047113
-0.001727
-0.010988
0.041540
-0.037817
-0.024066
-0.000495
0.082738
0.051682
-0.062791
-0.005599
0.017942
-0.058377
0.082974
0.010211
0.065108
-0.023487
-0.033525
0.046048
-0.024082
-0.040131
-0.078168
-0.046157
0.001635
-0.001338
0.005697
0.020276
0.004180
-0.001979
0.064192
-0.006381
-0.032343
0.051224
-0.059759
-0.109619
-0.122652
-0.019304
-0.021340
0.085680
0.018580
-0.021833
-0.015385
-0.003534
0.076277
0.029164
-0.082761
0.083042
-0.040492
-0.062785
-0.054151
-0.033427
-0.073107
-0.035334
-0.041344
-0.000320
0.032137
0.017564
-0.072761
-0.053757
-0.058483
0.118566
0.012635
0.074841
0.149854
-0.025387
0.039747
-0.057571
-0.037915
0.076851
-0.133534
-0.100220
0.019601
0.019313
-0.030558
0.055054
-0.127507
0.056951
-0.022369
0.080878
0.076351
-0.040085
-0.019096
0.051599
0.056563
0.081740
0.112785
0.007186
-0.004111
0.072781
0.044473
0.118618
0.043696
-0.034260
-0.054604
0.090485
-0.035726
-0.049098
0.001105
0.027795
0.017777
-0.040500
0.017611
-0.039461
0.029569
-0.029632
-0.031229
-0.005350
-0.018646
-0.095057
0.031913
0.015987
-0.092403
-0.077241
0.067973
0.050055
-0.059388
-0.073379
0.045927
0.031391
0.099367
-0.024336
0.045354
-0.044839
0.063336
0.001321
0.047365
0.074749
-0.059008
-0.002467
0.008334
-0.011756
0.077152
0.021269
0.026599
-0.004310
-0.021454
-0.086051
-0.044905
0.053798
-0.068532
-0.085486
0.019524
-0.055155
-0.048256
0.013539
0.023213
-0.041405
0.033313
-0.033654
-0.002980
0.027619
0.092818
0.111360
-0.050398
0.019563
-0.057842
-0.025201
0.038695
-0.027241
-0.044619
-0.039713
-0.040688
-0.061168
-0.007616
0.067021
0.013546
-0.018232
0.011564
-0.078031
-0.054593
0.032491
0.059835
0.008139
-0.041296
-0.046859
0.012005
0.031103
0.061366
0.033946
0.072181
0.016459
-0.046738
0.036549
-0.012062
-0.024978
-0.019609
-0.081403
-0.134726
-0.001013
0.052943
-0.003813
0.022286
0.038421
0.029805
0.012698
0.071025
0.030591
0.068549
0.060708
-0.053155
0.029351
0.082914
0.070377
0.139999
-0.009435
0.108278
-0.013999
0.027231
-0.009992
-0.056307
0.022455
0.008096
-0.068158
-0.038030
0.079115
0.008178
-0.072922
0.011316
0.031351
-0.027703
-0.071531
0.012271
0.023695
-0.054178
-0.050308
-0.013763
-0.049386
0.007243
-0.022153
-0.019478
-0.126227
0.016994
-0.020975
0.067601
-0.053163
-0.009387
-0.064206
0.023072
-0.078417
-0.008754
0.006790
-0.040006
-0.010476
0.005633
0.018735
-0.076775
0.079820
-0.071230
0.048394
0.123969
0.034069
-0.052773
0.004680
0.026749
-0.046677
0.061560
0.039048
-0.055857
0.066480
0.086446
-0.010468
0.062186
-0.092926
0.044547
0.008918
0.025368
-0.026219
-0.025214
-0.034512
-0.026772
0.039901
0.043393
-0.021688
0.021706
0.069415
0.027978
-0.011488
-0.097263
-0.041868
-0.059453
-0.011219
0.032762
-0.066541
0.125678
-0.126774
0.076105
-0.035551
-0.008962
0.028311
-0.060835
0.063328
0.027378
0.017514
0.059247
0.009886
-0.082009
-0.006545
0.004088
-0.053872
-0.026489
0.021789
0.018800
0.029601
-0.099571
-0.030890
0.015356
0.043305
0.016971
-0.074237
-0.053047
0.016745
-0.039080
0.003877
0.110294
-0.016138
0.010300
-0.058885
-0.064748
0.055395
0.015565
0.076370
-0.020404
-0.010530
0.022542
-0.013511
0.058477
0.040316
-0.022733
0.067335
0.003333
-0.133355
-0.043985
-0.020080
-0.056163
-0.094725
-0.021210
0.040616
0.016101
-0.004559
-0.077101
-0.013659
-0.022389
-0.006974
-0.002086
-0.092199
-0.004225
-0.044106
0.027602
0.050858
0.034265
-0.031636
0.015920
-0.009458
0.031208
0.005875
-0.020117
-0.007015
-0.014171
-0.002841
0.011602
-0.095754
-0.012626
-0.047747
-0.043023
-0.023879
0.022104
-0.061627
-0.007020
-0.057675
0.037026
0.044804
-0.074560
0.087671
0.020462
-0.027269
-0.031602
-0.007583
0.062423
0.009793
-0.103620
0.015938
-0.034775
-0.028338
0.088457
0.108694
0.022631
0.049776
-0.052359
-0.052433
0.038861
0.014879
-0.033444
0.075229
-0.024279
0.044588
-0.024169
-0.129408
-0.112828
0.030535
0.007323
-0.003981
0.087396
0.023465
0.036130
0.072908
0.033007
-0.081788
-0.011558
0.011210
0.025844
0.000424
0.057417
-0.029203
0.093828
-0.019973
-0.068988
0.094611
0.017220
-0.023222
0.045370
-0.019701
0.054269
0.091833
-0.060614
-0.032159
-0.085969
-0.003319
-0.030566
-0.007759
0.062317
-0.043882
0.072245
-0.033786
0.068227
-0.026572
0.023785
-0.062131
0.023849
0.059284
0.020024
-0.038186
0.063936
-0.060885
0.015275
-0.006280
0.042298
-0.067227
0.059707
-0.089548
-0.093424
0.024002
0.089551
-0.011056
-0.027710
-0.092944
-0.029788
-0.009150
-0.018668
-0.033944
0.109082
-0.001320
-0.018981
-0.036935
0.016809
-0.059332
-0.010166
-0.091079
0.034362
0.041423
-0.077674
-0.036783
-0.012331
0.164703
0.074930
-0.006012
-0.042401
-0.002772
-0.041644
-0.074881
0.006039
-0.061942
-0.004060
-0.010246
-0.010728
0.003934
0.071360
-0.052049
-0.006155
-0.020474
-0.053787
0.106216
-0.087939
0.081025
0.003007
-0.046167
-0.003324
-0.064583
-0.112083
0.042065
-0.069497
-0.100218
0.031121
-0.093149
0.068871
0.046447
-0.039802
-0.118314
-0.008084
-0.015223
-0.005127
-0.056105
-0.042804
0.118486
0.134737
0.030466
0.037541
-0.020946
0.030442
-0.106825
0.084299
-0.003871
-0.053851
0.014128
0.068525
-0.155782
-0.023553
-0.010064
0.054678
0.102796
-0.025935
-0.001962
0.005031
0.070353
-0.016041
-0.018154
0.041521
-0.026790
0.087384
-0.074337
-0.012849
-0.020210
-0.019355
0.010313
0.037965
0.057116
-0.088805
-0.014901
0.016191
-0.077075
-0.019168
0.023158
0.011324
-0.017799
0.069021
-0.086735
-0.081053
-0.053198
-0.063140
-0.004804
0.007161
0.002777
0.072881
-0.000677
-0.090214
-0.027777
0.017500
-0.028599
0.062440
-0.024969
0.020148
-0.060964
0.078482
-0.048315
-0.008170
0.104557
0.023272
0.018623
0.012381
0.067136
-0.056398
0.037692
0.057942
-0.030647
-0.019441
-0.005611
-0.076589
0.069442
-0.010153
0.012704
-0.125355
-0.000343
-0.012349
0.031016
-0.041082
0.088592
-0.023084
-0.018928
0.042502
-0.037171
-0.173146
0.032010
-0.008506
0.024223
0.093695
0.007042
0.006342
0.043347
0.061167
-0.119439
-0.138462
-0.027461
0.060245
0.012252
-0.032674
-0.029769
-0.058306
-0.019165
0.057785
0.041602
-0.002090
-0.003603
0.088926
0.018741
0.064719
0.022182
-0.139325
0.077719
0.015944
-0.010762
0.025226
0.002567
0.019682
0.011846
-0.110250
0.039190
0.066689
-0.036442
-0.068023
0.011634
-0.038074
0.044729
-0.036039
-0.071795
0.010338
-0.073321
0.000057
-0.069518
-0.148840
0.031994
0.043101
-0.056253
-0.013539
0.115088
0.191944
-0.072041
0.043422
-0.114558
-0.009800
-0.076141
-0.008522
-0.040500
0.032916
-0.068746
0.069076
-0.034119
-0.016601
0.042495
0.028958
0.021383
0.057970
0.014520
-0.020837
-0.004794
0.105073
0.095356
0.038811
0.031589
-0.023455
-0.045157
0.026099
-0.015062
0.016614
0.014685
0.035054
-0.002309
0.024009
-0.071464
0.037339
0.058645
-0.040443
-0.043770
-0.001171
-0.089871
0.049980
0.013969
0.005458
-0.064251
-0.035646
0.041149
-0.026476
-0.057824
0.075320
0.059283
0.024961
-0.044241
-0.022311
0.049897
-0.194359
0.115380
0.003019
0.061754
0.056807
0.018563
-0.014954
-0.090884
0.040086
0.050690
0.074652
-0.132950
-0.055316
-0.049023
0.013622
-0.072713
0.032491
0.024991
0.099731
-0.058696
-0.017735
0.089462
-0.014173
-0.047470
-0.045014
0.016847
0.030685
0.100282
-0.040780
-0.014973
-0.006831
0.011241
0.058276
0.009337
0.028856
0.050553
-0.106634
-0.051750
-0.003001
0.030027
-0.049116
-0.061303
0.060475
0.005465
0.111205
0.052512
0.010343
0.073480
-0.053830
-0.073634
0.035655
0.052889
0.070586
-0.003321
-0.059851
0.026621
-0.043637
0.101387
0.062240
-0.104969
0.079734
-0.014959
-0.060041
-0.040272
-0.062009
0.003626
0.097323
0.020725
0.068965
-0.014765
0.023166
0.007992
0.006155
0.055846
0.026234
0.111823
-0.005504
-0.039802
-0.006487
-0.031454
0.009299
0.038046
-0.054296
-0.002980
0.093579
-0.021509
0.127292
-0.061090
-0.071820
0.148961
0.080469
0.018671
-0.101397
0.058318
-0.097524
-0.050737
-0.104981
0.103875
0.049574
0.031223
0.092149
0.056890
0.007908
0.001564
-0.038961
-0.012287
0.075574
0.058607
-0.020647
0.042479
0.042369
-0.018445
0.029490
-0.005818
0.017914
0.038607
-0.014830
0.042394
-0.065210
0.069551
0.059148
-0.009659
-0.058787
0.023299
-0.057209
-0.019343
0.094561
-0.140007
0.055568
0.044979
0.055610
0.013247
-0.092485
0.055940
0.069805
0.017779
-0.024386
0.027283
-0.042554
-0.047455
-0.118107
-0.042030
0.016580
-0.012891
0.045084
-0.032015
0.038670
0.060180
0.024361
-0.017718
-0.101860
0.025580
-0.059238
0.060284
0.052483
0.083013
0.001142
-0.065616
0.004869
-0.020347
0.006610
-0.027785
-0.045345
-0.018202
0.047835
0.006114
-0.062156
-0.024881
-0.085308
0.032864
0.006998
0.086953
0.032584
-0.033909
0.033281
0.000730
-0.096258
-0.088484
-0.040686
0.044531
-0.015270
0.041820
0.032721
-0.126168
0.024708
0.090664
0.014111
-0.012536
-0.008764
-0.050601
0.009243
0.060614
-0.100635
-0.011512
0.007142
0.008655
0.028304
0.026215
0.029108
-0.071029
-0.083848
-0.025594
0.035689
0.077378
0.009802
-0.023657
0.174157
0.011547
0.101852
0.031591
-0.012908
-0.102466
0.104907
0.048152
0.056298
0.038516
-0.068906
0.019001
0.028271
-0.063803
-0.051735
0.106027
-0.061688
0.042463
0.017757
0.052266
-0.014280
0.028162
0.045347
-0.081397
-0.024096
-0.003246
-0.068143
-0.033195
0.107865
-0.115754
0.014492
0.072817
-0.066656
0.012791
-0.062184
0.100975
0.048655
-0.005508
-0.047422
0.031585
0.142990
-0.017222
0.029388
0.021163
0.023967
0.001461
-0.048630
-0.128408
0.034592
-0.053952
-0.001655
-0.038470
0.029509
-0.027715
-0.064880
0.022953
-0.095413
0.060631
0.084622
-0.060248
-0.075769
-0.033568
0.043348
-0.066693
0.037487
0.029891
-0.021967
0.006297
0.008805
-0.000682
0.091986
-0.035209
-0.098968
-0.001207
-0.012653
0.028687
0.004557
-0.047472
-0.017625
-0.045380
0.011621
0.021733
-0.086416
-0.026771
-0.052022
-0.028826
0.001720
-0.048581
-0.027973
-0.074350
-0.070534
-0.005023
0.054240
-0.039845
-0.035696
-0.075839
0.064493
-0.020457
0.072326
-0.033593
0.004286
-0.017212
-0.019823
0.097159
0.034874
-0.062739
-0.043098
0.007090
-0.097659
0.100292
0.027771
-0.076594
0.011137
0.033920
0.099320
-0.020559
0.002072
-0.007193
-0.094064
-0.072534
0.043207
0.040258
-0.095598
-0.081622
-0.001571
0.006696
-0.000481
-0.065257
0.013198
0.077980
-0.029780
-0.111840
-0.015872
0.006365
0.021854
-0.045315
-0.063110
0.013858
-0.086323
-0.035391
-0.034249
0.062452
0.069784
-0.028883
0.047305
-0.009317
-0.039339
0.038751
-0.102428
0.075804
0.004024
0.047243
-0.008730
0.076162
-0.007873
0.122590
0.037089
-0.004698
0.028579
0.030481
-0.037442
-0.023565
-0.053165
0.074438
0.069237
0.015817
0.063164
0.018021
-0.079950
0.005348
-0.069349
-0.022611
0.048850
-0.012953
-0.074437
0.102557
0.059208
-0.072142
-0.049892
0.135017
-0.027524
0.000767
0.007247
-0.078163
-0.032404
-0.050823
0.019337
-0.073491
0.036954
0.080981
-0.048550
0.028754
0.045103
-0.018257
-0.005656
0.065704
0.058106
-0.010147
0.009248
-0.066987
0.068663
0.021905
-0.005082
0.025468
-0.017768
0.109450
-0.005468
0.028230
-0.063412
0.012001
0.081145
0.029803
-0.071081
0.015317
0.021507
-0.020801
0.016152
0.000661
-0.022767
-0.004496
-0.108051
-0.048333
-0.084034
0.107729
0.018369
0.007615
-0.058568
-0.150910
-0.041848
-0.052018
-0.021030
0.026736
-0.018853
0.063560
-0.113226
0.081766
-0.026325
0.047502
-0.063601
-0.015519
-0.015329
0.078616
-0.001867
-0.046300
0.020185
-0.068385
-0.009194
0.087412
-0.001598
-0.115972
0.025161
-0.020675
0.085216
0.047835
0.003486
0.070143
0.055083
0.104277
-0.100737
0.011622
-0.029625
0.043888
0.063138
-0.056021
0.069061
-0.011802
0.002007
-0.138443
-0.058147
-0.001659
0.060782
-0.044410
0.002901
0.065856
-0.020520
0.038122
-0.016098
-0.069321
-0.037905
-0.009044
0.019353
-0.102714
-0.050172
0.018338
-0.031727
-0.000016
-0.040342
0.021734
-0.031287
-0.033372
0.057234
0.024619
-0.022153
-0.046786
0.008933
-0.131509
0.069710
0.002040
0.038281
0.102118
-0.001921
0.024562
