# 参数名称：backbone.features.13.conv.6.weight
# 参数形状：(96, 576, 1, 1)
# 参数数据类型：float32
# 参数值（保留6位小数）：
-0.063270
0.001850
-0.060574
-0.105033
0.082533
-0.340999
-0.025197
-0.125392
-0.117683
0.136150
-0.133912
-0.067177
-0.106986
0.210084
-0.038165
0.015937
0.274099
-0.035470
-0.078732
-0.045297
0.043616
0.053277
-0.224026
0.165337
-0.095634
-0.332463
-0.147590
-0.103609
0.122842
0.304131
-0.058257
-0.194071
0.007987
0.006354
-0.127014
0.139881
-0.153573
-0.070045
0.230567
-0.050293
0.083217
0.085625
-0.222095
-0.140720
-0.412219
0.043194
0.040859
0.066637
0.051203
0.178004
-0.046412
0.158244
0.054636
-0.026909
0.136355
0.040147
-0.085302
-0.186107
-0.166279
0.014848
0.055464
-0.028427
0.093232
0.053031
0.158175
0.088145
0.114298
0.043277
0.035096
-0.140533
0.057038
-0.099471
-0.041596
0.197493
-0.080815
0.228965
0.060158
0.207526
-0.072800
0.102852
-0.098401
0.242719
0.032888
0.008212
0.142204
-0.102829
-0.108672
0.156922
-0.080555
0.007842
0.092305
-0.196728
-0.269907
0.000085
0.105779
-0.229936
-0.016522
0.015567
-0.035142
-0.110446
-0.087506
0.115365
-0.041896
0.317602
0.069932
-0.078032
0.008892
-0.151151
0.064587
0.204506
0.088355
0.147365
0.040010
-0.303786
-0.079410
0.041997
0.084358
-0.119060
0.118878
-0.062949
-0.143741
0.056981
-0.201807
-0.098146
0.024923
0.254943
0.096201
-0.053173
0.149269
0.004237
-0.160738
0.160097
0.020822
-0.208450
0.060291
0.187781
-0.043679
0.020968
0.104091
-0.205652
-0.017803
0.039129
-0.145050
0.133683
-0.028849
0.096240
0.033841
0.100629
-0.157582
0.081099
-0.057630
-0.004382
-0.065980
-0.176395
-0.006492
-0.050804
0.185579
-0.090165
-0.111886
-0.069710
-0.123526
0.196799
0.112281
-0.066448
0.068863
-0.014628
-0.288323
-0.008231
-0.080557
-0.083742
0.287715
0.156608
-0.011244
0.111921
0.096667
-0.105304
0.033359
-0.157948
0.023011
0.076577
-0.031989
0.199675
0.075278
-0.276277
0.072941
0.022156
0.067339
0.168579
-0.001280
0.326350
-0.199079
-0.082452
-0.231296
0.074765
-0.050990
0.142190
0.136350
-0.131272
-0.028549
0.277564
0.047241
0.088717
-0.200877
0.025987
0.071545
0.031242
0.063673
0.015138
-0.124297
-0.107199
-0.065758
-0.016000
0.061720
0.182524
0.148521
-0.266851
-0.105848
0.032785
-0.068007
0.125792
-0.037500
-0.151497
0.121737
-0.079777
-0.082040
0.033643
-0.011870
0.051129
-0.088556
0.070377
0.008317
0.158280
0.053647
0.019516
0.159243
0.124946
0.001790
0.141844
0.029554
-0.271499
-0.267083
-0.076254
0.126139
-0.068493
-0.067008
-0.216704
0.068317
-0.151326
0.139940
0.139515
0.032830
-0.064651
-0.054920
-0.112943
-0.177866
0.052232
-0.043799
0.091763
-0.004123
-0.066357
0.064042
-0.045116
-0.009102
0.036923
-0.094630
0.006638
0.138111
0.045916
-0.244058
0.011284
0.195850
-0.018369
-0.260465
0.258778
-0.111849
-0.076619
0.313000
0.205863
0.126010
0.059695
-0.169294
0.064699
0.244367
-0.013635
0.118405
0.212776
0.383746
0.367133
-0.029924
0.076614
-0.150573
-0.088939
0.185606
0.068527
-0.075431
0.030185
-0.113351
0.095201
0.115975
0.399502
0.209137
0.068289
-0.184336
0.204054
0.029361
0.164721
-0.051555
-0.068582
0.189071
-0.203653
-0.026233
0.000708
-0.147027
0.022219
0.165319
-0.015975
0.047868
-0.016124
0.041729
0.131785
-0.092460
0.086750
0.005257
0.085442
0.157594
0.018645
-0.164360
0.069992
0.160508
0.119445
-0.071715
-0.213212
0.076325
0.092652
0.090372
-0.129155
-0.006463
0.011957
-0.095581
-0.023915
-0.194951
-0.004783
-0.037557
0.083272
0.082945
-0.016794
-0.019366
-0.006286
-0.176539
0.066970
0.245651
0.066989
0.106074
-0.015109
-0.160132
0.067351
0.216887
-0.106913
-0.065723
0.056449
0.081266
0.262260
-0.058777
0.093552
0.110010
-0.027413
0.010156
-0.286997
-0.089972
-0.040285
0.016238
0.134101
-0.051517
-0.041110
-0.228256
0.012937
-0.414877
-0.092534
0.090489
-0.140039
0.127983
0.043973
-0.104933
-0.207130
0.135914
-0.105892
-0.143358
-0.082979
-0.052331
-0.031078
-0.049799
0.117956
0.008821
-0.070776
-0.216934
0.084693
-0.022059
-0.234873
-0.261104
-0.120858
0.032217
-0.051576
0.067993
0.045691
0.011470
0.094507
0.054027
0.012027
0.085327
-0.002789
0.016882
0.296898
-0.218943
0.063613
-0.066327
0.065144
0.016031
0.133264
0.082098
0.047914
-0.092539
0.099583
0.079018
-0.172901
-0.108966
0.019866
0.109017
-0.116379
0.248810
-0.224381
0.014258
-0.062531
-0.047349
0.071710
0.215574
0.080497
0.113362
0.084478
0.003309
0.143574
-0.051610
0.157637
0.082396
-0.291644
0.023635
0.114495
-0.054686
-0.293402
0.051026
0.140396
-0.142425
-0.014547
-0.037278
-0.281452
-0.135106
-0.041476
0.114809
-0.227731
-0.078925
-0.138296
0.010508
-0.131813
-0.267406
0.121581
0.005342
0.258374
-0.054837
0.025210
0.077641
-0.258588
-0.265181
0.176467
0.107778
-0.128612
0.133414
-0.142739
0.099388
0.016661
0.043727
0.194738
0.181270
-0.137730
0.011089
-0.062646
-0.089692
0.045188
-0.114576
-0.068583
-0.141360
0.098108
-0.029356
0.126563
0.070723
-0.136353
-0.051924
0.202970
0.008013
-0.142523
-0.109614
-0.182256
-0.259543
0.016377
0.059067
0.214485
-0.276175
0.151465
0.004955
0.150637
0.148956
0.170809
0.044207
-0.211073
0.017872
0.074421
0.277397
0.043111
0.033600
-0.000028
0.003308
0.020512
-0.024365
0.056306
0.058870
-0.131170
0.066016
-0.088425
-0.226193
0.094709
-0.233147
-0.033317
-0.027940
0.022602
0.085450
-0.121602
0.146310
0.080110
-0.171941
-0.032518
0.167678
0.111125
-0.142250
-0.098175
-0.178039
0.093587
0.041607
-0.145013
-0.201945
-0.176201
0.060143
0.056384
0.087356
0.063141
-0.095760
-0.096732
0.056376
0.171212
0.044915
0.045791
-0.142088
0.012309
0.153978
0.118675
0.179300
-0.167029
0.043255
0.094516
0.009329
0.010505
0.061779
0.125899
0.073780
0.066960
-0.036404
-0.258866
0.065284
-0.081251
0.035577
0.064957
0.181493
-0.133381
0.090543
-0.033946
0.143432
-0.028138
-0.009859
-0.106339
0.160962
0.031703
0.014351
0.109643
0.066826
0.105688
0.000231
0.022701
0.000921
-0.105800
-0.054599
0.116966
-0.072466
-0.111449
0.082390
-0.234159
-0.125516
-0.105649
-0.016315
-0.296210
0.145794
0.011948
-0.024578
0.004312
0.084489
0.203810
0.132916
-0.063869
0.038946
-0.254496
-0.118925
-0.289599
0.055560
-0.206769
-0.006485
0.021756
-0.137580
-0.056360
-0.024488
0.157994
-0.008504
0.100189
0.270465
-0.089471
-0.084558
0.109446
0.092648
-0.139666
0.057622
0.036500
0.165724
-0.046185
0.132010
0.042507
0.176743
0.123940
-0.018959
-0.246342
-0.108436
-0.191472
0.220161
0.140922
0.053839
-0.183712
-0.065592
-0.208090
-0.119474
-0.328479
-0.100732
-0.007753
-0.011433
-0.014882
-0.027516
0.178052
0.014102
-0.063383
-0.128897
-0.168473
0.245511
0.117750
-0.111743
-0.088531
0.350131
-0.059207
-0.064595
0.055837
0.072901
-0.008586
-0.148466
-0.171420
0.091369
-0.140614
0.109646
-0.035651
0.042401
-0.005004
-0.250236
0.202390
0.185839
0.146035
0.109289
0.148321
-0.305378
0.054901
0.067261
0.063472
-0.043479
-0.131043
0.066599
-0.012998
-0.019758
0.049731
0.194628
-0.014442
0.101953
0.127031
0.116289
-0.033030
0.090372
-0.000967
-0.058999
-0.130385
-0.030907
0.358682
-0.032816
0.040760
0.033522
-0.006474
-0.072564
0.042997
-0.051966
0.060628
-0.021707
0.185118
0.230089
0.017907
-0.148234
-0.007797
-0.141026
0.090243
-0.102175
0.122585
-0.138155
-0.131705
0.138162
0.050533
0.298035
0.028940
-0.146178
-0.286720
0.046086
-0.152226
-0.075934
0.003940
0.001305
-0.060295
0.115210
0.030321
-0.011113
-0.092613
0.090208
0.019679
0.016817
-0.216769
-0.014603
0.187604
0.004579
0.146959
-0.059102
-0.028006
0.031695
0.035927
0.035775
-0.076232
0.009960
0.004927
-0.061007
-0.017514
-0.185711
0.143387
-0.024271
-0.053632
-0.041447
0.021216
-0.069762
-0.258469
0.070570
-0.152938
0.006323
0.321556
-0.253867
-0.183777
-0.119375
0.061916
-0.062168
0.019785
0.050814
0.026965
0.264826
-0.178739
0.020000
0.074626
0.149315
0.081093
0.145763
0.003061
0.136799
-0.039363
-0.298052
0.029524
0.076433
-0.073015
0.205855
0.052514
-0.078299
-0.101155
-0.074019
0.041760
-0.041232
-0.126163
-0.036565
-0.096445
0.081081
0.167296
-0.127607
0.124055
0.007834
-0.228939
-0.124091
-0.194970
0.115398
-0.000749
-0.079657
-0.178011
0.048347
0.100019
0.080662
0.141699
0.055580
-0.325438
-0.257873
-0.145243
0.296491
-0.021096
0.069115
-0.054777
0.099359
-0.150195
-0.142056
0.033391
0.174558
-0.003995
-0.205878
-0.044270
-0.036512
0.018717
0.173539
-0.144106
-0.004090
0.034034
-0.048120
0.002135
0.006649
0.163563
-0.029937
0.254767
0.059444
-0.164992
-0.049193
-0.071328
0.318055
0.151410
-0.252227
0.007996
-0.088987
0.092195
0.204625
-0.050513
-0.012771
-0.098724
-0.142855
0.059323
0.061638
-0.217088
-0.084638
0.079212
0.111683
0.182970
-0.020622
0.010956
-0.048938
-0.075421
0.001636
-0.004280
-0.129972
0.237945
0.067099
-0.011441
-0.176843
-0.226778
-0.005420
0.021615
0.101464
0.021972
-0.221574
-0.100899
-0.164153
0.061565
-0.027718
0.023571
-0.094019
0.113782
0.175960
-0.158378
0.159222
-0.011170
0.080385
0.267029
0.100205
0.131557
-0.000131
0.106273
0.016830
-0.218152
0.066008
0.039165
-0.144653
0.218977
-0.038211
-0.288446
0.081073
-0.256885
-0.037066
-0.033484
0.014402
-0.062462
0.024894
0.026074
0.288071
-0.017443
-0.054485
0.234704
-0.205784
0.173445
0.000823
-0.061922
0.037170
-0.163566
0.171973
-0.152940
0.111989
-0.070358
-0.017955
-0.080773
-0.103309
-0.128979
-0.150768
0.186015
0.164658
0.106547
0.049637
-0.045378
-0.032197
-0.006080
0.047054
-0.055561
0.062549
0.031068
0.070556
-0.000843
0.161937
0.282171
0.226057
0.027575
0.126560
0.156723
-0.411752
0.142120
0.210245
-0.037447
0.103818
0.209690
-0.007142
0.292632
0.008606
-0.007964
-0.049914
0.270646
0.022999
0.179908
0.137384
0.226749
-0.097350
0.006396
-0.019332
-0.020019
-0.167816
-0.172933
0.058026
0.017085
0.041779
-0.132537
-0.038222
-0.016265
0.242951
-0.115653
0.082412
-0.068078
0.078698
-0.093322
0.051193
-0.115990
0.214533
-0.078578
-0.082074
0.064541
0.119229
0.122691
-0.068660
0.162481
-0.040333
-0.022688
0.130809
-0.077824
0.129936
-0.122047
0.008332
0.171807
-0.087006
0.054288
-0.170818
-0.019164
0.102237
-0.110493
0.148110
-0.103647
-0.080462
0.343566
0.034019
-0.045295
-0.234175
-0.021282
0.086698
-0.058962
0.101981
-0.037819
-0.005723
-0.048282
0.007846
0.144967
0.274319
0.032068
0.040159
-0.134935
-0.016436
0.111858
0.070259
-0.087129
-0.144634
-0.129629
0.032861
0.006734
0.088692
0.005304
-0.227264
-0.004691
-0.038393
-0.046659
0.114782
-0.021535
0.067426
-0.109130
-0.133502
0.122667
0.041895
0.112749
-0.089453
-0.056261
-0.009042
0.061994
0.141826
0.042063
-0.047108
-0.053549
0.063750
-0.063784
0.149047
0.055513
-0.011277
-0.186278
-0.127001
0.070119
-0.062054
0.083721
-0.016276
-0.016453
0.120540
-0.158692
-0.025117
-0.009002
-0.104262
-0.025598
-0.121939
0.153251
-0.175829
0.021227
0.014109
0.303865
-0.110318
0.085430
0.278232
0.010435
0.034119
0.072457
0.019410
-0.046735
-0.055712
0.181707
-0.021978
-0.173079
0.059265
-0.207190
0.082523
0.027321
-0.025076
0.307559
0.145893
0.020969
-0.114720
-0.090846
0.169794
0.082579
-0.037886
-0.125837
0.278181
0.251153
-0.041866
0.015355
0.026200
-0.400952
-0.154511
0.082872
-0.037642
0.003958
0.175974
-0.155470
0.196079
0.171674
0.093635
0.271230
-0.117560
0.049816
0.176794
0.029044
-0.211161
-0.000420
0.094385
-0.126949
-0.200751
0.037201
-0.121914
0.092516
0.057267
0.282066
0.015772
-0.157455
0.011580
-0.018725
0.146355
0.115229
0.109110
0.110819
0.361566
-0.132033
0.258892
0.027657
-0.226757
-0.360433
-0.044155
-0.127106
0.098225
-0.090669
0.125313
-0.008535
0.098973
-0.062189
-0.040749
0.012590
0.289612
-0.104314
0.164847
0.064472
0.003907
0.107825
0.187566
-0.139567
-0.013197
-0.156386
0.141048
-0.214415
-0.102896
-0.076278
-0.051371
-0.055595
0.102621
-0.256910
0.177247
-0.052512
-0.044928
-0.214583
-0.089219
-0.227152
0.055656
0.262208
-0.088241
0.010774
0.121685
-0.025711
-0.197696
0.093183
-0.099616
0.261671
0.028090
-0.166140
-0.073537
-0.058055
-0.118742
-0.052444
-0.186317
0.125057
0.020047
-0.023716
-0.112312
0.016219
-0.243280
-0.004979
-0.110323
-0.120512
-0.026852
-0.243513
-0.077870
0.059714
-0.122903
-0.194792
0.110021
-0.088250
0.021389
-0.174286
0.037334
0.103716
0.052020
0.180208
0.045596
-0.029738
-0.149941
0.058246
0.127258
0.043473
0.080086
-0.080367
-0.049373
0.157762
0.031071
-0.052490
0.025805
-0.064726
0.065519
0.031667
-0.230803
-0.016663
0.120833
0.109769
-0.175249
-0.119185
-0.006835
-0.126175
-0.151960
0.133638
0.076005
-0.029190
-0.032703
0.181610
-0.110856
0.112320
0.012814
-0.052064
0.060693
0.178618
-0.179149
-0.061449
-0.182809
0.027165
0.140595
0.116089
-0.096604
0.061854
0.147046
0.011079
-0.109438
0.112110
-0.093986
-0.073006
-0.100030
0.002441
0.011230
0.082511
0.210193
0.200637
0.271115
0.014476
0.025961
0.049265
0.108818
0.057986
-0.121265
0.145099
0.066284
0.017583
0.153420
-0.042584
-0.089629
0.162078
-0.088173
0.007260
-0.167749
0.028536
0.174510
-0.032077
-0.015449
-0.195335
-0.162792
0.119135
0.043661
-0.359275
-0.116369
-0.108734
0.140657
0.026881
-0.154760
-0.355589
0.098052
0.056425
-0.057712
-0.041432
-0.069540
-0.101162
0.006838
-0.136518
0.004672
-0.008273
0.021736
0.142831
0.046913
0.072372
0.282423
0.094627
-0.040838
-0.172234
0.057315
0.165955
0.118378
0.143745
-0.074073
-0.072763
0.168234
-0.118703
0.327613
0.116087
-0.018347
-0.021368
0.068053
0.012692
-0.121808
-0.018886
-0.201182
-0.066134
-0.031443
0.032821
-0.035056
-0.050142
0.002874
-0.011735
-0.020544
0.087198
-0.172359
-0.036728
0.112864
0.002202
-0.088200
0.015479
0.022322
-0.067939
-0.038131
0.101891
0.154816
-0.008021
-0.140444
-0.061622
-0.041801
-0.163278
-0.093220
-0.036286
-0.036463
0.090576
-0.036693
0.060659
-0.143307
-0.013136
0.169016
0.148726
0.039831
-0.045695
-0.142378
0.170782
0.228824
-0.187346
-0.256048
-0.037234
0.078215
0.185695
0.277096
0.270922
-0.052423
-0.072739
-0.025286
-0.051182
0.168268
0.001788
-0.109881
-0.110150
0.122716
-0.043623
0.114540
-0.100008
-0.045761
0.114055
-0.220473
0.193170
-0.076066
-0.053145
-0.076295
-0.179602
-0.051427
-0.010993
-0.086271
-0.157681
-0.263023
0.038185
-0.131577
0.009968
-0.076401
0.027571
0.137159
0.045733
0.146484
-0.037560
0.124179
-0.192306
-0.006614
-0.100237
-0.077743
0.127300
0.043738
0.007301
0.072789
0.332208
0.029106
-0.005306
-0.010587
-0.024214
0.029234
0.010846
0.020927
0.088537
0.267262
-0.049501
-0.118033
0.282555
0.013378
0.118530
0.132202
-0.023814
-0.006347
0.145891
-0.125751
-0.006580
0.040095
-0.059224
-0.106017
-0.211972
0.052200
-0.076699
-0.039696
0.068857
-0.261070
0.099794
0.070675
-0.025763
-0.015406
0.000388
0.078955
0.046408
0.177947
-0.019218
0.012711
-0.005420
0.104781
-0.042353
0.176386
0.164019
0.008881
-0.012338
0.070647
0.039759
0.320791
0.030746
0.028001
-0.149456
0.050940
-0.032218
0.128538
-0.063128
0.002389
0.007093
-0.040901
0.077479
-0.068564
0.190102
0.008792
-0.055911
0.042387
-0.128248
-0.103100
0.015353
-0.003144
0.024196
-0.011614
0.089624
0.154938
0.127601
0.212216
-0.044452
0.121361
0.165127
0.104239
-0.244857
-0.114513
-0.068150
0.061524
-0.046018
-0.011579
0.230569
-0.071246
-0.180755
-0.137339
0.132861
-0.066223
-0.221093
0.088883
-0.033625
-0.154577
-0.123329
-0.044938
0.010823
-0.040124
-0.204732
-0.048103
0.027263
-0.109380
0.132046
0.119867
0.056118
0.251274
-0.021660
0.203944
0.157025
0.058920
0.180648
0.225026
-0.147940
-0.095741
-0.263327
-0.072619
-0.010765
0.065080
0.152540
0.046929
0.039076
0.209471
0.062894
-0.057920
-0.150502
-0.132998
-0.036916
-0.266219
0.148083
0.282452
-0.176089
-0.149549
-0.018917
0.079087
0.172143
-0.048860
0.143297
0.069858
-0.006740
0.032852
-0.164035
0.115647
-0.033172
0.061358
0.166404
0.078262
-0.215267
0.101930
-0.006454
0.229036
-0.122912
-0.043333
-0.032873
0.049699
-0.084652
0.005755
0.004448
0.039562
-0.015690
0.092429
-0.140945
-0.136347
-0.116058
-0.260295
-0.075761
-0.066772
-0.072425
-0.007835
-0.003593
-0.269605
-0.119897
-0.030563
-0.025120
-0.062415
-0.274925
0.162825
-0.050762
0.158477
-0.246870
0.207865
0.223848
-0.029672
-0.045514
-0.141955
-0.051488
0.045066
-0.253069
-0.142321
0.152000
0.017374
0.042348
0.075122
0.166615
-0.012606
0.089149
-0.038854
-0.071107
-0.079889
-0.061307
-0.024015
-0.073286
0.059357
-0.178152
-0.111668
-0.072864
-0.291910
0.170119
0.097924
-0.023281
0.248152
0.214958
0.085732
-0.135822
0.048481
0.030394
0.101343
0.285088
-0.110050
-0.037458
0.082725
-0.029857
-0.047644
0.002294
0.235771
-0.013208
0.085628
-0.025418
-0.071841
0.027102
-0.214036
0.139925
0.173562
-0.037193
-0.000095
-0.187971
0.017372
0.177608
-0.170068
-0.032440
-0.010684
-0.166362
-0.036787
0.039265
0.008727
0.019523
-0.021357
-0.114243
-0.134581
0.164367
0.001681
-0.112660
-0.224115
-0.060321
0.196389
0.136403
0.055648
0.142473
-0.028680
-0.230504
0.107557
-0.322387
0.106068
-0.181332
0.143380
0.106051
-0.096902
-0.071813
0.154371
-0.075381
0.101434
0.203468
0.144358
-0.124249
-0.004457
-0.042865
0.109726
-0.152444
0.011191
0.107652
-0.085376
-0.022878
0.127017
-0.192478
0.066781
0.122552
0.143575
-0.063403
-0.053606
-0.060617
0.008605
-0.037481
-0.132524
-0.084769
-0.016483
0.073913
-0.253226
0.158621
-0.375515
0.087384
-0.023286
-0.141777
-0.055481
-0.130428
0.005442
-0.072707
0.019891
0.103713
-0.126880
-0.044212
0.041756
-0.142394
0.084371
-0.124460
-0.194092
-0.121015
-0.204618
-0.103639
0.005035
-0.030266
-0.151803
-0.096394
-0.118835
-0.139783
0.004626
0.156354
-0.223486
0.006067
0.079835
-0.055356
-0.104443
-0.125450
-0.076296
-0.085135
0.268046
0.118582
0.045261
-0.211370
0.015085
0.061616
-0.035166
0.009790
-0.215626
-0.034889
-0.078575
0.098026
-0.117573
-0.154020
0.062179
-0.092361
-0.144533
-0.005634
-0.020297
0.197572
0.039463
-0.115387
-0.040483
-0.157716
-0.037688
0.148802
-0.056125
0.080542
0.029907
-0.019562
0.058134
0.044975
0.178463
-0.197344
0.249648
0.221914
0.133693
0.082728
-0.028061
0.101870
0.166579
0.089453
-0.039791
0.164113
0.186439
-0.182022
-0.049962
-0.080087
-0.013842
-0.101836
0.065553
0.028860
0.117852
-0.037641
-0.200123
0.017515
-0.025540
0.177977
-0.159022
-0.234472
0.034309
-0.081645
0.050302
0.133092
-0.081615
-0.028758
-0.107466
-0.108522
-0.079734
0.126093
-0.117120
0.208692
0.114337
0.179818
-0.092368
-0.051582
-0.059412
0.140775
-0.049872
0.175749
0.156101
0.027962
0.141337
-0.125561
-0.035532
-0.035019
-0.127286
-0.101840
0.006581
-0.347899
0.107056
-0.000265
-0.181004
-0.143319
0.081140
0.138660
0.085338
0.052696
-0.175582
0.117255
-0.123862
0.027796
0.266255
0.032352
-0.001232
-0.034242
0.181996
0.128946
0.014239
0.077862
-0.059392
-0.056230
-0.054119
0.088375
-0.166832
-0.046122
-0.365575
-0.163025
-0.115014
-0.232792
0.053354
-0.120915
-0.198550
0.105075
0.191675
-0.193875
-0.159954
-0.153636
0.158080
0.044737
-0.008969
-0.148075
-0.121056
0.013596
-0.150845
-0.116580
0.210827
-0.058868
-0.160886
0.048534
-0.104347
-0.116742
0.071159
-0.078983
0.003604
0.366950
0.348260
-0.011176
0.124572
-0.114627
-0.091596
0.059755
-0.100372
-0.039341
0.048271
0.073470
0.220434
-0.065211
0.082327
-0.163103
0.065617
-0.159252
0.097063
0.037604
0.144921
0.092676
-0.352382
0.049742
-0.122683
-0.341297
0.041988
-0.027614
0.005275
-0.229595
0.228837
-0.438849
-0.018221
-0.118068
-0.059344
0.128325
0.043330
0.257517
0.221575
0.090523
-0.127808
0.040419
-0.070826
0.000736
0.189756
-0.280829
-0.210641
0.022739
0.063106
0.128430
-0.031629
0.064738
-0.006945
-0.127567
-0.274357
0.303559
0.092122
-0.096660
-0.140434
0.202979
-0.063951
-0.058274
0.157917
0.151227
-0.130595
-0.064336
-0.046865
0.041942
-0.144619
0.073322
0.008263
-0.152003
-0.149137
-0.063905
-0.094800
0.061313
-0.055075
0.095786
0.112049
0.071723
-0.205776
0.087404
-0.082192
0.087181
-0.016717
0.071642
0.015340
0.072843
-0.211829
0.000625
-0.036070
0.035777
0.009503
-0.053793
-0.037553
-0.017111
0.169092
-0.042559
0.072307
-0.061794
0.057419
0.014887
0.022897
0.099168
-0.030248
-0.021298
0.060747
-0.032182
0.034594
-0.086919
-0.027086
0.120670
-0.059335
0.131762
0.021042
-0.128754
-0.148503
-0.007394
-0.076460
-0.026687
0.184148
0.181464
0.174901
-0.008210
-0.191616
0.035413
-0.064291
-0.074189
0.147205
0.355172
0.071537
0.057312
0.222945
0.174617
0.137266
-0.002866
0.006275
0.116166
0.155103
0.041383
-0.132266
-0.229146
0.030110
-0.112505
0.015474
0.121182
0.206964
-0.040945
-0.027805
0.061731
0.075223
0.065547
-0.107324
0.005201
-0.036191
0.131393
0.215986
-0.160558
-0.177872
0.115207
-0.079630
-0.053185
0.188340
-0.178001
-0.135490
0.002528
-0.167464
-0.138784
0.075274
0.028108
0.389886
-0.176680
-0.055819
0.108950
-0.068243
0.031272
0.055468
0.025989
-0.088100
0.112288
-0.017111
-0.014767
-0.161272
-0.008326
0.121320
0.054347
0.287120
-0.110603
0.051439
0.190651
0.016993
-0.185366
0.154541
0.021323
0.161771
0.021461
0.074932
-0.034411
0.225433
0.031334
-0.012793
-0.002142
0.016072
0.159614
-0.201045
0.308005
-0.047222
-0.137540
-0.141436
-0.041426
0.034844
0.069463
-0.078956
0.070463
-0.083825
0.162586
-0.061870
-0.220967
-0.104442
0.059791
-0.059585
-0.087460
-0.328502
0.186540
0.200612
-0.021895
-0.130372
0.128646
-0.089836
-0.166491
0.100389
0.160404
0.063514
-0.018176
0.091667
0.150363
-0.159949
0.007845
0.001209
-0.034103
-0.134270
-0.215454
-0.197839
0.123851
-0.125999
0.174830
0.039936
-0.046229
-0.162708
-0.181948
-0.019784
-0.045989
0.023484
-0.201240
-0.154443
0.176600
-0.243616
-0.005542
0.106472
-0.096895
-0.022670
-0.026589
0.050986
0.020592
0.152654
-0.150899
-0.103250
0.018527
-0.047965
-0.002627
-0.095556
0.076109
-0.116662
0.170886
-0.073017
-0.053867
0.007093
-0.077009
0.326502
0.197248
-0.192070
0.207797
-0.119124
0.159050
0.049925
-0.028807
0.241848
-0.093043
0.048456
0.205556
0.041716
-0.133247
0.255703
-0.182866
-0.034549
0.061623
-0.089189
-0.001117
-0.010757
-0.066977
0.007485
0.176147
-0.070159
-0.099294
0.117601
-0.262178
0.083199
0.026866
-0.105834
0.091416
-0.028601
-0.139713
-0.144516
0.048778
0.183208
-0.014995
-0.049319
-0.203426
0.274193
0.082425
0.104060
-0.217779
0.044356
0.169487
0.032018
-0.185758
-0.060055
0.008203
0.040068
0.097056
-0.203345
-0.080918
0.000481
0.297569
-0.092544
0.073773
-0.195208
0.038003
-0.121780
-0.033703
0.091679
-0.117642
-0.161461
0.125750
-0.013903
0.081325
-0.021275
0.031295
-0.197539
0.006364
0.044439
-0.132218
-0.078441
-0.179090
0.184552
0.096161
0.107029
-0.032317
0.018122
0.003278
0.008130
-0.134052
0.015776
-0.089581
0.014481
0.068609
0.368694
0.018359
-0.193739
-0.152131
0.091764
0.169237
0.199675
-0.052952
0.128237
0.081591
0.109851
-0.110047
-0.171278
0.030936
-0.160335
-0.088682
-0.117573
0.040663
0.065425
0.026523
-0.037909
-0.050520
-0.090314
-0.087872
0.053810
0.044453
-0.038857
-0.025330
0.079521
-0.088192
-0.222597
-0.094055
0.043835
0.056735
-0.021741
0.114093
0.027035
0.155059
0.045508
0.159328
0.017341
0.052892
0.057222
0.116794
0.014962
-0.077242
-0.134583
-0.109499
0.010973
-0.182932
-0.094929
-0.030063
0.175770
-0.050110
0.009822
-0.220013
0.071621
0.097108
0.043531
-0.022041
-0.093104
0.252157
0.127766
-0.052194
0.107377
-0.052297
-0.055559
-0.175228
-0.007288
0.029573
0.046096
-0.057399
0.056264
-0.234991
0.125374
0.010253
0.013702
-0.079629
0.088391
-0.153238
0.006721
-0.228880
-0.080225
-0.074578
0.103541
-0.322718
0.020143
-0.160063
-0.008551
0.050784
-0.070380
0.040071
0.046009
-0.135648
0.295764
-0.045210
0.024346
-0.072106
0.040861
0.031168
-0.051985
-0.029269
0.019101
-0.032395
0.183771
-0.400102
-0.195594
-0.122656
0.059863
0.081944
0.214822
0.090288
0.166428
-0.091740
-0.122331
-0.242596
-0.004969
-0.074884
-0.292579
-0.032585
0.095594
0.026415
0.121538
0.204643
-0.090415
0.137786
0.036727
-0.000234
0.147674
0.070314
-0.151007
-0.260894
0.051673
0.185565
-0.133790
0.221030
0.038996
-0.160446
0.257125
0.006438
0.120916
0.218620
0.090460
-0.222278
-0.008974
0.230170
0.084977
-0.161939
0.032955
0.041142
0.244846
-0.259034
0.008283
-0.002347
-0.112981
-0.091010
0.126867
-0.012041
-0.064972
-0.045586
-0.416466
0.179848
-0.012562
0.230602
0.179080
0.258132
-0.072745
-0.075112
0.147786
0.171240
-0.058478
0.208066
-0.039340
-0.119296
-0.154038
-0.074339
0.044433
0.071021
-0.051497
-0.235810
0.132764
0.178768
-0.084130
-0.293546
-0.137250
-0.062146
0.103752
0.180370
-0.072183
-0.073120
0.144384
-0.025786
-0.023869
0.169538
0.131807
-0.105895
0.157780
0.237010
-0.144617
-0.063615
-0.018810
-0.023151
-0.085727
0.047652
-0.042565
0.109909
0.157240
-0.111809
-0.035460
0.048126
0.158603
-0.035973
0.034172
0.091494
-0.013222
-0.078875
0.038430
0.283364
-0.075724
0.017014
0.121192
-0.147217
-0.127533
0.086962
-0.109233
0.036639
-0.220221
0.185194
0.009175
-0.127939
0.004401
-0.011960
-0.032207
0.198845
0.089798
-0.057880
0.062784
-0.017604
0.231391
-0.145541
-0.253980
0.114176
-0.074238
-0.212729
-0.117428
-0.085805
0.003120
-0.125049
0.079206
0.056594
0.005413
0.125370
-0.130450
0.055685
-0.064568
-0.008663
-0.068015
-0.066200
0.021153
0.075267
-0.075376
-0.162548
0.227535
0.140545
-0.020567
0.052237
0.199398
-0.191724
0.013638
-0.034485
0.008683
-0.036912
0.095211
0.167448
0.114213
0.093918
0.169287
0.176804
-0.086719
-0.006208
0.102388
0.027003
-0.008705
-0.073540
0.074867
0.002862
0.026691
-0.152473
0.183110
-0.044146
0.034670
0.027899
-0.077351
-0.084801
0.075782
-0.110696
0.180092
-0.209037
-0.130328
-0.031757
-0.129763
0.134491
-0.005788
0.076526
0.159814
0.005529
-0.096696
-0.193563
0.186384
0.110090
-0.097902
-0.077039
-0.032937
-0.113278
-0.036756
-0.079597
-0.109370
-0.148594
-0.346655
0.062338
-0.017669
0.113230
-0.027959
0.051979
-0.082750
-0.103916
-0.000990
-0.065206
0.176073
0.068586
0.094368
0.008487
-0.011887
0.148859
-0.107928
0.230241
-0.028587
0.306468
-0.015549
-0.012003
0.089283
0.086313
0.032339
0.238354
0.018814
-0.175891
-0.059315
0.008972
0.086074
-0.021633
-0.101689
-0.040881
-0.049628
-0.050082
-0.118172
0.400537
0.108692
-0.069487
-0.040786
0.048141
0.059484
0.113028
0.205588
-0.170630
0.075205
-0.067838
-0.115803
0.141099
-0.023709
-0.068468
0.211815
-0.064194
-0.072996
0.051953
0.115940
-0.043815
0.258985
0.022589
0.082602
0.268137
-0.028272
0.083582
-0.142229
0.111092
-0.053401
0.219136
-0.097189
-0.194655
0.075604
-0.134254
-0.152585
-0.046349
-0.147957
0.090154
0.165984
0.039890
-0.146458
-0.124491
-0.101891
0.221446
-0.057083
-0.009430
0.163126
-0.084944
-0.039024
-0.031627
0.316919
0.138072
0.028927
-0.027201
-0.009859
0.032787
-0.005892
0.008631
-0.259183
0.023124
0.062541
0.019791
0.046595
0.043005
-0.030753
-0.109144
0.207889
0.061136
0.021106
0.274864
-0.261462
-0.108053
0.027916
-0.331375
0.208688
-0.050473
-0.065655
0.100663
0.033943
0.152893
-0.091862
0.124286
-0.027635
0.007369
0.054017
-0.017070
-0.106099
-0.104097
-0.068410
0.129061
-0.055670
0.045380
0.044607
-0.114352
-0.088358
-0.115819
0.059906
-0.020832
-0.345358
0.007158
0.163198
0.065985
0.030607
0.079308
0.185294
-0.053918
0.194797
0.113997
0.019709
-0.008479
-0.027774
0.024690
-0.027435
0.151268
0.163244
-0.050994
-0.093334
-0.123661
-0.055192
-0.215697
-0.029094
-0.143842
0.250000
-0.231410
-0.159486
0.043995
-0.118552
0.180289
0.013673
-0.093544
-0.237830
-0.091370
-0.160012
-0.016247
0.058537
0.182869
0.114941
0.038702
0.011460
0.158097
-0.048607
0.195726
-0.118322
-0.064001
0.113384
0.128768
0.009740
-0.018049
-0.032132
-0.104998
-0.078068
-0.080776
0.018552
0.072884
0.176018
0.091963
-0.005523
0.024047
-0.056359
0.008708
0.023230
0.164439
-0.038121
-0.022689
-0.097885
-0.142476
-0.434942
-0.017368
-0.060866
0.097830
0.061389
-0.019770
0.035539
0.253985
-0.231463
-0.079917
-0.150278
0.065328
-0.205341
-0.113145
0.055731
-0.055068
0.064118
0.169765
-0.099484
0.107968
-0.067484
-0.228036
0.141067
-0.020127
-0.096340
0.038899
-0.112450
0.018325
-0.267805
0.193601
0.022779
-0.139090
-0.040105
0.047347
-0.083905
-0.045001
0.069150
0.099480
-0.040472
0.029978
0.017764
-0.057919
0.096080
0.246240
0.047211
0.121779
-0.098026
-0.087455
0.206052
0.018167
0.057309
0.062495
0.028027
-0.107233
-0.126950
-0.123776
-0.148212
-0.163490
-0.047467
0.326458
-0.166883
0.156428
-0.004506
0.219309
0.087399
0.117055
0.041122
-0.039846
-0.079231
0.008558
0.050659
0.112462
-0.033327
-0.127619
-0.091638
-0.054363
0.066298
0.080669
0.042504
0.170737
0.036609
-0.081856
0.058626
-0.063093
0.215831
0.058713
-0.145163
0.204791
0.095980
-0.185854
-0.097113
0.000814
-0.201560
-0.020268
0.006679
0.024030
-0.017699
0.201673
0.162929
0.107567
0.012848
-0.091237
0.129490
0.115160
-0.322621
0.255938
0.169169
0.257547
0.097210
-0.035806
-0.019289
0.119401
0.026184
0.269655
0.183046
0.036972
0.222711
0.039439
0.008660
-0.163432
-0.100373
-0.127052
0.112819
0.193931
-0.005507
-0.008104
-0.052352
0.086551
-0.172674
-0.124988
0.105032
0.143103
0.165327
-0.029843
0.156735
-0.115915
-0.002339
0.085823
0.078893
-0.038769
0.146099
-0.072427
0.026578
-0.060382
-0.205260
-0.127666
-0.002480
-0.133168
-0.034128
-0.021886
0.094699
0.038367
0.000988
-0.032072
0.092367
-0.078467
0.107149
-0.088399
0.050068
0.011234
0.090878
0.010379
-0.101599
-0.005076
0.053759
0.146972
-0.061146
-0.043716
-0.272669
-0.093035
0.088702
-0.052916
-0.036053
0.057316
-0.009782
-0.129949
-0.020645
0.197983
0.376281
-0.041940
0.108152
-0.019969
-0.166852
-0.006065
0.217097
0.207013
0.003530
-0.115894
0.239839
0.055117
-0.067416
-0.232754
-0.090099
-0.181344
-0.154863
0.089193
0.129613
0.159679
-0.106061
-0.196759
0.066768
-0.005356
0.101893
-0.029667
-0.017641
0.015003
0.031017
-0.386758
0.111140
-0.124224
-0.007044
-0.070760
0.133193
-0.194218
-0.064049
0.114704
0.002603
0.072840
0.102707
-0.073701
0.086049
0.072865
-0.171435
-0.112192
-0.057665
0.147296
-0.177381
0.241577
0.143154
-0.054825
0.098659
-0.052402
0.128019
-0.056241
-0.272240
0.069420
-0.052579
-0.073399
-0.063523
-0.156109
-0.079023
0.029483
0.097865
0.100042
0.139001
-0.020756
0.153710
0.168883
0.172521
-0.003219
-0.122237
-0.112336
-0.159488
-0.106579
0.078277
0.008414
0.025655
-0.199848
0.062183
-0.054762
-0.075147
0.119431
-0.099067
0.070900
0.022402
0.181250
-0.165841
0.193449
0.055155
0.005704
0.217883
0.037096
0.123828
-0.032619
0.009637
0.109830
0.168600
-0.116745
-0.182389
-0.042711
0.077272
0.081265
-0.035489
0.107509
-0.088088
0.196030
-0.015688
0.048489
0.036306
-0.264866
0.010096
-0.123144
-0.061420
-0.089384
0.196745
0.206175
-0.296275
-0.106126
-0.035770
0.229464
-0.170818
0.240301
0.008629
-0.162281
-0.022076
-0.012643
0.040169
0.212785
0.065022
0.053148
0.378922
-0.085464
-0.092496
0.013417
-0.228054
-0.233976
-0.093962
0.047108
0.169745
0.065767
0.245434
-0.219889
0.011193
-0.071917
0.387225
-0.170558
-0.119220
0.238096
-0.096902
-0.306914
-0.198208
-0.102045
0.193135
0.030535
-0.025222
-0.102515
0.002289
0.207183
-0.139590
-0.282514
-0.021202
0.059076
-0.163692
0.439920
-0.208795
0.135971
0.002448
-0.001757
0.246491
0.228645
-0.032026
-0.033252
0.036847
0.205003
0.130385
0.114594
0.144291
0.109463
0.133980
0.043011
0.032129
-0.007003
0.278537
-0.155145
0.169006
-0.075336
0.031947
-0.076704
0.048928
-0.093992
-0.219597
-0.099081
-0.266348
0.349345
0.099037
-0.048924
0.269443
-0.259241
-0.130720
0.172109
0.148687
-0.184690
-0.060403
0.086326
-0.188025
-0.035479
0.147211
-0.035740
0.057575
0.034091
0.157684
-0.069817
0.143894
0.068999
0.152463
-0.017124
-0.213720
-0.338309
0.082161
0.048530
-0.148704
-0.134324
-0.122873
-0.228844
-0.176946
-0.148500
0.026862
0.155619
0.175954
0.095486
-0.089249
0.047418
-0.081286
-0.011958
-0.222462
-0.132599
0.148342
0.008407
0.121373
-0.047984
-0.041782
0.007838
-0.030324
-0.068475
-0.005372
-0.068708
-0.078390
-0.030147
0.018008
-0.054646
-0.026979
0.213605
-0.116812
-0.060746
0.094933
-0.229750
0.115692
0.049593
-0.078081
-0.219063
-0.179977
-0.201652
-0.171183
0.072400
0.120404
-0.103662
-0.187301
-0.095104
-0.104692
-0.042679
-0.003737
0.079680
-0.124170
0.269264
0.024067
0.056251
0.013295
-0.018724
0.092653
0.101483
-0.200826
0.042902
0.067075
-0.092635
-0.107874
0.285270
0.183018
-0.104101
-0.171736
0.017985
0.124859
-0.255492
0.068741
0.071573
0.097903
0.086164
0.354458
0.055038
0.027404
-0.235000
0.138115
-0.005583
-0.060620
0.198151
0.077640
0.087949
-0.038254
0.117812
0.039674
-0.368936
-0.093522
-0.108675
0.075817
-0.042916
0.182588
-0.002378
0.028918
-0.082085
0.151145
-0.111131
-0.004161
-0.006644
0.207937
0.019792
0.072317
-0.094237
-0.138564
0.106809
0.105373
-0.063669
-0.190223
0.046495
-0.096028
0.068523
-0.050056
0.038862
-0.110728
0.014184
-0.061562
0.277189
0.055129
0.064464
0.180185
0.112500
0.131854
0.012501
-0.135486
0.034140
0.141045
-0.151343
0.021452
-0.023952
0.141015
0.012603
0.141238
-0.015991
0.003068
0.189552
-0.140269
0.140602
-0.005700
0.058258
0.280371
-0.058328
-0.132093
0.110312
-0.029748
0.027125
-0.245946
-0.061884
-0.128651
-0.028284
-0.025255
0.064155
-0.023939
0.236438
0.273930
-0.137786
-0.286600
0.004176
0.079784
-0.006308
-0.036255
-0.122904
-0.051152
-0.082979
0.160819
0.068604
-0.110337
0.083234
0.005205
0.129505
0.006143
-0.166322
0.075237
0.075689
0.184703
0.088696
-0.047383
-0.102847
0.036601
0.031808
0.044540
0.002042
-0.081494
0.008549
-0.018616
-0.111745
0.073643
0.044870
0.052510
-0.098326
0.055666
0.031143
-0.090351
-0.017491
0.242769
0.012380
-0.013778
0.062184
-0.212154
-0.065547
0.268844
-0.259981
0.024393
-0.198011
0.045867
-0.027192
0.224165
0.034858
0.040932
-0.097839
-0.151013
0.061581
0.334261
0.058386
-0.034336
-0.016971
-0.173096
-0.044628
-0.026899
0.224102
0.199338
0.030529
0.119959
0.036590
0.176113
0.141451
-0.088358
0.136250
0.025176
-0.050776
0.084302
0.077916
-0.069048
-0.204389
0.084966
0.171915
0.188489
-0.259590
-0.227713
-0.140837
0.051484
0.131593
0.143532
0.025372
0.296217
0.061426
-0.170195
0.126437
0.102943
-0.117672
0.069844
-0.067849
-0.063531
0.019963
0.141464
0.276266
0.019398
0.046957
-0.168714
-0.062672
0.128285
0.192181
0.212177
0.123727
-0.020263
0.189276
-0.080700
-0.070429
-0.106056
0.080845
0.043518
-0.097807
0.129069
0.085424
0.048152
0.293793
0.076917
-0.157623
0.216266
0.073902
-0.001948
-0.105529
-0.076187
0.001774
0.188428
-0.008284
0.123738
-0.035336
0.014033
0.027021
-0.058510
0.220652
0.029675
-0.053724
0.249422
-0.176706
0.106319
0.030682
0.205637
0.000501
-0.106557
0.027174
-0.101611
0.118715
-0.033575
-0.109466
0.151372
-0.115120
0.078140
-0.071736
-0.108637
-0.219950
-0.092867
-0.048636
0.124307
-0.094682
0.052201
-0.049751
0.014354
-0.043132
0.003525
0.290664
0.090378
-0.093665
-0.060289
0.104162
0.025162
0.094307
-0.058269
-0.087203
0.328148
-0.114413
0.263981
-0.070904
0.112837
-0.043875
-0.121564
-0.090144
0.215728
0.083064
0.187881
0.023264
0.155042
-0.012947
-0.000673
0.084920
0.134285
0.009212
-0.004483
0.101511
0.137142
-0.069619
-0.113103
0.125621
-0.135949
0.226586
-0.039007
-0.120468
0.003768
-0.096983
-0.008625
-0.102606
0.146987
-0.070202
0.258078
-0.131086
0.174695
0.085641
0.074617
-0.221791
-0.064917
-0.178532
0.039946
-0.185770
-0.052336
0.079910
0.187276
-0.159815
-0.069527
-0.208658
0.357026
-0.198026
-0.093975
0.222910
0.210398
0.069039
-0.079143
-0.002816
-0.063283
0.424717
0.004694
-0.152066
0.054399
0.149630
-0.043031
-0.078450
0.131032
-0.056377
0.035296
0.049013
0.135892
-0.158239
-0.153008
0.039283
0.096739
0.197691
0.161098
-0.152288
-0.117267
-0.211081
0.106570
-0.062007
-0.068983
-0.048800
0.039557
-0.163087
0.042053
-0.100814
-0.025321
0.056056
-0.219711
0.002204
0.094464
0.077388
-0.013423
-0.113142
0.077333
-0.164382
0.166763
-0.034047
-0.122232
-0.170356
-0.003205
0.164421
0.291167
-0.067053
-0.182396
0.006136
-0.128678
-0.129090
0.138418
-0.118129
0.186015
-0.090000
0.259637
-0.215582
0.056235
-0.014082
-0.288251
0.035473
0.197660
-0.010582
0.063794
0.026155
0.048881
-0.108500
0.169271
-0.017579
-0.061003
0.079209
-0.114740
-0.127489
0.053102
0.118316
0.164665
0.039506
0.037384
0.088942
-0.110111
0.095846
0.064508
-0.054357
-0.084993
-0.188452
-0.043340
0.065734
0.056041
-0.153028
-0.173282
0.206366
0.009639
0.008804
0.013005
-0.073667
-0.123585
-0.115967
-0.064081
-0.083820
-0.243561
0.128639
-0.081398
0.180067
-0.110980
-0.245047
0.111325
0.045224
-0.068026
0.096131
-0.199906
0.174793
0.022896
-0.158098
-0.262870
-0.222431
-0.230665
0.142579
-0.002889
0.107933
0.047152
-0.185658
0.172316
-0.185785
0.073790
0.040555
-0.079240
-0.020757
0.213593
0.028626
-0.125012
0.064766
0.205008
0.192831
-0.076850
0.173022
-0.073206
0.122691
0.031500
-0.049392
0.211031
0.065307
-0.071942
0.166308
0.032463
-0.158604
-0.065750
0.231528
0.000880
0.102254
0.035296
0.195072
-0.072326
0.110246
0.013321
0.096987
0.326503
0.294387
-0.116564
-0.063933
-0.064609
0.021548
0.028296
-0.088377
-0.140047
0.295826
0.111632
0.153690
-0.227415
-0.090245
0.189510
-0.137589
0.148568
0.122193
0.002516
-0.012106
0.148448
0.148015
-0.252708
0.108472
0.102969
-0.063315
-0.222877
0.140041
0.148731
-0.096419
-0.010564
0.013909
-0.093213
0.110236
0.082836
0.147008
-0.018673
-0.126311
-0.063548
0.070012
-0.038941
-0.083476
0.195152
-0.048079
0.240565
-0.092792
0.129845
-0.010021
-0.124319
0.169890
0.129151
0.123022
-0.037737
-0.077487
-0.184772
0.149666
0.039978
-0.124440
-0.080048
0.051301
-0.054205
0.054290
-0.159181
0.121611
-0.003945
0.046580
0.041681
0.200746
0.082457
-0.065650
0.225821
-0.005245
-0.049586
0.150315
-0.261329
0.132715
0.050608
0.171919
-0.075373
0.095652
-0.017890
0.081281
-0.028545
-0.171157
-0.055670
-0.200603
0.027133
0.011618
0.100362
0.057409
-0.203610
-0.168303
-0.088072
-0.249437
-0.018216
-0.153697
-0.042348
-0.127790
-0.026681
-0.073600
-0.210080
-0.068719
0.089880
0.087944
-0.008308
-0.002998
0.146820
0.010702
0.090332
-0.080147
-0.089409
-0.040053
-0.272875
-0.050920
-0.159914
0.004051
0.104824
0.053781
0.030305
0.131300
0.073991
-0.052933
0.105684
0.064463
-0.034818
0.127944
0.034849
-0.032585
0.055281
0.116381
0.234894
0.086553
0.105809
-0.105331
-0.024306
0.049541
0.030661
0.000573
0.069757
-0.102794
-0.081157
0.051428
-0.072453
-0.273226
-0.002006
-0.076890
-0.095777
-0.048075
-0.176793
0.110306
-0.191643
-0.159190
0.162347
0.054362
0.064504
-0.013829
0.136292
-0.250273
0.198442
0.008193
-0.063661
-0.076508
-0.022963
-0.010278
0.187219
0.162244
0.101974
-0.058773
-0.007667
0.041908
-0.218636
0.067689
0.097496
-0.160947
-0.185453
0.010772
-0.048101
0.098096
0.212307
-0.102719
0.078090
-0.175562
-0.069307
0.054289
0.048265
0.091659
0.023463
-0.290251
0.223310
-0.163717
0.033708
-0.016499
0.065849
-0.133018
-0.167569
-0.131357
0.136740
0.013658
0.096261
0.163279
-0.027588
0.005821
0.131795
0.102796
0.127348
-0.289891
0.150506
0.048144
0.161877
0.057304
-0.183530
-0.203111
-0.355571
-0.283155
-0.101817
-0.205412
-0.022455
-0.050211
0.051689
-0.047695
0.012672
0.169255
-0.048140
-0.048904
-0.033557
-0.030828
-0.088800
-0.032960
-0.127911
0.142438
-0.001034
0.084164
-0.055242
0.076568
0.137752
-0.031308
-0.247490
-0.092923
0.149143
-0.148838
0.138785
0.207070
0.005080
-0.121104
-0.122862
-0.279811
0.103737
-0.191046
-0.152267
0.176110
-0.082968
0.042943
-0.011175
0.070688
0.123863
-0.124513
0.161234
0.074285
-0.096519
-0.036459
-0.053463
-0.113028
-0.003982
-0.006446
-0.201515
0.066186
-0.136275
0.051814
-0.097105
0.050226
-0.135247
0.026857
0.129352
-0.045130
-0.083723
-0.093051
-0.138893
0.004299
-0.079317
-0.082914
-0.107246
-0.050412
-0.011768
-0.156716
0.147978
0.142600
0.212644
-0.031705
0.076791
-0.083409
-0.006183
0.068012
0.079008
-0.065166
0.091108
-0.060544
-0.054863
0.025352
-0.047079
-0.153081
-0.066910
0.105587
0.142674
0.229322
-0.070579
-0.089828
0.072094
0.082647
-0.170516
-0.081317
-0.005960
0.002415
0.114281
0.000587
-0.117089
-0.165856
0.152941
-0.012232
0.055754
-0.057166
-0.180859
-0.016238
-0.066470
0.038938
0.074848
-0.172652
0.010637
-0.131001
0.224583
0.016935
-0.039298
0.030109
0.039996
-0.109971
0.022541
-0.156806
-0.012901
-0.043395
-0.054234
-0.030589
0.145355
-0.079621
0.146598
-0.032399
0.119629
0.016325
0.042374
-0.087659
-0.258648
0.182582
0.171807
-0.160741
-0.031399
0.073319
0.119885
0.112977
-0.043684
-0.104490
-0.103202
0.059989
0.097400
0.318299
0.202980
-0.000314
0.032121
0.043704
-0.004604
-0.044624
0.003219
0.018275
0.069985
0.095889
0.416917
0.035276
-0.118136
-0.022698
0.187566
-0.013218
-0.056308
-0.167681
-0.130936
-0.000477
-0.121912
-0.210720
-0.012039
-0.179621
-0.124745
0.113883
-0.160888
-0.085652
-0.131566
-0.020486
0.047710
0.070342
-0.092061
-0.153891
0.192220
0.187807
0.129465
-0.227431
0.054836
0.092798
-0.028926
0.060049
-0.115286
-0.025085
0.105246
0.041435
-0.108814
0.022979
0.173115
0.071431
0.037143
-0.300418
0.211681
-0.108155
-0.082385
0.315733
0.102976
-0.146172
-0.199070
0.221715
0.054519
-0.078188
0.012905
0.121240
0.067272
-0.128026
0.072419
0.154526
-0.109233
0.008012
0.069095
-0.015455
0.171390
-0.127851
0.067413
0.192881
0.098078
-0.337863
0.261854
0.088894
-0.151175
0.054622
-0.112828
-0.146195
0.157989
-0.016544
0.233036
-0.024818
-0.000108
-0.013380
0.023920
0.123005
-0.005839
0.015814
0.116841
0.093704
-0.042879
0.143990
-0.116603
0.038452
0.023575
-0.124529
-0.157814
-0.028207
-0.035506
0.297867
0.051864
0.169242
0.011709
-0.225206
-0.106801
-0.142512
0.073581
0.225026
-0.186582
0.253472
-0.099489
-0.278766
0.019335
-0.186807
-0.186695
0.277149
-0.083948
0.073359
-0.057519
0.106134
-0.085832
0.148683
-0.017923
-0.148980
-0.173135
0.209684
-0.040971
-0.096359
-0.037291
0.032081
0.018381
0.176185
-0.074339
0.018710
-0.051934
-0.010135
-0.086238
-0.041882
-0.154328
0.228036
-0.045735
-0.040472
-0.023840
0.124520
-0.089400
0.056326
-0.114815
0.088397
0.033893
0.128513
-0.031274
0.176414
0.075924
0.148657
-0.086462
0.108128
0.006898
0.117702
0.058253
-0.136864
0.080341
-0.047395
-0.160151
-0.020982
0.431371
0.144836
0.274612
0.079676
-0.192310
-0.152001
-0.052931
0.181022
0.007134
-0.269909
-0.249280
0.022125
0.072900
0.098859
0.210152
-0.350009
0.260408
0.018953
0.011536
-0.040227
0.051855
-0.018089
0.094825
0.174544
-0.056491
0.265040
0.225919
-0.114800
0.072817
0.038939
-0.088123
-0.264646
0.047477
-0.017556
0.093669
0.170927
0.346077
0.012443
0.020332
0.003681
-0.067021
0.177136
-0.001101
-0.060356
-0.234073
-0.024172
0.080779
0.029409
-0.069201
-0.202990
0.123943
-0.180922
-0.055496
-0.075282
0.072215
0.196233
0.080810
0.068341
-0.105655
-0.198861
0.093112
0.054787
0.344183
0.118524
0.042789
-0.071779
0.147766
0.096855
0.261973
-0.233112
0.025230
-0.019750
0.121399
0.124195
0.096169
0.103487
-0.065823
0.130007
-0.185476
0.072832
-0.030947
-0.145362
0.055155
-0.086521
-0.131653
-0.016128
0.002537
0.047970
-0.054190
0.016109
-0.076097
-0.041465
0.018823
-0.143945
-0.047629
0.036198
0.184970
0.101606
-0.110114
-0.101600
-0.103745
0.173390
-0.080534
-0.236478
-0.157686
-0.149111
-0.158537
0.157120
0.136561
-0.017673
-0.155814
0.139095
-0.003461
0.017847
0.265608
-0.000012
-0.012997
0.054183
0.090340
0.066914
0.003106
0.047901
-0.133659
-0.180199
0.151187
0.120481
0.158884
0.082249
-0.144544
0.063323
-0.154337
-0.183439
-0.102524
0.045211
0.339463
0.063411
-0.080888
0.022210
0.186675
-0.158762
-0.003677
0.173033
-0.121441
0.019845
-0.040792
0.055704
0.113242
-0.161635
-0.193795
0.229593
-0.246123
0.006581
0.204434
0.232758
-0.173791
0.150578
-0.133114
0.088931
-0.109428
0.196349
0.144451
0.089747
-0.043897
-0.158988
0.016399
0.130862
-0.138043
-0.146129
0.111048
-0.135178
-0.169703
0.056355
0.141004
0.173445
-0.144235
-0.015610
0.038501
0.012422
0.091583
0.192677
0.044149
0.095083
-0.010822
-0.075406
-0.109717
-0.043996
0.000408
-0.033959
-0.011403
0.105402
0.072962
-0.096491
0.025609
0.018913
-0.123649
0.003522
-0.157811
0.020773
0.178027
-0.147918
0.077166
0.047541
-0.000414
0.013232
-0.334041
0.214490
0.087043
-0.068818
-0.068728
0.001574
-0.088768
0.066932
-0.070968
-0.005607
-0.011789
0.069383
-0.207038
-0.034546
-0.007258
-0.090587
-0.224295
0.043805
0.139519
-0.142730
-0.163369
0.132688
0.091782
-0.003114
0.053207
0.089800
0.048217
0.147648
0.012066
-0.107249
0.010989
-0.177198
0.032127
-0.150020
-0.162534
0.345067
-0.054188
0.137087
-0.103685
0.320342
-0.125090
-0.096231
0.053728
-0.064113
0.147378
0.062182
0.076986
0.071761
0.035357
-0.145111
0.034531
-0.107541
0.019779
-0.150261
-0.092389
0.006661
0.045553
-0.100655
-0.018100
0.322602
0.039791
-0.132731
0.042097
0.009643
0.156829
-0.248097
-0.008038
0.023074
-0.320556
-0.091989
0.169888
-0.006978
-0.063314
-0.008398
-0.014408
-0.092668
0.117918
0.182177
-0.177415
-0.171274
-0.099293
-0.105754
-0.209784
-0.216166
-0.086373
-0.070787
0.238973
0.014604
0.037998
0.216648
0.136921
-0.156643
-0.009681
0.085476
0.057462
-0.180716
0.052088
0.138512
-0.119360
0.322753
-0.062650
0.220538
0.208911
-0.010960
0.145587
-0.024207
-0.083886
-0.098686
0.181545
-0.305886
0.015791
-0.043704
-0.263475
0.174141
0.080687
0.080030
0.202556
-0.128509
-0.271999
0.090806
-0.029986
-0.038070
0.124493
0.029713
-0.259254
0.145894
0.131624
-0.131292
0.090478
0.249317
0.189829
-0.108387
0.206977
0.024875
0.261726
0.165848
0.108304
0.189351
-0.055733
0.017166
0.075961
-0.303013
0.266833
0.039229
0.064663
-0.188580
0.163086
0.141827
0.073722
0.002973
-0.086283
-0.275744
-0.006062
0.202368
0.075328
0.152117
0.006527
0.133537
-0.133268
-0.036557
0.025112
-0.007243
0.097247
-0.094726
-0.010351
0.094015
0.435041
-0.036948
-0.013184
0.078935
0.114397
0.089262
-0.109365
0.084769
0.004534
-0.098774
0.117471
0.036022
-0.028079
0.100430
0.173133
-0.037398
0.060394
0.096990
0.010382
0.208007
0.217353
0.099445
-0.009610
0.061965
0.185827
0.240241
0.157191
-0.036219
-0.049216
0.087226
-0.047373
0.137608
-0.142340
-0.072747
0.117084
-0.153006
-0.129335
-0.212226
-0.082482
0.094357
-0.029883
0.000261
-0.129021
0.045948
-0.003363
0.182764
-0.116693
0.284544
-0.156121
0.127989
-0.093971
-0.084643
0.132852
0.108598
-0.192097
0.135010
0.060782
0.025362
-0.078344
-0.102354
0.019320
-0.061612
0.126108
0.149688
0.197722
0.096555
-0.099937
-0.131011
-0.127646
0.044949
-0.044470
-0.021747
0.374611
-0.013373
0.113801
-0.131189
0.107975
-0.023087
-0.121870
0.175488
0.055058
0.129334
0.107009
-0.109807
0.268575
0.004580
-0.179927
-0.042952
0.059335
-0.107666
0.110153
-0.009731
-0.210134
-0.001834
0.054062
0.036618
0.172305
0.125010
-0.017808
0.186268
-0.034524
-0.231799
-0.066245
0.065386
0.082372
-0.312305
-0.057947
0.190878
-0.038726
-0.131428
-0.055025
0.242398
-0.072475
-0.052867
-0.247711
0.050738
-0.025749
0.127193
-0.216967
0.148999
0.547900
-0.024247
-0.061805
0.055545
-0.041647
0.386620
-0.102163
-0.025565
0.053480
0.102255
0.107670
0.052191
0.061568
-0.042419
0.079825
-0.073585
-0.097047
0.053842
-0.066601
-0.047188
0.081735
-0.181885
0.032194
-0.171168
-0.174572
-0.028195
0.077137
-0.062906
-0.125882
-0.051689
0.245075
-0.064529
-0.026736
0.010587
0.082541
0.110393
-0.004064
-0.246446
0.056884
-0.087373
0.027576
-0.026669
-0.032690
-0.374668
0.082454
0.132469
-0.059984
0.189133
-0.011478
0.000155
0.030125
-0.152071
0.088130
-0.140119
0.024325
-0.114987
0.051984
-0.024922
-0.023617
-0.045504
0.263903
0.079591
-0.036262
0.099918
-0.063059
-0.161500
-0.024531
-0.167304
-0.097847
-0.147247
0.203866
-0.213046
0.271908
0.046685
-0.009504
0.000023
-0.165743
0.055676
-0.023067
-0.108292
0.056942
0.110779
0.123174
0.001209
-0.034685
0.239595
0.141405
0.049628
0.081342
0.057424
-0.054370
-0.070470
-0.087246
0.087891
-0.220974
-0.009452
-0.023990
-0.112403
0.051917
-0.267780
0.079463
-0.067399
0.071415
-0.016053
-0.098871
-0.066650
-0.282165
0.073099
0.038447
-0.019269
0.161901
0.110390
0.191122
-0.176945
-0.040796
-0.190944
0.079854
0.124672
0.092261
-0.104310
-0.107396
0.241955
-0.119137
-0.141867
0.011366
-0.110126
0.138419
0.166899
0.071580
0.131644
0.117825
0.189455
-0.151153
-0.094331
-0.033068
0.015141
0.005624
-0.062373
-0.005348
0.031215
-0.011421
0.099800
-0.172853
0.127307
0.197578
0.067389
-0.081302
0.097535
-0.211199
-0.261296
-0.197588
-0.036597
-0.025695
-0.281756
-0.179583
-0.002839
-0.261443
0.026011
-0.031103
-0.048164
-0.095787
-0.092788
-0.068510
0.034816
-0.173394
-0.008815
0.029031
-0.009705
-0.123284
-0.230173
0.135604
-0.040145
-0.078676
0.196075
0.185958
0.122945
0.066737
0.150756
0.279112
0.116053
0.028828
-0.062261
-0.031175
0.094238
-0.217560
0.166688
-0.117016
0.009196
-0.005259
0.069894
-0.014498
-0.318169
0.163282
0.002389
0.024812
0.079538
0.063044
-0.047344
-0.036091
0.346637
0.000052
0.095709
0.011174
0.104574
0.159679
-0.184604
0.035414
-0.218251
-0.004759
0.242945
0.127886
-0.323465
-0.032676
-0.059910
0.014149
-0.079250
-0.148389
-0.073503
0.180674
0.057197
-0.008067
-0.145192
0.174061
0.088119
0.157575
-0.002993
0.024951
0.121621
-0.189209
-0.105870
0.057096
0.081714
-0.026928
0.424704
-0.320116
-0.148656
-0.075887
0.020372
0.051396
0.055680
-0.062129
0.021420
-0.012735
-0.041172
-0.076459
-0.034338
0.175348
0.096803
-0.158163
-0.047462
0.062675
0.139925
0.036046
-0.075551
0.177299
0.080620
0.021116
0.229757
-0.076251
-0.116854
-0.034217
-0.153664
-0.221779
0.166195
0.258942
0.026970
-0.043060
-0.121103
-0.040644
-0.203727
-0.108143
-0.200634
-0.383563
-0.093516
-0.151134
0.128424
-0.175832
-0.148882
0.089622
-0.110366
-0.185885
0.142214
-0.027518
-0.059182
0.083747
0.088138
-0.020760
0.052989
0.040567
0.084203
0.161615
0.015052
0.026209
0.022351
-0.007619
0.034409
0.114151
-0.073375
0.226685
-0.064307
0.070196
-0.017633
-0.135727
-0.046781
-0.006318
0.002844
0.071500
-0.162020
0.076789
0.012033
-0.142223
-0.094453
-0.146291
-0.029301
-0.038096
-0.118361
-0.140100
-0.195103
-0.008353
-0.091813
0.038374
-0.008637
0.182795
0.046629
0.037651
-0.180946
0.082887
-0.068171
0.183566
-0.141977
-0.030990
0.061016
-0.247776
0.086027
-0.108244
-0.109513
-0.065819
0.020469
-0.105266
-0.043067
-0.000679
0.180168
0.276489
-0.049831
0.052061
0.102202
0.092144
0.236539
0.112372
-0.173946
-0.149331
-0.152625
0.004667
0.044610
-0.025052
0.248492
-0.023721
0.039441
-0.026775
-0.005138
-0.158728
0.159249
-0.117093
-0.117577
-0.033121
-0.048343
-0.162526
0.031314
-0.184654
0.094998
-0.044517
0.089088
-0.002888
0.113750
0.134263
-0.045187
-0.101283
0.103245
0.072406
-0.143900
-0.069891
-0.071422
0.087123
-0.091547
-0.069640
0.080144
0.024643
0.008147
0.184967
0.028284
0.115798
0.019255
-0.058493
0.027170
-0.064516
-0.102201
-0.034341
-0.054043
0.164281
-0.041259
0.002507
-0.041669
0.095101
-0.044660
-0.105468
0.115377
0.177717
0.016302
0.155013
0.075823
-0.033992
-0.236701
0.203408
-0.036933
-0.137684
0.005534
-0.080521
0.042213
-0.062301
-0.062970
0.004052
0.113429
0.057704
-0.084748
-0.009567
-0.007208
0.037821
0.083837
-0.161549
-0.189230
-0.015105
0.082700
0.045538
0.136293
-0.008158
-0.102574
0.019406
-0.047060
-0.010579
0.050672
0.081725
0.031937
0.144774
0.100924
0.133762
-0.071718
0.009132
-0.161360
0.211565
0.039883
0.204045
0.089986
-0.148787
0.321108
0.289369
-0.012264
-0.096427
-0.073856
0.127746
0.162554
0.071547
-0.119847
-0.009387
-0.193078
-0.052179
0.212683
-0.212121
0.006883
-0.013259
0.110812
0.000045
-0.044858
-0.128229
0.144821
-0.036394
-0.213650
0.081281
-0.141988
0.020240
0.136517
-0.093327
0.153807
-0.087389
0.004942
-0.055646
0.060848
0.014052
-0.040153
0.093937
-0.071939
0.011545
0.070231
0.248056
0.275259
0.143138
-0.052798
-0.002699
-0.020274
0.036067
-0.195264
0.208123
-0.259999
0.183545
0.131780
0.105234
0.075989
0.366481
0.097554
0.277555
0.066130
0.004513
0.037639
0.068346
0.045167
-0.169743
-0.006264
-0.123566
-0.055794
0.275569
0.154840
0.201934
0.110108
-0.158388
0.147954
0.094119
-0.050059
0.057879
-0.117467
-0.030163
0.090836
0.047930
-0.151568
0.013467
-0.032193
-0.073895
-0.055356
-0.167422
-0.196088
0.156660
-0.049951
0.146217
0.016415
0.117819
0.023107
-0.164216
0.226981
0.018274
0.266947
-0.042201
-0.018105
-0.025059
0.011889
-0.242164
0.062999
0.017920
0.013154
0.063596
-0.130824
-0.071900
0.001365
0.055937
-0.072570
0.018688
0.037020
0.108551
-0.018075
-0.152697
0.055499
-0.329714
-0.112573
0.069156
0.002366
-0.178425
0.096536
-0.042480
0.259402
0.113576
-0.033392
0.147339
-0.264292
-0.043755
-0.050157
-0.004928
-0.105376
-0.054270
-0.086056
-0.082769
0.314036
0.033502
-0.154584
0.151363
-0.097854
0.121505
-0.099971
-0.040143
0.110512
-0.017018
0.117440
0.075300
0.031367
0.068537
0.205487
-0.107098
-0.059312
0.094864
0.194647
-0.185302
-0.054233
-0.358042
0.122618
0.075934
0.018159
-0.009319
-0.034959
0.051005
0.130004
-0.043167
0.005191
0.096423
-0.064471
-0.149037
-0.032156
0.014467
0.064329
0.084928
-0.241507
0.083610
0.286838
0.101726
-0.076829
-0.056246
0.005199
0.227054
0.021561
0.204908
-0.169320
0.066147
0.114701
0.156971
0.115157
-0.153515
-0.039895
-0.087783
0.121160
-0.135476
-0.176105
-0.104679
-0.022335
0.107098
-0.243283
-0.090333
-0.065514
-0.056190
0.095245
-0.037563
-0.073921
-0.309706
-0.157199
-0.008402
0.218889
0.009726
-0.006134
-0.108861
0.099375
0.115348
-0.103591
0.050775
0.155993
0.030969
-0.010734
-0.154735
-0.109696
0.297898
0.375291
0.368726
-0.191490
0.130472
0.034064
0.061344
0.214150
0.105023
-0.200632
-0.169266
-0.176623
0.050079
0.363584
-0.232609
-0.007993
0.098550
0.000154
0.138407
-0.057631
0.145139
0.125685
0.045036
0.115828
-0.050624
-0.172671
0.003107
-0.044551
0.030836
0.044636
0.151659
-0.082977
-0.180693
0.022373
0.234194
-0.285245
0.131162
0.334505
-0.019602
0.023325
0.153002
0.131072
-0.200281
-0.074760
-0.104776
-0.009283
-0.036705
-0.071966
0.158867
0.081138
-0.028034
-0.009612
0.274511
0.176822
0.035544
0.163715
-0.164653
-0.130787
0.161154
-0.119035
-0.039193
-0.071546
-0.064808
-0.126985
0.392313
0.149329
0.033511
0.157143
-0.030232
0.066969
0.195667
-0.006927
0.153767
0.133481
-0.044044
0.043931
0.005352
0.028920
0.052758
-0.082124
0.115659
0.063969
0.104635
-0.181574
-0.077333
0.252911
0.014153
0.097257
0.010971
-0.052293
0.177433
0.169106
0.078089
0.038429
-0.175785
0.274929
-0.171420
0.005281
0.142775
0.125876
-0.032243
-0.060905
-0.172272
0.201270
-0.047313
-0.068009
-0.007789
-0.038248
0.050963
-0.146164
0.355033
0.105348
0.143408
0.037925
-0.242842
0.095325
0.033222
-0.230066
-0.082858
-0.022152
0.129577
0.094201
0.105721
-0.041083
-0.146614
0.098796
0.036464
0.114834
-0.100482
0.091489
-0.193291
0.321688
-0.064133
0.133223
-0.175460
0.006147
0.159748
-0.034470
0.319562
-0.000102
-0.121420
-0.033282
0.003284
0.075186
-0.028436
-0.070620
-0.026662
0.186299
-0.133233
0.145997
-0.155244
-0.107045
-0.129252
-0.079436
0.181749
-0.039741
0.081425
0.148358
0.008458
-0.172851
-0.060716
0.000709
-0.015273
0.226891
0.189740
0.098243
-0.159670
0.171697
-0.147628
-0.119326
0.073721
-0.054592
-0.062553
0.117617
-0.248116
-0.085299
-0.105794
-0.054355
-0.120330
0.159879
-0.151433
0.075406
-0.033968
0.233221
-0.005134
0.046064
-0.052416
-0.115344
-0.013881
0.083719
0.016323
-0.117364
0.017708
0.189479
0.135877
0.153698
-0.003511
0.089856
-0.179031
-0.035907
0.053350
0.191947
-0.103527
-0.111225
-0.083297
-0.171093
-0.023043
0.111901
-0.205804
-0.039962
-0.119690
0.082036
0.190164
-0.146489
-0.075606
0.132587
-0.048470
-0.086749
-0.060715
0.052310
0.150903
-0.031485
0.125281
0.027866
-0.106463
0.016418
-0.190096
-0.079925
0.018046
0.068997
0.001378
-0.228570
0.029770
-0.097231
0.043307
0.031941
-0.167771
0.232682
-0.210434
-0.182710
0.087366
-0.190226
-0.000625
-0.105212
0.009233
0.062335
-0.110085
0.000665
-0.029540
0.048265
0.028312
-0.220378
0.179887
-0.117130
-0.051021
0.036829
0.109934
0.213010
0.017493
-0.123520
0.134784
0.207613
0.107827
-0.112069
0.272098
-0.040587
-0.161068
-0.233246
-0.043698
0.065395
0.031063
0.009378
0.037918
0.159748
-0.056835
-0.036414
-0.093556
0.148997
0.048013
-0.060987
-0.517146
-0.017530
-0.012554
0.130154
-0.025862
0.002025
-0.136847
0.287441
-0.085626
-0.047170
-0.182930
-0.090531
-0.132987
0.134384
0.041578
0.028195
0.115962
0.108139
-0.023940
-0.174112
0.064063
-0.033913
-0.063823
0.267473
-0.052505
0.052700
-0.037417
0.065535
0.349058
-0.145141
0.091025
-0.076664
-0.028921
0.150031
0.052024
0.086960
0.215057
0.180091
0.036950
-0.208609
0.137576
-0.117734
-0.017224
-0.093817
0.004489
0.018233
-0.095727
0.032162
0.024727
-0.014789
0.103944
-0.266370
-0.072042
-0.096305
-0.260712
0.002807
0.031189
0.082059
-0.045841
0.032981
0.217173
-0.060404
0.085194
-0.251432
-0.069778
0.054869
0.060934
-0.209792
-0.114635
-0.154540
0.124971
-0.011051
-0.192116
-0.047901
0.081448
-0.076603
-0.099102
-0.034574
-0.153550
0.015989
-0.030538
-0.111249
0.129524
-0.029634
0.031123
-0.007327
0.121785
0.241170
-0.229467
-0.029820
0.124042
0.050830
0.093928
-0.061389
-0.082691
-0.041931
0.199831
-0.185870
0.105829
-0.090679
-0.140447
-0.051605
-0.102750
-0.312902
0.116284
0.121009
0.099855
0.096423
0.033866
-0.043630
0.010224
-0.042889
0.014918
-0.174149
-0.010434
0.202808
0.083600
0.006232
-0.018642
0.064598
-0.304756
-0.001080
0.003182
-0.024393
-0.126780
-0.099319
-0.314125
0.058226
-0.027759
0.079167
-0.036430
-0.085709
-0.040649
0.139458
-0.093632
0.178878
-0.193356
0.016926
0.091890
-0.056908
-0.113174
-0.192492
0.101997
0.074366
0.211896
-0.093411
-0.096787
-0.174557
0.217802
0.086973
0.080666
0.064502
0.142849
-0.137116
-0.187640
-0.190606
0.120453
0.111040
0.301671
-0.017004
0.049786
0.137392
-0.032244
-0.019162
-0.125713
-0.097173
-0.128388
-0.007851
0.041315
0.021876
-0.076455
0.263200
0.045469
0.084995
0.027311
0.051772
0.091440
0.053782
-0.033845
0.023438
0.184858
-0.214618
-0.198042
-0.022877
-0.228914
0.278371
0.075574
-0.031564
-0.061818
-0.151553
0.089076
0.058013
-0.005267
0.037990
-0.030948
-0.218250
0.008748
0.094007
-0.176397
0.078853
0.084915
-0.142170
0.150156
0.259969
-0.053992
-0.011923
-0.095101
-0.093931
0.003616
-0.094720
-0.211496
0.019062
0.051881
0.032949
0.087729
-0.034260
-0.051365
0.082871
0.047755
0.170914
-0.003417
-0.117996
-0.183125
-0.096289
-0.112289
0.007305
0.005626
-0.053247
0.024469
0.013928
-0.134377
0.081286
0.158295
-0.087685
0.030441
0.023610
-0.162678
-0.096891
-0.003806
-0.037533
0.082527
-0.119082
0.553826
0.142337
0.047949
0.014519
-0.197267
0.052314
0.138901
0.004577
-0.010496
-0.098472
-0.035507
-0.130210
0.076884
-0.017791
0.085020
0.036971
0.061413
0.077512
-0.051498
0.233143
-0.175227
-0.010890
-0.126383
0.041521
-0.142755
-0.043039
0.160532
0.019945
0.108127
0.176718
0.168329
-0.117256
0.040398
0.013346
0.140318
0.075301
-0.239794
-0.046803
0.039776
-0.112722
-0.037823
0.048197
-0.215122
-0.003169
-0.028136
-0.101503
-0.020847
-0.042894
-0.040344
-0.016709
-0.155991
0.005740
-0.164714
0.055238
0.044368
0.126116
-0.003901
0.053278
0.008753
0.016511
0.125863
-0.004463
0.077147
0.182757
-0.140001
-0.013743
-0.019200
0.002668
-0.163229
-0.015134
-0.071516
0.037435
-0.120396
0.013603
-0.207381
0.073286
-0.182418
-0.003388
-0.278829
-0.256947
0.062654
0.191719
-0.132843
0.086386
-0.000647
-0.166648
-0.149448
0.084907
-0.122844
0.032023
-0.069359
0.101066
0.071993
0.104638
-0.036137
0.214046
0.089333
-0.013773
0.052049
0.106605
0.053781
0.040322
0.235563
-0.110206
0.001985
0.253769
0.090452
0.110020
0.398948
-0.116247
0.175890
0.058697
-0.176863
-0.082632
-0.036153
-0.044588
-0.019275
0.105863
-0.147646
-0.110803
0.098815
-0.015623
0.103486
0.127389
-0.084289
-0.186156
0.117302
-0.059803
0.070903
0.084802
-0.140049
0.117830
0.050140
0.011089
-0.109944
-0.157620
-0.041709
-0.121775
-0.071233
-0.087310
-0.263601
-0.018208
-0.256202
-0.111162
-0.078109
0.045779
-0.107185
-0.033222
-0.143842
-0.310761
0.091070
0.229940
-0.061699
-0.098403
-0.059136
0.247055
0.023949
0.094628
0.115588
0.050541
-0.125036
0.070689
-0.008542
0.342929
-0.170919
-0.002670
0.438122
-0.002656
0.078398
-0.007876
0.221632
0.109442
-0.183733
-0.017393
-0.199095
-0.030114
-0.031678
0.082375
-0.210470
0.176515
0.029901
0.148723
0.120115
-0.108917
0.235499
0.183330
0.130606
0.207918
-0.001788
0.149333
-0.076898
-0.055087
0.087423
-0.063245
0.110408
-0.199804
0.038319
-0.101130
0.059262
0.111723
0.068936
0.177412
0.190801
0.019003
0.102438
0.114143
-0.189086
0.082724
-0.009984
0.075470
0.177056
0.245260
0.079266
-0.129850
0.015261
-0.100410
-0.180047
0.139445
0.002529
-0.122654
0.138925
0.058137
-0.051110
0.070517
-0.189464
0.046131
0.047219
-0.103048
0.062031
0.143060
0.051511
0.087923
0.175892
0.042807
0.239973
0.157380
0.067382
-0.010483
-0.140378
0.125951
-0.127039
0.110655
-0.062862
0.064542
0.147475
-0.119322
0.119543
-0.119090
-0.122104
0.061656
-0.137744
0.236939
0.009682
-0.030914
0.181523
0.136542
0.130530
0.182745
-0.070240
-0.108529
0.129400
-0.164522
-0.096931
-0.036806
0.137452
0.090875
0.123650
-0.374767
-0.070081
-0.008392
-0.151642
-0.096918
-0.044596
0.031876
-0.149342
0.313615
0.200052
-0.094301
-0.132855
-0.276466
-0.226824
0.120427
0.012689
0.203288
0.000398
0.053048
-0.166846
-0.212724
0.085483
0.046416
0.082110
0.127024
0.100381
0.004013
0.041045
0.046221
-0.118665
-0.071689
-0.070177
-0.094528
-0.149750
0.307830
-0.060279
-0.068504
0.087235
-0.216251
0.138405
0.325735
-0.169158
0.188161
0.176080
-0.084274
-0.149351
0.005486
0.063824
0.201513
0.241247
-0.032815
0.013582
0.071523
-0.152246
0.108947
0.121476
-0.253723
-0.192981
-0.091107
-0.014697
-0.285962
0.065141
0.183071
-0.006246
0.126036
-0.069115
0.061060
-0.159957
-0.049268
-0.089818
0.106164
-0.128303
-0.008331
0.048022
-0.267383
-0.097677
0.013499
0.036592
0.169365
-0.184914
-0.022208
0.223075
-0.032874
-0.095072
0.203787
-0.032930
-0.132217
-0.108841
-0.180397
0.065416
0.002754
-0.109306
-0.029427
0.126213
0.033582
0.004998
0.045645
-0.078326
-0.214847
-0.005595
0.032251
0.251511
-0.170334
0.171975
0.029699
-0.082854
-0.116106
-0.244640
0.299376
0.005622
0.212932
0.090352
-0.056015
-0.039952
0.036464
0.186924
-0.105740
-0.136068
-0.067651
-0.032991
0.093000
-0.076539
0.051035
0.253880
-0.160869
0.283220
-0.145101
-0.018022
-0.136954
-0.024799
-0.071741
0.049447
-0.113408
-0.265738
0.225283
0.051483
0.098142
-0.016316
0.005172
-0.019038
0.145614
0.024324
-0.017129
0.053780
-0.181740
-0.029717
-0.043789
-0.216666
0.162865
-0.174776
-0.030325
-0.073929
0.077822
-0.176358
-0.044112
0.028479
-0.080821
-0.088184
-0.243721
-0.074818
-0.143926
-0.195705
-0.102355
-0.131601
0.091141
0.012380
-0.148184
-0.154405
-0.018989
0.021986
0.080612
-0.089854
-0.229811
0.043736
0.027335
0.135786
-0.348327
0.017135
0.023583
0.208000
-0.008387
-0.103487
-0.144297
-0.092625
-0.146977
0.132826
-0.168833
-0.083145
-0.064914
-0.031803
-0.087455
0.071893
-0.079406
0.301043
-0.045481
0.105334
-0.355928
-0.020113
-0.264173
0.037155
0.057808
0.258128
-0.095297
0.102308
-0.130104
0.083127
-0.086442
-0.008084
0.160209
0.082193
0.253446
0.249837
0.054851
-0.123468
0.179524
0.063696
0.001690
-0.385590
0.030148
0.115951
-0.140429
-0.116095
-0.098052
0.028683
-0.044650
0.119043
-0.044528
0.028929
0.153942
0.177852
0.151217
-0.306121
0.151114
0.282634
0.065816
0.108185
0.077244
-0.135377
-0.156456
-0.096540
-0.047049
-0.102922
0.113347
-0.082283
-0.080744
-0.074289
-0.131845
0.129143
0.009723
-0.252553
-0.191223
0.060211
-0.046603
-0.114084
-0.055745
-0.071665
0.061894
0.103023
0.128561
-0.139931
-0.146022
0.079122
-0.049079
0.076352
0.216904
0.177149
0.046387
-0.078204
-0.175489
0.259889
0.113349
0.066096
0.175905
-0.211970
-0.254489
-0.241447
0.124330
-0.131684
0.117082
-0.026003
-0.048597
-0.029483
-0.239298
-0.043367
0.042997
-0.071004
-0.036719
0.176705
0.239673
0.203092
-0.129122
-0.049204
0.049984
-0.018405
-0.053713
0.068849
-0.086257
0.090248
-0.064244
0.037187
-0.054383
0.017628
-0.031429
0.033239
-0.031791
0.013994
-0.048693
-0.032039
-0.018309
-0.041036
-0.006593
0.294600
-0.111584
-0.041742
0.061470
-0.104396
-0.059980
-0.013549
0.019893
0.041219
0.020179
-0.114949
-0.009178
-0.294535
0.077079
-0.130719
0.006198
-0.087216
0.455455
-0.227720
0.096206
0.177298
0.144607
-0.041924
-0.111285
-0.136831
-0.192171
-0.097408
0.005828
-0.009606
0.097116
0.044384
-0.055404
-0.007601
0.143441
-0.153447
0.164400
0.055806
0.003221
-0.161708
0.004986
0.191949
0.006448
-0.246590
0.000973
-0.101884
0.163244
0.032913
-0.082307
-0.051511
0.092108
0.122707
0.022024
-0.109192
-0.264231
0.275896
0.159467
-0.160496
-0.278169
-0.037441
-0.101858
0.161679
0.140176
-0.053998
-0.016969
-0.098170
-0.132050
-0.007929
-0.069361
-0.140788
-0.057492
-0.031176
-0.089372
-0.115767
0.040483
0.187074
0.036381
0.034637
0.080219
0.098066
0.092794
-0.116793
0.054847
-0.093855
-0.081607
-0.005430
0.119533
-0.124449
-0.099181
-0.095022
0.078895
0.036666
-0.025248
-0.104496
-0.215732
-0.049268
-0.028054
-0.146824
-0.060072
-0.009184
-0.105073
0.079073
-0.087240
-0.050770
-0.135118
0.084584
0.053987
-0.081591
-0.256693
0.038898
-0.056756
0.088919
0.087122
0.091536
0.030165
0.053865
-0.037693
-0.094384
-0.177457
0.320234
0.278370
0.071759
0.007995
0.058406
-0.020743
-0.077068
0.194103
0.057874
-0.145903
-0.138752
0.169074
-0.094235
0.200922
0.070781
0.044240
0.097222
0.129043
0.098676
-0.056700
-0.192951
-0.024484
0.060610
0.152262
-0.097186
-0.163477
-0.025280
-0.146489
-0.000128
-0.071327
0.117611
-0.096014
-0.044701
-0.255996
0.107567
0.142347
0.002215
0.072883
0.081858
0.238512
-0.018546
0.002775
0.148558
-0.004554
0.123583
-0.111471
-0.197541
-0.079862
-0.025886
0.008894
0.251401
-0.240529
0.121198
0.080931
-0.232431
-0.023200
0.127456
0.151093
-0.003420
-0.221225
0.047258
0.225605
0.003226
0.005679
0.276281
0.004465
0.001576
-0.106006
-0.207822
0.033717
0.061886
-0.028439
-0.154578
0.036416
-0.173877
-0.060405
0.018759
-0.195850
-0.186777
0.045905
0.051250
0.040965
-0.005391
-0.273393
0.121929
-0.078207
0.072886
-0.073102
-0.108049
-0.062298
-0.072932
0.191234
-0.161510
-0.126214
-0.054522
-0.013785
0.110168
0.127036
0.240253
0.172924
0.221001
0.204809
0.184065
0.072585
-0.164263
-0.057301
0.166622
0.032811
0.242467
-0.062470
0.090371
0.189326
0.010096
-0.060448
-0.079636
0.102149
0.139543
0.216318
-0.092879
0.128143
0.032260
0.171022
-0.035794
-0.102073
-0.066675
-0.111726
-0.008705
0.204408
-0.103461
0.243231
-0.058000
0.047876
0.224531
0.187933
-0.027896
-0.015884
-0.024364
0.001379
-0.032621
-0.070903
0.307022
0.119148
0.035516
-0.242223
0.056968
0.143978
0.130213
-0.008223
-0.024788
0.013306
0.058750
-0.050506
-0.157627
0.005148
-0.172057
-0.051347
0.009419
0.171893
-0.175906
-0.212712
-0.177303
0.206266
-0.005076
-0.147972
0.381684
0.284609
-0.049748
0.196947
0.210289
0.155079
-0.226081
-0.026421
0.026090
0.182545
-0.083358
-0.297265
-0.179484
0.026651
-0.057276
-0.245511
0.021845
0.066019
-0.072761
0.027531
-0.172093
-0.049892
0.047952
-0.206629
0.099967
0.177124
-0.110501
0.159016
0.090070
0.060632
0.021034
0.113908
-0.126822
0.189752
0.148389
-0.161942
0.321941
-0.210824
-0.184497
0.102012
0.021669
0.299010
0.145049
0.154708
0.040994
-0.170956
-0.014961
0.118206
0.167692
0.108687
0.078412
0.057055
-0.042253
-0.025145
0.064690
0.113528
0.037916
0.069098
-0.096361
0.148968
-0.042986
0.235692
0.104158
-0.372588
-0.087060
-0.077448
-0.004645
0.112143
0.207172
-0.211148
0.161328
-0.177475
0.057772
0.092973
0.101837
0.066112
0.060289
-0.153970
0.066403
-0.014725
0.018497
-0.209606
0.040107
-0.297550
0.314340
-0.101458
0.097179
0.063021
-0.081441
0.051125
-0.090648
-0.055319
-0.037153
-0.066516
0.081249
0.058061
-0.100806
-0.212720
-0.096652
0.141685
-0.024911
-0.032598
-0.037057
0.082040
-0.072694
-0.267324
-0.134458
-0.187763
0.000545
-0.056794
-0.122837
0.070281
0.075770
0.130537
-0.227744
-0.184396
0.322579
0.096298
0.148688
-0.125314
-0.175340
0.006506
-0.161709
0.117865
0.089365
0.080081
0.100535
0.209392
-0.218101
-0.059084
-0.163769
0.109765
-0.074359
-0.026662
0.086124
-0.017204
-0.194084
-0.107860
-0.009478
-0.046762
0.119756
0.061181
0.011051
0.021595
-0.121981
-0.020020
-0.226846
-0.092602
0.076337
0.404299
-0.043901
0.197542
-0.004614
0.085230
0.151742
0.065963
-0.330594
0.074609
-0.221586
-0.000639
0.168480
0.002140
0.009434
0.118935
-0.067177
-0.052606
0.203010
0.139392
-0.101292
0.118860
0.078601
-0.012121
0.091430
0.037917
-0.279162
-0.006065
0.089544
0.024298
-0.013397
-0.017635
-0.084722
0.184292
0.079109
0.049497
0.215988
-0.099956
-0.048801
0.036803
0.117739
-0.011447
-0.056032
-0.083968
0.186764
0.018923
0.115045
-0.136643
0.071649
0.290865
0.029572
-0.083826
0.074890
-0.011174
-0.074342
-0.137666
0.050317
0.078028
-0.069622
-0.088359
0.070062
0.139452
-0.144782
0.103616
-0.012587
0.025854
0.113398
0.055204
0.183714
-0.001253
-0.149168
-0.108765
0.114961
-0.042397
-0.169920
0.141387
-0.040541
0.191088
-0.398057
-0.097354
0.104002
-0.025733
0.064405
0.096925
0.022777
-0.058841
-0.156948
-0.129076
-0.043989
-0.024665
-0.022086
0.048699
-0.079213
0.132301
-0.273100
-0.058532
-0.059593
0.099214
0.142381
0.135763
0.150276
0.020341
-0.225444
0.012085
0.104654
0.143669
0.101147
-0.237801
-0.147167
0.045540
0.248603
0.137583
-0.099702
-0.014121
-0.074558
-0.084916
-0.012936
-0.031752
0.008084
0.011033
0.130981
-0.117458
0.048884
0.106223
-0.139868
0.146727
-0.082659
0.109680
0.055274
-0.129362
0.126448
0.135140
-0.032658
-0.300149
-0.080912
0.001160
0.009772
0.200433
-0.045719
0.261796
-0.116700
-0.147916
0.229182
0.095983
0.171873
-0.173930
-0.115799
-0.021231
0.025403
-0.006629
-0.009408
0.126328
-0.022077
0.043375
0.108212
0.021892
0.247441
0.046129
-0.050175
0.223885
0.053499
-0.100601
0.113060
0.192139
0.093278
0.223260
-0.068319
-0.150858
-0.144385
0.116134
-0.040964
0.040208
0.118214
0.214081
0.052553
-0.103155
0.135142
0.096799
-0.026537
0.077859
0.058971
-0.043011
0.007539
-0.139605
0.050150
0.011542
0.124428
-0.200104
0.080850
0.071344
0.179919
0.235266
0.265286
-0.177645
0.097094
0.222380
0.067244
0.139217
0.099723
0.028886
-0.167171
-0.011294
-0.222854
0.184051
0.176404
0.132670
-0.312942
-0.188255
-0.052279
-0.045960
-0.003015
0.059018
-0.075680
0.086917
0.060187
-0.020924
-0.136378
0.037063
0.159812
-0.005499
-0.179819
0.136097
-0.084736
0.174040
-0.003020
-0.060379
0.112741
-0.045891
-0.134867
0.102755
0.094674
0.138667
-0.048808
0.041774
-0.129026
-0.138852
-0.002901
0.073786
-0.013603
0.060573
0.093797
-0.146066
-0.057313
0.069456
0.371304
-0.121946
0.033474
0.254360
0.199272
-0.007522
-0.309741
-0.103135
-0.004920
-0.105052
0.072138
-0.033678
-0.042830
-0.013044
-0.001221
-0.057082
-0.044507
0.131563
0.347976
0.005220
0.012190
0.027205
-0.191446
0.030467
-0.144564
-0.149009
-0.023098
-0.026564
-0.018835
0.137164
-0.005382
-0.113046
-0.172163
-0.110674
0.108597
-0.035388
0.117234
-0.041682
0.058285
0.086432
-0.004236
0.258346
0.129001
0.036356
0.068962
-0.036920
-0.128049
-0.400751
0.116373
0.273038
-0.153796
0.157314
0.035517
-0.109640
-0.085914
0.042887
0.138757
0.037766
-0.201795
-0.056561
-0.123851
0.116499
-0.038693
0.162760
0.046369
-0.070749
0.021544
-0.109701
0.006308
-0.068711
-0.028625
0.008913
-0.007765
0.028921
-0.010405
0.075035
0.041280
0.008554
0.088016
0.034037
0.113947
0.072421
-0.002279
0.001253
-0.012186
-0.245052
0.015537
-0.039841
-0.073220
0.247334
-0.023156
0.283156
-0.131790
0.205064
0.094946
0.093856
0.080482
0.016052
0.080777
-0.179791
0.027723
0.253971
-0.078555
0.052050
-0.181951
0.264424
0.068269
-0.138866
-0.105382
0.099245
-0.072694
0.003003
-0.103032
-0.409425
-0.083483
-0.085073
0.009498
-0.038676
0.014923
-0.152912
-0.083288
0.117892
-0.024367
0.094297
0.043414
0.173384
0.027080
0.243025
0.017677
0.076347
-0.141514
0.062807
0.015101
-0.121874
0.059344
0.261240
-0.065399
0.158695
-0.089885
-0.147175
0.138731
-0.020012
-0.068862
0.157669
0.183206
-0.028366
0.036603
0.006577
0.039109
-0.031379
0.091510
-0.009739
-0.074775
-0.009791
0.037474
-0.135190
0.181416
-0.368356
0.051849
0.186430
-0.182687
0.125191
0.124529
-0.126275
-0.013648
0.054405
0.110170
0.044120
0.150294
0.130764
-0.004859
0.085668
-0.009141
-0.120098
0.094630
-0.190077
0.097312
-0.193910
0.003223
-0.194805
-0.083477
0.065638
-0.034791
0.114775
0.017805
0.070501
-0.183203
-0.086065
-0.159551
0.047202
0.044343
-0.149310
0.011485
-0.005859
-0.117724
0.025693
-0.108654
-0.128466
-0.020841
-0.112050
0.148284
-0.028749
-0.197630
-0.027014
-0.153038
0.070927
-0.163898
-0.078571
0.056017
-0.023405
0.053001
0.167967
-0.219605
0.129950
-0.020985
0.106839
0.041135
0.169888
-0.044568
-0.057110
-0.090948
-0.094885
0.136614
0.014860
-0.013392
0.022927
-0.055669
-0.061815
-0.238324
0.132713
0.016069
-0.190842
-0.134116
-0.165376
0.165183
0.117393
0.006894
-0.081959
-0.210383
0.062125
0.180572
-0.009706
-0.189628
-0.086796
0.119709
-0.195882
-0.059351
0.111763
-0.153101
-0.128615
0.043472
-0.009689
-0.253288
0.251824
-0.010794
-0.147548
0.063119
-0.176648
0.058993
0.043703
-0.128372
-0.007172
0.006935
-0.027165
0.176306
-0.054604
0.010753
0.109970
0.049708
-0.175356
-0.082905
-0.039045
-0.027782
0.218724
-0.044269
0.000319
-0.002132
-0.102329
-0.126220
0.030356
0.148068
-0.047102
-0.026523
0.111220
0.079426
-0.019907
-0.021227
0.116995
0.153407
0.044918
0.210211
0.042314
-0.101420
-0.064188
-0.108792
-0.034180
0.157170
-0.063232
-0.040118
0.332354
-0.117710
0.032142
0.025882
0.032827
-0.203042
0.184682
0.183190
-0.042281
0.028993
0.021526
-0.084128
0.094631
-0.051489
-0.184664
0.139787
-0.168945
-0.088037
0.160112
-0.064242
-0.204286
-0.004292
0.025608
0.005464
0.048504
0.137416
-0.184040
0.010774
0.167399
-0.037769
-0.068298
-0.081828
-0.154352
0.176018
0.036273
-0.012868
-0.020447
0.056350
0.102245
0.077685
-0.211881
-0.044597
-0.136408
-0.062626
-0.201923
0.018402
0.206646
-0.178401
0.067919
-0.025725
0.161092
-0.106681
0.268638
0.069303
-0.072404
-0.085273
0.100520
-0.097365
0.108587
-0.122775
-0.037203
0.192723
-0.038451
0.172331
-0.099241
-0.041564
0.015956
-0.012850
-0.026736
0.002657
-0.021851
0.003373
-0.259978
-0.092573
-0.236594
0.031563
-0.021324
0.103023
-0.089710
0.171708
-0.019113
-0.107378
0.110229
0.114894
-0.139624
0.077695
0.082958
0.150829
-0.198694
-0.072386
-0.055867
0.013971
-0.166253
-0.062499
-0.254252
0.177610
0.294420
0.110821
-0.004383
0.012694
-0.131700
-0.031518
0.078525
0.039455
0.030688
0.165281
0.332598
-0.049775
0.384786
-0.075212
0.003969
0.050362
0.192296
-0.027395
-0.010310
0.073482
-0.068267
0.273419
-0.157973
0.046298
-0.144057
0.024381
-0.091333
-0.200245
0.227198
0.047478
0.200181
0.071458
0.013565
-0.058647
0.083894
0.012264
0.005826
0.027258
0.151028
0.032347
0.072513
0.069487
-0.168935
-0.059950
-0.148824
0.164090
0.205705
-0.299528
-0.194625
-0.053112
0.140251
0.073538
0.005784
-0.024610
-0.265537
0.286754
0.108634
-0.057892
0.013430
-0.130267
-0.046134
-0.154631
-0.064946
-0.139037
-0.093048
0.088121
-0.146885
-0.083324
0.065234
-0.120487
0.035367
-0.088697
-0.014439
0.037951
-0.105485
0.114735
-0.254768
0.268668
-0.165531
0.131540
0.127434
0.175762
-0.081286
0.085969
-0.140118
-0.079486
0.226329
-0.064945
0.013021
-0.015177
-0.185681
-0.113959
-0.103615
-0.026121
-0.088405
-0.176974
-0.109892
0.029680
-0.111239
-0.255010
0.102741
-0.075862
0.201763
0.117334
0.082176
-0.132252
-0.023344
-0.029096
-0.121943
0.124959
0.000472
-0.032683
-0.023033
0.033798
-0.126563
-0.005997
0.297966
-0.086675
-0.014234
-0.229652
0.008724
-0.034285
-0.101105
-0.277557
-0.056861
-0.069723
-0.018918
0.080148
-0.087495
0.015745
-0.146095
0.053836
-0.226026
0.218883
-0.005640
0.030242
-0.111134
-0.117741
0.096352
0.127380
-0.005827
-0.049474
-0.115538
0.071131
-0.290662
0.160904
0.181335
0.097384
0.049465
0.032499
-0.088132
-0.051326
-0.077603
-0.156004
0.112072
0.203018
0.117352
-0.031824
0.056080
0.132158
0.037830
0.262955
-0.240579
-0.026640
0.201769
0.023725
0.104029
0.321125
0.148864
-0.103757
-0.016952
0.006357
0.018628
0.096708
-0.045986
0.010456
0.006184
0.149969
0.195512
-0.046261
0.047707
-0.088280
0.129688
-0.120627
0.132223
-0.065546
0.218521
-0.180441
0.314618
-0.024299
0.094392
-0.053340
-0.001367
0.263743
0.105832
0.209550
-0.094140
-0.015123
0.070972
-0.062061
0.215472
-0.036608
-0.057898
0.071712
0.024551
0.026854
-0.026211
-0.011586
0.185704
0.097575
0.091118
-0.116952
0.068676
0.083348
0.106494
-0.086562
-0.109147
-0.039285
-0.110636
-0.019681
-0.136380
-0.409560
0.084932
-0.188033
0.060740
-0.001379
0.045214
-0.142294
-0.240066
-0.056769
0.107489
-0.130340
0.087542
-0.384103
0.038689
0.037322
-0.062836
0.077371
-0.213025
0.188911
-0.152202
0.037224
-0.055887
-0.088193
-0.002787
0.159794
-0.136263
-0.082471
0.109119
-0.035332
-0.138155
0.172501
0.050361
0.042016
0.115608
-0.053478
0.047324
0.047034
-0.012206
-0.078505
0.033698
0.000167
0.141879
-0.185756
0.032004
-0.002137
0.064999
0.180958
-0.038070
-0.200066
-0.126757
-0.001418
0.194775
0.052314
-0.126032
-0.062180
-0.041624
0.173546
0.081385
-0.170593
-0.073141
0.174437
-0.092887
0.094161
0.126553
0.117639
-0.135518
-0.252384
-0.037568
-0.063142
0.171440
0.162675
0.171161
0.083099
-0.077426
-0.005916
-0.111494
-0.037117
0.043794
0.030535
-0.071582
0.153996
-0.071456
-0.184228
-0.193552
-0.012276
-0.256545
-0.115651
-0.077088
0.067926
-0.106527
-0.042322
-0.048807
-0.067613
0.173084
0.002408
0.051041
0.136832
0.083384
-0.158716
0.058718
0.003680
0.154445
0.033109
-0.122919
0.056406
0.146054
0.019837
0.070229
-0.056587
0.137724
-0.002286
-0.074770
0.080480
0.102387
0.141530
-0.041329
-0.112623
-0.055463
-0.100984
0.094219
0.048394
-0.154094
-0.081397
-0.094222
-0.084032
-0.101651
-0.063679
0.179155
0.108864
-0.046305
-0.055315
0.155174
-0.130871
0.021548
0.153888
-0.069322
-0.157710
0.204125
0.055312
-0.119820
-0.040291
-0.004651
-0.101260
0.087494
0.168816
0.170464
-0.030831
0.035741
-0.199111
0.019734
-0.141791
0.160500
-0.060882
0.112506
0.182409
-0.116120
-0.144790
-0.065110
0.252235
-0.358786
0.066050
-0.268040
-0.016345
-0.148462
0.135306
0.014379
-0.153610
0.042888
0.095501
0.004404
0.192453
0.193121
-0.070152
-0.096163
-0.127748
-0.140202
-0.174534
-0.267437
0.117458
0.105404
-0.101330
0.195010
0.070205
-0.168034
-0.172924
-0.125218
0.116046
0.072249
0.379369
0.116293
-0.111756
0.080638
0.134530
-0.072014
0.092384
0.024000
0.131077
0.046138
0.016555
0.047117
-0.104451
-0.073880
0.007677
-0.008678
-0.000673
0.150320
0.111210
0.040360
0.127878
0.244980
0.027774
0.091906
0.028387
0.123676
0.264207
0.032310
-0.003224
0.163176
0.302860
0.005016
0.007697
-0.030280
-0.119940
0.040764
-0.195065
-0.108440
0.130309
-0.006339
-0.004925
-0.026548
-0.098814
0.063482
-0.010164
-0.176211
-0.137843
-0.068180
0.001503
-0.057249
0.036224
-0.052742
0.182810
0.055007
-0.070400
0.052111
-0.191835
-0.070332
0.095498
0.316572
-0.125019
0.268001
-0.047052
-0.030087
-0.178886
-0.049296
0.051710
-0.105353
0.133407
-0.274668
-0.171567
0.082991
-0.065109
0.047504
-0.321688
0.103195
-0.109477
0.172191
-0.145790
-0.089923
-0.020078
-0.051335
-0.192589
-0.216124
-0.087431
-0.203074
-0.004044
-0.020319
-0.215404
0.159299
0.079522
0.230653
-0.182863
-0.060178
-0.306970
-0.074105
-0.052468
0.143761
-0.025793
0.048501
-0.030977
0.033825
-0.174753
-0.104141
0.179106
-0.088469
0.014112
-0.001123
0.153337
-0.042151
-0.048310
-0.094263
0.146733
0.100744
0.091278
-0.041459
0.167502
0.210502
-0.019803
0.221053
0.217630
-0.031207
-0.032073
0.078859
-0.025479
0.129024
-0.457561
0.045213
0.210617
0.065626
0.080545
-0.359182
0.102950
0.004685
0.064985
-0.214640
0.368276
-0.013665
0.014961
-0.210454
-0.026062
0.341271
0.000922
-0.217055
-0.005665
0.129171
0.220087
0.055658
0.074034
-0.082498
0.080314
-0.171743
-0.081471
-0.040806
-0.063591
-0.162182
-0.014490
0.175332
0.041951
0.132624
0.016369
-0.095087
-0.042479
-0.057297
-0.010466
-0.106410
0.107426
-0.105760
-0.079519
0.117287
-0.176327
-0.067390
-0.101286
-0.105232
-0.142993
0.025541
-0.099130
-0.077957
0.026148
-0.124481
-0.143445
0.012464
0.011018
0.008382
0.091542
-0.034662
-0.243793
0.003504
-0.182796
-0.152682
0.013098
-0.133425
-0.002061
0.107568
-0.047047
-0.086014
-0.111934
0.133553
0.042031
-0.003347
0.062300
-0.021753
-0.077955
0.031356
0.094774
-0.134751
-0.023425
0.018774
-0.128239
-0.217370
0.111807
0.130488
0.007553
-0.027167
-0.179219
0.072472
0.064488
-0.065449
-0.034688
-0.003889
0.087401
0.086811
-0.135297
-0.060412
0.050940
0.151316
0.080459
-0.132820
-0.050891
0.088048
0.063576
0.065566
0.077165
0.131283
-0.047375
-0.120374
0.096989
0.145257
-0.031513
-0.130557
0.083417
0.211263
0.065414
-0.081827
-0.073335
-0.066646
0.174648
0.054822
0.174327
-0.004889
0.068548
-0.021173
0.202773
-0.098235
-0.059517
0.049954
0.116961
-0.169349
-0.099304
0.107284
0.186080
0.116619
0.023253
0.260983
0.165082
-0.175522
-0.038097
-0.060858
-0.105173
0.140072
0.106040
-0.090188
-0.307849
0.161594
-0.036157
-0.217027
-0.166225
-0.217460
-0.263501
0.066396
-0.101274
0.112741
0.013839
-0.139457
-0.011926
-0.119765
-0.037538
0.033403
-0.099455
-0.215538
0.060527
-0.115751
-0.124131
-0.419729
-0.168582
0.215494
-0.156137
0.005312
-0.004522
-0.140663
0.016371
-0.095482
-0.195040
0.018327
-0.093860
0.094039
0.099251
-0.140402
0.005509
-0.091803
-0.078626
0.074756
0.403998
0.031329
0.011148
-0.043659
0.008335
-0.335450
0.081758
0.036140
0.013689
-0.029111
-0.062594
0.068006
0.070077
-0.051033
0.128102
-0.015486
-0.056810
-0.126305
0.082483
0.086530
-0.041961
-0.006935
0.053321
-0.056531
0.140203
-0.132445
-0.046726
0.174280
-0.202111
-0.172519
-0.026523
-0.132647
-0.119456
0.177291
-0.027443
0.022157
0.076482
-0.141330
-0.006104
-0.175402
-0.299413
-0.126449
-0.107633
0.050081
0.341651
0.000619
0.030825
-0.051895
-0.199869
0.020754
0.232595
-0.068075
-0.005693
0.064468
-0.339154
0.023694
0.049418
0.097439
-0.005896
0.092401
-0.304592
-0.105423
-0.221549
0.145739
0.118116
-0.036876
0.163283
0.051144
-0.219428
-0.048561
-0.089097
0.191720
-0.044981
-0.124654
0.049621
0.086322
-0.053044
-0.003112
0.086386
0.032025
0.077777
0.020852
0.217822
-0.056219
-0.120105
-0.042708
0.033936
-0.091343
-0.000538
-0.050639
-0.095105
-0.277690
0.226282
0.116816
0.201987
-0.005661
0.206298
0.019028
-0.039985
0.048141
-0.118402
0.278393
-0.131533
-0.105269
0.110571
-0.032803
0.054725
0.043100
0.198971
-0.068271
0.126631
-0.101689
0.150118
-0.065588
-0.142166
-0.113714
-0.095215
0.065592
0.006387
0.006631
0.018170
0.162791
-0.090503
0.262412
-0.019645
-0.125513
0.108055
-0.019756
-0.064896
0.034445
0.055968
0.067832
0.179742
0.040153
-0.024445
-0.022395
0.122515
-0.164351
-0.122118
-0.064806
0.013938
0.157194
-0.173957
0.147365
-0.196576
-0.066592
0.029436
0.082650
-0.091429
-0.147255
-0.129392
0.218645
-0.240875
-0.098866
-0.196317
-0.013640
0.141947
-0.242096
0.079362
-0.118189
-0.159445
0.292223
0.055804
-0.041280
0.119092
-0.187887
0.194511
0.050180
0.102424
-0.082406
0.146233
0.088818
-0.012758
0.164221
0.049057
-0.259819
0.208509
0.080408
-0.172176
0.159194
-0.103993
0.086314
0.068455
0.009101
-0.047634
-0.119573
-0.294005
0.006013
0.126365
0.039489
-0.102642
0.013143
-0.056469
0.191122
0.286743
-0.102300
-0.035344
-0.145283
-0.092055
-0.225341
0.072732
0.228172
-0.075321
-0.129098
-0.080564
-0.221724
-0.049305
-0.043841
-0.219733
-0.051111
0.191534
-0.078149
-0.098266
-0.009857
0.321355
-0.090285
-0.077815
0.185234
-0.054593
0.143905
0.001917
-0.179838
0.101218
0.094139
0.198578
-0.115169
0.037796
-0.124670
-0.179273
0.037799
0.182487
-0.230697
-0.269658
-0.007943
-0.228816
0.033502
-0.162093
-0.081147
0.079225
-0.140658
0.309740
-0.016366
0.086713
0.117208
0.075493
-0.198555
-0.080146
0.114153
0.007922
-0.193244
-0.118610
0.389207
0.191480
0.124179
0.092703
-0.068767
0.118205
-0.026092
0.106877
0.104018
0.119652
-0.142384
-0.092809
-0.040619
0.253593
0.075168
-0.241310
0.136641
-0.071875
-0.207320
0.102645
-0.064984
0.245324
-0.207449
-0.047117
0.065951
0.197583
-0.064177
0.113495
0.133880
-0.168861
0.170111
0.217562
-0.047006
-0.069389
0.040763
0.260415
0.072000
0.036237
0.158436
-0.034986
0.084059
-0.141683
0.117654
0.141024
0.056415
0.027995
0.010729
0.039164
-0.135832
0.020217
-0.114124
0.018014
0.101609
-0.243682
-0.011435
-0.015616
-0.104682
0.102956
0.239327
0.001560
-0.189205
-0.007640
-0.103061
-0.097848
-0.075381
-0.127145
-0.134368
0.311626
0.211338
-0.032640
0.134821
-0.324591
0.148781
0.046824
0.084991
-0.000530
-0.055840
0.303371
-0.260735
0.107020
0.140625
-0.148841
0.123337
-0.141314
-0.055823
-0.004765
-0.180847
0.035139
0.148150
-0.003063
-0.001020
-0.103595
-0.089638
0.082729
0.003238
0.189884
0.058533
0.087175
0.096851
0.166973
0.097663
-0.078423
-0.129421
-0.043101
-0.057357
-0.247395
-0.075345
-0.129309
0.113164
-0.031445
-0.131480
0.139499
-0.137710
-0.210549
-0.258897
0.079752
0.024979
-0.190218
-0.094463
0.010664
0.046166
-0.178780
0.004782
0.127941
-0.042272
-0.084497
0.209576
0.084772
0.051012
-0.124803
0.088483
-0.026313
-0.014773
0.069199
0.035357
-0.099009
0.290468
-0.048740
-0.012541
-0.021837
0.090402
-0.007028
0.011549
0.029390
0.006445
0.141860
-0.086049
0.109083
-0.026809
0.180669
0.241968
-0.227431
-0.057028
0.076424
0.137880
-0.002495
0.271770
0.074533
-0.058921
0.072887
0.086741
0.070622
-0.127234
-0.208985
-0.106199
0.214449
-0.019332
0.243514
-0.038541
-0.192179
0.169231
-0.154278
0.307414
0.266020
-0.213632
0.019746
0.357440
-0.130455
-0.190700
-0.008926
-0.114237
0.132731
-0.108930
-0.090071
-0.271114
-0.079393
0.063407
0.075436
-0.284727
0.082247
-0.054922
-0.003224
0.064041
0.080745
-0.115571
-0.068153
0.017522
-0.058132
-0.154652
0.033473
0.034860
0.003914
-0.122916
-0.012024
-0.217728
-0.006160
-0.119443
-0.155387
0.072793
0.044997
0.261215
0.165499
0.305512
-0.108339
0.188578
-0.308539
-0.093746
-0.112108
-0.136564
-0.042708
0.074238
0.065108
-0.069570
0.269868
-0.143690
-0.069269
-0.094038
0.282344
-0.022984
-0.261360
0.111931
0.070154
-0.102287
0.042171
0.105738
-0.075303
-0.051792
-0.107986
-0.046911
-0.023002
0.116273
-0.019751
-0.072535
0.048342
0.029927
0.014248
0.028725
-0.010038
0.141289
-0.077372
0.022654
-0.164803
0.283656
-0.083848
-0.019527
-0.112815
0.178921
-0.150304
0.103093
0.075503
-0.021704
0.078520
-0.072378
0.017980
-0.143470
-0.121133
0.035079
-0.025576
0.103683
-0.293082
0.090863
0.069005
0.052649
0.036880
-0.057986
-0.168934
-0.069086
0.022034
0.100645
-0.143736
-0.183346
-0.102519
0.009700
0.021586
0.163882
-0.110457
0.252384
0.010727
-0.124389
-0.069843
-0.067343
0.095372
0.083042
-0.047052
-0.001659
-0.029764
0.028188
-0.053114
-0.046270
0.190153
0.106736
-0.041086
0.006584
0.020692
-0.025950
0.026829
-0.225930
0.038135
-0.143805
0.125773
0.120855
0.290507
-0.048113
0.177236
0.067954
0.028635
0.152222
-0.060284
0.085527
-0.021881
-0.066278
-0.044935
0.288719
0.111832
0.190896
-0.100174
-0.150185
0.091647
0.119732
-0.190761
-0.176237
0.118408
-0.034764
-0.124026
-0.040942
-0.043969
0.049836
-0.056234
0.124801
-0.254200
-0.027789
-0.018307
0.169386
0.108118
-0.044560
0.222940
0.447592
-0.059829
-0.405202
0.054215
0.025089
0.110050
0.112279
-0.098092
0.425254
0.040323
0.022121
-0.035236
0.204704
0.049109
-0.037617
-0.055879
-0.058001
0.123985
-0.037002
0.119768
0.094954
-0.007484
0.029308
0.032536
-0.001480
-0.009262
-0.091655
-0.075014
-0.055129
-0.146155
-0.021374
-0.169544
0.231921
-0.054384
-0.109677
0.006810
-0.095981
0.082150
-0.001997
-0.086555
0.114114
0.324280
0.235017
0.087726
-0.016830
0.296310
0.082360
-0.356283
-0.034424
-0.028715
0.262741
-0.119902
0.118850
0.087701
0.200104
-0.073824
0.042578
-0.221072
-0.097879
0.165265
-0.023271
-0.140295
0.158540
0.112137
-0.000604
-0.016160
-0.068493
-0.027610
-0.067029
-0.007381
-0.012145
-0.183347
0.044700
-0.377993
0.045604
0.037493
0.104424
0.139979
-0.042312
0.030382
0.064437
-0.007021
-0.086294
-0.094422
-0.049067
-0.027016
-0.157020
0.079409
0.049808
-0.055542
-0.096936
-0.102057
-0.065560
0.077371
-0.111685
-0.125195
0.071504
-0.078556
0.257653
0.139809
0.126241
0.100049
0.116941
-0.109590
-0.058058
-0.065702
-0.018769
-0.091003
-0.025504
0.094756
-0.148796
0.179607
0.175582
-0.336719
0.050058
0.060857
-0.080980
0.174322
-0.223405
-0.016765
0.140439
-0.045552
-0.092173
0.177696
0.049521
-0.027468
-0.228873
0.051461
-0.034116
0.072281
0.011277
0.040675
-0.202117
-0.081310
-0.212328
-0.006221
-0.127281
-0.149687
-0.032019
0.047037
-0.079885
0.000899
-0.182843
-0.019347
-0.102828
-0.166297
0.167328
-0.331841
0.045535
0.035513
0.062428
-0.081389
-0.103815
-0.016792
-0.133337
0.141535
-0.136348
0.109321
0.074696
0.080712
-0.324357
-0.107289
-0.262303
0.193372
0.007392
0.057306
0.023026
-0.153206
-0.395267
-0.096447
-0.078538
-0.122706
0.050816
-0.078141
0.114725
-0.085370
0.155966
-0.082286
-0.045393
0.098835
0.035423
-0.203064
0.149514
0.023469
0.216166
0.203615
-0.004661
0.089548
-0.036246
-0.020016
0.254656
-0.247534
0.219747
0.112968
-0.035780
0.001117
-0.047517
-0.213840
-0.023008
0.044250
-0.126460
0.140021
-0.263911
0.209329
0.049950
-0.001923
-0.094168
0.094415
0.232190
-0.086881
-0.061534
0.038128
0.089266
-0.044873
0.193293
0.122632
0.186038
-0.010282
0.086331
-0.049184
-0.078812
0.138353
-0.284298
0.202606
0.050850
0.129036
-0.119120
0.050800
-0.244563
-0.098317
-0.106862
-0.126480
-0.110785
-0.063921
0.136806
0.219331
0.069342
-0.000936
0.003866
-0.188816
0.055514
-0.025477
0.048819
-0.186949
-0.083726
-0.157308
-0.259634
0.032318
0.235560
-0.032278
-0.132186
-0.101826
0.258640
0.148456
-0.000452
0.116211
-0.028873
0.048062
0.097636
0.109894
0.113371
0.079635
-0.084292
-0.077620
0.061834
0.161387
-0.121023
-0.016213
0.176620
-0.048978
0.021826
0.010653
0.105121
0.234163
0.073642
-0.085599
-0.028403
-0.012866
-0.006660
0.127633
-0.095206
-0.019812
0.056778
-0.186434
0.100726
0.078265
-0.084829
0.141629
-0.109812
-0.273174
-0.012128
-0.069435
-0.199281
0.043168
-0.047348
-0.036416
-0.068891
-0.087621
-0.068879
-0.059291
0.075359
-0.059191
-0.049388
-0.060328
0.057446
0.024246
0.005643
0.038471
0.054482
-0.007373
-0.128951
0.140248
0.010534
0.233300
0.043824
0.062705
0.122575
0.217881
-0.119788
0.029422
-0.096063
0.103466
-0.119295
-0.037487
-0.059146
0.048932
0.134372
0.035169
0.221590
-0.183049
-0.041002
-0.026176
-0.243632
-0.214417
0.205877
0.088529
0.045492
0.030884
0.024657
0.359451
-0.059701
0.087885
0.306361
-0.330820
0.122978
-0.031087
0.102587
-0.054331
0.026159
0.091166
-0.156857
-0.282954
-0.084098
-0.057478
0.016340
0.185012
0.049674
-0.092307
-0.201590
-0.135959
0.045628
0.035910
0.257716
0.120652
-0.093394
0.123891
0.150046
0.012065
0.022863
0.195464
0.047205
-0.253337
-0.093372
0.041055
0.067065
0.078691
-0.060544
-0.128786
-0.022854
-0.112119
-0.293135
-0.129725
0.099281
-0.123670
-0.204225
0.017778
-0.039453
-0.131185
-0.029613
0.100407
-0.207519
-0.135676
-0.032399
-0.152038
-0.009736
0.129562
-0.148341
-0.016251
0.078673
-0.098439
0.259545
0.052941
0.266068
-0.006077
0.247282
0.125565
0.090816
0.233665
0.076908
-0.054701
0.077187
-0.088003
0.092103
0.045706
-0.017666
-0.088972
-0.159011
-0.035903
-0.051000
0.080017
0.091858
-0.076087
0.068154
0.241691
-0.021005
-0.140215
0.058124
0.084281
0.203174
0.090846
-0.063364
0.034624
0.090113
-0.112656
0.086944
-0.123230
0.098882
-0.060837
-0.001168
-0.046454
0.083369
0.327379
-0.157906
0.014833
-0.033761
0.241159
0.018399
-0.132194
0.000520
0.116532
0.068243
0.071296
-0.010519
-0.139200
0.091515
0.110955
-0.184836
-0.233985
-0.213526
0.047792
0.186490
-0.064365
-0.032252
0.192530
-0.161681
-0.156496
-0.146708
0.093279
-0.148625
-0.096852
-0.042380
-0.054568
-0.259892
-0.317399
-0.186521
0.029148
-0.104193
-0.239496
-0.209594
0.073008
-0.029912
-0.000452
-0.128997
-0.156163
0.139112
0.072743
0.162200
-0.009746
0.025343
-0.118586
-0.020402
0.100009
0.132619
-0.049843
0.118985
-0.133578
0.065000
-0.234528
-0.003956
-0.177398
0.234942
-0.089431
-0.190205
-0.042844
0.142432
0.129803
-0.143184
0.194072
0.081396
0.021020
0.250960
-0.160983
-0.033489
0.061521
0.158252
0.113676
-0.073477
0.142576
0.091738
0.110718
0.012951
-0.150933
0.069923
-0.272540
0.129293
0.001412
-0.045100
-0.313085
0.145270
-0.092308
-0.071858
0.005718
0.065609
0.067686
0.279709
-0.119601
0.150019
0.207403
-0.061926
0.268189
-0.150700
0.114900
-0.128569
-0.018053
-0.202103
0.139756
-0.114102
0.095094
-0.016694
-0.157305
0.058099
0.108743
0.094752
-0.136363
-0.157153
-0.198427
0.161568
-0.163962
-0.103803
-0.006936
-0.277368
0.199587
0.161323
0.091859
0.086500
0.080720
0.213427
-0.022555
0.190726
0.151871
-0.191852
-0.055367
0.111963
0.094084
0.140207
-0.052896
0.006327
-0.217624
0.028677
-0.340372
-0.070510
0.160281
0.112065
-0.149281
-0.071055
-0.037352
0.091323
-0.072005
0.034405
-0.063300
0.007379
-0.195526
-0.228101
0.023819
0.305003
0.036491
0.126212
-0.124688
0.326695
0.006987
0.029374
-0.097171
0.127674
-0.126652
-0.147268
0.071146
-0.031684
-0.268113
-0.245351
-0.158710
0.021703
0.029611
-0.071615
0.002131
0.136752
-0.100125
-0.266409
-0.090702
0.076205
-0.134530
0.045048
-0.105920
0.181721
-0.206989
0.053953
-0.137758
-0.026004
-0.145955
0.087994
-0.124880
-0.007327
-0.103252
0.110331
-0.040739
-0.007189
0.252961
0.053074
-0.026418
-0.141030
-0.026792
0.104957
0.309927
-0.064058
0.003650
-0.044630
-0.128919
-0.208087
-0.130597
0.070339
0.000656
0.037561
0.050232
0.001014
-0.198642
-0.090629
-0.063806
0.117454
0.104587
0.058532
-0.001080
-0.035668
-0.120661
-0.009607
-0.106362
-0.058354
-0.085859
0.047233
0.128965
-0.022791
-0.146321
-0.006224
-0.042911
-0.054750
0.109132
0.087545
-0.081281
0.002025
-0.010127
-0.193489
0.014409
-0.097336
0.104083
-0.038834
0.111307
-0.053945
0.001024
-0.167623
0.062513
0.141105
0.024531
-0.094078
-0.125223
-0.147642
0.022297
0.002405
-0.061269
0.085662
0.017016
-0.001080
-0.021265
0.162690
0.224475
0.056726
0.127532
-0.031687
0.153797
0.118531
0.147609
-0.138114
-0.017324
-0.086614
-0.063904
-0.122194
0.218350
0.161656
0.048262
-0.090470
0.029347
0.022467
0.018631
-0.211487
0.174267
-0.031321
-0.036584
0.108156
-0.278358
-0.239456
-0.125874
0.074201
-0.003014
0.077606
-0.013236
-0.153127
0.128010
0.070667
0.051147
-0.083110
0.037264
-0.142163
0.118552
-0.013454
0.015431
-0.460334
-0.004589
-0.013641
0.164972
-0.019437
0.126724
0.091276
0.109386
-0.015264
-0.074900
0.034981
-0.334205
0.203560
-0.131513
-0.165891
-0.006987
0.066738
0.074074
-0.016186
0.124859
-0.030967
-0.071084
0.104013
0.190091
-0.008472
0.021053
0.107894
0.131639
-0.149283
0.029489
0.035587
-0.036989
0.212010
-0.110476
-0.278085
-0.193507
-0.058876
-0.025045
-0.061654
0.023778
-0.030042
-0.103131
-0.042314
0.258491
0.132596
-0.001801
-0.031584
0.269668
-0.105534
-0.176725
0.053622
-0.010096
0.042822
0.122059
0.097396
0.335564
0.089345
0.176833
-0.272584
0.042105
-0.030839
-0.036100
0.109414
0.037669
0.061634
-0.107941
0.030204
-0.058600
-0.181047
0.217129
-0.091018
-0.082810
-0.057399
-0.175835
-0.080371
-0.021632
-0.150986
-0.292070
-0.055419
0.006969
-0.082710
-0.076528
-0.093746
-0.059006
0.211182
0.132604
-0.027022
0.045724
0.107152
-0.216881
-0.010613
0.063061
0.153848
-0.171366
-0.020983
-0.064304
-0.061066
-0.033496
-0.039559
-0.309117
0.147778
0.094857
0.041574
-0.008398
0.102162
0.113123
-0.094258
-0.251044
-0.064840
0.031297
-0.017049
0.107519
-0.360455
-0.063902
0.066223
-0.034410
0.275931
-0.060981
-0.022444
0.028868
-0.088558
0.010815
-0.057665
-0.002299
-0.005808
0.038236
-0.035036
0.002951
-0.055720
-0.124801
-0.053924
0.077667
0.032551
-0.040199
-0.027217
0.025253
0.020100
0.048635
-0.088700
-0.011151
-0.267435
-0.152564
-0.168769
0.013716
-0.040805
-0.027632
0.282217
-0.083836
-0.141442
-0.006797
0.205269
-0.087175
0.000507
0.326864
0.098824
-0.156463
-0.234727
-0.219753
-0.118269
0.088823
0.348668
-0.006046
0.025540
0.055975
0.103362
-0.050487
0.036292
0.108398
0.041502
0.009389
-0.006941
0.137741
0.009798
0.164629
0.002983
-0.176451
-0.187126
-0.003304
0.019875
0.030043
-0.156779
-0.041260
-0.051381
0.040753
-0.080098
-0.079721
0.232767
-0.068111
0.002583
-0.036112
0.061043
-0.217809
0.028042
0.209090
-0.235925
-0.082055
0.091000
0.047501
0.016850
0.099350
0.108572
-0.095969
-0.157381
-0.101306
-0.061232
0.021878
0.180937
-0.167391
0.167793
0.060644
-0.074672
0.252254
0.096475
-0.012236
0.209179
0.339294
0.129675
-0.060159
-0.012616
-0.015991
-0.089823
0.203978
0.179416
0.044365
0.030610
-0.046390
0.176894
0.220914
0.037449
-0.135698
0.022296
-0.008155
-0.212639
-0.068485
-0.104137
-0.382342
0.153936
-0.266942
0.002573
-0.096561
0.113959
-0.030694
-0.119192
0.033458
0.060840
0.019872
-0.042281
-0.164093
-0.069749
-0.078665
0.061550
0.218223
0.003951
0.042192
0.139576
0.252953
0.057176
0.146105
-0.139737
0.118700
-0.048906
0.051242
-0.073705
0.112884
-0.010745
0.135962
-0.145409
-0.040677
0.059037
0.089732
0.006066
0.125508
0.000311
-0.069741
0.076775
0.039841
0.079829
-0.009760
-0.017154
0.111008
-0.042471
0.138958
0.015513
0.114047
-0.168206
0.019898
0.045721
-0.024012
0.181821
0.018011
-0.151390
0.198496
-0.113591
-0.046851
-0.004387
-0.028825
-0.032084
-0.269416
0.201630
0.076174
0.129006
0.254073
0.026901
-0.390680
0.000435
-0.004575
0.008389
-0.221243
0.085595
0.025041
-0.078146
0.044616
0.182058
-0.109285
-0.048248
-0.044831
-0.090198
0.013691
0.150344
0.033137
0.001729
0.136901
0.088940
0.138567
-0.137543
0.199567
0.064201
-0.108937
0.059785
-0.286052
-0.101602
-0.135458
-0.195748
0.242311
0.110500
-0.012628
0.134898
0.057380
-0.061660
0.103583
0.070442
-0.456306
0.137952
-0.031161
-0.210861
0.075034
0.312760
0.161313
0.078911
-0.026548
-0.075904
0.080408
0.072588
0.012034
0.311362
0.235397
0.154346
0.089421
0.070154
0.027024
0.213084
0.164825
-0.078908
0.035930
-0.084002
0.015570
0.388392
-0.043097
-0.088060
0.007364
-0.091943
0.128449
0.041145
-0.137488
0.127732
0.102074
0.040783
0.137366
-0.090513
0.088022
0.108046
0.057660
-0.273269
0.087220
-0.091571
0.089135
0.107124
0.081127
-0.125082
0.037716
-0.077354
-0.099817
-0.195681
-0.101900
0.092354
0.248138
-0.011676
0.266464
0.280716
0.035802
0.087335
-0.049463
-0.018964
0.004187
0.080955
0.125435
-0.059586
0.122613
0.084816
-0.150127
0.201289
-0.071539
0.376837
-0.034909
0.044873
-0.022607
-0.168418
-0.042685
-0.178219
0.209847
0.058611
0.202261
-0.050695
-0.130914
0.104429
-0.071969
-0.101886
0.130357
-0.044312
-0.143116
-0.068779
0.035654
-0.233638
-0.069184
-0.148578
-0.073913
-0.058533
0.015786
0.110825
-0.112554
0.230848
0.249459
0.163123
0.060411
0.064475
0.025407
0.109131
0.264202
-0.042204
-0.163030
-0.249373
-0.122104
0.135970
0.210994
-0.016798
0.011138
0.023844
0.207190
-0.007468
-0.175100
-0.042164
0.024531
0.066382
0.037617
-0.090559
-0.120094
0.052519
0.069744
0.075838
0.099906
0.101139
0.102404
-0.038062
0.014314
0.052835
0.294596
0.072826
-0.112987
0.065875
-0.032386
-0.022726
-0.000703
0.184676
0.010694
-0.010881
-0.094118
0.055010
-0.065954
0.054702
0.012686
-0.092461
-0.074363
-0.010875
-0.185767
0.056648
0.043395
0.031611
0.129639
-0.181951
-0.313285
0.030111
0.056137
-0.005562
0.022831
-0.011750
-0.375529
0.189086
-0.157448
0.428184
-0.128240
0.186885
0.129510
-0.148500
-0.129899
0.179814
-0.072399
0.023195
0.009695
0.024297
0.069614
0.030530
0.185623
0.079479
0.001967
-0.087977
-0.030885
0.080224
-0.195704
0.104618
-0.095678
0.058887
0.037418
-0.141564
0.128836
0.143234
-0.170712
-0.032704
-0.086850
-0.118819
0.135765
-0.069658
-0.032033
-0.069176
-0.194148
-0.259065
-0.111121
0.057165
-0.336021
-0.114972
0.146019
-0.207985
-0.081723
0.169284
-0.051199
0.106934
-0.171628
-0.007258
0.386328
0.025748
-0.128493
-0.096244
-0.093368
-0.077255
-0.130276
-0.157267
0.191983
-0.083058
0.060379
0.089216
-0.112363
0.213423
-0.041099
-0.077386
0.071560
0.064861
-0.178898
0.098069
0.273111
0.151219
0.167495
-0.141371
-0.201412
-0.176917
-0.086469
0.069677
0.063189
0.104370
-0.024183
-0.045421
0.049270
0.140329
0.097522
-0.026385
-0.036980
-0.107358
0.077247
-0.117162
0.057334
-0.061200
0.014825
-0.024862
0.089863
-0.041256
-0.102812
0.065711
-0.044134
0.266179
0.084454
-0.003174
0.135561
-0.017685
-0.001401
-0.148249
-0.000314
-0.213641
-0.152692
0.000674
-0.166134
-0.261245
0.021049
0.073116
0.153745
0.077842
-0.058743
-0.078435
0.109144
0.267387
-0.090426
-0.027301
0.077167
0.085423
0.038170
-0.036148
0.129226
0.237751
0.127927
-0.042440
-0.088976
0.128837
-0.072436
0.071731
0.130719
0.280194
0.074705
0.094629
0.105752
0.048719
-0.098862
0.114475
0.242798
-0.034100
-0.052476
0.170005
-0.069531
-0.066933
0.113484
-0.279788
0.386323
-0.040689
0.092608
-0.025620
-0.048414
-0.091781
-0.295591
0.073233
0.100943
0.021110
-0.050317
-0.112185
0.083730
0.009878
0.171000
-0.166055
0.169569
-0.026114
-0.046613
-0.124479
-0.274819
0.168472
0.009951
-0.029187
-0.019869
0.190134
-0.074653
-0.409685
-0.000364
-0.056268
-0.105197
0.258587
-0.124333
0.289332
-0.131875
-0.043166
-0.109068
-0.023332
0.101978
-0.051533
0.085942
0.063654
-0.312073
-0.005594
0.039692
0.052208
-0.139775
0.309326
-0.029883
-0.070110
-0.092781
-0.238575
-0.093197
0.124591
-0.021265
0.221653
-0.290345
-0.049374
0.249706
-0.012341
0.280547
-0.055763
0.238561
0.193817
0.011617
-0.029103
0.086585
0.060728
0.071100
0.123176
0.143081
0.005013
0.035042
-0.145242
-0.038196
-0.004158
-0.072471
0.081864
0.083082
0.051841
0.067958
-0.019558
0.098246
0.114570
-0.149523
0.120964
0.068471
0.084194
0.196491
0.040771
0.071483
-0.116238
0.084006
-0.162619
0.023879
0.002927
-0.087741
0.057998
0.044801
-0.121881
0.207710
-0.212255
-0.132057
-0.051819
-0.080467
0.125322
0.114513
0.151756
-0.061407
0.081763
-0.003710
-0.027961
-0.134578
0.160509
0.096255
-0.169334
0.051839
0.227255
0.128083
0.258784
0.064803
0.145713
0.058345
-0.176310
-0.051305
0.069343
-0.038328
-0.171440
-0.154969
0.284639
-0.086306
-0.045016
0.044344
0.135509
0.024716
0.079294
0.125003
-0.054201
0.027882
0.010834
-0.333507
-0.066060
0.159633
-0.016048
0.157976
-0.058242
-0.369561
-0.055367
-0.230416
0.141968
0.031287
-0.133734
-0.002675
-0.116385
-0.086043
-0.194169
-0.031324
-0.026817
0.244692
-0.139298
-0.168655
0.016573
0.128133
0.024034
-0.005031
-0.076872
-0.020041
0.055302
-0.109089
-0.176210
0.169394
-0.139705
-0.035924
0.029086
-0.204450
-0.103812
-0.086781
0.336980
-0.049386
-0.165904
0.011016
0.138221
0.228589
0.012987
0.139049
-0.034794
-0.020843
0.077782
-0.237916
-0.315154
0.363792
0.098686
0.009840
0.174688
0.191367
-0.047628
-0.114788
-0.039722
0.052369
-0.079676
-0.155599
0.009752
-0.145564
0.090539
0.189031
-0.062437
0.176709
-0.135416
-0.013133
-0.056662
-0.048941
0.010582
-0.191275
-0.038456
-0.097281
0.053360
-0.169020
0.121202
0.147688
-0.130931
-0.103390
-0.144277
0.101056
0.076243
-0.226017
-0.014729
-0.311165
0.060210
-0.007284
0.006175
0.022447
0.106304
-0.046709
0.125805
-0.098384
0.067092
0.078066
0.037693
0.050391
0.069325
0.003754
-0.128661
-0.270568
-0.166013
0.089555
0.012623
0.231485
-0.149928
-0.300147
-0.110273
0.068311
-0.034071
-0.042294
-0.198862
-0.130545
-0.226107
-0.100945
0.061569
-0.031655
-0.044052
-0.111769
0.084062
0.033467
0.136982
-0.031497
-0.028017
0.088531
0.111661
-0.084792
0.047215
0.013502
-0.117652
-0.118131
0.180354
0.052589
-0.063937
-0.003943
-0.000572
-0.221238
-0.153039
0.119588
-0.023074
0.073345
-0.246774
-0.107862
-0.149979
-0.076228
0.115801
0.095492
-0.005125
-0.124851
0.015499
0.046634
-0.079028
-0.106691
0.103523
0.127125
0.088836
0.082050
0.162400
0.064343
0.153468
-0.143526
0.328456
0.086562
-0.031900
-0.088173
0.085555
-0.091777
0.057983
-0.168342
0.266162
-0.190404
-0.205043
-0.062168
-0.000790
-0.032901
0.029736
-0.137771
-0.105534
-0.041757
-0.040505
0.334251
0.179476
-0.165982
0.008284
-0.142445
-0.250447
-0.072298
0.291764
-0.012753
0.169068
-0.099961
0.056267
-0.020495
0.038808
0.000205
0.058324
-0.007867
-0.010036
0.065039
0.016288
0.062110
0.004484
0.099213
-0.011335
0.131271
0.229341
-0.125455
0.076421
0.193849
-0.125002
0.098571
0.079505
0.008320
-0.217036
0.057073
0.089797
-0.042605
0.153276
-0.255998
-0.008506
-0.213499
-0.022308
0.129679
0.045548
-0.151092
0.046775
0.347560
0.030654
0.072312
0.212718
-0.086251
-0.044178
-0.142398
-0.402285
-0.014485
0.215900
0.088030
-0.084133
0.236975
-0.260026
-0.007497
-0.052522
0.272048
-0.036797
-0.271310
-0.130288
-0.053437
-0.049408
0.053562
-0.145801
-0.109524
0.057257
0.053093
0.174506
-0.052635
0.086266
0.148220
0.079256
-0.044254
-0.209774
-0.106728
-0.014247
-0.158832
0.175450
-0.110711
0.020190
0.118615
0.037673
0.285017
0.000599
0.145369
0.010343
-0.019489
0.174858
0.124114
-0.089466
-0.077835
-0.008918
0.011946
0.129425
0.011867
0.003646
-0.058825
-0.023963
0.043390
-0.076624
-0.272706
0.061160
0.166962
-0.191359
-0.047072
0.197474
0.192977
-0.011433
-0.211831
-0.253217
-0.052537
-0.147367
0.090601
0.074218
-0.270307
-0.055205
0.190297
0.047672
0.086276
0.234964
-0.024361
-0.114783
0.123831
0.161844
-0.039915
0.058568
0.092095
0.067122
-0.000450
-0.059976
-0.083499
0.047069
-0.134166
0.041990
-0.014606
0.152348
-0.174550
0.213777
0.002250
-0.180083
0.017708
0.056561
-0.239690
0.095027
0.097624
0.044764
-0.102052
-0.057591
-0.041901
-0.226007
0.067215
0.058869
-0.010064
-0.078963
0.013818
-0.107972
0.052816
-0.066025
-0.180385
0.130525
-0.010682
-0.032115
0.157901
0.072721
0.053481
-0.025436
-0.207715
-0.060042
0.048803
-0.062715
-0.250292
-0.118477
-0.082421
0.134399
-0.050483
0.199186
0.069475
-0.097161
0.038720
-0.077113
-0.170166
-0.012049
-0.064469
0.117965
-0.016703
0.273267
-0.044699
0.129116
0.126981
0.197158
0.159730
-0.083005
-0.009348
0.059482
-0.087889
0.020402
0.201017
0.054470
-0.108990
-0.102255
-0.334399
0.092424
-0.063334
0.007480
0.081525
0.009547
-0.115086
0.014377
-0.068116
0.101365
0.072572
-0.019663
-0.008011
-0.213254
0.315081
0.162271
-0.124256
0.139353
0.001766
-0.115167
-0.105541
0.064721
0.042816
-0.000041
-0.065812
0.200718
-0.077169
-0.042699
0.050737
-0.200102
0.157403
-0.112350
0.265086
-0.093685
0.150262
0.026056
-0.077634
-0.043237
-0.002582
-0.104029
0.069971
-0.019987
0.230695
-0.205255
-0.066802
-0.286033
-0.222960
0.181324
-0.319183
0.089501
0.166355
0.006318
-0.056332
0.012662
-0.059047
0.014599
-0.054819
0.020334
-0.028857
0.134676
-0.037193
0.107763
-0.040770
0.239004
-0.052152
0.116038
-0.087278
0.030625
-0.049641
-0.079543
-0.053228
0.171440
0.046332
0.223684
0.103308
0.078326
0.000631
0.024606
-0.112201
0.102187
0.170175
0.108510
0.121366
-0.109837
0.254477
-0.054172
-0.048566
-0.005365
0.071352
0.074686
0.080816
-0.014994
-0.104774
-0.217529
-0.135051
-0.057766
0.032483
0.153621
-0.144745
-0.064622
0.194341
-0.146180
0.283050
0.042581
0.015003
-0.217266
-0.070491
-0.136112
-0.204096
-0.136438
0.134428
0.061415
0.062195
0.088299
-0.145789
0.223425
0.039858
0.053657
-0.049709
-0.007620
-0.032833
0.132550
0.066663
-0.069900
-0.047426
0.258781
-0.159573
0.133364
-0.169455
0.014707
0.207748
-0.070047
-0.111240
0.228998
-0.299915
0.234990
0.016233
-0.146822
0.033853
-0.003376
0.011249
-0.034916
-0.059808
-0.094766
0.040443
0.103564
0.087387
0.076030
-0.111267
-0.003509
0.081905
0.049851
-0.046999
0.090958
0.190445
-0.094845
-0.175356
-0.004513
-0.067882
0.007589
-0.037260
-0.091114
-0.130815
0.223860
-0.146148
0.162992
0.143827
0.014781
-0.064183
-0.064859
-0.077807
0.000179
0.148604
0.117157
0.036520
0.002329
0.164545
-0.133890
0.043506
-0.128923
0.131387
0.207312
0.082992
0.018285
-0.015926
-0.246874
0.112090
-0.037459
-0.332556
0.317050
-0.088123
-0.041207
-0.128669
-0.256495
-0.220579
0.158395
-0.143836
0.193778
-0.100960
-0.126303
-0.007000
0.081565
-0.111150
0.013600
0.238351
-0.075438
0.052389
0.077525
-0.235460
0.332566
0.122310
0.032964
-0.016313
0.134376
-0.129001
0.157556
-0.110926
-0.037530
-0.160246
0.349714
0.156347
-0.055824
-0.076784
-0.274992
0.083658
0.137839
-0.040224
0.158183
0.073037
-0.048866
0.142614
-0.143400
0.087294
-0.171323
0.007090
0.235697
-0.056801
-0.186350
0.148761
0.053712
0.009023
0.143501
-0.085198
0.051686
0.013447
-0.101462
0.040787
0.171945
-0.143576
0.024305
-0.036031
-0.004093
0.110534
0.011716
0.040404
-0.052597
0.058370
-0.031125
0.173100
0.016607
-0.119840
0.026174
-0.166673
0.100269
0.166036
-0.144974
0.105714
0.131462
0.094459
-0.083822
0.182277
-0.130276
0.154890
0.236799
0.131806
-0.120123
0.236005
-0.177942
-0.008845
0.151664
-0.084644
0.063486
-0.102276
0.045909
-0.202204
-0.104691
-0.144296
0.010785
0.200053
-0.128206
-0.067511
0.151817
-0.091944
-0.160571
0.041012
0.010088
0.042899
-0.306998
0.095445
-0.157028
-0.020914
-0.027480
-0.154744
-0.158624
0.132204
0.072982
0.003966
0.129672
-0.151815
-0.030331
0.083338
0.265464
-0.097815
0.082835
-0.290231
0.014198
-0.169979
-0.095763
-0.171037
0.101311
0.163256
-0.061079
0.084431
0.053287
0.309911
-0.019909
0.001025
-0.143163
0.030477
0.032162
0.123654
-0.070254
-0.173012
0.324707
-0.005057
-0.240449
0.085584
-0.096318
0.109960
-0.101429
-0.335722
-0.087120
0.069427
-0.028442
-0.103889
0.087136
0.228799
0.219848
0.094127
-0.105490
0.122496
0.102954
0.142806
-0.174308
0.118624
0.113905
0.110230
0.137838
0.072104
-0.190160
0.056342
0.096298
-0.128845
-0.037237
0.038613
-0.046223
-0.173464
-0.038985
-0.069665
0.004220
0.040055
0.273902
-0.004438
-0.074665
-0.043617
-0.128352
-0.086708
0.100284
0.005323
-0.146805
0.190468
-0.140583
0.047457
0.132272
0.012152
-0.029501
-0.190519
0.144420
-0.080892
0.084904
0.141013
-0.196455
-0.110258
-0.198220
0.047209
0.334854
-0.009195
0.138562
-0.150069
-0.163261
-0.172910
-0.063870
-0.024144
0.041084
0.018910
0.041797
0.157092
0.001152
-0.094791
-0.161574
0.025491
0.009910
0.054616
0.267828
-0.166254
-0.124945
0.031329
0.001914
-0.434767
-0.128368
0.102498
-0.277732
0.128250
0.055799
-0.000307
0.033562
-0.117359
0.107188
-0.123355
0.179924
0.198176
-0.147881
0.156147
0.027007
0.052547
0.265788
-0.056044
-0.200220
-0.000083
-0.032114
-0.133319
-0.023390
0.036344
-0.059991
-0.181492
-0.074194
-0.085732
0.150577
0.119940
0.004679
0.023031
0.007061
0.037649
-0.078415
0.197589
0.010213
0.034235
0.017061
0.205270
-0.248351
-0.085122
-0.154033
-0.130494
-0.020842
0.019771
0.068040
0.055980
-0.090525
0.099580
-0.277836
-0.035944
0.288595
0.035321
-0.126280
0.075716
0.004179
-0.175095
-0.004863
0.130119
-0.098949
-0.068311
-0.123701
-0.092452
-0.010560
-0.000508
-0.249148
0.013816
-0.134030
-0.167211
0.053255
0.015268
-0.163484
-0.069294
0.014440
0.113957
0.169909
0.163452
-0.141534
-0.071897
-0.048984
-0.245485
0.049115
0.324069
-0.081534
-0.098229
-0.151655
-0.009506
-0.062142
0.030147
-0.014090
-0.214666
0.195972
-0.127525
-0.120799
0.116646
-0.185967
-0.116646
-0.172566
-0.152123
-0.016900
-0.044284
0.152251
0.048969
-0.074732
0.104199
-0.105315
-0.090881
-0.039162
0.028492
-0.128227
-0.139692
-0.092000
-0.041606
-0.118413
-0.014347
-0.072611
0.043824
-0.118797
-0.032305
-0.120018
0.084200
-0.117304
0.097890
0.181511
0.170009
0.244328
0.006149
0.087386
-0.112959
0.013100
0.188891
-0.080971
0.079226
0.059430
-0.127547
-0.056743
-0.181787
0.161521
-0.094765
0.188656
0.076080
-0.199693
-0.126115
0.125197
0.000753
0.001089
-0.008463
-0.070028
0.147443
0.406873
0.146823
0.038721
0.065316
0.074518
-0.298264
-0.084654
0.113255
0.178247
0.196993
0.214808
-0.017136
0.108759
-0.141360
0.063826
-0.073540
0.007054
0.105373
-0.039647
-0.063296
-0.009882
-0.143348
-0.215468
0.001553
0.035104
0.130757
0.131712
-0.040883
-0.002579
0.073044
-0.080223
0.126668
-0.197482
0.016212
-0.052624
-0.208935
0.105211
-0.093533
-0.057175
-0.109778
-0.207130
0.135950
-0.073652
-0.141729
-0.102797
-0.364787
-0.135201
0.063598
0.119199
0.022889
0.156312
0.197922
-0.259686
0.131689
0.156153
-0.086853
-0.068017
0.135060
-0.105783
0.028815
0.093477
0.104528
0.089695
0.032440
-0.155316
0.185422
-0.004309
-0.057666
-0.017376
0.136517
-0.002502
0.252173
0.190316
-0.109191
-0.076681
-0.275414
0.068381
0.203221
0.047109
-0.170222
-0.178165
-0.083920
0.087554
-0.052657
0.070916
0.003843
0.086960
0.212629
-0.242401
0.113482
-0.160281
-0.085251
0.005601
0.082693
0.143390
-0.089797
-0.004908
-0.040564
-0.064674
0.227254
-0.037233
0.100774
0.196470
-0.045600
0.118555
-0.099888
0.054203
-0.010818
-0.162720
-0.085695
-0.379878
0.008315
-0.181591
-0.002881
0.139340
-0.048084
0.027294
-0.060785
0.221650
0.023242
0.056410
0.017891
-0.011582
-0.085965
0.086078
-0.197999
-0.051243
-0.015810
-0.171204
-0.069016
0.104099
0.221192
0.114199
-0.084334
-0.066511
0.021672
0.017837
0.087037
0.038418
-0.084973
-0.238159
-0.036293
0.045527
-0.298170
-0.017872
-0.079134
0.099288
0.024569
0.021458
0.279202
0.137432
0.001676
-0.109112
0.213249
-0.128340
-0.285248
0.044709
0.154789
-0.003425
-0.132209
0.215035
-0.051680
-0.042131
0.049613
-0.009600
0.086802
-0.036902
0.088884
0.035819
-0.022815
0.085030
-0.069798
0.146283
0.017965
-0.258670
0.209434
0.058863
0.017246
-0.048255
0.031700
-0.108866
0.024631
-0.060375
0.066762
0.015704
-0.056662
-0.073182
-0.276404
-0.331078
0.125569
-0.047692
0.059345
0.119065
-0.065562
-0.058729
-0.047296
-0.096355
-0.101106
0.073847
0.190564
0.044262
0.025848
-0.028515
-0.076757
-0.023997
0.178159
0.037175
0.149504
0.345039
0.027491
-0.309729
0.118195
0.066096
-0.187449
0.097154
-0.292913
0.088490
-0.231738
-0.145579
-0.300689
0.108715
0.071200
-0.169028
0.005817
-0.089837
0.091099
-0.038558
0.042767
0.036479
-0.096986
0.213610
0.050890
-0.068320
0.055705
-0.042586
-0.055130
-0.208923
-0.148358
0.066553
-0.034202
0.094102
-0.028855
-0.135129
0.111542
-0.044160
0.210918
0.091176
0.008051
-0.093752
-0.001772
0.036119
-0.027694
0.202156
-0.036902
-0.317093
-0.057475
-0.093672
0.004863
0.184258
0.140035
-0.146414
0.003751
0.091936
0.052641
0.054184
0.079030
0.021139
-0.087200
-0.365804
0.113049
-0.187290
0.049019
-0.006536
-0.059809
0.003222
-0.054196
-0.122386
-0.058505
-0.071217
-0.203464
0.043504
-0.056538
0.121410
0.229598
-0.038071
0.061371
-0.147396
0.245803
0.034918
0.254091
0.339488
-0.135944
-0.021552
0.168477
-0.085451
-0.304596
-0.099471
0.149389
-0.315098
-0.027307
-0.144173
-0.046401
-0.133386
0.155985
0.117352
0.094670
-0.077743
0.320534
0.085517
-0.034217
-0.069969
-0.122138
-0.109490
-0.006761
0.128603
-0.017919
0.005825
0.005450
0.229519
0.119475
0.102515
-0.085411
-0.059051
-0.094817
-0.025206
-0.173669
0.172934
0.018633
-0.027417
0.051010
-0.085208
-0.145413
0.130042
0.099063
0.052963
0.073787
-0.084472
-0.097635
-0.027277
-0.143934
-0.254939
0.096970
0.082199
-0.216486
-0.072061
-0.162835
-0.144687
0.012097
0.186723
-0.119816
0.009518
-0.000235
-0.064174
0.025794
0.196814
0.263739
0.026865
0.096153
-0.028412
0.200278
-0.209835
-0.278195
0.036657
-0.227622
-0.089985
0.351446
0.144406
0.193873
-0.032050
-0.089090
-0.182158
0.151071
-0.150056
0.001962
-0.002540
-0.204306
0.203750
0.002819
0.152203
-0.074800
0.023311
0.100344
-0.023749
0.238727
0.080770
0.067962
-0.033748
-0.150219
-0.006557
0.237423
0.274566
0.017704
-0.192376
-0.047323
-0.173665
0.187094
0.075208
0.073933
-0.230916
0.156004
-0.055521
-0.102788
-0.065365
0.187164
-0.159136
-0.017437
0.095966
0.096970
-0.155870
0.062355
0.266708
0.064807
0.096909
0.089560
-0.005815
0.349256
0.061389
-0.013556
-0.002571
-0.169582
-0.112226
0.240833
0.007563
0.091812
-0.052572
-0.205998
-0.037886
0.027906
0.151335
-0.013887
0.222215
-0.066161
0.207643
0.003971
0.050693
0.063849
-0.069710
0.128628
-0.017526
-0.027818
-0.100255
0.026538
-0.173275
0.080629
0.321181
-0.115910
0.082938
0.028381
-0.176351
0.169005
0.091940
0.027424
0.298041
0.420835
-0.142859
0.117824
0.048634
0.148811
0.025846
0.086370
0.054727
0.227702
0.208303
0.229486
0.023503
0.028038
-0.032073
-0.113454
-0.169090
0.099688
-0.188037
-0.033949
0.069393
0.129593
-0.065535
-0.127344
0.032219
-0.140759
0.004170
0.042627
-0.111450
-0.184993
0.150894
-0.144295
-0.097415
0.181327
0.108248
-0.257493
0.058185
-0.000797
0.093391
0.088720
-0.178273
0.167224
-0.046108
0.224999
-0.058676
0.214663
-0.099789
0.027874
-0.122858
0.017035
0.109688
0.061810
0.060358
0.036599
-0.047393
0.036362
-0.063905
0.054767
-0.062517
-0.137150
0.257217
-0.005175
-0.113798
0.024106
-0.075539
0.042612
0.005369
-0.103836
-0.081085
-0.070491
0.234935
-0.002542
0.063063
0.138357
0.054861
-0.000556
0.028281
0.054949
0.120724
0.002752
-0.177735
0.091393
-0.028287
-0.011563
0.094628
0.096560
0.055268
-0.010323
-0.039555
0.267227
0.325708
-0.080460
0.002351
-0.003483
0.168575
-0.054624
-0.087758
-0.222289
-0.202713
0.096471
-0.111878
0.030844
-0.158911
0.040347
-0.063081
0.025137
0.027109
-0.274002
0.057714
-0.174060
-0.024041
-0.139571
0.014240
0.223478
-0.132698
-0.274352
0.107226
0.107195
0.065523
0.260231
0.265820
-0.158897
0.087084
-0.202609
0.021514
0.075114
-0.008871
0.050682
-0.000697
0.032666
0.374602
0.139400
0.117306
0.226726
-0.147985
-0.017312
-0.013837
-0.105603
-0.143115
0.010695
-0.108642
0.017302
0.142559
0.097802
0.084742
0.014234
-0.050647
-0.121355
0.241779
-0.034430
0.101137
0.081617
-0.037771
0.150941
0.033471
0.028446
0.094198
-0.158127
-0.193357
-0.253993
0.186269
0.070558
-0.054017
-0.175886
0.001349
-0.152342
0.076369
-0.002227
0.104119
0.021453
-0.005893
0.085334
0.069491
-0.133603
-0.122365
0.159652
0.310696
0.028911
0.051926
-0.035627
0.146878
0.114190
-0.000918
-0.063467
-0.167069
-0.047864
-0.209383
-0.072648
0.058142
0.075804
-0.023357
0.110137
-0.419949
-0.090059
0.017982
-0.010557
0.026420
0.119331
0.076902
0.246914
0.120603
0.052608
0.073110
-0.249035
-0.115497
-0.062294
0.135682
0.052950
0.053520
0.092471
-0.024442
0.034190
0.120984
-0.220715
0.148458
-0.145375
0.028346
0.056266
0.084312
-0.191166
-0.078818
-0.112538
-0.178216
0.201772
-0.022425
0.321487
0.067355
-0.226668
-0.127794
-0.098772
-0.123240
-0.080825
-0.316391
-0.325996
-0.059678
-0.109835
-0.026437
0.145553
-0.258021
0.107648
0.093599
-0.044161
-0.106527
0.288838
0.045619
0.053628
0.014672
-0.145989
0.169554
-0.058097
0.000301
0.007038
0.088560
0.006079
0.160298
-0.026423
0.217150
0.162902
-0.002955
0.122987
0.088639
0.005735
0.062992
0.064129
0.192414
0.080951
-0.278554
0.160013
-0.089391
0.108236
0.106897
0.219542
-0.226770
0.049802
-0.073019
-0.010308
-0.024141
0.198328
-0.096789
-0.109822
-0.117186
-0.017040
0.138385
-0.176483
0.307195
0.098396
0.011633
-0.041130
-0.167312
-0.178101
-0.037351
-0.005142
-0.008792
0.040044
-0.237625
0.082689
0.013360
0.168682
-0.033125
-0.178162
-0.049444
0.194267
-0.082057
-0.005521
-0.239042
-0.034842
-0.126473
0.000513
0.130450
0.042699
0.010713
0.046834
-0.186252
-0.114054
0.010090
-0.050617
0.114930
-0.145702
-0.149800
0.025646
-0.077070
0.134724
-0.005102
-0.076344
-0.171678
0.030554
0.124984
0.164556
0.026430
-0.063012
0.169987
-0.057972
0.330406
0.066267
0.103528
0.215285
-0.264258
0.043080
0.048820
0.112440
0.006451
0.005756
-0.069486
0.044429
-0.112661
0.142713
-0.111587
-0.089977
-0.059003
-0.271544
-0.243947
-0.003402
0.053254
0.224218
-0.129026
0.064386
0.012881
-0.100329
0.124509
-0.053107
0.161691
0.048338
-0.008025
0.038310
0.263834
0.197622
0.072049
-0.039959
0.023905
-0.045114
-0.009366
-0.022002
0.073258
-0.125000
-0.083795
-0.092582
0.108358
-0.021790
0.117758
-0.002587
-0.285459
0.053039
-0.233462
-0.046620
-0.005606
-0.019097
0.053792
0.086097
0.120921
0.239463
0.004082
-0.083331
-0.215616
0.077180
0.043096
-0.307498
0.235880
-0.136340
0.233173
-0.027279
0.016924
0.154763
0.028574
0.140432
-0.047314
-0.044677
-0.083114
0.015504
-0.077560
-0.074907
0.037864
-0.063981
0.099779
-0.088794
-0.201658
-0.072720
-0.140297
0.190572
0.002179
-0.146635
0.126256
0.107585
0.117714
-0.071483
0.075683
-0.242603
-0.041100
0.061465
0.049389
-0.001576
0.088894
0.181441
-0.065006
-0.143322
0.374288
-0.042699
0.194347
-0.286242
-0.202474
-0.096648
-0.132302
0.074488
0.054469
0.075477
-0.139852
0.031859
0.017660
0.108285
0.173202
0.190969
0.168005
0.088266
0.240973
-0.201373
-0.025557
0.116756
-0.130618
-0.168709
0.093910
0.148179
-0.102468
0.063060
-0.185144
-0.058052
-0.050926
-0.195127
0.111749
-0.276395
0.148547
-0.155174
0.131800
-0.141904
-0.201298
0.091355
-0.132239
0.028246
-0.044106
-0.137774
0.200989
-0.014596
-0.042762
-0.073692
-0.155656
0.330199
0.206809
0.154815
-0.108586
-0.051632
-0.046190
-0.123000
-0.066937
-0.021216
-0.062437
0.041021
0.067825
-0.167759
-0.168712
0.029554
0.004974
-0.074337
0.186384
-0.150054
-0.043683
-0.165044
-0.076002
0.071896
-0.116677
0.102349
-0.122997
-0.006777
-0.109538
-0.077226
0.000727
0.122888
-0.051943
0.026281
0.189323
0.123401
-0.165737
0.199104
0.147131
-0.083282
0.011204
0.224277
0.010437
-0.129367
0.076612
-0.220009
-0.108467
0.183577
-0.106082
0.008410
-0.006764
-0.134052
0.194600
-0.064954
-0.023720
-0.086226
-0.039346
-0.110749
-0.060500
0.108406
0.217243
-0.042806
-0.093070
-0.032068
0.063817
-0.014300
0.003498
0.003185
0.123675
0.137621
0.013330
-0.190364
0.160011
-0.016090
0.043213
-0.303017
-0.115047
0.023666
0.047417
0.100622
-0.154804
-0.048780
0.112328
0.031709
-0.072106
0.040032
-0.024704
0.127937
0.174035
0.269922
-0.090402
-0.071322
-0.012615
-0.025140
0.162841
0.099105
-0.176318
-0.006316
-0.118731
0.023473
-0.004306
0.092106
0.109167
-0.313068
-0.107189
-0.178402
-0.173104
0.061633
0.091719
0.029133
0.056608
-0.190338
-0.114238
0.229693
0.111866
-0.207328
0.195500
-0.033538
-0.040513
-0.105323
0.033628
0.078329
-0.064637
0.238362
0.171416
0.082440
0.041731
0.057133
-0.147985
0.083031
-0.330366
0.163247
0.141549
0.004487
-0.182174
0.254788
0.133842
0.040660
-0.018695
-0.211475
0.162408
-0.076858
-0.091035
0.213941
0.015781
0.092316
0.394672
-0.027182
-0.218043
-0.098626
0.034145
-0.053556
0.088261
-0.162551
0.134813
0.089457
0.139279
0.026512
-0.056397
-0.026174
-0.034254
0.045451
0.092286
-0.040627
-0.401569
0.066690
-0.063408
0.104504
0.162212
0.031593
0.062567
-0.083283
0.008684
0.092230
0.199067
0.142490
0.034364
-0.069188
0.074447
0.001978
0.249743
-0.124893
-0.160360
-0.068209
0.069609
0.163371
-0.025180
0.118374
0.020390
0.015730
-0.004514
-0.069887
0.095504
-0.107287
-0.026214
0.102787
-0.088801
0.013119
-0.086457
-0.327368
-0.027731
-0.123921
-0.160134
-0.150558
0.000389
-0.065449
0.056949
-0.071089
0.195238
-0.054703
-0.155235
0.013608
0.068452
0.124481
0.066760
-0.063423
0.270064
-0.199383
-0.199825
0.428958
-0.144668
-0.089694
-0.071777
0.054466
-0.192386
0.313621
-0.007031
-0.006572
0.117802
0.000346
-0.085991
0.031456
0.143156
-0.138616
-0.072412
0.127410
0.217332
0.262393
0.020868
-0.001653
0.274972
-0.006901
0.110856
0.213749
-0.034577
-0.166064
-0.047530
-0.006773
0.044869
-0.126963
-0.020086
0.180446
0.085359
0.157422
0.181752
0.077705
-0.096881
0.124547
0.036844
-0.049161
0.128518
-0.084374
0.012751
0.103335
0.158220
0.134435
-0.120219
0.016877
-0.058052
-0.190667
0.002813
-0.043051
-0.103373
-0.061327
0.125956
0.120309
0.079725
0.016031
0.291408
-0.010812
-0.108646
0.025504
-0.071865
-0.005346
-0.001080
-0.177439
0.125201
0.001279
-0.151273
0.054724
0.141232
-0.335202
-0.077993
-0.010951
0.199062
-0.012930
-0.162923
-0.148264
-0.264028
0.160417
-0.151454
-0.143641
-0.202162
-0.221816
0.102665
0.141865
0.155204
-0.253957
0.000403
-0.116331
-0.145462
0.019150
-0.014574
0.152282
0.063211
0.089805
-0.021427
-0.187189
-0.182724
0.118118
0.066883
-0.119649
-0.085430
0.112844
-0.008499
0.035739
-0.067875
-0.036603
-0.083301
-0.034861
-0.243011
0.183621
0.058075
0.214168
-0.050226
-0.051150
0.062568
0.012465
-0.004194
0.053267
-0.072141
-0.012501
0.017440
0.091184
-0.040409
-0.143034
0.260651
0.046875
0.072701
0.007293
0.142988
-0.085140
0.220120
-0.256724
0.171929
-0.128130
0.089252
-0.042927
0.005575
-0.202475
0.084759
-0.018700
-0.009121
-0.088881
0.164870
-0.073212
-0.062823
0.078592
0.088292
-0.119658
0.066829
0.035378
0.043266
0.013875
-0.049503
-0.027416
0.044519
0.081230
-0.326004
0.258973
-0.096097
-0.108600
-0.064754
0.036252
-0.117989
0.067112
0.021302
0.006054
-0.050625
-0.094648
-0.119540
0.027877
-0.121703
0.133890
0.221005
0.036841
0.067889
-0.185893
-0.032416
0.009446
-0.028959
0.312464
-0.015240
-0.132563
0.147365
0.094968
-0.045918
0.122081
0.091312
-0.043517
-0.103248
0.085508
0.029460
0.085106
-0.222614
0.024378
0.028094
0.175725
-0.168336
-0.101748
0.062782
-0.011577
-0.255828
0.013195
0.221683
-0.144307
-0.222385
0.278302
-0.072255
0.117713
0.176425
-0.072724
0.049196
-0.092928
-0.028022
0.036736
0.097619
-0.085370
0.071522
-0.164955
-0.032215
-0.025601
0.091349
-0.108678
-0.162576
0.031779
-0.133836
0.037492
-0.102289
-0.018293
0.033759
-0.020570
-0.115269
0.171040
-0.335775
0.137305
0.146551
0.219265
-0.089529
0.154320
0.213910
-0.068952
0.175961
-0.075251
0.097800
-0.016080
-0.023782
0.111807
-0.080060
0.018294
-0.000276
0.061631
-0.029128
0.060445
0.030732
-0.167063
0.033282
0.115037
0.027914
0.021664
0.017559
0.122292
0.014138
0.326704
0.201916
-0.037779
0.238919
-0.178569
-0.019536
-0.080222
-0.046904
0.169849
0.099994
0.000228
0.019644
0.041728
0.061507
0.134586
-0.127656
-0.121575
0.092961
-0.185270
0.152961
-0.144250
0.172187
0.148203
-0.036245
-0.093691
0.227945
0.220045
-0.085774
0.041796
-0.252220
-0.140605
-0.172569
0.032306
0.068020
-0.039088
0.020328
0.013629
-0.081596
-0.056624
0.175443
0.009207
-0.181726
-0.080357
-0.102488
0.039582
-0.191479
0.064844
-0.038175
0.052629
-0.146444
-0.145834
0.010513
0.077365
-0.127330
0.070067
0.071835
0.012633
-0.029884
0.095519
0.173625
0.072520
0.048667
-0.025776
0.106398
-0.046088
-0.199817
0.230576
0.020374
-0.181875
-0.103120
-0.187564
0.116916
-0.042306
-0.282126
-0.166304
-0.104288
-0.081980
-0.068231
-0.151384
-0.036588
0.000253
-0.186625
-0.040283
-0.121351
0.011964
-0.065596
-0.075503
0.056851
0.133660
-0.215190
-0.176629
-0.203461
-0.084730
0.057715
-0.267127
-0.026081
0.068936
-0.295808
0.027503
0.060168
-0.097207
0.080617
0.019520
0.073205
0.060714
-0.065841
0.083046
-0.154258
-0.186308
0.167178
0.083464
-0.160833
-0.078081
0.005160
0.025846
0.065596
-0.121865
-0.212719
0.092660
-0.079326
0.012374
-0.035896
-0.245996
0.149844
0.065951
0.002720
-0.023373
-0.020350
-0.018500
-0.267071
-0.059717
-0.077750
0.149768
0.134552
-0.149109
-0.195691
0.014178
0.064843
0.084069
0.080385
0.202368
-0.096602
-0.171648
-0.248803
-0.003997
-0.209579
-0.070451
-0.155804
-0.042991
-0.079596
-0.155724
-0.042973
-0.254724
-0.019853
-0.020721
0.071185
0.100357
0.035226
0.034333
-0.068395
-0.018354
0.077569
-0.080887
-0.139571
-0.217591
0.160485
-0.046208
-0.069147
0.121879
-0.006837
-0.009575
-0.035256
0.029058
0.173882
0.111517
0.109596
-0.134326
-0.112535
-0.180831
-0.055935
0.060250
0.154958
0.162681
0.039496
0.249205
0.256518
-0.017379
-0.195127
-0.258675
0.090276
-0.225365
0.160101
-0.029818
-0.139011
-0.159585
-0.049552
0.016974
-0.077655
-0.076243
0.001348
-0.100783
0.145376
-0.186320
-0.051596
0.143310
-0.174508
-0.043188
-0.260017
-0.132901
-0.011088
-0.033941
0.024807
0.111798
0.105444
0.172983
0.064489
-0.347760
0.217490
-0.014737
-0.004391
-0.008461
0.038881
0.042716
0.053719
0.002766
-0.151723
-0.483048
-0.077329
-0.191278
0.020732
-0.032248
0.016524
-0.131375
0.026659
0.008678
0.061251
0.099817
0.038731
-0.000094
-0.100472
0.077826
0.196813
-0.209655
-0.202425
0.286302
-0.065652
0.024075
-0.163051
0.061656
0.122269
-0.101854
0.006093
-0.100717
0.062216
0.210358
-0.043101
-0.158910
0.176487
-0.267241
-0.047057
0.246672
-0.070642
0.026656
-0.039012
-0.149232
0.049181
-0.067731
0.077553
0.050309
0.070821
0.047706
0.030830
-0.051864
-0.086261
0.095745
0.067337
-0.061772
-0.205228
0.014419
-0.253483
-0.210955
0.028139
0.201033
0.089664
-0.079973
-0.229794
0.071154
-0.129281
-0.083288
0.066251
-0.102357
-0.020690
-0.129123
0.053755
0.003476
-0.020523
0.025720
0.117857
-0.059779
0.114929
0.007219
0.004531
0.097819
-0.120388
0.110978
-0.063666
-0.121752
-0.160159
-0.009457
-0.074943
-0.066335
0.123051
0.131499
0.098274
0.024577
0.127990
0.031890
-0.024929
0.010115
0.010923
0.040472
0.137218
0.017700
0.057524
-0.333959
0.085784
-0.158939
-0.109382
-0.215872
0.195350
-0.104123
0.194051
-0.049584
0.341045
0.207532
-0.041993
0.015134
0.012470
-0.119839
-0.141725
0.093427
0.157619
0.098468
0.002866
-0.238457
-0.016100
-0.126132
0.098278
0.142205
0.015783
-0.286298
-0.218408
-0.218545
-0.161641
-0.034832
-0.014069
0.071581
0.043310
0.006135
0.111968
-0.216721
-0.139762
-0.015458
0.103433
0.327780
0.014439
-0.065726
0.022862
0.130368
-0.119747
-0.085239
-0.198922
-0.059614
0.259058
0.013125
-0.031858
0.165814
-0.054874
-0.125239
0.059246
0.059786
0.020357
-0.006355
0.125842
-0.195851
0.086983
0.062013
0.165169
-0.082868
-0.094401
-0.095193
-0.007547
-0.300051
-0.018618
-0.025208
-0.040945
-0.069995
-0.122050
0.063566
-0.018313
0.168661
-0.156110
-0.188147
0.056638
0.176032
-0.069735
-0.057435
-0.093157
0.028035
-0.114352
0.146729
-0.055576
-0.059914
0.089489
0.164824
-0.117431
0.001712
-0.150086
-0.027576
-0.140180
0.111939
-0.049119
0.107985
0.032708
-0.052897
-0.100609
-0.154505
0.005251
-0.023520
-0.024575
-0.084978
-0.180903
0.043403
-0.131030
-0.123941
-0.084951
0.043308
0.101219
-0.156060
0.074898
-0.197526
0.009325
0.146684
-0.071456
0.098212
-0.102937
-0.304414
0.133293
0.159395
-0.062892
0.001575
0.163359
-0.210434
-0.069810
0.094253
0.049216
0.113153
0.000696
-0.129087
0.026929
0.103417
0.039861
0.063680
0.040263
0.056530
0.081762
-0.006006
0.063759
-0.149693
0.156632
0.143999
0.010121
0.203091
-0.120302
0.097739
0.020281
0.055691
0.405594
0.326620
-0.005072
0.155218
0.348685
-0.250352
-0.021650
-0.052786
-0.014764
-0.093839
-0.066084
-0.081929
0.098663
-0.075546
-0.148880
0.030580
0.047623
-0.142486
0.100413
0.060312
-0.052429
0.028092
-0.224511
-0.022431
0.008362
-0.180157
-0.080152
0.123858
0.053101
-0.112389
-0.198200
-0.133766
0.123433
0.011245
0.039704
-0.341829
0.278015
-0.025505
0.038349
0.073720
0.102352
0.025169
0.068045
-0.206921
0.044343
-0.051320
0.200098
-0.207585
-0.061930
0.210573
0.157196
0.080697
0.114957
-0.100427
-0.152859
-0.099080
-0.085492
0.190009
-0.086691
0.054961
-0.053921
-0.082263
-0.021640
0.320547
-0.085642
-0.088157
0.049661
-0.035298
-0.063492
0.060638
0.154220
0.007659
0.206881
0.314345
0.023732
-0.086544
-0.088173
0.086619
-0.013800
-0.087738
0.194646
0.017920
-0.093901
-0.127027
-0.017951
-0.131118
-0.189419
0.090954
-0.033697
0.193930
-0.019211
-0.009215
0.067291
0.007114
-0.195541
0.121019
0.250086
-0.136911
-0.050847
-0.111015
0.185833
0.047911
0.164017
0.112910
0.059804
-0.108578
0.003413
-0.022498
-0.061493
-0.225206
-0.239560
0.022820
0.122326
0.018956
-0.219889
-0.081424
-0.124985
-0.074827
-0.003537
0.022873
0.059127
-0.163885
-0.183776
-0.085201
-0.058264
0.248452
0.099053
-0.032772
-0.053286
0.051784
0.201569
-0.195731
0.217707
-0.154969
-0.188602
0.099124
0.142747
-0.175782
-0.074780
-0.141503
0.039633
0.147756
0.185092
-0.411730
0.217449
-0.005350
0.076151
-0.003949
0.100971
-0.145770
-0.097823
0.075722
-0.017438
0.103442
-0.178292
0.053107
-0.063927
-0.172381
-0.165101
-0.013858
0.214980
0.164791
-0.008334
0.045613
0.034634
0.155302
-0.041183
0.029619
-0.062520
0.061028
-0.008402
-0.147409
0.118742
0.059546
-0.040255
-0.068960
-0.124363
-0.191206
0.047211
-0.058138
-0.148455
-0.066856
0.157094
-0.031951
-0.277851
0.238734
-0.215257
-0.016621
0.021284
0.032075
-0.050890
-0.107331
0.266009
-0.077985
0.005835
-0.024355
0.046190
-0.020451
-0.011034
0.015493
0.171645
-0.083948
0.051098
0.124752
0.011073
-0.047165
-0.042917
-0.028483
0.073615
-0.111587
0.140741
0.053949
-0.131412
0.079561
0.025401
-0.104140
0.054487
0.093226
0.142245
0.041220
0.009288
-0.068966
0.059061
-0.051106
-0.211320
-0.081833
0.064178
-0.077476
0.019865
0.003988
-0.088659
-0.083269
0.041213
0.190532
0.015621
-0.014624
-0.133976
0.017311
0.127970
0.087003
0.032183
-0.170542
-0.166157
0.072581
0.183322
-0.349719
-0.246792
-0.052905
0.184640
0.044676
-0.124578
0.044515
-0.071559
0.006992
0.125316
-0.117155
-0.006047
0.171038
-0.089382
-0.194313
-0.124642
-0.114293
-0.062184
-0.037185
0.295164
0.144182
-0.055004
-0.112715
0.226145
-0.252872
-0.115593
0.172709
-0.020689
0.091747
-0.286808
0.097047
0.297689
-0.101787
0.028378
-0.100370
0.043812
-0.150645
0.038270
-0.116636
-0.144780
0.129237
0.178260
0.190581
-0.042176
0.012303
0.031775
-0.154932
-0.006138
-0.032863
-0.052230
-0.010476
0.140620
-0.170928
-0.040645
0.095214
0.234265
-0.295644
-0.087053
-0.067809
0.206662
-0.133584
-0.300196
-0.068725
0.101171
-0.038172
0.162756
0.139902
0.014898
-0.127835
0.083142
-0.273498
-0.018275
-0.118945
-0.190357
-0.118444
0.024563
0.100017
0.022833
-0.052700
0.051480
-0.211025
-0.213808
-0.083619
0.002944
0.209514
-0.212787
-0.177530
0.021387
0.010043
-0.230672
0.131949
0.009663
-0.152359
-0.004947
0.026165
0.080200
0.202541
0.182948
-0.018810
-0.020011
0.138530
0.000557
-0.108018
0.092244
-0.000703
-0.013146
-0.042924
0.193699
-0.215475
0.018972
-0.255566
-0.081248
-0.047794
-0.385965
-0.188144
-0.066176
-0.020233
-0.040382
-0.058961
-0.024727
-0.034312
-0.026844
-0.035436
0.136067
-0.130668
-0.081185
0.098180
0.060287
-0.006533
-0.099457
0.179035
-0.011328
0.244049
0.089000
-0.245262
-0.149624
0.099027
0.096481
0.250581
0.059741
0.019491
-0.055811
-0.271149
-0.403094
-0.068813
0.041166
0.090917
0.152648
-0.136550
-0.215453
-0.041931
0.148946
0.115217
-0.133325
0.074055
-0.115308
0.204590
-0.029461
0.194620
-0.065629
-0.006288
0.040594
0.078865
-0.050501
-0.104731
-0.225204
0.013780
-0.007044
0.062532
-0.211123
-0.076890
0.114115
-0.229653
-0.149822
0.051297
0.075357
0.123299
-0.183455
-0.082363
-0.046475
-0.113386
0.033712
-0.215367
-0.044231
-0.005866
-0.063085
0.060113
-0.308486
-0.198664
-0.029224
-0.014414
0.003204
-0.145229
-0.042064
0.267709
0.010138
-0.166755
-0.172197
-0.048794
0.244979
0.072070
-0.063958
0.166895
-0.028394
-0.175232
0.295569
-0.164102
-0.223198
0.275105
-0.186139
-0.012682
0.055794
-0.008558
-0.091867
0.200089
0.152999
0.147740
0.009761
-0.102845
-0.051401
-0.028086
0.133635
-0.086381
-0.183164
-0.040572
-0.041388
0.003371
-0.179119
-0.024524
-0.111343
-0.073981
-0.073777
0.028352
0.161892
-0.177024
0.056326
0.086049
0.226925
-0.012224
-0.156925
0.058761
0.042776
0.081249
-0.479838
0.086589
-0.099368
0.004738
0.249575
0.198976
0.085761
0.122587
0.038342
0.072411
-0.139013
-0.083641
0.051371
0.287766
-0.110646
-0.044181
-0.150471
0.125421
0.046796
0.120666
-0.144325
0.039498
0.098307
0.232880
-0.028115
-0.019281
-0.063993
0.105496
-0.069734
-0.242914
-0.041961
0.145081
-0.076598
0.024551
-0.059236
-0.099738
-0.206826
0.124470
0.028703
-0.061261
0.180936
0.022615
0.047329
-0.199078
0.037118
0.281438
0.300377
0.052031
-0.030626
0.079272
-0.121277
-0.193079
-0.026332
-0.059137
-0.047113
0.278013
-0.020051
0.114853
0.142675
0.081815
0.117258
-0.004999
-0.071672
-0.109821
-0.083948
-0.111893
-0.012779
-0.002631
-0.027143
0.041332
0.134825
-0.024136
-0.055171
0.335650
0.194287
0.128261
0.097236
0.200713
-0.103985
0.027931
0.120838
0.085156
0.202431
0.054314
-0.061081
-0.086162
0.105957
-0.133343
-0.076405
0.157278
-0.037969
-0.043461
0.018231
0.023696
-0.053245
0.185032
-0.060242
-0.158909
0.002397
0.049921
0.041590
0.000958
-0.120452
0.148590
0.005364
-0.024254
-0.106003
-0.036336
0.199090
-0.016453
-0.073786
-0.085641
0.016466
-0.033712
-0.017650
-0.005248
0.072787
0.006466
-0.095203
0.019334
0.031298
-0.076709
-0.123855
-0.061742
-0.101127
-0.088834
0.090990
0.011866
0.403130
0.066920
0.132396
0.143104
-0.225896
0.083930
-0.121827
0.277455
0.145443
0.045734
-0.042551
-0.055023
-0.330596
-0.212119
-0.076507
0.234129
0.354682
0.045415
-0.069519
0.066810
-0.080621
0.258447
-0.114326
0.130261
-0.000728
0.266451
-0.273140
-0.253637
0.084012
0.097877
-0.021244
-0.002558
0.075367
-0.112970
-0.172370
-0.082674
0.020889
0.241981
0.072905
-0.178302
-0.007778
-0.278526
0.063272
-0.057926
0.247648
0.069374
-0.020715
0.064289
0.126336
0.028755
-0.046367
0.017856
-0.015029
0.013722
0.101867
0.044456
0.247448
-0.142450
-0.201721
-0.183047
-0.070708
-0.038029
0.229240
0.114490
0.010724
-0.292042
0.150589
0.148980
0.254483
0.080040
0.103255
0.050478
0.050767
-0.010256
-0.019705
0.000364
0.119763
-0.242883
0.149467
-0.390892
0.002002
0.157035
-0.145105
0.221879
-0.246478
-0.104427
0.016160
0.061747
0.006284
-0.023285
0.109266
0.001173
-0.055776
-0.061432
-0.002681
0.057894
0.198120
-0.005288
-0.049656
-0.025358
-0.016438
-0.145036
0.059703
-0.093281
-0.285149
0.024982
0.007232
0.147426
0.015705
0.019392
-0.037361
-0.027406
-0.016365
-0.048516
0.064472
0.162496
-0.058155
0.173247
0.027468
-0.191877
-0.178265
0.049343
0.216372
-0.011989
-0.068617
-0.045326
-0.073578
-0.045972
-0.087383
0.079717
-0.351088
-0.013329
0.042636
-0.095511
0.017265
0.074957
0.029684
0.088877
0.097880
-0.126707
-0.057668
-0.102983
0.374211
0.026909
-0.130692
0.238461
0.087473
-0.154170
-0.136172
-0.074789
0.122885
-0.021617
0.092227
-0.101770
-0.094680
-0.147744
-0.113407
0.169339
-0.011137
-0.142028
0.067217
0.178477
0.091924
-0.051287
-0.106528
-0.100872
0.015971
0.088548
-0.052218
0.234308
-0.053907
0.107031
0.253728
0.009617
0.165275
-0.022439
0.170013
0.061336
0.316243
0.096576
-0.042645
-0.009312
0.076432
-0.143101
-0.143200
0.006339
0.152386
0.058201
-0.027664
-0.157439
0.056048
-0.106840
-0.017090
0.079879
-0.009687
0.112034
0.009123
0.034787
0.101491
-0.073015
-0.107593
0.095969
-0.244951
-0.025574
-0.147876
-0.016225
0.313458
-0.033341
-0.160806
-0.135002
-0.037951
-0.015349
-0.040633
-0.202638
-0.032778
0.009827
-0.172290
-0.033615
0.003626
-0.266942
0.040081
0.148632
-0.078678
0.014839
0.014137
-0.032059
0.113830
-0.035996
0.181561
-0.154378
0.024929
-0.071577
-0.052307
-0.011850
-0.141590
0.085035
0.057669
-0.020835
-0.019809
-0.268301
0.009748
-0.117782
0.114419
0.046163
-0.010536
0.011678
0.285425
-0.429022
-0.158273
0.162429
-0.080567
-0.096906
0.009024
0.161948
-0.059834
0.454999
0.043003
0.034215
0.075976
0.165143
-0.196119
-0.082265
0.062474
-0.152265
0.020317
0.066671
-0.002957
-0.169219
-0.023218
0.036424
-0.298832
-0.082204
-0.084459
-0.156523
0.059418
-0.167960
0.134749
-0.005011
-0.311195
0.123179
-0.002215
-0.101553
0.000476
-0.041238
0.200925
0.091707
0.112138
-0.027628
0.039414
0.049696
0.038346
0.056492
-0.210196
0.000954
0.036933
0.026774
-0.085688
-0.107392
-0.227351
0.062118
-0.236032
0.014332
0.071133
-0.085724
0.061986
-0.043623
-0.138902
-0.104833
0.123117
0.114885
0.077231
-0.012009
0.076703
-0.045469
0.170542
-0.058614
-0.098063
0.040722
-0.106615
-0.039527
-0.044047
-0.172122
0.280874
-0.026763
0.165292
0.208545
-0.102141
0.362631
0.055380
-0.141015
-0.139444
0.034568
-0.186857
0.119568
0.108486
0.011133
-0.006532
0.271301
-0.174238
0.169956
-0.159319
-0.154490
0.034881
0.012394
0.074214
-0.080596
0.193871
-0.073223
0.201695
-0.074582
-0.059847
0.167196
0.148616
0.085796
-0.144528
0.381502
0.220813
-0.248750
-0.042219
0.075738
0.023759
0.225931
0.151552
0.083843
-0.188954
-0.002594
-0.132204
-0.226093
-0.097163
0.057836
-0.026676
-0.057497
-0.076646
-0.155314
0.042824
0.181575
0.000864
-0.181638
0.002390
-0.109851
0.171064
-0.075500
0.030115
-0.121749
0.067166
-0.101414
0.018113
-0.159110
0.051506
0.118936
-0.087035
0.122566
-0.013401
-0.197399
-0.184160
-0.094984
0.048881
-0.277701
-0.204791
-0.074741
-0.083516
-0.134599
0.134600
0.201235
0.004198
0.144919
0.062208
-0.165157
0.171166
0.093838
0.107530
-0.158725
-0.237930
0.059403
0.147714
0.075767
0.008766
-0.024514
0.014615
0.103691
0.022413
-0.042522
0.002665
0.097877
0.060617
-0.097008
-0.196691
-0.092213
0.072734
0.010581
0.111515
-0.118027
0.040222
0.011784
0.049468
-0.173667
-0.321842
0.115146
0.090677
0.138345
0.126714
-0.017250
-0.040183
-0.217359
-0.199115
-0.219279
0.034092
0.113532
0.047773
-0.199882
0.062042
-0.186128
-0.049614
0.027210
0.028282
0.009269
-0.048399
-0.107677
-0.106139
0.022477
0.025897
0.110444
0.133403
0.163438
-0.129513
-0.139701
0.211901
-0.029875
0.037350
0.051262
0.089504
-0.079736
0.065742
-0.041117
0.019031
0.169482
0.054653
-0.115551
0.108586
-0.007779
0.231867
-0.071452
0.026563
-0.304033
-0.324988
0.256702
0.108722
-0.012324
-0.045377
0.266782
-0.155278
-0.029169
0.092044
0.270005
0.202153
0.088160
0.023361
-0.045484
0.020430
-0.168117
0.120656
-0.157576
-0.067448
0.100164
-0.114516
0.056312
0.124924
0.045132
-0.030405
0.135472
-0.119240
0.157226
0.115788
-0.016689
0.073170
0.036387
-0.006468
0.002300
0.014937
0.016373
-0.195397
-0.300183
0.109922
0.093749
-0.169897
-0.121976
0.097559
0.181610
0.275852
-0.040121
0.175037
-0.042732
0.109363
0.210551
-0.073243
-0.177174
-0.074205
-0.039091
-0.181343
-0.152562
0.003940
-0.043542
-0.001132
-0.150949
0.090304
0.054654
0.111015
0.132412
0.023241
-0.016011
-0.071587
-0.051865
0.058344
0.101902
-0.253590
0.140616
-0.207381
-0.001412
-0.019220
0.062395
0.057210
-0.173688
0.065925
-0.059963
-0.085917
-0.032902
-0.283389
0.082065
-0.155321
-0.007212
-0.141235
0.020331
-0.019647
0.105255
-0.052862
-0.053524
0.170140
-0.045978
0.014025
-0.215380
0.068549
0.165813
0.012236
-0.147572
-0.170539
0.216232
0.079271
0.172541
-0.044749
-0.181450
-0.023570
-0.014735
0.140026
0.219107
0.037167
-0.041481
0.168339
0.073478
0.204616
0.092410
-0.082280
0.054381
-0.071716
0.004252
0.035275
0.014321
-0.037954
-0.036285
-0.020780
0.054115
0.218401
-0.266386
-0.169695
-0.156852
0.048014
-0.133669
0.026697
-0.200757
0.250440
-0.027881
0.003108
-0.195599
0.173490
0.002045
-0.043029
0.067123
0.188078
0.122140
0.145729
0.104185
-0.072958
-0.081394
0.078573
-0.164189
-0.091264
0.193086
-0.160264
0.118849
0.077146
-0.045273
0.113291
-0.129286
-0.229074
-0.224747
-0.047879
0.137871
-0.065579
-0.017860
0.106060
0.071518
0.077907
0.025291
0.043461
0.138928
0.011470
-0.152879
0.073923
-0.288659
0.009556
-0.117897
0.105814
0.129386
-0.051744
-0.028615
-0.047288
-0.236020
-0.101187
-0.030363
-0.082663
0.139758
-0.249051
0.059862
-0.135133
-0.035142
0.032713
0.137524
0.172302
0.162869
0.122978
0.206371
0.154326
-0.105933
-0.141591
-0.062050
-0.111772
0.083157
-0.035436
0.098702
-0.013308
-0.074780
0.149264
-0.074088
0.154245
0.061010
-0.039958
-0.077256
-0.184746
-0.057471
-0.108180
-0.078009
0.033307
-0.058080
-0.014202
-0.006514
0.065103
-0.089257
-0.006720
-0.071742
0.003682
0.044605
-0.062143
0.022922
-0.027531
-0.225484
0.084515
0.115237
0.021307
-0.390172
0.108837
-0.037386
0.222474
-0.089806
0.062354
0.110893
0.116265
-0.005779
-0.260216
0.002214
0.112076
-0.024675
-0.207559
-0.021107
-0.125373
0.060295
0.082364
0.031700
-0.058370
-0.031043
-0.024298
0.196516
-0.075669
-0.219807
0.093959
0.011740
0.287889
-0.231258
0.041273
-0.019442
0.115820
0.071267
-0.038824
0.032351
-0.032377
0.050723
0.060795
-0.274216
-0.104644
-0.011944
0.018125
-0.062525
-0.090799
0.234220
-0.046086
0.171479
-0.022025
-0.141865
0.042900
0.114861
-0.049347
0.136394
0.021069
0.102647
0.168661
-0.058575
0.056289
-0.176393
-0.200064
0.119680
-0.148167
0.049230
0.123366
-0.176730
0.139294
0.240453
0.136998
-0.283358
-0.117642
0.102920
-0.091587
-0.037625
0.145091
-0.025332
0.031730
-0.051928
0.227215
-0.126343
-0.198419
0.044602
0.003193
0.011418
0.015134
0.080305
0.163006
-0.013322
-0.007573
0.266139
0.210527
0.011488
-0.024302
-0.198153
0.057131
-0.220146
0.049190
-0.115638
-0.072732
-0.201248
-0.032620
-0.023668
-0.185794
0.212863
0.181906
0.054045
0.052270
0.364738
0.031892
0.061587
-0.009902
-0.005076
-0.018468
-0.047067
-0.019433
-0.012825
-0.119955
0.064989
-0.198910
0.087783
-0.061224
0.101192
0.180663
0.134002
-0.105813
0.147254
-0.013151
0.120417
-0.254460
-0.127723
-0.225653
-0.118687
-0.076557
-0.097113
0.114021
0.103461
-0.065665
-0.076565
0.007593
-0.025762
-0.116063
0.094303
-0.112988
0.019320
0.234290
0.101267
-0.175699
-0.133789
-0.121130
0.282850
0.115091
-0.109106
-0.036696
0.145170
0.089660
-0.071859
-0.016121
0.000431
-0.119221
0.035369
0.000617
0.044682
-0.075518
0.170145
-0.003077
-0.169731
-0.081054
0.060041
0.082003
0.057263
0.118195
-0.027897
0.000451
-0.110859
0.050241
-0.057698
0.121583
0.018280
-0.431947
0.012772
0.078365
-0.007816
-0.109258
0.082275
-0.051926
-0.029924
-0.224653
-0.094256
-0.190399
0.064104
-0.090514
-0.134170
-0.071418
-0.208810
0.105875
0.393149
0.132927
0.001786
-0.008993
0.291434
-0.096520
-0.122310
0.121750
0.032283
0.103175
0.100793
0.086782
-0.095199
-0.209934
0.172695
-0.011024
-0.047958
0.195445
0.090425
0.032105
0.030970
-0.181264
0.190276
-0.011128
0.168586
-0.134227
-0.023383
-0.045961
-0.050380
0.012230
0.186172
0.154013
-0.061620
-0.100257
-0.095249
-0.056925
0.058254
0.183912
-0.019348
0.191354
0.052746
-0.076206
0.007467
-0.216695
0.039908
-0.043583
-0.032205
-0.159761
0.131871
0.142247
0.000540
-0.169784
0.141083
0.051171
-0.136930
-0.175363
-0.122351
0.118726
-0.140037
-0.043048
-0.078718
-0.127306
0.004391
0.048917
0.047008
-0.097233
0.093126
-0.384061
0.051377
-0.081133
0.118822
-0.034618
0.066825
-0.159632
0.080940
-0.197887
0.051708
-0.220868
0.145226
-0.105200
-0.219977
-0.064480
0.240053
0.065251
0.152567
0.143457
0.079157
-0.193069
-0.076328
0.162804
-0.119065
0.206296
0.081470
-0.106422
0.037472
-0.143350
0.024913
-0.130997
0.018951
0.120701
0.112777
-0.032620
0.055895
0.104340
-0.007531
0.059401
-0.062660
-0.132145
-0.214551
0.000007
0.203173
0.046088
-0.080735
-0.224546
0.199415
0.044153
0.057595
-0.107032
-0.095345
-0.201074
-0.154781
-0.223606
-0.288224
0.227104
0.001156
0.246439
0.167484
-0.112307
0.124001
-0.068249
0.310332
-0.000792
-0.035596
-0.065407
-0.081832
-0.148850
0.110073
-0.053980
0.044233
0.291148
-0.070495
0.123438
0.125594
0.079234
-0.038517
-0.168137
0.098980
-0.010123
-0.035846
-0.138570
-0.245070
-0.094411
-0.333680
-0.128006
-0.157952
0.349783
-0.180563
-0.179597
-0.026486
0.055534
-0.050024
-0.072474
0.179949
0.066121
-0.047802
-0.035222
-0.008715
0.008799
0.000193
0.213639
0.157300
0.037841
0.216960
0.058604
-0.196415
-0.001913
-0.160512
-0.044993
-0.036275
-0.128092
0.021149
0.052206
-0.043418
-0.214007
-0.023874
0.107659
-0.002784
-0.056399
-0.264084
0.033442
-0.146073
-0.090845
-0.243335
-0.071904
-0.020467
0.209748
-0.108911
-0.078303
-0.352542
0.064664
-0.015457
0.128195
0.048528
0.085437
0.327639
0.064865
0.110264
-0.127363
-0.042432
-0.007413
-0.124758
0.110940
-0.000277
0.105930
0.029550
0.069256
-0.014106
-0.097268
-0.178148
-0.058871
-0.283081
0.072834
-0.178222
0.177182
0.037867
-0.051467
0.070121
-0.092715
-0.046852
-0.004849
0.228351
0.013907
0.079699
0.118031
-0.059160
-0.147285
-0.068726
-0.178521
0.083233
0.023628
-0.148076
-0.249360
0.005275
-0.051585
0.022636
0.049487
-0.069728
-0.030562
0.171755
0.131816
-0.197132
0.012381
0.011166
-0.007119
-0.080998
0.149677
0.045319
-0.085298
0.077543
-0.041702
-0.298726
0.022343
0.041326
0.141666
0.087921
-0.077965
0.041499
0.054759
-0.195214
0.120023
0.036984
-0.092399
0.102007
0.050744
-0.015114
-0.090424
-0.035201
0.035966
-0.095717
-0.186787
0.046308
0.235038
0.185816
-0.126270
0.049930
-0.000717
0.269323
0.125894
-0.019896
-0.130924
-0.149113
-0.323064
-0.024798
-0.027302
-0.317133
-0.036742
0.121921
0.122407
-0.007875
0.076787
-0.104683
-0.068610
0.020678
0.302101
-0.313634
-0.092012
0.036687
0.051060
0.376824
-0.174886
-0.107975
0.050998
-0.237721
-0.011499
-0.059080
0.066765
-0.165033
-0.275413
0.009024
-0.094781
-0.158260
0.046399
0.034182
-0.155377
0.084958
0.014504
0.004815
0.141266
-0.067368
-0.020755
-0.147252
-0.012800
0.073419
-0.036948
0.004650
-0.084839
0.155885
0.113792
0.014324
0.147158
0.073493
-0.268043
-0.061191
0.249636
-0.285407
0.219705
-0.051355
0.116758
0.128664
-0.040774
-0.285622
0.234535
0.036991
-0.127331
-0.020498
-0.138516
-0.039696
-0.037500
0.031008
-0.204722
0.260174
-0.131722
-0.097277
0.063342
0.116011
0.138170
-0.048325
-0.036890
-0.038806
-0.270010
0.007200
-0.198006
0.119832
0.027132
-0.112660
0.215330
0.128994
0.148049
-0.040099
-0.002813
-0.156763
-0.124038
-0.083203
0.028375
-0.049665
0.006759
-0.057390
0.073216
-0.082654
0.043373
-0.007094
-0.018036
0.004859
0.065716
-0.062991
-0.267058
-0.117265
-0.072372
0.067567
0.141699
-0.054427
0.021670
-0.231709
-0.172341
0.122549
0.126448
-0.164056
-0.239679
0.003731
-0.089408
-0.001241
-0.037975
0.005575
0.043116
-0.193874
-0.094102
-0.027163
0.147007
-0.067294
-0.107060
0.012970
-0.045296
0.045426
0.164132
-0.055453
-0.082067
-0.327700
0.229954
-0.025421
-0.100841
0.100251
-0.029117
0.050357
-0.032838
-0.207289
0.196559
-0.024837
-0.057429
-0.256260
0.102345
-0.088971
-0.196762
-0.059511
0.109844
-0.150235
0.001675
-0.220606
0.357148
0.089536
0.181827
-0.070231
-0.112165
0.034222
0.250929
-0.129570
0.034502
-0.152927
-0.186973
-0.082577
-0.016616
0.079888
-0.142306
-0.114836
-0.052303
0.258372
0.170178
-0.051676
0.134934
-0.264407
0.335376
0.009701
0.075682
-0.068832
-0.084467
0.018873
-0.063019
0.203628
0.055040
-0.034139
0.001015
-0.229219
-0.018748
-0.128162
0.108021
0.096199
0.017314
-0.213785
-0.308553
0.080495
0.157321
-0.015745
-0.054380
0.016868
-0.019633
-0.022255
-0.050498
-0.051120
0.135450
0.197998
0.005116
-0.112601
-0.207879
-0.030823
-0.091668
0.019470
0.054640
-0.119276
0.138309
-0.066186
-0.045804
0.120943
-0.152007
0.052534
-0.126191
0.307249
0.220308
-0.167927
0.143902
-0.032806
-0.074800
0.156573
0.064160
0.006375
0.099176
-0.341063
-0.014747
0.040743
-0.091932
0.007927
0.184901
0.109958
0.321912
0.149944
-0.243212
-0.128568
0.012006
0.156212
0.143371
0.070919
0.058275
0.101641
0.126912
0.376440
-0.124680
-0.031129
0.027651
-0.167211
0.058993
-0.176983
-0.049046
-0.123936
0.219805
-0.083471
0.140915
-0.045964
0.148302
-0.211018
-0.127823
-0.133272
-0.141882
-0.307052
-0.049636
-0.052285
0.053483
-0.003383
0.254872
0.150505
-0.002744
-0.155410
-0.056776
0.109617
0.071764
0.209819
-0.055248
-0.103113
-0.029545
-0.273614
-0.028746
-0.061014
-0.005944
-0.086751
0.123625
0.044770
-0.048984
0.139174
-0.188334
0.082047
0.067295
0.017739
0.007539
0.068534
-0.212906
0.171308
-0.111188
0.033503
-0.041159
-0.068379
0.208560
0.131125
-0.134533
-0.231636
0.022913
0.167622
-0.132225
-0.106442
0.075775
-0.016374
0.020670
-0.016568
-0.103244
0.271159
-0.171414
0.091624
0.160636
-0.008435
-0.100674
0.000937
-0.122924
-0.005942
-0.035318
-0.006558
0.210686
-0.122617
0.015745
0.012558
-0.122288
0.064896
-0.122124
-0.053713
-0.062104
0.006418
0.072368
-0.066818
0.226189
0.008747
-0.072899
-0.118588
-0.078721
0.263616
0.076556
0.055638
-0.097537
0.369823
0.356472
-0.142161
0.184400
0.066865
0.178610
0.008000
-0.000612
0.204235
-0.224866
-0.013901
-0.007465
-0.207405
0.159542
0.173041
0.109523
-0.105276
0.029930
0.437345
-0.079326
-0.039841
-0.121692
-0.152496
-0.072517
-0.113772
-0.041437
0.153041
-0.181017
0.100969
0.156636
0.155218
-0.143870
-0.013287
-0.120581
0.236697
0.377358
-0.085444
0.185753
0.140884
-0.431857
-0.069130
-0.092117
-0.086524
0.020759
0.141491
0.170993
0.107688
0.157475
0.012154
0.005826
0.212526
0.034082
0.003013
-0.087867
0.029051
-0.182835
-0.071622
-0.037098
-0.129296
-0.165544
-0.156458
0.075319
0.048462
-0.055710
-0.034765
0.069064
0.238924
0.011949
0.002081
-0.180308
-0.175140
-0.061295
0.160387
0.036129
0.202742
0.020380
0.114343
0.128416
0.033085
-0.202240
-0.046233
0.298107
0.021727
-0.135469
-0.041937
-0.162482
-0.047381
0.013156
0.065862
0.031667
0.043419
-0.096654
-0.023781
0.143773
0.054499
-0.000351
-0.208795
-0.069238
0.013969
-0.034460
-0.048032
0.018749
0.050163
0.298174
0.053655
-0.182599
-0.042036
0.059237
0.077444
0.044319
-0.017922
0.093968
-0.050712
0.014132
0.221877
-0.147980
-0.066953
-0.033871
0.115855
-0.283814
-0.012799
-0.181461
-0.093073
0.244444
-0.108209
-0.086911
0.004338
-0.111225
0.025920
-0.062465
-0.031406
-0.038973
-0.084072
0.061686
-0.028415
-0.084728
0.082613
-0.057106
0.091720
-0.071731
-0.264979
0.254839
-0.149847
0.125265
0.078751
0.168952
0.006741
0.046369
-0.000167
-0.090500
-0.103597
0.131593
-0.202692
-0.066528
-0.160889
0.011862
0.012371
-0.174675
0.117095
0.117835
0.096889
0.055286
-0.081027
0.033290
0.072340
-0.001293
0.030792
-0.085879
-0.040767
0.103808
-0.119387
-0.100528
0.062233
-0.473845
-0.089089
-0.146768
-0.128100
-0.061079
0.007733
0.080349
0.006294
0.101500
-0.007587
-0.143999
0.089282
-0.240262
0.027272
-0.192517
-0.054085
-0.302424
0.028062
-0.142359
0.091051
-0.081829
-0.209691
0.138376
0.036933
-0.023289
0.101220
0.033015
0.176683
-0.018387
0.151399
-0.024043
-0.095229
-0.015481
-0.098872
-0.072271
-0.166278
0.056989
-0.186158
0.055093
0.074458
0.078146
0.093403
-0.176320
0.214754
0.098987
0.151379
0.010359
0.037831
0.097816
0.015543
-0.329436
0.077289
0.034472
0.073952
-0.037220
0.126788
-0.061265
0.020302
0.058390
0.099537
-0.067714
-0.104394
0.117948
-0.047548
0.110264
0.003101
0.098651
0.150431
0.162444
-0.193338
0.109107
0.238641
0.050530
-0.081304
0.050039
0.010330
-0.082970
0.141930
-0.156995
0.016690
0.008332
-0.071868
0.036521
0.205194
0.115295
-0.151083
-0.093453
-0.185467
0.097732
-0.170348
0.029634
0.040798
-0.054493
-0.092263
0.035083
0.049358
0.162905
0.085381
-0.029200
0.026939
-0.080690
0.208559
-0.073088
-0.141915
-0.190340
0.176316
0.011087
-0.100714
0.040878
0.035678
-0.094571
-0.153798
-0.101727
0.048450
0.144676
-0.038405
0.173063
0.064094
-0.295156
0.056224
0.149656
0.018971
0.026568
-0.128554
-0.061507
0.010298
-0.081209
0.051244
0.145832
0.004728
0.135098
0.243551
0.161652
-0.053911
-0.118728
0.255832
-0.054540
0.135168
-0.124551
-0.056753
0.132166
0.045653
0.069841
-0.084714
-0.042634
-0.123232
-0.047234
-0.308442
-0.053919
-0.097764
0.232549
-0.083878
0.019017
-0.005354
-0.022485
-0.141069
0.129961
-0.173967
-0.049182
0.262209
0.185264
0.129321
0.108134
0.167117
-0.069237
-0.102211
-0.139315
0.160549
0.047735
0.418126
0.003640
-0.227077
0.058638
-0.037753
-0.037290
-0.360024
0.145891
-0.087478
-0.214033
-0.090816
0.188735
-0.088648
0.145533
-0.291362
0.291081
-0.254962
-0.082915
0.096271
-0.119299
-0.051623
0.278950
0.143267
-0.194683
-0.032101
-0.106965
-0.066796
-0.090976
0.105971
0.158502
0.289235
-0.019661
-0.118229
-0.213471
-0.092674
0.011393
-0.081383
-0.090487
-0.268106
0.199381
-0.037492
0.162304
0.119465
0.108203
-0.151151
-0.029914
0.154209
-0.001399
0.004425
-0.074932
-0.101377
-0.209197
0.075033
0.042608
0.039050
0.007595
0.104557
-0.087324
0.166681
0.117607
-0.139017
0.027164
-0.056913
-0.363101
0.002245
-0.166568
0.036875
0.108790
-0.025922
-0.136114
-0.165727
0.122457
0.070122
-0.058393
0.069691
0.034584
0.098946
0.168611
-0.248136
0.132647
-0.191676
-0.105384
0.107550
0.190400
-0.069873
0.145810
0.068849
-0.137930
-0.149572
-0.121270
0.016395
0.093545
-0.161449
-0.031827
-0.172930
-0.094019
0.054772
-0.004175
0.045043
0.107007
-0.046686
-0.066177
-0.040358
0.083943
-0.017580
0.015297
-0.019849
-0.030647
-0.024445
0.093155
-0.004308
0.023821
0.360476
0.079149
0.027888
-0.045896
-0.103467
-0.117779
0.015106
-0.056071
-0.060668
0.157029
-0.046666
-0.185246
-0.047060
-0.202228
-0.022013
0.163325
0.035264
0.005266
-0.126114
0.115561
0.041507
-0.060872
0.134635
-0.175834
0.121178
0.251647
0.264575
0.078328
0.105865
0.171875
-0.050355
-0.037771
-0.294279
0.007079
-0.033939
0.063622
0.046515
0.253390
0.171956
0.187255
-0.015119
0.258131
-0.215779
-0.119102
-0.183309
0.005046
-0.142069
-0.081871
-0.319468
-0.172879
-0.110494
-0.255433
0.070993
-0.210790
-0.049045
-0.037199
0.077126
-0.105623
0.037131
0.037409
0.083799
-0.030659
0.125530
0.098580
-0.083578
0.147740
0.120395
0.020943
0.123240
-0.131510
-0.173062
0.088437
-0.179373
-0.216931
0.015561
-0.040856
-0.079154
0.287495
-0.244613
0.170381
0.136384
0.280122
0.256253
-0.130759
0.177498
-0.121085
0.024552
-0.256325
0.065311
-0.033127
0.036442
-0.036581
0.013989
0.267758
0.073256
-0.027742
-0.171938
-0.235891
0.016071
0.198681
-0.198052
0.088952
0.283586
0.067540
-0.061919
0.277713
-0.009059
-0.268883
-0.182275
-0.146143
-0.235111
-0.162870
-0.176717
-0.022656
0.135682
0.135224
0.008309
0.002916
0.232628
-0.063533
0.016724
-0.132828
0.028632
-0.063723
0.061558
-0.091827
0.003443
0.083527
0.148472
-0.111381
0.224764
-0.051172
-0.049997
-0.056623
0.046087
-0.108052
-0.254245
0.066762
-0.148100
0.144490
-0.113241
-0.086862
0.125578
0.033114
-0.126027
-0.045270
-0.061562
-0.024265
-0.125793
0.158403
-0.110865
0.122850
-0.204517
0.126582
0.027413
0.022542
-0.098867
0.116674
-0.184327
-0.105963
-0.202107
-0.083403
0.053846
-0.025633
0.071868
0.028340
0.054182
0.045377
-0.137299
0.139421
-0.095816
0.028226
-0.284603
-0.189540
0.041830
-0.125770
0.080011
-0.224844
-0.000435
-0.077751
-0.225809
0.032293
0.147445
0.189135
-0.145790
-0.146662
0.094557
0.085862
0.224384
0.000129
-0.116965
0.054605
-0.089806
0.060289
-0.012656
-0.157713
-0.121735
0.078377
-0.128317
-0.103751
-0.001636
0.117326
-0.023677
-0.071922
0.072840
0.051193
-0.099874
-0.171628
0.378856
-0.131993
-0.032565
-0.193325
0.282348
-0.229248
0.057317
0.021625
0.441766
-0.038415
0.081373
0.122016
0.104187
0.120926
-0.244105
-0.074547
0.036978
-0.024406
-0.045545
-0.086479
-0.019949
-0.006521
0.045020
-0.090172
-0.078985
0.187125
-0.058085
-0.077599
-0.002046
-0.101726
0.130749
0.076760
0.053589
0.159762
0.052518
0.033507
0.113926
0.108061
-0.132461
-0.124504
-0.124639
0.082422
-0.001657
0.114601
0.072093
0.047499
0.220121
0.034092
0.128610
0.095413
0.104094
-0.146327
0.073427
0.025648
0.140658
0.010996
-0.248354
-0.012305
-0.205993
0.132159
0.043699
0.035300
0.054509
-0.183281
-0.198821
-0.071791
-0.005318
0.048062
0.053559
-0.004023
0.160452
0.017466
0.219736
0.185075
0.007086
-0.230937
0.034341
-0.262418
-0.053121
-0.211341
-0.022837
-0.223260
0.083576
0.145298
0.166009
-0.086673
0.114203
0.039896
0.134904
0.211912
-0.028059
0.038074
0.118643
-0.048206
0.195559
0.167724
0.050328
0.052778
-0.263696
-0.228965
0.035357
0.206295
0.103001
-0.139943
0.204911
0.092509
-0.248873
-0.219085
0.107084
-0.170726
0.065660
0.112009
0.127132
0.047783
0.159333
-0.107079
-0.056053
-0.189782
0.193458
-0.002029
-0.102121
0.099319
0.175138
0.261051
0.208844
-0.297691
-0.089478
-0.080234
0.145938
0.201483
0.021605
0.052864
-0.049904
0.107914
-0.067695
0.159327
0.237092
-0.058998
-0.135507
0.028561
0.055045
-0.102942
0.076405
-0.165267
0.242431
0.059008
0.104569
-0.013053
0.090368
0.029234
0.191087
0.009634
-0.082976
-0.052369
-0.071791
0.099800
0.322941
0.112505
-0.166098
-0.126984
0.102073
-0.054915
-0.054043
0.125634
-0.112225
0.222755
-0.173524
0.084431
0.155654
-0.129640
-0.031382
-0.056982
0.001950
-0.052538
0.058430
0.040070
-0.040248
-0.022308
-0.055770
0.013062
0.053569
-0.083454
-0.057240
-0.207407
0.093005
0.046867
-0.089978
-0.013219
-0.064517
-0.034500
0.058805
-0.542744
0.108970
-0.054105
-0.066383
-0.267200
0.091759
0.097945
0.051508
0.407779
0.045313
-0.072787
-0.029000
0.126476
-0.073832
-0.129138
-0.041838
-0.066801
-0.052299
0.099399
-0.041751
-0.278692
-0.011387
0.007900
0.015017
-0.135504
-0.109771
-0.059987
0.251256
0.011735
0.160252
0.253085
-0.126582
-0.076850
-0.313466
0.122589
-0.053378
0.042790
-0.042855
-0.099754
-0.125068
0.108899
0.326637
-0.019968
-0.065518
-0.029153
-0.019390
-0.217438
-0.093573
0.146009
-0.217300
0.095678
0.042175
0.019746
0.015078
0.160903
0.127619
-0.126814
0.145320
0.069570
-0.274868
0.123506
0.085499
0.054337
0.018887
-0.079238
0.274387
-0.133241
-0.075186
-0.053015
-0.199307
0.247882
0.064323
0.127561
-0.103089
-0.235659
-0.075711
-0.181610
0.209315
0.010068
-0.008822
0.134271
0.034427
-0.064476
0.355659
-0.088476
0.166167
0.177722
0.056960
0.350505
0.067923
-0.295130
0.051208
-0.143433
0.006087
0.095098
-0.070901
0.002335
0.010057
-0.272126
-0.150042
-0.058028
0.239235
-0.015222
0.162523
0.020349
0.028738
0.066179
-0.016314
-0.058814
-0.166480
0.029661
-0.101399
0.009408
0.163098
0.079790
-0.278352
0.115606
-0.011815
-0.009699
-0.072330
-0.025473
0.144920
-0.243879
-0.080009
0.040884
0.049023
-0.236922
-0.031622
-0.187684
-0.042462
0.081156
-0.092440
-0.189737
-0.123003
0.024495
-0.311569
0.027191
0.212480
0.015212
-0.133455
-0.160973
-0.040859
-0.051682
-0.047916
-0.104199
0.079339
-0.247469
-0.139184
0.033484
0.226632
0.070105
-0.096614
-0.070600
-0.204417
0.023979
0.027222
-0.074894
-0.159031
0.019802
0.019157
0.103998
-0.083763
-0.091716
-0.147325
0.045738
0.042889
-0.066761
0.238616
-0.008545
0.001128
0.051265
-0.104891
-0.226086
-0.208118
0.022959
0.086953
0.044978
0.125931
0.053556
0.035307
-0.027436
-0.156549
0.052319
-0.081438
-0.045622
0.054521
0.213204
-0.077698
-0.041048
0.082043
0.023136
0.082793
0.035039
-0.264933
0.021071
-0.021678
-0.142408
0.065859
0.017064
0.026528
0.257830
0.005532
0.003258
0.013213
0.026695
-0.021194
-0.014393
0.028324
-0.063114
-0.285826
-0.202989
-0.017504
0.220604
-0.017401
-0.107180
0.102058
0.097428
0.167953
0.058230
0.122408
0.111704
-0.128213
-0.103819
-0.002534
0.169134
-0.106269
0.189877
0.014048
0.082827
-0.146224
0.024329
-0.187123
0.110041
-0.228444
-0.246613
-0.090478
-0.131122
0.153210
0.088487
-0.119679
0.056404
-0.088981
-0.023893
-0.193641
0.025803
-0.068015
0.166453
-0.018493
0.127699
0.236174
-0.214451
-0.024107
-0.003399
0.107628
0.031535
0.340091
0.097710
-0.098208
-0.228257
-0.226994
0.045321
0.215847
-0.139065
-0.085051
-0.034450
-0.074099
-0.182888
0.318340
-0.279317
-0.005928
0.022165
-0.015037
-0.143420
0.252635
-0.058926
-0.083783
-0.040197
-0.057406
0.051593
0.062095
0.073813
-0.001481
-0.091569
0.078779
0.117842
-0.061080
0.010756
-0.029881
0.166592
-0.083124
-0.190124
-0.184175
-0.055301
0.177920
0.009607
-0.042750
-0.035801
0.215427
-0.102030
-0.167170
0.144081
0.157559
-0.054012
0.003510
0.011564
-0.017616
-0.083475
0.020646
0.221337
0.116399
0.271901
-0.136186
-0.218774
0.151569
0.160090
0.153185
-0.141607
-0.040424
-0.055921
0.037085
0.092492
-0.044642
0.198154
0.218974
-0.214024
0.171716
0.020454
0.132364
-0.200411
-0.149966
-0.066477
0.049768
0.044366
0.011793
-0.017952
0.029372
0.076193
0.163377
-0.096221
0.056581
-0.097115
-0.215145
-0.055982
-0.064509
-0.048182
0.024147
-0.012959
-0.096846
-0.048383
-0.044945
0.120293
-0.243664
-0.048701
-0.085979
-0.109684
-0.071611
-0.143457
0.062493
0.170478
-0.014659
0.078602
0.042638
-0.058729
-0.016175
-0.137545
0.055909
0.000522
-0.166614
-0.261709
0.024725
0.218414
-0.121322
0.035091
0.163327
-0.208324
0.040639
-0.186312
-0.025323
0.069728
-0.158398
-0.090599
0.010797
0.136857
-0.006471
-0.084950
-0.038753
0.012165
0.158066
0.054410
0.223877
-0.204913
-0.011126
0.075483
0.202417
-0.011317
0.033405
-0.010841
0.000233
0.046742
0.050311
-0.066915
0.060836
0.300247
0.043990
0.064428
0.159224
0.049945
0.064297
-0.226485
0.134787
-0.049777
0.001217
0.175852
0.063169
0.072321
-0.117618
0.041688
0.075689
-0.116353
-0.020467
-0.048468
0.027216
0.109993
0.089505
-0.072394
0.038511
0.234018
-0.123230
0.014578
-0.144627
0.071272
0.286434
-0.103829
0.096127
0.071935
0.198099
0.312739
-0.019495
0.020593
0.114844
0.163491
0.019785
0.138660
0.256190
0.072242
-0.156592
0.103468
-0.187169
-0.170267
-0.069616
-0.089681
0.156274
0.133016
0.151461
-0.127059
-0.036336
-0.067293
0.237961
-0.252453
-0.258402
0.004979
0.068578
-0.053845
-0.007522
-0.077183
-0.098689
0.021183
0.024620
0.036470
0.116604
-0.215223
0.045887
0.135227
0.158897
0.121993
0.186232
0.125840
0.041769
0.134510
-0.026318
-0.172157
-0.215149
0.030286
0.157155
-0.244708
0.051357
-0.214393
-0.205557
0.122663
0.265708
0.272725
0.079006
0.086468
-0.033870
-0.009390
-0.238676
-0.124513
0.203334
0.113259
-0.166188
0.019990
-0.120240
-0.062609
-0.091584
-0.206739
-0.002185
-0.099088
-0.099356
0.154788
-0.107799
0.028342
-0.066507
0.015255
-0.023689
0.032570
0.148182
-0.016196
0.052254
0.055245
0.033688
-0.152315
0.137418
-0.092689
0.103264
0.081004
0.017149
-0.049245
-0.084192
-0.099104
-0.164306
-0.123327
0.250819
-0.249744
0.154881
-0.047832
-0.098216
0.081793
0.191745
-0.229767
-0.115313
-0.043597
-0.058117
-0.166505
0.011679
0.069927
0.032146
-0.153653
-0.169483
-0.104744
0.032058
-0.176646
0.148676
0.171636
-0.027629
0.104826
0.137089
0.028902
-0.091160
0.187599
-0.080710
0.029950
0.033740
-0.146733
0.093360
-0.297630
0.057508
-0.009885
-0.149585
0.112053
0.079090
0.107120
0.031649
0.158198
-0.082973
0.341981
-0.076509
0.164336
-0.270408
0.029239
0.059371
-0.095583
0.225337
-0.107233
-0.127700
0.241150
0.024974
0.025925
-0.122841
-0.006198
0.037538
0.039451
0.121219
0.133256
-0.008128
0.035492
0.042281
-0.210696
0.016876
0.172076
-0.254187
-0.139261
0.189769
-0.138347
0.105746
0.017244
0.064186
0.042763
0.134109
0.097605
0.000086
-0.027158
-0.050810
0.208056
-0.205463
-0.058371
0.028745
0.104090
0.006500
-0.005099
-0.022309
-0.156932
-0.206937
0.008557
-0.000964
0.023648
0.012975
0.117402
-0.015716
0.083428
0.115957
0.018352
-0.076269
-0.107316
0.344862
-0.073583
0.008217
0.116786
-0.218895
0.033274
0.055466
0.027745
-0.073053
0.286664
0.040850
-0.263691
-0.151865
0.087151
0.027866
0.043866
-0.014552
-0.057788
-0.175544
0.118848
-0.284648
0.151586
0.034920
-0.033072
0.239342
-0.009510
0.159624
-0.099618
0.013257
0.071391
0.014858
0.087956
-0.291972
0.021993
0.234470
-0.071910
0.045073
-0.072095
-0.121688
-0.154196
-0.050074
-0.078455
-0.375196
-0.126285
-0.039902
0.104293
-0.151063
0.036027
0.318493
-0.154194
0.239364
-0.096126
-0.224544
0.175897
-0.118462
0.017358
-0.071573
0.074461
-0.184225
0.144173
-0.174572
-0.142910
-0.078248
-0.023552
-0.055895
-0.253819
-0.081683
0.206456
-0.101577
0.036656
0.082742
-0.224612
0.035609
-0.114931
0.213335
-0.152588
0.036995
0.090720
-0.021744
-0.030967
-0.050937
-0.008740
0.034474
0.121600
-0.002057
-0.060010
-0.089487
0.172219
-0.146038
0.012366
-0.214969
0.084313
0.156276
0.031485
0.111597
-0.022851
0.167131
-0.156269
-0.220908
-0.062930
-0.038025
0.107174
-0.008219
0.153100
0.083520
-0.112157
-0.035747
0.223483
0.044538
-0.060011
-0.061186
0.125750
0.061686
-0.042542
-0.118939
0.069448
0.183154
0.010899
-0.012721
0.120379
0.034711
0.019766
-0.014337
-0.084486
0.050158
-0.193384
-0.070128
0.133947
-0.102864
0.010142
-0.191251
0.045659
0.033416
-0.130551
-0.168580
-0.002709
0.050376
-0.051696
-0.182958
-0.104860
0.028938
0.005224
0.137994
-0.108535
-0.056991
0.108013
0.157681
-0.042562
-0.058310
-0.174317
-0.060794
0.044208
0.071961
-0.122834
-0.060241
-0.134481
-0.160409
-0.290744
-0.187224
-0.104970
-0.087331
-0.023042
0.058646
-0.005138
0.036840
0.040386
-0.008512
-0.137924
-0.064968
-0.047666
0.046711
-0.120202
0.221240
-0.074725
-0.038880
0.115078
-0.105218
0.006572
0.032599
-0.067665
0.062686
0.193723
0.357624
0.049208
0.028103
-0.051722
-0.057762
0.207129
0.284445
-0.036666
0.009219
-0.149556
-0.201193
-0.188495
-0.098113
0.144389
-0.093338
0.133903
0.104314
-0.104112
-0.131367
0.003697
-0.029192
0.268460
-0.023376
-0.110194
-0.274440
0.035638
-0.075124
-0.072355
-0.137286
-0.017968
-0.169053
0.017315
0.111877
-0.104985
-0.011623
0.099322
-0.048015
-0.024659
-0.194992
0.142478
0.166817
0.021945
0.108612
0.108928
0.145766
0.141781
0.069290
-0.025543
-0.069310
-0.214681
-0.031758
-0.069962
0.091152
0.224599
-0.280390
-0.005450
0.063035
-0.055089
0.088597
0.128573
-0.049581
0.029306
0.109386
0.013507
-0.100892
-0.130759
-0.118976
0.044625
-0.000804
0.048098
0.062350
-0.105349
0.038886
-0.005841
0.134235
0.096591
-0.088795
0.008988
-0.173025
0.081520
-0.311768
0.255217
0.133506
-0.016925
0.103344
-0.166080
0.029187
0.094440
-0.072037
0.225085
0.098642
-0.151688
0.182758
-0.036033
-0.142465
0.040019
0.012604
0.116656
-0.112723
0.143870
0.091812
0.194386
-0.059579
-0.258075
-0.080279
0.199231
-0.015444
-0.066928
-0.105257
0.171327
-0.050809
-0.225113
-0.099263
-0.224531
0.017601
-0.045412
0.010432
-0.093828
0.144178
0.053696
0.009868
-0.137157
-0.044234
-0.031847
-0.239262
0.138856
0.015790
-0.204859
0.153307
-0.017514
-0.050107
-0.234820
-0.039827
0.142183
-0.075149
-0.057602
-0.090119
0.111528
-0.188437
-0.102204
-0.152335
-0.077400
-0.133598
-0.064213
0.085747
-0.149012
-0.182083
-0.020108
0.207629
0.212142
-0.099364
0.107561
-0.174353
-0.222401
0.006537
0.096963
-0.178119
-0.059373
0.040460
-0.102055
0.027648
0.177884
0.175810
-0.088744
-0.081131
-0.021462
-0.040632
0.065009
0.187956
-0.100688
-0.058385
0.033078
0.023855
0.094471
0.118789
0.150866
0.151778
-0.028686
0.131975
0.032992
-0.018369
-0.026059
0.147461
-0.055020
0.010816
-0.035967
0.007564
0.025333
-0.008163
-0.158980
-0.051482
-0.097621
0.174878
-0.083572
-0.105753
-0.027849
-0.168848
0.026985
-0.034756
-0.005826
0.250535
0.286624
0.017296
-0.089103
0.102273
0.039892
-0.075355
0.199212
0.048017
-0.120733
-0.172468
-0.230874
0.179561
-0.140883
0.171654
0.175028
-0.003283
-0.154564
-0.056606
-0.058128
-0.061295
0.146806
-0.265998
0.083092
0.049195
-0.040845
0.139667
0.073942
-0.082007
0.027098
-0.149599
0.178255
-0.035113
-0.084698
-0.008043
-0.054766
-0.118917
-0.091771
0.036971
-0.102990
0.048871
-0.085208
0.184661
-0.171488
0.074962
-0.077407
-0.226126
-0.267117
0.164800
0.032644
0.037940
0.023247
0.152902
-0.228214
-0.127057
-0.102737
-0.053383
-0.164532
-0.127134
-0.141115
-0.034487
-0.006055
-0.011016
0.271094
-0.129204
0.094090
-0.106487
-0.188279
-0.089597
0.001913
0.176624
0.135041
0.070715
-0.204424
-0.113589
0.189664
0.018294
0.005377
0.274993
0.041093
0.206775
0.045959
-0.178932
0.186864
0.105201
-0.061698
-0.111442
-0.223494
-0.146174
-0.180578
-0.051039
0.051788
0.263901
0.151182
-0.047315
-0.295723
0.166267
-0.185148
-0.249780
0.078330
0.002578
-0.161776
-0.203911
-0.085230
-0.146643
-0.202962
0.019925
0.252039
-0.075613
0.240034
0.301808
-0.042134
0.114119
-0.039573
0.036393
0.017922
0.066242
-0.267356
-0.033485
-0.020450
0.181138
-0.127952
0.000819
-0.237051
0.181322
0.066735
-0.223266
0.057688
-0.110161
-0.102848
-0.084221
0.068420
-0.084387
-0.096249
0.140117
-0.150628
-0.017647
-0.032378
-0.292140
0.101812
-0.284242
-0.146343
0.004179
0.014064
-0.112727
-0.065912
-0.048843
-0.001732
0.042400
0.133413
-0.113991
0.121859
-0.060857
-0.021885
0.085327
-0.032927
0.106279
-0.075129
-0.048532
-0.157515
0.030087
-0.077591
-0.142441
-0.121503
0.016699
-0.015698
0.122717
0.250526
-0.123819
0.020497
0.115304
-0.106601
0.081226
-0.032699
-0.067776
0.074579
-0.027274
0.073637
-0.316324
0.061084
0.015685
0.117308
0.022615
-0.074115
-0.096631
0.296731
-0.041459
-0.061538
-0.107021
-0.254513
0.044163
-0.089814
-0.075861
-0.046857
0.259699
-0.102487
0.269050
-0.073547
-0.062169
-0.090211
0.004987
0.183749
-0.050164
-0.079918
-0.158302
0.084165
-0.011894
-0.234640
0.075878
0.062475
-0.066262
0.238673
0.262224
0.307367
0.028221
0.133768
0.100161
0.192451
0.178219
0.234149
-0.115501
0.096500
0.045963
0.073876
-0.189094
0.210985
-0.043508
0.204117
-0.091888
0.093841
0.003536
-0.073641
0.007824
-0.160448
-0.005867
0.001511
0.335709
-0.102160
0.027357
-0.134313
-0.079465
-0.250155
-0.066541
-0.301152
-0.073533
0.005402
-0.086872
-0.170625
0.000299
-0.002694
-0.062711
-0.110535
-0.007588
-0.019225
0.172793
-0.036818
-0.101901
-0.101180
0.203329
0.045129
0.022348
0.208463
0.316286
-0.147705
0.108693
-0.269515
-0.139768
0.072644
-0.087379
0.132394
0.008440
0.037737
-0.042062
0.123142
-0.041296
0.310660
0.184692
0.037049
0.131563
-0.018375
-0.102221
0.038587
-0.149212
-0.032857
0.027613
0.054325
-0.153820
0.113866
-0.048619
-0.048361
-0.221266
0.090630
0.051828
-0.004915
-0.167678
-0.219130
-0.134064
0.091235
-0.095124
0.290574
0.145959
0.246118
-0.112021
0.207027
-0.102604
-0.095772
0.076845
0.051606
0.050925
-0.060016
0.035807
0.115801
0.040370
-0.042983
0.013807
-0.000558
-0.095072
0.099050
0.078601
0.227694
0.086765
0.036048
-0.147982
-0.126956
0.181819
0.055659
-0.355538
-0.035123
0.134519
-0.029334
0.235469
0.150672
0.049615
0.078694
-0.163719
-0.025275
0.103247
-0.085142
0.301399
0.262519
0.056709
0.257998
-0.056924
0.078018
-0.162142
0.085739
0.080931
0.091860
-0.050734
0.083410
-0.016231
-0.062454
0.041800
0.039010
0.241820
0.126129
0.121451
0.078559
0.054734
0.243876
-0.140809
0.035446
0.131190
0.192024
0.015125
-0.151033
-0.052212
-0.071617
0.251969
-0.082646
-0.288841
0.031939
-0.101837
0.023851
0.111390
-0.202284
-0.080259
0.323709
-0.118609
0.018631
0.079488
-0.132481
-0.099697
-0.095360
0.042257
0.061236
-0.091784
-0.085061
0.038524
0.093669
0.147783
0.115042
-0.277943
0.067805
-0.173860
-0.032375
0.071133
-0.024278
0.128792
-0.077839
-0.086446
0.098214
-0.072951
-0.063062
0.048363
-0.031312
-0.139787
-0.076137
-0.004934
0.116061
-0.112386
-0.007271
-0.080609
0.069834
-0.135908
0.082838
-0.123021
-0.236283
-0.005845
0.075446
-0.123230
0.047597
0.216983
0.044697
-0.129824
0.070181
-0.167785
-0.264143
-0.089441
-0.078390
0.076841
-0.095064
-0.073375
0.067235
0.024827
0.034113
0.020294
-0.010917
0.127482
0.086314
0.134108
0.005936
0.049481
-0.191972
-0.250797
-0.047192
-0.071737
0.058501
0.019041
0.066791
-0.038550
0.044700
0.085094
0.377643
-0.246834
0.188327
0.142701
-0.192347
0.265982
0.118947
-0.030717
-0.107734
-0.029916
0.249528
-0.113091
-0.081454
0.070402
-0.190029
0.069931
0.025125
-0.010389
0.085391
0.248820
-0.016647
0.057514
-0.196850
-0.089515
-0.026666
-0.017745
-0.065436
-0.235395
0.010030
-0.114387
0.118552
0.098534
-0.049055
-0.021211
0.049871
-0.183828
-0.040568
0.025604
0.142991
-0.125544
-0.135429
0.140165
-0.077546
-0.114708
-0.056155
-0.168508
0.219106
-0.133851
-0.093780
-0.077522
-0.030916
0.036350
0.059198
0.018496
-0.125924
0.068553
-0.106027
0.010531
0.096097
0.026310
0.025706
-0.144106
0.116022
-0.098684
-0.026730
-0.153321
0.167901
0.172242
-0.217730
0.065715
0.041122
-0.044293
-0.249654
-0.000080
0.055058
-0.073623
-0.134030
0.147203
-0.056792
-0.183223
0.002905
0.071358
-0.019085
-0.068083
0.034598
0.015748
0.004886
0.053018
0.099826
0.009947
0.061744
-0.260766
0.237902
0.074848
0.116887
-0.187735
-0.137888
-0.164121
-0.264770
0.034674
0.031557
-0.108810
0.204839
-0.096303
-0.041489
0.093755
-0.258204
0.085398
0.089496
0.009769
-0.131631
-0.335116
-0.051653
0.070374
0.169641
0.173685
-0.138406
0.207376
-0.123613
-0.053410
0.007522
-0.002492
0.028081
-0.144737
0.189702
0.326764
-0.249541
0.005953
-0.167423
0.171425
0.074536
-0.092047
-0.008941
-0.164315
0.097832
0.051620
0.114694
0.097675
-0.057828
-0.119032
0.068937
0.192188
0.038883
0.060499
0.037805
-0.047437
0.120852
0.103164
0.121400
-0.193466
-0.045198
0.042319
0.045815
0.147706
0.101768
0.187286
0.228303
-0.177159
0.077067
0.142279
0.060737
0.108044
-0.037709
0.175421
-0.018310
0.144397
-0.281701
-0.119933
0.233446
0.053330
-0.009934
-0.069038
0.102385
-0.014848
-0.082351
-0.058027
-0.253812
0.132633
0.120569
0.088198
-0.181418
-0.011228
-0.036697
0.032719
0.006271
-0.168940
0.095444
0.062542
-0.107863
-0.047431
-0.000560
0.152202
0.129047
-0.095703
-0.021369
-0.181735
-0.190616
-0.047960
-0.018940
0.209803
-0.121129
-0.163769
0.054032
-0.060168
-0.074294
0.072082
0.280519
-0.035725
0.097408
-0.224562
0.147904
-0.010922
0.077934
0.218956
-0.237425
-0.210428
-0.068322
0.032826
-0.186406
-0.076572
-0.179954
-0.028510
0.118460
-0.152868
-0.099610
0.004568
-0.172585
-0.010029
0.039202
-0.101510
-0.115517
-0.070940
0.133003
0.093936
0.250350
-0.108445
-0.001656
0.060578
-0.151135
0.296382
0.086604
-0.262068
0.158074
0.169419
-0.129999
0.073129
0.019241
0.143243
-0.002273
-0.034926
0.209824
0.244127
0.000850
-0.106494
-0.005278
-0.054931
-0.057253
-0.199874
-0.233579
-0.124385
0.059435
0.032954
0.088319
0.020337
-0.068406
0.006863
-0.080309
0.010480
-0.044552
-0.049824
-0.014614
0.111261
0.121509
0.052686
-0.035195
-0.045524
0.161897
-0.020488
0.029397
0.025007
0.164785
-0.040802
-0.140478
-0.062810
-0.154553
0.159259
-0.200945
0.040088
0.133849
-0.159858
0.262440
0.051980
0.060527
-0.026339
-0.121980
0.069834
-0.067200
0.014126
0.011595
0.238470
0.086527
-0.133815
-0.214776
-0.003720
0.028213
-0.023202
0.033116
-0.009755
-0.023752
0.067225
-0.220499
-0.105124
-0.147480
0.052875
0.023663
0.070981
-0.154251
-0.098668
-0.170991
0.056902
0.036804
-0.013646
-0.171531
-0.102229
0.072077
0.036993
0.080021
0.334572
-0.131786
-0.041698
-0.037617
0.108843
-0.098739
0.102695
-0.053067
-0.132000
0.099107
-0.237817
0.396619
-0.037382
0.024099
0.079574
-0.039107
-0.158092
0.046688
-0.158433
-0.188383
0.121754
-0.095249
-0.121230
-0.206825
0.141816
0.183425
-0.013131
0.077449
-0.099085
0.014732
0.003163
0.063482
0.042919
-0.023745
-0.008391
0.082995
-0.123674
-0.204040
0.034177
0.120614
0.065386
0.008365
-0.133520
0.234011
0.293888
-0.072638
0.049485
-0.021143
0.040647
0.060630
0.196545
0.017279
-0.084790
0.101451
0.058009
0.336837
-0.191790
-0.213058
-0.004474
0.138401
0.133652
0.033819
0.118086
0.087035
-0.015568
-0.023286
-0.163280
0.076799
0.110360
0.098980
-0.101185
-0.164058
-0.167222
0.017549
-0.040785
-0.068730
0.032492
-0.061848
0.058203
0.042093
-0.010609
-0.046810
-0.077927
-0.320224
0.139669
-0.118118
0.004135
-0.103945
0.057772
-0.034089
0.034441
0.154231
0.069116
0.167191
-0.000323
0.294858
-0.103713
-0.134162
-0.104689
-0.128944
0.158050
0.095954
-0.205296
0.042286
0.115265
0.090277
-0.124595
0.056814
0.104970
0.113216
-0.061275
0.146091
0.269287
-0.120735
0.180215
0.046391
-0.425987
-0.068565
0.027494
-0.060157
-0.102690
-0.194126
-0.050332
0.101396
0.084716
0.035590
-0.063397
0.125300
0.233931
-0.049679
-0.031965
0.130477
0.027698
-0.084396
-0.140592
0.153571
-0.044988
0.159498
-0.267322
-0.044429
0.006619
-0.171817
0.216213
-0.186163
0.142400
-0.006459
-0.036209
0.029646
0.015100
0.241813
-0.113446
-0.050008
0.004375
0.025350
-0.025544
0.161369
-0.077502
-0.134636
0.123387
-0.218837
0.086801
-0.204058
-0.072260
-0.021686
-0.034146
-0.026679
0.034494
0.064974
-0.188172
0.068905
-0.090902
0.022800
-0.183574
-0.132807
-0.033658
-0.037245
-0.106343
0.009909
0.246025
0.092906
-0.053530
-0.086440
0.006761
0.120264
-0.096732
-0.125377
0.110721
0.150102
-0.033349
0.003327
-0.120960
0.085483
0.155908
-0.087573
0.280905
-0.148323
-0.196909
-0.078811
0.107557
0.016010
-0.048917
-0.114116
-0.132740
0.062400
0.066878
0.125583
0.049930
0.088222
0.064912
0.117273
0.005154
0.246291
0.332522
-0.197530
0.008169
-0.192633
-0.031957
0.056500
-0.097220
0.084997
0.066184
-0.029491
-0.077152
-0.242482
-0.132658
0.099503
-0.194210
0.273525
0.127503
-0.055532
0.080265
0.123999
-0.219681
0.039070
0.148777
0.165565
0.091362
-0.109148
0.163049
-0.184086
-0.236313
0.008791
0.099929
0.024762
-0.112320
-0.036519
0.205388
0.138224
0.043561
0.118317
0.178084
0.116462
-0.203686
-0.135594
-0.021156
-0.068281
0.041026
0.181303
0.013965
-0.015881
0.080305
-0.041677
0.022009
0.117711
-0.018068
0.081228
-0.101003
0.070474
-0.084317
0.074744
-0.029134
-0.163590
-0.007426
-0.033241
0.281832
0.185931
-0.106790
0.086872
0.018763
0.100454
0.242982
0.109297
0.114716
-0.110205
-0.127334
0.179143
-0.054456
-0.114199
-0.202427
-0.073159
0.075548
-0.070373
-0.222471
0.122354
-0.137326
-0.086918
0.162280
-0.036896
0.141507
0.098905
-0.118936
-0.189176
0.169857
0.126520
0.028736
0.168168
0.281885
0.070198
-0.026997
0.058855
-0.162591
0.039409
-0.130550
-0.019172
-0.096587
-0.097988
0.055745
-0.151363
-0.066567
-0.009814
-0.032493
0.092280
0.213300
-0.047434
0.150342
-0.018376
0.142495
0.003594
-0.068371
0.171117
0.011747
0.091601
-0.126702
0.145134
0.173271
-0.036457
0.049138
0.069405
0.039041
-0.046736
0.171740
0.199870
-0.044013
-0.142976
0.155317
0.123498
0.025630
-0.322275
-0.056695
-0.112774
0.188747
0.123431
-0.014106
-0.047843
-0.243754
0.066123
0.223128
0.109179
-0.094211
0.073100
0.035702
0.028415
0.045731
-0.160902
0.083447
-0.016498
0.065156
-0.166981
-0.032431
-0.266059
0.064041
-0.092617
0.089802
0.015353
0.118915
0.099683
-0.178405
-0.042017
0.118362
-0.077009
0.237024
0.249268
-0.108512
0.022329
-0.115902
-0.032233
-0.034084
-0.053503
-0.009009
-0.231271
0.206446
0.098764
0.063134
-0.083437
0.111585
0.052411
-0.257184
-0.138411
-0.147234
-0.203047
0.005965
0.203700
-0.185882
0.022630
-0.011417
0.117300
-0.096682
0.021661
0.079973
0.051336
-0.117318
-0.032623
0.269768
-0.015830
0.031220
-0.020783
-0.139496
0.000716
0.036243
-0.109974
-0.028469
-0.081375
-0.124827
-0.123527
-0.315023
0.338168
-0.192667
-0.024104
-0.077239
-0.109714
-0.024159
-0.124291
-0.009844
0.068683
-0.120006
-0.087429
-0.092258
0.058246
-0.417524
-0.257799
-0.106834
0.169292
0.146658
-0.143068
0.102517
0.135967
-0.180103
-0.053578
0.294012
0.008291
-0.185675
0.149219
0.071379
0.030315
-0.038712
0.082351
0.245243
0.017700
0.119011
0.028877
-0.064956
0.046007
0.071428
0.093036
-0.005330
-0.099223
0.132480
0.002913
-0.126693
0.238012
-0.190273
0.012850
-0.041692
-0.055288
-0.003818
-0.129364
0.112797
-0.073137
-0.024606
0.028550
-0.136152
-0.061197
-0.119031
0.169801
0.151123
-0.036515
-0.091203
0.057424
0.397660
-0.121593
0.202530
-0.000150
0.136966
-0.139827
0.000424
0.086455
0.029546
-0.026428
-0.006089
-0.141672
-0.117726
0.213675
-0.136127
0.244743
0.041334
0.128963
0.047479
-0.069329
-0.100797
0.066304
0.104037
-0.071021
-0.110073
0.233990
-0.220049
0.154672
0.028279
0.254096
-0.013086
0.068256
0.044963
-0.139734
-0.109144
0.025274
-0.033783
0.045293
-0.070789
-0.056180
0.073742
0.210263
0.212968
-0.012586
0.170902
-0.201632
-0.125260
-0.036730
0.046147
0.063312
-0.121976
-0.188353
-0.173252
0.029440
-0.211708
0.133258
-0.052063
0.151680
-0.072464
0.119404
-0.181715
-0.077330
-0.121998
-0.037192
-0.196582
-0.207818
-0.087488
-0.000030
-0.123901
0.114169
-0.191571
0.157641
-0.014750
0.045740
0.147865
0.017006
-0.075645
0.171822
-0.027277
0.057231
-0.164688
-0.133105
-0.155652
0.021142
0.136436
0.008067
0.174060
-0.215945
0.099488
-0.099596
0.095598
-0.084818
0.112629
-0.040362
0.138525
-0.136389
-0.260522
0.117639
0.221336
0.019274
-0.080602
-0.128227
-0.384524
-0.102932
-0.009774
-0.149818
0.040740
0.122550
0.054277
0.022193
-0.225490
0.137827
0.006564
-0.247604
-0.108755
0.007135
-0.002173
0.132845
-0.109753
0.243111
-0.222256
-0.002333
-0.014662
0.086488
-0.093950
0.175720
-0.011841
0.197250
-0.114085
-0.081617
0.038794
-0.014536
0.019476
0.250713
0.025792
-0.018186
0.272384
0.221139
-0.227254
0.026366
-0.113755
-0.043470
-0.201306
0.073433
0.060313
0.083739
-0.008472
0.082175
-0.022826
-0.030990
-0.099839
-0.088829
0.049480
0.022987
-0.103973
0.105449
0.240533
0.015169
0.116644
-0.202526
-0.110190
0.146130
0.017050
0.109089
-0.015951
-0.259653
0.044225
-0.053987
0.163471
-0.017002
0.074235
0.126425
-0.036829
-0.037004
-0.037829
-0.041001
-0.153319
0.125394
0.073747
-0.192447
0.091605
-0.050974
0.056715
0.208113
-0.104113
-0.212998
-0.016141
0.076333
0.025989
0.209749
-0.031781
-0.013375
-0.089570
0.122340
-0.047718
-0.074009
-0.012376
0.041851
0.006332
0.077207
0.106975
0.136368
-0.059114
0.281242
0.300804
-0.120440
-0.034956
0.003168
-0.058214
0.247351
0.082295
0.215741
-0.014677
0.059528
-0.217485
0.228076
-0.022865
0.030320
0.024173
-0.093265
0.114745
0.018332
-0.206985
0.151477
0.033820
-0.022517
-0.049783
0.054906
0.037185
-0.130765
0.290551
-0.198328
0.047631
-0.126842
0.009439
-0.140044
0.184445
-0.086370
0.133684
0.077549
0.097490
0.157983
0.127126
-0.074802
-0.006776
0.027457
0.037477
0.067557
0.010181
-0.073925
0.077697
-0.086624
-0.101092
0.090605
-0.115324
-0.149062
-0.042164
-0.051377
0.137946
0.041949
-0.189967
-0.097466
0.028183
-0.075409
-0.066290
-0.109479
0.000698
-0.248823
0.146658
0.326941
-0.242334
-0.169050
-0.041034
-0.326002
0.221131
-0.068942
0.065510
-0.157557
-0.174380
0.009569
0.164143
-0.201230
0.201573
-0.048779
0.315094
-0.028603
-0.007042
-0.045145
0.192416
-0.011078
-0.203154
0.163083
-0.264636
0.171901
0.069413
-0.124680
-0.076757
-0.095585
-0.075917
0.024477
0.051438
-0.184096
0.184282
0.017066
0.104647
0.246532
-0.251647
0.055084
0.043809
-0.143219
0.031909
0.042914
0.010417
0.183916
0.291771
0.000595
-0.066193
0.225865
0.059904
-0.083466
0.007100
0.030881
-0.036189
0.152232
-0.207848
0.013889
-0.073786
0.160956
-0.160836
0.024169
0.180328
-0.064966
-0.033521
0.117676
-0.127867
-0.087141
-0.216696
-0.065212
-0.042077
0.012746
0.065733
-0.032861
-0.001332
0.177303
-0.066215
0.009663
0.017953
0.040539
-0.117455
0.177489
-0.072040
-0.026372
0.063375
-0.020847
0.165207
0.106683
-0.231105
0.077319
-0.063570
0.103824
-0.060942
0.052816
0.106885
-0.076709
-0.210876
-0.217707
0.081151
0.053273
-0.049662
0.050596
0.029678
-0.085903
-0.139896
-0.137440
-0.001811
-0.049681
0.215011
-0.012879
0.069846
0.386767
0.279169
0.075016
0.103262
-0.098067
0.016970
-0.085658
0.133659
0.132364
-0.057783
-0.126429
0.205053
-0.160827
0.178007
-0.098849
0.019468
0.071329
-0.063420
0.002093
-0.252928
-0.052165
-0.136278
0.295093
-0.128374
-0.088245
0.154971
0.069617
0.142104
-0.070137
-0.232972
0.189570
-0.040054
0.146068
0.014091
-0.170315
0.083647
0.215392
-0.105626
-0.075714
0.043268
-0.107573
-0.105626
0.054821
0.085523
0.008696
-0.133849
0.099079
0.068111
-0.088533
-0.093591
-0.187905
-0.258648
0.032035
-0.062925
-0.127090
-0.038000
-0.189082
0.070892
0.075749
0.271573
0.079294
0.200220
0.018866
0.058853
-0.147794
0.149050
0.186954
0.214443
0.005897
0.065809
-0.025129
-0.019529
0.138021
0.035560
-0.190454
-0.237928
-0.009136
-0.315969
0.037199
-0.248634
-0.017273
0.065128
0.152459
-0.119418
0.288698
-0.373578
0.081948
-0.063443
-0.213799
0.003261
-0.046572
0.091364
0.008250
0.039653
-0.021260
0.047625
-0.210865
-0.060589
-0.150238
0.074857
-0.096155
0.283352
0.149824
-0.148810
-0.170738
0.090468
-0.028324
0.173469
-0.163326
-0.127221
0.134687
0.148581
0.026706
0.203118
-0.014857
-0.091969
0.001821
0.119194
-0.088323
0.105380
-0.122422
0.005183
0.017011
0.147334
-0.075261
-0.130605
-0.010769
-0.129562
-0.132290
0.149172
-0.203455
-0.042617
-0.053404
0.006300
-0.354423
-0.144681
-0.012414
-0.060591
0.151663
0.046469
-0.155186
-0.132000
0.236881
-0.049060
-0.012793
-0.051852
0.089923
0.044298
0.096981
0.019736
-0.135092
0.250992
-0.114043
-0.163311
-0.027536
0.114764
-0.046929
0.028415
-0.248967
0.129627
0.005330
0.154898
-0.184640
-0.090965
0.091394
0.058706
0.073996
-0.009195
0.162577
0.051277
-0.126341
0.055669
0.133749
-0.122152
0.043262
0.298536
0.095052
0.244227
0.142244
-0.169225
0.014087
-0.077506
0.070750
-0.182363
-0.150570
-0.076952
0.025935
-0.021014
0.086002
0.108306
-0.055533
0.037791
0.046741
0.163851
-0.055440
0.153683
0.056302
-0.161136
0.164724
-0.279781
-0.103126
-0.097240
0.293152
-0.046481
-0.204053
0.099367
-0.123688
-0.023139
-0.051234
-0.187403
0.000828
0.019130
0.141781
0.000654
-0.158855
0.085489
0.229074
0.056344
-0.099329
0.082943
0.167063
0.032684
-0.076140
0.049069
-0.034214
0.091729
-0.013320
-0.119145
0.191624
0.167065
0.041477
0.070897
0.010000
0.166253
-0.126417
0.020969
-0.103071
0.003859
-0.161672
-0.062756
0.001147
-0.036207
-0.211609
0.270894
0.046254
-0.123458
-0.017467
-0.170947
-0.042725
0.078603
0.067000
-0.025737
-0.037989
-0.018670
-0.090369
0.041893
-0.273869
0.116547
-0.199824
0.005912
0.112013
0.254268
-0.187101
0.015607
-0.095192
0.189691
-0.064478
0.151154
0.215019
0.053772
0.040089
-0.235701
0.076544
-0.028018
0.110589
0.152877
0.020642
-0.043531
0.098133
-0.070066
-0.059915
0.148579
0.185151
-0.091894
-0.127852
0.006372
0.122673
0.067352
-0.051367
0.091257
0.100264
0.045252
-0.161952
0.035677
-0.139407
0.166074
0.038710
0.000447
-0.006424
0.075580
-0.026092
-0.288751
0.059228
-0.068568
-0.107301
-0.193409
0.105039
-0.083580
0.016286
0.038056
0.107315
-0.031836
-0.088785
-0.001724
0.123295
-0.079723
-0.046634
0.145185
0.047437
0.218553
0.150591
0.139455
0.191780
-0.286369
0.108142
0.163319
-0.091816
0.000774
-0.054771
0.026518
0.251716
0.268754
-0.087596
0.009117
0.099752
0.311650
-0.034787
0.001688
-0.200444
-0.003350
0.080779
-0.029449
0.054408
0.068136
0.148004
0.188436
-0.048057
0.055775
0.068263
0.261269
-0.124904
-0.386629
-0.092093
-0.153099
0.168525
0.177273
-0.038315
-0.104015
-0.026995
0.274012
-0.148943
-0.056073
-0.215658
-0.359973
-0.028901
0.124095
0.011111
-0.111564
-0.233174
0.227751
0.012504
-0.082183
0.030733
0.002768
-0.108922
-0.018012
-0.021205
-0.034526
0.010941
-0.145695
-0.082804
0.034924
0.111666
0.047308
0.140263
0.212504
0.000252
0.124681
-0.084244
-0.059222
0.292336
-0.233682
0.160240
0.119771
0.001237
0.055567
-0.025377
-0.146734
0.176646
0.278400
-0.082090
-0.020813
-0.230599
0.034239
-0.144331
-0.085753
-0.185097
0.018912
0.010777
-0.185673
0.054213
-0.165270
-0.059322
0.016415
-0.016079
-0.051178
-0.071781
-0.205091
-0.096249
0.188286
-0.132402
-0.090548
-0.195350
-0.288493
-0.252153
0.050213
0.093229
0.005177
0.152315
0.227997
0.049212
0.138585
0.092004
0.057862
0.169228
0.016400
0.219050
0.148384
0.038490
0.109676
0.024504
-0.203533
0.142392
-0.253563
-0.149667
0.144842
-0.173866
0.064948
-0.026583
-0.096530
-0.206358
0.044000
0.083670
0.114933
0.144880
0.029384
-0.209021
-0.187607
-0.168614
-0.028318
0.136513
-0.157274
-0.184990
0.040331
0.097874
0.017346
0.037421
0.029748
-0.278246
-0.045577
0.083601
0.047528
0.034606
-0.042313
0.063328
0.034682
0.033243
0.171120
-0.031128
0.043405
0.022658
0.026730
0.106001
-0.109616
0.035826
-0.067920
-0.141667
0.189177
-0.124658
-0.323836
-0.070488
-0.006352
0.007001
-0.018013
-0.044015
-0.068416
0.088629
0.159605
0.074418
-0.094431
0.067042
0.007362
0.028593
0.014386
-0.098353
0.044454
0.197302
-0.044892
-0.008776
0.107710
-0.025039
0.152836
-0.134085
0.039249
-0.239040
0.164083
0.012404
-0.131554
0.060590
-0.213208
-0.193198
-0.142749
0.245389
-0.037332
0.063727
-0.142982
-0.102722
0.137753
-0.106686
-0.231645
0.216369
-0.160447
-0.044580
0.070601
0.166877
-0.060071
-0.160039
0.464692
-0.383442
-0.025623
-0.020740
0.150904
0.085960
-0.239467
-0.122287
0.041760
0.045505
-0.202349
-0.229716
0.021037
-0.032560
-0.027077
0.050370
-0.177640
0.020768
0.149156
0.187891
-0.156593
0.048294
-0.043842
-0.058385
0.043295
-0.136660
0.109811
-0.110252
0.198779
-0.008443
0.035242
-0.057076
0.034498
0.113993
0.033916
-0.048885
0.041458
-0.023725
0.140861
0.010781
0.135755
0.077308
-0.035938
-0.269307
-0.146700
-0.159957
0.070491
0.062923
0.000610
0.018599
-0.120631
-0.077014
-0.090375
0.162506
-0.035398
-0.038850
0.024349
0.082327
0.047824
0.137933
-0.164389
0.136482
-0.248522
-0.022886
-0.235791
-0.119126
-0.125993
-0.040447
0.004996
-0.062094
-0.044834
-0.320241
0.079863
0.159758
0.051412
0.044750
0.037218
-0.167115
-0.097060
0.008844
0.068199
-0.136911
-0.094894
0.086963
0.093783
-0.180955
0.018658
0.031894
0.160947
0.071101
-0.154439
-0.232487
-0.005184
0.050200
0.128037
-0.023124
-0.155374
0.104674
0.101201
-0.028671
-0.058197
-0.015928
0.075562
-0.011337
0.162679
0.101056
0.290393
0.021890
0.061029
-0.071027
0.153791
-0.006457
0.060264
0.203164
-0.041478
-0.121681
-0.186661
0.049154
0.189877
0.159817
-0.203760
-0.051666
-0.082506
0.287974
-0.044962
-0.324908
0.215753
-0.190005
0.023278
0.009035
-0.007952
-0.010990
-0.114231
0.135020
0.032246
-0.407633
0.052672
-0.107950
0.003806
0.067680
-0.148762
0.411635
0.138719
-0.131827
-0.005603
0.131931
0.026558
0.059488
0.089975
-0.043721
0.128591
0.164433
0.111394
-0.022912
0.174939
0.129274
0.285207
0.186090
0.022434
0.231247
0.043672
0.065442
0.138873
0.104151
-0.043677
0.111267
-0.041986
0.010884
0.150096
0.038362
0.120467
-0.159528
0.083374
0.095687
0.070010
0.127765
0.045286
-0.205924
0.076897
-0.075187
-0.117113
-0.054634
0.036472
0.111436
-0.118240
-0.054231
0.031931
-0.073043
0.089130
-0.060279
0.078204
0.018497
-0.104627
0.088857
0.034683
-0.123059
-0.128409
0.142517
0.286049
-0.131979
-0.037830
0.110942
0.010292
0.321237
-0.126404
-0.000092
-0.221263
-0.018536
0.168872
-0.030044
0.045609
-0.184032
0.006396
0.069923
-0.038954
-0.175087
-0.235668
-0.140057
0.134093
-0.038634
-0.006461
0.014654
0.050861
-0.116747
0.024075
-0.064912
-0.090395
0.021474
0.028599
-0.035601
0.222073
-0.081955
-0.059863
0.045786
0.001651
-0.309066
-0.064706
-0.028497
-0.133885
-0.071586
-0.012850
-0.105459
0.136692
-0.148510
-0.006919
0.012912
-0.063274
-0.154409
-0.120612
0.024416
-0.145892
0.143236
-0.251234
0.063105
0.241068
-0.084791
0.098814
-0.101426
-0.277775
-0.049491
-0.224786
0.238748
0.019698
-0.025998
-0.023719
-0.011360
0.098689
0.113937
-0.152896
0.103552
0.021954
0.019293
0.172540
-0.056719
0.048304
0.129072
0.132669
0.092861
0.011996
0.219929
-0.090746
0.015360
-0.080915
0.121403
-0.185582
-0.141114
-0.049046
0.180757
-0.004122
-0.082299
0.093664
-0.128995
-0.079073
0.098817
-0.059472
-0.042862
0.200300
0.080383
-0.023316
0.087665
0.144391
-0.108620
0.015359
0.014725
0.013304
-0.131951
0.122749
0.217827
-0.122285
-0.125375
-0.074994
0.108134
0.015784
0.294379
-0.140749
0.210811
-0.050978
0.312153
-0.073325
-0.084076
0.167328
0.007130
-0.063203
-0.119265
-0.032593
-0.121174
-0.023960
0.086617
0.137637
0.241079
0.286063
0.217353
0.092238
-0.100930
0.095277
-0.162675
0.204204
0.037117
-0.008326
-0.208086
-0.008379
0.116740
0.117365
0.021158
-0.154475
-0.073783
0.019227
-0.014226
0.155327
0.243895
0.101824
-0.131667
-0.044455
0.102737
0.028824
0.042031
-0.128671
-0.019319
-0.075404
0.089350
0.196725
0.045646
-0.006721
-0.043822
-0.048730
-0.150670
-0.315683
0.253853
-0.286038
0.037332
0.160739
0.066277
-0.168792
-0.033640
-0.263600
0.048589
0.062556
0.475943
0.004896
-0.151352
0.199027
0.110304
-0.026872
-0.039500
-0.144005
-0.042353
0.209513
-0.078947
-0.053651
0.061087
0.069155
0.045079
-0.045936
-0.129425
-0.159943
-0.002172
0.027719
0.281834
0.188493
-0.050562
-0.105032
0.324974
-0.013931
-0.233709
-0.063781
0.071078
-0.018435
-0.171987
0.057990
-0.184022
0.092669
0.154297
-0.138085
-0.254997
0.023000
-0.020061
-0.087827
-0.079109
0.119522
-0.244543
0.057748
-0.053421
-0.157428
-0.127954
0.182959
0.040513
-0.013794
0.148190
-0.013259
-0.053192
0.003113
0.072603
-0.040175
0.016179
0.142769
-0.118386
-0.054543
0.096375
0.133342
-0.076644
0.288942
-0.052144
0.065637
-0.155260
0.029617
0.016206
-0.014514
-0.168929
0.067960
0.092022
0.084380
-0.062602
-0.060112
0.030271
-0.172534
-0.185715
-0.047746
0.059593
-0.119054
-0.229257
-0.156327
-0.133181
0.127213
-0.000228
0.146913
0.088404
0.144703
-0.007523
-0.060556
0.130196
0.076313
0.397332
-0.172651
0.081094
-0.001399
-0.002894
-0.063255
0.169817
-0.012155
0.144318
0.019269
0.028329
-0.057975
-0.024847
-0.021199
0.083049
-0.001050
-0.201662
-0.198589
-0.214778
-0.155982
-0.115315
0.242164
0.217078
-0.068596
0.232923
0.059635
-0.104480
0.077870
-0.024469
-0.081062
0.096809
0.213435
0.211533
0.259902
-0.059593
0.263038
-0.087038
0.029658
-0.106436
0.073732
-0.026534
0.042071
0.034322
-0.029443
-0.016274
-0.186344
0.297871
-0.082517
-0.013513
-0.200540
0.074268
0.227132
-0.312052
0.047748
-0.285916
0.043950
0.068370
0.075651
-0.187255
-0.256118
-0.307540
0.175292
-0.098704
-0.148558
0.113365
0.011973
-0.139467
-0.033884
0.147740
0.067626
-0.059880
0.108647
0.024860
-0.086580
-0.064339
-0.111704
0.054295
-0.078556
-0.027834
0.058445
0.108470
-0.124803
0.145351
-0.268037
-0.039475
-0.056545
-0.107269
0.038199
0.177287
0.196744
0.121825
-0.153515
-0.219572
0.020368
-0.013166
-0.142876
0.144767
0.055795
0.143395
-0.295410
0.126370
0.091360
0.168967
-0.037702
-0.211281
-0.146165
0.119067
0.158693
-0.093274
0.023818
0.095147
0.254229
-0.078512
0.107448
-0.154346
0.052290
-0.244297
-0.006266
0.023201
-0.006721
-0.065819
-0.159100
-0.193663
-0.042582
-0.014175
-0.002169
-0.087819
0.003181
-0.156497
0.098570
0.074112
-0.218779
0.126627
0.123315
-0.076547
0.016091
0.126429
0.133575
0.178814
0.106337
0.019449
-0.126997
0.123700
-0.058009
-0.079307
0.015305
-0.098172
0.136506
0.144536
0.123033
-0.084233
-0.075043
-0.099220
0.149724
-0.114006
0.032518
0.001260
-0.114044
-0.059922
0.002710
-0.087214
0.155968
0.031072
0.148638
0.101459
-0.164399
-0.283480
-0.290904
0.071356
0.053008
0.273047
0.061979
0.168633
-0.011850
-0.037421
0.040867
0.291035
-0.158742
-0.063115
0.066173
-0.200834
0.139455
-0.198582
0.200833
-0.010967
-0.086290
-0.121144
-0.018745
0.066538
0.095808
-0.002696
-0.188895
0.262608
-0.237293
-0.034520
-0.052521
0.162174
0.122623
0.197516
0.026269
0.047490
0.003799
0.136081
0.181422
-0.019211
0.105485
-0.181452
-0.040302
-0.111853
0.057867
0.319192
-0.014588
-0.064479
0.101429
-0.181914
0.118966
-0.070234
0.101567
0.010819
0.244947
0.021705
-0.027576
-0.106548
-0.063869
0.144950
0.093275
-0.060599
0.084610
-0.137644
0.025073
-0.080810
0.215495
0.028334
0.014813
-0.033393
0.000834
0.295250
-0.066644
-0.019525
-0.125367
-0.143897
0.009382
-0.146172
0.115241
0.038729
-0.030525
0.106066
-0.146072
-0.032784
-0.022987
-0.090260
0.020811
-0.081914
0.216086
0.067879
0.190097
-0.025386
0.004311
-0.034001
0.074292
-0.053431
0.027883
0.118374
0.229662
0.162295
0.000322
0.195459
0.243445
-0.129284
0.073012
-0.019844
0.040778
0.086453
0.188766
-0.043768
0.187459
0.101722
-0.075506
0.184317
0.209440
0.060160
0.039970
-0.112380
0.279049
0.018306
0.024115
0.161181
-0.010942
-0.085534
-0.046484
0.135865
-0.141185
-0.167424
-0.140665
0.072696
-0.076618
0.277699
-0.007066
0.084781
0.129129
-0.192478
0.182322
0.126970
-0.027726
0.075392
-0.201454
-0.162482
0.020667
0.189921
0.277353
-0.089697
-0.089621
-0.038687
-0.204485
-0.004437
-0.057280
-0.002808
0.030655
-0.082349
0.065320
0.078757
0.093891
-0.249946
-0.105868
-0.185054
0.075398
0.052370
0.003123
0.022777
-0.100328
0.041196
-0.121131
0.124089
0.105072
0.196659
-0.001422
-0.072206
-0.226672
-0.186268
-0.030061
-0.068720
0.176627
-0.072626
-0.006444
0.147088
0.034104
-0.107881
0.002568
0.190099
-0.210021
0.031813
-0.007619
-0.360556
0.166903
-0.177968
-0.152108
-0.109587
-0.088965
-0.016919
0.065671
0.119151
0.155738
0.101798
-0.087109
-0.077466
0.015112
0.174974
0.204646
0.169070
0.027327
-0.134513
0.043839
0.018699
0.001303
-0.109414
-0.110902
0.048401
0.018459
0.113706
-0.107038
0.281755
0.082005
-0.005178
-0.014117
0.328710
0.191049
-0.068840
-0.206032
0.164274
0.182845
0.268456
0.034840
-0.106921
0.165056
0.082403
-0.086221
0.036747
0.020757
-0.164181
-0.022141
0.016527
0.026844
-0.024781
-0.154671
0.048802
-0.023619
0.075541
-0.070858
-0.004818
0.186178
-0.048730
-0.160542
-0.043669
-0.009046
-0.056617
0.025172
0.223763
0.049264
0.081483
-0.105758
0.088605
-0.180111
-0.075961
0.001948
0.022546
-0.089107
-0.109761
0.077875
-0.150960
0.163453
0.037607
-0.094004
-0.114262
0.047570
-0.071609
-0.090427
0.103256
0.233381
0.159630
-0.073594
-0.034753
0.119455
0.300007
0.141291
-0.191807
-0.125611
-0.030328
0.071902
-0.150961
-0.270989
0.078527
0.113688
-0.073696
0.050617
0.039031
0.067315
0.168385
0.021561
-0.075392
0.038263
0.102540
0.149932
-0.012796
0.174299
0.225738
0.043803
-0.109671
-0.002839
0.035942
-0.009985
0.097765
-0.154143
-0.133408
-0.026034
-0.033707
-0.087884
0.077148
0.148959
0.174959
-0.062176
0.072927
0.222686
0.044889
0.075354
-0.178512
-0.129675
0.033176
-0.205518
0.110495
0.016821
0.133947
-0.319388
-0.016875
0.110344
-0.043016
-0.186610
0.132341
-0.294781
0.064318
-0.118523
0.162849
-0.005932
0.031093
0.084996
0.043048
-0.166123
0.129584
-0.068426
0.119973
-0.062797
0.255328
-0.196135
-0.093807
-0.128200
0.045911
0.133620
0.017918
-0.225989
-0.101355
0.074804
0.286220
-0.064922
0.287553
0.113463
0.144343
-0.074215
0.033291
-0.069428
-0.070984
-0.041500
-0.197905
-0.030984
0.112115
-0.066275
0.071228
-0.132091
-0.007737
-0.094855
0.161685
-0.134108
0.064517
-0.345584
-0.001857
0.142514
-0.342298
0.097582
0.171955
-0.075321
-0.034013
-0.090933
0.067315
0.057681
-0.061725
-0.272839
0.082304
-0.064671
0.081391
-0.051755
0.016498
-0.087726
0.079474
0.146611
0.176305
0.027103
-0.020854
0.223508
0.114060
0.161175
-0.042037
0.252883
-0.138885
-0.124721
-0.057493
0.033910
0.072678
-0.010885
0.070028
-0.061611
-0.105854
-0.066399
0.106233
0.131343
0.135152
0.039674
0.126969
-0.153074
-0.037320
-0.201170
-0.460647
-0.312718
0.210341
-0.075266
0.025693
0.055533
-0.134463
-0.140878
0.045030
-0.123469
-0.058586
0.001772
-0.058738
-0.008482
-0.009539
-0.167591
-0.087111
0.051694
0.224357
0.041592
-0.162280
-0.094468
0.095613
0.223150
0.104742
0.073614
0.090847
-0.035576
-0.117481
-0.090246
0.019040
0.065164
0.203222
-0.024581
0.230699
0.002605
-0.045856
0.277087
0.119958
0.189368
0.038099
-0.097598
0.077379
-0.112979
-0.034846
0.004254
0.236949
-0.160801
-0.185449
-0.077867
-0.132166
0.101600
-0.078543
0.089480
-0.000015
0.089804
0.032345
-0.100173
-0.198474
0.032244
0.029027
-0.005182
0.000652
0.099093
0.044725
-0.013160
0.157085
-0.018956
-0.056384
0.161280
-0.209688
-0.026087
0.041747
-0.039337
-0.093158
-0.227253
-0.118282
-0.128797
-0.052044
0.068677
-0.068108
-0.221821
-0.158014
0.068394
-0.276788
-0.208352
0.069147
0.127547
-0.157845
-0.102345
-0.005271
-0.077945
-0.176066
0.003441
0.113384
0.166025
0.063371
-0.030455
-0.119020
0.010104
-0.198623
0.099674
-0.071734
-0.025418
0.119851
-0.062134
-0.332915
-0.037638
0.174490
-0.058259
0.217732
-0.115058
0.201777
0.114390
0.023547
-0.037634
-0.068176
-0.041098
0.002615
0.205015
0.089713
-0.186377
0.159814
0.344428
0.079727
-0.020788
-0.298778
-0.182335
-0.009016
0.066889
-0.123810
-0.162175
-0.187148
-0.000411
0.259324
0.081551
-0.141743
-0.042583
0.256440
0.206408
-0.059930
-0.176217
-0.148454
0.045784
-0.064486
0.056395
0.067631
0.101325
0.096931
-0.005000
-0.059886
-0.066140
-0.085735
0.135300
0.004949
0.061160
0.007870
0.006271
0.050777
0.129923
-0.074436
-0.086345
0.047408
-0.009574
0.030295
0.070140
0.242319
0.156262
0.004636
0.166284
0.235564
-0.053744
-0.172577
-0.021797
-0.091088
-0.048742
-0.029960
0.136578
-0.012808
-0.035747
0.237055
-0.172632
0.144908
-0.331800
-0.015769
0.087434
0.013812
0.215518
0.131385
0.084085
0.067645
-0.264141
-0.160340
0.103754
0.061187
0.050276
-0.086730
0.080675
-0.051451
0.044184
0.112051
-0.086407
-0.058723
0.104599
0.023099
-0.086090
0.052290
-0.001831
0.199834
-0.049753
0.168223
-0.118865
-0.090842
-0.101476
-0.171069
0.063449
-0.104321
-0.114424
-0.020384
0.220876
-0.128923
0.137680
0.038643
-0.001118
0.190736
0.125808
-0.064196
-0.224327
0.031458
-0.314811
-0.051077
0.058738
0.017592
0.041352
0.020537
-0.046970
0.012762
-0.083600
0.138728
-0.147572
0.257140
-0.036950
-0.033898
-0.064788
0.049028
0.052809
-0.190065
0.026485
-0.055080
-0.155596
-0.081109
0.016153
-0.073317
-0.021637
-0.170252
0.065891
0.224216
0.008185
0.188525
0.102878
0.104384
-0.295669
-0.222443
0.112716
0.106611
0.176767
0.261015
-0.199180
0.003852
0.153741
0.053014
0.254904
-0.083972
-0.014086
-0.158110
-0.083665
0.064832
-0.005756
-0.004034
-0.189037
0.169522
-0.160631
-0.120932
-0.072112
0.306564
-0.238277
-0.084063
0.039731
0.065078
-0.113135
0.142988
-0.177994
0.053245
-0.038492
0.273510
-0.067303
0.025564
0.081096
-0.167359
-0.075585
-0.064433
0.126869
-0.191803
-0.022309
-0.075026
-0.067578
0.151260
-0.150935
-0.124113
-0.190981
0.117768
-0.172207
-0.017203
0.255475
0.060127
0.021007
-0.103440
0.016419
0.077619
-0.018214
0.106100
0.081864
-0.099170
0.213466
-0.048322
0.080395
-0.081451
-0.080953
0.042488
-0.071101
0.163557
-0.054050
0.109872
-0.071544
-0.363197
0.007770
0.130157
0.087604
-0.203609
0.217982
0.168801
-0.103011
0.023882
0.215484
0.101680
0.126550
-0.079177
0.009598
-0.047717
0.144432
0.046103
0.114501
-0.225215
-0.126644
-0.040063
-0.116457
0.044271
0.018940
0.196462
0.215900
0.038627
0.063808
0.039642
0.061199
-0.107168
-0.201124
0.009872
-0.110937
0.122293
0.070000
-0.072005
0.065491
0.277187
0.088351
0.171316
0.166320
-0.070533
0.095707
0.090841
-0.002394
0.113888
0.012548
-0.260884
-0.094985
-0.002210
0.142328
0.005113
-0.050758
0.115630
0.083822
-0.027981
-0.043382
-0.221532
0.129209
0.020423
-0.034464
-0.030125
0.043236
-0.086279
-0.123512
0.089931
0.114780
-0.126170
-0.232866
-0.066889
-0.080943
0.041626
-0.079421
0.033640
-0.014621
0.005929
-0.005136
-0.009975
-0.009268
-0.103214
0.057482
0.025286
0.169452
0.133141
-0.156284
-0.021364
0.029408
0.056775
0.139091
-0.007368
-0.010446
0.015532
-0.144180
0.026146
0.127502
-0.063359
-0.123089
0.095613
0.164251
-0.106018
0.203325
0.081753
0.214733
-0.108574
-0.014755
0.045549
-0.046078
-0.057203
0.105903
-0.179635
0.034142
0.019643
0.092722
0.026253
-0.104507
-0.265046
-0.021989
0.303217
0.113808
-0.247690
0.115377
0.172665
-0.052674
-0.109384
0.010510
-0.120139
0.094154
0.243025
0.194501
-0.093250
0.081572
-0.089749
0.083576
-0.118294
0.023329
0.233376
-0.060761
-0.139351
0.192481
-0.008889
-0.078467
0.010556
0.172262
-0.097020
-0.032993
-0.134730
0.052118
-0.139211
-0.212649
0.043515
0.087627
-0.262998
0.097203
-0.060470
0.104516
-0.052250
-0.121498
0.050225
0.056646
-0.069355
-0.110398
-0.155795
-0.252627
0.207281
0.001142
0.002082
0.024736
-0.177969
-0.268985
0.017425
0.125433
-0.076101
0.304513
-0.091924
0.018775
-0.190425
0.094240
-0.023051
-0.151194
-0.221990
-0.022362
0.046350
0.068216
-0.074889
0.049877
-0.216279
0.009330
-0.175296
0.042061
0.195098
0.026563
-0.110407
-0.152262
-0.070595
-0.021165
-0.016965
0.001491
0.010687
-0.038226
-0.222616
0.135787
0.053106
-0.092092
0.148402
0.058317
-0.054123
-0.253647
0.007950
0.155287
-0.069848
0.110841
0.175931
-0.040246
0.030739
-0.047607
0.079674
-0.086290
0.164855
0.213254
-0.025675
-0.196767
0.143057
0.150539
0.056504
0.226128
0.051778
0.071185
0.184574
0.126033
-0.074232
-0.067008
0.048457
0.023462
0.087440
0.011499
-0.074984
0.030667
-0.066558
0.013736
0.356641
0.045448
-0.089506
-0.031146
0.017467
0.233537
-0.170338
-0.131996
0.081575
0.055169
0.242096
-0.023484
0.046956
-0.013593
-0.033606
0.051823
0.397741
0.098676
0.057540
0.077426
0.131802
0.174938
0.123425
0.031465
0.191508
0.003266
0.031492
-0.100696
-0.064318
0.220276
-0.230587
-0.049120
0.295647
0.153355
0.102973
0.067169
-0.156141
0.078620
0.049128
0.144622
-0.268993
-0.062005
0.010954
0.048804
-0.118085
-0.041587
0.033030
-0.128103
0.010908
0.115728
0.012579
0.117498
-0.096422
-0.441447
0.198190
0.136410
0.292147
-0.167647
0.343047
0.081553
-0.022415
0.118429
0.013105
0.000370
-0.041789
-0.018070
-0.112077
0.080091
0.161402
-0.088845
0.008991
0.110272
0.060486
-0.085654
0.028658
0.016698
0.111146
-0.200627
-0.099025
0.011478
-0.006797
-0.122848
0.305590
0.031191
0.146658
0.049050
-0.073843
0.038136
-0.096830
0.013324
-0.018620
-0.128122
-0.121125
0.359651
-0.174662
0.105490
-0.227058
-0.076684
-0.068343
-0.134437
0.121070
0.163252
0.074022
-0.108419
0.120144
-0.013719
-0.013772
-0.245176
0.063278
-0.123444
-0.004995
-0.036076
0.034634
-0.079399
-0.093194
0.043027
-0.158463
-0.067605
-0.180220
-0.048182
0.011978
-0.234195
-0.209258
0.013195
-0.125804
-0.059738
-0.037703
-0.004084
0.233816
-0.064017
-0.010496
-0.014543
-0.132122
0.145817
-0.053176
0.100015
-0.137446
0.047545
0.182950
-0.133701
-0.204832
0.162261
0.048688
0.121712
0.297138
-0.087407
0.135406
-0.064006
0.094666
-0.096395
0.236424
-0.096562
0.261655
-0.150206
-0.000420
-0.153614
-0.154521
0.091148
0.090762
0.011290
0.151030
0.214029
-0.013649
-0.093597
0.012385
-0.108139
-0.077940
-0.144256
0.251253
-0.114138
-0.076754
-0.146929
-0.044312
-0.059954
-0.033995
-0.034024
-0.155951
-0.011910
-0.154091
0.100029
-0.147813
0.021371
-0.257976
-0.206138
0.127817
0.041140
-0.078832
0.010917
-0.030997
0.068245
0.201048
0.195911
0.115726
-0.174823
-0.132294
0.161958
0.126628
0.146489
0.123734
-0.085814
0.147324
0.016564
-0.206883
0.038365
0.174543
0.162259
0.296095
-0.153634
-0.123621
0.293193
0.077946
-0.005448
-0.000842
0.097855
-0.187634
0.019151
0.135267
0.054897
0.072487
0.135944
0.062769
0.030616
0.043390
0.089884
-0.260081
-0.088288
-0.140685
-0.116881
0.109385
-0.138165
-0.005403
0.019621
-0.238420
0.118814
0.024859
-0.092884
-0.062540
-0.018672
0.005395
-0.110638
-0.033536
-0.130488
0.165030
0.050605
-0.062563
0.019473
0.068498
0.130436
0.045155
-0.202005
0.287429
0.184209
0.087304
0.009072
0.013832
-0.162224
-0.037973
-0.215436
-0.090686
-0.022857
-0.004321
-0.082965
0.005084
0.201611
0.268284
0.071328
0.000303
0.097840
0.380850
0.097146
0.118913
-0.086236
0.061907
-0.014950
-0.016249
0.029446
-0.124283
0.090373
-0.204096
-0.211779
-0.016588
0.083434
0.041694
0.138398
0.041049
0.039086
0.137259
-0.039619
-0.036016
0.183184
0.014603
-0.040545
-0.128698
-0.028098
0.060924
-0.126347
0.145627
0.133319
-0.011245
0.118302
0.167024
0.023146
0.195735
-0.097996
0.116769
-0.137961
0.142667
-0.092878
0.083797
-0.032078
0.029254
0.161461
-0.061156
-0.189968
-0.026521
0.305743
0.038953
-0.164614
-0.158824
-0.332492
-0.019944
-0.085516
-0.007367
-0.007049
0.187660
-0.023903
0.137187
0.184500
0.121531
0.180583
0.134180
0.156283
-0.115326
-0.091185
-0.080502
-0.040625
0.049196
0.087599
0.143572
-0.002546
0.012092
0.112296
-0.123229
0.176069
-0.097161
-0.086135
0.002489
0.019566
0.108587
-0.058840
-0.015097
-0.029017
0.022394
-0.139909
-0.076373
-0.125829
-0.199720
-0.139438
0.000835
-0.063671
0.011958
-0.178926
-0.078656
0.101945
0.045149
-0.012024
-0.006623
0.015676
0.099493
-0.061795
0.028486
-0.089852
-0.028584
0.000700
-0.001207
0.056665
-0.118004
0.100751
0.109840
0.035297
-0.036850
-0.100297
-0.116121
-0.141448
0.205960
-0.192576
-0.071268
-0.074757
-0.240357
-0.185384
-0.029097
-0.125327
-0.012360
0.040934
0.243376
0.023556
-0.023183
0.111019
-0.254755
0.107892
-0.308811
-0.157323
-0.046806
-0.163417
0.120791
-0.102425
-0.129840
-0.134383
0.144466
-0.016885
-0.009023
0.037678
0.057115
-0.027527
-0.025992
-0.011002
-0.079434
0.033843
0.050589
0.213343
0.129177
0.022338
0.337426
0.058433
-0.079728
0.045311
0.153675
-0.001051
0.054805
0.043771
0.081709
0.186277
-0.127497
-0.021627
0.072551
-0.049584
0.008417
-0.085426
-0.023958
-0.039787
0.137484
0.028155
0.190169
0.001864
-0.004988
0.194835
-0.111128
0.050816
-0.006818
0.064882
0.057016
0.180239
-0.078607
0.161604
-0.021918
-0.046793
-0.162591
0.002812
0.174453
-0.174054
0.172124
0.071813
0.224629
-0.191088
0.079249
-0.029427
-0.129722
0.136109
0.076768
0.090433
0.173947
-0.015653
0.189240
0.052335
-0.038816
-0.194900
-0.049978
-0.038624
-0.105347
0.037277
-0.086206
-0.089179
0.073587
-0.142788
-0.177417
0.171961
0.207835
-0.079934
-0.214355
-0.051855
0.089075
-0.021261
0.192280
0.027915
0.175043
-0.067597
0.027478
0.034019
-0.074740
-0.167486
0.079994
-0.113768
-0.043934
-0.068854
-0.131732
0.313819
-0.131943
0.088359
0.098885
0.012509
-0.031063
-0.142159
-0.029747
-0.005608
0.058184
-0.119486
-0.053041
0.156546
-0.160866
0.091862
-0.143664
-0.019267
-0.189921
-0.097202
-0.007688
-0.161971
-0.004856
-0.226328
0.018073
0.192590
-0.082411
0.110536
-0.040551
-0.017566
0.053154
0.313327
-0.015243
-0.070072
-0.119221
-0.032592
0.078634
0.150733
0.119680
0.033855
-0.037793
0.142536
-0.033319
-0.037880
-0.006903
-0.023325
-0.094935
-0.078121
-0.139095
-0.008915
0.123544
-0.102936
0.043265
0.119878
0.108814
0.009942
-0.033967
0.143245
0.233359
0.000606
0.073109
0.069947
0.082167
0.063677
-0.385840
0.160697
-0.014207
0.114465
0.037391
0.086011
-0.075022
0.039169
-0.083785
-0.185781
-0.089536
0.047620
0.047921
-0.061956
0.028050
-0.326536
0.050465
0.116172
-0.103996
0.036584
0.062596
0.052410
-0.159214
0.092214
-0.045590
-0.077969
-0.200058
-0.176489
-0.131536
0.087825
-0.042935
0.178059
-0.054648
0.152000
-0.100908
0.141751
-0.215556
0.188606
0.014265
-0.190079
-0.113004
-0.050290
-0.038358
-0.087783
-0.108127
-0.039028
-0.023141
-0.078254
-0.087160
-0.016214
0.009622
0.073555
-0.165019
0.058622
0.038302
-0.095144
0.274457
-0.169639
0.022068
0.063487
0.006467
-0.091067
-0.200722
0.088075
0.038067
-0.156206
-0.136939
0.094254
-0.215007
-0.057924
-0.032843
-0.143290
0.079089
-0.189560
0.167661
0.068005
0.019044
0.035314
0.004117
-0.130741
-0.394178
0.025636
-0.032117
-0.077563
0.451683
-0.055906
-0.156268
0.124539
0.030054
0.222259
0.187291
0.047635
-0.075194
-0.017244
0.150345
-0.090590
-0.028845
0.080792
0.147358
-0.210741
-0.125726
-0.181787
0.336530
-0.027210
0.012449
0.244358
0.043191
0.029196
-0.097033
0.076925
-0.204445
0.076730
0.490826
0.057676
-0.211542
0.052664
-0.015843
0.154045
0.024729
0.065272
0.006264
0.035697
0.033855
-0.093589
-0.176254
-0.025400
-0.118046
0.070874
0.072866
0.252878
-0.207915
0.241203
0.117585
-0.137251
0.121668
-0.003120
-0.008173
0.241118
-0.114405
0.011663
0.025977
0.207460
0.159924
-0.010386
-0.074653
0.061095
0.107128
0.145350
0.254743
0.122710
0.131098
-0.055687
0.003447
0.033108
0.109982
0.098872
0.045014
0.042015
0.029372
0.150346
-0.082924
-0.078643
-0.082440
0.101097
0.079535
0.020182
-0.074797
0.128304
-0.154656
0.022324
-0.061169
0.015247
0.212491
0.211041
0.205888
-0.138491
-0.069003
0.112934
0.003895
0.157895
0.109884
0.148189
0.126902
-0.008445
0.033175
0.030564
-0.203050
-0.034336
-0.020475
0.099980
0.038297
-0.174461
-0.187310
0.005700
0.266569
-0.087279
-0.145746
0.105521
-0.178782
-0.142887
0.093639
0.112239
0.158071
-0.058812
0.028024
-0.093166
-0.094564
0.176470
-0.048676
-0.061098
0.243415
-0.170145
0.054816
0.042041
-0.046758
-0.199730
0.051943
0.000764
-0.071699
0.117002
0.231834
-0.034398
0.073671
0.036252
0.336367
0.145952
0.015489
0.041515
0.017375
-0.001618
-0.128278
0.385181
0.048408
0.032379
-0.032830
-0.119939
-0.214220
-0.039067
0.122794
0.106110
-0.212490
0.298856
-0.279341
-0.016982
-0.030649
0.025652
-0.140583
0.062595
-0.279865
-0.006876
0.094688
0.153435
-0.021327
-0.128401
0.123427
0.057661
0.033353
-0.060589
-0.147619
-0.389544
-0.158815
-0.045163
-0.011464
-0.079190
0.103990
0.083398
-0.055638
-0.071523
-0.160946
-0.124410
0.010890
-0.175394
0.138921
-0.023837
-0.010304
-0.080030
0.066855
0.046952
0.106059
0.108291
0.034982
-0.123709
-0.001045
-0.115260
0.091513
-0.082692
-0.124225
0.150465
-0.121612
-0.136947
0.001707
-0.240342
-0.065916
0.037434
0.161858
-0.014195
0.249112
0.006849
0.107136
-0.081794
0.179392
0.193877
-0.008847
0.190512
-0.038513
-0.219598
-0.179819
0.047630
0.143684
-0.006900
0.010467
0.161955
-0.116070
-0.139835
0.201267
0.141373
0.203284
0.097490
-0.049894
0.109325
-0.088342
0.189305
0.120935
0.045267
0.017526
-0.091692
0.012626
-0.005931
0.066149
-0.003319
0.145655
0.212163
0.109856
0.181654
0.090463
0.190527
-0.089926
0.140527
0.075269
0.025002
0.094841
-0.063616
0.052142
0.092288
0.025112
0.030929
-0.160742
0.120396
0.011823
-0.205625
0.081153
-0.190928
-0.088541
0.097352
0.086784
-0.028234
-0.124572
-0.019141
-0.128959
0.304298
-0.005884
0.052094
-0.099024
-0.077908
0.052902
0.006980
-0.012823
-0.106404
-0.131675
0.010079
-0.050349
-0.018808
-0.175917
-0.160994
-0.185063
-0.131074
0.084247
0.103797
0.098873
0.001675
-0.100704
0.241213
0.254553
-0.149209
-0.226906
-0.083840
-0.025199
-0.035803
-0.141912
0.228438
0.002822
0.136530
-0.073288
-0.185806
-0.138876
-0.224779
-0.023413
-0.003877
0.098980
-0.112308
0.307188
-0.003953
0.093138
-0.059345
-0.010188
-0.002284
-0.044706
-0.098577
0.159864
0.020369
0.043919
0.170934
0.085655
0.320608
-0.211866
0.111018
0.076524
0.192860
-0.010556
0.112709
0.030823
0.082170
0.060221
0.063695
-0.064956
-0.171702
-0.094384
-0.007598
-0.120012
-0.154544
0.133825
-0.043979
-0.082265
0.023170
0.012113
-0.060021
0.101012
-0.079597
0.025612
0.102506
0.206787
0.004415
0.211222
-0.090410
0.136409
0.277366
-0.078233
-0.012841
0.021859
-0.024502
0.090606
0.065635
-0.046252
0.039890
0.004104
0.163178
-0.052208
0.059207
0.022384
-0.141455
0.000534
-0.008389
0.125094
0.050537
-0.166287
-0.030277
-0.066214
0.059382
-0.033075
0.107690
0.021090
-0.016317
-0.000524
-0.170134
-0.236866
-0.065741
0.070528
-0.040116
0.157380
0.056313
-0.068759
0.029147
-0.097234
-0.101865
0.194527
-0.171240
-0.118781
-0.104930
0.021320
-0.045641
0.147157
0.186379
0.072987
0.129438
-0.158059
-0.187998
0.190950
-0.255171
-0.096590
-0.024366
-0.063674
-0.166389
0.126597
-0.140198
0.183914
-0.240943
0.323864
0.128871
0.057837
0.175689
-0.343488
0.062973
-0.077974
-0.021213
0.101505
0.079968
-0.040788
-0.142245
0.187544
0.073810
0.084409
-0.242478
-0.015018
0.160626
0.226243
-0.208411
-0.062198
0.036790
0.158733
-0.027091
0.037614
-0.019850
0.101743
-0.058347
0.082657
0.226685
0.068494
0.096047
0.102337
0.071387
0.002577
-0.010401
0.169989
0.081143
-0.089607
0.063135
0.276839
0.050642
0.136756
0.144412
-0.050733
0.075988
-0.140302
0.066140
-0.073083
-0.039688
0.111692
0.084879
0.012609
-0.078213
0.029911
-0.105986
0.083501
-0.199794
0.199990
-0.064822
-0.114252
-0.023059
0.098008
-0.033981
-0.046042
0.125207
0.213495
-0.273755
0.131598
-0.099550
-0.235458
0.079579
-0.245159
-0.024968
0.088141
0.082612
0.215459
0.067299
-0.054244
0.105240
-0.070125
0.010556
-0.080334
-0.208298
-0.223113
-0.048672
0.138376
-0.015636
0.012381
0.101380
0.042828
-0.075505
-0.352183
0.213707
-0.077929
-0.054238
0.047442
0.229868
-0.097623
-0.030063
-0.058534
-0.169917
0.219977
-0.021815
-0.137397
0.171552
0.086272
-0.127386
-0.119046
-0.020574
0.082376
0.102473
-0.049380
-0.215744
0.194404
0.136206
-0.080932
-0.023374
0.006450
-0.145271
-0.129185
-0.163518
0.370065
-0.193306
-0.065265
0.023960
0.068896
0.079234
-0.278432
0.119459
0.045115
-0.140623
0.195628
0.146124
0.016341
-0.076171
-0.049458
0.134009
0.049613
0.028340
-0.080227
-0.466710
0.003831
0.172755
0.321871
0.045723
-0.021721
0.128572
-0.094066
-0.208278
-0.079018
-0.054395
-0.048937
0.182830
-0.197633
0.002220
-0.122026
-0.028617
-0.027941
0.209453
0.252654
0.174612
-0.092918
0.144343
0.030162
0.066989
-0.052398
0.146469
0.177492
0.001724
0.121681
0.219627
-0.106840
-0.000480
0.041903
-0.114732
0.024542
-0.089711
-0.170078
-0.024156
0.184571
0.260936
-0.057843
-0.186077
0.083446
0.115711
-0.041518
0.071041
-0.025376
0.036607
-0.007084
0.060735
-0.205272
-0.017866
0.023705
0.016857
0.228985
0.146372
0.041240
0.139907
-0.063630
-0.133759
-0.013707
0.224674
0.045683
-0.157540
-0.114423
-0.215643
-0.066105
-0.201819
0.033538
0.023582
0.151668
-0.121016
-0.059244
-0.036688
0.189843
-0.128655
0.105909
0.225466
0.051243
-0.051300
0.110542
0.103645
0.059209
0.305732
-0.016854
-0.056409
0.179744
-0.024494
-0.067418
0.040163
0.374824
-0.029196
0.195834
-0.108780
0.257154
0.145220
-0.128520
-0.277343
0.043319
0.007735
0.152437
-0.121408
-0.168298
-0.178881
-0.048169
-0.006696
0.080012
-0.182425
0.205744
-0.122659
0.084803
-0.007611
-0.048813
0.059888
0.099957
0.028935
-0.200937
-0.087507
-0.045327
-0.200187
-0.069429
0.217501
-0.188317
0.207320
0.041563
0.085598
-0.153497
-0.271198
0.203832
-0.007217
-0.124324
0.165111
-0.144476
0.059093
-0.085425
0.006381
0.063396
0.098208
0.053714
-0.103362
0.076851
-0.056118
0.040914
0.078867
-0.042763
-0.030258
-0.120427
-0.121396
0.007098
0.250915
0.163411
0.009783
0.122498
0.121284
0.042695
-0.100796
-0.151423
-0.021957
-0.042941
0.190670
-0.039688
-0.218800
-0.163312
-0.003994
0.024820
-0.085441
0.019051
0.068930
0.212124
-0.034230
-0.068616
-0.008319
0.147022
0.006424
-0.140951
0.170894
0.131212
0.172734
0.098338
-0.248298
-0.185298
0.019099
0.107178
-0.032835
0.047780
-0.133364
-0.070063
0.263573
-0.205838
-0.000943
-0.014040
-0.016176
0.011741
0.052146
0.131289
-0.093420
0.175954
-0.051714
-0.023445
-0.128678
-0.071084
-0.040074
-0.132997
-0.049735
-0.004886
0.121217
-0.000772
0.351293
-0.122303
-0.028554
-0.070515
0.054648
-0.001809
0.102325
-0.113710
0.110024
-0.163925
0.131275
-0.142701
-0.026539
0.162075
-0.004257
-0.060341
-0.172672
-0.145218
-0.265067
-0.033874
-0.157937
-0.078131
-0.090194
-0.097164
-0.038857
-0.074096
-0.219408
-0.155342
0.352005
-0.006771
0.043717
-0.041162
0.031400
0.022263
-0.085108
0.258243
0.048176
-0.068955
-0.040497
-0.056511
-0.058507
-0.016964
-0.036217
0.301086
0.045560
0.066864
-0.074407
0.274171
-0.020577
0.054711
0.050773
-0.011974
-0.174518
0.086415
-0.035943
-0.038717
-0.072245
-0.023903
0.144671
0.079235
-0.079688
-0.080613
-0.060159
-0.028063
-0.127926
-0.000511
0.124192
0.161494
0.126524
-0.206957
0.113759
-0.093565
-0.089689
-0.113503
0.035371
-0.044338
-0.137577
0.024387
-0.199877
0.017350
-0.169634
0.286422
-0.177829
0.183900
0.120438
0.085581
-0.061993
-0.063007
0.215549
-0.049658
-0.074648
-0.070175
-0.248985
-0.090155
-0.167828
0.191400
0.024793
0.048824
-0.076161
0.168074
0.013941
-0.264032
-0.175273
0.125941
0.004751
0.010360
-0.035371
-0.049399
-0.139208
-0.168212
0.014940
0.151910
-0.003148
-0.203159
0.068034
0.130305
-0.131119
0.046292
0.049552
0.089055
0.249882
-0.225414
-0.106620
-0.153059
-0.078935
-0.194061
-0.031430
-0.223336
0.069453
-0.044898
0.030306
0.004580
0.063202
-0.042931
0.415457
0.130945
0.168738
0.184857
0.096834
-0.009827
-0.110218
0.026182
0.067770
-0.184253
-0.151188
0.000514
-0.172532
0.032265
-0.141689
-0.044334
0.153731
0.085017
-0.108977
0.016374
-0.176528
-0.003180
0.126948
0.036194
-0.055660
-0.226044
0.089586
0.158308
-0.165929
-0.190121
0.088553
0.117567
-0.018026
0.030705
0.245409
0.122684
-0.130855
0.271774
0.172294
0.003922
-0.023158
0.074397
0.057591
0.060885
-0.235710
0.122286
0.052713
0.004599
0.284850
-0.131200
0.162166
-0.226661
-0.088901
0.141461
0.207012
0.085016
-0.128706
0.169526
-0.229805
-0.099314
-0.105494
0.031275
-0.086159
-0.060712
0.048506
-0.113511
0.093169
0.270005
0.100192
0.037301
0.171416
0.183849
0.041477
-0.124532
0.010100
-0.094172
-0.143334
0.071240
-0.357839
-0.062474
0.160452
0.004940
0.022030
0.218827
-0.152994
0.223730
0.022742
-0.095001
0.067693
0.104845
0.124098
0.055725
-0.119015
0.011132
-0.051351
-0.101008
-0.035181
0.173997
0.044759
-0.046583
-0.258368
0.044492
-0.213742
-0.006034
-0.243173
0.170875
-0.104722
-0.163520
-0.167619
0.014141
0.044941
-0.029832
-0.068713
0.085003
-0.112968
0.109334
0.077951
0.105252
0.127851
-0.052777
0.091092
-0.057959
-0.040603
0.050462
0.163821
-0.005665
0.119443
0.170198
0.275034
-0.082218
0.082359
0.006416
-0.049682
0.057164
-0.004161
0.063201
-0.048350
0.185609
0.192142
-0.036369
0.043509
0.350936
-0.046559
0.017778
0.016872
0.040417
0.004914
-0.115874
-0.008725
-0.209134
0.007867
-0.011753
-0.044609
0.215790
0.146194
-0.008453
0.270329
-0.028402
-0.019345
0.057197
-0.148818
0.097985
-0.067628
-0.178261
0.096324
0.067003
0.088088
-0.221541
-0.175840
0.109497
0.132575
-0.167223
0.112318
0.021906
0.106699
0.038156
-0.155912
-0.027751
0.061376
0.023649
-0.012759
-0.266278
0.103604
0.240943
-0.042080
-0.074243
-0.165335
0.176413
-0.003474
0.071047
0.046543
0.246119
-0.099745
0.018888
0.141106
-0.059585
0.200291
-0.007258
0.005517
-0.116172
0.167065
-0.203327
-0.131766
-0.087174
-0.065490
0.162338
-0.163155
0.157360
-0.185628
-0.049899
0.022901
-0.088914
0.006653
-0.072923
0.046812
-0.074185
0.065519
-0.146361
-0.197999
0.256890
-0.170697
0.035440
-0.180930
-0.081229
0.007065
0.215468
-0.266797
-0.078438
0.087067
0.005864
0.103053
0.242881
0.146831
-0.134726
-0.088208
0.104623
-0.009200
-0.057629
0.274565
0.067588
-0.141493
0.211000
0.107122
-0.071461
0.030825
0.006368
-0.079382
-0.194320
0.065188
-0.109385
-0.041779
0.192435
-0.018976
0.016171
-0.016683
-0.105055
-0.060779
0.033772
-0.009449
0.148692
-0.019529
0.305755
0.192392
0.101333
0.088873
-0.062415
-0.040908
0.113050
-0.149591
-0.213638
0.149582
0.236725
0.158958
-0.122225
0.025058
0.153482
-0.064678
-0.135577
0.082799
-0.004627
0.060237
0.035642
-0.005743
-0.000516
0.050006
0.060457
-0.150853
0.006755
-0.008019
0.086180
0.100978
-0.058709
-0.055750
0.185628
0.014294
0.015096
-0.038583
-0.138236
-0.105919
0.167061
-0.344975
0.018595
0.112738
0.048043
-0.013643
-0.089978
0.284227
0.024029
0.374720
0.030430
-0.261146
-0.039571
0.053733
-0.111421
-0.051463
-0.056180
-0.047015
-0.092996
-0.117861
0.143910
-0.062203
0.039862
0.092742
0.085482
-0.048560
-0.045681
-0.116581
0.088705
-0.220641
0.137200
0.201488
-0.242937
0.162022
0.111886
0.059331
-0.018177
0.179084
-0.059726
-0.025367
-0.122731
0.224926
0.064108
-0.061034
-0.222205
0.110162
-0.052943
0.053329
0.110007
0.198727
0.082879
-0.124759
-0.034691
-0.057168
-0.111780
0.065750
0.144698
-0.065781
-0.110154
0.106036
0.117495
0.000223
0.214705
-0.149421
-0.196388
-0.051663
-0.155422
0.033068
0.098034
-0.095048
-0.110854
-0.198820
0.087318
0.129025
-0.166390
-0.112355
0.002317
-0.033050
-0.125963
0.043586
0.069339
0.033043
-0.008904
0.047914
-0.012987
0.345936
0.010184
-0.251970
-0.107477
-0.102294
-0.002720
0.276864
-0.068930
0.091330
-0.016357
0.011514
-0.077049
-0.028296
-0.085270
-0.003563
-0.079407
-0.090584
0.119922
0.002770
-0.304945
0.028783
-0.229942
0.158678
0.107256
0.290061
0.089280
-0.106431
-0.049979
0.018532
0.123376
0.096041
-0.162713
-0.069472
0.159693
-0.083621
0.013999
0.025511
-0.033163
0.054129
0.118647
0.022827
-0.024391
0.041015
0.137714
-0.122491
0.179727
0.198637
0.217304
-0.069287
-0.082455
0.114038
-0.012770
-0.003930
0.136392
-0.136420
0.006315
-0.412792
0.112794
0.008759
-0.059905
0.045399
0.018135
-0.075397
0.121872
-0.068244
0.194685
-0.072671
-0.150053
-0.035586
0.142313
-0.022427
-0.133663
-0.019149
-0.026303
-0.108740
0.127207
0.157045
0.003441
-0.146824
0.205104
-0.050542
0.036224
0.007375
0.102372
-0.083643
-0.006060
0.186195
-0.190217
0.045682
-0.107216
0.099008
0.022571
-0.053396
-0.086222
-0.004162
-0.045825
0.079488
-0.073735
-0.140603
-0.068562
-0.120150
0.122547
-0.160452
0.073001
0.005189
-0.145281
0.007782
0.209247
0.108709
0.022980
-0.220792
0.277949
0.090657
0.031340
0.105767
-0.037924
0.141563
-0.042724
0.128479
0.097190
-0.153017
0.051481
-0.023981
0.381520
0.123195
-0.049048
0.097257
-0.136144
-0.085038
-0.009894
0.099259
0.228897
0.040914
-0.136785
0.008425
0.181479
-0.180697
0.382844
0.189205
-0.215316
0.180684
0.044218
0.095713
-0.213748
0.060644
-0.023906
-0.284721
0.121326
0.091051
-0.268472
-0.045568
-0.089932
0.183743
-0.004296
0.073337
-0.062719
0.001369
-0.083996
-0.208166
-0.026297
0.012138
0.022236
-0.111077
0.113720
-0.104319
0.035062
-0.008099
-0.134663
-0.070303
0.039394
0.112260
-0.337944
-0.178957
0.003529
0.009168
-0.059048
0.055829
-0.173951
-0.075388
0.051159
0.193507
0.059007
-0.132944
-0.053484
0.087822
0.256990
0.135207
-0.124167
0.259112
-0.082444
-0.149881
-0.235493
-0.289456
0.316083
0.139774
0.175896
0.011722
0.003163
0.088254
0.003267
0.122619
-0.055100
0.085971
0.031949
0.011131
0.260908
-0.109275
-0.061320
0.235320
0.261695
0.145944
-0.020294
0.000654
-0.254740
-0.285900
-0.104964
0.010427
-0.055963
0.051241
-0.066285
0.161828
0.034033
-0.068684
-0.183772
0.122880
0.061070
0.092245
-0.005807
-0.019279
-0.158630
0.157958
0.172656
-0.263476
0.026886
0.010019
0.013305
0.224072
-0.135753
-0.147574
-0.076184
0.063940
0.146454
-0.091530
0.226931
0.116195
-0.174482
0.025431
-0.071952
-0.113552
-0.091748
-0.100921
0.031423
0.026718
-0.012660
-0.109702
0.145276
-0.065888
0.093939
0.030107
0.119180
0.040289
-0.148863
-0.177072
0.064857
0.153310
0.111643
-0.112385
-0.180435
0.154491
0.036698
0.131054
0.200893
-0.086682
-0.121565
-0.218783
-0.068760
0.225608
-0.138938
-0.070522
0.102691
0.040365
-0.031182
-0.082183
-0.141988
-0.087866
0.131248
-0.030573
-0.247633
0.024177
-0.241573
-0.051849
-0.322929
0.161251
-0.019814
-0.360771
-0.091440
0.031637
0.026050
0.159677
-0.032599
-0.119281
-0.123098
0.075718
0.087859
-0.129400
0.143246
0.093246
0.095385
-0.104556
-0.134680
-0.005452
0.150443
0.078068
0.180188
-0.056431
0.241850
-0.104961
-0.234903
0.051379
-0.000665
0.136143
-0.079769
0.017085
-0.091498
-0.194123
0.262612
-0.032809
0.047026
-0.211739
-0.167702
0.070570
-0.098698
0.087722
-0.019369
-0.003244
0.099386
0.026520
-0.226364
-0.048169
0.033584
-0.014030
0.095621
0.014692
-0.047220
0.427430
-0.063308
0.140561
0.041728
0.056882
0.117573
-0.037477
-0.016593
0.134340
0.302055
0.178423
-0.017160
0.004678
0.056996
0.142746
-0.091477
-0.363836
0.052702
-0.078380
-0.070135
-0.060877
0.174893
-0.081332
-0.096438
0.276566
0.077443
0.340557
0.057684
0.103001
-0.019251
-0.058744
0.252565
-0.081431
-0.058364
0.032738
0.073028
0.089866
-0.076942
-0.000927
0.034662
0.023318
0.156656
0.078091
0.020825
-0.185828
-0.041893
-0.122361
-0.173328
-0.216565
-0.279902
0.007294
-0.018433
-0.019544
0.107675
-0.158999
0.025800
0.298471
0.122822
0.139091
-0.003274
0.211513
-0.148549
0.151893
-0.054554
0.022828
-0.116445
0.056353
0.077337
-0.091299
0.017591
-0.028234
-0.038205
-0.012475
-0.237688
-0.141201
-0.113421
0.095146
0.094125
0.258242
-0.063744
0.050000
0.027552
0.054713
0.114813
-0.085328
-0.009519
-0.038975
0.073842
-0.006817
0.052026
0.044662
0.040746
0.113803
-0.018184
0.298397
0.171580
0.152776
0.048446
0.146484
0.146761
0.040802
-0.129228
0.182781
-0.042481
-0.221773
0.048056
0.122200
0.139126
0.031394
0.130571
0.112869
0.179367
0.069374
-0.088172
-0.180244
0.060774
-0.165336
0.168618
0.091463
-0.012949
-0.119838
-0.004500
-0.107474
0.077222
-0.085994
-0.085740
-0.078947
0.100347
-0.025206
0.057337
0.244068
0.035854
0.031201
0.174348
-0.018025
-0.130829
-0.000186
0.139752
0.089316
0.045291
0.061673
-0.060125
-0.250376
0.008663
0.117267
0.141523
-0.201900
0.007712
-0.159657
0.216264
-0.076406
0.098527
0.013245
-0.107983
-0.131656
0.119628
0.146312
0.025904
0.139222
-0.040625
-0.034788
-0.032313
0.013281
0.158187
0.094119
-0.153301
-0.027077
0.142181
-0.246836
-0.008879
0.009290
0.053409
0.047739
-0.123130
0.132327
0.174688
0.035872
-0.090279
-0.169030
-0.109448
0.057966
0.084280
0.079856
0.248634
0.098466
-0.074369
0.099423
-0.345571
0.160378
-0.072764
0.080326
-0.084091
-0.039210
0.046203
0.007605
-0.124886
-0.104553
-0.078838
-0.037252
0.095022
0.081398
-0.161227
-0.035437
-0.102018
0.093738
0.149399
-0.137873
0.051315
-0.027201
0.007245
-0.041441
-0.007606
-0.010983
0.006018
-0.172714
-0.202171
-0.161043
-0.092342
0.087398
-0.008460
-0.181324
-0.052972
0.124578
-0.023749
0.123153
0.054528
0.056340
0.078959
-0.096552
-0.030081
-0.029797
0.007685
0.093346
-0.055292
0.093116
0.020865
-0.119973
-0.029319
-0.262852
0.037047
-0.115486
0.050345
0.042325
-0.011190
0.220255
0.092377
-0.227237
0.089451
-0.215134
-0.122774
0.059891
-0.063972
0.178635
-0.035818
-0.062858
0.365422
-0.059845
-0.044603
-0.012138
-0.061747
-0.008416
-0.069286
-0.231043
-0.141942
-0.091411
-0.015572
-0.049419
0.179108
-0.060535
-0.127140
-0.035110
0.040165
-0.074464
-0.023322
-0.129271
-0.137262
-0.028458
-0.048214
-0.101102
0.068655
0.126371
-0.052930
0.019535
-0.044707
-0.346855
-0.216550
-0.168122
-0.018330
0.103498
-0.188930
-0.014625
0.038636
-0.095259
0.205403
-0.333897
0.213928
-0.115461
-0.095980
0.082017
0.012470
0.199191
0.175831
-0.253341
0.233665
0.145371
-0.135370
-0.024050
0.115029
-0.077374
0.131571
-0.295693
0.147072
-0.256366
0.132276
0.147905
0.143874
0.152987
-0.010717
0.055657
-0.134171
-0.416742
-0.105261
-0.229183
-0.006455
0.052631
0.206361
-0.180164
-0.004995
-0.207771
0.188408
-0.007415
0.055443
-0.169308
0.073702
-0.034777
0.120926
-0.089493
-0.103938
-0.096989
0.067647
-0.083512
0.127377
0.054244
-0.015985
-0.019457
0.004146
0.168814
-0.223257
-0.098904
-0.005070
-0.046475
0.198656
-0.187794
-0.212115
0.157804
0.067040
-0.075097
0.035933
0.018821
-0.045824
0.142536
-0.079104
-0.216706
0.200489
0.152853
0.066647
-0.023138
-0.099109
0.189092
-0.279091
0.017387
0.032328
-0.106693
0.107314
-0.053828
0.161902
0.028462
-0.097118
-0.199920
0.339543
-0.171531
-0.030874
0.019467
-0.076273
0.056096
0.018839
-0.102643
0.020905
-0.044880
0.062934
-0.225248
-0.314723
-0.007216
0.006417
0.070651
0.037796
-0.107149
-0.002083
-0.078951
-0.110522
-0.149176
0.210016
-0.146363
0.035422
0.134854
0.136189
-0.008522
0.074129
0.073700
0.115315
-0.019108
-0.138131
-0.338276
0.050366
-0.035057
0.019446
-0.089232
-0.054973
-0.045519
-0.149255
0.184387
-0.030186
-0.322969
0.051412
-0.180690
-0.033555
-0.146034
0.103932
0.020432
0.035543
0.003500
0.090946
0.317668
-0.125478
-0.223670
0.091623
0.134883
-0.060033
0.014495
-0.128056
0.010834
0.128886
0.076290
-0.092279
-0.016789
-0.028589
0.035088
0.169752
0.063502
-0.006819
-0.001294
0.242476
0.041316
-0.034113
-0.059719
0.067983
-0.112880
-0.089142
0.052955
0.053090
-0.034452
-0.198146
-0.175195
0.092570
-0.000095
0.092852
0.049057
-0.040372
-0.056333
-0.081826
-0.074879
-0.089272
-0.199594
-0.163005
0.072379
0.004778
-0.018229
0.047761
0.126718
-0.186648
-0.221496
-0.114610
-0.117978
-0.035209
0.032305
0.076922
0.048785
-0.175649
0.204619
0.083341
0.084832
-0.053826
-0.137751
-0.131355
-0.011259
-0.010519
0.003335
0.010023
0.013511
0.105564
0.124179
-0.086053
0.147387
0.027478
0.029414
-0.014424
-0.167391
-0.073390
0.015258
0.077142
-0.100409
0.008502
-0.155959
0.081724
0.087806
-0.159486
0.136817
-0.000735
-0.025521
0.249463
-0.102680
-0.063311
0.084340
-0.107125
-0.106077
-0.180437
0.084969
-0.068316
0.223411
-0.179013
0.096812
0.237328
-0.212343
-0.115607
-0.114607
-0.123894
0.009052
-0.201903
0.059469
-0.072529
0.189705
-0.022562
-0.117366
0.004928
-0.100785
-0.112208
0.291789
-0.076882
0.100679
-0.145021
0.013982
-0.048384
-0.120376
0.011373
0.110296
-0.093709
0.271960
0.183113
-0.225520
-0.055070
0.161758
0.088780
-0.028266
-0.095220
0.125703
0.005068
0.081611
-0.234274
-0.002820
-0.153524
0.081268
-0.089686
0.021704
0.154452
-0.114783
0.147943
-0.109319
-0.007692
0.056501
-0.038887
0.169469
-0.134567
-0.016433
0.232744
0.116646
0.073914
-0.065093
-0.041002
-0.250476
-0.065458
0.094861
0.122553
-0.221926
-0.134558
-0.074913
0.025048
-0.060581
-0.232081
0.086224
-0.128017
-0.092538
-0.052412
-0.195812
-0.128314
0.167602
0.032509
-0.033676
-0.146920
-0.342362
0.260649
-0.079704
-0.113590
0.088783
-0.002498
-0.226813
0.048426
-0.006562
0.018855
0.091493
0.174555
0.101502
-0.023478
-0.127636
0.207493
0.057175
0.103861
-0.069311
0.046801
-0.073026
0.025135
-0.038461
-0.220623
0.208764
0.077503
0.030847
0.142151
0.087348
0.182179
-0.140708
0.093588
0.091003
0.079599
-0.057828
0.129344
-0.031111
-0.141390
0.117022
0.012571
-0.061132
0.060754
-0.160525
-0.044029
0.072295
0.139615
-0.120575
0.174428
-0.154897
-0.001114
0.079710
-0.163311
-0.063760
0.142661
0.194266
0.360565
0.091601
0.109987
-0.004980
-0.118268
0.021070
0.209150
-0.055500
0.116657
-0.055121
0.092951
-0.096889
-0.080582
-0.170965
-0.211407
0.109547
0.055629
0.109187
-0.028956
-0.037603
-0.113594
0.089186
-0.249057
0.004869
-0.021364
-0.186136
0.016643
0.336277
0.120536
0.096571
0.134826
0.148289
-0.162991
0.267945
0.257109
0.147213
0.063731
0.008840
-0.115818
0.060455
-0.282273
-0.026300
0.009400
-0.023291
-0.046338
0.369653
-0.176105
0.074048
-0.390762
0.008335
0.118016
0.086432
0.139818
-0.018864
0.021241
-0.124853
-0.132610
-0.021792
0.140306
-0.232536
-0.020518
-0.042982
0.206483
0.028156
0.017482
-0.187953
0.163582
0.002005
0.005594
0.220393
0.118967
0.055158
-0.090032
-0.477414
0.136311
-0.345685
0.287323
0.009825
-0.000630
-0.071756
-0.107784
-0.010154
0.025876
0.015717
-0.225654
-0.072789
0.059926
-0.138792
-0.284323
-0.082060
-0.232334
-0.116052
-0.081873
-0.089002
-0.018932
-0.015419
0.099381
-0.048329
-0.046453
-0.075545
0.062978
0.051826
-0.101857
-0.158484
-0.027693
-0.128461
-0.278919
-0.062436
-0.187209
-0.206519
0.111250
0.043844
-0.057981
0.234691
0.121554
0.129009
0.058745
-0.133104
-0.041491
-0.125229
0.021418
0.074740
-0.302754
0.220508
0.042698
-0.002546
0.255776
0.130728
0.074248
0.060866
0.058872
0.147702
-0.007967
-0.102450
-0.047969
0.048690
-0.150746
0.179697
0.094977
-0.021721
0.110739
-0.006582
0.097841
0.026567
-0.212035
-0.214119
0.014637
0.167302
0.168373
-0.028059
-0.003454
-0.032026
-0.102009
0.002740
0.000192
0.205421
0.143831
0.091122
-0.066025
-0.100890
-0.049464
-0.105578
0.139492
0.099754
0.320036
0.116040
0.057647
0.070955
-0.200644
0.116705
-0.093920
0.264057
0.024436
-0.092299
-0.100796
-0.195345
0.094001
0.060618
0.056742
0.090106
0.107913
0.056311
0.077214
0.086676
-0.183740
0.025139
0.196923
0.048239
0.190493
-0.243056
0.126176
-0.079163
-0.195566
-0.187199
-0.045252
-0.118655
-0.050530
0.010811
-0.123070
-0.051947
0.061815
-0.180933
0.056666
-0.086705
-0.076237
0.001799
-0.029143
0.011709
-0.134909
-0.179001
-0.099591
-0.142248
-0.097058
0.245574
0.078360
0.132131
0.030884
-0.182298
0.184467
0.183172
0.024506
-0.101304
-0.008443
-0.061962
-0.225521
0.056562
0.095964
-0.065625
-0.030974
-0.079451
-0.054206
-0.057045
0.263979
-0.380035
-0.337449
0.011499
-0.202997
-0.184692
-0.030041
0.113562
-0.005787
-0.089192
-0.066566
0.316255
-0.123773
-0.134338
0.134352
0.020881
0.004752
0.126868
-0.099371
0.045866
0.074356
0.147284
0.103241
0.014359
-0.040198
0.003179
0.087759
-0.041079
0.159135
-0.111231
0.028918
-0.010374
0.240950
-0.165899
0.025057
-0.032797
-0.155262
-0.279209
0.195324
-0.019018
-0.224692
-0.063022
0.127163
0.123399
0.016067
-0.356148
-0.051599
-0.045408
0.136493
0.112027
-0.166211
-0.039815
-0.047094
0.035686
-0.074504
-0.044312
0.082390
0.002025
-0.112683
0.189413
0.238891
0.040719
-0.232899
0.072488
-0.034941
-0.037857
0.013615
-0.242515
0.127299
0.117017
0.004442
-0.120927
0.036821
-0.130701
0.145436
-0.106155
0.059422
-0.033664
-0.154439
0.066612
0.153298
-0.108712
0.076916
0.107982
0.115092
-0.073705
-0.091422
0.058171
-0.109136
0.006285
0.008065
0.134152
-0.006314
0.068955
0.224846
-0.079086
-0.039781
0.083647
-0.143026
-0.064836
-0.093036
0.019628
0.055167
-0.210573
0.083177
0.092026
0.191543
0.106675
0.128368
0.160676
-0.143942
0.019102
0.075617
-0.014803
-0.057969
-0.104913
0.015766
0.211660
0.129372
-0.138022
0.049364
0.133951
-0.031455
0.121432
-0.027750
-0.065547
0.050214
-0.007511
-0.006128
-0.057653
0.129680
-0.233351
0.015896
-0.021305
0.095810
-0.223119
0.057163
0.048607
0.030290
-0.155918
0.032292
-0.002261
-0.138645
-0.182905
-0.153855
0.138009
0.227971
-0.087640
0.027393
-0.103941
0.230498
0.247953
0.038367
-0.081135
0.178534
0.009770
-0.088645
0.064763
0.051998
0.120005
-0.105250
-0.227989
0.076604
0.059220
0.045056
-0.042304
-0.013185
0.025354
-0.089643
-0.036503
-0.081093
0.038257
0.102395
0.035173
0.043244
0.084108
-0.143372
0.084278
0.110643
0.010785
-0.079467
0.067409
-0.082090
-0.088999
0.169966
0.122065
0.012937
-0.008206
0.153770
-0.177092
0.106469
-0.055096
0.135019
0.069110
0.208967
0.028450
-0.060163
0.050494
-0.119120
-0.079720
-0.066633
-0.262473
-0.000537
0.104621
-0.023572
-0.008055
-0.049676
-0.273979
0.020501
0.013188
0.018359
0.066895
-0.153534
-0.072544
-0.028065
-0.000672
0.012825
0.164524
-0.016729
-0.054654
-0.034365
-0.183199
-0.135101
-0.005933
0.057826
0.013254
-0.065975
0.153654
0.059590
0.150005
-0.030316
-0.217252
-0.087484
0.141369
-0.001585
0.042829
-0.172968
0.119417
-0.187609
0.014074
0.057265
-0.013686
0.081543
0.042678
0.198726
-0.140297
0.018695
-0.115502
-0.090836
0.009098
-0.250204
0.142198
0.182247
-0.042334
0.067004
-0.093129
-0.196288
0.186810
-0.147511
0.016588
-0.093804
0.029266
0.147317
0.117112
-0.107786
0.006581
0.170343
0.133704
0.034829
0.008157
-0.085239
0.068258
-0.101687
0.233594
0.175704
0.043235
0.026680
0.176800
-0.081469
-0.060849
0.023608
0.109802
-0.137053
0.063694
0.122158
-0.038191
-0.107828
0.051055
0.007834
-0.277491
-0.171359
-0.014986
0.010297
-0.006729
-0.294651
0.164686
0.024837
0.007051
-0.030494
-0.033449
-0.256555
-0.048844
0.006008
-0.040660
0.044500
0.019679
-0.164750
-0.063633
-0.118708
0.135915
-0.084488
0.122218
-0.023782
0.044485
0.195796
-0.260105
-0.061087
0.014436
0.023940
-0.102820
-0.120369
0.201102
-0.026211
0.011757
0.129697
0.059304
0.142924
0.194866
0.252846
-0.193850
0.181110
-0.117621
-0.100541
-0.013573
0.123279
0.116197
0.242082
0.025559
-0.273709
-0.236288
0.194611
-0.452764
0.059020
-0.031307
-0.012654
0.203318
-0.001901
-0.029633
0.046834
0.088436
-0.152137
-0.250132
0.022226
-0.049340
0.025107
0.295727
0.085460
0.138018
-0.051784
-0.147613
-0.305978
0.115030
0.211201
-0.020512
0.031475
0.180267
0.053609
0.119400
-0.077281
0.002993
0.120773
-0.064293
-0.334182
-0.034776
-0.200838
-0.013566
-0.400311
0.049886
-0.191854
0.295292
-0.180938
-0.084670
-0.182704
-0.126687
0.061998
0.190217
0.016547
-0.087296
-0.041323
-0.081725
0.086857
-0.014693
0.063494
0.241447
-0.035361
-0.005137
-0.021070
0.011971
0.139935
0.007231
0.065161
0.020869
-0.056795
0.008790
-0.162834
0.243623
0.060225
0.287028
0.144953
0.033928
-0.059678
0.108021
-0.007861
0.034368
0.011532
0.056591
-0.125947
0.034641
0.014227
0.145574
-0.127544
0.138967
0.154725
0.224532
0.161776
-0.194902
0.136470
-0.120342
0.038061
0.092308
0.256140
0.160426
0.180887
0.039181
0.082485
0.087719
0.283689
-0.076626
0.020316
0.137085
-0.059146
-0.233501
-0.220337
0.110949
0.147307
0.172523
0.046114
-0.001018
0.068816
0.027956
-0.141405
0.085785
-0.034461
0.226128
-0.083991
0.110475
0.039922
0.059753
0.076484
-0.132747
0.090492
-0.027670
0.044122
-0.010278
-0.121217
0.001052
0.140355
0.205112
-0.131487
-0.054224
-0.033642
-0.088628
-0.054660
0.021262
0.010114
0.162350
0.027541
-0.205809
0.218546
-0.224822
-0.118442
-0.252882
-0.144683
0.240003
-0.009573
0.157020
-0.132901
-0.210933
0.037791
-0.166496
0.239894
0.005601
0.080159
-0.199124
-0.217342
-0.032440
0.143701
0.088817
0.099443
-0.160019
-0.134320
0.055435
0.261843
0.050678
-0.035351
-0.210299
-0.028912
-0.076047
0.020861
0.009622
-0.190303
0.025429
0.051029
0.033649
-0.025810
-0.049412
-0.067870
0.006907
0.028410
0.093842
-0.067669
-0.054822
0.038416
-0.009605
0.318447
-0.100292
-0.229755
-0.016527
-0.143717
0.109780
0.074761
0.159355
-0.083733
-0.110781
-0.316226
-0.037128
0.072662
0.050339
0.153048
0.096551
0.094192
0.209415
0.246287
0.127250
-0.181390
-0.079558
-0.213311
0.167158
0.056945
-0.138059
-0.127217
-0.343980
-0.118695
0.122105
-0.063026
-0.197718
0.134054
0.035946
-0.109648
-0.032503
0.025609
-0.015468
-0.056684
-0.116440
-0.174924
0.115454
-0.094107
0.016162
-0.230016
-0.006647
-0.150137
0.026682
-0.081506
0.040432
-0.039473
-0.301356
-0.118962
-0.037039
-0.221909
-0.023972
0.184029
-0.182447
0.203180
-0.009337
-0.091155
0.250247
-0.114958
-0.013546
0.110573
-0.281441
-0.058439
0.001077
-0.168914
0.028707
0.127464
0.064203
0.059902
-0.004641
-0.020619
0.056941
0.164278
0.043818
0.129829
0.004611
-0.058966
-0.080977
0.184926
0.106810
0.201935
0.035255
-0.015691
-0.177273
0.068110
0.134582
-0.129867
0.197516
0.065426
-0.011725
0.235548
0.160369
0.119362
0.193775
0.095302
0.071747
0.167444
0.052095
0.041741
-0.233016
-0.069781
0.103405
-0.017303
0.111384
0.037687
0.278523
0.128413
0.122878
-0.040762
-0.073096
-0.132761
-0.085282
0.215108
0.065778
0.274417
0.101072
0.120872
-0.001426
0.052434
0.019962
-0.076602
0.011042
-0.138347
-0.134972
-0.056948
0.248144
-0.035346
0.135817
0.167206
-0.291839
0.012501
0.008079
0.067335
-0.083765
0.103429
-0.044439
0.173433
0.175346
0.110035
-0.153106
0.088162
-0.060503
-0.030202
-0.096876
0.202505
0.009442
-0.048241
-0.082509
-0.006068
-0.031787
-0.071268
-0.054624
0.108424
0.060638
-0.021390
0.083535
-0.157070
0.128041
-0.139963
0.056321
0.217245
0.143435
0.096373
-0.022146
-0.101860
-0.046217
0.128502
-0.228899
0.121242
0.103989
-0.021010
0.144133
0.065752
-0.052368
-0.150325
-0.006076
-0.149108
-0.109852
-0.015738
-0.109475
-0.105426
0.299856
0.067148
-0.150465
0.005118
0.071882
-0.078670
-0.141776
0.003313
0.197584
0.032133
0.109803
0.057308
0.003884
0.143084
0.149118
0.048277
-0.010793
-0.025471
0.109555
0.217665
-0.277946
-0.004008
-0.088558
-0.013341
0.149338
-0.204220
-0.250714
0.058558
0.130698
0.051663
0.092020
0.217171
0.047554
0.044167
-0.014326
0.093260
0.036096
-0.022312
0.075017
-0.003663
0.058417
-0.208301
-0.140114
-0.017280
0.054690
0.091484
-0.202987
-0.076025
-0.273045
0.185133
0.067246
-0.014850
-0.052104
0.142110
-0.032626
0.022600
0.152467
0.069656
-0.097073
-0.172231
-0.160832
0.094506
-0.048444
0.071430
-0.095176
-0.223095
0.089872
0.127604
-0.123689
0.055474
-0.017323
0.239554
-0.052463
-0.225464
0.009067
-0.204316
-0.081072
0.106939
0.086555
-0.020350
0.088653
-0.083935
-0.086151
0.090133
-0.217547
-0.082003
-0.076906
-0.072226
-0.085041
0.049766
-0.219845
-0.202404
0.195311
0.036286
0.111357
0.313958
-0.155955
0.200749
-0.045484
-0.076804
0.059116
0.106134
0.048382
0.106867
-0.048134
-0.031822
-0.287567
0.036519
0.050783
0.083683
-0.136239
-0.033440
0.107322
-0.026954
-0.086806
0.296493
-0.087926
-0.141966
-0.138035
-0.050765
-0.080065
-0.086842
0.172314
-0.120521
-0.001464
0.208228
0.102621
-0.173796
0.148623
0.068112
-0.079260
-0.032968
0.088089
0.155917
0.186119
-0.079215
0.043982
0.034622
0.045816
0.007674
-0.014907
-0.257589
-0.022721
0.053579
-0.109870
0.019708
0.134521
-0.052686
-0.247563
0.215195
0.004993
-0.068775
0.120290
-0.013670
0.158000
0.130960
-0.220480
0.062050
0.187459
-0.219207
0.062242
-0.203686
0.030348
0.116287
0.052318
-0.206554
0.055333
0.054829
0.002878
0.125727
-0.026024
-0.008846
-0.131423
0.132851
-0.109270
-0.006227
0.050368
0.251027
0.007686
0.132010
0.073783
-0.185958
0.168277
-0.157872
-0.097048
0.121878
-0.019106
0.083182
0.087017
0.024555
0.075498
0.250023
-0.070958
-0.007518
0.153429
-0.275605
-0.086164
0.094080
-0.200052
-0.170586
-0.000549
-0.097136
0.074667
0.152444
-0.088525
0.059399
0.109392
0.024592
0.065105
-0.242486
-0.102640
-0.018031
-0.044494
0.194092
-0.230545
-0.009412
0.029647
0.136922
0.150075
-0.061260
-0.103430
-0.036657
-0.236500
0.123589
0.182350
0.008367
-0.032631
0.092305
0.081940
-0.044230
0.020515
0.103408
-0.069267
-0.050620
-0.180573
0.086755
0.076525
-0.200560
0.195579
0.066023
-0.006298
-0.045134
-0.116698
-0.204669
0.034466
0.057675
-0.021684
-0.022070
-0.036386
0.262998
-0.179882
-0.045707
0.141360
0.058136
0.015582
-0.020709
0.027923
-0.121385
-0.132185
-0.288817
0.009221
-0.023207
-0.041103
0.050630
0.084923
-0.056179
-0.268159
-0.063314
-0.117891
0.211240
0.248060
-0.044173
-0.092043
0.034535
-0.076204
-0.077477
0.130822
-0.241658
-0.055560
-0.027726
0.088378
0.237309
-0.083924
0.137060
-0.260124
-0.140792
-0.099085
-0.160103
-0.195107
0.097622
-0.025417
0.145761
0.023063
0.003925
-0.383955
-0.006384
0.083839
-0.173582
-0.093661
0.154574
-0.009300
0.009254
0.036070
-0.150488
-0.022818
-0.022313
-0.131543
0.093519
-0.169178
0.015627
0.015094
0.045583
0.086411
-0.006352
0.267274
-0.034084
-0.034480
0.062622
-0.072827
-0.129173
-0.154672
0.042273
-0.048126
0.031836
-0.142781
-0.156067
-0.209441
-0.166469
0.026300
0.005722
0.011202
0.023334
0.034573
0.429932
0.207337
-0.004049
-0.155695
0.115523
0.032430
0.097806
0.015356
-0.020110
0.215843
0.053402
0.138644
-0.153080
-0.201068
0.135838
-0.008406
-0.081821
-0.094990
0.080311
-0.041770
0.122792
-0.048417
-0.096206
0.056578
0.147767
0.054664
0.208250
0.086479
-0.173563
-0.042262
-0.217098
0.083083
-0.071457
-0.096646
0.097347
0.127579
0.015057
0.088989
-0.027469
0.080140
-0.001539
-0.073174
0.064162
0.017021
-0.136763
0.018633
-0.108167
-0.156093
-0.181976
0.009570
-0.266135
0.099503
0.010784
0.055336
-0.100503
-0.030927
0.027580
-0.014906
-0.119719
0.011771
0.057880
-0.019711
-0.098925
-0.010119
-0.097539
-0.171927
-0.248391
0.139781
-0.036407
0.093920
0.247389
0.007502
0.144883
-0.016183
0.156240
0.070666
-0.090810
0.049192
-0.088732
-0.019585
-0.023633
-0.081340
0.122861
0.023812
0.007440
0.112262
-0.069012
0.020625
-0.000802
0.175665
0.005960
0.070161
0.085109
-0.164857
-0.052953
0.020136
0.101787
-0.050519
0.160996
-0.156346
-0.085029
0.067730
-0.059489
0.202522
-0.086890
-0.054009
0.055408
-0.070383
-0.082661
-0.033240
0.077167
0.100379
-0.010733
0.093476
0.034981
-0.014082
0.100289
-0.053338
-0.051952
-0.012502
0.106041
-0.100041
-0.163599
-0.317358
-0.073048
0.048724
-0.143048
-0.045157
0.370981
-0.235136
-0.064511
0.004951
-0.092623
-0.023887
0.065350
0.077333
0.059623
-0.250591
-0.082596
0.082430
0.186797
-0.051420
0.215851
-0.094126
0.141289
-0.004369
0.045179
0.192880
-0.095007
-0.270586
0.042759
0.038399
-0.045167
-0.036471
-0.013322
0.179699
-0.005258
0.013536
0.011406
-0.034961
0.161267
-0.086197
0.105514
-0.353624
-0.060039
0.194246
0.002101
0.148605
-0.095207
0.087078
0.306008
-0.124908
0.241147
0.097024
-0.129296
0.106628
-0.144984
-0.078178
0.032568
0.040932
-0.065258
0.038600
-0.158367
-0.080438
0.028891
-0.022509
-0.251965
0.237913
-0.028857
-0.020076
0.034862
0.070925
-0.197593
-0.216960
-0.075364
0.148265
-0.036089
-0.199018
-0.032674
-0.011394
0.136064
0.222113
0.307142
-0.032840
0.062978
-0.042094
0.053200
-0.059000
-0.113653
0.063158
0.230878
0.005303
0.081860
0.014516
0.143760
-0.010587
-0.055711
-0.091976
-0.081006
-0.187464
0.141581
0.129487
-0.199646
-0.057871
0.298332
-0.020597
-0.135179
0.099354
0.096314
-0.247205
0.164912
-0.050970
-0.076281
-0.120483
-0.051471
0.021224
0.005213
-0.001811
0.044250
0.059838
-0.042003
0.107161
-0.104298
0.244036
-0.049191
-0.085729
0.006965
-0.063892
0.073847
0.049349
0.000974
0.136485
0.042914
0.053422
-0.172909
-0.020044
0.040996
-0.076262
0.127731
0.161030
0.137453
-0.012498
-0.110165
0.078999
0.077277
-0.186591
-0.092573
0.138783
0.040521
-0.102158
-0.177223
-0.086447
0.075328
-0.133904
-0.102296
-0.030045
0.136795
0.119999
0.060350
-0.033406
-0.171911
-0.028241
0.049369
-0.017932
0.117870
-0.048514
0.083891
-0.119573
0.156752
0.001670
-0.151706
-0.243319
0.072682
0.120481
-0.028057
-0.229409
-0.202778
-0.259198
-0.209579
-0.028034
0.075663
0.050785
-0.053002
-0.118178
-0.026676
0.012408
-0.117072
-0.367291
-0.151582
-0.010856
-0.008543
0.011937
0.032871
-0.101210
-0.057032
-0.127774
0.004353
0.124256
-0.150895
-0.108724
0.032982
0.118381
0.138123
0.102903
-0.282639
-0.045413
0.193200
0.046747
-0.063340
-0.099692
-0.110600
-0.112865
-0.201283
-0.299015
-0.148799
0.148451
-0.009417
0.097014
0.159305
0.071927
-0.059284
0.221007
-0.042666
-0.201558
-0.035761
0.001333
-0.132880
-0.171836
0.108173
-0.184601
-0.018977
-0.025513
0.048043
-0.166166
-0.032629
0.086542
0.152915
0.083190
-0.169533
-0.102786
-0.156677
0.158800
0.014480
-0.280919
0.215410
-0.017044
0.201494
-0.185602
0.226630
0.110402
-0.092992
-0.017399
0.072674
-0.130026
-0.124133
-0.232550
0.177478
0.001849
-0.000080
-0.065500
-0.108061
-0.367424
-0.027728
-0.060109
-0.032055
0.077861
0.034093
0.088645
0.007532
0.132607
-0.161395
0.054517
0.036095
-0.186429
-0.275730
-0.025827
-0.106070
0.087057
0.101379
0.026140
-0.176754
0.273749
-0.139136
0.082630
0.061685
0.023737
0.058895
0.102792
0.189364
0.111257
0.206472
-0.083106
-0.019363
0.032516
-0.083113
-0.053094
0.028203
-0.258156
0.213043
-0.025957
-0.064083
-0.135501
0.129893
-0.057255
-0.032093
-0.173789
0.243600
0.165494
-0.272711
0.027380
0.021352
-0.241359
-0.324420
0.033434
-0.125361
-0.021652
-0.141689
0.114449
0.198518
-0.162978
0.212801
0.015977
-0.080641
-0.032848
0.000650
-0.148202
0.082945
0.225590
0.029669
0.004889
-0.324231
0.019145
-0.123651
-0.085822
-0.067702
0.013199
-0.040706
-0.079368
0.088866
0.028668
0.211000
0.011281
-0.250660
0.003725
0.035938
-0.109851
0.124453
-0.157824
-0.041991
-0.054522
-0.083553
-0.119789
-0.078786
-0.214707
0.084160
0.113686
-0.167537
0.057380
-0.146644
0.073360
-0.011798
-0.112133
-0.229065
-0.036637
0.046561
0.091183
0.199206
0.211414
0.303404
0.068023
0.354225
-0.072721
0.075626
0.052747
-0.105906
0.154836
-0.052747
-0.041814
-0.171496
-0.198818
0.083679
-0.158511
-0.211558
-0.127081
0.169664
-0.180904
0.185749
0.043511
0.040041
-0.092391
0.010043
0.066461
-0.083784
0.043946
0.099511
0.031873
-0.172674
-0.128577
0.084114
0.010161
-0.029942
-0.009519
0.048430
0.001910
-0.102628
-0.148589
0.054340
0.042297
-0.007508
0.025804
-0.178857
0.088402
-0.166967
-0.041897
-0.043845
-0.013642
0.028700
-0.321165
0.073914
0.166045
-0.202044
-0.345713
0.052193
0.014624
0.102073
0.095585
-0.009273
-0.001416
-0.130270
-0.087685
0.190618
-0.036904
0.144256
0.153745
0.154523
0.084143
0.024865
-0.119993
0.232899
0.031726
-0.012122
0.193285
0.061163
0.211545
0.123315
-0.108873
-0.079629
0.036106
-0.130484
-0.309514
-0.130271
0.062689
0.055595
-0.041669
-0.090605
-0.129851
-0.054979
-0.100408
-0.020593
0.046503
-0.112784
0.049917
0.010428
-0.090981
0.033476
-0.087556
0.138002
0.117793
-0.165747
-0.219561
0.046881
0.198655
-0.011440
-0.196991
0.250894
-0.236464
0.133872
-0.053657
0.150210
0.007485
-0.051252
-0.118678
-0.111836
0.008356
-0.118307
0.164023
0.059159
-0.047167
-0.007212
0.233440
-0.071783
-0.077424
-0.271848
-0.095489
0.167264
-0.079493
0.013121
0.018387
-0.035973
0.042101
0.092761
-0.076217
0.047539
0.091751
0.216930
0.004541
0.328353
0.088663
-0.104908
0.063615
-0.080408
-0.047832
0.063065
0.192441
0.054856
-0.091758
-0.146363
0.003372
0.125820
0.061506
0.201426
-0.282692
-0.087182
-0.039930
-0.128416
0.116944
-0.165195
0.047122
0.006646
0.236290
0.124359
-0.087616
-0.145432
-0.139460
0.111726
0.041725
0.023276
-0.191297
0.151170
0.265941
-0.200674
0.051038
-0.056642
-0.032167
-0.264947
-0.058011
-0.090929
0.037214
-0.396800
-0.074851
-0.276901
-0.030037
-0.108981
0.040780
-0.018875
0.072096
0.040113
0.058363
-0.095796
0.050784
0.180698
-0.177620
-0.168595
-0.014947
0.356886
0.081968
-0.285150
-0.107900
0.066235
0.011303
0.238210
0.124914
-0.153704
0.065221
0.123036
0.247408
0.287743
0.162210
-0.146046
-0.020488
-0.022355
0.212690
-0.006341
-0.022528
0.141869
-0.030751
-0.097107
-0.010760
-0.013547
-0.118004
0.401404
0.160027
0.144347
-0.157439
0.070377
0.038944
0.037465
-0.163366
0.483847
-0.100803
0.074698
-0.015297
0.198131
0.263365
0.158361
0.006825
-0.019605
-0.114468
0.034078
0.151409
0.092759
0.162391
-0.035688
0.187005
0.044479
0.395223
0.279284
0.092066
0.175989
-0.300037
-0.230005
-0.056820
0.082998
-0.159219
-0.216052
-0.014169
0.219990
0.039226
-0.066004
0.213963
0.113914
-0.064677
-0.019746
0.281151
-0.084839
-0.092409
-0.162051
0.093407
0.168789
0.025670
0.101628
0.039096
-0.240997
-0.122960
0.033839
0.063159
0.024752
0.021705
0.173915
-0.184395
-0.132365
0.293045
-0.187759
-0.023383
0.108854
-0.450933
-0.078566
-0.046207
0.121192
0.248356
-0.014588
0.086335
-0.223094
-0.001794
-0.065502
0.267668
-0.218015
0.110691
-0.082741
-0.139407
0.097254
-0.001039
0.060264
0.041458
0.128036
-0.167656
-0.034007
-0.238232
-0.067157
-0.021853
0.125047
-0.102134
0.017334
-0.256500
-0.055136
-0.051178
0.061320
0.168890
-0.016091
0.175696
0.010981
0.082955
-0.111952
0.110015
-0.054309
-0.158056
-0.092625
-0.129634
-0.150919
-0.146377
0.101894
-0.068294
0.303612
0.035776
0.010192
-0.259053
0.151490
-0.052730
0.001927
0.089502
-0.043443
0.085195
0.067528
-0.075166
0.054867
-0.064632
-0.078238
0.076760
0.173195
0.144790
0.039987
0.260991
0.110046
-0.000781
0.008928
-0.117221
0.029488
0.005148
0.146751
0.300006
-0.023737
0.080136
-0.016060
0.035965
0.096522
-0.196766
-0.015276
0.023677
0.094641
-0.219238
-0.047755
0.049955
0.215452
0.063472
0.080383
-0.102908
-0.206078
-0.005757
0.060605
-0.160388
0.095236
0.088053
0.039808
-0.028346
-0.131777
-0.077972
0.050458
0.200335
0.143128
0.250302
-0.041381
0.007435
0.002711
-0.212656
-0.017221
-0.036812
0.110144
0.002934
0.042752
0.144760
-0.132366
0.026457
-0.053187
0.031990
-0.095384
0.072856
-0.006738
0.018948
0.102394
0.045770
-0.087089
-0.120984
-0.040244
-0.085705
-0.083362
0.230881
0.079358
-0.001838
-0.082713
-0.175251
-0.060587
-0.025923
0.284811
-0.098544
-0.067585
0.061837
0.061797
0.227458
-0.302062
0.012441
0.001639
0.155388
0.174474
-0.264699
0.035028
-0.202085
-0.212008
-0.030899
-0.103782
-0.098330
0.084573
-0.042116
0.063991
0.180176
0.125471
-0.048480
0.076460
-0.039020
0.133642
0.051368
0.049228
-0.111042
-0.013845
-0.038289
-0.063263
-0.147508
0.005531
0.170145
-0.139675
0.210890
0.103104
0.013128
-0.178963
-0.185312
0.119045
-0.018666
0.007896
-0.260542
0.038930
0.062642
0.059817
-0.165836
-0.114532
0.149717
-0.087983
-0.073247
0.000751
-0.083537
0.132579
-0.123998
-0.355906
-0.315027
0.081064
0.097555
-0.156847
-0.318126
0.085226
-0.038603
-0.171105
0.032308
-0.321238
-0.081727
0.126582
0.104708
-0.065420
0.072246
0.104547
-0.042727
0.121532
0.069687
-0.053766
-0.029469
0.125874
0.016624
-0.041518
-0.134277
0.058855
-0.230947
0.192794
0.013066
-0.091147
0.051814
-0.024915
0.058625
0.121574
-0.137273
-0.139809
0.172923
0.344996
-0.122031
-0.096927
-0.040013
0.008293
0.029532
-0.222918
0.169558
0.000529
-0.036558
-0.097575
0.310101
-0.200683
0.247668
0.157545
0.311397
0.091424
0.092003
0.079320
-0.003699
0.021939
0.011333
-0.084775
0.169300
0.113179
-0.049841
-0.068578
0.001908
-0.167670
-0.079502
0.008447
0.210924
-0.017996
-0.040266
0.191886
0.216968
0.098907
0.195537
0.267329
-0.059699
-0.159057
-0.085337
0.248951
-0.156666
-0.055408
0.029358
0.223786
0.082669
-0.135659
0.177906
0.242212
-0.318214
-0.113362
0.014920
0.042289
-0.006324
0.108814
-0.006469
-0.015307
0.052838
-0.225319
0.243156
0.208968
-0.014023
0.194077
-0.059239
-0.148949
-0.214565
-0.003969
-0.230800
-0.119287
0.151387
0.002944
0.013381
-0.029798
0.007616
0.037535
0.141127
0.146614
0.110037
0.091555
-0.266086
-0.019313
0.064640
0.055836
-0.064903
0.013787
0.093526
-0.077956
0.050465
0.029165
-0.148491
-0.080208
0.193004
0.019175
-0.109700
0.112063
-0.139980
-0.069856
-0.182903
-0.000854
0.121347
-0.092453
0.232139
-0.207375
-0.223204
-0.020158
0.010559
0.202826
-0.062015
0.032023
0.057594
0.074658
-0.119263
0.117782
-0.169349
-0.037135
-0.066483
0.193405
-0.132441
0.107998
-0.222739
0.042018
0.121549
0.097251
-0.015365
-0.200663
0.062062
-0.084556
0.021493
0.165636
0.086197
0.192812
0.046659
0.230444
-0.019034
-0.337180
-0.170334
0.051943
-0.184525
0.014535
0.054651
0.054487
-0.017783
-0.078029
-0.042352
0.126653
-0.257915
-0.087823
-0.107014
-0.119512
0.032112
-0.153445
-0.084826
-0.008090
-0.233968
0.046101
-0.029284
-0.032696
0.110753
0.218004
-0.021860
0.128548
0.032749
-0.217300
-0.344423
0.222608
-0.168383
0.098609
-0.022696
-0.154802
-0.101055
0.118245
0.099338
0.073974
-0.015506
0.013636
-0.130130
-0.099725
-0.064264
-0.024667
0.059878
-0.111868
-0.134626
0.005994
0.114713
0.057612
0.077278
0.012735
0.111810
-0.174153
0.048372
-0.039217
0.203503
-0.132434
-0.084214
-0.108386
0.062394
0.033890
-0.013274
-0.185786
0.005530
-0.075360
-0.105730
0.065080
-0.048961
0.129164
-0.006081
0.165271
-0.002885
-0.057220
0.178008
0.184858
0.060605
-0.202799
0.028080
-0.108484
-0.087944
-0.122247
0.055807
0.025513
0.081499
0.035317
-0.106490
-0.192178
0.012617
0.018795
-0.072669
0.080961
0.019902
-0.101502
-0.017947
0.007585
0.037976
-0.051641
0.224386
0.110130
0.125168
-0.137815
0.088788
0.118916
0.009470
0.025803
-0.032104
-0.012389
0.017071
-0.067308
-0.168183
0.006564
-0.054927
-0.117959
-0.036954
0.164635
0.064230
-0.138527
0.230578
-0.057995
0.034283
0.111138
-0.189955
-0.081175
0.182929
-0.248278
0.135803
-0.005762
-0.230968
-0.340997
-0.057165
-0.033337
-0.017776
0.046477
0.046933
-0.008187
-0.383232
-0.068520
0.118795
-0.094213
-0.059980
0.145760
0.248942
0.122422
-0.166157
0.046905
0.024804
-0.113065
0.096501
-0.225233
0.064473
0.044232
-0.112404
0.092213
0.082554
-0.049888
0.031709
0.123453
-0.022938
-0.008291
0.031021
0.304445
0.163451
0.005992
-0.035725
-0.007324
-0.125112
-0.197979
-0.205235
0.158264
0.107805
-0.154887
-0.120430
0.131910
0.024548
0.026805
-0.068766
-0.003897
-0.161181
-0.201302
0.017032
-0.110470
-0.040617
0.150263
0.107048
-0.003397
-0.005756
0.066933
-0.409963
-0.049051
0.096187
-0.168192
0.077529
0.001858
0.020328
0.072010
-0.026238
0.118919
-0.004785
0.356155
-0.137665
0.028144
-0.031771
0.047900
-0.229833
-0.070587
-0.058583
-0.125846
0.038857
-0.013622
-0.007242
0.175353
-0.116942
0.191760
0.332212
0.042484
0.326509
0.212282
0.020637
0.094051
-0.155646
-0.043703
0.036641
-0.070014
0.027068
0.047369
0.054512
0.292860
0.030620
0.137643
0.022166
0.023873
0.023869
0.013801
-0.111979
0.174395
0.327564
-0.158956
0.051384
0.082070
-0.066022
-0.097670
-0.061651
-0.180898
-0.019793
0.073334
0.074092
0.099221
-0.022564
0.222930
0.151049
-0.280857
-0.358771
0.205695
0.148735
-0.158418
-0.223188
-0.387968
0.007480
-0.118569
-0.028055
0.065258
0.124317
0.071443
-0.183812
0.021686
-0.015218
0.059938
-0.295826
-0.078991
-0.101514
0.145946
0.011548
0.186728
0.050382
0.042646
-0.200000
0.144674
-0.130088
0.022362
0.102444
0.250875
-0.213315
-0.031548
0.054622
-0.100362
-0.263342
0.092005
0.057120
-0.020794
-0.164985
0.162221
-0.034294
0.049016
-0.150574
0.035016
0.017622
-0.131950
0.117329
0.048332
0.105670
0.183720
-0.101395
0.005185
0.063801
0.018972
0.004447
-0.071055
0.020311
-0.091918
0.012876
0.061802
0.112069
0.050746
-0.071947
-0.051561
0.144123
-0.246211
0.053189
-0.072857
0.036964
0.000042
0.027307
-0.101917
0.077114
-0.068570
0.005754
0.119276
0.295247
0.034491
-0.101033
0.461999
-0.125007
-0.162969
0.200483
-0.092286
-0.020399
0.110319
0.139470
0.244332
-0.028771
0.091649
-0.136832
-0.102037
0.111136
0.031023
-0.075850
0.087815
0.232215
0.123585
0.055015
0.083853
-0.065323
0.058758
-0.017037
0.145959
-0.255028
-0.156606
-0.015808
0.043992
-0.211852
-0.310938
-0.005854
0.047007
0.000575
-0.117405
-0.065775
-0.056262
-0.221333
-0.081441
0.074251
-0.039803
-0.151638
-0.051434
-0.076023
-0.020925
-0.062141
-0.181563
0.087442
-0.161697
0.216251
-0.066479
-0.227154
-0.180427
-0.132721
0.009432
0.125198
-0.062759
-0.140505
0.045458
0.153651
0.076652
-0.096799
0.049652
-0.111447
0.284062
0.091650
0.109981
-0.069264
0.050379
0.109974
0.061387
-0.120407
-0.066522
0.125687
0.129766
-0.261559
-0.087089
0.292811
0.130685
-0.230638
-0.256274
-0.205973
-0.021049
0.215972
-0.014785
-0.229924
-0.021555
0.029081
-0.029289
0.138197
-0.314072
-0.049968
0.008938
0.185398
-0.081695
-0.128006
-0.044412
-0.187437
-0.081224
0.229848
-0.015089
0.171976
-0.047596
0.066353
-0.175619
-0.184102
-0.193526
-0.162350
-0.161483
0.191385
0.065955
-0.121945
-0.166290
0.105090
-0.087146
-0.220474
-0.117386
-0.135937
-0.013762
0.107325
0.041680
-0.027442
-0.169170
0.073781
-0.046784
-0.092338
-0.071206
0.060344
-0.083801
0.120674
-0.200249
0.022263
0.038288
-0.141947
-0.145087
0.110922
-0.027445
-0.097172
0.022534
-0.237624
-0.038700
-0.165103
0.061860
-0.049386
0.099414
-0.048389
0.198338
0.060158
-0.217007
-0.147183
0.027758
-0.127044
0.008357
-0.159139
-0.102419
0.028449
0.055902
0.119105
0.085328
-0.019655
0.055821
-0.239121
0.086582
0.073153
0.032061
0.103541
-0.027015
-0.043987
-0.081965
0.106141
-0.152046
-0.000598
0.026558
0.000956
-0.040916
0.069714
0.032992
-0.135462
0.033482
0.298662
0.157166
0.018185
0.071062
0.039817
0.070225
-0.064283
-0.195096
0.053753
-0.327320
0.093942
-0.007350
-0.065669
0.000345
0.106045
0.008296
0.023471
0.092360
-0.120945
-0.060798
0.160171
-0.070740
0.049415
0.147488
0.185790
-0.085679
-0.047477
-0.016284
0.158476
0.013048
0.073362
-0.075729
0.034504
0.049690
0.001334
0.037470
0.180916
0.142982
0.068954
0.040944
0.023024
0.094064
-0.165962
-0.251072
-0.090502
0.405636
0.172936
0.135779
-0.066754
-0.141526
-0.014565
0.078449
-0.092170
-0.110502
0.201297
-0.042487
0.061646
-0.002854
-0.091172
0.007553
0.051541
0.066370
0.267376
0.053638
-0.191738
0.018225
-0.172560
-0.152644
0.067551
0.112549
0.247079
-0.305130
0.058199
0.068019
-0.099721
0.089850
-0.068554
0.193950
0.157844
-0.092273
0.114025
0.093623
0.142482
0.148469
-0.006316
0.068681
0.145023
-0.023238
-0.116190
0.121553
0.000402
-0.192607
-0.034813
0.136192
0.056852
0.094896
0.059190
-0.284082
0.091250
0.171528
-0.080731
0.094410
-0.111713
-0.146636
-0.026834
0.203694
-0.080911
-0.068470
-0.211990
-0.001767
-0.172049
-0.424066
0.106017
0.114927
0.276063
-0.107154
-0.005023
0.199537
0.042407
0.235664
0.122098
0.201045
0.062312
-0.161947
-0.068715
-0.057757
0.148307
-0.050972
0.012046
0.143544
-0.115441
0.143402
-0.046250
-0.064788
0.181124
-0.088785
0.065080
-0.061144
-0.200547
-0.101070
-0.038275
0.177914
0.252393
0.059225
-0.072225
-0.297191
-0.111153
0.102147
0.228930
-0.182867
0.060687
0.038994
-0.117058
-0.104043
-0.007515
-0.094621
-0.052319
0.183698
0.056420
-0.022586
0.006568
0.115327
0.095530
0.090167
0.005424
0.062016
0.081410
-0.139390
-0.066005
-0.039202
0.081594
-0.025416
0.127809
0.064784
-0.076076
-0.104348
-0.158364
-0.076576
-0.093411
-0.073037
0.039233
0.033894
-0.127088
-0.092919
-0.014733
-0.036941
0.086887
-0.042658
-0.267765
-0.072942
-0.197909
-0.152563
-0.018090
0.319897
-0.082440
-0.005934
-0.059763
-0.069424
-0.122527
0.349965
-0.045509
0.179841
-0.108706
-0.076501
0.236908
-0.018876
-0.031911
-0.089039
-0.019317
0.043267
-0.040361
0.067836
-0.012795
0.139127
-0.152454
-0.030707
0.014844
-0.001026
0.082655
-0.006515
-0.140310
0.037186
-0.083286
-0.038252
-0.169278
0.130096
0.090144
-0.085868
0.073525
-0.199292
-0.126693
-0.032605
-0.325971
-0.040615
-0.079535
0.074449
0.089257
0.096955
-0.128264
-0.042588
0.058697
-0.129006
-0.216456
0.060251
0.139763
0.080365
-0.163031
0.080560
0.328563
-0.101360
0.157522
-0.058688
0.062601
0.123784
-0.194588
0.061166
0.035718
0.089748
-0.103263
0.126814
-0.094020
0.000770
-0.041667
0.170820
0.120200
-0.160400
0.070690
-0.052371
0.095565
0.036461
-0.129203
0.065783
0.157239
0.133170
-0.155695
0.149392
0.065752
0.324902
0.106906
0.161178
0.226122
0.135934
-0.249166
-0.151517
0.041500
-0.030029
-0.009350
-0.076721
0.109605
0.114846
-0.116530
-0.291995
0.108022
-0.143318
-0.001324
0.117670
0.098641
-0.305030
-0.089022
0.054140
-0.068632
0.048228
-0.251833
0.006978
-0.088255
-0.019157
0.156641
0.040750
0.249751
-0.041118
-0.060814
-0.266647
0.032486
0.127635
0.023270
-0.226770
0.092774
0.055994
0.184879
0.298812
0.138226
-0.003261
0.163020
0.358228
-0.401845
-0.011862
0.078073
0.287653
-0.152204
0.122479
0.324773
0.058877
0.034902
-0.106527
0.133688
0.007022
-0.156628
0.002018
0.053309
-0.034962
-0.098206
-0.078039
0.005892
0.120554
-0.005230
0.122030
0.145636
0.005400
0.015288
-0.027262
-0.141878
-0.042576
-0.249844
-0.166387
0.002638
-0.141966
-0.083566
0.025816
-0.158092
-0.145712
0.010714
0.060201
0.039929
-0.273777
-0.227057
0.011371
-0.135794
0.092667
-0.040828
-0.124521
0.205691
-0.132913
0.213002
-0.000625
-0.008960
-0.003090
0.055112
-0.013746
-0.207351
0.104381
-0.054806
0.109636
-0.105688
-0.289986
0.087450
0.059057
0.039295
0.035611
-0.056716
-0.228011
-0.200974
-0.416469
-0.007303
0.065701
-0.121109
0.173703
0.092957
-0.035692
0.082741
0.226315
0.003842
-0.135835
-0.013620
-0.146342
0.004018
-0.005262
-0.149549
0.000734
-0.147812
-0.098629
-0.121631
-0.023036
0.145922
-0.091819
-0.110452
0.030981
-0.134873
0.224698
0.006706
0.056041
0.108094
-0.059447
-0.129700
-0.052341
0.150988
0.023033
0.124412
0.074011
0.173265
0.074994
0.284201
-0.105543
-0.099673
0.254529
-0.053324
0.150833
0.026426
0.042775
0.001491
0.028774
0.124682
0.003804
-0.043188
-0.024420
-0.154658
-0.153768
0.125653
0.080804
0.220619
0.111679
-0.056792
-0.025544
-0.043790
0.153437
0.107122
-0.046493
-0.050484
0.025592
0.109767
0.438660
0.113108
-0.091922
-0.003061
-0.196342
0.005550
0.038573
0.010562
-0.071118
-0.003964
-0.047920
0.050845
0.062283
0.012858
0.009343
-0.129667
-0.139869
0.192677
-0.058896
-0.012175
-0.014225
0.120601
0.092023
-0.252531
0.130894
0.047729
0.083371
-0.211683
-0.115637
-0.168043
0.180977
-0.132264
-0.097995
0.290382
-0.265718
0.293807
0.253388
0.191728
-0.142563
-0.033282
0.095153
0.132345
0.204317
0.068292
0.029143
0.301264
0.008276
0.027059
0.082343
-0.001789
0.244596
0.094511
-0.019299
-0.060388
-0.010632
0.144332
0.036527
-0.001559
0.217333
-0.310011
-0.267104
-0.028113
0.022255
0.173180
0.143653
-0.061159
0.055978
0.039372
0.220809
-0.208398
-0.085350
-0.009997
-0.054320
0.043530
-0.010611
-0.181801
0.156964
-0.343377
0.045304
-0.085711
0.035763
-0.185094
0.057626
-0.074007
0.014260
0.193795
0.010678
0.167827
0.096012
0.150454
-0.007887
-0.044373
-0.047453
0.026625
0.010352
-0.108078
0.104960
-0.147412
-0.191946
0.279557
-0.091305
-0.218716
0.309191
-0.017837
-0.012214
-0.162887
-0.001126
0.108717
-0.209633
-0.188822
-0.129582
-0.285680
-0.035501
-0.024226
-0.079240
-0.022790
-0.109998
-0.130061
-0.081190
0.056195
-0.040850
-0.076794
-0.031395
0.166655
0.076058
-0.050119
-0.048756
-0.071468
0.218591
0.141988
-0.089241
-0.260153
-0.178793
0.006196
0.156957
-0.243461
-0.352061
-0.056481
0.008878
0.279424
-0.012554
0.190717
-0.090853
0.192850
0.065030
0.023167
-0.150415
-0.157900
-0.014747
-0.153912
0.073552
-0.307192
-0.099394
-0.059273
0.118545
0.108775
-0.135190
0.061160
0.036733
-0.049145
-0.107355
0.180704
0.077263
-0.069770
-0.078474
0.142861
0.035266
-0.036430
0.183766
0.090253
0.089391
0.102953
-0.002734
-0.080669
0.057786
0.061682
-0.024689
-0.022144
0.195340
0.149690
-0.020431
-0.033463
-0.041819
-0.097456
-0.146020
0.221362
0.001112
0.185427
0.038862
-0.053568
0.003073
0.040287
-0.002181
-0.116339
0.017654
-0.166861
0.126107
0.206771
0.111608
0.179775
-0.251882
0.157214
0.097660
-0.223254
-0.098937
0.022606
0.063784
-0.173141
0.091083
0.093290
0.203434
0.034129
0.033097
0.031862
0.077416
-0.159087
0.044264
-0.250950
0.157527
0.055381
0.042390
-0.126778
0.003353
0.006042
-0.301351
-0.078714
-0.126008
-0.053909
0.009160
-0.106143
0.011767
-0.183430
0.095317
-0.131522
0.060345
0.058975
0.007474
-0.034515
0.119631
-0.088114
0.084516
0.217730
-0.279623
-0.011258
0.270838
0.123198
0.092064
-0.048997
0.061781
-0.038391
-0.182126
-0.141128
0.183600
0.022492
0.087934
0.073460
-0.146592
-0.028862
-0.080193
-0.153191
0.074105
0.132034
-0.167880
0.079959
-0.061179
-0.132287
0.031920
0.070883
-0.156296
0.035914
0.019745
-0.049453
0.065572
-0.078615
0.046703
-0.309487
0.100096
0.172332
0.057433
-0.153909
-0.033084
-0.116474
0.066499
0.038558
0.018564
0.007131
0.229668
0.062229
-0.111795
0.034490
-0.467750
0.094199
0.161119
0.072996
-0.047612
0.213406
0.211425
-0.145737
-0.015619
0.283781
-0.267423
-0.292534
-0.097084
-0.081228
-0.238685
0.079211
0.022231
-0.055392
-0.024394
0.128088
0.083958
-0.040990
-0.272119
-0.074610
0.086705
0.049846
0.142388
0.013656
-0.061034
-0.237898
0.153980
-0.125014
0.044610
0.002144
0.080694
0.025946
-0.044689
0.068047
-0.007786
-0.023419
0.145356
0.138583
0.173963
-0.131814
0.035642
0.103607
0.131211
-0.300795
0.086366
-0.087886
0.020951
0.028325
0.073336
-0.075377
0.086579
-0.092296
-0.063034
0.190377
-0.184692
0.023466
0.410843
-0.286382
0.046226
-0.192851
-0.074427
-0.122488
0.143950
-0.067080
0.305999
0.037884
0.052455
0.003270
-0.029927
-0.069178
-0.094759
-0.044216
-0.106980
0.012834
-0.020257
-0.071210
0.197626
-0.089922
0.142067
0.006929
0.071682
0.042535
-0.061834
-0.039137
-0.101687
0.120830
0.032886
-0.025547
0.155950
-0.069630
0.064137
-0.181766
-0.002310
0.152780
0.224949
0.099060
0.033712
0.000496
-0.160273
0.003351
-0.019073
0.006249
0.054965
0.061347
0.120687
0.079440
-0.016688
0.008436
0.005546
-0.012834
-0.011147
-0.196507
0.133407
0.031634
-0.037605
0.042151
-0.104734
-0.065008
-0.259423
-0.040955
0.257344
-0.017541
0.030998
-0.180956
-0.183405
-0.044735
0.041526
-0.141076
-0.096992
-0.166880
0.002142
0.018099
0.031619
0.003397
0.027744
-0.047124
0.104016
0.349005
0.260472
0.108639
0.069963
0.015191
0.027046
0.271001
-0.031246
-0.173440
0.187102
-0.034929
-0.016280
0.030009
-0.064685
0.148000
0.076838
-0.308594
0.095790
-0.070748
-0.089189
-0.101552
0.050742
0.023278
-0.046261
-0.032281
-0.222936
0.027757
0.183362
0.086790
-0.261497
-0.108084
-0.059265
-0.215130
-0.004404
0.050965
0.081535
0.146269
-0.274084
0.182095
-0.155826
-0.222371
-0.070306
-0.046125
0.025708
-0.147335
-0.061508
-0.113040
-0.031531
-0.169005
-0.084359
0.056887
-0.135439
-0.052558
-0.044283
0.011613
0.045980
-0.201625
0.084096
0.157424
0.322015
0.049558
0.075303
-0.160283
-0.091726
-0.114035
-0.221032
-0.035271
0.232217
-0.215864
0.055768
0.278068
0.259677
0.032598
0.072274
-0.057145
-0.068177
0.002803
-0.076620
-0.121078
-0.031117
0.064757
0.021907
0.023126
0.055815
-0.211372
0.058292
0.107633
-0.001369
0.233448
0.261827
-0.049957
-0.144101
0.021552
-0.051814
-0.101429
0.115072
-0.031381
-0.069972
-0.212288
-0.071877
0.094516
0.180608
-0.122158
-0.071887
-0.062400
-0.171573
-0.148677
-0.018379
0.014799
-0.038874
0.188121
0.253648
0.004656
0.256599
-0.031039
-0.219596
-0.145236
0.012100
0.084893
-0.122373
-0.118878
-0.056717
0.054979
-0.224332
-0.267833
-0.008212
0.150014
-0.183681
0.150334
0.263589
-0.010719
0.040486
-0.186233
0.067209
0.140048
0.053532
0.089500
0.056530
0.104842
0.033484
0.015475
0.232334
-0.126993
0.031165
0.018820
0.096181
0.034853
-0.036871
0.122098
0.149416
-0.281827
-0.035528
-0.134610
-0.143809
-0.081630
-0.056455
0.209541
-0.083747
0.094975
0.203962
0.139197
0.096917
0.000869
-0.033685
-0.019756
0.015278
-0.190334
-0.052894
-0.066610
-0.254528
-0.256445
0.060092
0.008641
0.051461
0.217537
0.057572
-0.030820
-0.063743
0.117061
0.121042
-0.104176
0.163264
0.133559
-0.087448
0.086110
0.026570
0.207106
0.018074
0.182882
-0.269467
-0.018251
0.045605
-0.180474
0.078553
-0.191940
0.096488
0.065181
0.218917
0.032770
-0.300816
-0.090335
-0.028906
-0.072853
-0.097135
0.013091
-0.087102
0.194634
0.102003
0.060363
0.213023
-0.107933
0.108136
-0.076891
-0.006288
-0.033602
-0.004968
0.176282
-0.158154
-0.104926
-0.179794
-0.060458
0.201566
-0.077703
0.001402
0.150240
-0.195397
0.021361
-0.030903
0.033422
-0.043739
0.097707
0.055025
-0.073880
-0.117265
0.217481
0.446548
0.008103
0.099330
0.009982
-0.178147
0.013462
-0.123031
-0.026255
-0.030077
0.072450
0.033121
0.121139
-0.000329
0.051265
0.060575
-0.004128
0.108338
-0.015589
0.054009
0.032569
-0.095988
0.000745
0.087404
0.233527
0.017346
0.005999
-0.096152
0.012657
0.081229
0.127936
-0.202453
-0.165484
0.055426
0.067126
0.111800
0.032863
-0.101379
0.167616
0.102679
-0.007882
-0.043935
-0.028744
0.180283
0.191464
-0.047654
-0.168760
0.136099
-0.039630
-0.168578
-0.010845
0.130995
-0.009907
0.055164
-0.016281
-0.061709
0.134160
-0.192229
0.132733
0.234427
0.017013
0.001698
0.097082
-0.151104
-0.168470
0.026578
0.006414
-0.109416
-0.233526
0.226389
0.071793
-0.102841
-0.236199
-0.085415
-0.125986
-0.112586
0.055409
0.074071
0.000172
-0.064229
0.022687
0.063197
-0.063882
0.104779
0.016880
-0.139730
-0.083917
-0.086265
0.045345
0.060838
-0.079634
0.111588
-0.094105
0.044694
-0.217391
-0.247341
-0.014440
0.005167
0.058190
0.058302
0.016786
-0.019203
0.109480
0.333412
-0.086589
0.126220
0.032605
0.132216
-0.070156
0.235862
-0.243856
0.202496
-0.082690
0.013458
-0.246497
0.106972
0.003410
0.087317
0.197274
-0.116030
-0.071307
0.176188
-0.233189
-0.160129
-0.022189
-0.005244
-0.112208
0.122138
-0.143813
-0.003415
-0.185755
-0.086839
0.106243
-0.062618
0.137992
0.070970
0.065141
0.114351
-0.066408
-0.020494
0.033257
0.043731
0.173667
0.070240
-0.031124
0.171782
-0.225028
-0.086481
-0.056952
0.013779
-0.170203
-0.183699
-0.047096
0.035304
0.023983
-0.087129
0.128330
0.089999
-0.030710
0.148001
-0.067235
0.139373
0.030985
0.089833
0.132802
-0.058333
-0.071411
0.023195
-0.045986
-0.077793
-0.058559
0.222381
-0.112331
-0.001932
-0.091249
0.084677
0.226086
0.079105
0.080898
-0.093774
-0.139260
0.034971
0.041544
0.106199
0.060948
-0.097539
0.130372
-0.063052
0.107733
0.060805
-0.009552
0.191502
0.017266
0.129148
0.156345
0.048927
0.192525
0.092917
0.066469
0.084510
0.132446
0.087058
-0.022157
0.146237
0.045665
-0.182509
-0.100100
0.000629
0.010228
0.220582
0.139853
0.291833
-0.239723
-0.073728
0.011557
-0.313879
0.090503
0.197559
-0.205446
0.188320
-0.084050
0.098249
0.118334
-0.046968
-0.135701
0.078970
0.010792
-0.002165
-0.055281
0.133317
-0.115754
0.022180
-0.074445
-0.151786
0.029614
-0.013441
-0.314279
-0.121152
0.082232
-0.217021
-0.064436
-0.093888
0.028204
0.042047
0.039688
0.164830
0.011849
0.063373
-0.149979
0.151253
-0.027601
-0.207658
0.063825
-0.089486
0.103812
0.009403
-0.092253
-0.183399
0.034061
-0.152727
0.052821
0.044506
0.082476
-0.277861
-0.010131
0.011124
-0.128935
0.069649
-0.223370
-0.007208
0.182369
0.223648
-0.089567
0.218536
0.112982
0.149263
0.004707
0.170122
0.221664
0.141975
0.003684
0.144421
-0.059755
-0.130505
0.125970
-0.296733
-0.063557
0.006351
-0.054234
0.218019
-0.027913
0.126507
0.022964
-0.001765
0.168201
-0.184087
-0.201804
0.094518
0.013747
0.206781
-0.032496
0.055697
0.050165
0.042022
0.043052
0.203702
0.095267
0.144220
-0.113711
0.042045
0.265141
-0.193190
-0.138490
-0.096932
0.153226
-0.155982
-0.080549
0.243526
0.027552
-0.066646
0.077646
0.312511
-0.183596
-0.149533
0.045548
-0.249118
0.032991
0.050466
-0.033203
0.054942
0.190217
-0.020029
0.144655
0.111051
-0.056571
0.103183
0.013130
0.041641
0.050349
0.085996
0.071571
-0.156486
-0.020140
0.119906
-0.274125
0.097505
0.265375
-0.225760
-0.198712
0.037067
-0.140454
0.105585
-0.372537
-0.010688
-0.112899
-0.130388
0.195923
0.049475
0.032443
0.114734
-0.060379
-0.107653
-0.055729
-0.106220
0.167692
-0.032123
-0.057041
0.054036
0.026246
-0.143348
0.017271
-0.010368
0.221744
-0.009609
0.046078
0.097172
-0.203724
0.018605
0.098767
0.164955
0.145536
-0.040051
0.004589
-0.153290
0.006298
0.041663
0.093687
-0.030572
-0.167844
0.141179
0.025381
-0.073426
-0.038350
-0.079392
-0.167347
-0.211535
-0.142255
-0.107004
0.107054
-0.075713
0.008194
-0.114133
0.245736
0.152749
-0.111361
0.159825
-0.029087
-0.070791
0.121150
0.077062
-0.013350
0.109727
0.181975
-0.120383
-0.028615
0.056762
-0.115977
-0.126586
-0.104907
0.100779
0.030518
-0.036273
0.171460
0.118585
0.000750
-0.167674
-0.145305
-0.079201
0.282003
0.077906
0.121070
-0.051795
-0.220477
0.415209
0.049654
0.078858
0.174729
0.083386
0.075750
-0.041040
0.181626
-0.159041
0.077300
0.061400
0.085033
-0.119431
0.090321
0.280798
0.019917
0.051913
0.027974
0.074916
-0.069405
-0.074810
0.105158
0.060784
0.027016
0.252209
-0.203078
0.209566
0.028353
-0.079211
-0.160407
-0.083154
0.073558
-0.157521
-0.218653
-0.022773
0.063958
0.012695
0.045623
-0.030864
-0.033709
-0.296198
-0.149151
0.060011
0.018594
-0.003336
-0.048280
-0.042436
0.169041
-0.026864
-0.112675
-0.104280
-0.088757
0.102304
0.046209
-0.159153
0.169337
-0.265235
-0.006586
0.241556
-0.263503
0.120782
-0.121226
0.032566
0.017976
-0.369296
-0.050506
-0.039320
-0.064268
0.149036
-0.117161
-0.260851
-0.097759
-0.028881
0.031190
-0.009246
-0.075948
-0.167083
-0.094899
-0.064244
-0.017429
0.145118
0.046823
0.110502
-0.014825
-0.048153
-0.170727
-0.256987
0.159773
-0.092543
-0.238689
0.072212
0.041038
-0.137021
-0.076107
0.033406
-0.211059
-0.289003
0.172367
0.135599
-0.058336
-0.077745
0.012836
-0.103528
-0.068299
0.039332
0.095297
0.007347
0.000621
-0.064449
-0.286446
0.061043
0.016807
0.032276
-0.255751
0.169808
0.001441
0.082924
0.160078
-0.048962
-0.175408
-0.236766
0.170374
0.120068
-0.040253
0.146304
0.069167
0.010677
-0.005496
-0.038823
-0.001638
-0.111109
-0.013856
-0.003149
0.195871
-0.039708
0.095465
-0.034557
0.149059
-0.015779
-0.145069
0.128356
-0.130278
0.095125
-0.274607
-0.189980
0.070791
-0.062324
-0.240014
0.284885
-0.097261
-0.028549
0.065426
-0.244731
0.021032
0.181660
-0.176303
0.066714
0.113057
0.231523
-0.139874
-0.294256
0.144600
-0.244682
0.194794
-0.145277
0.089033
0.211407
0.074895
-0.213585
0.261565
0.076192
0.155761
-0.158725
0.025064
-0.081223
-0.036801
0.145125
-0.307911
0.042279
0.202942
0.137729
0.054928
0.082455
0.068736
0.073215
0.102343
-0.272962
0.303574
-0.003373
0.108952
0.075774
-0.058404
-0.058631
0.075813
0.041389
-0.069643
-0.156890
-0.005970
-0.016367
-0.211776
-0.191743
-0.202626
0.024492
-0.048968
-0.131549
-0.098880
0.000538
-0.124279
-0.003200
-0.168341
0.120668
0.051044
-0.029184
0.099462
-0.061039
-0.154513
-0.105737
0.286221
0.156660
-0.074119
0.100803
0.158861
0.029783
-0.063693
-0.100679
-0.036374
-0.159784
0.140004
0.102607
-0.120983
-0.002538
-0.244331
-0.219783
0.045783
0.019430
0.207705
-0.056122
-0.062788
0.226803
-0.142285
0.082663
0.116580
-0.132335
-0.012133
0.075731
0.074451
0.262984
0.054110
0.072376
-0.079823
-0.034854
0.109227
0.087199
0.056749
0.178983
-0.089386
-0.044107
0.084970
0.037250
0.078996
0.039197
-0.066432
-0.081373
0.260554
0.091491
-0.056123
0.011264
0.005560
-0.210675
0.048000
-0.136555
-0.129181
-0.033772
-0.065258
0.049164
0.307319
-0.210219
0.077255
-0.167117
-0.041480
0.112522
-0.212928
-0.066805
-0.062497
0.091600
0.019400
0.171381
0.095170
-0.178164
-0.250634
-0.071132
-0.151423
0.176288
0.078260
0.175951
-0.173301
-0.231985
0.089594
0.105936
-0.019617
-0.223654
-0.024172
0.100310
-0.060042
0.076411
0.123562
0.155940
0.162462
-0.086738
-0.281904
-0.055337
0.201124
0.073035
-0.056895
0.119269
-0.128794
-0.189792
0.079856
-0.047279
0.183291
-0.078413
-0.173097
0.012784
-0.078405
0.147435
0.161176
-0.150367
-0.102456
-0.239573
0.171211
-0.081127
0.023680
0.034655
-0.183764
0.079751
0.110914
-0.037803
-0.003094
-0.100165
-0.155974
-0.036454
-0.109369
-0.070303
-0.072712
0.093577
-0.096774
0.022444
-0.052239
-0.043554
-0.004810
-0.230341
0.040113
0.142492
0.049999
-0.007564
-0.004490
-0.151513
0.198324
-0.100817
0.011977
-0.081381
0.272956
-0.103729
0.116080
0.135259
-0.089706
0.074738
0.200140
0.096317
-0.054078
-0.218137
-0.015150
-0.033351
0.187176
-0.038388
0.082271
-0.091089
0.018263
0.158217
-0.043629
0.127669
-0.207786
-0.196105
0.111860
0.148348
0.057166
0.204255
-0.031566
0.164164
0.106213
0.012253
0.010235
-0.113370
0.015734
0.123532
-0.069532
-0.251537
-0.027235
-0.148233
0.111855
0.002465
-0.162389
0.096518
-0.091150
0.161525
0.217682
-0.037662
0.224226
0.029799
-0.007859
-0.132408
0.041149
0.035928
0.103324
0.074129
0.003224
-0.085290
0.028606
-0.302931
-0.005105
-0.041221
0.036012
0.084936
-0.054840
-0.099931
-0.089027
0.182206
0.230870
-0.203132
0.062342
0.088120
-0.010916
-0.062445
-0.083622
-0.003768
0.029147
0.107111
0.109407
-0.087390
-0.213659
-0.016054
-0.070976
-0.093068
0.189520
0.029922
0.095051
-0.062989
-0.016146
0.149729
-0.144441
0.234232
-0.046990
0.154583
-0.060990
0.108368
0.083870
-0.091903
0.082163
0.054210
0.048800
-0.147002
-0.203102
-0.149715
-0.102152
-0.019239
-0.113273
-0.036048
0.012341
-0.206821
-0.228345
-0.011097
0.069634
0.107962
0.075726
0.117988
0.023302
-0.068034
0.024177
0.069044
0.105100
-0.289062
-0.021600
-0.094246
-0.041394
0.117722
0.175912
0.169397
-0.013192
-0.035179
0.227234
0.217279
-0.046853
0.416578
0.216196
-0.146098
-0.150481
-0.059660
0.224476
-0.142101
-0.106268
0.031573
-0.054470
-0.096292
-0.181990
0.200614
-0.032557
0.192042
0.023538
-0.072072
0.021610
0.099908
-0.055583
0.172138
0.055287
0.210903
-0.002801
0.152120
0.149016
-0.281637
0.392142
-0.058617
-0.029912
-0.089114
0.183381
0.179272
0.149247
-0.179532
-0.105082
0.137081
0.158779
-0.099353
-0.102594
0.036258
-0.134751
0.138882
-0.019511
0.291561
-0.078294
0.036934
0.302535
-0.227900
-0.056925
0.257068
0.141951
0.202065
0.041367
0.176345
0.039211
0.164050
0.080756
0.001254
0.167054
0.192895
-0.122846
0.085670
0.102417
-0.004770
0.020630
0.107410
0.199759
0.057583
0.413702
0.005069
0.008301
-0.060279
-0.065511
0.036770
-0.086793
0.076071
-0.134353
-0.064813
-0.079029
0.110487
-0.061007
-0.040278
0.115730
-0.087787
0.020395
0.165347
-0.134479
-0.163129
-0.076755
-0.137455
0.103018
0.004867
0.051886
-0.094402
-0.058868
0.011951
-0.204884
0.083900
-0.096600
-0.209044
0.005881
0.118845
0.020771
-0.204575
0.098907
-0.169171
0.087553
0.037935
-0.020724
0.040082
0.046707
0.073008
0.068654
0.118444
-0.025118
-0.150429
-0.010900
0.077593
0.204207
0.038831
-0.187857
-0.074822
0.080373
0.060491
-0.038044
-0.010849
-0.072957
-0.061363
-0.134230
-0.034018
0.107897
0.047794
0.062599
0.002907
-0.107100
-0.076211
0.001036
0.155740
-0.004321
-0.004350
0.032318
-0.055968
0.029966
0.048845
-0.071596
0.044736
-0.013501
-0.115017
0.099888
-0.068654
-0.097908
-0.024976
-0.019888
0.094199
0.140901
0.226455
-0.249388
0.158810
-0.103427
0.094176
-0.081216
-0.234293
-0.349108
0.261637
-0.046780
-0.028825
-0.236015
0.140968
-0.207190
-0.212129
0.121373
-0.280059
-0.026359
-0.188764
0.092607
0.009913
-0.045416
0.180451
0.121143
0.166206
0.181973
-0.075694
0.024343
-0.010974
-0.018062
-0.013040
0.084324
-0.099249
-0.054281
-0.094352
-0.170501
-0.085244
-0.020899
-0.024983
0.020986
0.055979
0.010163
0.000775
-0.107499
0.032188
-0.046842
0.012064
0.124793
0.199842
-0.004203
0.128658
-0.065947
-0.011499
0.051986
0.135414
-0.080520
0.072623
0.153199
0.154898
-0.063314
-0.104369
-0.148525
0.090231
0.028384
-0.064872
0.217624
-0.112260
-0.082365
-0.193840
0.153085
-0.090476
0.102462
-0.007675
0.014253
0.033218
0.185314
-0.014670
0.022206
0.003803
-0.060575
-0.086461
-0.033171
-0.111347
-0.071849
-0.106086
-0.055768
-0.014543
0.099649
-0.063266
-0.053059
-0.133675
0.111734
0.080910
0.015286
0.100030
-0.038550
-0.025889
0.238198
0.263309
-0.040600
0.017051
-0.089720
0.082681
-0.156141
-0.222789
-0.208597
0.083559
-0.331129
0.113813
-0.040863
0.087441
0.029497
0.164050
-0.215575
-0.288006
-0.002207
0.195582
-0.138704
-0.285332
0.094160
-0.003824
-0.116195
0.120161
0.150598
-0.048654
-0.050122
0.173901
0.158928
0.066528
0.088548
-0.149853
0.067067
0.109689
-0.112132
-0.350650
-0.029952
-0.018704
0.201037
-0.041140
0.329782
-0.005419
0.297547
-0.088138
0.008319
0.376034
-0.268949
0.069365
-0.016869
0.095026
-0.219090
-0.026940
0.137283
-0.112560
0.204394
-0.035185
-0.030688
0.194898
-0.085103
0.328537
-0.180491
0.245498
-0.037563
0.150302
-0.207455
0.073154
-0.058661
-0.260483
-0.033207
0.171484
-0.008060
0.063072
0.174730
0.012688
0.045513
-0.052541
-0.097829
-0.124679
-0.089122
0.188240
-0.074889
0.165749
-0.123088
-0.018560
-0.124433
0.027772
-0.149411
0.013800
0.232351
0.138482
-0.231028
-0.336379
0.034823
-0.137764
-0.005948
0.201571
0.044339
-0.109361
-0.203322
-0.357830
0.007157
0.121168
0.075293
-0.007109
0.137903
0.101754
-0.032536
-0.044053
-0.030116
-0.135029
-0.299650
0.142808
-0.197613
-0.009506
-0.146601
-0.102927
0.050437
0.034204
-0.225576
0.010697
-0.152327
0.203409
0.082604
0.172165
0.211037
0.167031
0.009298
0.063130
-0.056276
0.249491
0.112797
-0.217030
0.009012
0.075831
-0.187630
-0.000748
0.024226
-0.180646
-0.052390
-0.202984
0.120059
0.059278
0.005001
0.009282
-0.086381
0.083853
0.045054
0.001366
-0.008216
0.083432
0.297854
0.090189
0.137472
0.020645
0.198986
-0.008133
0.216755
0.167601
-0.005399
-0.122537
-0.244161
0.030750
0.082574
-0.264836
-0.036011
0.003859
-0.080233
-0.027134
-0.077542
0.023501
-0.154770
-0.131134
-0.084803
-0.058119
-0.182579
0.121881
0.182878
-0.073037
-0.175182
0.016667
0.207813
0.109546
0.156188
-0.105408
0.305318
0.001065
-0.133400
0.023239
0.103398
0.023921
0.067746
0.158299
0.021837
-0.077425
0.076237
0.094359
0.126839
-0.112663
0.136685
-0.134518
-0.078614
0.044839
0.174331
-0.073058
-0.006302
-0.147614
-0.006438
0.084289
-0.023635
0.215851
-0.071257
0.141670
0.140893
-0.141445
0.165152
-0.151871
0.047888
-0.075297
-0.019984
-0.138723
-0.181358
-0.085820
-0.092040
0.132818
-0.221217
0.149457
-0.172692
-0.080301
-0.010177
-0.236243
-0.009138
0.076398
-0.057546
-0.056501
0.121711
0.037743
0.243781
0.236841
0.212247
0.124894
0.008335
0.014824
-0.094392
0.018500
-0.146638
-0.068845
-0.116917
0.142627
-0.115233
-0.007516
-0.075116
-0.106735
0.188535
0.012443
-0.149986
-0.091394
0.132587
-0.014076
-0.056598
0.109556
0.081179
0.350656
-0.081166
-0.078280
-0.008057
-0.050020
-0.034544
0.149632
0.113181
0.023350
0.251420
0.025139
0.060429
0.095482
0.033257
-0.004462
0.079722
-0.119024
0.005888
0.068520
-0.060136
0.170329
-0.064867
-0.017777
-0.321567
0.050377
-0.036707
-0.232733
-0.055273
0.201521
0.049076
-0.066548
0.007980
-0.168857
0.111842
-0.147394
0.007147
0.068519
0.073946
-0.178902
-0.105988
-0.076925
0.046898
0.143246
0.282982
0.226494
-0.166421
0.112647
0.157915
-0.062745
0.102838
0.065975
0.031916
0.028444
0.071810
-0.108333
0.059839
0.020222
-0.253597
-0.052189
0.091824
0.030814
-0.030545
-0.068343
0.181006
0.160930
0.072048
0.015970
0.103818
0.008473
0.097731
0.169205
-0.023038
0.200050
-0.173670
-0.191437
0.185768
-0.049456
-0.083375
0.045338
0.079743
-0.173446
-0.119308
0.010851
-0.146202
0.245763
-0.042309
0.114869
0.148471
-0.003027
0.362108
0.003257
0.024732
-0.116518
-0.457076
0.204796
-0.069602
0.230288
0.097981
-0.131578
-0.097202
0.058144
0.065281
-0.178985
-0.018067
-0.208998
0.054427
-0.105958
-0.051714
0.139805
-0.101162
-0.069882
0.150495
0.220921
0.155029
-0.020148
0.081384
0.174485
0.142937
-0.211216
0.191498
-0.084066
0.266803
0.069613
0.118236
-0.030633
0.103505
0.078234
-0.144409
-0.153008
-0.184865
-0.178834
-0.110521
0.084069
-0.005724
0.092985
0.003364
0.171225
-0.012669
-0.030406
0.097471
0.256262
0.070526
-0.111976
0.038440
0.104496
0.114470
0.278347
-0.110586
0.107142
-0.085688
0.274980
-0.002131
0.194048
-0.141168
-0.335109
0.022630
0.107616
0.008542
-0.050171
-0.125360
-0.084391
-0.105595
-0.057790
0.117833
-0.199320
0.010060
0.114102
-0.005137
-0.154577
-0.141652
0.051952
-0.226954
-0.116716
0.057139
-0.004559
-0.081141
-0.120301
-0.133049
0.306626
-0.275960
-0.248542
-0.032135
0.122821
-0.129638
-0.108247
-0.025824
0.030103
0.011562
-0.110163
-0.115486
0.105965
-0.009184
-0.226159
-0.133122
0.168100
-0.125631
-0.309175
0.020567
-0.088562
-0.021766
0.267056
-0.018725
-0.029008
-0.033813
0.194102
-0.134158
0.229926
-0.166215
0.117568
0.140578
-0.124184
0.205753
0.031755
0.068255
0.169610
-0.130579
-0.075022
0.279835
0.000323
-0.097304
-0.026739
0.057973
-0.168647
-0.090388
0.109810
-0.168994
0.327087
0.005955
-0.081890
0.161331
-0.203741
-0.035483
0.149277
0.103910
-0.055619
-0.089881
0.304033
-0.139109
-0.015241
-0.020955
0.272713
0.168100
-0.118434
0.042084
0.083528
-0.154336
0.195254
-0.090025
-0.159664
-0.085028
0.180978
-0.011246
-0.029921
0.059446
0.150003
0.029628
0.101522
0.159210
0.102177
0.161154
-0.113191
-0.087784
-0.150203
0.079264
-0.173401
0.045692
0.094154
-0.157986
-0.015526
-0.093803
-0.043634
-0.175523
-0.096368
0.133609
0.137524
0.019803
0.021025
0.194742
0.177874
-0.075454
-0.150814
-0.006077
-0.145480
-0.091470
0.230292
-0.053634
-0.007119
0.118527
0.086949
-0.003397
0.058948
0.041054
-0.189974
-0.074719
0.141885
-0.021822
-0.064970
0.007944
0.040542
-0.173984
0.195998
0.304435
-0.114590
-0.042808
-0.047553
0.169891
-0.143636
-0.024758
0.048539
0.032634
0.092640
0.179821
0.088041
-0.020173
-0.382027
0.002391
0.105098
-0.000112
-0.059017
-0.212124
-0.072571
-0.223898
0.009949
0.196837
-0.013925
-0.096974
-0.036099
-0.040452
0.016726
0.100434
-0.109564
0.073841
-0.135663
-0.009097
0.034488
-0.103715
-0.077765
-0.123927
0.142405
-0.197014
-0.184810
0.036417
-0.003233
0.126260
-0.371428
0.135286
-0.133576
0.218862
0.136425
-0.137384
0.022211
0.014796
-0.249229
-0.122921
0.143070
0.134923
-0.120003
-0.084830
0.014416
-0.073897
-0.075686
0.182385
0.197006
0.149388
-0.166298
-0.206221
0.130497
-0.019111
-0.019660
-0.030819
-0.124622
-0.086618
-0.018897
0.024260
-0.119776
-0.122309
-0.107067
0.171550
0.115990
0.200677
-0.350504
-0.054461
-0.090122
0.084079
0.101481
-0.105713
-0.145529
-0.006367
-0.099035
0.227175
0.071468
-0.138160
-0.065542
0.183350
-0.056419
-0.056989
-0.077882
0.165931
0.084158
-0.176520
-0.365689
0.044047
-0.113954
-0.047957
0.058643
0.256812
-0.020517
-0.038605
0.050640
0.174475
0.096493
0.083701
0.063914
-0.176854
0.100178
0.076957
0.138611
0.182544
-0.059106
0.210278
-0.126423
0.145170
0.126188
0.304383
0.311378
-0.193543
-0.124224
-0.114265
-0.051161
0.113697
-0.315433
-0.016776
0.111593
-0.212362
0.053830
0.024194
0.041887
0.112984
0.018934
-0.090335
-0.126109
-0.064404
-0.021107
-0.044013
0.089797
-0.015706
-0.262775
0.077548
-0.069849
-0.041403
-0.035235
0.051814
0.004821
0.053593
-0.292352
-0.096771
-0.031659
0.153452
-0.035720
-0.013775
-0.098606
-0.216434
0.181551
-0.005973
-0.032097
-0.069761
0.193160
0.143876
-0.039614
-0.037653
-0.057325
-0.252795
-0.129043
-0.330364
0.191270
-0.215758
-0.132367
-0.215747
-0.064698
0.128173
-0.009493
0.104274
-0.094527
0.114885
-0.060663
-0.133478
-0.074302
-0.050321
0.063520
0.001866
0.187271
-0.036419
0.166287
-0.096981
0.090122
0.048400
-0.108332
-0.026165
0.071462
0.077228
0.124560
-0.150422
0.035367
-0.171393
-0.033968
-0.060751
0.141359
0.069143
-0.053591
0.002292
-0.019646
0.136569
0.125182
-0.124111
-0.019159
0.072993
-0.055728
-0.050587
-0.142658
0.088258
-0.127846
0.157861
0.069036
-0.044614
0.220493
-0.204806
0.042290
0.001366
0.003515
0.032011
0.052068
0.061166
-0.161185
-0.129051
0.089829
0.043683
-0.097284
0.163631
0.246671
-0.053565
0.173950
-0.130093
-0.070556
0.122145
-0.133272
-0.095878
0.047538
-0.037408
0.057066
0.099839
0.082717
0.006697
-0.094792
-0.164275
0.041732
0.334061
-0.135224
-0.140710
-0.021678
-0.046877
-0.054511
0.215626
0.056303
0.082781
0.209488
-0.013848
-0.033390
-0.117934
0.030236
0.083086
0.156778
-0.188417
0.050896
0.043284
-0.047744
-0.123454
0.142131
-0.007638
-0.017016
0.021454
-0.005820
-0.090311
-0.118579
-0.137091
-0.151409
-0.084537
-0.122773
-0.092450
0.018533
0.064003
-0.170606
0.013570
0.101794
0.224733
0.124492
-0.144486
0.043739
0.031452
0.088126
-0.125418
0.339945
0.131753
0.096532
0.083146
0.046899
-0.286185
-0.035875
0.150549
0.153313
0.131848
-0.043694
0.031634
0.063912
-0.226924
0.203031
0.093013
0.031981
-0.149406
-0.068860
-0.182418
0.060870
-0.024830
0.134528
0.183074
0.100578
0.011420
-0.071089
-0.181511
0.135051
-0.154491
-0.074848
-0.161321
-0.156686
-0.272703
-0.115604
0.076178
-0.129972
0.015712
-0.060970
-0.109382
-0.032695
0.086620
0.079276
0.001192
-0.220012
0.155148
0.013338
-0.002404
0.014449
0.031518
-0.113835
-0.121048
0.065895
0.063142
0.018139
-0.162633
0.074603
-0.058050
-0.078580
0.275299
0.004629
0.034781
0.162410
0.175924
-0.007585
0.181585
0.099873
-0.213873
0.179481
-0.141525
-0.154203
0.098706
0.191541
-0.013231
0.101495
0.087053
0.026080
0.022554
-0.333573
-0.027510
-0.463114
-0.028887
-0.050678
-0.369259
-0.094758
-0.213465
0.135965
0.182883
-0.036516
-0.071147
0.131200
-0.193174
-0.251350
-0.094478
0.004395
-0.036077
-0.090872
-0.019878
0.105846
0.061309
-0.009410
0.012914
-0.133821
-0.144496
0.067835
0.285134
0.102593
-0.079499
-0.054433
-0.041882
-0.169814
-0.235207
0.183026
0.183705
-0.125710
0.099843
0.051876
0.206217
0.029238
-0.162663
-0.136726
0.096111
0.043811
0.138381
-0.014355
-0.087705
-0.109172
-0.086086
-0.378205
-0.118239
0.036132
-0.046800
0.046622
0.065337
-0.099437
0.011420
0.306096
-0.227029
-0.050828
0.161110
0.016268
0.117807
-0.220115
-0.234771
-0.026544
-0.038139
0.010156
0.056605
0.059305
0.101564
-0.122454
-0.091785
0.030072
-0.093760
-0.144010
0.068494
-0.003833
-0.035915
-0.057420
0.011325
-0.020850
-0.018114
0.027801
-0.108988
0.095606
0.066490
-0.230573
0.038452
-0.127194
0.150232
0.110674
0.023708
-0.317468
-0.119450
0.354874
-0.059460
0.200635
-0.062607
0.031783
0.045425
-0.195317
0.008937
0.073020
-0.066076
-0.092523
0.127499
0.233684
0.119065
0.043495
0.154995
0.081157
-0.145203
-0.156400
-0.152629
-0.189086
0.031059
-0.012939
-0.057153
-0.010049
-0.041714
-0.098161
-0.058103
0.134134
-0.052929
0.049548
0.134448
0.041468
-0.149261
-0.098396
0.043940
-0.049226
0.050699
0.132264
-0.058976
-0.110810
0.069575
-0.092954
0.074406
0.008266
-0.084732
0.112978
0.063693
0.235775
0.064628
-0.131257
0.167031
-0.052906
-0.163592
0.062748
0.058841
-0.092100
0.121921
-0.139032
-0.119258
0.090398
0.015841
0.125986
-0.243287
0.216757
0.050668
0.215501
0.067284
-0.032108
0.109311
-0.094581
0.009191
0.099706
0.006307
-0.137791
0.021554
0.177095
0.014719
0.090295
0.090644
0.029283
0.004488
0.071980
-0.052695
-0.280216
0.059724
-0.063591
-0.364305
-0.026716
0.091408
-0.033210
-0.227550
-0.151732
-0.079438
0.065943
-0.058256
-0.010459
0.265104
0.166949
-0.239072
-0.098596
0.121854
0.136955
0.040432
-0.200410
-0.083643
-0.228661
0.172162
0.110419
-0.129333
-0.140658
-0.000579
0.188380
0.040529
0.198095
0.003824
-0.106248
0.175932
0.029678
0.164450
-0.020275
-0.316735
-0.176361
-0.141491
-0.064316
0.119773
-0.236171
-0.007928
0.188805
-0.026760
-0.073837
0.068090
0.086857
0.166375
0.274694
0.231673
0.120118
-0.061658
-0.246734
0.124772
-0.126165
0.008772
-0.047595
0.110847
-0.072431
-0.077903
-0.301322
-0.038359
-0.060916
0.172325
0.260023
0.000066
0.121169
0.156172
-0.081623
0.222353
0.238470
-0.114752
-0.084809
-0.267078
0.125157
0.003418
0.042670
-0.030552
0.182226
-0.151384
-0.114483
-0.100742
0.012780
-0.015127
0.079335
-0.251022
-0.018553
0.010901
-0.189550
0.158937
0.017171
0.139658
0.102627
-0.223082
-0.113631
0.113132
0.050412
-0.037559
0.225478
0.061586
0.089259
-0.007690
0.041945
-0.048490
0.098791
-0.061606
0.145055
0.116441
-0.102047
-0.018143
-0.030144
-0.134877
-0.092296
-0.030253
0.019294
0.143915
-0.007345
-0.111937
0.164099
0.012654
0.074043
-0.201977
-0.020721
0.035445
0.019362
0.160637
0.223885
0.009718
-0.198248
0.133300
-0.080422
-0.289037
-0.015483
-0.225525
0.027225
0.141405
-0.070181
-0.134225
-0.025301
0.031766
0.059605
-0.126736
-0.019176
-0.051667
-0.002472
0.255523
-0.277412
-0.135420
-0.009422
0.070462
-0.137170
0.131708
0.160476
-0.114049
0.046543
0.189813
-0.036529
-0.010241
-0.019805
-0.022447
-0.100371
0.029018
0.096808
-0.069707
0.000553
-0.031878
-0.354439
0.166981
0.246291
-0.053598
-0.018285
0.137469
0.101708
-0.042502
-0.015078
-0.157363
0.140381
-0.182923
-0.142256
0.087290
-0.018237
0.281573
-0.102071
-0.043191
-0.179344
-0.082306
-0.266591
-0.130442
0.208419
0.103771
-0.073553
0.021311
-0.175294
0.076080
-0.285976
-0.228224
0.197104
-0.178160
-0.032189
-0.158564
-0.113916
-0.043401
0.273716
0.024070
0.148601
0.140049
-0.282358
0.206987
-0.011431
-0.071043
-0.140727
-0.008488
0.111814
-0.170436
-0.363042
-0.066973
0.069818
0.082535
0.518507
0.001907
0.037976
-0.136646
0.118581
-0.045972
-0.110164
-0.033297
-0.059075
0.062757
0.107480
0.197363
0.026034
0.058929
0.007228
-0.023499
0.062037
-0.240715
-0.203405
0.057104
0.081717
0.184367
0.093584
0.238757
-0.214643
-0.030827
-0.135428
-0.077910
0.033046
0.026320
0.070325
-0.026591
-0.076593
-0.022225
0.014571
0.091069
-0.060436
0.030466
-0.117698
0.122219
-0.085897
0.043676
0.017764
0.099120
-0.047288
-0.147565
-0.045491
-0.081246
-0.008967
0.152491
-0.223732
-0.167600
0.215294
0.061363
0.212787
-0.027004
-0.122719
-0.319346
0.040347
0.005720
-0.174846
0.118874
-0.006404
-0.007957
0.140871
-0.339945
0.106369
0.168887
-0.153797
0.029398
-0.020391
-0.302116
-0.031434
0.140104
0.122895
0.088227
-0.193441
0.217288
0.087093
0.046459
0.161688
-0.128889
-0.008193
0.141613
0.064731
-0.026479
-0.062257
0.141446
-0.223176
-0.089192
0.137935
0.057642
-0.026346
0.189958
0.211897
-0.016570
-0.003421
-0.159131
-0.077537
0.041659
0.009248
-0.053098
-0.245052
-0.149974
0.073644
-0.043092
0.014055
0.154716
0.097683
0.285763
0.005647
0.251001
0.252232
-0.072891
-0.001403
-0.070067
0.072978
-0.060071
0.061150
-0.087294
-0.065447
-0.123953
0.048768
-0.007371
-0.094375
-0.168215
-0.222815
-0.035269
-0.098496
-0.154046
0.155518
-0.008659
-0.094334
-0.078421
-0.084328
-0.145118
-0.134078
0.216090
0.275506
0.079604
-0.228667
-0.116683
0.188176
0.058488
-0.175696
-0.017821
0.209134
-0.027089
-0.271877
-0.076932
0.294516
-0.104974
-0.037395
0.047817
0.089051
-0.069052
0.006474
0.027827
0.140736
-0.105527
0.162914
-0.449981
0.036951
0.063276
0.035334
0.112993
0.121931
0.280501
0.075191
0.042817
-0.084734
0.114399
-0.350302
0.215681
-0.036502
-0.127904
0.019662
-0.112772
0.011405
-0.083814
0.005262
0.021791
-0.107914
-0.164340
0.144359
-0.263764
0.114598
0.231377
0.198686
-0.128531
-0.132177
0.165302
0.333151
0.104461
-0.013420
-0.091909
-0.106264
-0.198849
0.101375
-0.097949
-0.137946
-0.087886
-0.080694
-0.077298
0.062061
0.097709
-0.073876
-0.133162
-0.107186
0.172599
0.038664
0.245322
0.080022
-0.032783
-0.182278
-0.002586
-0.102649
0.193526
0.200466
0.086410
-0.071396
0.123238
-0.053114
-0.089532
-0.056455
-0.104762
0.106959
0.043562
-0.003836
0.063703
0.071393
-0.066017
0.338585
0.075851
0.132512
0.097521
-0.137691
-0.152915
0.160617
-0.298069
-0.103842
-0.098804
0.108455
-0.061723
0.148035
-0.010967
-0.032401
0.137937
-0.029299
-0.126657
0.028828
-0.218862
-0.165436
0.151665
0.053478
-0.013052
-0.069030
-0.125547
-0.156182
-0.057165
-0.125318
-0.102547
-0.104404
-0.039699
0.054102
0.107907
0.025286
0.123555
0.067535
0.164568
-0.229861
0.047827
-0.082775
0.129250
-0.002558
0.186416
-0.121772
-0.120742
-0.029162
0.002663
-0.153098
0.070948
0.200608
0.059228
-0.022673
0.165633
0.109623
0.260896
0.082633
-0.252611
-0.123919
0.167240
-0.228083
0.084546
-0.035564
0.148405
0.225048
-0.010113
-0.087617
0.209042
0.068794
0.006939
-0.248555
0.102982
-0.038043
0.180718
-0.106380
-0.051379
0.044074
0.251931
-0.258315
-0.331696
0.006908
-0.082298
0.136013
-0.014959
-0.081628
-0.120638
0.047679
0.063749
0.080899
0.066760
0.043064
0.095553
0.185425
0.032107
0.077406
-0.243762
0.050702
0.138256
-0.112358
-0.095935
0.119784
0.328221
-0.155267
0.108443
0.087594
-0.049639
0.054679
0.023951
0.044384
0.317417
-0.025200
0.142275
-0.043750
-0.026661
-0.112785
-0.070509
0.216305
0.103429
0.166660
0.055201
-0.028396
-0.082414
-0.138030
0.143756
-0.198064
0.116398
0.110647
-0.021728
-0.001597
0.039209
0.116225
0.010449
0.003268
-0.250116
-0.029461
-0.024030
0.030713
-0.127300
-0.109554
0.290577
0.040069
0.011041
-0.004209
-0.099701
-0.083046
0.044084
-0.059364
0.192691
-0.022502
-0.044087
-0.022037
-0.008828
0.154078
0.005547
0.269147
-0.060102
0.034060
-0.324208
-0.004294
0.177806
-0.062992
0.063674
-0.130272
-0.038446
0.028970
-0.090140
0.010882
0.175423
-0.134775
-0.011715
-0.001591
0.017059
-0.201075
0.221518
-0.221042
-0.217161
-0.319092
-0.003038
-0.033580
0.033350
0.092952
-0.020593
-0.091892
0.297864
0.005303
-0.167703
0.120086
0.037100
-0.030133
-0.094721
0.149419
-0.183825
0.005712
-0.035071
-0.110195
0.254032
-0.064997
-0.026470
-0.071484
0.018967
-0.223012
-0.111246
0.123347
0.044414
0.144146
-0.081360
-0.188005
-0.356444
-0.111225
0.051166
-0.087887
-0.037455
0.081773
0.139736
-0.019836
0.157465
-0.085231
-0.114217
0.147190
-0.028798
-0.330165
-0.143975
-0.139158
-0.049470
0.033233
0.064584
0.007553
-0.177360
-0.112892
0.088420
0.177579
0.085147
0.010344
0.052417
0.000482
-0.005005
0.188425
-0.050521
-0.121205
-0.046064
-0.070701
0.005706
-0.177288
-0.042905
0.074067
-0.127171
0.131725
0.050587
0.073055
0.082180
0.035293
0.219539
0.023731
-0.124122
-0.045060
-0.074594
-0.103597
-0.254910
-0.224256
0.086912
-0.011124
0.030069
0.027354
0.013717
0.007918
-0.042212
0.123185
0.042675
-0.170167
0.096781
-0.000646
0.107468
-0.146756
0.176766
-0.042292
0.176141
-0.088512
0.083957
0.013870
0.035694
-0.088372
0.113049
0.214778
0.079020
-0.246567
0.100676
-0.061555
0.060821
-0.090712
-0.445947
-0.085380
0.015728
-0.210306
-0.110925
-0.058639
-0.111239
0.177798
-0.105707
-0.060094
-0.050657
-0.053499
-0.039398
-0.025209
0.150321
-0.066557
-0.051909
0.032294
0.274493
-0.196372
0.072446
-0.182856
0.131433
-0.035174
0.038941
-0.113199
0.014828
-0.095177
-0.087694
-0.027500
-0.008296
0.082378
0.009337
0.078834
0.115013
0.076628
0.268627
0.131026
0.076274
0.005710
0.052013
0.309944
0.141802
-0.305471
0.063384
0.036867
0.113528
-0.045797
-0.047799
0.006895
-0.132229
-0.020313
-0.101869
0.067004
-0.063476
0.023796
0.181354
-0.087864
-0.068606
-0.189312
-0.012994
-0.104642
-0.159990
-0.028594
-0.052142
-0.007378
-0.046455
0.031515
0.264677
-0.216444
0.042465
-0.077945
0.278846
0.222135
-0.050736
0.210747
-0.155849
0.179883
0.258485
0.061037
-0.014245
0.154070
0.258746
0.209209
0.080024
-0.214637
-0.098111
-0.062806
0.019841
-0.039653
-0.071758
-0.149460
0.055580
-0.002779
-0.078070
0.006913
-0.013173
0.013802
-0.021177
-0.005949
0.194233
0.089423
0.064901
-0.022703
-0.269385
0.059772
-0.084376
0.093466
0.004216
-0.143537
0.036101
-0.088138
0.288679
-0.098982
0.099370
-0.087806
-0.136808
-0.031828
-0.315830
-0.062943
0.156992
-0.059907
-0.061117
0.087315
-0.131342
-0.045046
-0.140695
0.009385
-0.000587
-0.113497
0.101273
-0.023232
0.149876
0.020622
-0.269902
0.113597
0.004933
0.057558
-0.162676
0.138309
-0.134525
0.269545
0.082529
-0.332756
-0.008855
-0.040847
-0.047419
-0.023972
-0.001228
0.082057
0.170043
-0.115647
0.058650
-0.139355
0.116330
-0.043396
-0.225735
0.171027
0.110301
0.105993
-0.083849
0.094223
0.000058
0.117485
-0.147643
0.198638
0.009095
-0.295434
-0.097060
0.136529
-0.047455
-0.153025
0.149469
0.106924
-0.212914
0.187288
-0.162547
-0.195245
0.057656
-0.215444
-0.074416
0.040897
-0.071493
-0.096603
0.066814
-0.176379
-0.108179
0.148464
0.105669
0.078355
0.053063
-0.095726
0.002673
-0.076092
-0.052275
-0.136780
0.075546
-0.111584
0.063518
0.029949
-0.043755
-0.058938
-0.005755
-0.008995
0.180901
0.174855
0.052741
0.078151
0.202086
-0.044709
-0.161461
0.117824
0.325352
0.025840
0.010826
-0.091717
0.073805
0.025429
-0.074966
0.159217
-0.179790
0.054149
-0.287590
-0.220029
0.034385
0.111668
0.071506
-0.171152
-0.148663
0.083677
0.113191
0.076484
0.026913
0.086946
0.033329
0.166079
-0.058192
0.289673
0.017067
-0.159719
0.080848
0.115383
-0.225105
0.312681
-0.008760
0.105550
0.235756
0.189718
-0.006310
-0.039435
0.103774
-0.168178
-0.128368
-0.015123
0.079883
0.004922
0.017501
0.089861
-0.063694
0.206745
0.015026
-0.122722
0.041522
-0.056962
-0.188608
-0.193619
0.157949
0.179199
-0.001240
-0.141631
-0.088686
-0.051013
0.011647
0.125334
0.015919
-0.078731
-0.066470
-0.092112
-0.016218
-0.243422
-0.125640
0.233852
0.192533
-0.000859
0.173649
0.238044
0.181257
-0.117621
0.123819
0.193668
-0.067904
-0.135735
-0.296330
0.077978
0.105703
0.105401
0.179105
0.028311
-0.182211
-0.274426
0.293295
-0.206092
0.016088
0.088960
0.006101
-0.115964
0.179696
-0.021875
0.067335
-0.084850
0.259892
0.110133
0.102887
0.081000
-0.100358
0.145060
0.037911
-0.177281
0.103232
0.171796
0.096518
0.113608
0.260356
0.068105
-0.075610
0.193179
0.122803
-0.078915
0.060488
-0.047200
-0.039278
0.110778
-0.044117
-0.202057
0.198514
0.048328
-0.215865
0.103961
0.001058
0.159839
-0.039365
-0.029310
-0.090692
-0.069892
-0.098565
-0.081223
-0.228915
0.055503
0.201218
0.187827
-0.057713
-0.009801
-0.102691
-0.213981
-0.019447
0.073621
0.083609
0.257833
0.058038
-0.055131
0.094896
0.070936
-0.012584
0.241780
-0.012270
-0.058487
-0.210862
-0.053723
0.126716
-0.060463
-0.102497
-0.131069
0.072740
-0.046843
-0.265856
-0.026325
-0.084841
-0.072562
-0.033031
-0.040330
-0.024189
-0.061821
-0.071044
0.111114
-0.058351
-0.142775
-0.261258
0.128101
0.080834
-0.027301
0.181936
-0.194892
-0.089023
-0.042274
-0.208930
0.099116
0.202435
0.158955
0.013076
-0.004128
-0.098012
0.127022
0.167959
-0.127567
-0.147747
0.182892
0.083711
0.034053
0.078137
0.040316
-0.064336
0.060812
-0.041849
0.127282
0.233895
0.101366
0.069608
-0.033504
-0.117218
-0.062131
-0.041490
0.091001
-0.050526
0.182023
0.286781
0.281663
-0.130935
-0.116700
-0.343632
0.027423
-0.063831
-0.042659
0.140650
-0.061406
0.087097
0.076276
-0.092152
0.051992
-0.003118
0.053750
0.143430
-0.235024
-0.076180
0.194991
0.003224
0.062368
-0.040511
-0.099243
0.054389
-0.120397
-0.103746
-0.049148
0.292703
-0.065616
0.036233
0.080465
0.063367
-0.205985
-0.124899
0.070334
0.163969
-0.105554
-0.327978
0.160696
-0.152609
0.144740
0.099350
-0.070358
0.064479
0.202552
0.024301
-0.008683
-0.013783
0.121642
-0.011651
0.125535
-0.051739
0.253742
-0.054454
0.064834
-0.085443
-0.145761
0.029252
-0.057775
0.113104
-0.050352
0.140713
-0.109252
-0.121858
0.057405
0.148936
-0.173187
-0.036093
0.041359
-0.083294
-0.101989
0.159648
-0.050849
-0.140481
-0.000726
0.009166
0.080060
-0.122657
0.103481
0.283491
0.172073
-0.058751
0.154282
-0.215000
-0.154647
-0.032845
0.101404
-0.013977
-0.167711
-0.151908
0.146576
0.116097
-0.088994
0.153602
-0.053701
-0.154567
0.156633
-0.044150
0.077820
0.065242
-0.096542
0.164425
-0.052778
0.098142
0.126292
-0.079353
-0.061727
-0.240126
0.173239
0.022652
0.070231
-0.057475
0.177521
0.189095
0.065068
-0.018411
-0.037893
-0.036267
-0.247377
-0.027700
-0.020005
-0.074900
-0.116728
-0.156574
-0.061595
-0.153610
0.120228
0.099695
-0.031481
-0.363246
0.200008
0.215378
-0.088964
0.019796
-0.125018
0.102392
0.073253
0.003766
0.028318
-0.015882
0.116357
-0.028891
0.218551
-0.164377
0.062267
0.197689
-0.217135
0.005397
-0.054777
-0.147270
0.052217
0.023085
-0.066159
0.303693
0.187185
0.031923
0.112920
0.067608
-0.024351
0.180936
-0.105549
-0.084844
-0.032576
-0.026241
-0.045842
-0.113393
0.186097
0.277349
0.062370
0.067703
0.100850
-0.095960
0.081337
0.022890
0.071285
-0.292895
0.003445
0.123358
0.143396
0.131929
0.149237
0.111481
-0.140774
-0.073544
-0.030538
0.164474
-0.224586
-0.129759
-0.118436
-0.084626
0.107134
0.062384
-0.022765
0.127031
0.056966
0.011855
-0.113130
-0.011653
-0.144716
0.206308
0.128218
-0.133877
0.033061
0.049151
0.011341
-0.265822
0.155722
0.015476
-0.030862
0.040019
-0.091986
0.151636
0.137811
-0.070275
0.070793
0.008902
-0.008515
0.062142
0.014446
-0.091372
-0.158175
-0.006009
0.087201
-0.114950
0.116919
-0.066510
-0.173586
0.098094
0.014800
0.134837
-0.055901
-0.116326
0.020473
-0.050355
-0.201651
-0.231939
0.270251
-0.020936
-0.043160
-0.010686
-0.102786
0.030397
0.035512
0.038291
-0.034219
-0.124801
-0.161458
-0.079330
0.020561
0.200030
0.139945
-0.165415
-0.078351
0.069023
-0.071427
0.172201
-0.068852
0.007972
-0.060164
0.138980
-0.078193
-0.130367
0.018533
-0.146208
0.017378
0.072730
-0.059394
-0.028867
-0.098916
0.055803
-0.086879
0.020846
-0.015820
-0.088234
0.043454
0.031005
0.184291
-0.057323
-0.125607
-0.010127
0.076843
0.245420
0.068054
0.039045
-0.183995
-0.294540
-0.057361
0.141232
-0.038523
0.121081
0.137286
-0.021968
-0.248607
0.161066
0.127247
-0.082699
-0.034551
0.195291
-0.007015
0.157892
0.207700
0.183031
0.219928
-0.025410
0.247365
-0.095577
0.044047
-0.066997
-0.034863
0.085145
0.093144
0.034520
0.156213
0.076090
0.131185
0.009161
0.021136
0.165841
0.013261
-0.021515
-0.093637
-0.283379
-0.216163
-0.032527
-0.179732
-0.059096
0.049383
-0.040931
-0.014464
0.218910
-0.038053
0.031195
-0.120039
0.000295
-0.097753
0.018150
-0.009669
0.131444
-0.123375
0.271109
0.111125
-0.425015
0.084087
0.126745
-0.115037
-0.040723
0.041559
0.008837
-0.006019
-0.128472
0.288660
0.224243
0.112979
0.020240
0.091801
-0.084118
0.091057
-0.053696
-0.012035
-0.003877
-0.159302
-0.385015
-0.095105
0.082732
-0.076378
0.246848
0.004194
-0.048969
0.112746
0.081151
-0.251004
-0.220397
-0.104934
-0.071500
0.102074
-0.104414
-0.184477
0.105301
-0.132649
0.144730
-0.020753
-0.119960
0.186619
-0.138861
-0.033368
-0.168947
0.074758
-0.033597
-0.134856
0.108140
-0.165450
0.054253
0.167511
0.310593
0.092720
-0.089718
0.111009
0.017961
0.201073
-0.239901
0.169467
-0.093923
-0.054209
-0.031143
-0.202022
0.123055
-0.073031
-0.119754
-0.369645
-0.207487
0.231422
0.063260
-0.212939
-0.110034
-0.161832
0.044445
-0.236995
-0.053803
0.045109
0.167794
0.080332
-0.063293
0.164940
0.051469
-0.096787
0.060703
-0.068552
0.297716
0.083314
-0.083584
-0.041725
0.004049
-0.012368
0.018861
0.050177
0.070189
0.078022
0.095196
0.000296
-0.083283
0.164360
-0.243391
-0.147999
0.030063
-0.081969
0.040039
0.169193
-0.091784
-0.050026
0.207156
-0.030897
-0.104162
0.070054
-0.036207
0.127000
0.025576
0.044718
0.244394
0.065836
0.179246
0.112042
-0.233564
0.089693
-0.043725
0.003461
0.002525
0.017732
-0.170378
-0.286941
-0.100220
0.057108
0.041480
0.085238
-0.173659
0.080249
0.104864
-0.005139
-0.131809
0.092526
0.032909
0.105290
0.012280
-0.153588
-0.073364
-0.088434
-0.071920
-0.041114
0.041402
0.110900
0.002734
-0.070122
-0.082344
0.133150
-0.160023
-0.134048
-0.106958
-0.018417
-0.142220
-0.061989
-0.172017
0.138044
0.391659
-0.145270
0.004677
-0.012345
-0.078917
-0.137464
0.088227
-0.145436
0.176749
0.047926
-0.036324
0.077033
0.007252
0.174509
-0.138797
-0.261052
0.113280
-0.125754
-0.083155
0.144336
0.231224
-0.021685
-0.183026
0.183578
0.084307
-0.280035
-0.092795
-0.024908
0.079964
0.038576
-0.074461
-0.032425
-0.203789
0.031435
-0.110997
0.046768
0.318922
0.127071
-0.025583
0.095068
-0.137787
-0.013868
0.065945
0.121550
-0.213537
-0.089405
0.055654
0.090276
0.019515
-0.056482
0.204343
0.104297
0.061361
-0.037567
0.276292
0.144321
-0.059613
0.085803
-0.123837
-0.258963
-0.138406
0.001654
-0.295963
0.136721
-0.327152
-0.382882
-0.122751
0.056037
-0.072703
-0.249525
-0.004185
0.121139
0.016617
0.020270
-0.079469
-0.084307
0.035236
-0.026312
-0.075269
0.003088
-0.096567
0.155896
0.119959
-0.006098
-0.021998
0.138332
-0.057924
0.287312
-0.026455
0.201237
-0.003415
-0.073973
0.155221
0.068095
-0.309213
-0.007367
0.196709
-0.012908
-0.136115
-0.084375
-0.001964
0.058595
0.221949
-0.240543
-0.136414
-0.210315
-0.053361
0.064203
-0.061498
-0.011333
-0.087045
-0.055324
0.002607
0.181879
-0.028069
0.114012
0.382621
-0.213084
0.278379
-0.072176
-0.041831
-0.177416
-0.168774
0.033297
-0.176021
0.112893
0.067290
0.015418
-0.073137
-0.078507
0.247533
-0.081295
-0.182251
0.184814
0.052374
-0.059999
0.193854
-0.097616
-0.127965
-0.018361
0.174047
0.059378
-0.005869
0.155184
0.157682
0.126904
-0.048549
0.013368
0.035517
0.209143
-0.014137
0.117838
0.166863
-0.039856
0.017115
-0.109912
-0.019429
0.067989
0.234477
0.005182
0.046871
-0.085041
0.102750
-0.022402
-0.102810
-0.020303
-0.028973
-0.115110
-0.051012
-0.052608
-0.035402
0.078995
-0.077045
-0.162228
0.121322
-0.132143
-0.086481
0.060454
0.173187
-0.064835
-0.025786
-0.084782
-0.183718
-0.133358
-0.121510
0.075573
0.209573
-0.098750
0.055526
-0.129115
-0.108856
0.022561
0.063019
0.044999
0.189821
-0.059701
-0.096696
-0.016139
0.100753
-0.077105
-0.017712
0.122676
0.067633
0.095847
0.180534
-0.252369
0.049864
0.066280
0.167140
-0.036316
-0.088351
0.047489
-0.306439
0.014213
-0.024364
0.059175
-0.084695
-0.066534
0.124084
0.162507
-0.005121
0.056033
0.033603
-0.086729
0.113454
-0.034849
0.202174
-0.033572
-0.091014
-0.003172
-0.161860
0.195524
0.146549
0.016931
0.062943
-0.047985
0.149904
-0.236311
-0.182667
0.015447
-0.082841
-0.158364
0.032458
-0.009682
0.087848
-0.194433
0.041413
-0.129409
-0.083801
0.056410
-0.006410
-0.158838
-0.100468
-0.024912
-0.071313
0.033929
0.235441
0.079092
-0.239968
-0.067816
-0.081828
-0.047804
-0.058530
0.133964
-0.024156
-0.026936
0.144655
0.083387
-0.034584
-0.082117
-0.206871
0.067042
-0.149517
-0.000832
-0.076937
-0.058690
0.280423
-0.244895
-0.178034
0.052307
0.057157
0.099943
0.048659
-0.249086
-0.002709
-0.109455
-0.265640
0.096380
0.073560
-0.084989
-0.072603
-0.074431
-0.031157
0.116750
-0.259064
0.044960
0.104890
0.001693
-0.103907
0.041838
0.011867
-0.109294
0.129732
0.061077
-0.167891
-0.082761
-0.068729
0.242698
0.180628
-0.093952
-0.046508
-0.086653
-0.018745
0.067945
-0.103941
0.018640
0.047296
0.286330
-0.089076
0.081021
0.046933
0.231167
-0.075153
0.154283
0.045091
-0.269495
0.178644
-0.051184
-0.062953
-0.206221
0.198150
0.100978
0.162459
-0.256556
-0.000048
0.220008
0.067209
-0.047627
0.003852
-0.045353
0.049529
0.018143
-0.230532
-0.073145
-0.033564
0.097284
-0.073821
-0.022391
-0.022915
-0.028675
-0.040275
-0.262048
0.023054
-0.016469
0.069893
0.207737
0.168075
-0.205806
0.057250
0.134987
-0.198106
-0.171561
-0.016933
-0.167649
-0.248531
-0.096356
-0.018190
0.331751
-0.004149
-0.139248
0.112900
0.071714
-0.057394
-0.189619
-0.147888
0.038849
-0.082880
0.131113
0.055864
0.128679
0.057715
-0.018786
-0.082276
-0.202333
-0.102012
0.128173
-0.230483
-0.187768
-0.141856
-0.055331
-0.003441
0.143033
0.112504
0.045752
0.094546
0.027553
0.056794
-0.050785
-0.064299
-0.017305
0.080905
-0.072631
-0.081129
0.158247
0.011663
-0.081802
-0.005831
-0.162830
0.288748
-0.010135
0.000978
-0.266250
0.073490
-0.061305
0.091540
0.126303
0.091944
0.008119
-0.112288
-0.011532
-0.001087
-0.020373
-0.066539
0.006015
-0.141978
-0.074616
0.048657
0.001326
0.090884
-0.095856
-0.046876
0.202762
-0.099043
-0.315477
0.062251
0.090739
0.032126
0.172315
0.034523
-0.378905
-0.008227
-0.062035
0.108447
0.031142
0.100651
0.016748
-0.045045
-0.050517
-0.200564
-0.130630
-0.147275
0.039737
0.208779
-0.102069
0.036319
-0.064109
-0.250252
0.241966
-0.029111
0.085010
-0.245769
-0.073376
-0.241756
0.170913
-0.071683
0.078225
0.099386
-0.131307
-0.130099
0.230986
0.015244
0.158791
0.156056
-0.006025
0.000339
0.183606
0.127178
0.178499
-0.168344
0.207178
-0.110712
-0.193231
0.149921
-0.026460
-0.013326
0.004152
0.050816
0.228076
0.198851
-0.154374
-0.051307
0.057700
0.054873
0.028092
0.063997
0.005556
-0.035568
0.048885
-0.137071
0.121933
-0.266511
0.145932
-0.034582
0.078924
0.077703
-0.047652
0.043673
0.187596
-0.141426
0.057552
0.078258
0.112130
-0.053290
0.245825
0.156728
-0.086674
-0.001054
0.006037
0.045735
0.053143
0.040985
-0.080161
0.074454
0.143853
-0.051539
0.025382
0.069384
-0.009733
0.046687
-0.132011
-0.086379
-0.214143
0.023288
-0.077910
0.179306
-0.023354
0.065023
-0.061232
-0.159712
0.003811
-0.144128
-0.085102
-0.177072
-0.179703
0.126630
0.133987
-0.047282
-0.030754
-0.353893
0.081963
-0.207560
0.005144
0.008406
-0.100500
-0.123858
-0.092337
-0.105531
-0.092994
-0.248436
0.157404
0.268330
-0.136660
-0.079366
0.105246
0.050647
-0.129731
0.092616
-0.265546
-0.043588
0.136049
-0.004989
-0.158533
0.194108
-0.086679
-0.167092
0.071376
-0.020697
0.078078
0.054001
0.043590
0.018258
-0.043002
-0.020383
0.039702
-0.068185
-0.119651
0.059524
0.134029
0.108762
0.219282
-0.064121
-0.152769
-0.076385
-0.239648
-0.043730
0.010764
0.101584
0.124712
0.088342
0.251580
0.006142
-0.216540
0.085707
-0.173504
-0.114186
0.053808
-0.031441
-0.002507
-0.102861
0.184951
-0.033734
0.207032
-0.153471
0.154126
0.054212
0.068291
0.182185
0.082819
-0.091139
0.084066
0.092385
-0.137763
-0.155758
-0.238285
0.072236
-0.102637
-0.014403
-0.121690
-0.006632
-0.064987
0.125150
-0.095766
0.104247
-0.123881
-0.142341
0.101787
0.071443
0.030470
0.060635
-0.145341
0.086070
-0.131788
0.015869
0.083465
-0.097456
0.265264
-0.061740
-0.087018
0.052676
0.119753
0.100886
0.211467
0.131881
-0.093941
-0.385304
-0.106817
0.050822
-0.139859
-0.002134
0.232676
-0.013999
-0.142517
0.093996
-0.126473
0.065672
-0.083845
-0.160934
0.067924
0.150088
-0.094916
0.237634
0.031506
-0.064560
-0.028264
0.013683
0.076878
0.041189
0.052630
0.097752
-0.143976
-0.091660
0.050605
0.025034
-0.006825
0.171905
0.039214
0.209829
0.069427
0.029036
-0.072023
-0.133830
-0.030762
0.036185
0.003186
-0.073678
-0.013621
-0.216684
-0.260258
-0.147342
0.231547
0.148577
-0.097587
0.153281
-0.191726
0.079096
-0.048441
-0.213478
-0.053257
-0.343309
-0.023160
-0.019820
0.034857
0.035977
0.021611
-0.223306
-0.008041
0.096616
-0.019291
-0.118303
-0.058083
0.048179
-0.008530
-0.068817
-0.092940
0.108784
-0.193881
0.035264
-0.087846
-0.094842
-0.024553
0.106749
-0.031862
-0.041815
-0.091448
0.168455
-0.043109
0.121432
0.125654
0.141920
-0.176997
0.004743
0.030917
0.047870
0.040983
-0.110743
0.029659
0.015996
0.281199
0.041073
0.198572
0.065636
0.058320
0.163034
-0.180334
0.047809
-0.174832
-0.031309
0.015993
-0.242163
0.056800
-0.106798
-0.017705
-0.058875
-0.087215
-0.007432
0.011179
0.020110
-0.058813
0.148291
0.037767
-0.132810
-0.005510
0.258969
-0.004768
0.162147
0.084823
0.170154
0.053332
-0.144161
0.046775
-0.008327
0.053839
-0.047819
-0.177715
-0.269083
-0.112230
0.267196
0.401827
-0.101972
0.101886
-0.038260
0.047368
0.150859
0.086684
0.073756
0.236010
-0.160618
0.136125
0.109131
0.063588
0.094477
0.086128
0.179093
0.080721
0.077778
0.017507
0.075448
-0.100694
-0.088996
-0.145011
0.166503
-0.230942
-0.110207
0.234388
0.135877
-0.090962
0.081568
-0.348719
-0.020261
0.133504
0.216864
0.176081
-0.037083
-0.047840
-0.018448
0.107897
0.023347
-0.089159
0.033359
-0.235943
-0.030615
0.113315
0.259028
0.001627
0.020236
-0.158040
0.155797
0.033264
0.055566
0.046295
-0.053458
0.002933
-0.140030
-0.169750
0.045185
-0.181909
-0.051994
0.168330
0.038793
0.172830
0.233448
0.013170
-0.220507
-0.036903
-0.149849
0.025755
0.121025
-0.088818
-0.049101
0.127288
0.139686
-0.118334
0.022001
0.111825
-0.331893
-0.074263
0.056887
0.119070
-0.044257
0.051369
0.033969
-0.101004
0.028497
-0.136084
-0.074662
0.191780
-0.162015
0.066070
0.117864
0.022245
-0.273212
-0.133093
-0.006330
0.041445
-0.125059
-0.051341
-0.001699
-0.075413
0.192675
-0.002523
0.017097
-0.022694
0.137807
-0.043427
-0.004996
-0.121850
-0.098157
-0.116456
-0.021570
0.076213
0.262827
0.215215
0.338811
-0.040238
-0.220236
0.185201
0.043425
-0.106356
0.332120
0.065965
0.181244
0.027580
0.017959
-0.104554
0.032205
-0.078598
-0.075663
0.113159
-0.098181
-0.183156
0.011298
0.054582
-0.028674
-0.052106
0.060044
0.114411
0.028243
0.036636
-0.043188
-0.017044
0.093062
-0.051019
-0.048979
-0.108615
-0.038324
0.155242
-0.120606
-0.088740
-0.020971
0.133681
0.077114
0.024276
-0.171202
-0.075196
-0.150951
0.138563
-0.018154
-0.003241
0.114956
0.073544
0.161274
0.066022
-0.013575
-0.056069
-0.187234
-0.173719
0.357095
0.209850
-0.051856
-0.102986
0.277584
-0.079690
-0.234231
-0.048629
0.094048
-0.107904
-0.354622
0.058389
-0.080898
-0.083663
-0.171514
0.158656
-0.191020
0.403559
-0.203973
-0.084755
0.213880
-0.002431
0.080721
-0.117444
0.064179
0.102387
0.028439
-0.068404
-0.273697
-0.216839
0.032551
-0.050166
0.111335
-0.138062
0.170291
0.074240
-0.030209
0.195648
-0.026851
-0.248166
0.023725
0.032150
0.197911
0.011445
-0.102889
0.277838
-0.078751
0.173825
0.149031
-0.212171
0.095059
-0.015314
-0.166416
0.028804
0.023888
0.101874
0.123081
-0.089670
-0.151447
-0.064679
0.105641
-0.049345
0.006870
-0.120607
0.074746
-0.255434
-0.037859
-0.087872
-0.158591
-0.085398
0.199311
-0.006743
0.021592
-0.088504
-0.132568
-0.123069
0.180832
-0.230485
0.056947
-0.204912
0.239095
0.084726
0.043622
-0.014485
0.044053
-0.143002
0.032497
-0.131906
0.025093
0.154034
0.180831
-0.129212
0.082808
-0.122375
-0.122329
-0.102552
0.030423
0.024653
0.107166
-0.099576
-0.033396
0.187357
-0.100406
-0.101722
-0.233250
0.183172
0.087150
0.277710
0.113916
0.080202
0.096176
-0.007774
-0.094051
0.031246
-0.104098
-0.034648
-0.216143
0.001524
-0.084354
0.099092
0.173358
-0.014913
-0.021781
0.096941
-0.088783
-0.163587
-0.287557
-0.114885
-0.297720
0.051907
-0.150072
-0.023210
0.258317
-0.036751
0.077126
-0.009889
-0.107890
-0.087343
0.204555
0.088180
-0.067883
-0.159502
0.078039
0.034827
-0.168886
-0.044154
-0.061381
-0.194185
-0.086507
-0.172237
-0.033888
-0.109412
0.215492
0.174252
-0.120315
0.037544
-0.144392
0.017802
-0.018204
0.073092
0.154124
-0.036173
0.140290
0.184938
-0.011872
0.286790
0.012329
0.071747
-0.053704
-0.078297
-0.028301
-0.026032
0.300787
-0.213406
0.026024
0.020955
0.000720
-0.040222
-0.123719
0.247498
-0.011629
0.033287
-0.065183
-0.120366
0.045398
0.022866
0.026091
-0.327858
-0.035736
0.129209
0.134214
-0.061117
-0.018649
-0.024995
0.074588
0.117811
-0.002217
0.203018
0.082664
-0.160670
0.200484
0.061219
-0.203490
-0.078156
-0.104330
-0.101374
-0.135434
0.241151
-0.013776
-0.159090
0.052614
-0.106903
0.124929
-0.261453
0.145140
-0.017153
0.062027
-0.194068
-0.050369
0.051578
0.139517
0.120675
0.122143
0.064784
0.358467
-0.043171
0.012230
0.084907
0.014889
0.167255
-0.017559
-0.019416
-0.020762
0.030637
0.001092
0.047714
0.171181
0.022919
0.062775
0.037936
0.183012
0.149855
-0.061803
-0.102697
0.222754
-0.241075
0.068967
0.059431
-0.065771
-0.105983
-0.217536
0.044008
0.052172
-0.260587
0.048842
-0.167837
-0.118326
0.187718
-0.249324
-0.056747
0.122301
-0.186428
-0.188904
-0.050134
-0.037103
0.076256
-0.011967
0.036621
-0.172342
0.277687
-0.075286
0.210299
-0.169489
0.206407
0.131288
-0.105957
0.012104
0.272612
-0.212992
0.044120
-0.275445
0.296573
-0.164890
-0.069862
-0.099163
-0.009628
-0.080574
0.085619
-0.128462
0.111694
0.027273
-0.169779
-0.075592
-0.080600
-0.114237
0.247073
-0.136780
-0.169187
-0.222329
0.108745
-0.182247
-0.236138
0.229831
-0.124372
0.083460
-0.255264
0.195125
-0.026209
0.087897
0.135395
0.062945
-0.120711
-0.143062
0.053022
0.038971
0.099180
-0.004843
0.234299
0.029723
0.015730
-0.074516
-0.004550
0.019336
-0.091426
0.002414
-0.132001
-0.048408
-0.017169
-0.241842
-0.031873
0.037768
0.027731
-0.125854
0.217658
-0.225866
-0.140033
0.055150
-0.183058
0.031411
0.157844
0.091628
-0.147245
-0.010085
-0.243102
0.010813
-0.037547
-0.178037
-0.101328
-0.021844
-0.018376
0.091406
-0.403121
-0.124579
-0.044151
-0.104137
0.169102
0.032244
-0.108080
0.069719
-0.284721
0.053213
-0.093200
-0.088965
-0.181464
-0.028851
0.260314
-0.039385
0.093466
-0.035461
-0.025522
-0.156914
-0.077148
0.131833
0.018191
-0.080782
0.126110
-0.056643
-0.033274
0.079352
0.081705
-0.138640
0.250143
0.018062
0.078661
-0.074680
-0.192260
0.077127
-0.034558
0.258172
-0.008624
0.208435
-0.126146
0.141214
0.051446
0.218401
-0.012745
-0.264396
-0.077644
-0.134454
-0.133384
-0.227216
0.131839
0.164940
-0.170269
0.134455
0.279780
-0.012371
-0.009493
-0.087975
0.058113
-0.097494
-0.006642
0.018105
0.092953
0.241477
0.034145
0.165047
0.098139
0.188635
-0.003218
0.204809
0.071348
-0.082214
0.006229
0.042761
-0.001847
0.075253
0.098575
0.173071
0.055130
-0.064036
0.219601
0.023232
0.075914
-0.006605
-0.125701
0.146032
-0.027899
0.084492
-0.124187
0.119414
-0.036894
-0.057828
0.053986
0.286244
0.014463
0.078040
-0.255726
0.041110
-0.010718
0.063743
-0.241040
0.091637
0.026649
0.039702
0.099490
-0.044431
0.192371
-0.034215
-0.078196
0.039890
-0.200242
-0.106908
0.056057
0.002922
0.092259
-0.140739
0.101536
-0.035974
-0.007928
-0.145625
0.042971
-0.040072
0.077303
0.030975
-0.075213
0.139748
0.027510
0.088982
0.086558
-0.067040
-0.215921
0.121476
0.054624
-0.007600
-0.020529
-0.054250
0.230013
-0.100171
0.196378
0.042218
-0.150722
0.066636
0.156970
0.024539
-0.097007
-0.061151
0.040377
-0.232634
0.063016
0.027101
-0.250514
0.160695
-0.119602
0.003153
0.149120
0.347157
0.056185
0.118292
-0.206872
0.071764
0.000201
0.123797
-0.225230
-0.176863
-0.028632
0.067161
0.190482
0.109607
-0.044649
0.229089
-0.073324
0.209473
0.028472
-0.089000
0.092179
-0.097645
-0.204939
0.083850
0.124424
-0.002837
-0.203525
0.027770
-0.270824
-0.086299
-0.044782
-0.151114
0.009955
0.086999
-0.186786
0.036545
-0.049179
-0.078547
0.059456
0.085024
-0.059859
-0.030803
-0.178992
-0.143207
-0.014756
-0.069569
-0.014219
-0.008382
-0.174344
-0.005216
-0.028291
-0.103230
0.266501
0.041409
0.229130
0.059322
-0.049153
0.181475
0.180930
-0.288851
0.098767
-0.033554
-0.036590
0.105743
-0.041909
-0.061457
-0.031164
-0.169913
-0.039288
-0.185259
-0.092101
-0.139348
0.058121
-0.075171
0.128278
-0.104484
-0.046625
0.071643
0.195359
-0.024095
-0.169772
0.154340
-0.202028
-0.266563
0.173422
-0.200374
0.124506
0.024157
-0.187157
-0.058128
0.026583
-0.216489
-0.024676
0.076761
0.151838
-0.021824
0.025389
0.041119
0.101274
0.082352
-0.264146
0.130451
0.349063
0.173651
-0.094454
-0.084597
-0.110244
-0.009510
-0.065308
-0.026729
0.255786
-0.140496
0.048573
-0.002276
-0.086412
0.000133
-0.129442
-0.033675
-0.004350
0.291007
0.108442
0.092720
-0.056157
-0.046274
0.014944
-0.040246
0.150317
-0.114246
0.103070
0.068295
-0.114616
-0.084463
0.002964
0.193278
-0.133645
0.087605
0.011094
-0.114586
-0.086750
-0.067581
-0.227287
-0.075984
0.013752
-0.045463
-0.131891
-0.135892
0.160848
-0.062837
-0.122500
0.098693
-0.044897
0.138329
0.250361
-0.266377
0.127354
-0.064137
0.041338
-0.075738
0.189972
0.239067
-0.104444
-0.054190
-0.045833
0.108337
0.146441
-0.168663
0.067304
0.178709
0.193534
0.110564
-0.034609
-0.136282
-0.034737
0.053253
0.118270
0.241496
0.249887
-0.010980
0.020952
0.102729
0.250367
-0.010279
-0.004551
0.203425
-0.007731
-0.020935
0.005214
-0.021520
-0.078671
0.064023
0.125214
0.274493
-0.075761
0.118108
-0.044082
-0.060096
-0.136220
-0.081613
-0.153187
-0.068627
-0.061286
0.078495
0.022323
0.104994
-0.017905
0.028273
0.014118
0.066307
-0.251798
-0.014152
0.116599
0.072384
-0.054934
-0.257618
-0.111380
0.087448
-0.105486
-0.153216
-0.070229
0.009338
0.193228
0.016497
0.009249
-0.121129
-0.061620
-0.171443
-0.043717
-0.004639
0.212606
0.107773
0.063165
0.115782
-0.041601
-0.144890
0.018521
-0.125420
-0.293383
0.097654
0.199588
0.126614
0.006348
-0.126006
-0.147845
0.050850
0.134796
0.003943
0.175026
-0.105338
0.216777
0.219092
0.042103
0.003647
0.137645
0.112411
0.162948
0.052556
0.036222
0.121432
-0.101394
0.100474
0.035172
-0.045846
-0.291941
0.028765
-0.097135
0.136285
-0.077604
0.116786
-0.258611
-0.131166
-0.071015
0.123640
0.149794
-0.118106
0.013783
0.047277
-0.298535
-0.106173
0.180455
0.117701
0.061955
-0.097511
-0.195340
-0.071526
-0.243348
-0.117312
-0.298501
-0.206157
-0.061544
0.307483
0.140669
-0.015355
0.039139
-0.029578
-0.117206
0.032641
-0.075397
0.213677
0.179768
-0.162620
0.034458
-0.062615
0.062785
0.042785
0.004478
0.153772
0.027123
0.206645
-0.027430
-0.098264
-0.135963
0.081271
-0.263498
0.193958
-0.069904
0.158435
-0.095575
-0.041140
-0.033290
0.127863
-0.092110
-0.097220
-0.032056
0.097726
0.116680
-0.134131
-0.022305
0.097903
0.058063
0.022219
0.153941
0.249473
-0.012420
0.015199
-0.057867
0.209044
-0.134857
-0.004041
-0.173419
0.105107
0.214715
-0.024726
-0.037809
-0.047204
0.008469
-0.041996
0.137086
-0.065150
0.095697
-0.126572
0.134650
-0.066031
-0.026467
-0.088227
0.105064
0.040077
-0.005480
0.157238
-0.157931
0.012199
0.094481
0.034159
-0.212866
-0.186834
-0.140123
-0.010136
-0.004435
0.161219
-0.018097
-0.027800
-0.165903
0.176395
-0.018350
-0.219992
0.004425
-0.072791
0.025673
-0.020998
-0.230421
-0.068297
-0.323812
-0.039995
0.161862
0.106922
0.121900
0.117772
0.091624
-0.018123
-0.107169
0.002998
0.101396
0.135111
-0.129034
-0.233311
-0.094457
-0.059403
-0.078906
-0.126623
0.055791
-0.084340
0.178136
0.172089
-0.085603
-0.158710
-0.049561
0.129083
0.054426
-0.091373
-0.031082
-0.115588
0.205460
0.167177
-0.151746
0.047553
-0.106514
-0.094061
-0.136604
-0.116564
-0.126733
0.104148
-0.209766
0.115884
0.137130
-0.220846
-0.116547
0.061256
-0.315450
0.333674
0.035425
0.038095
0.061818
-0.092236
0.040963
-0.109046
0.090873
0.202091
-0.105799
-0.017081
-0.108463
0.171193
0.034218
0.115612
-0.131043
-0.160306
0.184330
-0.144208
-0.096407
0.081876
-0.011433
-0.085480
0.043728
-0.185247
0.035842
0.212529
-0.302361
-0.189468
-0.128637
0.194673
0.127673
-0.013921
0.174065
-0.005411
0.055814
-0.090263
-0.110988
-0.133859
0.015185
0.080054
0.036769
0.026459
0.075951
-0.002593
-0.130916
0.020628
0.079725
-0.239077
0.121215
0.187101
-0.109674
-0.166538
-0.119618
0.059576
0.259524
-0.137312
-0.317796
0.006673
-0.070552
0.033097
0.126102
0.039432
-0.121281
0.236732
0.211303
-0.045645
0.229186
0.023119
-0.118979
-0.108765
-0.219673
0.020055
0.027443
0.022250
0.063689
0.046824
-0.035227
-0.171438
-0.059776
-0.006210
-0.021047
0.064439
-0.106617
0.155060
0.026263
0.036268
-0.024638
-0.148617
-0.079188
0.100769
0.022735
-0.027759
0.085437
0.046238
-0.019631
0.054471
-0.061851
0.102343
0.100989
0.239040
-0.066386
0.117690
0.158541
0.206707
0.030050
0.036860
0.129246
-0.075072
-0.140984
-0.079817
-0.146024
-0.045562
-0.068451
-0.055689
0.188631
0.066401
-0.050294
0.140898
-0.000531
0.028376
0.064359
-0.202265
-0.029944
-0.111643
-0.066759
-0.010893
-0.081895
-0.056225
-0.155845
0.084908
0.022018
-0.047066
0.113376
-0.046268
0.174811
-0.042921
0.105261
0.035745
0.077491
-0.243064
0.041687
-0.123831
-0.067509
0.167236
-0.203227
0.089321
-0.157929
-0.069408
0.016378
0.141391
-0.137725
-0.102750
0.178202
0.005462
0.003184
-0.011990
0.008132
-0.052275
0.166777
-0.021190
-0.195414
0.073061
0.260911
0.269528
0.102665
-0.131030
-0.241071
-0.067104
-0.274354
0.002495
0.107610
0.196558
-0.101506
0.080041
0.147707
-0.018731
-0.055919
0.070881
-0.000474
0.044319
-0.042271
-0.054191
0.021985
0.060850
-0.083194
0.099276
-0.098604
-0.086431
-0.117261
-0.017842
-0.030970
-0.249614
-0.137375
-0.117384
-0.080755
0.130091
0.058059
-0.020627
0.143613
0.241425
-0.131346
0.185655
0.182279
0.178195
0.416043
0.002699
-0.205619
0.156042
-0.182112
-0.005849
-0.023621
-0.013272
-0.063387
0.182856
-0.008628
0.064994
0.198246
-0.104362
0.290795
-0.094429
-0.036577
0.306195
-0.115727
0.229803
0.240843
0.049582
-0.053604
-0.047234
0.140856
-0.031877
0.181332
-0.028561
0.293882
-0.026727
-0.264553
-0.254936
0.004751
-0.013634
-0.129460
-0.042634
0.046431
-0.061969
-0.096301
0.163521
-0.016132
-0.271869
0.057029
0.041119
0.046454
0.000119
-0.103824
-0.044437
-0.004706
-0.170382
-0.106452
0.070349
-0.062382
-0.219892
-0.264444
-0.139225
-0.070585
0.065953
-0.001257
-0.081694
0.101919
0.018656
0.149335
-0.127712
-0.013080
0.175038
0.070972
-0.121775
-0.034320
-0.355233
-0.181401
0.005427
-0.032092
0.121613
0.136487
0.138885
0.208914
0.057929
0.106743
0.069204
-0.111532
0.022374
0.022615
-0.016363
0.125475
-0.026917
0.147596
-0.039930
0.280474
-0.108547
0.036854
-0.028441
0.028324
0.027561
-0.041385
-0.092490
-0.123651
0.080199
0.235766
-0.174220
-0.121761
0.107011
0.083373
-0.164877
-0.098211
0.083851
0.134927
-0.050317
-0.087915
0.203063
-0.265408
0.108350
0.250902
-0.082364
-0.005449
0.040552
-0.015827
0.226896
-0.160785
0.074928
-0.073644
0.008237
0.096797
-0.052175
0.003172
-0.081875
0.217907
-0.025056
0.168438
-0.243196
-0.066249
-0.220348
0.071134
-0.140969
-0.115120
0.006228
-0.241449
-0.134751
-0.205041
-0.073034
-0.099948
0.060327
0.212649
0.109561
-0.035386
0.049659
-0.244187
0.123944
-0.009973
0.063415
0.233182
0.109396
0.029113
0.163907
-0.087467
0.083755
-0.222197
0.021617
-0.168027
0.109170
0.076855
-0.117947
-0.003067
-0.003399
-0.202622
-0.162952
-0.065038
-0.025816
-0.140642
-0.152023
0.056189
-0.047114
-0.009405
0.018174
-0.193837
0.148614
-0.179863
-0.132415
0.138703
-0.058437
0.176750
0.093879
0.051647
-0.156824
0.207400
0.258038
-0.157477
0.134781
-0.001718
0.172697
0.159041
0.074293
0.088444
0.357498
-0.148019
-0.212842
0.224277
0.023394
0.141024
0.050020
-0.028485
0.010928
0.006204
-0.105511
-0.199586
-0.006025
-0.037853
-0.024805
-0.023935
0.003376
-0.197470
-0.070421
-0.026217
-0.165582
-0.065204
0.025448
0.063513
-0.088025
-0.131618
-0.260539
0.241408
-0.099954
-0.083888
-0.212036
0.077828
0.062887
-0.032872
0.072558
-0.143383
-0.101924
0.031750
0.234227
-0.188799
-0.098615
0.187577
0.087218
-0.200553
0.089504
-0.071696
-0.067792
0.120724
0.062843
0.007527
-0.219743
-0.220959
-0.282533
0.058925
0.267688
-0.014104
0.065331
0.336741
-0.131374
0.026502
0.058235
-0.016279
0.153027
-0.009244
-0.113883
-0.050781
0.109500
-0.018825
0.004310
-0.076184
-0.049083
-0.028882
0.055048
-0.264940
-0.023412
0.248595
-0.074183
0.053326
0.124709
-0.082774
0.154787
0.119342
0.205652
0.078884
0.018187
0.111426
0.013642
0.264691
0.155661
0.121027
0.163039
0.016093
-0.038889
-0.011928
0.149486
0.024139
0.016392
-0.022089
0.128208
0.021281
0.048598
0.158954
0.019509
0.189824
-0.010996
-0.004005
0.076078
0.140193
-0.056127
-0.105215
-0.061016
0.027171
-0.173430
-0.272024
0.097568
-0.324211
-0.115221
0.267890
0.084235
0.167670
0.261389
0.197607
-0.189344
0.032062
0.104057
0.251608
0.056618
0.049334
0.030384
0.104995
-0.018130
0.099119
0.233296
0.055061
0.105999
0.205801
0.143029
-0.267635
0.168570
-0.115715
-0.180782
0.062312
0.146807
-0.173474
0.049021
-0.267497
0.029420
0.016029
-0.058690
-0.159401
-0.010930
0.065830
-0.027348
0.194717
0.103251
-0.052689
-0.331096
-0.235187
0.148216
-0.057503
0.126582
0.231954
-0.015016
-0.013956
-0.029675
-0.117531
-0.139516
-0.143446
0.011685
0.119735
0.238096
0.171252
0.053882
-0.088681
-0.071179
-0.266809
0.064092
-0.123000
0.176105
0.000790
0.041778
0.032070
0.068219
-0.052104
0.083402
0.144136
0.063158
-0.220647
-0.092353
-0.007471
-0.057226
0.051721
-0.010597
0.038194
0.238320
0.054390
0.130542
0.192329
0.099430
-0.016864
-0.062349
0.060654
-0.138324
0.552229
0.288188
0.132445
0.069235
0.012281
-0.108541
-0.008567
0.164696
-0.091300
0.051680
0.120896
0.188320
0.033113
0.216865
0.047203
-0.153331
0.121567
-0.075770
0.017921
-0.121098
-0.066561
-0.290298
0.017300
0.114284
-0.038201
-0.300869
-0.073492
0.016864
-0.121257
-0.126163
-0.131477
0.041973
0.049034
0.055810
-0.205575
0.016558
0.037309
0.017294
-0.118227
-0.069720
-0.221740
-0.126890
0.019252
-0.007213
-0.103875
-0.124186
-0.173909
0.304771
0.123187
-0.044453
-0.256686
-0.062069
-0.151810
-0.198595
-0.146154
-0.160689
-0.093583
0.023786
0.207990
-0.001947
0.038427
-0.153725
0.018513
-0.055686
0.058710
0.178095
0.040578
0.086533
0.021243
0.139368
0.098968
0.167053
0.011364
-0.020547
0.046704
0.019937
0.058168
0.052961
0.380697
0.022349
-0.039160
-0.119543
0.063810
-0.136573
0.045477
-0.104477
0.231891
0.137099
0.028185
-0.178883
0.007253
0.012321
-0.013475
-0.086704
-0.133641
-0.023520
-0.020989
0.126589
-0.090219
0.051942
-0.180932
-0.123642
0.327607
0.031750
-0.058216
-0.145451
-0.071779
-0.190359
0.016720
-0.061916
0.032132
0.068750
-0.210619
-0.017814
-0.017729
0.033536
-0.178177
-0.060846
-0.123525
-0.051971
-0.126618
-0.003983
-0.217930
-0.073769
-0.034645
0.262649
-0.079101
-0.027371
0.071073
0.215902
0.072431
0.187629
-0.086697
-0.117490
-0.039367
0.044512
0.139333
-0.012355
0.244377
-0.152052
0.065177
-0.146870
0.055184
-0.073843
0.151460
-0.013720
-0.109604
0.009312
0.211396
-0.021304
0.023159
0.013985
0.050260
-0.114819
-0.044428
0.049353
0.024220
-0.101014
-0.127306
-0.078067
0.232585
-0.012304
0.019809
-0.228719
-0.207158
-0.153652
0.108941
-0.053230
0.065232
0.112196
0.181222
-0.011435
0.077840
0.138256
0.252142
-0.042599
-0.097811
0.141904
-0.182152
0.012569
0.177843
-0.048349
0.236084
0.164715
0.024318
0.084333
0.008146
0.140682
-0.053402
-0.133003
0.127005
-0.080041
-0.098069
-0.097101
-0.249887
0.013295
0.115231
0.076389
0.030526
-0.210639
0.017899
0.068593
-0.082894
0.111301
0.062219
0.104988
-0.109974
0.007004
0.014369
-0.046807
-0.049990
0.102303
0.098788
-0.088978
0.197030
0.018462
0.045450
0.136294
0.131200
0.125182
0.176938
0.159251
-0.187215
-0.158684
-0.479921
0.083286
0.000454
0.105696
0.126742
0.075714
0.159469
0.185166
0.077259
-0.105019
-0.270029
-0.018441
-0.059891
0.027606
-0.034257
0.238320
0.163700
0.007044
0.285547
0.014004
-0.057309
0.106465
-0.019788
-0.077551
0.270377
-0.024875
-0.076631
-0.097661
-0.193580
0.109862
-0.034627
-0.016036
0.020836
-0.455096
-0.131153
0.004442
-0.179619
-0.051494
-0.242204
-0.093323
-0.044599
-0.195262
-0.069444
0.094861
-0.031029
0.032357
0.054887
-0.070978
-0.107537
0.027246
-0.103844
-0.214584
0.189415
-0.076002
-0.145904
-0.004166
0.027856
-0.240566
0.191920
-0.047468
0.193884
-0.007657
0.129238
-0.122005
0.148920
-0.220976
0.113333
0.090773
0.144457
-0.028081
-0.029312
-0.024022
0.253407
-0.055040
-0.019893
0.037785
-0.101450
0.028226
0.000029
0.069319
-0.049968
0.017755
-0.010473
-0.138499
-0.186048
-0.012542
0.133710
0.122031
0.103534
-0.104697
0.209948
-0.001097
-0.181472
-0.060375
0.082254
0.017445
-0.179209
0.002368
0.040860
-0.065922
0.141459
-0.064592
0.093225
0.029306
-0.112097
-0.119671
0.120354
-0.049391
-0.025171
-0.008792
-0.147218
-0.140217
-0.187958
0.029623
-0.211461
-0.050427
0.068356
0.155288
0.005408
0.086276
-0.134765
-0.035458
0.033340
0.371930
-0.114397
0.035166
0.107504
0.223613
0.001402
-0.149889
-0.471855
0.075398
0.011777
0.054302
0.069356
0.113596
0.011011
0.164121
0.014361
0.248167
-0.007806
0.017169
-0.053281
0.160483
0.102563
0.021355
-0.025866
-0.029502
-0.081351
-0.046429
-0.275871
-0.092479
-0.039823
-0.089918
0.155471
0.088176
0.177006
-0.082311
0.169137
0.095874
-0.150369
0.162222
0.009032
0.099178
0.023446
-0.122607
0.188659
-0.111176
0.045846
0.051387
0.080275
-0.234578
0.010263
-0.054140
-0.051621
0.077463
-0.005378
0.079576
-0.085873
0.145456
0.125186
0.101369
-0.083133
-0.097691
0.053523
-0.058298
0.021559
0.025554
-0.063920
-0.042668
-0.074747
-0.026974
-0.110405
0.012104
0.077278
0.121755
-0.201409
-0.223293
-0.079584
-0.111747
-0.146433
-0.126330
-0.109955
0.151768
-0.005690
0.096176
0.131557
-0.070720
0.210187
0.012568
-0.176491
-0.071661
0.174167
0.151474
-0.088639
-0.182261
0.116656
0.016685
0.114799
0.048000
0.063429
-0.041011
0.263187
-0.047863
0.015117
0.085484
0.182786
-0.030543
-0.008913
0.067931
0.040169
-0.131557
-0.204639
-0.077868
0.237644
0.124442
0.181815
-0.061503
-0.260095
0.219788
0.211303
-0.168027
0.082425
-0.029224
-0.014100
-0.114146
-0.044365
0.126495
-0.088586
0.033049
0.233752
0.042568
0.043415
-0.073266
0.180426
-0.143861
-0.078901
0.038314
0.008229
-0.062777
0.027734
0.247766
-0.144177
-0.126105
0.112453
-0.025039
0.189939
0.153151
0.015663
-0.155819
-0.096359
0.133984
0.109801
0.234473
-0.084682
0.118103
0.008762
0.293735
0.087716
-0.023437
-0.080120
-0.125997
0.020445
-0.076592
0.124908
-0.131632
-0.076414
-0.002364
0.134245
-0.115677
0.065348
0.071591
-0.016873
0.324696
0.024452
0.021681
-0.017457
0.225810
0.253156
-0.191025
0.006214
-0.089089
-0.049439
-0.127792
-0.015656
0.115254
-0.071749
0.004703
-0.072530
0.080091
-0.032939
0.144782
-0.134648
-0.159260
0.006199
-0.008783
0.113530
0.099714
0.034885
-0.050628
0.087205
-0.116065
0.025515
-0.059854
-0.167803
-0.132037
-0.055783
0.097765
0.112381
-0.095149
0.079837
-0.105027
-0.194542
0.189804
0.122755
-0.465639
-0.180713
0.185404
0.069739
0.075205
-0.030750
-0.188296
-0.116223
0.119202
0.090726
-0.132885
0.016938
0.246971
-0.025656
0.136309
-0.180200
0.077862
-0.042436
0.297357
0.074549
0.408625
0.145942
-0.216159
0.148066
0.196161
0.111250
-0.038459
0.026960
-0.041712
-0.274375
-0.205751
0.122572
-0.055086
-0.107859
-0.083844
-0.037296
0.026243
0.185099
0.041562
0.184411
-0.073016
0.045349
0.346838
-0.245057
-0.020971
-0.075104
-0.097393
-0.121709
0.198190
-0.027699
0.129381
-0.114557
0.109311
-0.028596
-0.153469
0.025565
0.245571
-0.021003
0.189280
0.149912
0.108642
0.106429
-0.076687
-0.139225
-0.195099
0.039701
-0.230272
-0.031759
0.057696
0.026376
-0.147074
-0.233572
0.177664
0.071910
0.140210
-0.082540
0.040119
0.035253
0.040741
0.016577
0.174878
-0.095954
-0.090054
0.097360
-0.003659
0.040299
-0.097572
0.113043
-0.145652
0.070377
0.066002
-0.086553
-0.161664
0.038711
0.015017
-0.185772
0.098562
0.193478
-0.058358
-0.060143
-0.160271
0.136448
-0.381167
0.001880
0.052101
-0.190157
0.136467
0.061257
0.067610
-0.089963
0.173778
0.006991
0.101260
-0.030283
0.031072
-0.168982
0.104165
-0.127318
0.006239
-0.090782
-0.118670
-0.085709
0.035625
0.007583
-0.180134
-0.045696
0.085530
-0.184614
0.066777
0.109799
-0.018964
0.113345
-0.157566
0.017820
0.079593
0.191405
-0.369271
-0.159885
-0.039247
0.040192
-0.067143
0.121827
-0.221963
-0.019898
-0.020748
0.069282
-0.033657
0.111251
-0.052236
0.008815
-0.115847
-0.192058
-0.175814
0.021699
0.115404
-0.066658
0.126106
-0.224653
0.036422
0.058724
-0.080886
-0.043125
0.028230
-0.231924
-0.101770
0.074642
0.048419
-0.094253
0.000185
-0.098574
-0.231795
-0.032540
0.008268
-0.073879
-0.011142
0.171641
-0.163968
0.041996
0.040252
0.043205
0.006178
-0.177181
-0.066222
0.325567
-0.093762
0.082833
-0.008283
-0.206919
0.013816
0.134211
-0.013271
0.189535
-0.003057
0.039119
-0.329587
0.067312
0.024866
-0.133834
-0.181584
-0.011619
0.200321
0.027868
0.102787
0.026057
-0.138504
0.091822
-0.219294
0.161209
-0.092046
0.075850
0.112625
-0.076331
0.083378
0.125801
-0.187816
-0.089327
-0.178815
-0.098441
0.140867
-0.015109
-0.053147
-0.017305
0.040086
0.087784
0.186812
-0.326608
-0.010319
-0.042023
-0.004299
-0.111354
-0.014838
-0.182132
-0.002216
0.188822
0.035135
-0.030794
-0.080122
0.150346
0.117199
-0.321691
-0.108751
-0.103294
-0.065616
-0.008693
0.021130
-0.188175
0.032435
-0.048647
0.022784
0.030160
-0.073324
0.107941
-0.101012
0.125793
0.231111
-0.112222
0.287644
-0.108440
-0.196829
-0.024700
0.006967
0.099591
-0.004336
0.112712
-0.195154
-0.048954
-0.065003
-0.201002
0.223883
-0.138205
-0.042056
0.044080
0.005965
0.059617
-0.074153
-0.053204
0.078635
-0.093057
-0.003383
-0.015872
0.083380
-0.040148
0.219963
-0.321288
0.141225
-0.118425
0.227488
-0.115143
-0.001114
0.080073
0.022702
0.033071
0.024851
0.069229
-0.027619
0.077262
-0.111593
-0.085128
0.105471
0.241160
-0.248359
0.079216
0.016057
-0.281881
-0.155464
0.036005
-0.064189
0.190442
0.059664
0.045635
0.020679
0.015777
0.051190
0.091767
-0.022843
0.038737
-0.030124
-0.118910
0.107705
0.106924
0.062214
0.021750
0.092209
0.023280
-0.157621
-0.264153
-0.012333
0.092240
0.146073
0.193128
-0.065311
-0.211000
-0.164977
0.038547
-0.006442
-0.102108
0.060785
-0.382937
-0.407467
0.042886
0.095217
-0.033065
0.256549
0.029449
0.233093
0.029294
0.299331
-0.046772
0.069139
-0.063014
0.319500
-0.281806
0.233270
0.149982
-0.104555
0.094192
0.184044
0.048489
0.081436
-0.108576
0.113854
0.172013
0.101295
0.120796
0.143805
-0.113089
0.081367
-0.144917
-0.039125
0.036497
-0.116704
0.351276
0.148786
-0.134322
0.128924
-0.172595
-0.118249
0.083836
-0.232582
-0.133103
0.042025
0.090037
-0.264214
-0.054564
0.130387
-0.082369
0.169191
0.078349
-0.092589
-0.126932
0.073724
0.021820
0.150636
0.005935
-0.005542
-0.235402
0.015762
0.077297
-0.015973
0.271053
0.183174
-0.005827
-0.054230
0.091415
-0.214280
-0.003263
0.140748
0.176932
0.027129
-0.074626
-0.034010
-0.209239
0.010622
-0.227899
-0.001640
-0.309541
0.024812
-0.199995
0.048751
0.047395
0.198803
-0.023059
0.032385
0.282203
0.106516
0.002215
0.197450
0.133873
0.163501
0.200549
0.174033
0.011356
0.185175
0.015733
0.253840
0.138090
-0.242110
-0.131321
-0.002319
0.129741
-0.074737
0.094321
-0.287593
0.165020
-0.006402
0.098011
0.160214
0.000164
0.183564
0.103557
-0.012122
0.173733
-0.124186
-0.042640
-0.028176
0.100117
0.125405
0.003628
-0.246292
0.107266
-0.110542
0.331924
-0.172059
0.252268
0.044633
-0.010435
-0.162119
-0.068984
-0.031897
-0.138646
0.108549
0.004934
-0.296448
-0.297793
-0.168171
0.051932
-0.006415
-0.073734
-0.121474
0.123308
-0.106625
-0.027409
0.106420
0.370896
0.143659
-0.337426
0.133531
-0.220733
0.158846
0.005656
0.038315
-0.112379
-0.046332
0.072417
-0.099675
0.112012
-0.131612
-0.210268
-0.015913
0.064930
-0.019024
-0.082150
0.130112
0.059154
-0.096051
0.068556
0.135284
-0.150846
0.011427
0.086200
-0.247443
0.106908
-0.018843
0.201258
-0.029450
0.069032
-0.234707
-0.147781
0.097351
0.354877
-0.167055
0.054807
-0.121050
0.019805
-0.189686
0.131844
0.046416
0.125164
0.096120
0.115108
0.170286
0.020328
0.169953
0.094665
-0.018769
0.028379
-0.053562
-0.163053
-0.235709
-0.088720
0.139854
0.179648
0.028824
-0.051076
-0.168575
0.105353
-0.013041
0.027482
-0.117208
-0.128588
-0.140024
0.106300
0.028077
0.020068
0.031625
0.055826
-0.063849
-0.059337
-0.014968
0.031438
0.325118
-0.091432
0.204108
-0.106919
0.118641
0.117468
0.078139
-0.243910
-0.256264
-0.023615
-0.093035
-0.078170
-0.099421
-0.116522
0.098993
0.326319
0.036708
-0.057836
0.053540
-0.057737
0.023214
0.078625
0.041716
-0.191220
-0.039665
0.011197
-0.295994
-0.111858
0.063812
0.139167
-0.051572
-0.058468
-0.201726
0.001128
0.152778
0.059138
-0.151205
0.111873
0.000998
0.102070
-0.033702
-0.007835
0.034182
0.007870
0.051766
0.183239
-0.126291
0.201809
0.011015
0.135471
-0.084008
-0.009331
0.096107
0.013716
-0.073108
0.035178
-0.047969
0.091163
-0.002882
0.009482
-0.053733
-0.143883
0.005807
0.013909
-0.177468
0.160680
-0.053206
-0.203630
-0.035874
-0.134851
0.152336
0.344521
-0.018049
-0.136253
-0.080407
0.081013
-0.092477
0.133632
-0.077959
0.053973
0.018342
-0.122415
0.155450
-0.233969
0.024222
-0.111123
0.188538
-0.150173
0.169306
0.041636
-0.154891
0.204407
-0.070389
0.018257
0.083216
0.003327
0.200410
-0.156214
-0.043789
-0.142601
0.022555
-0.157278
-0.188261
0.049791
-0.100983
0.082160
0.029424
0.129450
0.125552
-0.046032
-0.171035
0.021260
0.075345
0.096041
-0.100918
-0.092120
0.154979
0.169024
-0.077534
0.055892
0.129536
-0.206646
-0.001546
-0.278655
0.018225
-0.228691
-0.007867
-0.189938
-0.040903
-0.097165
-0.057623
-0.014817
0.188150
0.261416
0.057954
-0.116352
-0.150409
0.059223
0.059440
-0.025786
0.020457
-0.178937
-0.119618
0.072659
-0.180450
-0.048375
-0.336369
-0.413074
0.043890
0.019857
-0.040982
-0.001914
-0.053856
-0.001567
0.068920
0.067004
-0.038602
-0.058278
-0.077288
0.077140
0.098631
0.046920
-0.052420
0.096637
-0.000456
-0.238334
0.038630
-0.155278
0.078281
-0.114758
-0.168951
0.071418
0.356027
-0.184111
-0.176656
-0.137009
0.217139
-0.060167
0.141439
0.188766
-0.376032
0.015965
-0.161485
-0.296702
-0.300005
0.103597
0.089005
0.174768
0.051011
0.059351
-0.037106
-0.048263
-0.215830
0.081764
-0.008935
0.035418
0.072342
0.212772
-0.295291
-0.143340
-0.238987
0.143327
-0.016549
-0.007388
-0.214677
0.139695
0.180222
0.015182
-0.043315
0.074970
-0.203055
0.099480
-0.048432
0.127364
-0.120495
0.172499
0.042818
-0.116572
0.060298
0.041737
0.110603
0.203672
0.088739
-0.013163
-0.229430
0.086732
-0.170084
0.022642
-0.005440
-0.196443
0.060603
-0.059142
-0.088927
-0.066169
-0.024214
-0.309625
-0.167907
0.005788
0.046132
0.097567
0.124029
0.157819
-0.091224
0.020995
-0.000075
0.242579
0.000701
-0.074669
0.239765
-0.042981
0.017956
-0.200297
-0.054256
-0.122903
0.095661
-0.111749
0.004444
0.019993
-0.053568
0.044064
-0.064237
0.273907
0.138205
-0.115261
-0.083186
0.119288
0.175753
0.224950
0.128708
0.048749
-0.002967
-0.019355
0.136080
-0.080262
0.027847
-0.053111
-0.325602
0.072132
-0.037901
-0.183445
-0.210036
-0.136160
-0.055445
-0.094915
-0.068273
-0.009165
-0.041964
-0.090064
-0.064640
-0.243215
0.014824
-0.006782
0.076358
-0.009172
0.045431
0.032820
-0.071839
-0.008461
-0.107522
0.092329
0.162203
-0.116159
0.070701
0.110367
0.112376
0.087120
-0.116311
0.268334
0.004449
-0.009278
-0.137638
-0.026225
0.053352
0.055653
0.144871
-0.138312
0.397031
0.266043
-0.056174
0.070345
-0.242600
-0.052398
0.092092
0.078648
0.290251
0.117364
-0.228449
0.016578
0.256727
-0.104172
0.213377
0.070432
-0.151039
-0.042188
-0.215916
-0.112448
-0.026060
-0.026943
0.060680
0.098508
-0.052867
-0.120729
0.016020
-0.156521
0.045251
0.194609
0.044104
-0.172676
0.111363
0.168270
-0.170423
0.163873
0.065924
-0.238525
-0.076294
-0.013067
0.075023
-0.211177
-0.130707
-0.012003
0.059829
0.030138
0.125704
-0.125998
-0.236158
0.166828
0.172662
-0.071128
0.063547
0.302030
-0.184037
-0.079884
-0.224280
-0.050794
0.054793
0.114313
0.050974
0.142349
-0.073412
-0.052298
0.089146
-0.234134
-0.016424
0.084377
-0.070142
0.146353
0.143404
0.045055
-0.146377
0.004675
-0.111740
-0.197554
-0.097097
-0.142023
-0.028038
0.127469
0.036544
0.143164
0.128751
0.094831
0.255115
0.086038
0.428610
0.329845
0.043847
0.252133
-0.160331
-0.037271
-0.197000
0.047938
-0.077810
-0.061024
-0.042579
-0.061905
-0.033856
0.015976
0.054151
0.021952
-0.129858
-0.090052
-0.079151
0.066424
0.010639
0.068092
0.039885
-0.303704
0.259124
-0.150888
0.233504
-0.024452
0.241782
-0.012345
-0.068553
-0.000158
0.103696
0.084265
0.006061
-0.190422
0.068773
0.006002
-0.081080
0.101680
0.025873
0.004949
-0.138457
0.053826
0.057251
-0.185955
0.193569
0.145827
-0.323631
0.238673
-0.284128
0.032354
0.251202
0.031278
-0.261696
0.177385
-0.263563
-0.071894
-0.096885
0.114752
-0.225480
-0.040370
0.050282
-0.167524
0.021695
-0.104486
-0.122253
0.065622
-0.074053
-0.168677
0.160545
0.020921
-0.054820
0.095297
-0.015524
0.000042
0.098570
0.129761
-0.165121
-0.080287
-0.128231
-0.107500
0.051166
-0.052395
-0.054378
-0.235815
0.347344
-0.167288
-0.031873
-0.028467
0.166831
-0.010506
0.112444
-0.075317
-0.045914
0.009697
-0.215219
0.035490
-0.177644
-0.094593
0.248843
-0.138927
-0.030496
-0.145120
0.119740
-0.011074
0.013133
-0.022853
0.182337
0.266781
0.024959
0.043363
-0.175686
0.230249
-0.064667
-0.023377
0.002997
0.082942
-0.060979
-0.030187
0.054990
0.103496
0.032136
0.026903
0.024550
-0.064588
0.149239
-0.026865
0.278768
0.095896
-0.231392
0.020059
0.083506
0.239169
-0.004670
0.074843
0.046533
0.088730
0.178212
-0.166758
-0.072675
0.029633
0.021388
0.065534
0.057515
0.064700
-0.105258
-0.132398
0.071579
-0.060968
-0.095681
0.083402
-0.126252
0.275801
-0.097543
-0.017353
-0.113578
0.173585
0.128099
0.019103
0.209396
-0.083464
-0.032280
0.113534
-0.021756
0.175959
0.249085
-0.177870
-0.043558
-0.126256
0.184508
0.020489
-0.051062
0.080469
0.052617
0.028315
-0.084331
-0.132934
0.136399
-0.215353
-0.160961
0.260119
0.054399
-0.081227
0.109981
-0.241805
0.022921
-0.062637
0.022659
-0.111220
0.062425
-0.015480
-0.074555
0.120344
-0.073678
-0.111865
0.138583
0.252543
-0.098937
-0.023119
0.048477
-0.286971
0.088345
0.047949
0.191591
-0.054850
0.129582
-0.078276
0.207824
-0.039918
0.085703
0.161896
-0.219928
0.062450
-0.051735
-0.099863
0.131308
-0.036891
-0.054970
0.098566
-0.004387
-0.026034
0.073769
-0.115566
-0.047201
0.095363
0.205129
0.016309
0.090055
-0.112937
-0.162310
-0.191153
0.097205
0.032194
0.048148
-0.060349
-0.159641
0.024393
-0.008970
0.134763
0.021194
-0.018749
0.094560
-0.117695
0.209412
0.185993
0.185429
0.195374
0.124054
0.053112
0.029642
0.088360
0.037846
-0.028843
0.154746
-0.075669
-0.124622
-0.087104
0.008130
0.140310
-0.208514
0.364210
0.199180
0.020268
-0.124556
-0.068250
0.005070
0.016074
-0.081707
-0.028384
0.004933
-0.150603
0.033499
0.102437
0.100949
-0.018651
-0.120076
-0.038991
-0.213101
-0.079006
-0.030366
-0.041822
-0.100778
0.013461
0.185038
-0.301149
-0.023948
-0.086019
-0.104469
-0.014420
-0.002188
-0.090366
-0.053994
0.119545
0.012756
0.074794
-0.118415
0.147316
-0.073437
0.223521
0.106506
-0.256009
-0.047619
0.117866
-0.223420
0.033699
-0.064251
0.227117
-0.067459
0.068791
0.200538
0.012751
-0.070945
-0.124305
-0.095720
-0.015594
0.104551
0.116882
-0.055073
-0.002023
0.108325
0.030587
0.059943
-0.105647
0.194996
0.059895
0.031742
0.189817
0.005725
-0.025812
0.008613
0.081728
0.068683
0.059123
-0.069326
-0.042805
0.200019
-0.182637
-0.082577
-0.246109
0.160754
0.293388
0.093966
0.084007
0.131127
-0.054998
-0.132988
-0.016819
-0.077035
0.061045
0.064885
-0.090928
-0.095583
0.227429
0.114212
0.057282
-0.042878
0.029057
-0.225899
-0.126253
0.004989
-0.040890
-0.097701
-0.062762
-0.124561
-0.147882
0.029726
-0.017469
0.009577
0.039570
-0.136267
0.136765
0.085646
0.292035
0.193653
0.025425
-0.114165
0.318170
0.156032
0.032707
-0.034744
-0.168432
-0.199370
-0.156613
-0.268500
0.023088
0.044359
0.145397
0.073182
0.018591
0.055102
-0.019661
-0.129201
-0.075681
0.112183
-0.091321
0.057284
0.146310
-0.001625
-0.016377
0.093908
-0.045891
-0.204985
0.049244
0.034934
0.063260
0.034256
-0.068101
-0.344247
0.177035
-0.159192
-0.115431
0.035404
-0.113862
0.013395
-0.086679
-0.081873
0.216735
-0.097240
-0.031833
0.186499
-0.018870
0.240096
0.084793
0.239081
0.072049
-0.076070
0.173026
0.085159
0.054737
-0.030847
-0.148787
-0.051790
-0.177006
-0.097648
-0.018566
0.065827
0.098812
-0.012114
0.046417
0.096179
0.258021
-0.068773
-0.010782
-0.102935
-0.075340
0.124841
0.086542
-0.110173
0.052711
0.174796
-0.033173
0.093395
0.070310
-0.146741
-0.057544
0.056121
-0.168663
-0.008986
-0.112756
-0.048898
-0.065331
0.145731
-0.023377
0.029058
-0.117760
-0.011200
0.151149
-0.035214
0.072007
0.091874
0.092025
-0.073327
0.249982
0.098650
-0.061594
0.087338
0.134680
0.174820
0.303014
-0.046890
0.007760
-0.178696
0.024188
0.114959
0.031071
-0.186738
-0.095885
0.045141
0.101609
0.167094
-0.010097
0.157442
-0.096265
-0.005706
0.104286
0.164848
0.060260
0.279462
0.070567
0.038143
-0.101918
0.100559
0.297075
0.060981
-0.102320
0.199138
0.032704
0.041433
-0.056472
-0.201631
0.171868
-0.161935
-0.011451
-0.022801
0.048427
0.070176
0.063167
0.335715
-0.024243
0.045981
0.070769
0.004826
0.160942
0.283138
-0.105592
0.005389
0.104401
0.041056
-0.000395
0.064184
-0.317065
0.046471
-0.096269
-0.022206
0.027166
-0.305831
-0.132476
-0.129552
-0.080614
-0.018660
0.069489
0.017152
0.181209
0.107838
-0.138926
0.118114
0.231780
0.040559
0.081047
0.130587
-0.092120
-0.005253
-0.135981
-0.004625
-0.380129
-0.026315
0.072213
0.042652
-0.083843
0.283288
-0.033003
-0.189732
-0.202292
-0.136695
0.204197
0.024775
-0.053789
0.164685
0.245189
-0.157223
0.093670
-0.025007
0.193169
-0.137519
0.016336
-0.025115
-0.039252
0.008493
0.061580
0.207737
-0.006819
0.000827
-0.235371
-0.163730
0.000220
-0.044120
-0.098564
0.142658
-0.083173
0.102617
-0.062023
-0.229632
-0.043398
0.121561
0.041084
-0.014483
0.099767
-0.275941
0.027372
-0.006081
-0.397913
-0.146147
-0.031509
-0.258893
0.002809
-0.117997
0.165455
-0.083160
0.147453
-0.102740
0.175560
0.130914
0.031147
0.161111
0.207261
0.013072
-0.029581
0.150522
-0.312042
-0.127546
0.041800
0.066070
-0.048632
-0.041629
-0.055909
0.149488
0.116442
-0.021751
-0.272582
0.167838
-0.154276
0.008409
0.054517
0.195824
-0.021366
-0.071555
0.158003
-0.176686
-0.010410
-0.013383
0.106945
-0.202103
-0.066219
-0.094053
0.117951
-0.006932
0.099999
0.166692
0.154716
0.032018
-0.112857
0.015158
0.063989
-0.154206
-0.229698
0.140062
0.054064
0.137094
-0.006542
0.088181
-0.014345
-0.050492
-0.028719
0.055167
-0.110909
-0.101246
-0.092899
-0.144385
-0.012540
0.031337
-0.148126
0.071382
0.054192
0.046648
-0.027259
-0.176228
0.059853
-0.078478
0.162069
0.072830
-0.205501
0.009503
-0.054591
-0.049824
-0.215989
0.340787
-0.184865
-0.029357
0.105836
0.042028
-0.043061
0.003237
0.028259
0.184795
-0.064407
-0.141827
0.111394
0.049006
-0.045066
-0.148130
0.159672
-0.000844
-0.040751
0.006212
0.268977
-0.153889
0.320805
0.037888
-0.070853
0.058555
-0.011481
-0.030549
0.061518
0.019715
-0.053772
-0.028158
-0.082837
-0.088771
0.146114
0.066640
-0.028287
0.021274
-0.118364
-0.106049
-0.002007
-0.028410
-0.051435
-0.077626
-0.130924
0.159322
0.071663
0.083856
0.016898
-0.218213
0.305081
0.270316
0.064978
0.172586
-0.138640
0.032348
0.278756
-0.125505
-0.053567
0.005024
-0.034575
-0.102970
0.107659
-0.081610
0.200467
-0.204145
-0.006662
0.279392
-0.197372
-0.078242
0.162545
-0.104272
0.031687
-0.227768
0.005304
0.063120
0.332772
-0.008210
-0.117593
0.171873
-0.098856
0.209003
-0.043148
-0.005780
-0.026634
-0.133923
-0.079452
0.115910
0.075971
-0.230043
0.038411
-0.170871
0.030558
0.100606
0.168795
0.005337
-0.090548
0.170643
0.304374
-0.007843
-0.101179
-0.070312
0.166163
-0.096632
-0.102053
-0.067301
0.068025
-0.031922
-0.029383
-0.042526
-0.101882
-0.028357
-0.059475
-0.025509
0.206169
-0.220921
-0.261900
0.027671
0.095526
-0.058126
-0.058523
0.068729
0.289577
0.143241
-0.071147
-0.109079
0.054048
0.149028
0.157889
0.115899
-0.135144
0.221581
-0.091885
0.188813
0.152263
0.020938
-0.198275
-0.115563
-0.109369
0.074201
0.221591
-0.127556
0.181306
0.023057
-0.030408
0.006194
0.059369
0.035895
-0.211529
0.133619
0.227742
0.059406
0.281374
0.352709
0.264365
0.095867
-0.183362
0.039476
0.132249
-0.043483
-0.172943
-0.165015
0.088295
-0.077164
-0.035993
0.014678
0.147489
-0.052537
-0.018365
0.000656
-0.052520
0.187924
-0.085486
-0.005906
-0.040474
-0.114395
0.023820
0.208559
-0.031107
-0.088213
-0.024920
0.041074
0.029593
-0.151798
0.212650
-0.185821
0.063943
0.020356
-0.168918
0.059861
0.004161
0.165862
-0.033905
0.050520
0.025903
0.296386
0.060673
-0.040950
-0.077415
-0.105980
0.061101
-0.042724
-0.186111
0.044501
-0.001315
0.265547
0.149706
0.096908
-0.042691
-0.076758
-0.115137
-0.058689
0.043825
-0.186738
0.085299
0.178695
-0.136946
0.104037
0.313234
-0.174804
-0.077394
0.270483
0.206776
-0.325678
0.055638
-0.086002
0.146355
-0.276965
0.240612
0.015866
-0.023253
-0.100137
-0.061062
-0.151595
0.172481
0.112280
-0.000826
0.198683
0.047871
-0.447666
0.190384
-0.217546
-0.124700
0.050483
-0.087733
-0.151261
0.053189
-0.154141
-0.047127
-0.022088
0.011258
-0.129812
0.180068
-0.055021
-0.112381
0.110665
-0.105463
0.085419
0.011040
-0.023637
0.112256
0.172030
0.062839
0.007242
-0.308633
0.214679
0.175233
0.126975
-0.182562
0.075233
-0.098414
0.030998
-0.161426
0.043027
0.028955
-0.102204
0.129158
0.233687
-0.115588
-0.140361
0.082239
-0.102942
0.120085
-0.059776
0.004434
-0.071380
-0.078049
0.016956
-0.144108
0.214547
-0.060288
0.044636
-0.010836
-0.087740
0.063528
0.039796
0.413784
0.004212
-0.042588
-0.111761
0.239608
-0.129755
-0.038730
-0.107399
-0.070393
-0.076828
0.001042
-0.002361
0.337793
0.006845
-0.126704
0.045052
0.160530
-0.131682
0.231542
-0.022278
0.137655
0.160405
-0.047535
-0.014404
0.336526
-0.081690
0.060090
0.152607
-0.123868
-0.176991
-0.053056
-0.150218
0.031935
0.086294
0.087916
-0.126497
0.151820
0.085059
0.025846
0.112469
-0.187699
0.050683
0.022586
-0.245872
-0.090815
-0.037465
-0.088878
-0.133215
-0.066803
0.028958
0.074791
-0.062029
-0.003879
0.087188
-0.154851
0.005389
0.105456
-0.118498
-0.068749
-0.012291
0.177129
0.158987
0.212534
0.059092
0.161675
-0.075805
-0.079076
-0.047714
0.072233
-0.010428
0.163574
0.160757
-0.065743
-0.171504
0.034787
-0.030345
-0.045441
-0.029861
-0.126717
0.077643
-0.015827
0.004513
0.302370
-0.040456
-0.077630
0.117804
0.183705
-0.037547
0.031789
-0.104284
0.025875
0.216127
0.104404
0.251983
0.084567
-0.040357
0.167859
-0.073253
-0.012421
-0.085673
0.213174
0.086689
0.093265
0.194228
-0.040790
0.097036
0.154851
0.183483
-0.137701
-0.060609
0.012448
-0.006639
0.043363
0.066448
0.061814
0.114237
-0.215577
0.018557
-0.132134
0.116059
0.141136
0.007977
0.045995
-0.092374
-0.081753
-0.259871
0.039907
0.154021
0.267442
0.050206
-0.077700
0.222609
-0.111696
-0.106813
0.136033
-0.201587
0.028886
0.225561
-0.011837
0.203522
0.044315
-0.296538
0.046647
-0.316023
-0.170172
0.182227
0.024410
-0.030995
0.067863
-0.134631
-0.130253
-0.044251
0.014228
-0.231776
0.120304
0.013891
0.210040
-0.063812
0.002914
0.055702
-0.102134
-0.017598
0.087376
-0.015735
0.045501
-0.000042
-0.314704
0.213958
-0.193601
0.199742
0.151441
-0.016421
0.191266
-0.094298
0.057010
0.147116
0.013454
0.102526
0.100623
0.012106
-0.057559
0.086500
0.064561
0.071666
-0.105968
-0.150203
0.202323
0.100116
-0.042752
0.210017
0.188906
-0.127482
0.207441
0.036756
-0.021196
0.190016
0.120400
-0.007218
0.181785
0.005465
-0.075903
-0.007785
0.018784
0.038103
0.002515
-0.121159
-0.026839
0.006115
-0.066185
-0.044098
-0.062517
-0.172334
-0.183572
0.062086
-0.027150
-0.122569
-0.098663
-0.223666
0.149661
0.019784
0.033080
-0.102971
-0.009368
0.061941
0.264605
-0.006319
-0.135154
-0.123633
0.081157
-0.136637
-0.042249
-0.194840
0.149114
0.088543
-0.195932
-0.024254
0.013032
-0.019477
-0.168851
0.076317
0.061287
0.067085
0.078373
-0.029468
-0.209019
-0.020147
-0.247838
0.382625
0.038565
-0.180762
0.045742
0.086604
0.057168
-0.080316
-0.018375
0.118698
-0.307485
-0.082294
0.125412
0.094791
-0.029798
0.069748
-0.087594
0.118676
0.077810
0.085027
0.122697
-0.000666
-0.071387
0.090902
-0.118795
0.358026
-0.047841
0.014522
0.038435
-0.000855
0.078803
-0.011715
0.070222
-0.064929
0.408401
-0.127277
-0.004284
0.168132
0.069059
-0.021050
-0.034778
0.082899
-0.106575
-0.071882
0.202800
0.040000
-0.173312
0.092671
-0.075431
0.288802
0.169127
-0.052633
-0.096370
0.093501
-0.129418
0.197108
0.020702
0.093747
-0.076565
-0.099337
-0.038012
0.208630
0.260733
0.096162
0.023186
0.159597
-0.040568
-0.051190
-0.169270
-0.126989
0.168353
-0.003449
0.018492
-0.017554
0.149894
0.140800
0.074047
0.000079
0.030485
-0.046588
-0.149302
-0.097745
-0.140062
-0.139718
-0.086006
0.109831
0.101128
-0.007437
-0.116738
0.285911
-0.042265
-0.111795
0.062195
-0.070168
0.198867
-0.135807
-0.033243
0.197194
0.122011
-0.140239
0.006381
0.054098
0.086067
-0.078636
-0.152356
0.166321
-0.062262
0.068608
0.031847
-0.024018
0.194008
-0.030614
0.046279
-0.155351
0.224753
-0.036528
0.134148
0.244190
0.011048
-0.049433
0.015770
0.046454
0.141583
0.190469
0.176043
-0.089283
0.124819
0.171036
-0.134544
-0.103468
0.036457
0.004190
-0.052960
0.008804
0.206719
0.076253
0.056230
0.077511
-0.057806
0.034031
0.099347
0.018124
0.146212
0.132917
-0.209061
0.022078
-0.060812
-0.205389
0.211755
0.181699
-0.112657
0.154065
-0.012088
0.106128
0.076068
-0.001456
0.207800
-0.283229
-0.145286
0.028904
0.151570
-0.218295
-0.058994
0.103192
0.025149
-0.019634
0.017585
-0.059486
-0.009404
0.000166
0.108881
-0.149639
-0.098692
0.083748
0.062650
0.056951
0.118020
0.424269
-0.105135
0.129331
0.137894
0.023482
0.055999
-0.218878
0.044106
-0.207443
-0.154571
-0.156975
0.101008
-0.338456
-0.091718
-0.093667
0.100230
0.324733
-0.066329
0.032139
0.056373
-0.057213
0.007000
-0.101341
-0.083025
-0.161329
-0.011743
-0.168212
-0.220027
-0.081257
0.151071
0.024357
0.173955
-0.084410
-0.130974
-0.251757
0.128859
-0.011523
-0.243455
0.057308
-0.048017
0.143069
-0.030478
-0.015133
0.198181
-0.302886
-0.087815
0.145592
-0.088991
-0.170444
-0.015555
-0.052530
0.019209
-0.147515
-0.086123
0.144243
0.095702
0.080228
-0.091319
0.035790
0.250603
0.090974
0.014416
-0.060323
-0.077015
-0.005594
-0.041684
0.004369
-0.014133
-0.125803
-0.035002
0.104265
-0.036160
0.084932
0.087634
-0.299411
0.001677
-0.071966
-0.368846
0.096985
0.017717
-0.008826
-0.036239
-0.025718
0.164081
0.101530
-0.312818
-0.144043
0.262254
0.061121
0.018475
-0.005344
0.187966
0.016728
-0.028323
0.017593
-0.164224
0.220493
0.072192
-0.162099
-0.033181
-0.055920
-0.019084
0.084237
0.133268
-0.117324
-0.132524
0.062822
0.025343
0.009972
-0.050612
-0.399944
0.007822
-0.057997
0.134680
0.006162
0.095468
-0.257718
-0.083463
0.157626
-0.022342
-0.063807
-0.008188
-0.163986
-0.080573
0.038572
0.090425
-0.057875
-0.080262
0.011361
0.138823
-0.196811
0.037835
-0.138611
0.055226
-0.101339
-0.088577
-0.032967
0.028990
0.182215
-0.014182
-0.166894
0.012492
-0.168402
0.116485
-0.236519
-0.238261
-0.163416
-0.111451
0.418633
0.079215
0.000622
-0.132113
0.139852
-0.008439
-0.127224
0.137675
-0.024557
0.018819
0.027457
-0.048859
0.163439
-0.167472
0.210244
0.012567
0.211703
0.025987
-0.064185
-0.361525
0.074641
0.012051
0.028361
0.096762
0.116331
-0.139519
0.011953
0.025955
0.009588
-0.066147
0.012837
0.081473
-0.002741
-0.131019
0.125362
-0.052203
0.079695
0.110148
0.052323
-0.272593
-0.091957
-0.122283
0.128448
-0.059757
-0.061991
0.063721
0.106156
-0.127825
0.207979
0.054199
0.088725
0.037902
-0.063872
-0.173910
-0.252328
0.109679
-0.069490
-0.201727
0.070024
0.126311
-0.121437
-0.142851
-0.026824
-0.049207
0.172222
0.172767
-0.054501
-0.029229
-0.027732
-0.170165
-0.091354
-0.067574
-0.016869
-0.055636
0.195785
0.092983
-0.248256
0.132782
0.023737
0.162444
0.229803
0.072631
0.186714
-0.085489
0.146551
0.074037
0.206293
-0.016026
-0.007215
0.051729
-0.118883
-0.055577
-0.016861
-0.046841
0.079834
-0.150135
-0.081404
0.004407
-0.054504
-0.149269
0.040650
-0.095898
0.039469
0.225287
0.082979
0.203220
0.051582
0.101027
-0.009789
0.119283
0.094099
0.297400
-0.345938
0.114839
0.021310
0.071019
0.026658
-0.082743
-0.057275
-0.047504
0.076571
0.152480
-0.063642
0.100358
-0.023941
0.059649
-0.081246
-0.061006
0.042901
0.106485
-0.173045
-0.090717
-0.129169
-0.000763
0.330936
-0.216484
-0.050792
-0.202088
0.222696
-0.092892
0.118654
0.013552
-0.065390
-0.081322
-0.166323
-0.130517
-0.164901
0.195380
0.013186
-0.040822
0.173257
-0.130916
0.002659
-0.016381
-0.010034
0.104748
-0.151398
0.198739
0.039516
-0.088140
-0.224284
-0.054596
-0.147409
0.022029
0.008580
-0.060678
-0.126006
0.143117
-0.133256
-0.172641
0.224657
-0.214282
0.014016
0.395338
-0.074924
0.269116
-0.166241
0.031253
-0.109697
0.244384
-0.269608
0.084761
-0.037039
0.274067
-0.026235
-0.201619
-0.235150
0.200883
0.076536
-0.166865
0.016834
0.101606
-0.040158
-0.001954
0.027833
-0.060212
-0.089495
0.151384
0.022333
0.035596
-0.103701
-0.206606
0.168542
0.161754
0.017907
0.016349
0.014851
-0.018217
0.190660
-0.052400
0.122303
0.104735
-0.128684
-0.034126
-0.021455
0.181973
-0.022043
0.020823
0.175452
0.049950
-0.016101
0.048118
-0.064207
0.016500
0.036875
0.169641
0.120662
0.031780
-0.044846
-0.013773
0.018498
0.124033
-0.026776
-0.010165
0.123670
-0.109352
0.053168
0.237967
0.041462
-0.126256
0.228718
0.004638
-0.115024
0.061793
0.113694
-0.195925
-0.121256
0.074111
0.026249
0.063290
-0.015682
-0.117428
-0.160021
-0.110373
-0.214846
-0.142807
-0.055989
-0.016926
-0.234740
0.002401
0.124086
0.115339
0.082284
-0.006133
-0.007510
-0.168535
-0.030832
0.052645
-0.012147
0.116636
-0.048500
0.039213
-0.059180
-0.012248
-0.073214
0.047590
0.095247
-0.264436
-0.031446
0.133063
-0.094479
-0.084151
0.073172
-0.094805
0.075234
0.151887
0.001503
-0.015806
-0.090935
-0.132673
-0.429852
0.019028
-0.018161
0.087333
0.009242
-0.161608
-0.051936
-0.135679
0.163671
-0.022184
0.108481
0.070745
-0.285200
0.053860
-0.004934
-0.297224
0.146355
-0.262610
0.049075
0.048454
0.106479
0.007347
-0.044194
0.116356
-0.063941
-0.175101
-0.040431
-0.128361
-0.058929
-0.184518
-0.085386
0.095198
-0.059701
0.129288
-0.056478
-0.056954
-0.127459
0.080166
0.119795
0.124650
0.036374
-0.019403
-0.033595
-0.079860
0.171709
0.088967
0.093557
-0.167769
-0.000961
-0.083151
-0.120090
0.056002
0.177597
0.109735
-0.045729
-0.238390
0.237368
0.131632
0.008469
0.114276
0.076490
-0.016848
-0.061346
-0.048269
-0.065265
-0.022535
-0.064438
-0.148653
-0.052821
0.103481
0.009233
-0.138261
0.057355
-0.028732
-0.039893
-0.023644
-0.264366
-0.149985
-0.022801
0.074550
-0.126511
0.247828
-0.132154
0.056833
-0.056101
0.066252
-0.051679
-0.102507
-0.082653
0.129728
0.193328
0.190691
-0.079444
-0.125802
-0.126423
0.112427
0.115148
-0.146578
-0.019544
0.180874
0.010852
0.127774
-0.143297
-0.055555
-0.016278
-0.047439
-0.018570
-0.048744
0.074706
-0.065924
-0.008397
-0.136108
-0.210611
0.028915
-0.133920
0.108734
-0.001286
-0.093537
-0.069494
-0.133044
0.255769
0.037435
0.093425
-0.026983
-0.045979
0.150273
0.211815
0.112016
-0.116596
0.218605
-0.036945
-0.056394
0.054404
-0.114841
-0.020832
-0.043574
0.041833
0.061512
0.035460
-0.210476
0.127353
0.090430
0.052501
0.211551
0.077752
-0.147182
-0.097540
0.065513
0.022115
-0.040046
-0.249748
0.005543
0.170627
0.083638
-0.052863
-0.154257
-0.117034
-0.205378
0.025996
-0.168893
0.154481
0.197006
0.096916
0.150668
-0.023436
0.034197
-0.042711
-0.082104
-0.154306
-0.052714
-0.171149
-0.002377
0.104378
-0.130722
0.052341
0.138814
0.023536
-0.117742
-0.234907
-0.040242
-0.136682
-0.082319
-0.094994
-0.042933
-0.408309
0.084151
0.248683
0.015219
0.101173
0.143811
-0.251543
-0.145662
0.277895
-0.039234
0.041666
-0.037618
0.042457
0.087338
0.011553
0.074901
-0.003493
-0.078312
0.097596
-0.026698
-0.051302
0.177050
-0.148512
0.153874
-0.127599
0.089316
0.094292
0.081879
-0.028355
0.033601
0.240363
0.042628
-0.015557
0.021039
0.015655
0.080906
0.041434
0.132223
0.108730
0.150789
-0.133841
0.015665
-0.051462
-0.182048
0.091548
0.077664
-0.277782
0.124898
-0.083718
-0.130362
-0.081022
-0.247535
-0.029669
-0.030576
-0.214194
0.277328
0.296234
-0.203784
-0.108692
0.058535
0.035428
-0.003170
0.107736
-0.029390
-0.038874
0.131709
0.006284
0.256380
-0.095031
0.137895
-0.275917
-0.170972
-0.074921
0.249200
-0.175520
0.252824
-0.156384
0.116338
0.241103
0.028585
-0.084311
-0.038595
-0.104365
0.106063
-0.017213
0.200970
0.146375
0.019583
-0.149586
-0.105561
-0.040786
-0.107784
0.143465
0.024341
0.032906
-0.160871
-0.094551
-0.130764
-0.031315
0.046938
-0.085938
0.182894
-0.023324
0.056054
-0.083624
0.206274
-0.090142
-0.031045
0.342824
-0.223425
-0.023281
0.170963
0.004613
-0.170707
-0.086458
0.260440
0.008213
-0.023625
-0.308483
-0.006585
-0.041924
-0.087667
-0.183805
-0.099167
0.030730
0.086347
-0.248984
0.060409
0.063008
0.109796
0.136964
0.028475
0.146494
0.014705
-0.139451
-0.020857
0.103873
0.093645
-0.109802
-0.215353
-0.007636
-0.320091
-0.061597
0.134699
0.188191
-0.127988
-0.130319
-0.013020
0.247067
0.033447
-0.017528
-0.222739
0.121916
-0.043945
-0.056422
-0.096621
0.237816
0.090051
0.020534
-0.171719
0.094927
0.063294
0.224564
-0.042907
-0.001598
0.049517
0.043471
0.033162
0.110366
-0.231213
-0.045659
-0.022141
-0.096859
0.182069
0.062853
0.030130
-0.173239
-0.108157
-0.073524
-0.143855
-0.128842
0.071115
0.384531
-0.101021
0.134919
0.114556
0.083204
-0.190475
-0.076140
-0.002849
-0.037641
-0.028644
-0.179924
0.080849
0.020583
-0.047716
-0.181924
0.091727
0.182418
-0.179000
0.071789
0.006289
-0.132597
0.120822
-0.033342
0.115252
0.149169
0.270667
-0.044671
0.269616
-0.063322
0.077719
-0.113546
-0.131612
0.040551
-0.014604
0.101771
0.035814
0.110997
-0.020533
-0.062744
-0.082788
0.011648
0.004241
-0.057769
0.041846
0.055693
-0.100305
0.298884
0.005283
-0.086664
0.079707
-0.007159
0.135219
0.013624
-0.033481
0.118591
0.068418
-0.048366
0.020256
-0.063577
-0.098663
-0.107717
-0.015513
0.071002
-0.045294
0.239155
0.139124
0.047590
0.102655
0.234824
0.133649
-0.184358
0.229863
-0.135357
0.132290
-0.187551
0.047948
0.105214
-0.048038
0.033024
-0.164948
0.327478
0.040314
0.105900
-0.060857
-0.122166
-0.029080
-0.133824
0.032162
0.042397
0.004345
0.027051
0.033609
0.272608
-0.093785
-0.193621
0.047494
-0.041730
0.113913
-0.146296
0.345520
-0.152367
0.116294
-0.172603
0.137071
0.224988
0.007534
-0.033668
-0.039921
0.085643
-0.043770
0.018821
0.074709
0.115903
0.234372
0.052593
-0.005260
0.212083
-0.052822
0.009778
-0.179971
0.135113
0.092145
0.029623
0.004505
0.025516
-0.264553
-0.032969
-0.073054
-0.021559
-0.017976
-0.061178
0.113866
-0.067491
0.244122
-0.124543
0.108219
0.035043
0.057389
0.039557
-0.091756
-0.043330
0.139050
-0.182923
0.256534
-0.021966
-0.016460
-0.184736
-0.001953
0.185072
-0.147891
0.110464
0.025017
0.075200
0.066259
-0.058522
-0.027343
0.116217
0.164654
-0.005630
0.106520
0.004449
0.316639
0.270148
-0.171907
0.020954
0.085076
-0.094211
0.110842
0.166528
-0.069517
-0.009957
0.080032
0.068594
-0.054487
0.292323
0.014514
-0.001755
0.112123
-0.098913
0.151736
0.125364
-0.138226
-0.151696
-0.406585
0.267370
-0.178239
-0.209248
0.183100
0.121611
0.125786
0.146351
-0.243444
-0.056616
0.028784
-0.135176
0.004912
-0.123745
0.207096
-0.215805
-0.087326
-0.113349
-0.058600
-0.110572
-0.034379
-0.133278
0.275453
0.137212
0.137389
0.059620
0.058794
0.122708
-0.189495
-0.066321
0.081496
0.112557
-0.021444
0.045339
-0.023081
-0.198684
0.053719
-0.097368
0.060020
-0.126537
-0.092433
0.096461
-0.013728
0.151825
0.037613
-0.050000
0.007350
0.059665
0.041797
0.031675
-0.178191
-0.136958
-0.188627
0.066031
-0.083145
0.001335
0.026095
0.091421
0.061376
-0.055630
0.177217
0.009769
0.079036
-0.012832
-0.235240
0.007918
0.190475
-0.173272
0.197779
-0.096691
0.039679
-0.226957
0.165469
-0.124751
0.123730
0.046535
0.031090
0.015102
0.188276
-0.099349
0.026800
0.031253
-0.098817
-0.259803
-0.027417
0.060791
-0.099561
-0.242692
-0.032099
0.152312
-0.162880
0.038030
0.131475
-0.026309
-0.140823
-0.128902
0.078403
-0.067467
-0.010741
-0.181643
-0.184762
-0.028735
-0.054663
0.012039
-0.167782
0.109395
0.009274
-0.046548
-0.267236
0.012105
0.135244
-0.081198
0.201463
-0.024808
-0.014646
0.082512
0.109481
0.108874
0.048694
0.059095
-0.079222
0.047916
-0.057154
-0.014892
-0.223947
-0.296169
0.023201
0.038017
0.000132
0.091531
-0.024018
-0.148662
-0.041052
0.068890
0.002135
0.087655
0.113109
-0.098820
0.128111
-0.026477
0.048411
-0.073548
0.179057
0.210799
-0.157616
0.179703
-0.034983
0.052809
0.204007
0.209345
-0.127984
-0.154467
0.296169
0.148146
-0.035931
0.091468
0.081056
0.118370
0.015043
-0.125105
-0.019345
-0.072184
0.194449
-0.013742
0.127419
0.030015
0.195040
0.026729
-0.048066
-0.115016
0.080562
-0.039705
0.180848
0.049657
-0.021290
-0.213268
-0.135871
-0.026243
0.114627
0.053987
-0.264366
0.258309
-0.068614
0.102671
0.011062
0.079031
0.157248
0.142494
-0.135653
-0.217674
0.057365
-0.132143
0.012605
-0.323668
-0.171772
0.167333
-0.133860
-0.000081
0.110323
-0.111792
0.035409
0.176010
0.112486
0.042369
0.252961
-0.118596
0.064812
0.106192
0.072136
0.206106
-0.040067
-0.108626
0.088435
-0.009533
-0.065181
-0.006471
0.117285
-0.121387
0.189841
0.049373
-0.106218
-0.062485
0.102043
0.109771
0.017424
-0.070253
-0.037890
0.048335
-0.155511
-0.023328
0.153484
-0.132425
0.071668
0.019339
0.056784
0.143651
-0.362383
-0.012438
0.080857
0.217021
-0.115258
-0.270119
-0.128653
-0.215413
0.100669
-0.018827
-0.046951
0.129109
0.080254
-0.049996
0.398548
0.134032
0.176486
-0.022226
0.038950
0.140129
0.152587
0.129765
-0.060873
0.102451
0.084564
-0.066489
-0.052357
-0.057258
0.100906
0.101915
0.039518
-0.199718
0.092715
-0.078583
-0.087151
0.216047
-0.118970
-0.052898
0.163545
-0.083455
0.033652
-0.079113
0.245640
0.237265
-0.206797
-0.026787
0.029995
0.289465
-0.037828
0.096986
-0.082199
0.029110
-0.109194
-0.032483
-0.070262
0.178211
0.066567
-0.118249
-0.206932
-0.197844
-0.029301
-0.107381
-0.109410
-0.023490
-0.140872
-0.051460
-0.050783
-0.160573
0.063104
-0.129828
-0.120763
-0.098681
0.120780
0.028470
-0.148305
-0.021346
-0.132006
-0.165038
-0.020834
0.089927
0.094061
0.056709
0.146519
-0.047254
0.034417
0.092970
0.086478
-0.258626
-0.007634
-0.128372
0.059178
-0.012431
0.133186
-0.187782
-0.233418
0.103204
0.275722
-0.225967
0.018082
0.146568
0.044392
-0.049835
-0.003720
-0.281759
-0.076339
0.079034
-0.119321
0.067380
0.090184
-0.002526
-0.000946
-0.006996
-0.230519
0.083873
0.003145
-0.017687
-0.138217
-0.108740
-0.072497
-0.081682
0.107833
-0.165369
-0.152995
-0.147233
-0.020427
0.050907
0.032662
-0.125243
-0.032701
-0.149434
-0.133298
0.099883
-0.062458
-0.060136
0.104744
-0.148848
-0.016557
0.106953
-0.023464
0.082632
0.004078
-0.116079
-0.080419
0.017094
0.077890
-0.110300
0.146143
-0.256164
0.116215
0.181213
0.026394
-0.265779
-0.086499
-0.133823
0.078742
-0.036270
0.051941
-0.136007
0.282774
0.002212
0.301592
0.108422
-0.052834
0.253246
-0.079020
0.132908
0.142284
-0.124694
-0.055828
-0.351435
-0.128122
-0.024774
-0.119729
-0.136658
-0.234243
0.163408
-0.113441
-0.076028
0.107402
-0.033443
0.014233
-0.003074
-0.069168
0.001435
-0.101877
0.001400
-0.070373
0.038007
-0.068601
-0.089005
0.066904
0.035864
0.159951
-0.054435
-0.093126
0.051907
-0.027102
-0.106286
0.025690
-0.037680
0.208663
-0.070373
-0.048499
0.157501
-0.000666
-0.348252
-0.135413
-0.008366
-0.050222
0.147320
0.113060
0.155453
0.195450
-0.023809
-0.033798
-0.119972
0.013566
-0.293746
0.054906
0.180021
0.134655
0.032479
-0.108683
-0.167139
-0.093678
-0.076647
0.001824
-0.044311
-0.020948
0.182889
0.095677
-0.196971
0.011862
-0.020147
-0.073276
0.302209
0.137536
0.228026
0.077092
0.039065
0.031893
-0.013907
-0.163646
0.121881
-0.278452
0.009757
0.074214
-0.154642
-0.025378
-0.012861
-0.281304
0.102104
0.099400
-0.132173
0.179667
-0.257438
-0.134342
0.207271
-0.104265
0.278812
0.250971
-0.044133
-0.032823
-0.038365
0.216350
-0.028837
-0.106887
-0.137650
0.042082
-0.009552
-0.120046
0.250712
-0.115269
0.092909
0.137695
0.142363
-0.007423
0.024849
-0.071880
0.063313
0.078063
-0.325275
0.041282
-0.128459
0.062393
-0.049578
-0.108236
0.078044
-0.125288
-0.131720
0.166133
0.088900
-0.042237
-0.186521
0.118029
-0.201312
-0.216394
-0.119549
0.126719
0.099417
-0.011565
0.031867
-0.254339
-0.039042
0.127230
-0.086697
0.131687
-0.109361
-0.276698
0.020921
-0.031037
0.000947
0.089044
0.061650
-0.087646
-0.017715
-0.171983
0.142853
0.218236
0.071927
-0.158992
0.057555
0.019951
-0.086659
0.099127
0.119601
0.076911
0.076780
-0.175176
0.164630
-0.089784
0.296627
-0.075379
0.121769
-0.235735
0.007726
-0.014862
-0.111916
0.022795
-0.137511
-0.128588
0.088312
-0.299949
0.021220
-0.156537
-0.144569
0.141728
0.016518
-0.081537
0.213466
0.044122
-0.083722
0.133329
0.184708
-0.132954
0.064313
0.043473
-0.186499
0.020681
-0.114738
0.120321
-0.003943
-0.010957
-0.065797
-0.009554
0.122435
0.040200
-0.022779
0.076471
0.183810
0.027979
-0.061786
0.081413
0.124280
-0.042019
-0.039180
0.031302
0.043983
-0.076105
0.128505
0.289253
0.085680
0.021233
-0.114502
-0.168734
0.097664
-0.337639
0.104945
-0.033853
0.136761
0.045721
0.297212
0.066508
-0.107608
-0.057822
0.006554
0.091163
-0.017856
-0.123437
-0.086322
-0.039593
-0.024278
0.137350
0.128404
-0.070027
0.173572
0.001203
-0.208478
-0.104983
0.101351
0.028591
-0.166037
-0.122568
0.047956
0.001260
-0.005695
0.006714
0.162966
0.011002
-0.150482
0.081130
-0.132843
-0.019432
0.014612
0.228139
0.307499
-0.062643
-0.236054
-0.199684
0.000081
-0.066499
0.039905
0.238961
0.127260
-0.144433
0.149462
-0.136780
0.029287
-0.127098
0.110997
0.171422
-0.345939
-0.070446
-0.114758
0.077771
0.075410
-0.052385
-0.013237
0.004851
0.195573
0.102480
-0.021733
0.210651
0.113650
0.200357
0.038074
0.199893
-0.147159
-0.059684
-0.037240
-0.001869
-0.002135
0.214418
0.210841
-0.217369
0.067306
0.019260
-0.016205
-0.058398
0.002877
-0.150668
0.122147
0.090809
-0.012272
-0.084077
0.169320
-0.022705
0.143463
-0.172061
-0.111323
-0.054583
-0.103366
-0.118282
0.010261
0.105806
-0.007755
-0.077431
0.021821
-0.001878
0.007349
0.189808
0.056386
0.103430
0.158190
0.036855
0.060483
0.059253
0.061260
0.022346
-0.052964
0.080857
-0.023820
0.027184
-0.127662
0.101513
-0.057051
0.279575
0.078319
-0.010508
-0.233961
-0.385057
-0.110684
0.114536
-0.023000
-0.059854
-0.247409
-0.097778
0.074251
-0.184722
0.212473
0.085107
-0.146791
0.041852
0.142179
-0.090234
-0.055543
0.085763
-0.160909
-0.218183
-0.077647
0.265654
-0.126742
-0.015896
-0.042546
-0.078362
0.044065
-0.155315
-0.161171
-0.000357
-0.224606
0.297456
-0.012648
0.074596
0.056385
0.033302
-0.067517
-0.224779
-0.229554
0.095507
0.127050
0.142276
0.284761
0.114868
-0.069595
0.174405
0.082840
-0.395626
0.139618
0.085499
-0.088929
-0.122615
0.269310
0.194773
-0.197687
0.077949
0.043932
0.026032
0.069028
-0.211188
0.028100
0.031202
0.061520
-0.116810
0.156977
0.020743
0.057108
0.001328
-0.241457
-0.129173
0.167018
0.104821
-0.044695
-0.067856
0.227528
-0.012829
-0.013085
-0.034943
0.037284
0.241237
0.075805
0.049946
0.089677
-0.147832
0.128225
0.072078
-0.066382
-0.112958
-0.021091
-0.160215
0.101047
0.033511
-0.280202
0.000202
0.090872
-0.033005
0.156421
0.105272
-0.158646
0.106695
0.131537
0.098396
-0.048334
0.120984
-0.091276
0.098608
0.121119
0.213491
-0.030686
0.072067
-0.159026
0.056737
0.034853
-0.104485
0.066462
0.030812
0.133204
-0.256088
-0.178620
-0.011660
0.117951
0.083492
-0.193343
0.068832
0.082971
0.003460
-0.033403
0.080191
0.087400
-0.108559
0.011955
0.062732
-0.177176
-0.100668
-0.194821
-0.252442
-0.007411
-0.065286
0.066596
-0.049028
-0.073733
-0.083821
0.000968
-0.047678
-0.037003
0.121191
-0.290195
-0.013059
0.075682
0.037618
0.412516
-0.147461
0.227368
-0.105765
0.180740
-0.211288
0.020769
0.018921
0.050907
-0.008821
-0.021897
-0.083208
-0.021811
-0.160109
-0.193712
0.129097
0.019464
0.142171
0.036437
0.004657
0.174678
0.013482
-0.066812
-0.045816
0.109074
0.009411
0.043869
-0.033999
-0.304512
0.040048
-0.309661
-0.013488
-0.046437
0.048802
-0.074693
-0.131053
-0.058822
0.017956
-0.035117
-0.150254
-0.083793
0.076549
-0.043575
-0.073568
-0.184241
0.288657
-0.050234
-0.046605
0.055032
0.062454
-0.009958
-0.004572
-0.039100
-0.212811
-0.008978
-0.091481
-0.170416
0.088713
-0.105499
0.098451
-0.264838
-0.264705
0.070569
-0.109617
0.122566
-0.128939
0.051147
0.092336
0.146017
0.013705
-0.048594
-0.024094
-0.054605
-0.049713
0.219906
0.063585
-0.166224
-0.232555
0.121372
0.006796
0.327479
0.091729
-0.006746
0.055691
-0.005826
0.091439
-0.013419
-0.121252
-0.011454
-0.039991
0.152472
-0.271391
-0.180244
0.044792
0.085435
-0.031702
-0.096672
0.050478
0.100719
0.009682
-0.184336
-0.062098
0.029392
-0.196068
-0.191334
0.324842
0.178849
0.208786
-0.038182
-0.090994
-0.096468
0.021556
0.069013
0.071872
0.208009
0.004568
0.045771
-0.051642
-0.002197
0.042991
-0.100858
-0.154193
0.066644
-0.244954
0.384572
0.083162
0.088030
-0.107421
-0.261505
0.014804
-0.167816
0.113118
-0.030410
0.025459
-0.165962
0.083802
-0.164062
-0.069807
-0.100223
-0.073306
-0.033356
0.074734
0.217981
0.050110
0.032726
-0.145362
0.044333
-0.029967
-0.040474
-0.055654
0.016030
0.086446
0.082968
-0.211392
0.051615
0.227488
-0.052074
-0.064854
-0.037923
-0.086789
-0.031845
-0.027882
0.178685
-0.218908
0.005771
0.129109
0.104650
0.233139
-0.006220
-0.097425
-0.045297
0.074599
0.017025
0.062871
0.128370
-0.014157
-0.245281
0.023502
-0.040339
0.318974
-0.244689
-0.240991
0.090376
-0.127597
0.160369
-0.049250
0.037245
-0.123421
-0.195285
-0.198593
-0.003535
-0.035527
0.021626
0.241772
-0.106625
-0.011975
0.226283
-0.178436
-0.040505
-0.031106
0.027754
-0.236660
0.207132
0.001437
-0.091145
-0.098770
-0.112738
-0.103490
0.073817
-0.188526
-0.136360
0.200128
0.012164
-0.009004
0.039544
-0.100474
-0.014811
0.391805
0.110281
-0.209191
0.030730
-0.122837
-0.186862
-0.011446
-0.038209
-0.110927
-0.077826
0.020991
0.130488
-0.188862
-0.187335
0.044222
-0.068108
-0.052822
-0.123535
-0.107166
0.146751
0.013770
0.065266
0.139302
0.000697
0.217264
0.176124
0.076049
0.176806
0.120637
-0.015103
0.117376
-0.301684
0.345239
-0.083251
-0.002175
-0.024410
0.039343
-0.371904
-0.110397
-0.081532
0.099466
0.060884
-0.233313
-0.141968
0.100879
0.156527
0.089493
-0.033451
0.079489
0.007312
-0.068272
0.083037
-0.141748
-0.125535
-0.027891
-0.140345
0.187920
-0.025887
-0.236137
-0.184162
-0.041295
-0.037075
-0.062500
0.218620
0.097386
0.102731
0.104140
-0.066362
0.114883
0.013714
-0.126674
0.181486
-0.234521
0.013089
-0.038877
0.209635
-0.307042
0.034848
0.166327
-0.084289
0.048615
0.224792
-0.041904
0.089717
-0.150314
-0.138668
-0.002719
-0.145037
0.123806
0.138961
-0.204172
0.013731
-0.195391
0.120158
-0.057862
-0.131203
-0.194950
0.114770
0.078928
-0.070499
-0.264932
-0.148467
0.036603
-0.125000
-0.131022
0.118919
0.013500
0.139572
0.026734
0.124811
0.134107
0.108904
0.067825
-0.038221
-0.022538
0.062832
-0.149502
-0.037994
0.034052
-0.078456
0.320586
-0.109120
0.169442
-0.230355
-0.086935
-0.120488
0.030540
-0.086032
-0.112513
0.057018
-0.047659
-0.036821
0.113978
-0.126268
-0.064555
0.028385
0.309520
-0.155333
0.178213
-0.071125
-0.075737
-0.134090
-0.269642
-0.081276
0.047617
0.193444
-0.100816
0.100209
0.050190
-0.103226
0.078523
-0.240459
-0.085041
-0.063391
-0.059483
-0.167959
0.165635
-0.198943
0.021522
0.130980
0.037761
0.129290
-0.052113
-0.233398
-0.138777
0.162865
0.251281
0.052164
-0.141651
0.033691
-0.198368
0.099407
-0.158987
0.009908
0.018685
0.037322
0.000250
-0.195929
-0.044050
-0.076217
0.080356
0.063853
-0.001977
0.114959
-0.034827
-0.003854
-0.012956
0.099782
0.166970
-0.049187
-0.123639
-0.037450
0.052301
-0.113228
0.154905
-0.063269
-0.173913
-0.087748
-0.051650
-0.027666
-0.166442
-0.031646
-0.074481
0.069891
0.102651
0.113985
0.158703
-0.020125
-0.165788
0.005495
0.194340
-0.045342
-0.130871
0.092204
0.097203
-0.051146
0.085729
-0.075247
-0.115587
-0.194848
-0.141996
-0.205700
-0.128230
-0.048276
0.017650
-0.073031
-0.004663
-0.055298
0.019819
0.101195
-0.199727
-0.155290
-0.020187
0.081055
0.001208
-0.144279
-0.127228
0.202972
0.354493
-0.040388
-0.105969
0.115983
-0.107852
0.155580
-0.128798
0.096094
0.158850
0.076753
-0.070159
-0.042575
0.128476
0.118689
-0.093649
-0.062566
-0.010575
-0.386720
0.170044
0.028449
0.107739
0.137549
0.105215
0.034122
0.004145
0.079579
0.124714
-0.000194
-0.002489
0.198108
-0.040330
-0.022278
0.078158
-0.014323
-0.063858
0.180268
0.063693
-0.115355
0.169541
-0.202309
0.081136
-0.041533
-0.075367
0.110826
0.142254
-0.208490
0.023872
-0.182357
-0.166250
0.078752
0.122317
-0.176591
-0.011841
0.036781
0.214591
0.002837
-0.107718
-0.043444
0.120713
0.078173
0.211767
-0.179700
-0.078899
-0.016462
0.058706
-0.105723
-0.097370
0.178332
0.137304
0.127352
-0.173620
0.175307
-0.175524
-0.249915
-0.057681
-0.078906
-0.088264
-0.214431
0.125189
-0.166184
0.053971
-0.032668
-0.200501
0.032970
-0.001015
-0.308858
0.144885
0.011881
0.067692
0.001061
0.000115
0.030639
-0.008452
0.072772
0.068368
-0.133309
0.004258
0.073152
-0.002715
-0.066869
0.105247
0.062237
0.071081
-0.080472
0.065857
-0.307794
0.067348
-0.161709
-0.058672
-0.089790
-0.027889
0.096764
-0.081485
0.091018
-0.123564
-0.038183
0.061895
-0.041634
-0.104651
0.064113
-0.084795
0.307536
-0.176932
0.167321
0.113668
-0.171573
-0.165884
0.242993
0.007683
-0.248810
-0.294782
0.050374
0.059925
-0.105443
-0.224342
-0.038551
-0.128789
0.077403
0.008599
0.013791
-0.062272
-0.009687
0.089079
-0.280695
0.213840
-0.024541
-0.047450
-0.167709
-0.293291
-0.087106
0.046311
0.026307
-0.131614
-0.136027
-0.010497
0.030924
0.134679
-0.208613
0.012081
-0.160665
0.027671
-0.177765
-0.062152
-0.110492
0.101781
-0.187636
0.006980
0.068105
-0.113217
0.161505
-0.061334
-0.194455
0.209896
0.130762
-0.258846
-0.102199
-0.006314
0.006452
0.110592
0.139078
0.037707
0.092391
0.064601
0.196004
-0.031386
0.074833
-0.056717
0.180834
-0.267979
-0.151365
-0.150609
0.258082
-0.074183
0.094028
0.211161
0.007133
0.182154
0.007398
0.023687
0.083204
0.267930
0.050729
-0.112357
-0.096308
0.075208
-0.057054
0.110853
0.099798
-0.056903
0.050449
0.030592
0.184986
0.061111
0.118359
-0.074394
0.261405
0.310751
0.149134
0.036396
0.185158
0.027833
-0.175962
-0.145484
0.101930
-0.207386
0.205208
0.013952
0.022292
0.039840
0.020992
0.135503
-0.010728
-0.089325
0.240772
0.074666
0.171024
-0.285640
0.150047
-0.051280
-0.056306
0.062894
-0.109759
-0.188209
-0.092334
-0.062160
0.267468
-0.035384
-0.017168
0.106705
-0.096719
-0.245629
0.061354
-0.011727
-0.017993
-0.056257
0.030372
-0.245211
-0.178919
-0.108720
-0.132536
-0.082093
-0.165307
0.213741
0.019405
0.089180
-0.137649
-0.047479
0.000923
-0.068356
-0.094649
0.122362
0.037864
0.111171
-0.006839
-0.156732
-0.216906
-0.004915
-0.026024
-0.036091
-0.128315
0.249916
0.038873
-0.078173
0.109070
0.002543
-0.012459
0.101845
-0.128246
-0.066207
0.093208
0.189474
-0.039548
0.085442
0.204942
0.021745
0.127254
0.074577
0.254222
-0.019767
-0.117877
0.063401
-0.274795
0.075613
-0.199283
0.081600
0.038777
0.029283
-0.235707
0.171102
-0.097159
-0.359333
0.008813
-0.196781
-0.090265
0.009902
0.071367
-0.081274
-0.113096
-0.019938
-0.154052
0.080855
0.086976
-0.235848
0.161461
0.016658
0.146248
0.053342
-0.008580
0.213698
-0.179219
0.013319
0.002400
-0.214418
0.156273
0.227999
-0.095428
0.057051
0.140315
0.046979
-0.169194
0.038694
0.065935
0.067544
-0.115077
-0.016277
0.030606
-0.016772
-0.008029
-0.030163
0.020169
-0.199150
-0.144335
0.022751
-0.283293
0.061066
0.125892
-0.104723
-0.029557
-0.011743
-0.056804
0.049191
0.185452
0.185046
0.094858
0.077804
-0.167493
-0.133648
-0.086588
0.197047
-0.085118
0.223165
-0.100044
0.159775
0.112875
-0.073919
-0.040373
0.066323
-0.270212
0.072414
0.223738
0.046906
0.336202
-0.195836
-0.184609
-0.229758
-0.138251
-0.064536
-0.000558
0.182207
0.068176
-0.029837
-0.096303
0.138791
0.305181
-0.140970
-0.170265
0.047805
-0.107647
-0.055904
0.027332
-0.064970
0.137760
0.019946
-0.028560
-0.114762
0.026180
-0.021758
-0.075371
-0.072727
0.070949
0.020287
0.136904
-0.082905
0.170375
-0.003732
-0.150894
0.010425
0.077725
-0.052045
0.193413
-0.151889
-0.140131
0.277493
0.020695
0.220101
0.030901
-0.076577
-0.188778
-0.265945
-0.004372
-0.056248
-0.148573
-0.177164
-0.156508
0.026274
-0.078717
0.111335
0.137433
0.255295
-0.058047
0.042899
-0.043403
0.116694
0.076667
0.212968
0.054907
0.174956
-0.061917
-0.154412
0.304702
-0.057613
0.031993
-0.137912
-0.238339
0.048727
0.084304
0.275837
0.065491
0.164441
-0.083900
-0.073793
-0.070666
-0.089524
0.163960
-0.256706
0.153996
-0.131701
-0.061702
-0.309274
-0.036006
-0.113910
-0.001716
-0.009266
-0.225841
-0.102770
0.003955
-0.028774
0.033106
-0.249852
0.104130
-0.113582
-0.208582
0.036853
-0.027916
0.238577
-0.065325
0.196824
-0.007147
-0.114302
0.028373
-0.122548
-0.063004
0.169120
-0.057179
-0.013173
-0.074799
0.207391
0.136900
-0.070813
-0.232297
-0.245608
-0.024610
-0.168727
0.188892
-0.041299
-0.042855
0.096688
0.064106
-0.050778
0.169376
-0.175315
0.107984
0.069068
0.181252
0.011064
-0.126790
0.019467
-0.064087
-0.059190
0.086312
0.080926
-0.056992
0.159887
-0.112475
-0.029478
-0.114045
-0.138055
-0.070129
0.197358
-0.149878
-0.104041
-0.159637
-0.058810
-0.136367
0.249274
-0.035055
0.001507
-0.064338
-0.124642
-0.270414
0.075762
-0.072913
0.096296
0.017898
0.009600
0.320636
0.100339
-0.024153
0.026907
-0.145524
-0.068977
0.033292
-0.056655
-0.136436
0.038453
0.013731
-0.081189
-0.008439
0.065096
0.017368
-0.039454
0.079698
0.098967
-0.129236
-0.148481
-0.354011
-0.076001
-0.029824
-0.208185
0.085315
-0.003284
0.123676
0.138030
0.150937
-0.027938
0.119502
-0.335400
0.120047
0.130894
0.256521
0.064088
-0.075483
-0.044387
-0.295773
0.101785
0.180827
-0.174615
-0.265618
-0.103576
0.127807
-0.098762
0.104911
-0.020542
-0.384010
-0.242267
-0.009555
0.239421
-0.006344
-0.118177
0.116041
-0.140432
-0.127124
-0.049272
-0.094900
-0.024101
0.283518
-0.199176
0.063149
0.029194
-0.045858
-0.022134
0.222051
-0.298899
-0.174653
0.172577
-0.032132
-0.217370
-0.175529
0.031306
-0.012198
0.134005
0.151440
0.033141
0.015102
-0.175973
0.262426
0.296181
-0.231232
0.007696
0.051243
-0.024459
-0.000857
-0.063816
-0.252767
-0.029180
0.162263
-0.049392
-0.105697
-0.152188
0.048849
0.118941
-0.146895
0.104750
-0.015462
0.053722
-0.185665
0.093630
-0.077075
-0.034810
0.023409
0.145312
-0.053843
0.146266
0.083580
0.017509
-0.015313
0.122134
-0.059295
-0.013955
-0.130799
-0.010709
-0.089490
-0.001598
-0.088547
-0.072285
-0.087443
-0.085895
0.078937
-0.222332
-0.046157
-0.023845
-0.059161
0.243645
0.112468
-0.002993
-0.065678
-0.174503
0.237040
0.266802
0.003613
0.037490
-0.137235
-0.111417
-0.031575
0.048781
0.074186
0.056646
0.107907
0.210116
-0.261672
0.026415
0.079413
-0.080636
-0.099315
-0.073425
0.048089
0.185147
0.049445
0.029807
0.117056
0.164780
0.124451
-0.019269
0.011237
0.006513
-0.191301
-0.129409
0.169050
-0.141914
-0.088203
0.142081
-0.188119
0.099116
-0.040641
-0.027249
-0.124568
0.173147
-0.075327
-0.151145
0.068930
-0.158814
0.000984
-0.076671
0.061226
0.005320
0.278018
-0.013791
-0.033395
-0.186792
-0.096541
0.186830
0.042679
0.117315
0.120359
-0.156010
0.042559
-0.136725
0.122780
0.231779
-0.065750
-0.041801
0.097841
-0.143973
0.108810
-0.209538
0.070794
0.155403
-0.132711
-0.105006
0.116024
-0.121861
-0.043693
-0.005464
0.074045
-0.007186
-0.169146
0.108436
0.121748
-0.198627
-0.014733
0.112646
0.069780
-0.077048
0.119862
-0.342403
-0.098585
0.203691
-0.082551
-0.064972
0.096324
-0.010779
-0.072110
-0.032213
0.131881
-0.138453
0.112718
-0.091938
0.099147
0.075308
-0.019464
-0.261166
-0.067169
0.131915
0.123691
-0.066995
0.361858
0.112523
-0.117973
-0.063111
0.096057
-0.130831
-0.094132
0.211718
-0.066445
0.029416
-0.051052
0.101850
-0.125201
-0.235049
-0.219916
0.430317
-0.010106
0.036223
0.008672
-0.000150
-0.052298
-0.190155
0.129307
0.023306
0.015754
-0.165594
0.087021
-0.046716
0.041582
0.017794
0.140699
-0.033230
-0.052293
0.004209
0.083620
0.100120
-0.074158
-0.006937
0.170912
-0.114881
-0.027848
-0.209634
0.104027
0.024122
0.098765
0.145617
0.101166
-0.160035
-0.087407
-0.132907
0.139747
0.013681
-0.027123
-0.031683
-0.066244
-0.092560
0.179461
-0.037080
0.131854
-0.072451
0.002024
0.040629
-0.055922
0.016783
0.108781
0.060786
0.053185
-0.004714
-0.163080
0.277937
-0.154238
0.325558
-0.074514
0.095099
0.077694
-0.007982
-0.105468
-0.109286
0.335926
-0.272302
-0.071167
-0.025555
-0.019213
0.084498
-0.089134
0.073935
0.007817
0.070152
0.104775
0.390696
0.104614
-0.012875
-0.140077
-0.046910
0.327495
-0.236989
-0.018826
0.043179
-0.258461
0.041310
0.065105
-0.119035
-0.030435
0.136346
-0.021373
-0.235742
0.006321
0.175651
-0.118337
0.137434
0.040196
-0.150607
-0.084056
0.089627
0.009757
-0.219839
-0.204794
0.021484
-0.154944
0.002900
-0.050909
-0.053527
-0.067397
0.137398
0.033586
-0.151922
0.101668
-0.247455
0.150305
-0.103409
-0.048502
-0.022814
-0.114391
0.179579
-0.156630
-0.205458
-0.122171
-0.108070
-0.079080
0.039844
0.046708
0.011931
0.019108
0.166572
0.085279
0.122335
0.071528
-0.049832
0.184784
0.018144
-0.063457
-0.242193
-0.025153
0.034352
0.051445
-0.075138
-0.121234
-0.072328
0.056396
-0.289142
-0.140644
0.337001
-0.020213
-0.001523
0.029678
0.036444
-0.067020
-0.109680
-0.122800
0.020178
0.177279
0.041021
-0.216922
0.021208
0.194420
0.043581
0.059762
0.010547
-0.144457
0.018444
-0.097893
-0.158224
-0.043356
-0.051623
-0.021657
0.131693
-0.037359
-0.120160
0.022272
-0.459844
-0.121637
0.061834
-0.117310
-0.035850
0.197092
-0.042698
0.001397
0.126804
0.161372
0.203320
-0.107862
-0.124910
0.088012
-0.039411
-0.203380
-0.035922
-0.152974
-0.341597
0.031106
-0.108390
-0.120348
-0.041144
-0.152427
0.038494
0.185335
0.087862
-0.098838
0.086716
-0.278626
0.052526
0.050838
0.155625
-0.280308
-0.091365
0.109339
-0.034688
-0.212337
0.274239
-0.060391
-0.123820
0.033505
-0.040416
-0.029099
0.117742
0.283207
-0.160287
0.349575
-0.146814
-0.052601
-0.191202
-0.148719
-0.070050
0.149171
-0.026098
-0.232065
-0.003598
-0.179088
-0.098212
-0.058303
-0.205575
0.020884
0.082275
-0.064013
0.095561
0.037368
0.074377
0.001458
-0.090764
-0.045241
-0.292264
0.174563
-0.146097
0.156470
-0.024174
0.083794
-0.139384
-0.070415
-0.013344
-0.060909
-0.080193
0.048169
-0.324160
-0.022933
0.299458
-0.138100
0.273830
0.008223
0.085855
0.021048
-0.102482
-0.044941
0.221642
-0.235009
0.267962
0.077038
-0.056106
0.083062
0.006111
0.045534
-0.109126
-0.003597
-0.017374
-0.137514
-0.135254
-0.041503
-0.095775
-0.129514
-0.122726
-0.071417
-0.056308
-0.151063
-0.042167
-0.007073
-0.096211
0.018452
-0.131311
0.040168
0.149052
0.219053
0.011015
0.389619
-0.012460
0.009160
0.044896
0.074200
-0.025191
0.078190
-0.229806
0.092423
0.041489
0.206014
-0.150504
0.203950
-0.073951
-0.065544
-0.236540
0.071460
0.097744
0.166948
0.027207
-0.182690
0.132110
0.046125
-0.242699
-0.111225
-0.081212
0.042322
0.144660
0.035079
-0.299976
0.079133
0.135950
0.119145
-0.057349
-0.155399
-0.160346
0.169647
-0.171433
-0.111717
0.011221
-0.176111
-0.018712
-0.025158
0.096808
0.114867
-0.124125
-0.123035
0.170431
-0.292234
-0.097497
0.107576
0.154965
0.167492
-0.023001
-0.041273
-0.014962
-0.114396
-0.084647
0.316181
-0.036876
-0.036716
0.092023
-0.076576
-0.000172
-0.091384
0.074539
0.018135
-0.135395
0.143563
-0.156669
0.080188
0.021492
0.162530
-0.077453
0.129478
-0.109759
0.081086
0.110166
0.001801
0.054810
-0.128932
0.112057
0.102907
0.240949
-0.085268
0.252443
-0.034755
0.050199
-0.075490
-0.158418
-0.175540
-0.046602
0.184130
0.066380
-0.085799
0.061212
0.352611
-0.002024
-0.078877
-0.010322
0.060459
-0.066697
-0.163307
0.231104
-0.182105
0.083324
0.097693
0.044090
0.073347
-0.010915
0.079937
0.302939
0.045518
0.057121
0.169634
-0.046347
-0.007886
-0.019281
-0.021069
0.111343
-0.050006
0.045991
0.101226
-0.029562
-0.003511
0.016981
0.089298
-0.053627
-0.109408
-0.092688
0.261030
-0.147020
-0.043812
0.066251
-0.035058
-0.049779
-0.192207
0.060732
-0.123416
-0.108077
-0.044958
-0.006265
0.073203
-0.026836
-0.029949
-0.143043
0.090088
0.171874
0.159446
0.058069
-0.030058
-0.200782
0.097265
-0.114059
0.115697
-0.201788
-0.010230
-0.083252
-0.010422
-0.065944
0.183242
-0.048114
-0.109244
-0.071982
-0.082047
-0.093625
0.073336
-0.055889
0.164941
0.094664
0.021773
0.068762
0.002312
-0.040504
-0.082465
0.130375
-0.157378
0.117354
0.178444
-0.220476
-0.105041
-0.063208
-0.024878
-0.174937
0.042000
0.188356
0.331057
0.054507
0.037505
0.156089
-0.233011
0.084825
-0.110270
0.157343
-0.046870
0.029828
0.030764
0.030663
0.029206
0.018077
-0.020718
-0.045672
0.107153
0.114534
0.083939
0.022911
-0.215441
-0.131165
-0.263327
-0.015314
-0.232588
0.186293
0.057593
0.011886
-0.155946
0.133873
-0.142894
-0.315126
0.147375
0.172515
0.012133
-0.100920
0.189523
-0.077671
-0.144007
-0.016481
0.209272
0.308140
0.062660
0.160231
-0.068159
0.006177
0.287946
-0.028775
0.106444
0.202570
-0.191406
0.094599
0.015508
0.086786
-0.178346
-0.043801
-0.158187
0.115548
-0.158946
0.096442
0.045778
0.168925
0.101727
0.136648
-0.082696
-0.139551
0.250029
0.114260
0.021663
-0.202363
-0.115495
0.127385
-0.039872
0.131242
-0.039683
-0.083945
0.088830
-0.095049
-0.003025
-0.022482
-0.106107
0.068711
0.116917
0.091183
0.261760
-0.295076
0.012276
0.116834
-0.142838
0.095408
0.074469
0.070662
-0.055669
-0.030691
0.178698
-0.109454
0.004073
0.032491
0.193949
0.119486
-0.149156
-0.041946
-0.036657
-0.061212
0.013950
-0.052227
-0.000777
-0.186432
-0.014950
-0.053111
-0.184505
0.002284
-0.170721
-0.195697
-0.091056
0.169269
0.102811
-0.060950
-0.065426
0.191841
-0.008125
-0.077798
0.098247
-0.122478
0.327639
-0.141571
0.089910
0.035566
-0.061937
-0.088523
-0.192887
-0.105858
0.016998
0.103013
0.214999
0.059788
0.090670
-0.084960
-0.076180
0.092524
-0.295626
-0.082563
-0.169641
0.128303
0.007819
-0.095524
0.000631
-0.021350
0.033111
-0.050945
0.054453
0.072327
-0.043046
0.213124
0.167578
0.224032
-0.089788
0.041406
-0.140119
-0.019510
-0.080320
0.102914
-0.077219
-0.074939
0.061100
0.001698
-0.200380
0.057714
-0.219626
-0.140860
0.002657
0.121051
0.134266
0.074353
-0.046067
-0.031812
0.111982
-0.087372
0.210079
-0.038541
0.077922
0.002813
0.170768
-0.036669
0.066908
0.140916
0.062221
0.003860
-0.223543
0.045277
-0.003273
-0.091751
0.187469
0.062333
0.059774
0.050500
-0.002856
0.137660
0.049569
0.073201
0.179079
0.344225
-0.034951
0.067201
0.102559
-0.134395
0.114422
-0.106688
-0.057306
-0.102482
-0.009535
0.156148
0.083615
-0.095682
0.100185
0.192142
-0.153534
-0.313949
-0.269457
-0.026868
0.001924
-0.071640
0.070333
0.034820
0.214705
-0.006200
-0.077040
-0.077129
0.155040
0.177904
-0.137156
-0.044519
-0.080398
-0.022557
0.031014
-0.260395
-0.085730
-0.017839
0.017417
0.142624
0.059858
-0.029818
0.099983
0.079217
-0.016476
0.080407
-0.207479
0.027377
0.196797
0.201972
-0.038157
-0.216226
-0.002030
-0.026724
-0.032918
-0.057436
0.195403
-0.059204
-0.160805
0.095822
0.207126
0.004684
0.161687
-0.212322
0.008711
0.013846
-0.002794
-0.287994
0.010027
0.043282
0.161937
0.168986
-0.164896
0.202931
-0.139982
-0.282527
0.083384
-0.176845
0.086013
-0.126004
-0.083689
-0.152663
0.056521
-0.083605
-0.151933
-0.021327
-0.066838
0.093498
0.075712
-0.080844
-0.023509
-0.117685
0.037676
0.017361
0.272334
-0.118230
-0.073883
0.141772
0.021602
0.001454
-0.111567
0.060738
-0.276194
-0.108765
0.107708
0.012896
0.078971
-0.085209
0.141925
0.013197
0.052187
0.137180
-0.061713
-0.303170
-0.155997
0.008845
-0.192971
-0.109123
-0.008653
-0.061445
0.036552
0.207636
-0.028471
-0.033730
-0.138239
0.179641
-0.083197
-0.095718
-0.264119
-0.011683
0.097349
0.021487
0.106807
-0.020988
-0.114147
-0.073691
0.001926
-0.094775
-0.060696
0.108544
-0.093017
0.193655
-0.177442
0.050347
-0.141154
-0.072395
0.033224
-0.148547
-0.032101
0.139480
-0.067642
-0.015590
0.059197
-0.206016
-0.049626
-0.224621
0.078848
-0.200832
0.111509
0.207217
-0.092468
-0.050288
-0.279605
0.234636
-0.055741
-0.162241
0.092841
-0.142482
0.089104
0.002007
0.091528
0.096287
-0.125493
0.052163
-0.029079
-0.140824
0.134772
-0.013019
0.180428
-0.026683
-0.051138
-0.192879
0.027442
0.013794
0.308809
0.032030
0.179788
0.073583
0.029784
-0.020435
0.093969
-0.076393
-0.032191
-0.277884
-0.022517
0.147664
-0.075544
-0.155951
0.246070
0.182404
-0.067434
0.086363
-0.034122
0.103496
0.000830
0.093613
-0.126381
-0.108438
-0.029749
-0.068284
-0.202126
-0.059509
-0.005871
0.187182
0.015215
0.148616
-0.220471
-0.044876
-0.083558
0.036560
0.020453
0.008570
-0.084362
-0.074404
0.002021
-0.021837
0.006411
0.088054
0.012009
-0.130442
0.109674
-0.054507
0.079550
-0.078106
-0.119606
0.061553
0.018761
0.204753
0.060344
0.097557
0.005703
0.157495
0.284760
-0.057691
-0.028903
-0.028466
-0.342819
0.039585
0.079577
0.165996
0.079782
0.122395
0.061893
-0.253641
0.258291
-0.037769
-0.102325
0.108919
-0.258339
-0.218051
-0.024314
-0.312837
0.201434
-0.019434
0.084159
0.125254
-0.158114
-0.102860
0.134543
-0.024689
-0.038543
0.094770
-0.072403
-0.207442
-0.019670
0.098098
-0.044696
-0.166004
-0.001253
0.253872
-0.413635
0.024351
0.193567
-0.015173
-0.038061
-0.029839
-0.075063
-0.084628
-0.062198
0.082859
0.011678
0.070111
-0.084051
-0.061591
-0.190326
-0.109372
-0.045772
0.179139
0.058562
0.022843
0.045463
-0.088774
0.125151
-0.184484
-0.074724
-0.146515
0.245565
-0.067769
-0.054521
-0.292480
-0.043524
0.088356
-0.008859
-0.047523
0.087530
-0.037163
0.055308
0.355813
0.105569
-0.046814
0.039438
0.140309
0.059899
-0.190106
0.098886
-0.177841
0.222121
-0.204553
0.003739
0.050546
0.076855
0.181343
0.017911
-0.029135
-0.189033
0.255972
-0.203158
-0.010254
0.019335
-0.247471
-0.119055
-0.119624
0.062853
0.020534
-0.049153
-0.147767
-0.212744
-0.144008
-0.104572
-0.130562
-0.059283
0.187984
-0.028814
0.139640
-0.142348
0.042138
0.051313
-0.004261
-0.124592
-0.038614
0.082627
-0.100417
-0.063512
-0.099014
0.042809
-0.078022
-0.155921
-0.308018
0.332878
0.086377
0.020723
0.078684
0.132225
0.106078
-0.176246
-0.012166
0.277098
0.084062
-0.126283
-0.145539
-0.133618
0.021134
0.066685
-0.033011
-0.024709
0.226032
0.409024
0.126941
-0.099931
-0.075774
0.074797
-0.129581
-0.084077
-0.194188
-0.148450
0.115807
0.286037
0.083430
0.018044
-0.206039
-0.162820
-0.050916
0.104804
-0.088797
0.101622
-0.085450
-0.150509
0.168582
0.074497
0.008039
-0.168418
0.075386
-0.022517
0.104274
-0.022226
0.125065
-0.179649
0.068106
-0.212401
0.096170
0.145826
-0.155285
-0.094595
0.016143
0.398048
0.007668
0.052984
-0.048057
-0.037286
0.289117
0.194612
0.060911
0.073569
-0.103166
-0.139988
-0.169379
-0.062551
0.165683
-0.267108
0.167410
0.169396
-0.236819
-0.014059
0.410370
0.026064
-0.083500
-0.363792
-0.014954
0.109805
-0.047025
0.004556
-0.062363
0.172304
-0.092075
0.005634
0.115604
-0.051280
-0.178024
0.155323
0.238560
0.111064
-0.190209
0.165698
-0.134934
-0.046423
-0.085687
-0.212740
0.001971
0.143055
-0.056741
0.091801
0.070733
0.240808
-0.078492
-0.231010
-0.058450
0.117962
-0.091743
-0.282285
-0.255636
0.077101
-0.129468
-0.036515
-0.118558
0.179087
0.287083
-0.020564
0.017708
0.016560
-0.126101
-0.230367
0.246622
0.168277
0.154490
-0.130337
-0.062372
0.135196
-0.114298
-0.031942
-0.050151
0.185188
0.023168
-0.343522
-0.180136
0.053328
0.181512
-0.047694
-0.058022
-0.046107
0.273226
0.081707
-0.017689
0.043005
-0.123087
0.014538
0.068007
0.164503
0.025360
-0.046941
0.101480
-0.026918
-0.270947
0.062622
-0.115633
0.066611
0.013126
0.144835
-0.138951
0.203591
0.090854
0.161429
-0.039798
-0.264392
0.102343
-0.118160
0.065739
0.071031
-0.225763
0.003523
0.322579
-0.029600
-0.113210
-0.007961
0.219199
0.052720
-0.258383
0.077197
-0.208775
-0.029753
0.089963
-0.090902
-0.081451
-0.003933
-0.053653
0.146652
0.217240
0.120247
0.096359
0.108269
0.079334
-0.138646
-0.152459
0.041654
0.056562
-0.056796
-0.210036
0.007667
-0.064810
0.092251
-0.110299
-0.020000
0.125016
0.021850
0.000492
0.063507
0.109401
-0.100625
-0.039714
-0.194585
0.073729
0.057474
-0.179097
-0.045302
0.099587
0.013558
-0.138452
-0.296940
-0.012614
0.100401
-0.084620
0.065493
0.110644
0.134105
-0.145779
-0.106768
0.231361
0.000286
-0.008588
0.157705
0.170488
-0.044297
0.077589
0.050017
0.166324
-0.072007
0.000904
0.050712
0.039309
-0.015333
-0.141313
0.193649
0.152819
0.089870
0.006259
-0.208267
-0.053283
0.112604
0.064713
0.182260
-0.017265
0.182934
0.078168
0.017052
0.174310
-0.138966
-0.115604
-0.016404
-0.089127
-0.099599
-0.077638
-0.053659
0.046376
-0.051739
-0.152138
0.028178
0.054790
0.015778
0.102799
0.095319
-0.154575
0.133647
0.016406
-0.203556
-0.108853
-0.116726
0.125738
-0.066283
0.193246
-0.091533
0.069365
-0.068190
0.003967
-0.267264
0.409122
0.052984
-0.096772
0.043223
0.000932
0.005994
0.060392
0.100317
-0.089639
-0.189559
0.256764
-0.052950
-0.146392
0.076593
-0.003709
-0.172561
-0.029297
-0.033162
-0.147556
-0.046912
-0.161878
-0.138125
0.131223
-0.084306
0.127252
-0.052085
0.063365
-0.096495
-0.150249
-0.124412
0.031687
-0.043867
-0.178538
0.097036
-0.111891
-0.026850
0.144566
0.101080
0.025334
-0.167049
-0.210162
-0.077684
0.083363
0.188864
0.016823
-0.188279
0.113035
0.002721
-0.201607
0.126928
-0.073197
0.076176
-0.088686
-0.010602
-0.029995
0.091076
-0.032387
0.187612
-0.133731
0.033624
-0.007399
0.170619
-0.016369
0.151067
-0.217782
-0.001957
-0.068982
0.146346
-0.137621
-0.041072
0.058256
0.019418
-0.045956
-0.009636
0.008374
0.114165
0.117522
0.011870
-0.298263
0.199236
0.165126
0.111027
0.224227
-0.060963
0.341516
0.010866
0.082418
0.101774
-0.201153
-0.052506
0.198311
-0.013265
0.068215
-0.020111
0.108980
-0.263629
-0.017109
-0.136158
0.064200
-0.122191
0.122252
0.004900
-0.012042
0.025260
-0.040607
0.033396
-0.162905
-0.012706
0.284551
-0.151116
-0.312098
-0.122450
-0.117745
0.087704
0.149316
-0.085035
-0.020487
-0.157890
0.157063
0.273509
-0.234579
0.230483
0.008965
0.146948
0.166830
0.047295
-0.002057
0.124046
-0.005753
0.200260
-0.144618
-0.006008
-0.157806
-0.098950
-0.148385
0.012701
0.097410
0.098326
-0.112512
0.088570
-0.004215
-0.094752
0.191923
-0.065887
-0.181992
0.194129
-0.252450
-0.079120
0.093774
-0.068189
0.069536
0.041186
-0.040341
-0.033881
-0.128353
0.100509
-0.289537
-0.150482
0.173266
-0.034831
-0.004082
-0.241470
0.101947
0.014122
0.010504
0.159842
0.067342
0.059779
-0.153329
-0.053050
-0.252840
0.059438
-0.203915
0.062458
-0.041011
0.052384
0.062897
-0.082151
0.140350
0.083804
-0.008386
-0.145299
-0.116148
0.126106
-0.154966
-0.080801
-0.125976
0.089066
-0.042075
0.250868
-0.133239
0.071239
-0.260347
0.286064
-0.060501
0.226500
-0.154767
0.039045
-0.076600
-0.199058
-0.086998
0.124799
0.068136
0.131956
0.033179
0.109675
0.037305
-0.063740
0.007393
-0.062024
-0.202066
-0.169585
0.040519
-0.120958
-0.128406
0.125610
0.174350
0.098086
0.136809
0.001917
-0.205567
0.146805
0.431960
-0.017964
0.044999
-0.149893
-0.009370
-0.101060
-0.184771
0.099537
0.020861
-0.369890
0.101128
-0.046449
0.168370
-0.002691
0.019809
0.026856
0.192168
0.030944
0.135577
-0.234645
0.057471
0.230769
-0.082245
-0.076715
0.305022
0.034224
0.053003
0.067296
0.072369
0.198973
0.047247
0.010256
-0.066442
0.079580
-0.187502
-0.128334
-0.026996
-0.320111
0.087315
-0.199974
0.022946
0.162098
-0.077650
-0.104852
-0.036474
0.012804
0.158767
-0.096527
-0.029352
0.199771
0.136413
-0.176211
-0.061745
0.189320
-0.128491
-0.173167
0.057995
0.193254
0.011522
-0.020980
-0.133514
0.109124
-0.151676
-0.028717
-0.207612
-0.048769
0.056095
0.085792
0.097009
0.015982
0.193206
-0.269807
0.054592
-0.167437
-0.120598
-0.215789
-0.085195
-0.117024
-0.060231
0.001545
0.168009
-0.120908
0.185747
-0.109478
-0.079616
-0.286807
-0.092089
0.065007
0.056265
0.123497
-0.176801
-0.034883
0.087597
-0.077534
0.090798
-0.169867
0.026626
0.027316
-0.015959
-0.012492
-0.231395
0.090067
-0.037295
0.245545
-0.259251
-0.100015
-0.198805
-0.028202
0.095949
-0.161477
0.050807
0.044043
0.036228
-0.154695
0.107922
0.049316
-0.059979
-0.124227
-0.174669
-0.220115
0.082328
-0.006978
0.218597
-0.032326
-0.039551
0.015725
0.153364
0.055299
-0.034126
0.038644
-0.032845
-0.036028
0.049593
0.007411
0.084758
-0.067125
0.018510
0.106792
-0.185786
-0.188928
0.070075
0.284400
0.011253
0.058974
0.039756
0.208945
0.069852
0.165442
-0.094115
-0.190084
0.057646
-0.439248
0.136739
0.057504
0.276878
-0.038913
0.024082
0.017365
-0.007413
0.244837
-0.036375
-0.056214
0.060203
0.108474
0.015326
0.091605
0.131539
-0.059261
-0.101124
0.105193
-0.300770
-0.111415
-0.242288
0.087262
0.054254
-0.040590
0.059946
0.113635
-0.039312
0.049306
-0.112617
-0.020068
-0.086040
0.001298
-0.002838
0.103210
0.073373
-0.115427
-0.096501
0.251165
0.054169
-0.233580
-0.103857
0.284160
-0.180707
-0.083260
-0.028656
0.121542
0.117009
0.045294
-0.164500
0.087792
-0.057976
-0.090758
0.034638
0.223995
0.044789
0.056441
-0.154920
-0.050648
0.346094
-0.041789
-0.089993
0.102860
-0.015320
0.254406
-0.117637
0.239488
0.237071
0.016888
0.099452
-0.200997
0.048439
0.162415
0.117275
0.172047
-0.096915
-0.038253
0.047455
0.254030
0.152290
-0.199056
0.330582
-0.064655
-0.057030
0.219012
-0.057603
-0.090918
-0.007092
0.182980
0.204054
0.227592
-0.009869
0.036143
0.189360
-0.198035
0.038347
0.067340
-0.152178
0.125474
0.107376
-0.037809
0.066683
0.451621
-0.058035
-0.081075
-0.060081
0.113002
0.006366
0.133207
0.202061
0.090522
-0.134410
0.104200
-0.028891
-0.121957
-0.201220
-0.023149
-0.047757
0.250860
-0.002231
-0.220896
-0.052742
0.060058
0.023684
-0.042828
-0.147400
0.000689
-0.174669
0.143024
0.150382
-0.028089
0.182795
0.155321
-0.056030
0.059385
-0.189838
-0.012301
-0.084912
0.251390
0.111515
-0.061010
-0.027187
0.104821
0.233240
-0.074407
0.008423
-0.065989
-0.072300
-0.084147
0.205230
-0.093699
0.153893
0.047451
0.302303
-0.063054
0.091414
0.168993
0.088572
0.199503
0.023743
-0.125087
0.150447
0.080880
-0.344727
-0.095911
-0.035189
-0.093758
-0.082392
0.401757
0.152535
0.108832
-0.146023
-0.021052
-0.255828
-0.225967
-0.141094
0.038385
-0.119801
-0.160196
0.103982
-0.051772
-0.050977
0.100942
0.068140
-0.256663
0.037819
-0.189037
-0.159076
0.068322
-0.076768
0.213779
0.031031
0.138846
-0.167976
0.149550
-0.168608
0.056552
-0.213054
0.133380
-0.005092
0.198379
-0.335073
0.198599
0.156752
0.019368
0.011776
-0.108199
-0.132378
-0.286070
0.065718
0.101746
0.222624
-0.179194
0.027147
0.112510
0.138070
-0.004361
0.053961
-0.156606
-0.101150
0.099110
0.187506
0.014759
0.224902
0.061845
0.064284
-0.095334
0.091002
0.123168
-0.012569
0.018935
0.078153
-0.114544
-0.108099
0.020718
-0.181113
-0.010636
0.062661
0.117791
0.082831
-0.086437
-0.044559
0.220481
-0.156233
0.171612
-0.001951
-0.044381
-0.186312
-0.140715
0.000996
0.004970
-0.130002
-0.238614
-0.161227
0.165852
-0.025990
-0.021246
0.230142
-0.144658
0.087413
-0.310881
0.125335
-0.049979
0.078661
0.229117
0.033143
-0.244526
-0.128334
0.053515
0.089960
0.155290
-0.188194
-0.099575
0.002872
0.047693
-0.136629
-0.008816
0.113444
0.060670
0.007802
-0.291573
0.180051
-0.029884
-0.021598
-0.012662
0.144043
-0.088437
0.142181
-0.020296
-0.035500
-0.020257
-0.000523
0.075085
-0.073103
0.139097
0.286055
0.155703
0.152276
-0.062587
-0.010677
-0.032559
-0.073722
0.133304
-0.033596
0.208633
-0.086887
0.055362
0.206967
0.015119
-0.065023
-0.029765
0.113180
0.151356
0.053124
-0.059216
0.038664
0.032675
-0.065156
0.049988
-0.063666
0.198811
0.005813
-0.080374
0.237617
-0.115492
0.136605
0.079158
-0.138141
0.030525
0.090581
0.092378
0.012432
-0.002060
0.020821
-0.091438
0.037770
-0.044404
-0.038900
0.072042
-0.170062
-0.035110
0.273208
0.077035
-0.323992
-0.043038
0.035118
-0.024450
0.119131
0.081266
0.298342
0.022750
0.007827
-0.067405
-0.249053
-0.018849
-0.068482
-0.090480
0.026424
-0.152277
-0.099584
-0.261307
0.025368
0.166619
-0.009246
0.068386
-0.030693
0.141579
-0.147937
0.061768
-0.040907
0.162729
-0.198760
0.124602
0.013683
0.049289
-0.103325
0.114803
-0.201044
0.048748
0.113406
0.103407
0.231048
0.276322
0.009572
-0.234615
-0.122935
0.153180
0.021568
0.012078
-0.028960
0.029902
0.137786
0.015798
0.081203
-0.046946
-0.009333
0.047018
0.018843
-0.046798
0.047587
-0.073391
-0.003507
0.144388
0.031748
0.228135
-0.019528
0.088037
-0.110912
-0.160804
-0.177002
-0.061717
0.134596
0.103843
0.027947
0.081234
0.184079
0.128387
0.203188
-0.218970
0.216522
0.056994
0.006643
-0.328615
0.032194
0.149342
0.074705
-0.037479
0.149206
0.160179
-0.183800
-0.055427
0.050727
-0.217781
-0.066924
-0.285255
0.243015
-0.263260
0.086835
-0.079547
-0.029816
0.186313
-0.008273
-0.095015
0.098438
-0.036970
-0.094388
0.127760
-0.160835
-0.158264
-0.140657
-0.015161
-0.032234
0.095267
-0.117450
0.057748
-0.060584
-0.059997
-0.098091
0.164854
-0.092831
0.121777
-0.141818
0.058999
-0.115886
0.114375
-0.005169
-0.025020
-0.019296
-0.016216
-0.211785
0.083343
-0.255501
0.032889
0.101456
-0.024995
-0.076826
-0.196976
-0.253617
0.065644
0.177143
0.049972
-0.080358
-0.029901
0.020455
0.011472
-0.038511
0.194223
0.008452
0.085288
0.022169
-0.046168
0.023133
-0.075265
0.069063
-0.007371
-0.058639
0.087789
-0.197998
-0.219012
-0.112019
0.177829
0.272407
0.020459
0.058972
-0.047067
0.044984
0.158398
-0.111352
0.154566
-0.050757
0.109857
0.087283
-0.160777
-0.081495
-0.029673
0.018728
-0.028914
0.210659
0.008824
-0.033390
-0.052115
-0.197720
-0.404368
-0.008990
0.121142
0.117180
0.043522
0.165438
0.121761
0.053712
-0.099621
-0.125798
-0.003083
0.262365
-0.041231
-0.096986
0.198633
-0.092457
0.010663
-0.063751
-0.055417
0.021756
-0.131380
0.220384
0.143599
0.151492
-0.159645
-0.092516
0.106445
-0.041698
0.058937
-0.068260
0.084829
0.093399
0.095054
-0.048055
-0.061642
0.068425
0.123280
0.212130
-0.051964
-0.010670
0.054199
0.010512
0.059738
-0.209929
-0.047663
0.213822
-0.046546
0.151114
-0.303610
0.130186
-0.178245
0.029974
-0.090013
0.023571
0.000896
-0.000137
-0.124813
0.093415
-0.053684
0.025341
0.039676
-0.052639
0.035744
-0.147998
0.102164
-0.114235
-0.078335
-0.060207
-0.091210
-0.038571
0.077181
0.129421
-0.003883
-0.117424
-0.159080
0.208606
-0.020001
-0.248682
0.129228
0.031873
-0.003068
0.006258
0.077768
0.210396
-0.295130
-0.006668
0.032692
0.148187
0.004810
-0.176501
-0.106358
-0.072654
-0.073779
0.303920
0.002862
0.105902
-0.208869
-0.134566
-0.240166
0.008625
-0.168411
-0.424988
-0.132890
0.236384
-0.119144
0.073530
-0.049664
-0.329937
0.036431
0.247265
-0.158583
0.103495
0.171806
0.338321
-0.079931
-0.058614
-0.081640
0.083369
0.103845
-0.067785
-0.121602
-0.008522
-0.082340
0.043628
0.097237
-0.025683
-0.055155
0.005645
0.017859
-0.069854
0.093485
-0.007974
0.313812
-0.185741
0.039145
0.245251
0.008515
-0.044419
0.099881
-0.163465
-0.184937
-0.254161
0.134825
0.104180
-0.113885
0.165224
0.099498
-0.040482
0.168762
-0.039506
0.172222
0.077999
0.157298
0.235464
0.081538
0.020995
0.184536
-0.000721
0.049441
-0.108688
0.077275
-0.143484
-0.092697
-0.110265
0.118022
0.102032
0.039428
0.030712
-0.127644
0.142243
0.064412
0.111708
0.167556
-0.104611
-0.062764
-0.119383
-0.077370
-0.145933
-0.103975
0.162273
0.093422
0.020061
0.062746
-0.062110
0.102264
-0.096949
0.036939
0.040443
0.088271
-0.223695
0.073484
-0.099612
-0.143843
-0.069633
-0.231829
0.090108
0.064404
-0.048438
-0.062597
-0.214422
0.084379
-0.004104
0.018054
-0.180627
-0.153738
-0.079884
0.214157
-0.139500
0.004447
0.108013
0.275171
-0.122667
-0.129104
-0.118311
0.010776
0.085482
0.041950
-0.063747
0.005326
0.096606
-0.096593
0.006995
0.035264
-0.338805
-0.132869
0.216174
-0.016604
-0.114991
-0.005905
0.175685
0.075794
0.185422
0.008164
0.099361
0.027044
-0.000266
0.275876
0.044130
-0.034850
0.176666
-0.083953
0.063527
-0.077230
0.056201
0.250317
-0.052278
0.187619
0.165253
-0.043658
-0.213237
-0.001994
0.014163
0.058933
0.123491
-0.113709
0.261141
-0.089149
0.072839
0.025872
-0.004456
0.080067
-0.146255
-0.146790
-0.247533
-0.214577
0.251723
0.024925
-0.065551
0.023794
-0.054127
0.016247
-0.124688
-0.092589
0.149356
0.153565
0.010471
0.080234
0.188824
0.112539
0.076530
0.191298
0.083913
-0.022615
0.199877
0.066317
-0.170072
-0.006936
-0.117633
0.035478
-0.030610
-0.059114
0.095233
-0.243430
0.021003
0.125216
0.077476
0.013304
0.148140
-0.237986
-0.000891
-0.195448
0.071337
0.134912
0.145579
0.117282
0.023373
0.098326
-0.153750
-0.172881
-0.082238
0.031764
0.099821
-0.096078
-0.025163
0.006000
-0.030287
0.106397
0.214257
0.002818
-0.025299
-0.172725
-0.204376
-0.012361
-0.055314
-0.007557
-0.045919
0.026533
0.242880
-0.113311
-0.389354
0.181142
-0.008923
0.000573
0.021820
0.062001
0.212658
-0.064612
0.081592
-0.119510
0.025646
0.051740
0.160763
0.009603
-0.206862
-0.004352
-0.164245
0.335716
-0.018964
0.101483
-0.028200
-0.114472
-0.127453
-0.141702
-0.274178
-0.177221
-0.134107
0.118070
0.012935
-0.153448
0.189921
0.219977
-0.224942
-0.011574
-0.042415
-0.300461
-0.056344
-0.055997
0.029931
0.202761
0.025562
-0.009202
-0.023407
-0.076606
0.122721
-0.145828
0.028925
0.128257
-0.239313
-0.418527
-0.045603
-0.126503
-0.151141
-0.028578
-0.199735
-0.042594
0.157177
0.030435
-0.226679
0.203832
-0.040754
-0.011558
-0.010274
0.130295
-0.008125
0.146954
0.104823
-0.153157
-0.092224
-0.296409
-0.058902
0.042844
0.009882
0.194519
-0.082927
0.064304
0.025090
-0.004866
0.004935
0.032672
-0.052238
-0.176719
-0.072134
0.097361
-0.050242
0.148802
0.106364
-0.120562
0.063571
-0.000566
0.092245
-0.068364
-0.143450
0.090194
0.196576
-0.062669
-0.110048
-0.054565
-0.067970
-0.049492
-0.035648
0.365032
-0.119099
-0.099034
0.036628
-0.022781
0.172915
0.124138
0.224269
-0.071664
-0.169996
0.148898
-0.165740
-0.159852
-0.164927
0.115749
0.031786
-0.011974
-0.283708
0.050376
0.244221
0.040646
0.093386
0.124621
-0.058416
0.063077
0.127158
0.010710
0.229133
-0.088936
0.130024
-0.022108
-0.110504
-0.178387
0.018416
0.100317
0.059170
-0.125837
0.058959
0.000731
-0.193831
0.285383
0.067114
0.060084
0.058508
0.067979
-0.025541
-0.190343
0.216903
-0.137532
-0.024380
-0.149194
0.021714
0.011570
0.119044
0.203244
0.193764
0.101503
0.067801
-0.029111
0.012567
-0.114255
-0.144922
0.186019
0.119943
-0.150580
0.172857
-0.090759
-0.188478
-0.188679
-0.008846
0.036776
-0.098401
-0.013026
-0.015849
-0.027547
-0.153712
-0.061979
0.238303
0.062714
0.165569
0.087021
-0.155893
0.002802
-0.103042
0.132504
0.067628
-0.128332
0.011051
-0.187700
0.108480
0.160962
0.132829
-0.165027
0.046912
0.085185
0.121160
-0.099307
0.213850
0.000111
-0.041757
-0.037911
0.167813
-0.092066
-0.125474
-0.022464
0.303516
0.257717
0.302628
-0.109015
-0.072072
-0.133676
-0.049453
0.095536
0.069498
0.012071
0.088919
-0.126352
0.075210
0.076094
0.018577
-0.075641
-0.104039
-0.081629
0.010973
-0.103496
-0.049956
-0.194544
0.002082
-0.211633
-0.169769
-0.187886
0.067927
-0.180445
0.201611
0.214414
0.315562
-0.097507
0.019642
0.032917
-0.124695
0.024804
0.103775
0.092562
-0.226939
-0.077062
-0.122387
0.002706
0.118948
0.225171
-0.088658
0.130650
-0.096597
0.130634
0.227596
-0.056188
0.322337
0.128040
-0.062909
0.142743
-0.005557
-0.153752
-0.041513
0.063935
0.005237
0.022522
-0.116829
0.076429
-0.240179
-0.038685
-0.022267
-0.211423
-0.111116
0.043203
0.146889
0.095440
-0.118107
-0.110481
-0.109873
-0.155209
-0.030957
-0.309345
-0.122085
0.043860
0.092105
-0.019647
-0.066325
0.110168
0.003646
0.048262
-0.126004
-0.006769
-0.072108
-0.020625
-0.162588
0.079011
0.044758
-0.141075
-0.040172
-0.017102
0.065855
0.111576
0.234302
-0.009179
0.072335
0.154321
-0.015134
0.073368
-0.055974
-0.109143
-0.146024
-0.042514
-0.228504
-0.089821
-0.002900
-0.104895
-0.228975
0.063602
0.109040
-0.099068
-0.023460
0.175941
0.114380
-0.021625
-0.051642
-0.116000
0.017294
-0.059485
-0.118826
-0.149380
-0.047183
-0.207961
-0.219678
-0.065070
-0.010767
0.047246
-0.114055
0.036895
0.075269
0.073274
0.046401
-0.063177
-0.113333
0.042257
-0.138739
-0.160780
0.279272
0.257286
-0.131870
0.119214
0.037381
0.065202
-0.056487
-0.133002
-0.079966
0.150122
-0.045644
0.171166
0.026542
0.031677
-0.042112
-0.165462
-0.244657
-0.007876
0.028143
-0.031910
0.099771
0.062070
0.060290
0.126353
-0.059804
-0.019345
-0.053617
-0.030115
0.170519
-0.064097
0.123596
0.054447
-0.121864
-0.230396
-0.086266
-0.192014
-0.008639
-0.112000
0.042149
-0.112239
-0.029977
-0.198802
-0.022507
0.155370
-0.090971
-0.027643
0.267281
0.235303
0.023080
-0.140615
0.109897
-0.073134
0.355695
0.069861
-0.149958
0.044401
-0.114899
0.025166
0.142998
0.001885
0.375838
0.066565
0.010871
-0.162816
-0.292053
0.114650
0.065336
0.136475
-0.164450
-0.067568
0.163915
0.035717
-0.213593
0.242127
-0.018449
-0.070003
0.073509
0.109061
0.216018
-0.108338
0.127949
-0.076468
-0.138479
0.187079
-0.086102
-0.008682
0.104159
-0.040847
-0.204961
0.036280
-0.038734
-0.127858
0.230159
0.176693
-0.047992
0.028624
-0.135671
-0.212604
-0.088776
-0.087161
-0.095414
-0.171606
0.095516
0.153160
0.141273
-0.148523
0.016132
0.027081
-0.081016
-0.171764
0.026445
-0.113148
-0.098355
-0.008933
0.201917
-0.115415
-0.122191
0.260127
0.096361
0.070644
-0.025905
0.059716
-0.150928
0.012886
-0.096990
-0.103189
-0.022453
-0.002573
-0.230995
-0.136499
0.124037
0.189986
0.182247
-0.442403
0.118712
0.066385
0.043372
-0.010454
-0.005302
0.017212
0.042825
-0.131797
0.229645
-0.055325
0.120156
0.088401
-0.197000
-0.092708
-0.156535
-0.187547
-0.045339
0.201055
-0.091045
-0.189242
-0.136985
0.037431
0.019017
-0.086959
0.066555
0.098765
-0.207457
-0.227274
-0.140363
-0.010204
0.025797
0.127445
-0.083179
-0.079276
0.019605
0.225204
0.002043
-0.041156
0.082003
-0.121637
0.206338
0.099838
0.076649
0.029490
-0.287310
0.005858
-0.057418
0.103209
0.018283
0.077580
-0.060321
-0.399892
-0.154977
-0.055288
-0.042865
0.176580
-0.044542
-0.102133
-0.102182
-0.095125
-0.071924
0.201427
-0.039131
-0.028247
0.065920
0.035708
-0.214534
0.100224
0.097406
-0.270697
-0.248149
0.003267
0.066239
-0.036978
-0.256374
0.067660
-0.062178
0.015599
0.096601
0.104910
-0.057798
-0.062349
0.074364
-0.151171
0.092042
-0.155879
0.075414
0.057549
-0.096039
-0.059237
0.285457
0.093366
-0.010453
-0.091265
0.087204
-0.019569
0.034922
-0.060300
-0.139581
0.067218
-0.123953
-0.098997
-0.028415
0.001454
-0.111686
0.106455
0.087769
0.053556
-0.048639
0.148836
-0.117738
0.058002
0.094197
-0.088349
-0.135504
-0.096078
-0.118177
0.337709
-0.048137
-0.346309
-0.021519
-0.079269
0.039010
-0.157502
-0.004227
-0.202325
-0.045676
-0.059907
0.012880
0.020032
-0.003637
-0.146425
0.158975
0.098385
0.001798
0.027654
-0.002924
-0.045891
0.072242
0.212540
0.226712
0.131125
0.098916
0.129758
-0.188749
0.133127
-0.056277
-0.089510
-0.030737
-0.038877
0.026615
0.140303
0.079722
-0.133146
0.038775
0.036671
0.138211
0.042579
0.208514
-0.085753
0.114797
0.010061
-0.055301
-0.083325
0.054862
-0.055741
-0.059478
0.080834
-0.029331
0.033092
-0.037812
0.118323
-0.012806
0.101357
-0.268926
0.058797
-0.079635
-0.059769
-0.119233
0.013575
-0.069558
0.094763
0.015033
0.244775
-0.062943
-0.101707
-0.124734
0.027692
-0.099361
-0.232443
-0.166135
0.039044
-0.085465
0.042747
0.108417
0.129971
-0.155775
0.023975
-0.079490
-0.225174
-0.221158
0.015612
0.088601
-0.112124
0.031760
-0.122183
0.044724
-0.165957
-0.081433
0.051581
0.175054
-0.260121
-0.059315
-0.013141
0.185604
0.164244
0.176194
0.108753
0.210585
0.008151
0.006822
0.053901
-0.001904
0.084759
-0.180112
-0.017476
-0.067498
0.136217
0.072777
-0.039969
-0.102866
0.196146
-0.126665
-0.004874
0.056185
-0.064776
-0.052768
0.150499
0.311666
-0.082938
0.015436
0.019363
-0.100689
0.053259
0.080173
0.281063
-0.204066
-0.049481
-0.084067
-0.034544
-0.099437
-0.061569
-0.030743
-0.149844
0.133385
0.219768
-0.018248
0.014743
-0.242111
-0.149221
0.058723
0.109645
-0.056428
-0.019968
0.017067
0.046503
-0.025659
0.073284
-0.036739
0.070908
0.045714
0.106305
0.004693
0.118806
-0.121559
0.052280
-0.067623
0.000923
-0.104710
0.067224
-0.008648
-0.197156
0.052365
-0.007387
-0.189873
-0.041190
-0.072796
0.000731
0.194209
-0.200733
0.199400
0.148620
0.186787
-0.061724
-0.172929
0.118363
0.057859
-0.005108
-0.049457
-0.026898
-0.153044
-0.112240
0.270473
0.211402
-0.031582
-0.102975
0.087415
0.080433
-0.072870
-0.157097
-0.272864
-0.223937
0.206285
-0.075754
-0.071674
-0.010102
0.089458
0.131357
-0.034682
-0.306458
-0.145552
-0.089469
0.179999
-0.221588
0.067861
-0.171913
0.044566
0.070284
0.142906
-0.143797
-0.022933
-0.122341
0.021383
-0.106120
-0.225148
-0.027627
-0.139024
-0.091755
0.087334
0.235191
0.107390
0.080955
0.009406
0.239825
-0.118947
-0.047135
-0.008999
-0.126748
0.047535
0.063052
0.237005
0.047721
0.169846
-0.169956
0.001106
-0.077056
-0.030785
0.046842
-0.174127
-0.115534
0.010072
-0.148558
-0.023269
0.058992
-0.108498
0.084820
-0.009518
-0.150887
0.086651
0.064734
0.105714
-0.250952
0.304148
-0.006916
-0.003040
-0.089141
-0.183066
0.028404
0.002731
0.024655
0.044085
-0.256053
-0.015532
-0.101149
-0.059990
0.309885
0.058044
-0.062129
-0.106051
-0.103694
-0.053931
-0.039829
0.052911
0.021310
0.121014
-0.097854
-0.218184
0.076762
-0.002894
0.009631
-0.116834
0.031931
0.145310
-0.094224
-0.131099
0.015731
-0.015345
0.126322
-0.121855
-0.158369
0.165913
-0.116835
0.065444
0.267909
-0.076403
0.109429
0.170795
-0.036063
0.155269
0.186588
-0.059639
-0.025255
0.108011
0.217285
-0.184368
0.127314
0.012347
-0.201219
0.172754
-0.191532
-0.048865
-0.049772
-0.180951
-0.160006
-0.118320
0.066132
-0.060570
-0.206907
0.072438
0.298979
0.075485
0.036276
0.085325
-0.176486
0.096278
0.164885
-0.138685
0.051321
-0.016574
0.201488
-0.184445
0.228411
0.269480
-0.009501
0.023952
0.029954
0.251282
-0.150545
-0.116395
-0.087508
0.189004
0.073459
0.150081
0.092132
-0.049756
0.085646
-0.017414
-0.065779
-0.001041
0.014355
0.079100
-0.184268
-0.208312
0.065547
-0.013433
0.266441
-0.017369
-0.151631
0.062116
0.244271
0.242989
-0.252389
-0.076459
0.003638
-0.162730
0.023090
0.128395
0.038522
-0.015010
0.054275
-0.279900
0.029440
-0.116845
-0.077034
0.258190
0.154597
0.086008
0.096909
-0.013396
-0.223637
0.081612
0.153611
0.067931
-0.098618
0.066858
-0.075741
-0.192021
0.019117
-0.039717
0.008359
-0.010532
0.160245
-0.045754
0.231745
-0.041330
-0.140343
-0.053996
0.023305
0.283562
-0.122799
0.179715
-0.070287
0.035498
0.203529
-0.151618
0.206246
0.211004
-0.372895
0.065566
0.026331
0.311483
-0.046390
0.009078
-0.184494
-0.005685
0.043821
-0.429694
-0.092789
-0.104022
0.149793
-0.042064
-0.223604
0.108652
0.036598
0.037112
0.000326
-0.052007
-0.289601
0.008725
0.200595
0.286552
-0.043149
0.078181
0.141507
-0.080497
-0.081217
0.092803
0.132361
-0.326850
0.096246
0.105333
0.042331
0.063514
-0.014119
-0.223116
0.139851
-0.091920
0.027158
-0.206533
0.068347
0.074529
-0.115132
0.027361
0.002716
0.033019
0.018047
-0.261816
0.255308
0.041595
-0.104050
0.207261
-0.143449
-0.117164
0.066918
-0.080913
0.070846
-0.098532
-0.095263
0.149605
-0.044489
-0.021428
-0.021534
0.216339
0.272651
-0.010686
0.122860
-0.111127
-0.170778
0.040558
0.035460
0.108055
0.174650
0.000719
0.081455
-0.024933
0.075381
-0.222930
-0.071778
-0.010429
0.108417
0.129703
-0.088104
-0.142793
-0.010417
-0.057367
0.158514
0.050284
-0.224744
0.234912
0.187386
-0.087588
-0.089951
0.147189
-0.047413
0.030566
-0.075228
0.075971
-0.033042
-0.151393
0.037125
-0.137086
-0.115055
-0.099381
0.164354
-0.344567
0.116534
-0.023032
-0.121987
-0.162440
-0.065404
0.098742
-0.023609
-0.047837
0.004042
-0.125093
-0.220685
-0.117169
0.336212
0.142660
-0.027071
0.020072
-0.018576
0.050914
0.120439
0.286081
-0.058491
0.177961
0.155970
0.004138
0.121207
0.035043
0.048424
-0.139450
-0.215638
-0.156283
0.158382
0.193585
0.073943
-0.341852
-0.070843
-0.119575
0.080126
-0.003903
-0.001788
-0.024380
0.228644
0.176609
0.229808
-0.095612
0.257689
0.027070
-0.070577
0.037091
0.270523
0.144374
0.104097
0.034719
-0.031409
-0.259174
-0.029522
-0.093939
-0.007727
0.074879
0.130907
-0.019931
-0.248461
-0.049881
0.005446
0.131198
0.024905
0.041125
-0.229636
0.122986
-0.121743
-0.061095
-0.059770
-0.049413
0.028855
-0.156015
0.115158
-0.067236
0.029531
0.110370
-0.038810
-0.135739
0.158216
-0.051397
0.084801
0.047381
-0.005892
-0.002218
-0.070474
-0.224652
-0.055290
0.026969
-0.006351
0.033165
-0.006331
-0.061546
0.145267
0.075682
0.124358
0.054514
0.109328
0.184024
-0.008427
0.183610
0.188144
0.086412
0.083519
0.009387
-0.081832
-0.209283
0.010980
-0.117205
-0.265937
-0.064491
0.214942
0.139109
0.005981
-0.018454
-0.190459
-0.074134
0.219168
-0.105457
0.044211
-0.162639
0.348750
-0.114024
0.236383
-0.174888
-0.107044
0.140772
-0.044659
0.155486
0.300490
-0.165755
-0.099163
-0.188111
-0.245318
0.251063
-0.003954
-0.138921
-0.123727
-0.298999
-0.191724
0.107169
-0.284376
-0.234106
0.188041
0.351552
0.200420
-0.047612
-0.091168
-0.139641
-0.061699
-0.045977
-0.047924
-0.140149
0.094146
0.096280
-0.085938
-0.019155
-0.219366
-0.102674
-0.039120
0.042289
-0.161727
-0.141869
0.124615
-0.031866
0.056671
0.035923
0.120288
-0.054102
0.026507
-0.172359
0.032214
0.045947
-0.137270
0.285466
0.039016
0.012692
0.007291
0.035856
0.087904
-0.138358
0.011973
-0.078204
-0.024401
-0.092928
0.028798
0.072301
-0.138048
0.043079
-0.112785
-0.001879
0.103366
-0.016885
0.121915
-0.024396
-0.156443
-0.004822
-0.143953
-0.044887
0.073686
0.276660
0.055627
-0.133009
-0.039511
-0.247129
-0.159932
0.181283
-0.003142
0.041798
0.007147
0.065107
-0.050011
0.048475
-0.038906
-0.015662
0.120155
-0.091096
-0.162512
-0.035278
0.113618
-0.168730
-0.030768
0.016483
0.017593
0.184299
0.121233
0.283518
-0.054405
0.210655
0.016217
0.037645
0.204003
0.084804
-0.059582
-0.002396
0.034422
0.039445
0.175008
0.234121
-0.162261
-0.194568
-0.132645
-0.090574
0.159430
0.086413
-0.064621
-0.024835
-0.051075
0.039330
0.191653
-0.008245
0.070853
0.049403
-0.048473
0.046341
0.025034
-0.078690
0.105820
-0.142213
0.216524
-0.149915
-0.090981
-0.143024
-0.233854
0.073252
0.302759
0.142932
-0.091285
-0.296754
-0.032635
0.143058
0.032465
-0.227225
0.057660
0.143444
-0.058103
-0.140010
0.038828
-0.093347
-0.099517
0.211512
-0.057979
-0.092438
-0.030736
0.353011
-0.007301
0.064642
-0.008557
-0.053321
-0.016333
-0.127478
-0.199458
0.033839
-0.062809
-0.100465
0.132333
-0.006088
0.286351
-0.033392
-0.175921
0.022338
0.267687
0.168160
0.050496
0.092149
-0.010856
0.085997
0.164964
-0.172781
0.061807
0.007279
0.016066
-0.013075
0.109761
-0.055581
-0.069399
-0.032297
0.084509
-0.049737
0.199885
-0.084576
-0.072794
-0.044944
-0.013539
0.127236
0.186636
0.130973
0.066411
-0.065098
-0.209401
-0.060242
0.174698
0.124602
0.229128
-0.117118
0.082563
-0.032613
-0.144135
0.048644
-0.159066
-0.099167
-0.069796
0.059452
-0.103589
-0.098846
0.118188
-0.017153
-0.335597
-0.097159
0.060576
-0.071332
-0.031855
-0.304477
-0.034314
-0.141433
0.142225
-0.073684
0.289079
-0.084027
0.059577
-0.008629
-0.001995
0.026632
-0.109739
-0.053319
-0.010300
0.053457
-0.114421
0.082651
0.068025
0.039975
0.110989
0.097872
-0.129432
-0.224210
-0.103137
-0.031828
-0.088002
-0.104285
-0.019381
0.137081
-0.148335
-0.117074
0.181174
-0.017421
-0.107739
0.190265
-0.025364
0.031671
0.123642
-0.061210
-0.036823
0.125121
0.036947
0.037201
0.230659
-0.104004
0.107505
0.039223
0.086447
0.017565
-0.023644
-0.173351
0.068096
0.012863
-0.228065
-0.150779
-0.065731
-0.154938
-0.002603
0.120463
0.030381
-0.076454
-0.535290
-0.006790
-0.148436
-0.071713
-0.056903
-0.001595
0.150690
-0.046163
-0.104956
0.055005
-0.137841
0.078116
0.014224
-0.014221
0.219363
0.137317
0.167583
0.058711
-0.054021
-0.142716
-0.084303
-0.008733
0.044426
0.079382
0.124493
0.239799
-0.140105
0.081502
0.168166
0.276248
0.073961
0.016826
0.297110
0.206408
0.153640
0.003051
0.070340
-0.204155
-0.010994
0.044178
-0.124654
0.075633
0.081950
0.012971
0.176618
-0.093254
-0.104623
0.047711
0.024753
0.300115
0.194745
0.103426
0.000777
0.177806
0.034203
-0.083019
-0.137755
-0.136067
-0.010488
0.232668
0.078374
0.102630
-0.009527
0.019206
-0.054803
-0.086752
0.514150
0.080608
0.047531
0.015024
-0.165894
-0.099362
0.131016
0.156409
-0.117799
0.197062
-0.032633
-0.233541
-0.232164
0.148027
0.109167
-0.140814
0.251855
0.147729
0.047031
-0.077745
-0.096309
0.247012
0.057317
0.004648
-0.041277
0.008739
-0.090383
-0.013330
-0.198566
0.034428
-0.036909
-0.168078
0.219937
-0.031559
-0.014794
0.034709
-0.087996
0.066392
-0.260403
0.173152
0.220822
0.094387
0.086520
-0.098846
-0.131412
0.113290
0.136361
0.102502
0.127223
-0.082960
0.150191
0.072806
-0.201874
0.014770
-0.009599
0.210720
0.002882
-0.000083
-0.047968
-0.070011
0.129387
-0.000622
0.228260
-0.042382
-0.167823
0.008320
-0.029299
-0.088310
0.007524
-0.187754
-0.044400
0.142380
-0.130253
0.039415
0.182860
-0.102735
0.002918
-0.259429
-0.085563
-0.257713
-0.013713
-0.153385
0.120121
-0.103661
-0.085384
0.119429
-0.017221
0.052046
-0.103429
-0.026514
0.303436
-0.009413
-0.012463
0.169629
0.188106
0.020127
-0.071335
0.284678
-0.010193
-0.185173
0.162573
-0.011185
-0.000643
-0.273591
0.040546
-0.215529
0.162567
0.060304
-0.013831
-0.189206
0.075492
-0.030973
-0.107405
-0.006633
-0.026798
-0.167206
-0.125582
0.201517
0.064913
-0.109969
0.104251
-0.022203
-0.073698
-0.109304
-0.036541
0.115919
0.101345
0.015715
-0.170039
0.160299
0.070535
-0.047906
-0.146095
0.180316
0.156505
-0.009280
-0.007391
-0.125603
0.175439
-0.102899
0.153380
0.047965
-0.064319
-0.043345
-0.085043
-0.121027
-0.177419
-0.012950
-0.039007
0.041639
-0.007522
-0.259445
-0.105196
-0.167508
0.006170
-0.047756
-0.091454
-0.000195
-0.091844
-0.064040
0.026322
0.002140
0.002471
-0.004444
-0.137721
-0.012971
0.042619
-0.043943
0.029881
0.090503
-0.064288
0.009860
0.113142
-0.062920
0.060690
0.110453
0.090053
-0.078535
-0.201349
0.031016
0.147935
-0.203162
0.248778
0.053121
-0.053504
0.055667
-0.121650
-0.219011
-0.209587
0.095456
-0.273617
0.170511
-0.160746
0.035914
-0.020192
-0.044760
0.051397
-0.090996
-0.085746
-0.034656
-0.121390
-0.050545
0.037482
-0.087760
-0.225551
0.267376
0.034327
0.144157
0.002563
-0.019990
-0.194759
-0.072231
0.091709
-0.135987
0.042613
0.122701
0.092609
0.028757
0.232733
-0.251547
-0.221680
-0.182204
0.247754
0.025942
0.033408
0.124861
-0.119228
-0.037381
0.143531
-0.135429
-0.079720
0.242398
-0.095604
-0.088728
0.121461
-0.221982
0.236983
0.073640
-0.101641
-0.004255
0.099255
-0.193317
0.110862
-0.004723
-0.047647
0.272086
0.173956
0.002730
-0.009427
-0.133826
-0.119641
-0.022557
0.115823
0.215494
-0.066570
-0.011076
-0.141069
-0.043245
-0.199110
-0.207223
-0.198212
-0.070070
0.065470
0.120037
-0.104615
-0.103505
-0.066702
-0.012140
0.024209
0.042075
0.113744
0.161700
-0.059981
0.137151
-0.326488
0.005589
-0.015810
0.065159
0.046539
0.037847
-0.116959
0.038740
-0.054668
-0.077073
0.154440
-0.071471
0.178865
0.200223
-0.130702
-0.060903
0.171297
-0.034954
0.037654
-0.085496
-0.025124
0.105179
0.168488
0.087565
-0.057499
0.000740
-0.057807
0.100661
0.190593
0.106476
0.227383
0.120969
-0.132701
-0.156629
-0.065472
0.025810
-0.046355
-0.161596
-0.026334
0.065513
0.039557
-0.058367
-0.093750
-0.040648
-0.168716
0.178112
-0.063141
0.101204
-0.043720
-0.042647
-0.007601
-0.177495
-0.012038
0.188440
0.023557
0.257921
-0.270734
0.127299
-0.056782
0.146862
0.069696
0.237694
0.107244
-0.140860
-0.155639
0.007690
0.057338
0.040023
-0.136678
-0.106530
-0.029372
-0.138713
-0.278755
-0.115231
0.178579
0.012394
0.024573
0.119200
0.003827
0.150478
0.085331
-0.126222
-0.077324
0.108199
-0.107747
-0.027783
0.133068
-0.072594
0.009193
0.047687
0.012600
0.048259
-0.097056
0.072144
-0.085133
-0.019693
0.116224
0.090458
-0.163606
-0.272903
-0.034946
-0.267468
-0.025089
-0.021718
-0.035232
-0.068476
0.132454
0.014946
0.024023
0.184982
-0.016044
-0.041905
-0.060237
-0.133599
0.172192
0.232086
-0.040119
-0.235765
0.038408
0.043729
-0.047091
0.028228
0.046651
-0.088745
0.034686
0.113036
-0.060365
-0.158024
-0.105852
-0.112517
-0.089807
0.017979
-0.079577
-0.064428
0.221545
0.106289
-0.454917
-0.038962
-0.116975
-0.059669
0.091510
0.106915
-0.275786
0.009066
0.160729
0.122668
-0.110674
0.120345
0.111383
-0.118546
0.025806
0.114697
0.084866
-0.139365
-0.070411
-0.015719
0.268637
0.145188
0.099617
-0.047800
0.115648
0.155913
0.185042
-0.001455
0.003364
-0.096019
0.260534
0.289887
0.052657
0.010806
-0.137115
0.107483
-0.038368
0.012068
0.074658
-0.083041
-0.006323
0.094094
0.139460
0.129129
0.014627
-0.448104
0.083120
-0.008709
0.071222
0.234127
0.070439
0.009293
0.007459
0.149816
0.101074
-0.204023
0.149615
-0.011234
0.233052
0.030293
-0.193461
-0.050984
-0.176386
-0.136529
-0.010713
0.192162
0.069539
-0.149412
-0.056823
-0.264035
0.032061
0.002194
0.130343
-0.118915
-0.215794
0.001425
-0.268757
0.000266
-0.343619
-0.084160
0.017892
0.186800
-0.067262
-0.120268
0.000290
0.097733
-0.034776
-0.077300
0.011403
-0.073920
-0.005480
-0.020481
0.011616
-0.098042
0.069371
0.022674
-0.223817
0.114560
0.149114
0.006562
0.211921
-0.118117
0.081368
0.027862
-0.058001
0.127390
0.080398
0.233328
0.043798
0.016376
-0.089363
0.034892
0.083443
-0.067366
0.021513
0.167479
0.043617
0.062227
-0.009640
-0.170043
0.042337
0.094858
0.181762
0.072616
-0.194716
-0.086812
-0.067179
0.162195
-0.129031
0.080270
0.128260
0.050863
-0.186367
0.128015
0.040686
0.187297
0.044525
-0.245624
-0.218180
-0.003215
0.215320
0.077456
0.129466
-0.035005
0.090047
-0.149834
-0.016591
0.029377
0.159835
-0.020635
0.131460
-0.104100
0.007569
-0.055441
-0.053601
0.089596
0.040785
-0.046884
-0.030631
0.154571
-0.149155
0.083420
-0.064099
-0.115199
0.286249
-0.035589
-0.096598
-0.221078
0.143717
-0.065917
0.101708
0.092472
0.048771
-0.266832
0.139118
0.062404
0.066777
-0.094806
-0.042995
0.235915
-0.170084
-0.093955
-0.087606
0.134795
0.085628
0.089413
0.052528
0.019246
-0.026326
0.010768
0.155392
0.148223
0.045785
-0.023395
0.182154
0.115696
-0.102333
-0.150049
0.117511
-0.062464
-0.070888
0.140168
0.178981
-0.255527
-0.092127
0.181945
0.123547
0.080887
0.059596
-0.036417
0.050506
0.019803
-0.071995
-0.116632
-0.010145
0.104940
-0.112834
0.075317
0.159436
-0.410157
-0.127342
-0.018158
0.063352
-0.072621
-0.029680
-0.085045
0.075828
0.012210
-0.046217
0.084537
-0.118980
0.183118
-0.045126
0.091275
0.195691
-0.037226
-0.129880
0.024286
-0.070283
-0.000303
0.144762
-0.056940
-0.231379
0.242853
0.190776
-0.200902
0.054292
-0.046531
-0.113295
-0.009601
0.083997
0.007493
0.144997
0.195742
-0.032306
0.288924
-0.097403
-0.209840
-0.126998
0.077501
0.163952
0.076251
0.246201
0.113009
-0.200245
-0.135559
-0.170959
-0.157487
-0.158825
-0.013530
0.177365
-0.091579
-0.010285
-0.025115
-0.022913
0.041011
0.173884
-0.068921
0.048482
-0.088651
-0.102792
-0.043627
0.198187
0.019987
-0.124917
0.022343
-0.050148
-0.029025
0.169468
0.188780
0.101375
-0.034032
-0.080705
0.106536
0.141406
-0.198404
0.087360
0.091352
0.029864
-0.242293
0.037875
-0.121643
-0.053740
0.055508
-0.145989
0.030628
-0.163909
0.033009
0.093532
-0.140167
-0.146496
0.058643
-0.090928
0.159769
0.088309
0.010968
0.110857
0.098067
-0.085649
-0.065650
0.277095
0.091457
0.154307
-0.237636
-0.307416
0.076813
-0.135671
-0.207917
0.028022
-0.033674
-0.082077
0.189311
0.200601
-0.117037
0.133129
0.017896
-0.285287
-0.159843
0.133053
-0.044563
-0.040952
0.121910
-0.305195
-0.028419
0.001907
-0.131635
0.068501
0.120815
0.204088
0.063657
0.066362
0.095532
-0.197298
0.023111
-0.069905
0.298928
0.078725
0.106628
0.082455
0.208373
0.077063
-0.002942
0.162143
-0.237993
0.053156
-0.027381
-0.021427
-0.062181
0.081090
-0.057189
-0.002841
0.022053
-0.151738
-0.049726
0.241546
0.023275
-0.115218
-0.107381
0.194666
0.035443
0.066685
0.110788
0.047675
0.057277
-0.143662
-0.015677
-0.230109
-0.173087
-0.006798
0.023718
0.145323
0.085096
0.106025
0.174899
-0.044681
-0.130086
0.083345
-0.056742
-0.117320
0.123269
0.046160
0.019886
-0.394604
0.099546
0.014434
0.154035
0.156149
0.013082
-0.129884
-0.123578
0.039126
0.281462
-0.091178
-0.041058
-0.127706
0.038104
-0.004560
0.131849
-0.128731
-0.056096
0.141596
0.078930
0.009130
0.070999
0.062107
0.158450
0.367058
0.230416
0.099472
-0.084183
0.115543
0.030584
0.011878
-0.151374
-0.127795
0.094437
-0.162316
-0.066280
-0.231909
-0.212739
-0.130338
0.005696
0.137861
-0.187840
0.082459
-0.286850
-0.179608
0.086475
0.027003
0.078864
-0.050171
0.097025
-0.042019
0.054635
-0.092152
0.261888
-0.009023
0.116243
0.064007
-0.150189
0.104331
-0.038033
-0.024498
-0.019543
-0.257581
-0.106132
-0.016732
-0.044770
0.082644
0.171426
0.135695
-0.195501
0.113284
-0.045501
0.026481
0.004024
0.171306
-0.152599
0.096939
0.177482
-0.102110
-0.086249
-0.087577
0.118367
0.125912
0.157238
-0.149291
-0.222501
0.065572
-0.208181
0.159756
0.043886
0.108982
-0.056873
-0.070816
0.053936
-0.298152
-0.128677
-0.078947
-0.113094
-0.127008
0.177832
-0.230478
0.063283
-0.162828
0.195504
0.063060
-0.126969
-0.104500
-0.000874
0.231542
0.050130
-0.074693
0.017257
0.163480
0.053259
-0.258188
-0.189862
-0.048179
-0.219085
0.048053
0.068390
-0.012703
0.035931
0.077621
-0.242737
0.071563
-0.138252
0.046505
-0.070803
0.184355
-0.222732
0.181186
0.107181
-0.110535
0.132429
0.109597
-0.081781
0.030439
0.097914
-0.017751
-0.043155
0.246400
0.123442
0.189680
0.131138
0.273763
0.151354
-0.021850
0.078460
0.068843
0.039169
0.043925
0.119784
0.143604
0.118996
-0.070542
0.077719
0.078213
0.146195
-0.020313
0.212088
-0.040341
-0.053720
0.003329
0.255764
0.112272
0.137007
0.276570
0.177558
-0.095926
0.148425
0.013391
0.193511
0.330338
-0.281320
-0.185012
0.033855
0.079580
-0.014341
-0.082804
-0.156664
0.116448
-0.058036
-0.050152
-0.065004
-0.145302
0.029305
-0.049999
0.002846
0.116909
-0.067714
0.057728
-0.062767
0.160075
-0.179372
-0.176333
-0.268538
0.027188
-0.049242
-0.134113
0.071912
0.055280
0.077323
0.012475
0.194643
-0.090195
0.136974
0.221873
-0.025308
-0.103681
-0.278811
-0.085596
-0.039863
0.025400
-0.243966
-0.026397
0.177099
0.084337
0.026999
-0.132955
0.090107
0.005823
0.041376
-0.072270
-0.010907
0.030664
0.113412
0.169981
0.004525
-0.074589
-0.096614
0.015683
0.119534
0.165115
0.134588
0.014614
-0.096547
0.147902
0.123571
-0.055667
-0.161827
0.191205
0.153418
0.177339
0.167351
0.246062
-0.252489
0.165282
-0.028641
-0.144658
-0.051024
-0.152636
-0.080909
-0.125710
0.064870
0.100687
-0.068811
0.027085
0.078935
0.100674
0.052583
-0.038844
0.055748
0.074222
0.151111
0.245668
0.067662
-0.252752
-0.026662
0.017699
-0.214270
-0.042530
0.023814
-0.234685
-0.223438
0.169536
-0.163938
-0.068436
0.017663
-0.077280
0.188860
0.010783
0.065041
0.156476
-0.106838
0.133269
0.109518
-0.030892
-0.257733
-0.103202
-0.093169
-0.379136
-0.011818
-0.083474
-0.095734
-0.028560
0.028603
0.031253
0.037676
-0.162822
-0.028511
0.140184
0.030122
0.037779
-0.053825
-0.185098
-0.071813
0.049587
0.092050
0.040406
-0.196217
0.016100
-0.288021
-0.007729
0.199022
-0.174788
0.051134
0.276485
-0.019291
0.149610
0.015993
-0.194788
0.068790
0.266046
0.092798
-0.067483
0.085423
0.262173
0.243116
0.061060
-0.089508
0.278434
0.064337
-0.200283
-0.036577
-0.017494
0.018571
0.199524
-0.131610
0.082125
0.087099
-0.274272
0.140834
0.013481
-0.278059
0.149777
-0.042271
-0.095128
0.085502
-0.048549
0.116035
0.070724
-0.030513
0.018040
0.098479
0.251763
-0.243962
-0.071674
-0.251201
0.158625
0.054310
-0.302510
-0.112895
0.148489
0.069458
-0.143065
-0.021852
-0.053334
0.101039
0.103910
-0.367646
0.025342
0.124291
0.024214
0.007273
0.029478
-0.065090
-0.036325
0.084254
0.029798
-0.023753
0.154226
0.242575
0.002427
-0.189574
0.040813
-0.127004
-0.007231
-0.003700
0.068515
0.114695
-0.035956
0.197714
-0.108470
0.046649
-0.165851
-0.050931
0.057139
0.110221
-0.050984
0.137573
-0.081466
-0.049375
-0.176074
-0.161479
-0.125739
-0.073378
0.083186
-0.067964
0.049479
-0.081477
0.097091
-0.123697
0.018246
0.027878
-0.174359
-0.303538
0.051110
-0.072335
-0.098951
0.153174
0.050610
-0.097746
-0.055861
-0.084537
-0.065254
-0.121742
0.060360
-0.315517
0.073932
0.023203
-0.071203
0.224960
0.018604
-0.015829
0.042722
0.015988
-0.282281
-0.098842
-0.039735
-0.031345
0.057340
0.193276
-0.073921
-0.038769
0.244929
0.140947
-0.003724
0.375784
0.145489
0.103564
0.026845
0.023121
-0.050080
0.095775
0.011562
0.062194
-0.070228
0.159618
0.012572
-0.057723
-0.204182
-0.014520
0.055269
0.086271
0.002644
0.050700
0.178217
-0.231152
-0.017830
-0.049068
-0.086859
0.305406
-0.001231
-0.108045
0.139722
0.091668
-0.306609
-0.025721
-0.048402
0.091132
-0.082869
0.056760
-0.071940
-0.013326
-0.185996
0.033168
-0.142154
-0.190809
0.086780
-0.095633
0.198015
0.172052
0.364908
0.042718
-0.071020
0.039132
-0.008083
-0.073393
0.009909
0.180598
0.037948
-0.032412
-0.030636
-0.182250
-0.094965
-0.015166
0.065644
-0.006617
-0.035499
0.081524
-0.054417
0.081412
-0.028757
-0.069155
0.040200
-0.168745
0.033162
0.144398
0.086231
0.099634
0.038722
0.052557
-0.028263
-0.181358
-0.177916
0.006189
0.065687
-0.059784
0.138038
-0.056739
0.078315
0.147498
-0.049569
0.023290
0.173240
0.154997
0.105419
-0.083427
0.252421
-0.092460
-0.148020
-0.059244
-0.083340
0.035918
0.062890
-0.048461
-0.064721
-0.154705
-0.105821
-0.180216
-0.006127
0.051876
-0.061604
0.258380
0.030135
-0.058820
-0.050170
0.108594
0.224239
0.075838
-0.466647
0.013440
0.098637
-0.022717
0.010870
0.114221
-0.098806
-0.039080
-0.040847
0.191852
-0.189580
0.047511
0.076483
-0.067788
0.055927
-0.201268
-0.031634
-0.041795
0.280986
-0.201114
0.081359
-0.004435
-0.080364
-0.011813
0.159855
0.040446
0.169382
-0.067742
0.082173
0.000733
-0.040139
-0.126387
-0.140398
0.042469
0.082322
0.062427
-0.152490
0.184136
-0.025349
0.031888
-0.149649
-0.137615
-0.014697
0.144525
-0.105727
-0.066514
-0.074305
0.182097
-0.001460
-0.380430
0.192488
0.272310
0.029332
0.113329
-0.035392
-0.042388
-0.047211
0.043139
-0.321939
0.094820
0.044721
-0.395978
-0.055834
-0.003720
-0.004960
-0.414030
-0.113926
0.097416
-0.041724
0.049072
0.088381
0.005319
-0.004161
0.297771
0.158167
-0.013844
-0.115097
-0.160284
0.134400
-0.039573
0.111528
-0.060415
-0.033009
0.032881
0.125825
0.176367
-0.017178
0.033146
0.053022
0.124505
-0.066525
-0.009270
-0.135382
0.060058
0.280261
-0.182178
0.028960
-0.015735
-0.074976
-0.112790
0.308241
-0.075299
-0.030323
-0.047637
0.166891
-0.157347
-0.069597
0.052497
0.090709
0.135577
-0.102263
-0.247927
0.053849
-0.007424
-0.162666
0.083462
-0.051291
0.057242
-0.169519
0.075035
0.082554
-0.105414
-0.065576
0.132253
0.120066
0.177287
0.006176
0.030647
-0.007448
-0.133283
-0.136747
-0.153176
-0.189561
0.166230
-0.141960
-0.014529
-0.065037
-0.209303
0.130629
-0.070375
0.017260
-0.141695
0.168855
-0.069720
0.165563
0.022421
-0.081938
-0.198683
0.035094
-0.185277
0.108544
-0.117110
-0.116815
0.194528
0.219294
-0.053946
-0.012159
-0.185792
0.064040
-0.057797
0.104338
-0.025014
-0.243540
-0.130135
0.043688
0.020698
0.189408
0.071027
-0.017213
-0.101485
0.074880
0.000184
0.115684
-0.091599
0.023418
-0.120298
0.130597
0.129809
0.278043
-0.053402
-0.031402
0.037694
-0.076200
-0.145473
-0.053526
-0.010521
-0.090638
0.070369
0.304063
0.048451
0.062297
0.012247
-0.006387
0.207600
0.085964
0.141803
0.121645
0.009062
0.182156
-0.030637
0.085597
0.086969
0.093391
-0.009272
0.125327
-0.030684
0.165358
0.065929
-0.135322
0.142028
-0.055665
0.178263
0.111309
-0.028533
0.132450
-0.099678
0.055118
0.076308
-0.182770
0.287187
0.064571
-0.163493
0.177311
-0.137307
-0.234422
-0.076983
0.027878
0.130477
0.031041
-0.213626
-0.065219
-0.070798
0.035222
-0.179682
0.151742
-0.227513
0.106880
-0.022801
-0.192018
-0.058297
-0.043774
-0.305688
-0.317884
-0.175058
0.027117
0.168773
0.061594
-0.100130
-0.057801
-0.080686
-0.031381
0.039696
-0.033334
-0.074283
-0.073587
0.109905
-0.109149
-0.033063
0.092859
-0.196824
-0.041397
-0.120481
-0.031246
-0.062854
0.112153
-0.066530
-0.063219
0.072197
0.006243
-0.109582
0.041195
-0.089124
0.046888
-0.019671
0.049417
0.048133
-0.095478
-0.071342
-0.051276
0.023115
-0.203262
-0.051994
0.151361
-0.001838
-0.005302
-0.160373
-0.209456
-0.094354
-0.081113
0.160286
0.106317
0.103868
-0.147441
0.028858
-0.246276
0.231666
-0.094153
0.137438
-0.299349
-0.152134
-0.237756
-0.257191
0.001722
0.213586
0.021051
0.064198
-0.051977
-0.097506
-0.065344
0.112508
0.111779
-0.293328
-0.083266
-0.159161
0.076372
0.189346
-0.013334
0.099380
-0.235203
-0.008859
-0.077578
0.225428
-0.021679
-0.092897
-0.030118
-0.128214
-0.120706
-0.129430
0.140396
0.104461
-0.027967
-0.135705
-0.044549
-0.131069
0.024028
-0.270328
-0.186097
0.021180
-0.064549
0.038474
0.119282
-0.184314
0.019819
0.088875
-0.006989
-0.105240
0.041946
0.154006
-0.142089
0.000980
-0.035026
-0.006308
0.068454
0.175505
-0.172276
0.234166
-0.155529
0.009158
0.146885
0.064386
-0.080389
0.144303
0.096513
0.111236
-0.071382
0.078726
0.012686
0.012248
0.021751
-0.107214
-0.112714
0.156314
-0.191661
-0.118971
-0.281343
-0.079024
-0.198117
-0.243594
-0.041642
0.028770
-0.033374
0.161847
0.160543
0.016680
-0.047669
0.154973
-0.012496
-0.001918
0.221093
-0.047423
0.104494
-0.177729
-0.065599
-0.461674
0.190921
-0.155685
-0.153502
0.089158
0.058322
0.024014
-0.098980
-0.225184
-0.188130
0.100606
-0.264307
0.010063
-0.158971
-0.226247
0.103534
-0.075656
-0.057811
-0.166485
0.138885
-0.066903
-0.177393
0.053079
-0.029479
-0.001518
0.206605
0.014987
0.000583
-0.267419
-0.042523
0.052362
0.076803
0.001239
0.126714
0.205305
-0.181487
-0.267781
-0.356860
-0.283049
-0.044748
0.048807
0.051780
0.106579
-0.308810
0.018435
0.240840
0.140633
0.075069
0.214417
0.052908
-0.207193
-0.091076
-0.141586
0.054877
0.006971
-0.039762
0.117296
0.098134
-0.093916
-0.107094
0.006808
0.123911
-0.014225
-0.030497
0.034190
0.028497
0.079263
0.288426
-0.076050
0.082130
-0.075310
0.073008
0.033853
0.088841
-0.113060
-0.148126
-0.042271
0.079053
-0.162629
-0.085680
-0.072302
0.255193
0.129540
0.090378
-0.084018
0.041465
0.111447
0.107029
-0.185337
0.229939
-0.074180
-0.097424
0.006665
0.082961
-0.186785
-0.169916
-0.295980
-0.125111
0.108933
0.026388
0.127222
0.152470
0.132465
-0.026348
-0.008658
-0.059511
-0.076936
-0.136380
0.185431
0.107608
0.041872
-0.099032
0.011384
-0.025154
0.242002
-0.117777
0.194186
0.036677
-0.033170
0.013910
0.074028
0.019097
0.049440
0.009786
0.081446
-0.243095
-0.062986
0.219719
0.089007
-0.050163
0.018614
0.011960
-0.230258
0.138859
0.159345
0.090443
0.052836
-0.018009
-0.135346
-0.032121
0.234452
0.022243
0.035102
-0.180277
0.283696
0.027408
0.060162
-0.127232
-0.217762
0.158957
-0.099036
0.177359
0.016141
-0.047021
0.000536
-0.104163
-0.260346
0.202369
-0.032004
-0.076140
-0.142032
0.001602
0.066483
0.014951
-0.047141
-0.183139
0.293202
0.136406
-0.079732
0.046426
-0.042959
-0.068711
-0.272607
-0.005935
0.217203
0.008172
0.107414
-0.149106
-0.157012
-0.039465
0.166681
-0.032936
0.186716
0.148380
-0.286881
-0.032843
-0.097167
0.079056
-0.093553
0.032730
-0.127177
-0.123203
-0.082801
0.031766
-0.070975
0.141238
0.076142
-0.254873
0.002009
-0.192437
0.008075
-0.021773
0.188965
0.328979
-0.166372
-0.068693
-0.081146
0.008862
0.235011
0.086518
-0.092951
0.095101
0.074988
0.046448
-0.273684
0.086149
0.264468
0.043324
0.047255
-0.057969
-0.046883
0.121654
0.005457
0.055543
-0.083343
-0.010652
0.028744
-0.128497
-0.012027
0.159769
-0.046424
-0.128605
0.307328
-0.220948
0.111496
0.071135
0.049112
-0.243769
-0.258293
-0.103274
0.028206
0.073844
0.140509
-0.082975
-0.100541
-0.031395
0.162399
0.076158
-0.241259
0.050088
0.213777
0.255475
0.124255
0.035815
-0.058673
0.209558
0.318853
0.085551
-0.083754
0.233144
-0.022794
-0.116805
-0.010258
0.128425
-0.026315
0.159992
0.024555
-0.158663
-0.039134
0.190449
-0.273177
0.142017
0.225590
-0.010987
-0.160833
-0.045924
-0.171219
-0.088991
-0.043482
-0.012935
0.026377
-0.004091
0.111176
0.160416
0.085533
-0.115359
-0.054051
0.015606
0.105474
-0.013866
-0.140753
0.151417
-0.086893
-0.035668
-0.075015
0.040121
-0.030560
0.039619
-0.099553
-0.068369
-0.055816
0.127572
-0.063790
0.093194
0.111420
0.096337
0.046418
0.063648
0.004149
0.007971
0.105589
-0.228169
-0.104705
-0.122995
0.247854
0.096120
0.225494
0.092853
-0.182911
-0.051814
0.025475
-0.118041
0.030090
-0.024907
0.136467
-0.051594
-0.064036
-0.054159
-0.171621
-0.110133
0.024362
0.041898
0.193170
0.153781
-0.189907
-0.007108
0.006865
-0.277105
-0.044544
-0.078441
-0.159146
0.021505
-0.267415
-0.043086
-0.194122
0.262330
0.078169
0.007877
0.160185
0.062484
-0.123424
0.191981
0.318971
-0.076020
0.137045
0.039215
0.083296
0.156923
-0.164286
-0.003291
-0.089910
-0.056946
0.070498
-0.299847
-0.169630
-0.116291
0.145988
-0.067904
-0.064437
0.109866
-0.300395
-0.138429
0.053773
0.005739
0.064022
0.023034
0.126588
-0.022009
0.048119
-0.105952
-0.146414
0.231974
0.122268
-0.053320
0.039266
-0.029908
-0.220871
-0.192748
0.105966
-0.098188
-0.214247
-0.018677
-0.082188
0.149457
0.176443
-0.069202
-0.044035
-0.207441
-0.068486
-0.149517
-0.071260
-0.086681
-0.044277
0.068851
-0.144971
0.123878
0.111463
-0.058569
-0.160146
0.126461
-0.181981
0.046472
0.195886
0.055650
0.060929
0.064795
-0.048700
0.061519
0.272973
-0.034413
0.049963
-0.034513
-0.219230
0.087792
0.082405
-0.099831
-0.020637
-0.006806
0.029914
0.134215
-0.018276
0.019571
0.164794
-0.062399
-0.034364
0.097801
-0.128716
0.021128
-0.310202
-0.113133
-0.019137
0.057521
0.108678
0.005029
-0.058006
-0.094242
-0.009199
0.096473
0.224467
0.014999
-0.003366
0.180506
-0.033269
-0.325028
0.222281
0.200549
0.261123
0.043599
-0.221403
-0.067371
-0.034907
0.022444
0.242363
-0.211973
-0.185739
-0.087441
0.084884
-0.211007
0.106388
-0.014018
0.043272
0.007218
-0.273455
-0.053148
0.024770
0.110813
0.285393
0.160235
-0.074844
-0.135340
-0.113024
-0.029897
0.095118
0.116124
0.084827
-0.240004
0.189641
-0.152496
-0.156915
0.053117
-0.083467
-0.089113
0.022974
0.066661
-0.054161
0.030695
-0.061399
0.102078
-0.011446
-0.145642
0.208649
0.134477
0.005044
-0.225784
0.007007
-0.007252
-0.052620
-0.196489
-0.058729
0.006123
-0.271399
-0.175536
-0.007166
-0.089497
-0.021515
0.019964
-0.101867
-0.026438
-0.012600
0.153011
0.107878
0.207469
-0.036965
0.119464
-0.067131
0.065893
-0.157936
0.006821
-0.105241
-0.086363
-0.057257
-0.225929
0.004315
-0.200164
0.117887
0.192951
0.212481
0.134468
0.112913
-0.132652
0.126194
-0.014683
-0.009403
0.034346
-0.053619
0.057714
0.059154
-0.055165
-0.093323
-0.287214
0.014356
-0.247714
0.123438
-0.091651
-0.156683
0.045283
-0.153723
0.145501
-0.143462
-0.239338
-0.078904
0.248014
0.189186
0.186165
0.088510
-0.103561
0.046419
-0.001551
-0.024963
0.119446
-0.201167
-0.200866
0.169743
-0.186116
-0.016518
-0.169721
0.034909
0.101993
-0.015022
0.038655
-0.035047
0.182211
0.019549
0.063026
0.053772
-0.265503
0.011452
-0.162838
0.115038
-0.097655
-0.166179
-0.004802
-0.007917
0.220780
0.086988
-0.010807
0.080411
-0.020571
-0.000251
-0.073290
0.042923
-0.045944
0.032966
-0.110483
0.112770
0.020794
-0.178274
-0.101853
-0.038449
0.100832
-0.166988
0.050111
0.112879
-0.027439
-0.163967
-0.006937
0.086037
0.116171
-0.093264
0.009736
-0.151591
-0.000012
0.043003
0.051979
-0.187395
0.018791
-0.127774
0.105531
-0.041241
0.029581
0.053742
-0.075809
0.090079
0.165879
-0.023678
-0.052536
0.279876
-0.118056
-0.008990
0.226127
-0.077027
-0.172202
0.130958
-0.112578
-0.105029
0.025742
0.027078
-0.086209
0.010845
-0.099522
-0.136533
-0.053387
0.136575
0.387716
0.067150
-0.142100
0.103075
-0.182056
0.003701
-0.036419
0.141241
0.005555
0.053458
0.065550
0.068025
-0.018345
0.129371
0.061021
-0.098785
0.207920
0.048787
-0.080539
0.005186
0.054233
0.017302
0.055235
0.106314
0.074275
-0.086803
-0.153335
0.034571
-0.179513
0.155419
0.015133
-0.081146
0.218883
0.108347
-0.055468
-0.152377
-0.226378
-0.034008
-0.105637
-0.192142
0.083492
-0.037028
0.003261
-0.125543
0.142440
0.003668
-0.215442
-0.069049
-0.016040
0.189215
-0.214092
-0.114717
-0.031544
-0.035112
-0.111736
-0.213261
-0.081556
-0.203379
0.053348
-0.030723
0.361245
0.090241
0.170743
0.012118
-0.050303
0.439553
0.145022
0.163304
-0.197614
-0.036509
-0.140034
-0.038101
-0.118073
0.008996
0.124342
-0.101763
0.052175
0.093877
-0.012040
0.135599
-0.077974
-0.025373
0.035647
0.029892
0.207482
0.068027
0.052776
-0.134426
-0.069082
0.055290
-0.012048
0.096479
-0.229862
0.095440
-0.138269
0.028340
0.049914
-0.300670
0.123677
0.317513
0.094179
-0.055326
-0.006595
0.137790
-0.122470
-0.071615
-0.081810
0.097817
0.123072
-0.114685
-0.028304
-0.028247
-0.018966
-0.023515
-0.050832
0.020430
-0.234313
-0.145934
0.019198
-0.027913
0.263040
-0.058876
0.206459
-0.005084
-0.300341
0.093667
-0.020362
0.038639
-0.149323
-0.252993
-0.192773
0.122762
-0.067415
-0.158702
-0.231498
-0.076772
0.102255
-0.031583
0.107110
-0.167581
-0.109405
-0.226747
-0.031639
-0.006894
0.267772
-0.066132
-0.175428
0.004078
-0.106147
-0.136944
0.215699
-0.019065
-0.024267
0.021260
-0.025570
0.034169
-0.011912
0.076511
0.132991
0.168065
0.130243
-0.126534
0.134039
0.013969
0.048753
-0.072589
0.216798
-0.004747
-0.431872
0.083745
0.049517
0.075759
-0.093542
-0.060880
0.175453
0.168430
0.302372
0.053441
0.091717
-0.032185
0.031990
0.088984
0.028075
-0.110856
0.085992
0.168235
0.073459
-0.022082
-0.042520
-0.043809
-0.097447
0.013866
-0.037481
-0.011548
-0.015979
-0.483011
0.015521
0.028864
0.213071
0.041723
0.179480
0.072552
0.106572
-0.146784
0.448314
-0.165496
-0.022104
0.243366
0.333658
0.158086
0.013072
-0.087260
-0.106193
-0.024713
-0.201669
-0.031399
-0.243486
0.136257
0.108696
-0.117198
-0.102805
0.093469
0.129955
-0.340320
-0.151803
-0.029897
-0.061319
-0.082089
-0.051962
0.162827
0.081827
-0.161572
-0.063943
-0.076489
-0.065630
0.007992
0.132306
0.215231
0.005268
-0.182346
-0.037993
-0.014066
-0.157623
-0.008056
-0.003082
-0.166723
-0.147112
-0.295415
0.044590
-0.002019
0.006678
-0.102253
-0.213438
-0.135741
-0.080310
-0.046872
-0.146715
-0.010267
-0.009243
-0.169888
-0.157409
-0.032997
-0.019019
0.032996
-0.026671
0.235083
0.074738
-0.233702
-0.100794
-0.010526
0.107263
-0.157849
-0.081265
0.014417
-0.155659
-0.087315
0.087267
0.102904
-0.090687
0.109330
-0.012291
-0.380181
-0.067271
0.248493
-0.253510
0.080023
-0.011053
0.187999
-0.029725
-0.092089
-0.111821
0.076449
-0.053668
0.053842
0.049518
0.103821
0.041110
0.246238
0.042649
-0.082347
-0.165789
-0.053889
0.075085
-0.011618
-0.021336
0.031954
-0.088237
-0.020511
-0.197995
0.113245
-0.136254
0.028823
-0.104191
-0.020098
-0.107331
-0.016670
-0.115419
0.101816
0.088003
0.086451
0.158940
-0.026948
-0.095861
0.052469
0.010263
0.173835
-0.040514
0.201468
0.257393
-0.122718
0.183427
0.117210
0.218876
0.035930
-0.033392
-0.102928
0.023053
0.300533
0.089681
0.041450
0.005784
-0.080166
0.120946
0.026952
-0.047029
0.211394
0.149055
-0.004451
-0.104651
0.252376
0.090092
0.045654
-0.079430
-0.035505
0.009100
0.097487
0.134862
0.064230
0.112403
0.010918
0.157653
-0.025603
-0.151480
0.129955
-0.073111
-0.074261
-0.083349
-0.175662
0.030467
-0.073114
-0.100641
0.073720
-0.029830
0.146893
0.087461
0.172728
-0.126368
0.160142
-0.005356
0.060206
0.094912
0.192252
-0.119446
0.198277
-0.096227
0.065613
-0.117130
0.009155
-0.068771
0.035457
-0.020261
-0.032423
-0.049019
0.015798
0.068370
-0.108371
-0.129924
0.090607
0.136870
-0.088219
-0.101513
0.200653
0.252171
-0.149292
-0.009558
-0.102455
-0.008698
-0.061983
0.130106
0.156498
0.080367
-0.175283
0.131630
-0.130296
0.111352
0.064039
0.033246
0.112402
-0.020079
0.067240
-0.171621
0.020810
-0.051434
0.094957
0.000932
-0.009527
-0.010686
-0.011035
-0.279783
-0.133716
0.102741
0.034972
-0.174864
-0.032330
-0.071151
0.001796
0.001208
-0.104691
-0.068087
0.051021
0.094961
0.064268
-0.213819
0.157954
-0.320518
0.115562
0.256771
-0.194669
-0.214381
0.038846
-0.069501
-0.020280
0.049570
-0.088684
0.011745
-0.083648
0.161228
-0.250478
-0.048601
-0.170297
0.117463
-0.169381
-0.107111
0.019169
0.130919
-0.026049
-0.111258
0.185188
0.034667
0.041545
-0.083108
0.106207
-0.061565
0.008228
0.060370
0.043532
-0.150091
0.002952
0.088419
-0.009741
-0.121977
0.144987
0.040344
0.107532
0.176196
-0.031211
-0.046510
0.147878
-0.083578
0.061963
-0.081689
-0.096689
-0.024357
-0.014473
-0.241363
-0.167471
-0.089325
-0.026993
0.060341
0.017200
-0.120687
-0.077856
-0.013549
0.092416
-0.027851
0.226240
0.023082
-0.068834
0.135286
-0.033134
-0.106211
0.019811
-0.140422
-0.055611
0.269600
-0.068517
-0.126932
0.063747
0.106347
-0.118074
0.042260
0.209371
-0.052286
-0.140884
0.197547
0.223092
0.012269
-0.085189
-0.067278
0.171137
-0.020372
0.092284
-0.141480
-0.089239
-0.054677
0.083529
-0.017316
-0.041006
0.190729
-0.201566
-0.035351
-0.086949
-0.232916
0.092616
-0.326667
0.203895
0.052184
-0.018785
-0.066995
0.063377
-0.069288
0.084310
0.153969
0.013291
-0.099004
0.051964
-0.332406
0.105669
-0.146739
0.131438
-0.047974
0.097393
-0.277757
0.033023
-0.149842
-0.031498
0.237402
-0.038308
0.060490
0.042728
0.158107
0.014888
-0.017391
-0.272414
-0.002108
0.144729
-0.121920
-0.128338
0.184094
0.000044
0.074328
0.314308
0.025015
0.028330
-0.048430
-0.018979
-0.142346
-0.205556
0.143826
-0.002789
-0.144499
0.240690
0.030976
-0.041301
-0.063603
0.079194
-0.003739
-0.031728
0.005108
0.084651
0.030766
0.097504
0.116460
-0.144617
0.078878
0.062288
-0.184137
0.013879
0.069359
0.035483
0.078227
0.033192
-0.029843
-0.240947
0.230762
-0.008146
-0.029494
-0.219439
0.086050
0.139192
-0.174761
0.138762
0.153312
-0.159081
0.123235
0.219382
-0.053915
-0.026162
0.110293
0.051620
0.026160
-0.156248
0.123967
0.041107
-0.247431
-0.122365
0.064687
-0.021116
-0.137962
0.134151
0.112010
0.215176
0.024392
-0.099935
0.023614
-0.054920
0.304783
-0.077167
-0.094496
-0.170205
0.095946
0.096377
-0.358375
0.117504
0.141823
0.053700
0.011523
-0.134637
0.120002
-0.047890
0.063269
-0.287013
0.014523
0.224008
0.057774
0.023544
-0.069511
-0.012480
0.031950
-0.221045
0.128114
0.201445
-0.053660
-0.118162
0.021481
0.317901
0.091999
0.047073
-0.195293
0.176248
0.080759
0.134474
-0.021588
0.202932
-0.139674
0.150221
0.030489
0.113362
0.163222
-0.132683
-0.017666
-0.090769
-0.053211
-0.200637
0.053295
-0.082791
0.244260
0.087078
-0.074110
0.082158
-0.054472
0.125221
0.027894
0.227369
0.022093
0.017612
0.119476
-0.073941
0.289376
0.246777
0.024833
0.028227
-0.106569
0.259654
0.048485
0.013565
-0.102655
-0.002792
0.120324
-0.069891
0.016515
0.244606
0.101991
-0.222814
-0.051459
0.207248
-0.180855
0.129176
0.107471
-0.124102
0.106905
-0.430128
-0.067325
-0.080732
0.195428
-0.207838
0.106217
0.229623
0.012545
0.018194
0.314477
-0.003356
0.189730
-0.198151
0.013993
-0.046059
0.029141
0.148169
-0.095335
0.012006
0.018868
0.093315
-0.302037
0.164736
0.090207
0.009358
0.000591
0.069876
0.270959
-0.083503
0.024582
-0.169611
-0.137919
-0.224382
-0.092646
0.209285
0.065387
-0.008857
0.054621
-0.263623
-0.206684
-0.119534
0.041354
0.007126
0.079190
-0.078251
-0.003150
-0.147507
-0.283602
-0.140939
0.087134
-0.211814
0.030264
0.065796
-0.105694
-0.044560
-0.256645
-0.123716
0.093302
0.208393
-0.016285
-0.012093
-0.214479
-0.198238
0.070092
0.054097
0.104870
0.055115
0.219349
0.116873
-0.062438
0.061691
0.051856
-0.073342
-0.029443
0.071610
0.194352
0.064752
0.286504
0.008044
0.053938
0.185605
0.065298
0.040306
-0.034557
0.074663
-0.049961
-0.164365
0.138477
0.051328
-0.017021
0.002721
-0.011804
-0.258888
0.078047
-0.004235
0.112707
0.045421
0.048555
0.074166
0.015261
-0.065030
0.049966
0.099295
0.172292
0.003323
-0.108148
0.086686
-0.005213
0.104022
0.001788
0.037626
-0.109724
0.170477
-0.202656
0.075095
0.040624
-0.052637
-0.007888
-0.326377
-0.239377
-0.142314
-0.182987
-0.085886
-0.086649
-0.173945
0.203832
0.041972
-0.008397
-0.155732
-0.021410
-0.001867
-0.028778
-0.140123
0.114871
-0.046770
-0.011176
-0.196121
0.046719
-0.008897
0.047543
0.025562
0.003212
-0.029832
-0.246853
0.095808
-0.055225
-0.005128
0.059529
0.001750
0.153583
0.133747
0.015551
-0.032477
-0.204017
-0.103597
-0.044299
-0.273895
-0.163323
-0.057030
-0.036747
-0.025232
-0.022617
0.059612
0.055556
-0.056433
-0.061296
0.044713
0.111387
-0.122082
0.052539
-0.109387
-0.056695
0.008388
0.206532
0.196492
0.110956
0.093490
-0.103683
-0.116083
0.084041
0.202874
-0.154875
0.063188
0.063028
-0.132686
0.155160
0.046811
-0.160272
0.035421
0.178180
-0.115733
0.106112
0.033111
0.105351
0.189266
0.094328
-0.070906
0.263961
0.001560
-0.181226
0.026239
-0.147141
-0.056985
-0.108298
0.075200
0.128988
0.090235
0.028914
-0.128060
0.020992
0.066297
0.192691
-0.081275
0.042703
0.109578
-0.168152
-0.100231
-0.140873
0.276817
-0.100824
0.091041
-0.063990
-0.203876
-0.249271
0.062837
0.139729
-0.047035
-0.176244
0.100370
-0.022587
0.092901
0.002318
-0.003531
-0.077027
-0.032400
0.004803
0.085732
0.077668
0.053628
-0.036709
0.061139
-0.102609
0.037899
0.024769
-0.018228
0.024733
-0.066009
0.059498
0.105584
-0.213078
0.086733
0.166262
-0.040612
0.253034
-0.055971
0.209921
0.174843
0.226471
-0.091879
-0.088829
-0.040677
0.117543
0.262131
-0.165890
0.159686
0.013050
-0.022926
0.098867
0.217294
0.107590
-0.005029
-0.207947
0.021398
-0.069274
0.139586
-0.172566
0.117381
-0.097553
0.033921
0.017369
-0.035808
-0.141411
0.096770
0.171964
-0.084867
0.058804
-0.280097
-0.002686
0.114545
0.151259
0.005441
0.098513
0.023097
0.094476
0.025559
-0.237313
0.005894
0.025272
-0.097200
0.008768
0.028703
-0.089897
0.020610
0.253342
0.210604
-0.026628
-0.025192
-0.037609
-0.207099
-0.148854
0.221295
0.006562
-0.136060
0.098236
0.075402
0.015581
-0.291963
-0.010794
-0.169107
0.096977
-0.031475
0.111841
0.037699
-0.055028
0.128810
0.035777
0.026453
-0.070102
-0.002119
0.057350
-0.248449
-0.142589
0.009543
0.191895
-0.159531
-0.103630
0.069706
-0.149290
-0.076838
-0.095925
-0.039136
-0.005082
0.114559
0.065680
-0.167422
0.111334
0.135350
-0.146916
-0.151641
0.174104
-0.125131
0.050514
0.022057
0.081985
-0.041373
0.025876
0.150796
-0.090324
-0.112063
-0.157708
0.043856
-0.085140
-0.114448
-0.185965
0.096423
-0.067049
-0.148225
-0.158576
0.223116
-0.074314
-0.059773
0.060129
0.119172
0.059160
0.205821
-0.172489
0.050657
-0.038583
0.082843
-0.005167
-0.017269
0.055334
0.147235
-0.040947
-0.349558
0.141950
0.172431
0.219674
0.348459
-0.044286
-0.170889
-0.079727
-0.011956
-0.169121
0.065632
0.173710
0.222602
0.011828
0.176966
-0.167921
-0.096370
-0.152310
-0.124523
-0.061851
-0.097709
-0.012579
0.060535
-0.022570
-0.009968
0.028813
-0.046592
-0.002841
-0.196678
0.022108
0.106092
0.030236
-0.145110
0.286640
0.032878
0.036800
0.016584
-0.208099
-0.129582
-0.005727
0.288153
0.007048
0.006315
-0.104020
-0.027228
-0.008846
-0.312863
0.199597
-0.070985
0.232862
-0.132246
0.141823
-0.013255
-0.057045
0.213370
0.061319
0.023474
0.036337
0.068584
-0.035663
0.129189
0.184035
-0.103611
-0.115030
-0.080618
-0.031565
0.105684
0.152444
0.031399
0.007188
0.043629
-0.263245
-0.182167
-0.133367
-0.104541
-0.184054
0.119484
-0.039322
0.024674
-0.046953
-0.083874
0.042609
-0.056506
0.053327
-0.195245
-0.066929
-0.150415
-0.053729
0.116129
0.089781
-0.029430
0.015880
0.065308
-0.181314
-0.000145
0.146683
-0.036426
-0.048548
0.143430
0.114737
-0.226557
-0.017591
0.073077
-0.163090
0.107927
-0.077525
0.069555
0.028626
0.031230
-0.152563
-0.211895
0.122138
-0.049372
0.362423
-0.261935
-0.111320
-0.071997
-0.138551
-0.086647
-0.324557
-0.141987
-0.054624
-0.098877
0.081202
0.017062
0.144811
-0.178698
0.001718
0.253415
0.165325
-0.051960
-0.079692
-0.070778
-0.144980
0.100065
0.114972
-0.257377
0.099423
-0.012505
0.005146
0.215052
0.215130
-0.115362
-0.077927
-0.138978
-0.105724
-0.011491
0.124359
-0.039936
0.164020
0.044476
-0.050766
0.028881
0.005704
0.178665
0.287134
0.086543
-0.098660
-0.027269
0.165501
-0.027490
-0.100077
0.004641
0.179001
-0.108402
0.090672
0.017752
-0.148712
0.176696
-0.023875
-0.032038
-0.056353
0.308539
0.073714
-0.081689
0.196231
-0.081144
0.186359
-0.145360
0.021736
0.104516
0.002331
-0.089563
0.058011
-0.118411
-0.077431
0.132565
0.061969
-0.181038
-0.171644
0.067284
-0.173187
0.105370
-0.020593
-0.069674
-0.183281
-0.021488
-0.056503
-0.018336
0.061225
-0.104580
-0.170721
0.079188
0.120659
-0.009225
-0.084591
-0.164412
-0.011467
-0.021366
-0.000278
-0.105392
0.044034
0.159043
0.188520
-0.044936
0.097187
-0.017018
-0.252555
-0.249247
0.010163
0.225050
-0.058158
0.030879
-0.137631
-0.055922
0.014805
-0.053445
-0.070858
0.033833
-0.039893
-0.062662
-0.100609
-0.140871
-0.073512
0.020570
-0.263528
0.012626
0.198587
0.096756
-0.002427
-0.011466
0.231367
-0.075687
0.271569
0.058550
-0.061597
-0.075876
0.019984
-0.244550
0.121051
0.074042
0.046991
-0.042774
0.106346
0.188365
-0.029664
-0.012646
-0.034159
-0.169850
0.080222
-0.018213
0.025039
-0.032910
-0.094668
-0.139194
-0.005465
0.297051
0.025773
0.040939
0.127865
-0.017811
0.083112
0.146057
-0.012214
0.060358
-0.203806
-0.008895
0.042757
0.070685
0.029551
-0.034733
-0.127893
0.098260
-0.082572
-0.105360
-0.201131
0.146259
0.100501
-0.084346
0.087621
-0.063589
0.043641
0.058084
-0.056498
-0.208166
0.062787
0.100805
-0.063350
-0.199217
-0.219864
-0.103491
0.087903
-0.223646
0.036007
-0.034397
0.192987
0.082075
0.121995
0.144525
-0.027514
-0.038713
0.074608
0.171742
-0.092245
-0.054035
0.182683
0.198179
0.059649
-0.138659
0.100699
0.188922
0.148594
-0.002905
-0.212098
-0.061629
-0.089483
-0.052864
0.055241
0.015389
-0.076156
0.063867
0.051629
0.091821
0.023340
-0.173544
-0.114953
0.030787
-0.047415
-0.007217
0.348020
-0.125913
-0.118224
0.011263
-0.094772
-0.193775
-0.168201
0.037335
-0.147991
0.012912
0.020815
-0.003857
-0.122659
-0.226551
0.046291
-0.170813
-0.073389
-0.109868
0.009031
0.426042
0.116568
-0.068418
-0.127305
0.097671
0.008402
0.097381
0.099367
-0.041446
-0.226436
-0.074895
0.032740
0.090875
-0.161939
-0.239294
0.218158
0.099535
0.103466
0.053463
0.056242
-0.111057
-0.241409
0.166680
-0.080940
0.122550
0.113468
-0.040164
-0.056644
-0.104333
0.258237
0.139721
-0.145405
0.038056
0.009057
-0.083086
0.244159
-0.384894
0.078794
-0.011065
-0.056951
-0.071179
-0.087402
-0.209523
-0.239142
-0.096726
0.185269
-0.042095
-0.082011
0.049503
-0.166818
-0.004994
-0.098845
-0.112644
0.021342
-0.151597
0.079991
-0.071924
-0.088699
-0.174163
-0.078352
0.128985
-0.040631
0.002975
-0.033777
-0.003050
0.066756
-0.025786
-0.043388
-0.126405
-0.198209
0.035216
0.076876
0.070867
-0.138241
-0.096786
0.057578
0.195721
-0.031042
-0.008624
-0.134512
0.037855
-0.120369
-0.162283
0.110448
0.052913
-0.083431
-0.089505
0.268524
-0.088112
0.006133
-0.041406
-0.149289
0.080355
-0.266852
0.267818
-0.029555
0.077380
0.120282
-0.317426
0.080664
0.159315
-0.125935
-0.105260
-0.052921
-0.089166
-0.075665
0.083949
-0.102097
0.173304
0.014268
-0.153164
0.000438
0.036066
-0.151408
0.085376
-0.297597
-0.111379
-0.029759
-0.293826
0.204216
-0.001830
-0.039632
0.155630
0.224685
0.138244
-0.130692
-0.024864
-0.129313
-0.129586
0.202594
0.110738
-0.164536
0.150390
0.030558
0.169361
0.177921
-0.170499
-0.126368
-0.058102
-0.020640
-0.201374
0.305673
-0.027613
0.159490
-0.091499
0.035154
0.032811
0.080871
-0.049177
-0.143024
0.030050
-0.132894
0.095143
-0.193999
-0.009397
-0.092702
0.062484
-0.195841
-0.172275
-0.112571
-0.088026
0.084420
-0.012315
0.294950
0.099937
0.232381
0.097501
0.171870
0.090201
-0.378791
-0.106719
0.007666
0.195030
-0.018371
0.028311
0.256641
-0.134686
-0.276025
0.063030
-0.076159
-0.005175
-0.017119
-0.139910
0.211709
-0.029958
0.085498
0.160161
-0.255566
-0.148874
-0.218542
0.022565
0.075698
0.116061
-0.035820
-0.335198
0.138968
0.079617
-0.122963
-0.023506
0.088011
-0.181973
0.054362
0.055800
0.043871
0.141266
0.034153
-0.129198
0.185344
-0.015977
-0.162195
0.179959
0.006588
0.206841
0.010624
0.088824
-0.041517
-0.025832
-0.023761
0.123193
0.305849
-0.078506
0.144044
-0.092379
0.015501
-0.061759
0.142695
0.158467
-0.061203
0.017064
-0.062788
-0.022606
-0.096482
-0.000405
-0.018293
0.123448
0.281567
-0.089260
-0.066224
0.116115
0.135182
-0.170945
0.013743
-0.086216
0.303525
-0.000055
0.041059
0.045833
0.149852
0.162237
-0.011696
0.056502
0.043566
0.027334
-0.024814
0.038612
0.008053
0.094643
0.007343
-0.101979
-0.102949
-0.018575
-0.039008
0.072851
-0.097721
-0.365804
-0.051511
-0.058971
-0.039549
-0.045848
-0.027224
0.056054
-0.152645
0.187756
-0.151830
-0.050728
0.022204
-0.005824
-0.195647
0.125779
0.018703
0.114318
0.257005
0.173631
-0.218900
-0.037811
0.045480
-0.071625
0.108225
0.018203
-0.188326
-0.074261
-0.035853
-0.047154
-0.030865
-0.147143
-0.021594
0.099903
-0.127821
-0.030806
-0.129605
0.100212
0.129410
-0.191598
-0.103926
0.125561
0.071472
-0.130193
-0.063456
-0.105656
-0.078916
0.506772
-0.038518
0.043485
0.205572
0.231475
-0.065714
-0.070673
-0.004715
0.088223
0.159350
0.201469
0.122360
-0.098043
0.215536
-0.104371
-0.055617
-0.123472
0.071825
-0.000288
-0.062438
0.089102
-0.028116
-0.039938
-0.397950
-0.081913
-0.105320
0.052908
0.152667
0.224170
-0.124250
0.085498
0.099382
-0.056263
0.053792
-0.012651
-0.070381
-0.051881
0.219214
0.029239
-0.174651
-0.061890
-0.109788
0.241654
-0.173444
-0.200472
0.032450
0.020871
-0.018229
0.006877
0.032344
-0.018715
-0.006875
-0.017458
-0.043666
-0.319008
0.007131
-0.068096
-0.103057
-0.248116
0.117993
0.065852
-0.053767
-0.057022
-0.036038
0.127628
0.069467
-0.076492
-0.101915
-0.048686
-0.072157
-0.114088
-0.144139
-0.001754
0.188106
-0.389459
0.191867
0.244529
0.091169
0.129501
0.057845
-0.138838
-0.022035
-0.081269
-0.003681
-0.043386
0.010701
-0.160531
-0.090722
-0.049209
0.004959
0.004125
-0.181723
-0.181958
0.035043
-0.023384
-0.077960
-0.042398
0.046927
-0.134782
-0.130119
0.282339
0.116416
0.304387
-0.108688
-0.106021
-0.043306
-0.032661
-0.089445
-0.231971
-0.111372
0.210313
0.056656
0.201450
0.277640
-0.051478
-0.094679
0.054479
-0.067023
-0.018464
-0.095989
-0.330994
0.056218
-0.192952
0.129908
-0.096586
-0.130889
-0.095721
0.071912
-0.160132
-0.095345
-0.130795
-0.087714
0.012398
0.092750
-0.217719
-0.044525
0.101405
0.013970
0.130735
0.060153
-0.071055
0.184649
-0.025678
-0.037579
0.234736
-0.078637
-0.046136
0.367718
-0.049317
0.075512
-0.093115
-0.057232
-0.258526
-0.209873
-0.144323
0.010553
-0.211665
0.114041
-0.339377
-0.048258
-0.074410
0.128470
-0.065878
0.088609
-0.133985
-0.004202
-0.028042
0.119001
0.138190
-0.080220
0.038507
0.120946
-0.069002
-0.154561
-0.152741
0.074157
0.416243
-0.003860
-0.240332
0.056891
0.035712
-0.223840
-0.030787
-0.100378
-0.035932
0.187063
0.054218
0.125617
0.015582
-0.039054
0.105447
0.246719
0.062178
-0.004427
0.021064
-0.083672
-0.121966
-0.004724
-0.401078
-0.065026
-0.055871
0.207160
-0.148842
0.223249
-0.144747
0.098155
0.160459
-0.093526
0.156829
-0.036490
0.014410
0.073524
0.057223
-0.011295
0.157394
-0.137259
0.080333
-0.075395
-0.077873
0.270787
-0.021488
0.169793
-0.277967
-0.163047
0.222514
-0.233095
0.123591
-0.214278
-0.043484
0.001150
-0.067583
0.034434
0.087023
0.063761
-0.075610
0.364658
0.018880
0.167921
0.067986
-0.240156
-0.100471
0.061742
-0.069021
0.102331
0.079274
0.162281
0.116906
-0.016413
0.116400
0.104341
-0.083625
-0.059679
-0.094518
0.086386
-0.107999
0.008233
0.029440
-0.059326
-0.076260
-0.212071
0.293708
-0.013409
0.127352
-0.058699
-0.016008
-0.001590
-0.139596
-0.096553
-0.261987
0.047503
-0.284059
0.051850
0.011301
0.085346
0.191174
-0.082147
-0.150539
-0.097994
-0.065471
0.189748
0.060025
-0.087538
-0.102372
-0.034631
0.183649
0.033246
-0.003152
0.100232
0.099570
0.003902
0.066890
-0.189905
-0.081286
-0.082505
0.274782
0.070269
-0.040044
-0.019337
-0.007125
0.000198
-0.389100
0.008616
-0.096164
0.242116
-0.062481
-0.019949
0.147176
-0.107272
-0.127174
-0.146785
0.030083
-0.081344
0.072196
0.047172
0.202020
-0.021627
-0.036385
0.110285
0.026133
-0.030215
-0.059879
0.119024
0.141827
-0.194339
-0.228735
0.029599
-0.030574
0.029062
-0.420511
-0.175882
-0.137310
-0.067532
-0.008045
-0.308675
-0.031354
-0.174707
0.101844
-0.034903
0.144846
-0.194946
0.155203
0.015394
0.185957
0.055601
-0.024110
0.014067
-0.087582
-0.033008
-0.053735
0.026143
0.155559
0.075067
-0.034964
-0.032857
0.007566
0.029837
0.112126
-0.078485
0.080127
-0.095292
-0.271025
0.001400
0.134841
-0.186338
-0.150642
0.196782
0.001713
-0.235688
0.274302
-0.089969
-0.010752
0.045819
0.076314
0.001372
-0.015584
-0.044982
-0.016614
0.046669
0.122888
0.232347
0.039379
0.088268
0.027202
0.043392
0.085599
-0.124226
-0.106770
-0.074292
-0.029883
0.159160
-0.217524
-0.095331
0.031002
-0.114837
-0.006796
-0.145207
0.145145
0.083433
-0.079056
0.136325
0.228983
0.101448
-0.079530
0.055388
0.098987
0.491100
0.182902
0.163093
-0.054252
-0.060215
0.072709
-0.106917
-0.128264
0.128969
0.011597
-0.002785
0.169794
-0.099488
0.058921
0.004003
-0.006514
-0.055834
0.094157
0.108535
0.117989
0.014979
0.132686
-0.066675
-0.217816
-0.004896
-0.168586
0.059191
-0.061333
-0.146785
-0.007582
0.027201
-0.109307
-0.095068
-0.005975
0.141692
-0.139567
0.106925
-0.013844
0.042855
-0.005571
0.014031
0.122060
-0.035628
0.041788
-0.138164
-0.152605
0.224216
-0.056330
-0.045598
-0.062295
0.054691
-0.094760
0.041475
-0.042657
0.050445
0.091110
-0.010978
-0.176695
-0.290147
0.085522
0.169442
-0.077213
-0.086920
0.115531
0.134273
-0.125639
0.145681
-0.133830
0.034863
-0.119831
-0.151423
-0.122096
-0.081852
-0.250289
0.129342
-0.026213
-0.023924
0.082307
0.081588
0.094660
-0.026374
0.073842
-0.151730
-0.003068
0.040491
0.096227
-0.051974
0.126082
-0.180728
-0.071773
0.124682
0.296545
0.139857
-0.070153
-0.168513
0.090113
0.017462
0.121568
-0.137638
0.246926
0.109253
0.267762
0.092260
-0.129574
-0.032073
0.089908
-0.187682
-0.061182
0.059504
0.349555
-0.196619
0.121067
0.076978
-0.048354
-0.101626
-0.092313
-0.198138
0.151934
0.011829
-0.008772
-0.077347
0.171509
0.117984
0.082022
-0.036280
-0.197489
-0.063962
0.090839
-0.158507
-0.223966
0.121905
-0.077788
-0.060928
0.115721
-0.025367
-0.133812
0.349854
-0.041639
-0.078911
-0.237588
0.115118
0.097215
-0.080290
0.069161
-0.307027
0.324268
0.144501
-0.015909
-0.036583
-0.119980
-0.044208
-0.167800
-0.113610
-0.194316
-0.126772
-0.053871
-0.071873
0.241743
-0.228579
0.013268
0.173149
0.144084
0.139586
0.139722
-0.142785
-0.212317
-0.083806
-0.011544
0.274058
0.019641
0.081733
-0.043362
0.205082
-0.198602
-0.176870
-0.018388
0.025323
-0.098081
0.041468
0.274765
0.048236
-0.105854
0.148156
0.162673
0.173297
-0.090253
0.028840
-0.221009
0.076953
-0.142932
0.261317
0.133473
-0.066215
-0.036328
0.062339
0.068133
0.086743
-0.030409
0.058513
0.367378
-0.055846
-0.213711
0.028171
-0.000813
-0.284268
-0.135757
-0.098113
-0.009862
0.126680
-0.021709
0.188590
-0.003669
0.001389
0.108997
0.160545
-0.034149
0.206520
-0.006762
-0.063897
0.148841
-0.208329
-0.070422
0.269871
-0.073672
0.054527
-0.454100
0.079685
-0.311851
-0.084492
0.002358
0.106576
-0.246394
0.010169
-0.081786
0.007531
-0.059268
0.045397
0.148167
-0.050696
0.156276
-0.106245
-0.116497
0.192065
0.265100
-0.070732
0.169162
0.105304
0.220479
0.107962
0.079160
-0.086153
-0.086233
-0.123825
0.377112
0.061706
-0.020205
0.051919
-0.117951
-0.075563
0.175241
-0.040734
0.212829
0.010320
0.061873
0.066332
0.040279
-0.061522
-0.059344
0.087903
0.121674
-0.074863
0.047104
-0.084866
0.145501
-0.002767
-0.004822
-0.190513
0.110409
0.009958
0.006470
0.243232
-0.046823
-0.012794
-0.091298
-0.208022
0.095956
0.095074
0.001964
-0.156089
-0.122421
0.222762
0.240673
-0.028825
0.129187
-0.011338
0.131871
-0.203687
-0.255855
0.018372
-0.113088
0.077640
0.222275
0.048241
-0.124429
-0.073441
0.062468
-0.040815
0.206589
-0.090226
0.061751
0.165836
0.249136
0.139970
-0.077109
-0.082712
-0.288644
-0.065830
0.330130
-0.042715
0.065511
0.071782
0.015640
0.174012
0.182422
0.056443
-0.070626
0.146451
-0.199985
-0.048240
0.031720
-0.113205
0.235544
0.129377
0.068445
0.207945
0.073644
0.034744
-0.112894
-0.114765
-0.105826
-0.018140
-0.012876
0.082815
-0.159630
0.042002
-0.059373
-0.071945
-0.036266
-0.149014
-0.324304
-0.037074
0.112659
-0.081235
0.136306
-0.097947
0.013008
0.076878
-0.003790
-0.038867
0.091236
-0.120937
-0.015559
0.003338
0.132442
-0.228790
0.128155
0.165773
0.174455
-0.044394
-0.402980
-0.147412
0.052878
0.082664
0.111618
0.036330
0.004862
-0.268145
0.025370
0.065607
-0.097113
-0.052483
0.060045
0.136174
0.169545
0.097772
-0.028130
0.108077
0.040412
0.062793
0.156976
-0.220060
-0.317726
-0.001942
-0.042935
-0.040302
0.069462
0.131175
0.244158
-0.049839
-0.024300
0.011689
0.196191
0.027364
0.008287
0.074092
-0.084569
-0.156324
-0.098892
0.079422
0.036108
-0.057717
-0.100569
-0.138100
-0.059775
0.046885
-0.143805
0.023705
0.090195
0.092983
0.020891
0.276277
-0.118610
-0.101671
0.012110
0.153710
0.058500
0.066956
-0.053978
0.248304
0.069804
0.234330
-0.215562
-0.106468
-0.001433
0.073409
0.069142
0.221877
0.034684
-0.045693
0.122799
0.146613
-0.005894
0.008582
-0.080308
0.082811
-0.000173
0.099575
-0.096649
-0.129237
0.077515
0.069014
0.018744
-0.091385
-0.038733
0.195571
0.104169
0.022561
-0.202815
0.019227
0.082963
-0.139539
0.056313
0.143163
0.005941
0.276049
0.065183
0.126290
0.286867
0.186798
-0.006565
0.110485
-0.112612
0.086238
-0.083411
0.069213
0.148295
0.309413
-0.129283
-0.112399
-0.075210
0.121360
0.012137
0.020293
-0.073186
-0.065742
0.231156
0.116747
-0.229504
0.027432
-0.001602
-0.046764
0.092386
-0.140343
0.015950
0.117206
-0.128837
0.064903
-0.055878
0.116395
-0.239417
0.198233
-0.071168
0.032477
-0.192937
0.133677
-0.079175
0.075988
0.117370
-0.004319
0.024191
-0.166438
0.025543
0.044849
0.143939
-0.000539
-0.129438
-0.101727
0.098962
-0.003883
-0.032293
-0.114604
-0.182792
-0.157355
-0.271352
0.031909
0.063140
0.069611
-0.004285
0.103107
-0.110612
0.144662
-0.061959
-0.133519
-0.173158
-0.194465
0.101824
-0.074014
-0.000321
0.211824
0.159022
-0.012481
-0.023325
0.080338
0.062971
0.100364
-0.095967
-0.165470
-0.011400
0.004530
-0.189597
-0.100275
-0.041316
0.030644
-0.041298
-0.108097
0.016304
-0.156179
0.231050
0.059262
0.011841
0.016786
0.122917
0.012587
-0.112446
-0.016725
0.005503
-0.008296
-0.086983
0.025751
0.072540
0.008037
-0.091926
0.139256
0.005094
0.171876
0.073515
-0.059103
-0.151671
0.165705
-0.064234
0.022635
-0.220634
-0.216031
-0.016032
-0.013493
-0.134705
-0.079696
-0.191675
-0.019900
0.199211
0.115080
-0.036865
-0.093314
0.088625
-0.138373
-0.221677
-0.031267
0.180740
-0.120291
0.084520
0.050500
0.029279
0.056726
0.039620
-0.085830
-0.032943
-0.020852
-0.054740
-0.054560
-0.003564
0.141631
0.000984
-0.031595
0.062233
0.135181
-0.239769
-0.142374
0.016220
-0.063235
0.168607
-0.024077
-0.089538
-0.147583
-0.075771
-0.005861
-0.124670
-0.072992
-0.103062
-0.132620
-0.257815
0.254685
-0.001377
-0.322814
-0.003545
0.137140
0.002785
-0.111873
-0.209243
-0.106553
-0.023779
0.162156
-0.227482
0.161064
-0.118447
-0.054429
-0.240209
0.067524
0.170402
0.142379
0.073023
0.064615
0.164224
0.146697
0.147487
-0.270316
0.142562
0.207710
0.135229
-0.023330
-0.015397
0.035845
-0.248311
-0.039279
0.167200
0.080773
-0.040849
0.252357
-0.177166
0.067533
-0.007221
0.107103
-0.007531
0.033837
0.079244
0.012829
0.015078
0.004688
-0.031528
0.178146
-0.073260
0.131185
-0.030793
-0.283842
-0.024655
-0.119949
-0.190939
0.352416
-0.020078
-0.081984
-0.041529
0.045991
0.162742
0.000966
-0.071433
0.007443
-0.010882
-0.000594
-0.251826
-0.050168
-0.033248
0.032058
0.079426
-0.103266
-0.216427
-0.025346
-0.036741
0.127780
0.156359
0.193228
0.025550
-0.058256
-0.121091
-0.171557
-0.124767
0.034481
0.091918
-0.015934
0.231130
0.006042
0.024912
0.107524
-0.016464
0.035548
0.030832
-0.006437
0.023052
-0.102071
0.051964
-0.199340
-0.088174
-0.064306
0.000616
-0.182796
-0.040393
0.146983
-0.197358
0.121701
0.192199
-0.031902
-0.097478
-0.006357
-0.115419
0.129956
-0.058528
-0.175661
-0.099763
-0.131481
0.179341
-0.069841
-0.043737
-0.003670
-0.206554
0.150506
0.263702
0.190251
0.092889
0.141429
-0.018284
-0.039698
-0.071430
-0.006449
0.022394
-0.109042
-0.074994
-0.107919
0.063277
-0.125484
-0.180595
0.012442
0.021047
0.006182
-0.079863
-0.058843
-0.020965
-0.011974
0.120384
-0.141340
-0.075453
0.000598
-0.069133
-0.261861
0.056091
0.123130
0.169968
0.210230
-0.021810
-0.070776
-0.110379
-0.118095
0.130568
-0.086947
0.019540
0.087611
-0.369856
0.013419
-0.208649
0.067525
-0.102403
0.066927
-0.081461
0.036063
-0.100667
0.004405
0.011909
0.002794
-0.075337
-0.022964
0.012841
-0.170717
-0.172317
-0.109916
0.039739
0.098017
-0.063189
-0.159088
0.029378
0.076050
-0.135395
-0.112751
0.217191
0.227819
0.014255
0.094078
-0.051852
-0.114927
-0.065267
0.026258
0.208874
-0.053595
-0.107709
-0.091171
0.017270
0.156331
-0.170534
-0.084140
-0.208141
-0.145275
0.038605
-0.115414
-0.163361
0.041833
0.039737
-0.135555
0.028120
-0.000570
-0.030117
0.173735
-0.103910
0.072639
0.055650
0.199248
-0.298208
0.125662
-0.005187
-0.280960
-0.119243
-0.066891
-0.097763
-0.082311
-0.229268
-0.135243
-0.128056
-0.122322
-0.235194
0.047394
0.226301
-0.149857
-0.058406
-0.217489
0.010888
0.080892
-0.084066
0.095270
0.047800
0.116617
0.061536
0.029422
0.064927
0.275910
-0.366500
-0.197208
-0.172739
0.062226
0.165649
-0.074415
0.060711
0.211998
0.158272
-0.011639
-0.004559
-0.098329
-0.214306
0.062354
-0.092710
0.260707
-0.185532
0.022944
-0.074173
0.088398
0.057812
-0.035655
0.160449
0.047762
0.001116
0.122508
0.142766
-0.061272
0.115939
-0.239944
0.015580
0.032502
-0.196685
-0.068340
0.199142
-0.252694
0.050112
-0.009302
0.084897
-0.107332
-0.048978
0.065932
0.132935
-0.084584
-0.283973
0.159472
-0.033335
-0.127898
0.103839
0.065242
-0.153832
-0.000858
-0.078471
-0.012574
-0.037939
-0.233909
-0.130636
-0.084644
-0.074759
0.161407
-0.242735
-0.126409
0.010603
0.145469
-0.153966
0.138217
-0.072188
0.160350
0.265366
-0.002493
-0.079120
-0.069999
-0.063613
-0.071593
0.075058
0.176102
0.117278
0.012451
-0.251576
0.046014
-0.256416
0.097547
-0.087996
-0.169164
-0.004403
0.055249
0.028201
0.297752
0.077815
0.058171
-0.341217
-0.055315
0.049781
-0.068299
-0.045314
0.008953
-0.016813
-0.111131
-0.152185
-0.028840
0.164122
-0.125455
-0.002396
0.194419
-0.123782
-0.131987
-0.108293
0.079830
-0.136731
-0.092070
0.092031
0.097165
-0.142859
-0.195843
-0.022575
0.059659
0.062064
-0.160423
-0.005114
-0.023315
-0.089555
-0.244977
-0.106782
-0.088016
0.221775
-0.091784
-0.095918
-0.082277
-0.068384
-0.068326
-0.085208
0.097156
0.056272
0.021753
0.021242
0.129988
0.004434
-0.169265
-0.182006
-0.019185
-0.025066
-0.131688
-0.024936
0.068973
0.006873
-0.042577
0.160857
0.012553
-0.130810
-0.080884
0.163636
-0.249430
-0.239699
-0.015835
-0.119119
-0.145111
0.122174
0.114406
-0.278651
-0.010866
0.266640
0.214240
-0.052736
-0.034794
0.043514
0.125667
-0.060544
-0.009193
0.119873
0.067921
-0.084005
-0.092597
-0.236441
-0.079562
0.022776
-0.054540
-0.083141
0.095732
-0.041881
0.227819
0.148526
-0.079023
-0.032249
-0.198035
-0.009732
0.008496
-0.139435
0.045583
-0.167248
-0.147032
0.027204
0.088403
0.195667
0.017141
-0.128714
0.124514
0.047558
0.073161
-0.069982
0.003489
-0.149092
0.048732
-0.045655
-0.022361
-0.101565
-0.141256
-0.014759
-0.077433
-0.071051
0.074908
0.272075
-0.055999
-0.029023
0.041642
0.073427
0.140363
-0.167783
0.096435
-0.104747
-0.227148
0.205570
-0.076354
-0.039105
-0.267335
-0.033425
0.128803
0.024483
-0.206965
0.230858
0.080859
-0.078360
-0.074147
0.097529
0.229282
0.322335
0.231831
-0.201790
-0.115718
-0.034564
-0.078331
0.180439
0.022766
-0.059298
-0.102817
-0.084920
0.037591
-0.084952
0.067144
-0.145105
-0.058694
0.063813
0.120065
-0.214718
-0.217941
-0.072888
-0.111647
0.116080
0.012504
-0.015716
0.119284
-0.031556
-0.119161
-0.100781
-0.039570
0.031806
0.093557
0.086995
-0.168742
-0.095224
0.027172
-0.178060
0.175135
-0.502120
0.010277
-0.168671
-0.059608
-0.030435
0.049964
-0.012119
-0.251588
-0.163169
0.012832
-0.046632
0.156295
-0.117122
0.178121
-0.080206
-0.107321
0.151980
-0.022396
-0.235197
0.256364
-0.076527
-0.090199
-0.120358
-0.138101
0.012859
0.124545
-0.220429
-0.210601
0.027486
-0.088332
0.042559
0.074772
-0.056952
0.244649
0.072653
-0.047201
0.189495
0.112061
-0.216633
0.246394
0.114983
-0.049747
0.019437
-0.174374
0.044940
-0.011321
-0.061823
0.097079
0.132182
0.121097
0.020118
-0.053087
0.105503
-0.039923
-0.033602
-0.282527
-0.042788
0.093490
-0.044674
0.123028
-0.147575
-0.151659
-0.098731
-0.012647
-0.086308
-0.106729
0.026667
-0.089713
0.099265
0.237093
0.035432
0.309046
0.029588
-0.051928
0.061815
-0.068006
-0.004818
-0.155162
-0.085040
-0.258888
-0.059817
-0.097370
0.177999
0.145198
-0.073774
-0.274267
0.086343
0.057529
0.102759
0.166914
-0.082287
-0.002206
0.045798
-0.140605
-0.214768
0.081860
-0.207138
-0.067420
-0.074492
-0.019976
0.069911
0.175611
0.028291
0.041000
0.027518
0.129094
-0.039385
0.115792
-0.002041
0.044236
-0.128537
-0.147589
-0.030661
0.056264
0.110165
-0.043299
-0.238910
-0.114350
-0.055972
-0.023541
0.050291
0.121451
0.021319
0.105706
-0.070185
0.003639
-0.180260
0.025683
-0.000252
0.119301
-0.141444
0.026952
0.167162
-0.073028
0.158896
-0.150887
0.036137
0.165665
0.127739
-0.069153
0.108063
0.187277
0.106398
-0.051441
0.107438
-0.139327
-0.202882
-0.166102
-0.215925
-0.075299
0.052639
0.307540
-0.376054
-0.019607
-0.082937
0.039995
-0.051073
-0.048401
0.007003
0.274887
-0.027278
0.081076
0.181065
-0.246712
-0.153168
-0.109069
-0.199292
0.123148
0.253040
0.230327
-0.168771
0.166772
0.073226
-0.075536
0.023980
0.004429
-0.212202
0.293471
-0.019634
-0.141654
-0.111453
-0.007506
-0.042134
-0.127538
0.172958
0.045697
0.134479
-0.150265
0.091306
-0.042397
-0.053238
0.213782
0.150371
0.052931
-0.099330
-0.079538
-0.064178
0.316155
0.058954
0.057593
-0.293108
-0.149977
0.198315
-0.098345
-0.038068
0.045230
0.004775
-0.024080
-0.137890
-0.095784
-0.047209
-0.063013
-0.063033
-0.167978
-0.020909
-0.015148
0.114949
-0.091955
0.041487
-0.221807
-0.328976
-0.279263
-0.284114
-0.036515
-0.050213
0.118079
-0.179007
-0.106230
0.036907
-0.044808
-0.017337
-0.005636
0.016847
0.155838
0.207510
0.212135
-0.047883
-0.142020
-0.001049
-0.149388
-0.059055
-0.059618
-0.064274
0.158306
-0.047953
0.168497
-0.091049
0.062731
-0.090942
0.095797
-0.029290
-0.207469
-0.088919
-0.049609
0.128761
-0.040045
0.027610
0.191062
-0.026681
0.058602
-0.013793
-0.015653
-0.088023
0.045247
-0.255664
0.193684
0.190879
-0.041575
-0.067665
0.034087
0.008394
-0.141190
0.056305
-0.166119
0.119560
0.039343
0.100833
0.120972
0.031834
-0.136374
0.021164
-0.012155
0.236262
0.043615
0.084480
0.179668
-0.101482
-0.022476
0.011306
0.079198
-0.073182
-0.137130
0.167819
-0.170343
-0.009165
-0.006141
-0.012906
0.108013
-0.062629
-0.231403
0.219755
0.038962
0.177424
-0.181589
0.116482
0.270735
-0.200405
0.033860
0.075430
0.141442
0.052351
-0.059647
-0.055613
-0.072333
-0.207309
0.026995
0.041760
-0.158448
0.033627
0.001820
0.115746
0.006002
0.030071
0.347451
0.147028
0.118272
-0.053680
0.029893
0.183747
-0.312939
-0.080466
0.078417
0.191364
-0.375097
0.133642
-0.096090
0.063953
-0.022180
0.153193
0.028237
0.155285
0.077072
0.145527
0.015991
-0.194861
0.310398
0.077162
0.169952
-0.065895
-0.009370
0.033087
-0.106995
-0.169100
0.106552
0.065217
0.102016
-0.103305
0.213577
0.141684
-0.027364
0.183432
-0.438269
0.061634
-0.039974
0.161845
-0.113226
-0.200949
0.019841
-0.159777
-0.031797
-0.174345
-0.024816
-0.095854
-0.016656
-0.134109
0.056514
0.297178
-0.209532
-0.124179
-0.258033
-0.122234
-0.178435
0.156442
-0.047314
0.028518
-0.191267
0.147590
-0.177477
-0.019515
-0.249883
0.082905
-0.071549
0.017806
-0.078555
-0.290481
0.175801
-0.031936
-0.104210
0.000690
0.097333
0.196975
-0.113331
0.168344
-0.142706
0.011261
-0.027709
0.236638
0.106883
0.096684
0.125414
0.010439
0.162854
0.176059
-0.162445
-0.470317
-0.078456
-0.183579
0.077950
-0.127242
-0.216397
-0.138212
-0.105055
0.097939
-0.010244
0.038075
0.108091
0.197983
0.095242
0.017021
0.124391
-0.005915
0.097927
0.007556
0.119705
-0.217212
0.016954
0.138031
-0.064167
0.159015
-0.081200
-0.118609
0.236952
0.054447
0.037352
-0.304025
-0.227543
-0.234289
0.046826
0.102290
0.055668
-0.058630
0.040876
0.237119
-0.041160
-0.072481
-0.020719
-0.104759
-0.020059
-0.016369
0.099291
0.059002
0.032242
0.129946
-0.045271
-0.125405
-0.086133
0.120034
-0.076318
-0.127664
0.106274
-0.112604
0.117747
0.084270
0.144646
0.072247
-0.073945
0.058481
0.064805
0.204893
0.090673
-0.273735
0.105872
-0.057215
-0.182255
-0.101380
0.028505
-0.021034
-0.104732
0.068631
0.018255
0.024787
0.191570
0.224203
0.001307
-0.097664
0.079330
-0.332173
0.012075
0.051235
-0.263463
0.139039
0.037925
-0.128903
-0.221445
-0.050092
-0.134228
-0.057029
0.083021
-0.073381
0.107455
0.037182
-0.042101
-0.058733
0.196494
0.020796
0.148313
0.027712
0.005850
-0.031887
0.094786
0.185678
-0.031461
-0.293011
-0.261178
0.093781
-0.062999
-0.028483
-0.067710
0.209065
-0.070551
0.112297
-0.015508
0.259111
0.010149
-0.075056
0.056024
-0.105555
-0.035622
0.042905
0.142512
0.019080
0.010411
-0.054133
0.122413
-0.277538
0.344311
0.075393
-0.091258
-0.047615
-0.107698
0.025897
-0.091434
-0.041402
-0.012831
-0.221546
-0.238299
0.050037
-0.204293
-0.068451
-0.001623
-0.015577
0.085781
-0.007130
-0.044699
-0.002630
-0.109791
0.002054
0.019646
0.106437
0.049104
-0.023724
-0.083065
-0.076209
-0.041180
0.092612
-0.159239
-0.097259
0.126685
0.002832
0.016925
0.077003
-0.034185
-0.037739
0.058770
-0.033466
0.090152
-0.038564
-0.024273
-0.162769
-0.055319
-0.014125
0.030608
-0.336174
-0.021054
-0.035327
0.178252
-0.074868
-0.021974
-0.009176
-0.066411
-0.022757
0.108551
0.026768
0.041231
-0.154262
0.208899
0.044890
-0.023198
-0.034915
-0.046927
-0.050748
0.150737
0.050567
-0.017487
-0.192292
-0.086519
0.051951
-0.167065
0.085909
0.085013
0.017979
0.038134
0.009920
0.248073
0.059430
-0.086823
0.060745
-0.239676
0.250442
0.029289
-0.059360
0.139008
-0.148874
0.080990
-0.101979
-0.053848
-0.131728
0.017416
-0.053186
0.239084
0.029041
-0.012865
-0.064425
0.176285
-0.207503
-0.189011
-0.124874
-0.011423
-0.044865
0.158829
-0.054182
0.170958
0.140817
-0.053603
-0.149700
-0.255490
0.043481
-0.144901
0.005401
-0.049857
0.164789
0.097910
0.371562
0.117864
-0.116301
0.159257
0.080093
0.081014
0.021051
-0.068226
0.130732
-0.110656
0.115898
0.057632
0.074773
0.072108
-0.014329
-0.096356
0.032380
-0.033153
0.025609
0.031107
-0.390128
0.049553
0.112717
0.069407
-0.000739
0.070346
-0.075610
0.103746
0.080927
0.162471
0.088053
0.021916
0.124171
-0.169996
-0.005398
-0.136002
-0.064150
-0.056046
-0.149922
0.062733
0.008610
-0.056782
-0.177208
-0.202933
-0.079775
-0.026055
0.040375
0.317974
-0.025956
-0.010257
0.201122
0.081237
0.072076
-0.002832
0.212229
0.059797
0.040576
-0.207177
0.133996
-0.184955
0.057707
0.138691
0.147633
-0.014335
0.102147
-0.056107
0.038756
0.007203
0.037433
0.053203
0.141412
-0.058286
-0.090695
0.008759
-0.068982
0.074546
0.147355
0.044497
0.003111
0.073686
0.118875
-0.092130
0.059334
-0.115567
-0.081475
0.009130
0.151575
0.105930
-0.117475
0.012439
0.338882
-0.059686
-0.026742
-0.016267
0.106850
-0.300359
-0.079719
0.027867
-0.012054
-0.158153
-0.171923
-0.170973
-0.186113
-0.192257
0.122590
0.068310
-0.136361
0.039040
0.160897
-0.015286
0.138147
-0.074155
0.155873
-0.197204
-0.169901
-0.188856
0.066585
0.103154
0.066380
-0.027220
0.053233
0.169029
-0.233359
-0.122344
-0.065130
0.134241
0.142899
0.214407
0.139053
0.086724
0.043035
-0.079164
0.148958
0.010082
-0.077065
-0.095617
0.019038
0.044207
0.166330
0.086353
-0.017286
0.086649
0.088655
0.049424
0.071954
-0.047940
-0.055860
0.047719
0.218685
-0.141124
0.088307
-0.051030
0.139267
0.046743
-0.016596
-0.201409
-0.108854
-0.047801
-0.135786
0.000430
-0.258237
0.118832
0.040347
0.233247
0.117482
0.086791
-0.061404
0.081015
0.081425
0.073905
-0.023992
0.177198
-0.210849
0.143413
0.060255
0.013455
-0.165574
-0.138209
-0.302809
-0.034714
-0.083006
0.003919
-0.009783
0.118980
0.001936
0.061531
0.022439
0.021576
-0.014951
0.074806
0.135132
-0.003721
0.290829
0.115354
-0.023110
-0.254262
-0.166391
-0.084433
-0.184113
0.234540
0.079653
-0.068840
-0.007995
-0.087745
-0.133632
-0.084324
-0.167968
0.185749
0.108737
-0.046653
0.009574
0.158884
-0.008488
-0.158842
0.020633
0.006103
0.002640
-0.132688
-0.135548
0.049043
-0.043775
-0.080427
0.059341
-0.030718
0.115599
-0.247038
0.257052
0.207298
0.110088
0.155584
0.003362
0.002468
-0.230787
-0.330082
-0.041500
0.075821
0.116732
-0.061942
-0.068740
-0.351494
0.015879
0.036252
0.045370
-0.128221
-0.086769
-0.132962
-0.022495
0.085715
0.067801
0.232855
0.125665
-0.024957
-0.000103
-0.050451
-0.001904
0.129709
-0.048763
0.082063
0.223965
0.009708
0.157821
-0.066472
0.043684
0.111999
-0.162888
-0.106291
0.189309
-0.180783
-0.218394
0.139006
0.190017
0.046847
-0.042151
0.109272
0.093561
-0.098266
-0.000395
0.018557
-0.105835
0.001071
-0.136191
-0.114250
-0.055838
-0.203010
-0.034891
-0.192563
0.035647
0.022831
-0.050045
0.056420
0.030209
0.093055
-0.014480
0.035215
-0.046238
-0.202467
0.163034
0.062437
-0.047478
-0.038570
0.045827
-0.129575
-0.071843
0.118147
0.058746
-0.049111
0.128552
0.033405
0.128680
-0.246564
-0.006758
0.183431
-0.250832
-0.095370
-0.116077
-0.066422
-0.109760
-0.184603
0.129708
-0.058365
-0.042176
-0.224061
-0.067236
-0.077825
0.000712
0.163581
0.023314
0.071145
-0.117846
-0.142216
0.110995
-0.006305
0.062243
0.095957
0.077640
-0.003844
-0.167821
0.007386
-0.010862
0.075218
-0.006263
0.032688
0.093227
-0.054888
-0.333962
-0.124296
-0.068953
-0.090788
0.077244
-0.231820
-0.073680
0.217738
-0.160977
-0.105864
-0.023472
0.209113
0.275121
-0.015964
-0.019478
-0.040359
0.149766
-0.071392
0.177216
0.180545
-0.171582
0.088981
0.071552
0.048327
0.011342
0.123924
-0.091888
-0.006273
-0.069772
0.048027
-0.151945
0.034494
0.055054
0.209242
0.113202
-0.291328
-0.113119
-0.252109
0.052347
-0.000032
0.155241
0.285494
-0.259421
0.136629
0.052407
0.104095
0.081431
-0.026093
0.138105
0.270740
0.074712
-0.012791
0.197111
-0.061537
-0.181424
0.062232
-0.132495
-0.284661
-0.074183
0.506063
-0.085422
0.304178
-0.148305
0.032949
-0.005675
0.035473
-0.045990
-0.075486
0.056874
-0.151705
0.074518
-0.081045
-0.007432
-0.102488
0.108050
-0.007029
-0.087567
0.208457
0.035993
-0.015903
-0.052732
0.046378
-0.027203
0.184428
0.064029
-0.101654
-0.053213
-0.009169
0.193805
-0.164312
-0.124028
-0.348020
0.179149
-0.015761
0.121042
-0.016128
0.016917
-0.026200
-0.060738
-0.033864
-0.101337
0.032326
0.044420
0.165967
-0.152174
-0.048002
0.078549
0.084676
0.221647
-0.018002
-0.173841
0.111894
-0.001197
-0.020561
-0.226550
0.033449
-0.061683
0.185621
0.051451
-0.045213
-0.056597
0.043184
0.144529
-0.073530
0.100924
0.028306
0.080482
-0.086576
-0.046259
-0.011660
0.268435
-0.054511
-0.063050
-0.113405
-0.056291
-0.373012
-0.232599
0.060164
-0.018924
0.103892
0.157321
-0.246643
-0.076670
-0.134270
-0.021888
-0.120758
0.144069
0.050094
-0.037135
0.015045
-0.234050
-0.196857
0.012456
0.006437
0.164408
0.087757
0.136782
-0.024768
0.012993
0.225705
0.084345
0.104347
-0.014364
0.085067
-0.198256
0.013783
-0.091272
0.040663
0.028445
-0.158010
-0.083687
0.104952
-0.279842
-0.010969
-0.043137
0.231437
0.089563
0.283963
0.025351
-0.031113
-0.015479
-0.084784
-0.010971
0.012964
0.136646
-0.225033
-0.093637
0.001016
0.276285
0.124269
-0.057567
0.026383
-0.037621
0.004806
-0.014179
0.032441
0.134505
0.156445
0.358931
0.151008
0.086393
-0.148318
-0.131971
0.118813
0.182585
-0.089591
0.039891
-0.167750
-0.093708
0.028677
-0.060114
-0.209166
0.016893
-0.154465
-0.016479
-0.095082
0.164791
0.132535
-0.012872
-0.049264
-0.219286
0.085652
-0.065718
-0.050547
0.153581
0.007505
0.058350
0.109484
0.096560
0.082950
-0.268602
-0.122270
-0.151500
-0.028612
0.075110
0.207634
0.081022
-0.146371
0.193910
0.056535
-0.044366
0.030962
-0.129119
0.140130
-0.151895
-0.011978
0.160947
0.169709
0.129901
-0.037541
0.061880
-0.040319
0.087319
0.047189
-0.085483
-0.115869
-0.221568
-0.009430
0.018258
0.030383
-0.065691
-0.085137
-0.102123
-0.021560
-0.096000
0.141117
0.172277
0.220632
0.222123
-0.376343
-0.211452
-0.029782
0.106107
-0.088471
0.073281
0.023930
-0.203884
0.369276
0.149806
0.187542
0.282315
0.084903
-0.126583
0.099976
-0.032770
0.190694
-0.230902
-0.064831
-0.345546
0.050847
0.029749
-0.116205
-0.067768
-0.277323
0.221623
-0.296827
-0.120136
-0.010398
0.142414
-0.146220
-0.124045
0.218374
0.138441
-0.072637
0.152613
-0.006983
0.028493
-0.017230
0.027733
-0.148089
-0.121275
-0.019872
-0.111780
0.039490
-0.263837
-0.173143
-0.088076
0.018130
0.103297
-0.011939
-0.085725
-0.088592
0.099199
0.184559
-0.133994
-0.237937
0.123233
-0.003450
0.214550
0.059079
-0.234981
-0.003863
-0.061554
-0.203807
-0.020368
0.026176
-0.126621
-0.031862
0.041308
0.060009
-0.036224
0.192839
-0.128553
-0.142467
-0.098844
-0.123480
-0.056442
0.021778
-0.253955
0.076478
0.064573
0.276653
0.255266
-0.095820
0.024165
0.102584
-0.019472
-0.100505
0.067646
-0.163335
0.182241
-0.090454
-0.066089
0.158603
-0.072249
0.142047
-0.142137
-0.329821
0.041794
0.073583
-0.052313
-0.184432
-0.063812
0.004553
0.022362
-0.214643
0.079642
0.029410
0.094670
0.039669
0.064386
-0.092388
-0.038984
-0.040658
-0.003627
0.086542
-0.148067
-0.049701
-0.130936
0.101995
-0.156482
0.015967
-0.083500
0.229534
0.101280
0.171223
-0.085541
0.071891
0.077175
-0.010875
-0.166232
-0.090063
-0.000496
-0.178440
-0.064005
0.132212
0.197478
-0.089240
-0.066045
-0.008141
0.028277
0.029105
0.291243
-0.019431
-0.055358
-0.036326
-0.271371
0.298645
-0.299736
0.032822
-0.324099
-0.083717
-0.079460
-0.358009
0.121094
-0.051885
0.163611
0.034598
-0.052242
-0.261882
-0.159057
0.015771
0.038567
-0.025066
-0.067408
-0.040864
-0.159453
-0.036544
-0.164796
0.256480
-0.010375
0.120669
0.067888
0.065071
0.119012
0.303595
0.137334
0.051676
-0.142240
-0.140547
0.016230
-0.069945
0.244699
0.149034
-0.044811
0.126016
0.221804
0.219815
0.128762
0.017748
0.110520
0.159971
0.167199
0.122143
0.028966
0.153152
-0.095098
-0.044867
-0.230966
-0.131708
-0.036042
-0.104883
0.139068
0.127964
-0.024005
-0.002416
0.193268
-0.088251
0.055641
0.255096
0.086757
0.075088
-0.159807
0.109902
-0.182711
-0.241077
-0.039774
-0.045728
0.056664
-0.020857
0.007295
0.175648
-0.210833
0.051340
-0.007373
0.258200
-0.171465
-0.069232
0.025276
0.088536
0.120725
-0.129116
-0.033815
-0.113829
-0.100989
-0.142304
-0.069075
0.001597
0.172387
-0.219619
-0.013371
0.088611
0.085200
0.031780
0.004832
0.031914
-0.078718
-0.074056
-0.094131
0.083525
0.059507
0.102286
0.119331
0.070639
-0.127686
-0.103991
-0.275159
-0.132417
0.033438
0.082266
-0.090873
0.108074
0.085431
0.005715
-0.218705
-0.132470
0.380811
-0.033957
0.202245
-0.047997
-0.015635
-0.044714
0.050751
-0.088880
0.014637
0.075229
-0.103585
0.105820
-0.017810
-0.299802
0.017673
-0.426123
-0.084714
0.267196
0.052220
0.056139
0.225395
-0.038676
0.058962
0.037271
0.189076
-0.017628
0.016286
0.013171
0.068656
-0.213892
0.066400
-0.023665
-0.184729
0.042215
0.077623
-0.011566
-0.005176
-0.075496
0.033416
0.060073
-0.163164
-0.054847
0.047313
0.070609
-0.079884
-0.051279
-0.418743
-0.000578
0.221884
-0.040280
-0.025942
0.071809
-0.248642
0.299929
-0.263438
0.048774
-0.081009
0.087379
-0.190214
0.065577
-0.010056
-0.100306
-0.103519
-0.105815
0.177848
-0.155222
-0.063081
-0.028604
0.171834
0.093782
-0.268044
-0.142405
0.040692
0.085232
-0.155622
0.182033
-0.054519
0.069010
-0.090123
0.054180
-0.068063
-0.141687
0.045416
0.101947
-0.001268
0.024473
-0.037538
0.085887
-0.091692
-0.086818
0.125057
0.100403
0.059400
0.041581
-0.219255
-0.009877
0.127999
0.149311
-0.034630
0.039441
-0.137740
-0.011823
-0.019352
-0.335327
0.042675
-0.187249
0.191582
-0.051085
-0.053391
-0.017939
-0.088031
-0.214378
0.102134
0.013239
0.092902
-0.021972
0.276741
0.169884
-0.154183
-0.184863
0.054442
-0.033648
0.009209
-0.206404
-0.026001
0.197536
-0.264102
0.178826
0.127012
-0.049037
0.095789
0.111321
0.262916
-0.096507
0.002603
0.003951
0.069956
0.091812
-0.001268
-0.017428
0.027028
0.076524
-0.054917
-0.025996
0.153798
0.189366
-0.154589
-0.007286
0.146275
0.061157
-0.005658
0.190611
0.063806
-0.081809
0.162140
0.007145
-0.159313
-0.024476
0.007842
-0.192208
0.014321
0.047868
0.121064
0.122628
0.112871
-0.197536
-0.094432
0.093128
-0.096868
0.032753
-0.042164
-0.044076
0.201904
0.073131
-0.127429
0.063661
-0.030969
-0.195632
-0.265236
0.166882
-0.039035
-0.065354
-0.096901
0.043368
-0.044453
0.075804
-0.067134
-0.103491
0.068928
0.059116
-0.082927
-0.133858
-0.069414
0.126804
-0.305279
0.039291
-0.064535
0.035334
0.170007
0.148969
0.085786
0.044061
-0.090185
-0.115884
-0.076679
0.249779
-0.222691
-0.063858
0.275015
0.295721
-0.086133
0.086262
-0.237706
-0.229471
0.261734
0.045659
0.004232
0.055994
-0.145345
0.081041
-0.100000
-0.073295
-0.032507
0.027253
0.163623
-0.048574
0.041952
-0.136732
0.151946
0.163799
-0.065347
0.014609
0.317367
0.168371
-0.209921
0.220563
-0.046989
-0.192388
0.209356
-0.047100
-0.073557
-0.063708
0.011453
0.129839
-0.094171
0.034779
0.050774
-0.140312
-0.064148
0.100124
0.094042
0.020814
-0.221166
-0.051115
-0.010228
0.292672
0.004029
-0.135613
-0.001098
-0.231436
-0.089618
-0.059644
-0.035400
-0.009020
0.029721
0.079258
0.168520
0.101397
-0.167714
-0.281101
0.168010
0.035675
-0.083797
0.192693
0.124279
0.134294
-0.329786
0.079066
-0.109797
0.018949
-0.110439
0.012477
-0.217197
0.062505
-0.225396
-0.078627
0.108135
0.059754
0.029126
0.131898
0.049906
-0.135836
0.118187
0.138246
-0.144393
-0.034262
-0.337599
-0.140806
0.017952
-0.105696
-0.120822
-0.184433
-0.350984
-0.046300
0.130172
0.031760
0.054613
0.077004
-0.049301
-0.031633
0.080223
-0.034206
0.013012
-0.044063
0.204064
-0.049802
0.162623
0.200987
-0.039874
0.102790
-0.150142
-0.018558
-0.130181
-0.288558
-0.034628
0.040709
-0.241242
0.166638
-0.170322
0.023731
-0.073057
-0.063550
-0.025161
-0.183216
-0.006270
-0.010875
-0.022345
-0.157575
-0.407359
-0.190895
-0.232879
0.074938
-0.044250
-0.078046
-0.055369
0.038778
-0.009489
-0.222544
0.003293
0.146544
-0.096414
0.027012
-0.258561
-0.031728
-0.068803
-0.154567
0.133693
0.208101
-0.139416
-0.021826
0.145331
-0.221372
0.085611
0.184755
0.026875
-0.041080
-0.127135
-0.019294
-0.092622
-0.027843
-0.024290
0.062116
0.153553
0.137799
-0.008532
-0.017372
0.200121
-0.045138
0.073542
0.124235
0.029335
0.105011
0.042775
0.227172
0.171668
-0.089644
-0.225187
-0.199686
0.092949
0.229304
0.002253
-0.063428
0.045490
-0.097556
0.150151
0.078675
0.133014
0.249326
0.038216
-0.086863
-0.098706
-0.132073
0.092865
0.103170
0.104028
-0.099246
0.142840
-0.190576
0.085280
-0.077254
-0.185541
0.053488
0.119513
-0.201190
0.108981
0.062956
0.201140
0.094179
0.018479
0.011743
-0.116785
-0.001772
0.115158
0.125425
-0.057027
0.067551
0.142088
-0.066956
0.062553
0.152925
-0.096558
0.008892
0.126278
0.023836
-0.083539
0.143202
-0.115001
0.060079
0.129241
-0.085109
-0.008687
-0.120791
0.129657
-0.101348
-0.123594
-0.151856
-0.069541
-0.111138
-0.183297
-0.026975
-0.086856
-0.219547
0.202439
-0.230962
0.205706
-0.022316
-0.278856
0.143406
0.038487
-0.018517
-0.099655
0.120722
-0.190816
0.159496
0.163863
-0.047596
0.155918
0.057155
0.073313
-0.177185
-0.055405
0.011153
0.044464
-0.025017
0.021143
0.236254
0.054066
0.017196
0.054695
0.115887
0.060920
0.067554
-0.022785
0.199438
0.014106
0.079351
0.042466
0.212386
0.051576
-0.107782
-0.128031
0.073928
0.077109
0.082354
-0.180979
-0.020947
-0.044568
-0.018971
0.025024
0.085671
-0.104728
0.132168
-0.030684
-0.044055
-0.254563
0.110468
-0.039990
0.105821
-0.184796
0.123663
0.090593
-0.109113
-0.128086
-0.076543
-0.067886
0.043147
-0.052700
0.278972
-0.179590
0.022604
-0.000749
0.012690
0.088464
0.234694
-0.076946
-0.084994
0.095653
-0.159671
0.003319
0.014475
-0.084697
0.077743
0.180911
-0.081672
-0.075179
0.001717
-0.053839
0.077657
-0.053979
0.058699
0.063689
0.185935
-0.033051
0.121279
0.082609
-0.023906
0.113259
-0.085542
-0.089852
0.062068
-0.290315
-0.079917
0.141461
-0.144903
0.159520
-0.125103
-0.221034
0.083778
-0.021340
0.119287
-0.094306
-0.144156
-0.132862
-0.033248
-0.003756
-0.074058
0.042996
0.280756
0.199405
0.060616
0.036604
-0.167425
-0.083978
0.015536
0.021808
-0.011888
0.138800
0.156827
-0.090803
0.075574
-0.201048
-0.229998
-0.105960
-0.032710
-0.117562
-0.219098
-0.201974
0.049456
-0.032416
-0.015712
-0.002257
-0.151737
-0.114846
0.195457
-0.002875
-0.094965
-0.022224
-0.133614
-0.009092
-0.047917
-0.082778
0.027469
-0.089730
0.153087
0.253416
0.092672
0.027594
-0.113873
-0.094656
0.202039
0.210643
0.014159
0.025394
-0.010683
0.076774
0.024368
-0.044099
0.321627
0.060622
0.019314
-0.125527
-0.137993
0.070918
0.136631
-0.086935
0.095142
0.017141
-0.076811
0.134714
-0.321196
-0.011859
-0.020518
0.021239
0.130130
0.192223
-0.135784
0.041928
0.081425
-0.173661
0.024497
-0.013012
-0.240542
0.040251
0.017207
0.030158
-0.010352
0.013999
-0.029300
-0.001784
0.171084
0.083411
0.130954
-0.212926
-0.006310
-0.127223
0.096313
-0.076176
0.217419
0.164107
0.071874
-0.121249
-0.000068
-0.057770
-0.006187
-0.007888
0.353084
-0.129160
0.031906
0.023395
-0.085073
0.192331
0.128546
-0.043962
-0.134282
0.219116
-0.175718
0.090615
-0.091538
0.060314
0.024317
-0.040473
-0.033696
-0.070634
-0.003895
0.003745
0.034242
-0.059455
0.103766
-0.045304
0.220021
0.173001
0.044589
0.144698
-0.357945
-0.036542
0.181646
-0.164959
-0.009873
0.098812
-0.029101
-0.127205
-0.144939
0.061535
0.105359
-0.193909
-0.090069
0.129889
-0.090169
-0.011318
-0.010247
-0.007354
-0.174660
-0.036770
-0.216183
-0.115280
-0.045203
-0.388195
0.226181
-0.063660
0.117441
0.168105
-0.076807
0.007919
-0.137364
0.132251
-0.030103
-0.021193
-0.071961
0.161369
0.008181
-0.143646
0.093431
0.000861
0.016257
0.000870
0.034017
0.106729
0.189305
0.143137
-0.000877
0.065215
0.135247
0.103973
-0.076542
0.115323
-0.006813
-0.046967
-0.084955
-0.129248
0.334718
-0.020518
0.004235
-0.032882
0.139866
-0.294722
-0.157047
0.028201
-0.010480
-0.139651
-0.059928
0.082488
-0.018305
-0.039027
0.038111
0.062070
0.067570
0.153846
-0.231437
-0.062066
0.162415
0.030447
-0.076471
0.013052
-0.149799
0.206205
-0.060811
-0.075042
-0.153850
-0.086175
-0.067370
-0.039126
-0.130888
-0.168653
0.165282
-0.073927
0.154433
0.082340
-0.018852
0.023542
-0.026246
-0.129089
0.116211
0.133661
0.063406
-0.071880
-0.095912
-0.055654
-0.036288
0.234518
0.104892
-0.064881
0.129590
0.070561
-0.014747
0.037655
-0.097838
0.037088
-0.037154
-0.051643
-0.192140
-0.192060
0.256488
0.141828
0.293960
-0.043631
-0.059868
-0.185520
-0.083478
-0.017303
-0.079835
0.024032
0.105222
0.194829
0.132752
-0.004860
0.134291
0.246560
0.369809
0.181116
-0.159898
-0.217142
0.095221
-0.100318
-0.039076
0.177109
0.312343
-0.077779
-0.080251
0.091771
-0.031833
0.055670
0.257975
-0.058016
0.143553
0.344842
-0.068395
0.391007
-0.180093
0.072092
-0.037708
-0.186258
-0.071607
0.198040
0.035314
-0.091358
0.019555
0.048679
0.073126
0.000275
0.083259
-0.014370
-0.072745
-0.097813
0.004958
0.094991
0.120675
-0.057282
0.050148
-0.002962
-0.212315
-0.169028
0.215310
-0.072064
0.242307
0.072399
0.067172
0.168367
0.290088
-0.121087
0.110588
0.001184
-0.096996
-0.154182
0.040810
-0.097283
-0.035080
-0.077221
0.069755
0.076838
-0.018065
-0.064874
0.104181
-0.102821
-0.022576
0.139842
0.104637
0.059505
0.195609
0.117941
-0.017866
0.151213
0.209857
0.225672
0.090944
0.001529
-0.158334
-0.044285
0.031677
-0.188005
-0.053428
-0.002132
0.097354
0.059865
0.041247
-0.345859
-0.046534
0.025286
-0.013074
0.064835
-0.089205
-0.026134
-0.196705
-0.140823
-0.090284
-0.142605
-0.047480
0.054464
-0.261236
0.159169
0.031136
0.066362
0.000664
0.100404
-0.130012
-0.115826
0.048123
-0.085382
0.001159
0.112040
0.093940
0.088921
-0.167908
-0.024508
0.170045
0.060527
0.121584
0.069243
-0.107913
0.092387
-0.074932
0.064745
0.017522
0.015314
0.043375
0.125561
0.023155
0.180859
0.147062
0.176445
0.021547
0.170218
-0.121049
-0.100649
-0.030977
-0.004844
0.137259
-0.050000
-0.123090
-0.015977
-0.035460
-0.063678
-0.168460
0.046689
-0.066122
-0.137638
-0.066353
-0.000415
0.117304
0.135294
0.015405
-0.134817
0.293275
-0.043592
0.067072
-0.041405
-0.264245
-0.191474
-0.116720
-0.047637
0.157812
-0.085992
0.140616
-0.086463
0.116470
0.066378
0.026499
-0.128382
-0.164109
-0.102275
-0.063043
-0.008737
-0.107054
0.009124
0.297850
-0.202120
0.086684
0.060919
0.121065
0.000940
-0.105329
-0.079471
0.016342
-0.201062
0.030066
0.113127
0.133746
0.119579
0.114430
0.101084
0.132018
0.003436
-0.113496
0.087661
0.222345
0.187253
-0.087766
0.008147
0.031674
-0.064643
-0.068683
0.126919
-0.211613
0.098125
0.014606
0.292260
-0.243364
-0.267503
0.016524
-0.309341
-0.122138
0.072818
0.058701
0.115404
0.020808
-0.078065
-0.154396
-0.033916
0.174624
0.069716
-0.050795
-0.167089
-0.140901
0.095267
0.084600
0.212270
0.054352
-0.014853
-0.163066
0.071042
0.057426
0.137556
-0.067417
0.134861
0.106543
0.000963
0.261638
-0.188216
-0.074514
0.206936
-0.091685
-0.020861
-0.092445
-0.074450
0.026232
-0.107409
0.152841
-0.301386
0.272485
-0.090374
0.109218
0.170543
-0.072185
0.102720
0.183966
-0.061141
-0.114529
0.249912
0.013655
0.034472
0.118453
0.020566
-0.014617
0.124888
-0.099318
-0.179234
-0.135100
0.077621
0.085557
0.003387
0.066136
0.018749
0.205204
-0.009058
0.235213
-0.098610
0.058680
-0.142827
0.053581
0.068840
0.161515
0.057448
0.113751
0.081915
0.046386
0.056760
-0.228779
-0.188405
0.040700
-0.001329
-0.141620
0.097941
-0.043431
-0.283221
-0.054597
0.157070
0.090967
0.115082
0.040940
-0.084906
0.226773
-0.283315
-0.129969
-0.173078
0.154935
-0.068425
-0.132075
-0.069544
-0.072456
0.073008
-0.148435
-0.144376
0.124058
0.129854
0.038505
-0.003742
-0.192902
0.028869
-0.003803
-0.168104
0.108696
0.045065
0.053520
-0.269281
-0.068745
0.113091
0.035499
0.110611
0.023898
0.019657
-0.066901
0.082982
0.194379
0.087023
-0.143156
0.018575
-0.123995
0.200271
0.026942
0.216774
0.196403
0.084618
0.032776
-0.103959
0.099225
-0.006175
0.049114
-0.102122
-0.152170
-0.182653
0.074188
0.066034
-0.051758
0.270356
-0.034703
-0.005765
0.064172
0.057657
0.068698
0.189188
-0.043956
-0.025231
0.268611
-0.017813
-0.017679
-0.117617
-0.295331
0.025634
0.026135
0.015401
0.097038
0.250149
-0.244802
0.055370
0.107190
-0.098208
0.092041
0.326533
0.091779
0.125265
-0.000029
0.233374
0.153739
0.136955
0.169582
0.084684
-0.013889
0.159293
0.023456
-0.053595
-0.088744
-0.028012
0.185350
0.023268
-0.248180
-0.189472
0.091295
0.117349
-0.150140
-0.060302
-0.214193
0.023935
0.177858
-0.052028
0.141922
0.203574
0.085211
0.214770
0.260873
-0.153734
-0.036379
-0.026279
-0.151731
0.327555
-0.165839
-0.022256
-0.270047
0.172147
0.146686
0.038954
-0.034434
-0.021835
-0.164634
-0.009953
0.023182
0.142000
0.241428
0.020411
0.502524
-0.125597
0.061971
0.052085
-0.219095
0.192134
-0.072807
-0.071795
-0.222912
0.113631
-0.001836
-0.064785
-0.171728
0.045073
0.269914
-0.003082
-0.121599
-0.083014
0.045748
0.055430
-0.223049
-0.054068
-0.233658
-0.018771
0.211761
0.139250
0.158750
0.259993
0.127078
-0.088091
-0.128211
0.026473
-0.061507
0.231742
-0.003395
0.006650
0.065589
0.167941
-0.140401
-0.014049
-0.044488
-0.048442
-0.020962
0.025992
-0.102161
0.212119
0.075328
-0.023020
0.118191
0.163801
0.116821
-0.031084
0.122902
0.209001
0.145845
-0.043104
0.069990
-0.142356
-0.050373
0.176024
0.030506
-0.141531
-0.144205
-0.080485
-0.182596
-0.019639
-0.025106
0.169886
-0.186631
-0.042631
0.038135
0.025486
0.027769
-0.056200
0.092216
0.238151
-0.143710
-0.075402
0.129107
-0.140411
-0.079237
0.119123
-0.037117
0.198764
0.108294
-0.139313
-0.096346
-0.082313
-0.061538
0.204279
0.172947
0.009260
0.046472
0.125933
0.302498
-0.040576
0.050552
0.244605
0.240665
0.159214
0.307010
-0.069297
-0.113429
0.152591
-0.097737
-0.132776
-0.060901
0.222173
-0.069163
-0.083715
0.149366
0.355427
0.105965
-0.075715
0.020808
-0.135251
0.129437
0.107915
0.133454
-0.074476
0.021282
0.012268
-0.027117
0.226832
-0.022954
-0.078710
-0.052288
-0.066579
-0.152216
-0.196482
0.009375
0.064937
-0.071311
-0.081290
-0.028811
-0.281995
0.083302
-0.093332
-0.272035
0.278167
0.102475
0.133113
0.172944
0.174991
-0.097975
-0.090675
0.014379
0.153829
-0.054165
0.032501
-0.092001
0.068016
0.072166
0.121471
0.054507
-0.029105
-0.134985
-0.038571
-0.270422
-0.041331
0.104187
-0.083951
0.209855
0.160613
-0.083797
0.114765
-0.158756
0.080627
-0.008856
-0.186548
0.065596
0.121564
0.083855
-0.105229
0.160047
0.044400
-0.372521
-0.116557
-0.208547
-0.247954
0.148893
0.048074
0.200633
-0.116959
-0.280600
-0.036172
-0.020044
-0.014037
-0.076930
-0.053305
-0.006210
0.344430
-0.192752
0.013459
-0.194226
0.003940
0.015209
-0.099665
0.083337
0.181086
-0.084083
-0.044299
-0.023976
-0.073773
0.195522
0.351652
-0.024327
-0.024283
-0.216517
-0.258806
0.019516
-0.204513
0.161886
0.096998
-0.230608
-0.074295
-0.073818
0.096975
0.084066
-0.110701
0.015268
0.312598
0.197841
-0.002221
0.133553
0.060795
-0.125394
0.150509
-0.166485
-0.074668
-0.019143
0.078708
-0.103887
0.188292
-0.062377
0.185157
-0.027753
0.236866
-0.010703
0.022054
-0.061608
0.018939
0.207560
-0.125137
-0.087475
0.127752
-0.011284
0.039045
0.180556
0.049662
0.000776
0.158119
-0.060060
0.033865
0.035579
-0.190114
-0.056748
0.091709
-0.002552
-0.124303
-0.018359
-0.015421
-0.028937
-0.081671
-0.290351
0.201384
0.192635
-0.104282
0.397424
-0.165402
0.069605
0.141415
0.147204
-0.097938
-0.169997
0.109201
0.098039
-0.176320
-0.271014
0.004721
0.206363
0.070356
0.178300
0.209044
-0.023188
0.003750
0.138870
-0.159199
0.083626
-0.087633
-0.082887
-0.110327
0.072017
0.101450
0.119229
-0.038665
0.100613
-0.311040
-0.100568
-0.088060
0.103527
0.034165
0.023850
-0.125939
0.085308
0.236012
0.269829
0.064067
0.186231
-0.152508
-0.125118
-0.080612
-0.179920
0.155958
-0.010179
-0.067271
-0.104484
-0.045158
0.056840
0.114916
0.118233
0.031652
-0.045321
-0.110898
0.008917
0.174345
0.048688
-0.040505
-0.042315
-0.119266
0.128058
-0.171215
0.070031
-0.038796
0.214727
-0.101606
0.160228
-0.126017
0.019765
-0.099780
-0.086054
0.150179
0.035932
-0.086261
-0.010300
0.087502
-0.163005
-0.067117
-0.079692
0.072156
-0.098832
0.037818
-0.323913
0.037566
0.060538
0.069374
0.247766
-0.066090
-0.039504
-0.234310
-0.032124
0.204168
-0.119555
-0.006901
0.155983
-0.092272
-0.189363
0.017136
-0.079087
-0.076820
-0.042165
-0.009680
0.049148
0.202268
-0.235593
0.016178
0.106916
0.023616
-0.097881
0.207687
0.013303
0.077914
-0.016216
0.078682
0.138307
0.076167
0.120043
0.099550
0.267245
-0.108874
0.050504
0.176039
-0.068124
0.223390
-0.043358
-0.061623
-0.083956
-0.038570
-0.344706
-0.086402
-0.013759
0.098052
-0.251324
0.007326
0.060041
-0.135271
0.037328
-0.003077
-0.125394
0.061504
-0.018224
0.039874
-0.199302
0.068205
-0.099076
-0.077407
0.100355
-0.049289
-0.096050
0.188206
-0.040891
0.031444
-0.307453
-0.030527
0.181994
-0.001351
0.001157
-0.064234
-0.244443
-0.378084
-0.043353
0.023163
0.178698
-0.125195
0.171212
0.182506
-0.181522
0.047058
0.049499
0.080467
-0.141855
0.222562
0.120574
-0.036906
0.087372
0.069692
-0.115721
-0.049400
-0.259891
0.245599
0.260125
0.165883
0.195951
-0.265579
-0.081465
0.042963
0.050845
-0.151022
0.034513
0.171745
-0.168853
0.253800
-0.079557
-0.155379
-0.115480
-0.197286
0.010576
-0.183240
0.050157
-0.042272
0.084690
0.216874
-0.204603
0.033384
-0.004655
-0.150412
-0.162934
0.044894
-0.162785
0.123000
0.209030
0.127923
-0.039818
-0.162500
0.226748
-0.009936
0.070434
-0.013845
-0.339941
-0.385430
-0.079812
-0.198312
-0.132658
-0.107325
0.001114
0.028457
-0.104300
0.009323
0.041110
-0.333410
-0.250183
0.065096
-0.063536
0.045494
-0.021851
0.026620
-0.111298
0.086781
-0.106568
-0.209328
-0.041153
0.085867
-0.265035
0.167012
-0.080870
-0.091844
-0.067622
0.017771
0.147418
0.036217
-0.024456
-0.090374
0.141120
-0.117221
0.039581
-0.078178
0.189535
0.138624
0.098929
-0.119230
0.134129
0.103496
-0.039945
-0.036193
0.057919
0.325573
0.143548
0.026044
-0.098710
-0.061255
0.117770
-0.259318
-0.176640
0.020878
-0.159562
-0.101717
0.001713
0.108464
0.000126
0.124415
0.148431
-0.094448
0.028739
0.085507
0.037886
-0.142716
0.184748
-0.011888
0.232391
-0.197659
-0.187003
0.089873
0.291846
-0.120230
-0.027124
-0.057784
0.005954
0.146109
0.035231
0.139698
0.005815
0.161587
-0.158197
0.145770
-0.149460
0.031939
0.021827
-0.047925
-0.060606
-0.011131
-0.227757
0.101443
0.182641
0.002686
-0.064215
-0.105919
0.024176
-0.013594
-0.091912
-0.096710
-0.047598
0.031399
0.023937
0.032781
0.170697
-0.061289
0.038648
0.139754
0.173031
0.052556
0.019796
-0.080071
0.103107
0.106418
-0.206865
-0.142758
-0.035807
-0.115267
-0.087265
-0.046995
-0.050962
-0.156601
-0.034264
0.095981
-0.123617
0.059952
-0.034273
-0.121652
0.018019
0.213400
-0.199238
0.144628
0.109683
-0.040047
0.105204
0.113302
-0.093506
0.215377
0.137539
-0.049570
-0.149056
-0.177999
-0.084587
0.131072
0.031760
0.049777
0.213450
0.015599
-0.114202
0.065500
0.317966
-0.110649
0.014780
0.057956
0.088426
-0.032064
-0.254522
0.026479
-0.004764
0.102324
-0.188767
-0.014066
-0.048051
0.121762
0.048133
-0.049559
0.069577
0.121720
0.194713
0.009390
-0.220242
-0.054061
-0.036805
-0.053749
0.031650
-0.030150
0.081449
-0.237326
0.150645
-0.189833
-0.358491
-0.204282
0.121594
-0.097287
-0.085057
0.056382
-0.325073
0.186731
0.166095
0.004732
0.061933
-0.110829
-0.088674
-0.057789
-0.245403
0.105363
-0.057862
-0.252220
-0.116753
-0.114201
0.068467
0.205300
0.069028
-0.032278
-0.005573
-0.009204
-0.299404
0.008311
0.075174
-0.160723
-0.083581
-0.073702
0.139065
-0.003806
-0.026578
0.054030
-0.288521
-0.247716
-0.097733
0.052267
-0.054816
-0.097300
-0.076760
0.038692
-0.054986
-0.028500
-0.216940
0.121645
-0.132076
-0.027207
0.112674
0.009286
-0.079516
-0.015543
-0.005167
0.438689
0.016548
-0.074639
0.114923
-0.027650
0.013200
-0.144527
-0.123522
-0.017753
-0.007092
0.110532
0.171035
0.009709
-0.024413
-0.050914
0.202382
-0.191180
0.141901
0.010485
-0.030388
-0.058820
-0.134159
-0.056940
-0.018473
-0.114033
-0.185733
0.050419
0.026054
0.044764
-0.187779
0.175566
0.308096
0.056386
0.123253
0.198930
-0.012478
0.102307
0.168053
-0.033547
-0.123432
0.226337
0.010165
0.077246
0.128941
0.015319
0.025503
-0.093000
-0.168279
0.075744
0.047658
0.170476
-0.006652
0.268764
0.101105
0.115979
0.104661
0.031957
-0.230186
-0.082166
-0.162933
-0.100935
0.238117
-0.047313
-0.163617
-0.102455
-0.241084
0.004892
-0.138292
0.011455
-0.014242
-0.107122
0.253927
-0.009789
-0.031811
0.223661
-0.019592
-0.103926
-0.129523
0.213907
0.150815
-0.113141
0.133554
0.098122
0.199521
0.048699
0.132044
-0.081929
0.032185
0.139190
-0.018440
-0.097366
-0.070474
0.404734
-0.298970
0.308060
-0.073869
-0.012690
-0.177312
-0.061871
0.052062
0.046351
0.112586
-0.066033
-0.164776
-0.049883
-0.019616
-0.189709
0.082510
0.235492
0.351071
-0.127290
0.119863
0.212842
0.067159
-0.180702
0.078545
-0.238584
0.129418
0.190729
-0.014128
0.172467
0.077323
0.051485
-0.185595
0.018378
-0.312773
-0.151486
0.004248
0.030051
-0.055446
-0.182161
-0.027716
0.100111
-0.059633
-0.142871
-0.237035
0.030873
-0.051107
-0.238660
-0.143189
0.015172
0.210663
0.002416
-0.070351
0.155351
-0.096694
-0.064211
0.003263
0.062696
-0.143359
0.155254
0.056923
0.039530
-0.136239
-0.060410
-0.172154
0.108675
0.046238
0.139340
0.106944
0.089384
-0.058121
-0.092936
0.021410
0.087240
0.055722
0.150249
-0.016911
-0.087689
-0.155456
-0.037780
-0.065664
0.068219
-0.303324
-0.052224
0.022856
0.144828
0.103300
0.013224
-0.130279
-0.136920
0.097918
-0.286397
0.143551
-0.192386
0.088098
0.153084
-0.303634
-0.078788
0.078346
0.246043
-0.056101
0.232306
-0.104040
-0.241602
0.085064
0.032265
-0.129222
0.025349
-0.084852
-0.017568
0.084624
-0.089250
-0.113866
-0.173017
-0.200355
0.062526
-0.295018
0.055749
-0.048826
0.111271
-0.014229
-0.018879
0.110823
0.101556
-0.150211
-0.189969
0.024590
-0.144614
-0.098817
0.180449
0.367382
-0.022744
-0.010286
-0.386423
-0.015856
-0.019979
0.068307
-0.202981
0.121583
-0.051964
-0.018547
-0.126069
-0.128390
-0.012350
0.026328
-0.082367
-0.036771
-0.063981
-0.021136
0.018744
-0.026490
0.124195
-0.007698
0.038289
-0.110574
0.019394
0.100497
0.009117
-0.060787
-0.024252
0.201170
0.111432
-0.128436
0.364234
-0.037108
0.112150
-0.090118
-0.009785
-0.059197
0.032249
-0.096424
-0.046818
-0.038842
0.071538
-0.098415
-0.062287
-0.038428
0.128709
-0.229435
-0.215500
-0.036719
-0.048299
0.074682
0.019581
-0.177899
-0.002957
-0.060794
-0.018567
-0.268620
-0.042031
0.176905
-0.078658
-0.061634
0.037163
0.018403
0.261046
-0.151079
0.000542
-0.277031
-0.175559
0.155048
0.023183
-0.171496
0.026391
0.113798
-0.053521
-0.058665
0.084226
0.086133
-0.171254
0.158523
-0.082516
0.039283
-0.061855
-0.062176
0.116939
-0.093576
0.039365
0.107799
-0.120806
-0.327034
-0.106165
-0.029231
-0.036124
-0.046270
0.129789
0.185361
0.079629
-0.037041
-0.019038
0.085414
-0.079533
-0.021474
0.007820
0.127476
-0.207768
-0.087434
-0.120123
-0.057746
-0.256715
0.330420
-0.045406
-0.145839
-0.181667
0.070846
0.067019
-0.173816
0.075639
0.151981
-0.112965
-0.021913
-0.009423
0.122719
-0.064413
-0.025114
0.038933
0.035395
0.081386
0.236137
0.007572
0.227515
-0.141137
-0.027192
0.030458
-0.017062
-0.156393
0.205042
0.021291
-0.018282
-0.261968
0.218239
-0.055605
-0.195808
-0.057178
0.057204
-0.055829
0.048041
0.016437
-0.122785
0.044172
-0.100939
0.183035
-0.251399
-0.121217
-0.034610
0.279583
0.094450
-0.225472
0.210579
-0.026706
0.100346
0.015375
0.158868
0.065423
0.306332
-0.057121
-0.044111
-0.075759
-0.017233
-0.097404
0.086352
0.019715
0.090994
0.152262
-0.086479
0.100236
0.101288
0.014356
-0.027196
-0.081008
-0.112575
0.395322
0.193544
-0.051475
-0.064919
-0.054013
-0.317351
-0.069596
-0.053434
0.133667
-0.025529
-0.139636
0.066099
-0.355109
-0.176635
0.154888
-0.105610
-0.176124
-0.146487
-0.044553
0.076277
-0.033448
0.124276
-0.029369
0.243887
-0.080122
0.041824
-0.291756
-0.175257
-0.035751
0.017864
-0.069574
0.154079
-0.049644
-0.096259
0.057580
-0.059322
0.131543
0.052867
0.203938
-0.133751
0.000405
-0.064860
0.157105
-0.029569
-0.011053
0.225628
0.155971
-0.116974
0.051531
-0.202211
0.092185
0.092324
-0.150639
0.049333
-0.024033
0.003861
-0.078975
-0.165746
-0.101272
-0.226574
0.077723
0.016716
-0.012706
-0.172761
0.045221
-0.185738
-0.374709
0.127158
-0.106778
-0.197463
0.038561
-0.141588
-0.004678
-0.053399
-0.183384
-0.113605
0.179201
0.038785
0.075232
-0.024177
0.104514
0.043345
-0.073740
0.109551
-0.000414
0.009038
0.025879
-0.141890
0.015271
0.072392
0.063214
0.078404
-0.194496
-0.006596
-0.184791
-0.129350
-0.083168
-0.237465
-0.199372
-0.007155
0.215035
-0.069536
-0.037146
-0.122885
-0.091046
0.098904
0.031686
-0.084598
0.011355
-0.129584
0.059682
-0.180394
0.035619
-0.193440
-0.163825
0.128560
-0.064911
-0.075456
0.028245
-0.095535
0.004690
0.047513
0.067497
0.224634
0.029866
0.034890
0.173347
0.010619
-0.039525
-0.198945
0.044309
0.421214
0.018623
-0.214322
0.125686
0.001535
0.243007
0.268882
0.186667
0.245088
0.025399
0.109916
-0.036822
0.006028
-0.062830
0.082060
0.077423
-0.013587
0.017607
0.059353
-0.120115
0.094946
0.220851
0.115841
-0.012835
-0.136101
-0.221071
0.024170
-0.052062
0.091218
-0.024291
0.159719
-0.003556
-0.120888
0.241387
0.028065
0.089790
0.070535
-0.017376
0.092028
-0.064265
0.088281
0.077595
0.051557
-0.062641
-0.114197
0.015911
-0.083733
0.033321
-0.158940
-0.021549
-0.175661
-0.075817
0.105237
-0.054517
-0.029085
0.170383
0.268231
-0.039767
-0.117079
0.355146
-0.056605
-0.087808
0.013132
0.162915
-0.163610
-0.079024
-0.269510
0.080729
0.237264
0.015385
0.156631
-0.066249
-0.077357
0.009586
0.003574
0.178926
-0.253985
0.006387
0.039931
0.219325
-0.007833
0.019196
0.051987
0.227306
-0.138281
0.172715
0.007466
-0.114831
-0.088107
-0.047804
-0.079148
0.343620
-0.125387
-0.098646
-0.006043
-0.354318
0.018632
-0.181030
-0.106409
0.108973
-0.106117
-0.053687
0.021864
0.066031
-0.109611
-0.178351
0.008189
-0.077900
-0.251168
0.003342
0.089508
0.295384
-0.046168
-0.121367
0.245088
0.120686
-0.133266
-0.173755
0.094247
-0.129201
0.168436
-0.060470
0.054711
-0.003958
0.208220
0.013159
0.118857
-0.046896
0.011872
0.052952
-0.003027
-0.011322
-0.212794
0.275536
0.011939
-0.326370
-0.076684
-0.042105
-0.071340
0.157480
0.006196
-0.244268
-0.072398
-0.068162
-0.152556
0.088128
0.148127
0.087432
0.040763
0.141610
0.038048
0.019276
0.036814
-0.028935
-0.048509
-0.051684
0.156296
-0.056663
-0.174848
-0.138736
-0.154767
-0.260936
0.055926
-0.270018
0.137842
0.068216
0.007040
0.124225
0.068014
-0.066094
-0.018819
-0.111393
0.054136
-0.074119
0.188919
-0.101896
-0.001645
0.206224
-0.130359
0.300767
-0.051902
-0.205583
0.103540
0.077110
-0.066946
-0.109491
-0.059246
-0.199403
0.139590
-0.117050
-0.118989
-0.050041
-0.065836
0.016471
0.155077
0.152389
-0.117060
-0.285059
0.146670
-0.245630
0.089600
-0.398420
-0.195243
-0.198841
-0.127281
-0.026491
-0.061692
-0.155976
0.246525
-0.019613
-0.044693
0.068483
-0.058914
-0.114147
0.068088
-0.090134
-0.064751
0.154137
-0.048305
-0.016639
0.188576
0.025567
-0.110800
-0.411038
-0.018633
0.010573
-0.195708
0.094590
0.011771
-0.360861
0.047545
0.084164
-0.160287
-0.009499
-0.159982
-0.107743
-0.153915
-0.008305
-0.109072
0.369616
-0.069772
-0.178108
-0.242628
-0.107254
0.067599
-0.148172
0.122407
0.116973
-0.141206
-0.121029
0.091588
0.134242
0.049093
0.008737
0.022249
0.000769
0.076389
0.134532
0.166086
0.039876
-0.002339
-0.070371
0.124386
0.008313
-0.010328
0.008146
-0.133028
-0.038942
-0.185606
-0.014539
0.053186
0.330297
-0.200208
0.076197
-0.216375
-0.135769
0.071943
-0.138815
-0.045251
0.170340
-0.085739
0.027501
0.075722
0.113791
0.218156
0.040035
-0.030229
-0.082261
-0.079002
-0.047792
-0.020750
-0.137635
0.122020
0.199474
0.028792
0.136959
-0.091442
0.166315
-0.003234
0.051011
-0.075121
0.079264
0.102761
-0.002738
0.184974
0.037178
-0.033059
-0.092148
0.053450
0.113090
0.189709
0.163595
-0.102436
-0.221881
-0.118234
-0.079438
-0.027721
0.039105
-0.068277
-0.167984
-0.242872
-0.219348
-0.067055
0.052492
-0.050358
0.009208
0.193468
-0.015331
-0.080793
0.411157
0.041023
-0.190347
0.147309
-0.058090
-0.064939
0.010204
0.007486
0.084321
0.154934
-0.049045
-0.011112
0.242818
-0.156961
0.109336
0.070539
-0.043742
-0.137731
0.103320
0.018093
0.032484
0.163650
0.330005
-0.096054
-0.030843
0.162427
-0.073954
-0.049919
-0.108330
-0.138362
0.098740
0.035293
-0.205670
0.168214
0.150932
0.092462
-0.209834
0.000263
0.113691
0.032744
-0.017491
-0.028555
-0.020695
-0.124522
0.223009
0.020521
-0.011464
0.004928
-0.177625
-0.077260
0.264280
-0.058925
0.025522
-0.185860
0.046864
0.088844
0.070508
0.017898
-0.050682
-0.056227
0.111431
-0.008780
0.070175
0.088761
-0.109054
0.059009
-0.124206
-0.121102
-0.177822
-0.061945
0.055562
0.068226
-0.031515
-0.062786
0.153800
0.202679
-0.112241
-0.089558
-0.083766
0.089336
-0.034191
-0.069849
-0.132163
-0.019761
-0.084634
-0.217115
-0.084831
-0.011287
0.040770
-0.155610
0.063530
-0.079320
0.256386
-0.005064
-0.027937
0.207973
0.126757
0.116211
-0.039171
0.081839
0.099026
0.065406
-0.106277
0.086161
-0.007409
0.057300
0.157521
0.294390
0.123576
0.186906
0.014739
0.004999
-0.064814
0.122808
-0.122852
-0.017731
0.218837
0.247165
-0.020190
-0.236287
0.090038
0.014446
-0.040091
-0.028923
0.189939
0.017412
-0.136385
0.031548
-0.312934
0.193906
-0.031904
-0.067212
0.178891
0.208559
0.100514
0.154544
-0.014858
-0.187557
0.087811
0.189887
0.120773
0.037755
0.032359
0.196875
-0.061106
0.047246
-0.052823
0.108558
-0.226539
-0.139374
0.077066
-0.158741
0.036005
0.031073
0.279696
0.077266
-0.010410
-0.113499
0.001112
0.099400
-0.178283
-0.163940
-0.079481
0.142804
-0.223350
-0.089030
0.046634
-0.227926
0.248365
0.205915
-0.257836
0.018737
0.152370
-0.197209
-0.164868
0.122190
0.010788
-0.006400
0.077659
-0.147378
-0.185281
0.047166
-0.056962
0.118456
-0.222695
-0.086971
-0.263012
0.033500
-0.046878
-0.059279
0.052876
-0.164705
-0.151973
-0.103208
0.099751
0.000434
-0.085918
-0.072985
-0.024626
0.081030
-0.116568
-0.184627
-0.006533
0.013084
-0.145148
0.103108
0.067231
-0.072762
0.187131
-0.004153
-0.161375
-0.244079
-0.048646
-0.078191
-0.093143
-0.022416
0.103357
0.202636
-0.003984
0.032431
0.071686
-0.000988
-0.073563
0.209865
0.001677
-0.085995
-0.081949
0.036873
0.023301
0.167864
0.267627
-0.129312
0.116250
-0.115488
0.192440
0.137143
0.030057
-0.040944
0.286529
0.108038
0.300072
-0.033186
0.152445
-0.034433
0.203691
0.261708
0.021123
0.039502
0.024853
-0.049970
0.124955
-0.081020
-0.261393
0.007948
-0.180597
0.377975
-0.003413
0.242554
0.226991
0.064775
0.062242
-0.122332
-0.192258
0.143001
0.089003
0.022034
-0.038847
-0.151040
0.394510
-0.185427
-0.170066
-0.004018
-0.098038
0.142989
-0.035841
0.074228
-0.031406
-0.124393
0.243867
-0.103475
0.137088
0.065529
0.084013
0.089419
0.062584
-0.260147
-0.155480
0.068523
0.087892
-0.261133
-0.152953
0.286442
-0.128038
