# 参数名称：backbone.features.12.conv.6.weight
# 参数形状：(96, 576, 1, 1)
# 参数数据类型：float32
# 参数值（保留6位小数）：
0.145158
-0.219618
-0.059547
-0.064215
-0.318114
-0.069817
0.068353
0.044637
0.121971
-0.229969
-0.076571
0.019513
-0.116115
-0.079480
0.084484
-0.038345
-0.092812
0.052473
0.112326
0.142127
-0.163891
0.209552
-0.090026
-0.251428
-0.345839
0.102374
0.051903
0.064009
0.167721
0.181955
0.112294
0.066957
0.051863
-0.162912
0.088949
-0.003708
-0.050997
-0.107137
-0.137024
-0.039863
0.243873
0.160373
-0.240745
-0.076692
0.045164
0.060861
0.055165
-0.030634
-0.250289
0.210656
-0.118759
-0.030381
-0.028865
0.042959
0.046879
-0.119319
-0.057904
-0.300840
0.116872
-0.029891
0.002202
-0.079059
-0.115589
-0.087399
-0.245312
-0.105373
-0.009880
-0.035889
-0.034071
0.236263
-0.063521
0.058852
0.089984
-0.205739
-0.027109
0.129126
-0.016736
0.098273
-0.113745
-0.169063
-0.040151
-0.087394
-0.150662
-0.301876
-0.020402
-0.143655
0.421823
-0.103885
-0.134628
0.054762
-0.360444
-0.071773
-0.195753
-0.308689
-0.119619
-0.179742
0.042136
0.069340
-0.227635
-0.222282
-0.141909
0.110452
0.068535
0.190739
-0.039529
0.032732
0.025458
0.133697
-0.062621
0.144990
-0.061811
-0.001361
-0.053914
-0.276534
0.110530
-0.072481
-0.106581
-0.076557
0.248853
-0.008342
-0.150221
0.049713
0.286497
-0.141809
-0.096350
-0.037776
0.124333
0.155982
0.133465
-0.234850
0.037881
-0.084720
-0.050246
-0.042699
0.002848
0.020545
-0.061726
0.056374
-0.046895
-0.015874
-0.049370
0.011421
-0.117544
-0.069286
-0.007185
-0.014547
-0.189433
-0.034696
0.064956
0.046901
0.087901
-0.226422
0.223988
0.010958
-0.065879
0.004469
0.169140
-0.033039
-0.154089
-0.041742
0.002336
-0.021904
0.285734
0.220130
-0.043179
0.203068
-0.371558
-0.156111
-0.060623
0.118264
0.154490
-0.117601
-0.166702
-0.028124
0.245904
0.328677
-0.138599
0.047209
-0.237158
-0.180727
0.008505
0.246432
0.148145
-0.250868
-0.024008
0.002436
0.033002
-0.040358
-0.074093
-0.103014
-0.042740
0.039874
-0.025057
0.098085
0.132183
-0.197508
-0.019521
-0.116084
-0.105279
0.186301
0.068196
0.062929
-0.016984
0.156398
-0.015734
-0.021822
0.123462
-0.104009
0.082906
-0.040328
0.192900
-0.432294
0.110240
-0.002889
-0.171566
-0.099275
-0.141545
0.232721
0.147395
0.214156
0.142189
-0.285971
0.213868
-0.111684
0.170745
-0.277579
0.180503
-0.290165
0.206945
-0.173800
0.071872
0.189212
0.191748
0.056212
-0.009473
0.008309
-0.008245
0.027604
-0.087743
0.061439
0.026127
-0.034328
0.123894
0.149575
-0.058935
0.153523
0.245403
0.028092
0.414349
-0.012305
-0.080711
-0.128295
0.084581
0.075670
-0.075396
0.079001
0.168886
-0.024431
-0.066421
-0.190541
0.165468
0.061944
0.033807
-0.008181
0.126884
-0.071624
-0.023189
0.065840
0.058192
-0.096512
0.015758
-0.088703
-0.079890
-0.287136
0.083553
0.239551
-0.068745
-0.115022
-0.010759
0.160678
-0.325869
0.091414
-0.006808
0.041507
-0.140011
-0.035733
0.174612
-0.154547
0.154957
-0.032919
-0.120337
0.082612
0.059960
0.085121
-0.004728
0.057069
-0.112841
0.111661
-0.200897
0.060634
0.242714
-0.022612
-0.119410
-0.134358
0.021195
0.122423
0.135429
-0.061957
-0.021771
0.004886
-0.028701
-0.154057
0.195607
-0.010238
-0.183391
0.008406
0.017004
0.175006
0.249711
0.151866
-0.188264
0.229495
0.093966
-0.098895
-0.169400
-0.164978
0.046692
0.045372
0.018395
0.067695
0.119219
-0.047526
0.000437
-0.024171
0.172335
-0.048175
-0.083330
0.014473
-0.188787
0.096232
-0.141486
0.085034
-0.050132
-0.020601
-0.011230
0.039488
0.050327
-0.024914
-0.020834
0.031877
-0.004061
0.099342
-0.089885
0.312708
-0.122611
-0.122818
-0.183436
0.191908
-0.071296
0.139357
0.066569
-0.061761
0.034934
0.042521
0.088116
0.068201
0.054157
-0.072909
-0.046141
0.133907
-0.053436
-0.041501
-0.028275
-0.201172
0.096829
0.075001
-0.142703
-0.077779
0.088541
-0.086442
-0.023981
-0.326481
-0.137324
0.028485
0.153480
0.053463
0.090579
0.185253
0.071145
0.099146
0.078566
0.024632
-0.086445
0.051420
0.315392
-0.089635
-0.220815
0.057471
-0.235388
-0.026525
-0.210740
0.278355
0.021874
0.099659
-0.077340
-0.109304
-0.090754
-0.178122
0.114589
0.125403
-0.099625
0.018856
0.072668
0.072486
0.128351
-0.030886
-0.107768
-0.167473
0.179850
-0.032015
-0.283001
-0.122905
0.035084
-0.026632
0.156142
0.081747
-0.062147
0.063544
-0.106932
-0.081504
-0.033846
0.045866
0.259639
0.003767
-0.055001
0.095953
0.031778
-0.021730
0.022291
-0.009213
-0.267527
0.022979
0.029144
-0.056935
0.155527
0.114064
0.044284
0.011469
0.043458
0.103368
0.103888
-0.159989
0.116170
-0.019817
0.097263
-0.205915
0.147985
0.000828
0.035087
-0.132721
-0.207831
-0.094736
0.244900
-0.030539
0.002163
0.143585
-0.029950
-0.220293
0.093355
0.057805
-0.208850
-0.189986
0.316141
0.048071
0.080996
-0.068367
-0.034805
0.087240
0.022839
-0.122793
0.147213
-0.141414
0.252744
0.065594
-0.196867
-0.053730
0.111491
-0.125147
-0.163040
0.284440
0.114192
0.007117
0.034915
0.323473
-0.098536
-0.000588
0.060826
0.002397
-0.049545
0.009954
0.070995
0.022798
0.283495
0.063789
0.147436
-0.120413
0.013685
0.162173
-0.174709
-0.154846
0.088738
-0.053872
-0.172965
-0.038916
0.031290
0.315610
0.137165
-0.156008
-0.066887
0.011136
-0.149087
0.060785
-0.024783
0.063488
0.091869
0.112082
-0.221500
0.201598
-0.140198
0.030058
0.126007
-0.097904
0.316630
-0.020541
-0.173585
-0.035907
-0.057397
-0.220912
-0.137061
-0.068582
-0.076816
-0.055853
0.182723
0.025087
0.017901
-0.043428
-0.063106
0.116352
0.067513
-0.029865
0.032315
-0.083967
0.126367
0.089838
0.119116
0.060245
-0.098403
0.297823
-0.173592
0.077255
-0.022680
-0.010181
0.143227
0.009223
-0.337009
0.075029
-0.058461
0.147890
-0.167969
-0.237805
0.099447
0.110790
-0.153332
-0.176481
0.051419
-0.008315
-0.210612
0.229665
-0.200532
0.110058
-0.185349
0.226713
-0.055706
-0.193055
-0.101691
-0.157589
0.059251
-0.059337
-0.135903
0.079365
0.030414
0.008790
0.137794
-0.084893
-0.058760
0.151271
-0.049375
0.047151
0.044856
-0.073738
-0.149892
-0.047672
0.217988
0.145541
-0.280560
-0.096006
0.129767
0.148713
-0.051864
0.122611
-0.209520
0.138327
0.121635
0.124064
0.173125
-0.302774
0.158556
0.015807
0.011854
0.081626
-0.112724
-0.122449
0.133571
-0.019265
-0.068741
0.131286
-0.128824
0.090257
0.083313
-0.031152
0.049942
-0.279184
-0.054604
0.108605
-0.090625
0.047163
0.047865
0.004245
0.124692
0.028120
-0.053154
-0.104463
-0.228846
0.180713
-0.208214
0.433950
0.217440
0.073239
0.175108
0.027434
0.042656
0.102802
-0.040894
-0.009362
-0.332472
0.003909
0.029750
-0.258860
-0.153593
-0.110053
-0.214047
0.235850
-0.022459
-0.416167
-0.034176
-0.138573
-0.054901
-0.105712
-0.079993
-0.098412
-0.066460
-0.007765
0.038137
-0.103521
-0.022532
-0.010886
0.118888
0.046090
0.090499
0.160300
0.150529
0.007083
-0.025094
0.128288
0.068959
-0.003407
-0.262991
0.012628
-0.047076
-0.258000
-0.082146
0.071657
0.052254
-0.055938
0.083913
0.053842
-0.154667
-0.014400
0.069837
0.066792
-0.025974
0.118242
0.027782
-0.142973
-0.151989
-0.021024
-0.084299
-0.136113
0.038809
0.143759
-0.119506
-0.025779
-0.105753
-0.021061
0.011224
0.139185
0.087137
0.057194
-0.051433
-0.110178
-0.067401
0.106589
0.158967
0.098735
0.218603
-0.123610
-0.086172
-0.043681
0.112770
0.238527
0.086791
-0.030538
-0.050570
-0.235472
-0.130642
-0.113790
0.114709
-0.168115
0.257071
0.154422
0.000592
0.153430
0.032332
0.256451
0.143687
-0.121969
0.030283
-0.341583
-0.066023
-0.019541
-0.142885
-0.251113
0.011410
0.108120
-0.109322
-0.146779
-0.052074
-0.060346
0.160310
-0.093939
0.054243
0.173940
-0.026062
0.214746
0.024315
0.040416
-0.142575
-0.054668
-0.000425
0.203936
0.218721
0.152232
-0.301794
-0.084579
-0.149382
0.304941
0.026938
-0.148286
-0.195128
-0.184103
-0.174390
0.389011
0.005268
0.109672
-0.013162
0.062798
-0.046070
0.024751
-0.394133
0.196601
-0.000427
0.201596
-0.063491
-0.047203
0.121389
0.209475
0.179286
0.185910
-0.092773
-0.264988
-0.150175
0.045756
0.188408
0.040948
0.041433
-0.027208
0.093854
-0.099618
-0.080032
-0.034435
-0.236710
0.021296
-0.170094
0.004110
-0.177065
-0.146060
0.008611
-0.115372
-0.074942
-0.086525
-0.122165
0.038847
0.136035
0.038193
0.021503
0.047184
0.029000
-0.009602
-0.086625
0.206088
0.004963
-0.178706
0.047694
-0.023738
-0.009658
-0.139450
-0.157577
-0.331259
0.027943
-0.120817
-0.067588
-0.029452
0.023011
-0.079106
0.154994
-0.150146
0.014625
-0.100410
0.108544
0.047789
0.128078
-0.082227
-0.018462
0.004447
-0.084015
-0.057181
0.064761
0.166642
0.003744
0.116310
-0.018326
0.148800
-0.138138
0.132117
0.060195
-0.171211
-0.077809
0.034319
0.158748
0.170882
-0.062458
-0.053137
-0.201081
-0.083140
-0.095239
-0.281515
-0.061183
0.171683
-0.025590
-0.081825
0.013142
0.062494
-0.074426
-0.157900
-0.267390
0.041725
-0.046098
0.069006
0.065705
-0.062737
-0.177481
0.127199
-0.039503
0.122576
-0.010280
0.171351
-0.054475
-0.112599
-0.096225
-0.260440
0.036040
-0.105163
0.213263
0.328310
0.031360
-0.032350
0.088399
0.111721
-0.139163
-0.015386
-0.055660
-0.089347
-0.241279
-0.005868
-0.005715
0.196838
0.068884
0.221805
0.038173
0.209416
-0.240885
0.237183
0.115919
-0.198811
0.220371
0.233255
-0.008314
0.206790
-0.070760
0.146718
0.325516
0.095286
0.169197
-0.022538
0.304378
0.116857
-0.044479
-0.180527
-0.098970
0.047274
0.053442
-0.264452
0.018880
0.222098
0.184634
0.043842
-0.105742
0.005429
0.057774
-0.070167
0.071410
0.182940
0.115195
0.008061
-0.173807
-0.053557
-0.102180
-0.290136
0.287100
0.060120
-0.076320
0.156537
0.058897
0.027954
0.178582
-0.006123
0.021674
-0.141681
0.019055
-0.245689
-0.105524
0.122693
0.047153
0.331018
-0.093931
0.007397
-0.156366
-0.063484
-0.022807
-0.150200
-0.112561
0.064964
-0.123369
0.141547
0.298036
-0.162657
-0.208333
-0.213421
-0.044641
0.070571
0.110312
-0.210080
0.231257
-0.192778
0.061043
-0.093227
-0.135590
-0.035604
0.161915
-0.188537
0.231322
0.168236
-0.168936
-0.191119
-0.003286
0.108236
-0.118599
-0.125849
0.146173
-0.072567
-0.082151
0.118040
0.058396
0.056009
0.166155
-0.290784
0.097441
0.012783
0.007421
-0.183257
-0.187836
0.033871
0.119774
0.211442
-0.087180
-0.085531
0.066961
0.131115
-0.017699
0.135686
0.166478
0.176551
-0.063845
0.168586
0.040755
-0.025761
0.042151
0.009518
0.172786
-0.128123
-0.278358
-0.113610
-0.172675
0.127150
0.054984
-0.000168
0.123312
0.216007
0.005761
-0.063252
-0.032281
-0.001927
0.079084
-0.178335
-0.039559
-0.154841
0.086290
-0.016833
-0.025926
-0.034311
-0.213710
-0.176273
0.092340
-0.174077
0.113200
0.165291
-0.081503
-0.172626
0.061039
0.021219
-0.035090
0.065577
0.108301
0.116604
-0.163255
0.137356
0.128801
-0.118669
0.078670
-0.205825
-0.191944
-0.108145
0.094615
0.217345
0.106583
0.009357
-0.005019
-0.284036
0.030860
-0.103793
-0.216011
-0.152638
0.123447
-0.125110
-0.262440
-0.007007
0.185063
-0.167920
0.108098
-0.095758
-0.138008
-0.129814
-0.091112
0.059736
-0.024362
0.133725
0.056487
0.018253
0.193014
0.059954
-0.040753
0.033446
0.156915
0.053370
-0.139490
0.129005
0.042240
-0.014532
-0.074331
0.080389
-0.011330
0.077043
0.038351
-0.017267
-0.029986
0.145017
0.038339
0.157212
-0.059209
0.037816
-0.192673
-0.022299
-0.022376
0.139080
-0.046461
0.027256
-0.110178
-0.121032
-0.001216
-0.075096
-0.041242
-0.225499
0.023485
0.000734
0.038188
-0.006085
-0.056826
-0.182294
-0.003345
0.000494
-0.170483
0.106337
0.004025
-0.098275
0.087483
0.083463
-0.029392
-0.090447
-0.138421
-0.033270
0.059946
0.179316
0.000422
0.010355
-0.080415
0.039820
-0.202163
0.272767
0.163848
-0.001300
-0.189143
-0.061381
-0.058059
-0.101898
0.311243
0.040603
-0.047135
0.049075
0.230474
-0.219832
-0.038108
-0.082950
-0.097570
-0.153413
-0.458637
0.048831
0.215935
0.127998
0.250447
0.119214
0.094542
-0.019875
0.028915
0.035213
0.048736
0.045861
-0.068654
-0.122690
0.176129
0.283556
-0.390989
-0.219991
-0.118210
-0.044711
0.116737
0.128690
0.109254
-0.068552
0.190986
-0.005018
0.045478
-0.025572
-0.030325
0.099717
0.072044
0.212293
0.083700
-0.160394
-0.296155
0.088848
0.151929
0.215313
0.142472
0.204311
-0.210712
-0.036320
0.030978
0.009681
-0.083923
-0.276221
-0.107825
0.300247
0.154523
0.159526
0.165952
0.154377
-0.102005
0.149531
0.021300
-0.003695
-0.294026
0.119636
-0.020992
0.166155
-0.125802
0.002868
-0.140888
0.324238
-0.111018
-0.173200
-0.000766
-0.068256
-0.029707
0.187519
-0.059708
0.131892
-0.082039
0.000208
-0.296879
0.025065
0.142006
-0.191440
0.045968
-0.184024
0.123492
-0.132583
0.046793
0.058377
0.044888
0.201552
0.167940
-0.174954
-0.213916
-0.076258
-0.119828
0.106408
0.015187
-0.008279
-0.123636
-0.064618
0.089260
-0.041334
-0.093535
0.050782
-0.093151
0.025100
0.095547
0.133596
0.163904
0.187547
0.113474
-0.252834
0.057095
0.013592
-0.245872
0.263284
-0.070404
-0.014515
0.110156
0.082150
-0.007447
-0.108952
0.076916
-0.019541
-0.043132
0.055326
0.042255
0.061914
-0.085618
-0.017712
0.087572
-0.099113
-0.123326
0.064186
-0.387606
0.181304
-0.055932
-0.047597
0.023525
0.119245
0.055247
-0.071227
-0.017335
-0.122350
0.052944
-0.299810
-0.071933
-0.134814
-0.159259
0.016932
0.166733
-0.156330
-0.175132
0.009873
0.106989
-0.073440
0.035983
0.034831
-0.208275
-0.017869
-0.175294
0.189136
0.079948
0.100535
0.007997
0.218234
-0.011539
0.023387
0.017265
-0.219621
0.100641
-0.085026
-0.379310
-0.039965
0.009805
-0.207596
0.097280
0.108992
0.004663
-0.194017
0.118365
-0.140144
0.302475
0.009970
-0.166403
0.205870
0.017175
0.160301
-0.128085
0.118264
-0.099395
-0.073888
-0.091852
0.045984
0.001506
-0.018638
0.282508
0.042389
-0.161500
-0.048453
-0.068602
0.075067
-0.003811
-0.014834
0.169113
0.008268
-0.055084
0.200198
0.188047
0.028344
0.113361
-0.110545
0.071352
0.008408
-0.005634
0.032968
-0.145238
0.031396
0.035660
-0.225525
0.141929
-0.095520
-0.058350
0.003621
0.283368
-0.097319
-0.022042
-0.050682
0.211514
0.064602
-0.146069
-0.233856
0.104193
0.148582
-0.058371
-0.135965
-0.052370
-0.203496
-0.030280
-0.144499
0.026521
-0.031810
0.000684
0.204783
0.053559
-0.060462
-0.121573
0.047253
0.050556
0.126624
0.035095
-0.035417
-0.251230
-0.067360
0.154900
-0.023898
-0.225672
-0.038531
0.146054
-0.062234
-0.341844
0.247426
-0.056948
-0.102897
0.065189
-0.014982
-0.138305
-0.134088
-0.060686
0.183160
0.137406
0.124778
-0.066749
-0.093372
-0.243388
0.005785
0.052437
0.134501
-0.102746
-0.289123
-0.017154
0.027393
0.062136
-0.052124
-0.127976
0.190462
0.102616
0.038731
-0.019770
-0.066822
0.151361
0.054399
-0.222675
0.067161
0.107960
-0.181458
-0.206707
0.134602
0.021933
0.103714
-0.082168
-0.007072
-0.039553
-0.033198
-0.072574
0.041142
0.273421
0.174759
0.031640
0.124104
0.004413
0.038106
0.272309
-0.171868
-0.019572
-0.019473
0.144102
0.050547
-0.126648
0.205077
-0.295385
-0.068056
-0.024875
-0.040305
0.220687
0.033711
-0.026153
0.354736
0.104986
-0.103798
0.153751
-0.047459
-0.046918
-0.133340
0.070778
0.037335
0.048392
-0.247724
-0.141710
0.104358
-0.075460
-0.243339
-0.026469
0.018083
0.132588
0.110352
-0.023912
-0.044564
-0.144852
-0.028358
0.142668
0.006274
0.103143
0.142505
0.028571
0.011218
0.123075
0.108325
-0.131388
-0.196064
0.000834
-0.293936
-0.096511
0.061619
-0.008044
0.159490
-0.003608
-0.060174
-0.120916
0.125330
0.079730
0.052014
0.084308
0.017930
-0.125243
-0.198151
-0.256216
-0.101431
0.205333
-0.046015
-0.060220
-0.142208
-0.120344
0.185987
-0.110414
0.027059
-0.235156
-0.073295
0.101855
-0.096094
-0.370624
-0.056836
-0.082037
0.180876
0.019021
0.079369
-0.090620
-0.130251
-0.105468
0.223663
0.057493
-0.121223
-0.146257
0.113937
0.040933
-0.156367
-0.081330
-0.003438
-0.102200
0.081343
0.000922
0.014591
0.008858
0.161110
0.031864
0.146911
-0.068697
-0.049302
-0.031957
0.181834
-0.199954
0.194406
0.057128
-0.158211
0.040373
-0.164019
-0.087415
-0.145775
-0.175744
-0.131492
0.177826
0.091874
0.143347
-0.043928
-0.330068
-0.006820
0.072884
-0.144756
-0.174521
-0.041887
0.148651
0.093711
-0.086652
0.015446
0.000232
0.141494
-0.011263
-0.091671
0.004634
-0.074140
-0.034962
-0.022509
0.207005
0.112131
-0.172158
0.070260
0.032008
-0.149063
-0.162754
0.220289
0.022842
-0.007548
0.114331
0.195185
0.051002
0.236731
-0.259297
-0.167142
-0.045934
0.091208
-0.041792
-0.062011
0.243637
0.056622
0.020094
-0.046536
0.272967
-0.077762
0.051635
-0.161059
0.110451
0.188823
0.223749
0.000775
0.051980
-0.160738
0.154763
0.036227
0.001144
0.123294
-0.090854
-0.131756
0.191626
0.242129
-0.162874
0.249586
0.059024
0.045846
0.103619
0.022338
-0.129843
-0.074943
-0.063160
-0.071466
-0.092919
-0.090266
-0.032663
-0.054745
-0.010712
-0.052298
0.038212
0.062533
0.009501
-0.188864
-0.003645
0.093416
0.234714
0.178703
-0.084443
-0.137523
0.102323
0.114810
-0.098661
-0.165876
-0.061283
-0.035080
0.036407
-0.138013
0.112322
-0.089106
-0.189677
0.143887
-0.052473
-0.090200
0.140447
-0.221733
0.089871
-0.243102
-0.049151
-0.022273
0.030883
-0.142751
-0.173578
0.035021
-0.193557
0.040034
-0.160149
-0.017603
0.145404
-0.105026
0.003120
-0.090542
0.238986
-0.010220
0.344611
0.010893
0.111366
-0.148963
0.046354
0.130909
0.324966
0.082233
-0.021933
0.242407
-0.046339
0.061820
0.015873
-0.109375
-0.078308
0.194638
-0.121027
-0.079744
0.010518
0.021386
-0.010174
-0.172460
-0.075709
-0.215573
0.066689
0.042161
0.016848
-0.057091
-0.213803
-0.016178
0.146907
-0.018281
-0.070198
-0.004898
0.127275
-0.019435
-0.199383
0.036440
-0.098027
-0.021506
-0.232367
-0.063844
-0.144269
0.085169
-0.072079
-0.039431
-0.211010
-0.048197
-0.021475
0.139076
-0.035220
-0.152582
0.170322
0.194563
-0.020949
-0.048021
0.100980
-0.044614
0.058836
0.214322
0.058495
-0.030686
-0.097868
-0.186069
-0.180421
0.156022
0.024637
-0.128081
0.159952
0.031544
-0.210987
0.164191
-0.071679
-0.171034
0.060063
-0.150853
0.180855
-0.177489
0.121990
0.132321
0.084987
0.019344
0.099586
0.039328
0.034892
0.131212
0.033969
0.083864
0.005004
0.423305
-0.034539
-0.042375
0.127581
-0.104475
0.261826
0.048385
-0.042541
0.200686
0.166523
-0.012046
0.190637
-0.090449
-0.078875
0.024457
0.181643
-0.029907
-0.090702
-0.111105
-0.044858
-0.002731
0.209786
-0.048411
-0.038262
0.070169
-0.021679
0.305204
0.101120
-0.008267
0.031932
0.182560
0.304144
0.042091
0.150701
0.103968
-0.064088
0.101280
-0.021335
0.124491
0.169207
0.085028
-0.078880
-0.086427
-0.193055
0.265885
0.095101
-0.073154
-0.074195
0.161722
-0.114790
0.016053
0.112258
-0.061862
-0.277029
-0.033054
-0.159585
0.000703
-0.080601
0.056661
-0.103265
-0.296327
-0.035352
-0.225475
0.116528
-0.034982
-0.037529
0.051552
-0.027077
-0.016249
-0.213446
0.045594
-0.292931
0.136435
0.234525
-0.192683
0.098069
0.126241
-0.051258
0.171200
0.112160
-0.234933
-0.134710
-0.175190
-0.125720
0.152207
0.122114
0.166838
-0.124433
-0.210554
0.192671
-0.090532
0.070911
0.109497
0.272361
-0.051355
-0.121659
-0.067398
0.153096
0.385062
-0.071258
-0.028854
-0.036508
0.107291
-0.108908
0.011899
0.147433
-0.043221
0.245792
-0.047255
0.131361
0.026237
0.199134
0.078563
0.011634
-0.141669
0.133272
-0.061157
0.003939
-0.194396
-0.078768
-0.002061
-0.035557
-0.043188
0.244359
0.014518
0.065646
0.159358
0.081606
-0.167128
-0.101591
-0.228665
0.183683
-0.211108
-0.251765
0.268656
0.146848
-0.005243
-0.035543
0.029961
0.046481
-0.200020
0.100705
-0.023793
0.115099
0.030832
-0.002239
0.213915
-0.016550
-0.065890
0.115552
-0.083915
-0.184857
0.313077
0.191030
-0.022402
0.032331
0.025428
-0.160573
-0.172168
-0.016602
-0.089214
0.118084
-0.124369
-0.099235
-0.156264
0.256517
-0.049942
-0.153736
-0.402620
-0.070598
0.093365
-0.057796
-0.087320
0.005710
-0.093640
0.066084
-0.024833
0.141626
0.163560
0.053595
0.036139
0.018397
-0.137538
0.066192
0.011091
0.016947
-0.025748
-0.015239
0.119270
0.176468
-0.172742
0.182953
0.104112
-0.324408
-0.318088
-0.036973
-0.037154
-0.005590
-0.034715
0.172645
0.030147
-0.178423
0.100289
-0.123367
0.193429
0.034882
0.058383
0.080235
0.218065
-0.014997
0.158289
0.075732
-0.040556
0.268537
-0.361868
0.154926
-0.067826
-0.004261
-0.074898
-0.261400
0.105179
-0.083770
-0.080057
0.174611
0.016530
0.222700
-0.095399
0.077591
0.027034
0.069619
0.096126
0.024917
-0.144604
-0.032513
0.002013
-0.167157
0.095328
0.205418
0.274587
0.058165
0.179659
-0.067706
-0.007532
0.158100
0.190012
-0.028199
-0.075983
0.057114
-0.209173
0.014418
-0.213480
0.174146
0.119900
-0.016982
0.133778
-0.106863
-0.129633
0.156454
0.160758
-0.115888
-0.136136
-0.193705
-0.080377
-0.055574
-0.077165
0.030849
0.078797
-0.069297
0.075027
0.121375
-0.220932
0.137702
-0.216302
-0.040534
-0.056653
0.050793
-0.015499
-0.054999
0.166616
-0.179847
0.091009
0.068718
0.104417
-0.195685
-0.186636
0.332970
-0.002483
0.093354
-0.069464
-0.090973
0.037745
-0.217744
0.045962
-0.039108
0.060555
-0.115850
0.083006
-0.096762
-0.179778
-0.121185
0.049081
-0.101867
0.084931
-0.015251
0.009044
0.089099
-0.086091
-0.252152
0.077271
-0.087862
0.267097
-0.097136
0.099498
0.151559
-0.202581
0.206388
-0.241305
0.198614
0.025856
-0.025588
0.019915
-0.071905
-0.012659
-0.065781
-0.108053
-0.070709
0.190836
-0.068175
-0.070030
0.167969
0.084299
-0.013289
-0.080303
0.136506
0.001034
0.068950
-0.140318
-0.010469
-0.073838
0.011384
-0.315002
0.178897
-0.103764
-0.178762
0.213350
-0.018491
0.162284
-0.024498
0.066432
-0.158624
-0.000767
0.071192
-0.100998
-0.007564
0.103467
-0.055321
0.067088
-0.000708
-0.098573
-0.030392
-0.255265
0.140049
0.228654
-0.016558
0.089458
-0.001912
-0.077818
0.232406
-0.100680
0.014387
0.048275
-0.105017
-0.080725
0.073769
-0.031194
-0.031901
0.075459
-0.076526
-0.202649
0.328568
0.060297
-0.109524
-0.138213
0.037572
0.138250
-0.113227
0.057705
-0.032540
0.158769
-0.046139
0.144235
0.055063
-0.168143
-0.035998
0.001752
0.099556
-0.053254
0.021179
-0.293866
0.016254
0.063236
0.124728
-0.298863
-0.404625
-0.010786
0.361446
-0.230028
0.277658
0.044823
0.262728
-0.025528
0.208295
-0.171445
0.080568
0.065011
-0.117127
0.194115
0.015748
-0.121686
0.092164
0.035029
0.063036
-0.082722
-0.043897
0.266748
0.155852
-0.180182
-0.110810
-0.043091
0.127477
-0.134888
0.015876
0.090121
0.195578
0.197613
0.002281
0.198781
-0.025892
0.180615
0.115855
-0.130264
-0.206629
-0.189452
-0.058527
-0.275331
-0.054183
0.047487
-0.236725
-0.068697
-0.000284
-0.070616
-0.329761
0.035921
-0.146594
-0.134236
0.102007
-0.030084
0.025262
-0.028342
-0.044270
0.134363
0.064241
-0.056023
-0.084344
0.084636
-0.002853
0.036351
0.080247
0.107922
-0.092058
0.053071
-0.080832
0.056451
-0.184095
-0.090747
-0.068820
0.071813
-0.080429
-0.038438
-0.014675
0.065450
0.115630
0.083777
-0.067201
-0.079618
0.009125
-0.057087
0.102407
0.151970
-0.186103
-0.144359
0.109087
-0.095936
0.097435
-0.058415
-0.007866
-0.223565
-0.109264
-0.075171
-0.041799
-0.045474
-0.050160
-0.224678
-0.162170
-0.125860
-0.033900
-0.206470
0.017325
-0.096655
0.011891
-0.046272
-0.150401
-0.281727
-0.199960
0.153965
0.060056
-0.116334
0.041714
-0.016236
0.234995
0.146195
-0.190031
-0.182453
-0.117777
-0.062874
-0.154311
-0.055557
0.099124
0.112472
0.375266
-0.238054
0.041916
0.061832
-0.188502
0.098622
0.245788
-0.157518
-0.152512
0.004747
-0.244149
0.047202
0.388506
-0.030455
-0.011822
0.062591
0.039927
-0.037042
0.112435
0.067453
0.081742
-0.120756
0.155509
-0.176001
-0.161410
-0.036585
0.029402
0.019685
-0.028710
0.123303
0.089683
0.133936
-0.050038
-0.014991
0.141562
0.075584
-0.002380
-0.179590
0.068059
-0.140894
0.103857
0.039861
-0.088717
0.087320
-0.092301
-0.201668
0.188016
0.046296
-0.086967
0.018210
0.097741
-0.161561
0.123771
0.000076
-0.048343
0.013915
0.331713
-0.039743
0.032657
-0.008030
-0.052174
-0.017174
-0.064294
0.027837
0.086396
-0.008798
-0.056103
-0.095182
0.031503
0.061919
-0.317381
0.278141
-0.130666
-0.165400
0.026771
0.027574
0.014465
-0.017107
0.021959
0.031299
-0.150522
0.055286
0.046116
-0.033825
-0.013310
0.077490
0.057618
-0.298165
0.155736
-0.151411
0.061275
0.077428
-0.116688
-0.126872
0.122731
-0.241183
0.065879
0.035428
0.331785
-0.064217
0.106609
0.019868
-0.013250
0.010063
0.090243
0.054540
-0.148683
0.074744
0.125941
0.085817
-0.256032
-0.095073
0.104555
-0.145176
0.190183
-0.116454
-0.144384
0.034782
0.168315
-0.128951
0.089698
0.047643
0.312353
-0.011576
-0.054608
-0.003690
-0.091509
-0.173067
0.002851
-0.154811
0.049101
0.087146
0.113624
-0.123367
0.155350
0.126703
0.188526
0.049169
-0.171945
0.051429
0.147802
-0.114036
-0.091850
0.033460
-0.000876
-0.001575
0.253406
-0.163706
0.063653
-0.197277
-0.045461
0.011609
0.088315
0.120993
-0.206107
-0.037219
0.238633
-0.190838
-0.187879
0.153955
0.101673
-0.060171
-0.103876
-0.068343
-0.163825
-0.089413
-0.121766
0.023503
-0.015922
0.022698
-0.128601
-0.014543
0.372966
-0.045056
0.122206
0.029990
0.259029
-0.066901
0.103527
-0.072504
0.128335
0.084901
-0.121649
0.053434
-0.159901
0.023006
-0.156433
-0.034084
-0.019182
0.063805
0.216313
-0.193357
-0.041108
0.119808
0.172525
-0.108536
0.061692
-0.056622
0.164842
-0.094021
0.221128
-0.181295
-0.203477
-0.075834
-0.296032
-0.056824
0.214281
0.126074
0.208701
-0.087962
0.051822
-0.005293
-0.148275
0.016201
-0.038457
-0.340226
-0.016913
0.001869
-0.266471
0.024902
0.012687
-0.018981
-0.097429
-0.055731
0.096389
-0.118269
-0.066817
0.162639
0.044768
0.012905
-0.084720
-0.174487
-0.068700
-0.088856
-0.097749
-0.262908
-0.199559
-0.265172
0.059982
-0.062467
-0.133218
0.105987
-0.108267
0.065592
-0.239104
0.222864
0.032483
-0.086456
0.166928
0.178170
0.075332
-0.038783
-0.306750
0.003247
-0.081239
-0.006366
-0.149801
0.030618
0.087732
0.219157
0.180921
0.052856
-0.182285
0.150340
-0.281371
0.074242
-0.218051
-0.126483
-0.065469
-0.106540
-0.024061
0.045496
-0.169228
-0.216155
-0.025596
0.044033
0.118180
0.018292
0.059743
-0.000736
0.004416
0.066149
0.068245
0.256467
0.011159
-0.148300
-0.196921
-0.095564
-0.111173
-0.061635
0.028236
0.035740
-0.089167
-0.019884
-0.212320
0.145963
0.283960
0.106655
0.229742
0.108336
0.060635
0.167471
0.042760
-0.221847
0.211438
0.111295
0.243712
-0.093076
-0.024492
0.230613
-0.084061
-0.165420
0.171078
0.007475
0.004512
0.089402
-0.294306
0.107314
0.060571
-0.133043
-0.153101
0.016263
-0.220082
-0.052549
0.095916
-0.068252
0.019543
-0.027762
-0.179597
-0.157073
0.192485
0.001799
-0.090277
0.006010
0.067856
0.209677
0.068733
0.142520
-0.132449
-0.257541
-0.118398
0.183315
-0.134356
0.112410
-0.103660
0.052464
-0.062139
0.118444
0.208562
-0.138673
0.044699
-0.078970
0.145098
-0.112364
0.030471
0.060845
-0.113539
-0.015493
-0.040736
0.222177
-0.221242
-0.133346
0.035598
0.231311
-0.185600
-0.070016
-0.444159
-0.008909
0.041805
-0.107603
0.013576
0.174927
-0.002483
-0.177039
0.088972
0.060829
0.107077
0.008552
0.086046
0.033144
0.237997
0.082054
-0.104383
-0.040479
0.049463
0.001245
-0.070617
0.017374
-0.100791
-0.070908
0.098703
0.065897
0.101927
0.200437
0.081767
-0.113395
-0.056650
0.281905
-0.002091
0.064697
-0.001468
0.162467
0.193131
0.028685
0.330908
0.030636
0.065504
0.192116
0.035577
-0.121387
-0.124687
0.002995
0.077578
0.016421
-0.047819
0.118835
-0.144102
0.006317
0.122906
-0.041272
0.107810
0.245467
-0.079234
0.064886
-0.121670
-0.035754
-0.091198
-0.317340
-0.103291
-0.037934
-0.079761
0.010761
-0.100268
-0.217695
-0.274948
-0.044731
-0.113400
-0.057794
-0.129889
0.107933
-0.041370
0.164357
-0.016468
0.111366
-0.021653
-0.027983
0.093422
-0.164881
-0.055284
0.098856
-0.072676
0.134056
0.137568
-0.117040
-0.352852
0.106195
-0.133098
0.090644
-0.018509
0.096681
-0.055028
0.098411
0.035345
0.098562
0.281637
0.122264
-0.054482
-0.176019
-0.052464
-0.133141
-0.203230
-0.209136
0.174742
-0.203223
-0.033073
-0.058483
0.132497
-0.170989
-0.101768
-0.157549
-0.100844
-0.176676
0.291935
0.083926
-0.142526
0.111190
-0.063466
0.238694
0.128180
-0.069708
-0.057590
-0.014595
0.057060
-0.029626
0.271497
-0.024366
-0.081741
-0.147965
0.094854
0.226266
0.147584
-0.227523
0.154520
-0.117268
-0.258912
-0.106647
0.007985
0.152485
0.064831
-0.169887
0.107418
0.128109
0.001768
0.108479
-0.175150
0.087253
0.123937
0.146807
0.023060
-0.022154
0.035690
-0.127926
0.120977
-0.119835
-0.023592
-0.102043
0.138950
-0.189097
0.190331
-0.083727
-0.028659
-0.076442
-0.028233
0.108580
-0.165448
0.238093
0.133948
0.014544
-0.033246
0.054849
0.157729
0.025797
0.117061
-0.064382
-0.182734
-0.132506
-0.128605
-0.171929
0.226966
0.010867
-0.149202
0.109074
-0.066007
-0.088398
0.020287
-0.074245
-0.094472
-0.059412
-0.231159
-0.061472
0.007109
0.123341
0.095426
0.114178
-0.272251
-0.018465
0.293204
0.021912
-0.256802
0.155957
-0.077807
0.144762
-0.133363
0.069566
0.086839
0.212423
-0.150435
-0.087126
-0.069677
0.021038
0.114004
0.130312
0.046283
0.053109
-0.074421
0.140001
-0.105204
-0.041953
-0.075668
0.157922
0.023463
0.112660
0.172002
-0.015097
0.132769
-0.071382
-0.053600
-0.235381
0.067330
0.190306
0.122513
0.042168
-0.073429
-0.104365
-0.117255
0.036139
0.198174
-0.044338
0.033662
0.122365
-0.042102
-0.021172
0.110676
-0.258894
-0.067695
0.152733
-0.054508
-0.091877
-0.228648
0.023869
0.061219
-0.069805
-0.017132
0.093273
-0.213706
0.162498
-0.005989
0.097981
-0.059807
0.010988
-0.117340
-0.185262
0.184955
-0.112716
0.041075
-0.162122
-0.037371
-0.050239
0.149980
-0.017072
0.148512
0.248226
0.202275
0.074398
-0.158275
-0.090465
-0.005042
-0.111950
0.259039
0.008353
0.223883
-0.021135
0.234448
-0.169965
-0.080265
-0.088128
-0.165812
0.056536
-0.157035
0.042902
-0.063805
0.033143
-0.001616
-0.142729
0.002494
-0.144805
-0.022483
0.061862
0.018360
0.002422
-0.035209
-0.024158
0.071962
-0.141463
-0.044312
0.016013
0.024084
0.015955
0.040596
-0.093779
0.084122
0.087680
0.034498
0.103354
0.008415
0.136260
-0.012481
-0.058101
-0.000281
0.045776
0.180814
-0.094979
0.104713
-0.300040
-0.068064
-0.009916
0.031291
-0.118229
-0.051329
-0.138228
-0.214390
-0.043887
-0.094857
-0.032380
0.130010
-0.005064
-0.020939
-0.288620
-0.146118
-0.000849
0.003193
-0.161825
0.135796
0.098017
0.171421
-0.102935
-0.208493
0.138076
-0.145041
-0.007185
0.075505
0.111504
-0.160831
-0.063915
0.063634
0.014494
-0.077488
0.074468
-0.058740
0.054784
0.203189
0.134679
0.039737
0.022528
0.286791
0.003341
0.074840
-0.079589
0.017433
0.053054
0.061053
0.084591
-0.210515
0.083683
-0.208232
-0.162295
-0.005200
-0.084833
0.149371
0.007136
0.022491
-0.057867
-0.149092
-0.072666
-0.189944
-0.025209
0.179722
0.123707
0.025024
0.002517
-0.176033
0.000094
0.116110
0.151882
0.117739
-0.274189
0.147957
-0.127194
-0.112897
0.157662
-0.007106
0.117550
-0.179067
0.054853
0.021256
-0.032967
0.095176
0.318461
-0.093708
-0.002422
-0.139160
-0.102435
0.210683
-0.089916
0.005718
-0.034213
0.042431
0.035334
0.005363
0.078102
0.086424
0.086960
0.112167
0.150858
-0.057171
0.105776
0.001023
0.032267
0.073787
-0.040738
0.004810
0.035957
0.069435
0.090508
-0.010139
-0.047801
-0.075967
0.159684
-0.025437
0.074095
-0.000599
0.067871
0.023507
0.024692
-0.133963
0.050906
-0.083879
-0.080634
0.045145
-0.115880
0.142989
0.064322
-0.041557
0.023396
0.075450
-0.058788
0.167568
-0.164078
-0.138945
0.224140
-0.071046
0.048875
-0.067627
0.285584
0.101383
-0.107459
0.059334
0.059183
0.200191
0.032641
-0.066360
0.006252
0.096673
-0.074278
-0.118708
-0.064753
-0.068783
0.372244
-0.135245
-0.081232
-0.280274
0.040155
-0.035171
-0.108437
-0.262518
-0.031890
0.108777
-0.251842
0.137217
0.145459
0.100781
0.191325
-0.317049
-0.068866
-0.063329
0.110674
0.120937
-0.000733
0.062087
0.107728
0.195713
0.176670
0.016776
0.192448
0.100659
0.012189
-0.121606
0.036437
-0.045994
0.124287
-0.105719
-0.037983
0.149343
0.105585
-0.043423
-0.087508
-0.261165
-0.164889
0.025703
-0.229262
-0.023138
0.014871
0.278680
0.216751
0.191838
0.168975
-0.230217
-0.148668
-0.182541
-0.167107
0.054827
0.112815
0.185902
0.023334
0.214782
-0.008074
0.057748
0.080333
-0.064230
-0.007159
0.090730
-0.193103
0.022334
-0.128400
0.155139
-0.151200
0.042894
0.109682
-0.220482
0.062280
0.100884
0.044269
0.026380
0.067869
-0.163159
-0.020062
0.069011
-0.007174
-0.052225
-0.163008
-0.049041
0.176300
-0.300272
0.294608
-0.055178
0.082628
-0.272413
-0.011526
0.079538
0.034993
-0.008011
0.016669
0.033064
0.073070
0.112051
0.164428
-0.004521
0.014623
0.063069
-0.003769
0.129420
-0.370700
-0.039563
-0.052213
0.162260
0.145615
0.136557
0.102459
-0.217937
0.150940
-0.236920
0.065633
-0.034822
0.049494
0.029128
0.056464
0.090886
0.047801
0.227092
0.109221
0.042229
0.045876
0.013206
0.022846
-0.068202
-0.080245
-0.060374
0.031273
0.046729
0.079064
0.039499
0.067327
0.059944
0.073229
-0.104309
0.056561
0.081547
0.138270
-0.050854
-0.167556
-0.323624
-0.084482
0.165188
-0.098791
0.170708
0.041425
0.127464
0.060898
0.200598
0.212444
-0.164151
0.034003
0.024369
-0.057475
-0.098645
0.049357
-0.127921
0.131471
0.205713
-0.008685
0.192620
-0.028075
0.087309
0.126392
0.169030
0.250152
0.271557
0.167594
0.004047
-0.169534
0.008429
0.105459
-0.153019
0.197957
0.140881
-0.065330
0.054712
-0.018653
-0.117025
-0.019674
0.117144
0.043030
0.116931
0.052155
-0.192331
0.143972
-0.060417
0.104630
-0.236411
0.229994
-0.173873
-0.099150
-0.124622
-0.053088
-0.258684
0.180425
0.054783
0.170962
0.012621
-0.004507
-0.123819
0.038978
-0.191417
0.063848
0.125923
0.089341
-0.002291
-0.086787
-0.037678
0.276864
0.116048
-0.165324
0.128475
-0.199676
-0.047673
-0.076030
0.056831
0.058461
0.059534
-0.046446
-0.000911
-0.019660
-0.035983
0.106050
-0.052463
0.194387
-0.008613
0.372742
-0.143079
-0.051097
-0.111524
0.036294
-0.006031
-0.094935
0.029588
-0.098020
-0.117841
0.033214
-0.058149
0.000221
0.097053
0.051169
-0.172264
-0.175410
-0.197817
-0.001130
0.038537
0.051305
-0.250244
-0.221359
0.199798
0.075950
-0.173968
-0.034000
-0.139928
-0.116642
-0.082758
-0.158836
-0.076295
0.089345
-0.072130
-0.117905
0.079362
-0.154165
0.049220
0.098330
-0.045443
0.112098
-0.211838
0.003368
0.062879
-0.047311
0.026519
-0.065594
-0.087304
-0.090081
-0.012725
0.024525
0.064702
0.302517
0.294443
0.018001
0.179746
0.126091
-0.041208
-0.047967
0.069301
0.219333
0.134192
-0.090605
0.121067
-0.086955
0.102274
0.425910
0.193294
0.222368
-0.112831
-0.003041
-0.056353
0.177015
0.164742
0.010072
0.214437
0.094708
0.009176
0.038956
-0.161682
-0.049942
-0.013812
-0.250087
-0.110568
0.147740
-0.100071
0.068081
-0.159955
-0.034497
0.022758
-0.019482
-0.064740
-0.054783
0.229461
-0.052043
0.120636
0.076505
0.081549
0.043621
0.100071
-0.163551
0.068814
-0.062594
0.102066
0.110359
-0.307192
0.077449
-0.063987
-0.123208
-0.049461
-0.126534
-0.037247
-0.064954
-0.179904
0.236450
-0.019126
0.017419
-0.125312
0.080687
-0.171088
0.020372
0.122027
-0.162343
-0.058529
0.289055
-0.012118
-0.213160
-0.149384
0.138502
-0.016255
-0.049133
-0.200875
0.361712
0.201721
0.202499
0.041282
0.022512
0.027273
-0.157768
0.036391
0.104655
-0.113234
-0.096459
0.125623
-0.112870
0.201857
-0.318204
-0.022017
0.033009
-0.197624
0.046952
-0.028516
0.263021
0.079386
0.230201
0.176944
-0.085518
0.000253
-0.125072
0.171790
0.040632
-0.147316
-0.001217
0.069634
-0.003460
-0.146673
-0.086154
0.027154
0.044639
-0.128516
-0.005085
-0.046410
-0.065180
-0.194624
-0.117856
0.070014
0.004657
-0.134470
0.071069
0.113337
-0.124472
-0.229640
0.068251
-0.278829
-0.082462
-0.156115
0.051955
0.031788
0.158602
0.217121
0.075224
-0.048241
0.095132
0.003414
0.016326
0.104219
0.091837
0.176926
0.016839
-0.031615
0.198244
-0.135638
-0.277384
-0.191868
0.082633
0.046974
-0.139296
-0.013490
0.333254
-0.093838
-0.053256
-0.232411
-0.209919
0.078402
0.218166
-0.111423
0.235784
-0.155079
0.134623
-0.137424
0.165548
0.098988
0.038791
-0.078527
0.100467
0.234225
-0.025860
-0.081015
-0.038720
0.040608
-0.038197
-0.104919
-0.021901
0.091510
0.018048
0.175631
-0.224509
-0.011331
0.129515
-0.160666
-0.123310
-0.072142
-0.074548
-0.068254
-0.111691
0.183267
0.145484
0.041055
-0.253262
-0.059312
0.360134
-0.094784
0.001578
-0.033994
-0.099869
-0.108418
0.023498
-0.276613
0.064651
-0.108323
-0.122365
0.043696
0.239568
0.080751
-0.188196
0.121860
-0.252168
0.101847
0.363525
0.219152
0.188253
-0.009931
0.129864
0.256751
-0.061766
-0.052198
-0.159601
-0.096021
-0.110110
-0.057389
0.154457
0.045131
-0.061908
-0.001051
0.019204
0.257424
-0.147794
-0.253812
0.095713
0.109400
-0.049183
-0.014642
0.151433
-0.124466
-0.142000
0.072369
0.056751
-0.115068
-0.079481
0.051174
-0.068017
0.135161
-0.127142
0.147740
-0.015383
0.088994
-0.225246
-0.094959
0.007229
-0.066241
-0.103374
-0.094589
-0.016642
0.015051
0.143224
0.025204
0.010706
-0.133012
0.078489
0.131607
0.256985
0.077272
0.032590
-0.123302
-0.086484
0.039531
0.051290
0.100820
-0.067129
0.037673
0.071089
0.030743
-0.264872
0.062590
-0.189903
-0.086631
0.069393
-0.069399
0.078818
-0.079953
0.110368
0.307915
0.170118
0.101630
0.145670
-0.166540
-0.294179
-0.105798
-0.084805
0.246389
-0.054795
0.051817
-0.011580
-0.249658
0.127757
-0.039324
0.029305
0.018533
0.040598
0.028572
0.054565
0.039552
-0.100019
0.035646
0.026708
0.119351
-0.222002
0.015859
0.055729
-0.013817
-0.024782
-0.132531
0.020795
-0.122919
-0.176886
-0.028200
0.205045
0.070143
0.088740
-0.011157
0.065608
-0.013587
0.229030
0.073421
0.219172
0.136742
0.330750
-0.268434
-0.217190
-0.107750
0.102652
0.110822
0.015969
0.125858
-0.003066
-0.014533
0.129903
-0.246561
0.088915
-0.133494
-0.051964
-0.131898
-0.072053
-0.008330
-0.072840
-0.047054
0.086476
0.319050
0.120331
-0.215674
-0.130909
0.112673
-0.014256
-0.007824
0.047630
-0.179766
-0.008241
0.344421
0.082714
0.038179
0.017508
0.068245
0.135871
0.017641
0.180233
0.090857
-0.168195
-0.133840
-0.032598
0.263091
0.104184
0.091621
-0.111175
0.116302
0.178871
0.083097
-0.088425
0.009148
0.132777
-0.052431
0.149085
-0.073919
-0.015975
0.039204
0.187836
0.233785
0.260692
0.024996
0.238304
0.076184
0.100639
0.015146
-0.047028
-0.155389
0.117638
0.024316
-0.102951
0.099040
-0.109959
0.033707
-0.145683
-0.099606
-0.340970
-0.092821
-0.027453
-0.097903
-0.025752
0.021035
-0.043299
-0.171490
0.390030
0.121919
0.152149
0.070520
-0.067900
0.099713
-0.150617
-0.149262
0.126811
0.186566
0.199385
0.117272
-0.130232
-0.108510
0.120876
-0.045620
-0.098732
-0.179900
0.002831
-0.034597
0.180754
0.250456
0.049110
-0.061830
-0.150885
-0.101148
-0.054801
0.025259
-0.083300
-0.136721
0.005491
-0.070149
0.184731
0.002854
-0.177656
0.030978
-0.047706
-0.052893
0.103541
-0.296256
-0.094623
0.096511
-0.048727
-0.097918
-0.021703
-0.061802
0.095740
-0.175109
-0.365512
-0.069918
0.001550
0.187236
-0.105631
0.016141
-0.058214
-0.052182
0.265707
-0.022592
-0.161639
0.006243
0.109258
-0.157392
0.009544
0.108382
0.188621
-0.046623
0.136247
0.005449
-0.024423
0.017113
-0.080658
-0.087668
0.238523
0.213138
0.189056
-0.055563
0.023750
0.064811
-0.054255
-0.058407
-0.042104
-0.123766
0.075780
-0.099796
0.200159
0.007764
0.173514
-0.164998
-0.208722
-0.071429
-0.102328
0.073593
-0.162282
-0.126307
0.004727
0.025257
0.263575
-0.084340
0.180000
-0.307823
0.197153
-0.110778
0.123933
-0.110165
0.001712
-0.083597
-0.148313
-0.035815
-0.106518
-0.238457
0.095085
0.092255
0.087637
0.081196
0.178261
0.076107
0.037129
-0.086267
-0.351411
0.197425
-0.077293
-0.074261
0.072634
0.186508
0.028045
-0.075021
0.188669
-0.084576
-0.159066
-0.078364
-0.002160
0.075269
0.220946
-0.036796
-0.098321
-0.087460
0.061786
-0.317569
0.010409
0.016113
0.190002
-0.097320
-0.017856
-0.111654
-0.215304
-0.070327
-0.186081
-0.060249
-0.075485
0.136255
0.036267
-0.045326
-0.004208
-0.077152
0.048224
-0.069711
-0.169630
-0.194573
-0.114301
-0.050730
0.124752
0.149693
0.045391
0.094224
0.129973
0.007200
-0.083632
0.151386
0.161819
-0.203630
0.038519
-0.329256
-0.334949
-0.120662
0.060068
-0.252239
0.004881
-0.148401
-0.248542
-0.221817
0.034723
-0.225779
0.103040
-0.234300
0.156275
0.073945
-0.106227
0.088189
-0.001525
0.125467
-0.062477
-0.028157
-0.007618
0.072734
0.057590
-0.038523
-0.377144
0.052114
0.124725
-0.161223
-0.045289
-0.269460
-0.092539
0.052174
0.337109
0.103292
0.240304
0.061633
0.077250
0.267225
-0.164447
-0.096634
0.152307
0.066009
0.029686
-0.025309
-0.124439
-0.199811
-0.096951
0.173617
-0.124234
0.075693
-0.062736
-0.026935
-0.009010
-0.111645
-0.136601
-0.001182
0.143859
-0.295087
-0.125555
-0.177183
0.070891
-0.113531
0.215470
-0.221912
0.221089
-0.054176
0.242947
0.086686
-0.018140
0.044269
-0.090645
0.242485
0.188756
0.048985
-0.033998
-0.061148
-0.020086
-0.185041
0.044106
-0.234839
-0.063411
0.301684
-0.021543
0.024409
0.266603
-0.055360
-0.020637
-0.001127
-0.029444
-0.262755
-0.231281
0.211316
0.104234
-0.017884
-0.174175
0.155886
-0.083765
-0.141153
-0.209923
-0.030359
-0.209573
0.006640
0.092853
0.130497
-0.120488
-0.201135
-0.037020
-0.140920
0.048971
0.154894
-0.063760
0.137457
0.007872
0.074889
0.082845
-0.222220
-0.026154
0.061179
0.054486
0.163021
0.093195
-0.176345
0.096079
-0.074287
0.156758
-0.094572
-0.008262
-0.086736
-0.013568
-0.044543
-0.033427
-0.092386
0.029485
0.068254
0.031384
0.254982
-0.173137
-0.242988
-0.139014
0.191035
0.070210
-0.249509
-0.080878
-0.035837
0.097673
-0.123307
-0.150685
0.231265
-0.097466
0.029703
0.023626
-0.246056
0.059805
0.230758
-0.002305
-0.124911
-0.133372
-0.174643
-0.154878
0.084513
0.055994
-0.098611
0.055306
0.120409
0.005690
-0.105496
-0.024656
0.089682
-0.160045
-0.080999
-0.010514
0.085894
-0.101585
0.083405
0.007357
-0.000421
-0.161335
0.220551
-0.174556
0.086716
-0.011127
-0.017562
-0.173263
0.111924
0.113843
0.028524
-0.098342
0.094102
0.036099
-0.021179
0.003723
-0.001768
-0.087073
-0.190964
-0.061806
-0.051397
-0.193482
-0.193970
-0.235902
-0.099622
-0.136987
0.047777
0.038423
0.197368
0.059595
0.131815
0.223434
0.134337
-0.185085
-0.018344
0.027418
0.079124
0.116903
0.099239
-0.047870
0.162142
-0.013584
0.330017
0.068561
0.149499
0.065638
0.056457
0.104917
-0.064337
-0.128962
-0.103708
0.047621
-0.105782
0.100341
0.010320
0.066200
0.155578
0.045529
-0.144326
0.031618
-0.044192
-0.147531
-0.012047
0.045584
-0.097052
0.018420
-0.208185
0.141225
-0.107791
-0.186887
-0.102602
0.312030
-0.130062
0.076334
-0.255803
-0.117872
0.130335
0.194040
-0.052933
0.156845
-0.183096
-0.055688
0.187850
0.282271
-0.149994
-0.123961
0.070198
-0.078226
-0.136806
0.190496
0.057983
0.049066
0.071185
0.210412
0.008700
0.169513
-0.054303
-0.012561
-0.047511
-0.031813
-0.143144
0.021293
0.446299
0.073440
-0.039709
-0.194298
-0.065309
-0.049283
0.084785
-0.211800
-0.044297
-0.180978
0.131957
0.151040
-0.088049
-0.056515
-0.085456
0.153681
0.173646
0.030361
0.180652
0.042994
-0.237361
-0.152620
-0.067766
0.062928
-0.072465
0.080045
-0.073313
-0.129990
0.171463
-0.164689
-0.018629
-0.200323
-0.004685
0.080052
0.297878
0.003766
-0.143047
0.142228
-0.042689
0.106969
0.049584
0.146070
-0.117324
0.125160
-0.105904
0.155470
-0.048010
-0.117215
0.032867
-0.036045
0.028586
-0.299132
-0.117917
0.006288
0.062880
-0.173562
0.156021
-0.039524
0.048230
0.021110
0.076695
-0.140519
0.086339
0.072602
-0.037243
0.011351
0.114058
-0.064555
0.028460
-0.016727
0.344929
-0.100706
-0.033661
0.130800
0.227708
0.075711
-0.136888
0.093391
0.104803
0.149207
-0.095085
0.082660
0.079629
0.245477
0.212269
-0.013001
-0.003396
0.045624
0.080641
0.029858
-0.038961
0.068785
-0.110639
-0.099164
-0.097107
-0.245066
-0.178116
0.094598
0.143420
0.168222
-0.112099
0.045258
-0.022740
0.032419
-0.072963
0.250043
0.268793
0.034215
0.113394
0.053490
0.074831
-0.203176
0.065794
-0.079111
-0.038553
-0.106110
0.313007
0.207996
0.009641
-0.010082
-0.005078
-0.035631
-0.238365
0.206318
0.130416
0.095270
-0.135282
0.206194
-0.026998
-0.005289
0.014596
0.228114
0.145584
0.143146
0.080364
0.136849
-0.127061
-0.046540
0.187443
-0.015551
0.172378
-0.066754
0.195800
0.111827
-0.136309
0.202077
-0.030645
0.148657
-0.190802
-0.075758
-0.189514
0.115286
-0.100707
-0.147195
-0.056677
-0.036935
-0.152488
0.090431
0.379453
0.014121
-0.117810
0.092206
0.119061
-0.140611
-0.024758
0.091187
-0.051955
0.037267
0.190789
-0.189323
-0.007892
-0.175733
0.011797
0.145326
-0.113216
0.095552
0.115290
0.061985
0.010828
0.017068
0.013453
0.303924
0.168438
0.103818
-0.070553
-0.090755
0.100966
0.048088
-0.008867
0.206744
-0.010104
-0.065407
0.185013
-0.017986
0.140082
-0.098572
0.175112
0.032784
-0.047531
0.098626
-0.026048
0.123284
-0.156916
-0.036876
-0.236511
0.022284
-0.056876
0.088904
-0.216323
-0.033233
-0.199694
0.082606
-0.009625
0.231248
-0.031884
-0.115345
0.046886
-0.023173
-0.020158
-0.020048
0.171945
-0.102618
-0.136960
0.196407
-0.202960
-0.031198
-0.034522
0.099394
0.003665
0.123327
0.155755
0.123629
-0.030561
-0.220542
-0.041217
-0.203296
-0.173973
0.179360
0.017571
-0.143437
0.041488
0.065507
0.113394
-0.087058
0.073730
-0.124192
0.138618
0.023926
0.084759
-0.052123
0.063144
0.020362
0.064037
0.120152
0.149491
-0.134928
0.021115
0.155225
-0.180210
-0.009950
-0.076058
0.283496
0.246355
0.066153
0.004981
0.145367
0.117176
0.022971
-0.280068
0.249467
0.044259
0.128390
-0.159449
0.040657
0.093079
-0.247506
0.018324
0.082161
0.151025
-0.033823
0.008582
-0.179420
0.055927
0.036394
0.085316
-0.091248
-0.047890
-0.143569
0.024466
0.068784
0.116330
0.267060
-0.142277
-0.207847
-0.104739
-0.055784
-0.087713
0.015120
-0.228645
0.062119
0.027913
-0.002608
0.090898
-0.004439
0.134731
-0.008618
-0.029724
0.111669
-0.107972
-0.217437
0.166754
0.310822
-0.090212
-0.030508
0.149894
0.081978
0.155104
-0.074618
0.078764
0.021022
0.342529
-0.058663
0.039909
0.317561
0.266191
-0.094462
-0.243819
0.122228
-0.143830
0.050819
0.245067
0.067590
-0.082465
-0.164066
-0.249959
0.009620
0.005879
-0.101964
-0.155651
0.071226
0.020617
-0.002464
0.054105
0.077891
-0.165858
0.014106
0.119598
-0.105585
-0.254776
-0.113097
-0.278567
-0.130466
0.019645
-0.074453
-0.016487
-0.038082
-0.132730
-0.189363
-0.066299
0.071102
-0.081791
0.173121
-0.118936
0.123604
-0.064900
0.109481
0.116299
-0.142480
0.019443
0.031036
-0.163782
0.193861
0.329835
0.511348
-0.127425
0.031914
0.073970
0.110382
0.094188
0.132684
0.042649
0.092587
-0.092642
0.107693
-0.141312
-0.049439
0.092497
0.110364
-0.073220
0.164985
-0.074096
-0.123513
0.010895
-0.144447
-0.213886
0.000456
0.048215
0.174406
0.003861
0.038174
-0.287396
0.159470
-0.202207
0.208962
-0.067316
0.060017
-0.271219
-0.061559
-0.347013
0.071667
0.095338
-0.010453
0.018338
0.224334
-0.056299
-0.239237
-0.190815
-0.193498
-0.125695
0.244207
0.051660
0.176653
-0.061688
-0.060524
0.005572
0.135942
-0.003715
-0.006017
-0.169598
0.069910
0.060650
-0.059825
-0.076264
-0.115723
-0.076201
-0.088845
-0.090435
0.033305
0.238134
0.023769
-0.070477
0.227044
0.026481
0.079769
-0.200695
-0.156761
0.069766
-0.037662
-0.037330
-0.044687
0.095969
0.039677
-0.045894
0.081561
-0.255412
0.060193
0.171990
-0.056460
-0.155883
-0.081763
0.027742
-0.093509
-0.041039
-0.074535
-0.075653
0.088193
0.077277
-0.047621
-0.089340
-0.000869
0.091354
-0.073364
-0.010827
0.005400
0.164392
0.036016
-0.052524
0.068088
-0.116773
0.055715
-0.018007
0.095198
-0.116449
-0.215009
0.050969
-0.208178
-0.184895
0.188150
-0.247213
-0.025949
0.095569
0.085081
-0.066450
-0.052900
0.147374
-0.010581
-0.046910
0.107456
-0.012670
0.080528
0.151640
-0.308133
0.052566
0.014183
-0.186310
0.164420
0.073690
0.002171
0.084772
0.088228
-0.159928
0.138271
0.279530
-0.108589
0.008730
0.020537
0.018811
-0.001217
-0.058891
0.053030
0.087709
-0.091151
0.142988
-0.052548
0.016720
0.062561
-0.081340
0.312736
-0.084743
-0.144010
0.176116
0.164258
-0.021975
0.064318
0.183234
-0.087879
-0.086081
-0.031575
-0.322597
-0.055758
0.075449
-0.056624
0.019995
-0.054395
0.051846
-0.040293
0.056551
-0.028672
-0.080416
0.059668
-0.026114
-0.183531
0.147436
-0.163072
-0.004597
-0.119957
0.192701
0.014722
-0.197178
-0.172657
0.005173
-0.051865
0.177572
0.053431
-0.101551
-0.039768
-0.111079
0.166999
0.102257
-0.144497
0.138914
0.030077
-0.200357
-0.042882
-0.102037
-0.124034
-0.037213
-0.035450
-0.139735
0.095360
0.077515
-0.042331
0.049462
0.011242
0.322128
-0.010383
-0.195578
-0.087103
0.151298
0.055502
0.056111
0.187244
0.136754
-0.071092
0.091117
-0.110460
-0.149791
0.028728
-0.120828
0.020549
-0.103358
0.190156
-0.062144
-0.119744
0.023942
0.085103
0.116436
0.086618
-0.374916
-0.065377
0.092281
0.238595
-0.010322
-0.036836
-0.048020
-0.187172
0.053164
0.120236
0.102022
0.226602
-0.144591
0.029577
-0.191117
-0.121532
0.044617
0.071351
0.102314
0.082732
-0.060395
0.133065
0.066016
-0.149608
-0.167784
-0.272494
0.040036
-0.010109
0.339845
-0.133882
0.038609
-0.082272
0.021177
-0.214559
-0.107874
-0.142267
-0.087907
-0.157489
0.013273
-0.103930
-0.022495
-0.212977
-0.053020
-0.281247
-0.054997
-0.209938
-0.006271
-0.019596
0.044639
0.098733
-0.167305
-0.040485
0.157842
-0.022049
0.013647
0.249682
0.046718
-0.136311
0.023715
0.221127
-0.015177
0.206416
0.059336
-0.153422
-0.092317
-0.156578
0.108533
-0.061184
-0.004911
0.234603
-0.038855
0.115632
-0.039959
0.058754
0.146341
0.097529
-0.141676
-0.247245
-0.134273
-0.220761
0.171195
0.067698
0.112038
0.376814
-0.144226
0.043356
-0.067540
0.058795
0.040572
-0.183647
0.044610
0.103891
0.202199
0.026169
-0.028739
-0.037621
0.099122
0.158389
0.128810
0.151318
-0.095383
-0.154334
0.016130
0.134384
-0.050048
-0.035267
-0.047772
-0.002588
0.112231
0.103004
-0.126815
0.179241
-0.146581
0.004222
-0.205249
-0.005549
-0.068692
0.046401
-0.121773
0.169052
-0.097660
-0.281847
0.004346
0.065289
-0.063598
0.122193
-0.062312
0.141816
0.017320
0.045801
0.185056
0.108345
-0.007638
0.014858
0.085105
0.137748
0.076633
-0.092548
0.076586
-0.001329
0.021396
-0.062936
0.044121
0.106967
-0.231092
0.148124
-0.123632
-0.158021
0.041812
0.016031
-0.004777
0.068505
0.243482
0.185420
0.121289
-0.257262
-0.012549
0.091221
-0.091142
-0.037368
-0.214358
-0.102404
0.026368
-0.079409
0.395181
0.012182
0.105129
-0.149568
0.215591
-0.118020
0.193394
0.009779
-0.011719
0.146550
0.138640
-0.065399
0.211799
-0.250172
-0.169049
-0.051706
0.104371
-0.136893
-0.014174
-0.118323
-0.022553
0.171217
0.151146
0.099240
-0.096342
-0.067382
0.056148
0.237253
0.043216
-0.041053
-0.046057
-0.109477
-0.111627
0.084160
0.061824
0.135792
-0.061917
0.016386
0.099064
0.014755
0.066426
0.127808
-0.092849
0.250002
-0.261336
-0.040712
0.053613
0.304274
0.001054
0.142675
-0.062990
-0.274998
-0.263107
-0.112582
-0.067541
0.082436
0.014177
0.064799
0.132980
0.084984
0.189115
0.145260
0.125958
-0.067696
-0.005060
-0.079778
0.030533
-0.005528
-0.258844
0.127354
-0.023647
0.151231
-0.034321
-0.100406
0.027128
-0.109614
-0.030017
0.118493
0.417501
0.255217
0.006348
-0.035380
0.119986
0.124695
0.066873
-0.148705
0.312733
-0.169298
0.047279
-0.160099
0.102553
-0.023338
-0.256517
-0.004671
0.281763
0.045345
-0.119299
-0.129096
-0.077151
0.135332
0.051532
-0.037265
-0.085445
0.059880
-0.194801
-0.063606
-0.005089
-0.071431
-0.084777
-0.068200
-0.092430
-0.111190
0.034299
0.043108
0.100438
0.062633
0.296700
-0.133532
0.030879
-0.092091
-0.061233
-0.011895
-0.071217
-0.139827
-0.179896
-0.042968
-0.103994
-0.104125
-0.078663
0.054563
0.037693
0.141419
-0.063850
-0.176847
-0.129458
-0.007546
-0.253430
-0.065828
-0.053124
-0.090787
-0.052350
0.003701
0.229370
0.106787
0.036903
0.050185
-0.099773
-0.087137
0.141408
0.101632
-0.090881
-0.061162
0.201948
0.151671
-0.238806
-0.038438
0.129005
-0.009125
-0.032205
-0.154689
0.168380
0.161075
0.053936
-0.174181
-0.043831
0.054104
-0.033149
0.056715
0.104197
0.020165
0.057292
0.307746
-0.018422
0.095866
-0.108228
0.079645
-0.049216
0.018232
0.055094
-0.263979
-0.002847
-0.161525
-0.104128
-0.014367
0.037566
0.032233
0.087997
0.012535
-0.015513
-0.120285
-0.046062
-0.053518
-0.146321
0.024332
-0.129667
-0.205755
-0.330959
0.063351
0.213716
-0.067615
0.176337
-0.066038
-0.187332
-0.059622
0.077734
0.041828
0.065893
-0.141204
-0.094729
0.063499
-0.014565
0.210063
0.157990
0.057420
0.264273
-0.217263
-0.007117
-0.111328
-0.258354
-0.046547
-0.136499
-0.056732
-0.116794
0.184443
0.202499
0.009416
0.138281
0.207124
-0.162169
-0.085276
0.038190
0.179976
-0.184249
-0.070640
0.049604
-0.080446
0.048699
-0.193958
-0.024785
0.008481
0.173241
-0.246401
-0.166407
0.030930
-0.008791
-0.032103
-0.171448
-0.110870
0.144778
0.072836
0.071790
-0.252453
0.287206
0.098243
0.079719
0.023148
-0.049645
0.127695
0.018194
0.001383
0.024061
0.035928
0.051310
-0.117631
-0.197942
0.032654
0.115243
0.089925
-0.019868
-0.123971
-0.055584
-0.056422
-0.033771
-0.036573
0.021075
-0.122099
-0.215300
0.014461
-0.058344
0.116093
-0.317715
-0.147936
-0.121616
-0.154649
-0.060270
0.080390
-0.141168
0.076946
-0.151362
0.020434
-0.052835
0.062851
-0.048066
-0.276291
-0.004653
-0.117422
-0.099847
-0.073010
0.173527
0.021548
-0.071064
-0.184994
0.218917
0.017230
-0.228625
-0.017028
-0.032170
0.060475
-0.056363
0.110511
-0.060001
-0.236203
-0.248858
0.244448
0.032989
0.066437
0.075908
-0.246808
0.211851
0.048709
0.039093
-0.245259
-0.042100
0.223963
0.019297
0.006305
0.137758
0.027731
0.031281
0.065155
-0.171789
0.094607
-0.004844
-0.036894
0.016334
0.140169
0.072666
0.050407
0.133218
-0.028444
-0.026764
-0.236580
-0.009120
-0.129062
-0.138898
0.096455
0.077863
-0.032241
0.164661
0.037355
-0.045580
-0.081568
0.046050
0.057001
-0.131461
0.033111
0.221919
-0.006670
-0.171370
-0.155045
0.098295
0.252157
-0.219189
-0.081502
0.126801
0.007043
0.023456
-0.011208
-0.150824
-0.053136
0.203396
-0.263703
0.011457
-0.052051
-0.089449
0.026301
-0.081557
0.142447
0.125012
-0.084118
0.289652
0.110861
-0.015084
-0.029872
-0.055012
0.233897
0.015232
0.162080
0.016896
0.021052
0.232302
0.006073
0.102212
0.174470
0.009510
0.134082
0.105815
0.146735
-0.096085
0.006412
0.071389
-0.061342
-0.206749
0.041646
-0.065918
0.014856
-0.307388
0.137766
-0.080844
0.011113
-0.033856
-0.031493
-0.126076
-0.140167
0.197584
-0.146852
-0.111618
0.045973
-0.189773
-0.054288
0.043716
-0.190591
0.066119
-0.230913
0.103047
-0.161522
0.119777
-0.178800
-0.186002
-0.168196
0.020353
-0.067524
0.063646
0.058026
0.146290
-0.028749
0.176996
-0.026696
0.052629
0.162151
0.021770
-0.079591
0.007008
0.101158
0.094813
-0.105498
-0.041266
0.148639
-0.222954
-0.059860
-0.158331
0.105916
-0.010809
0.260694
0.304183
0.024966
0.080139
0.111995
-0.125197
-0.152174
0.065582
0.170073
-0.045046
-0.051310
-0.122825
-0.261349
0.195535
-0.036508
-0.252878
-0.033766
0.110826
-0.165222
-0.098463
-0.081913
0.093615
0.098873
0.031492
0.034570
-0.114121
0.006648
-0.084670
-0.157847
-0.027196
-0.068595
0.086343
-0.059226
-0.075575
0.103904
0.031274
0.165422
-0.036727
-0.287775
-0.234462
-0.067138
-0.081533
-0.161294
-0.107254
-0.074840
0.014939
0.258610
0.018000
0.025577
-0.095157
-0.016912
0.210260
-0.199857
0.354897
0.014198
-0.142601
-0.067260
-0.172494
-0.265115
0.125974
0.032812
-0.107119
0.051266
-0.136027
0.035020
-0.103059
-0.023305
-0.157149
-0.063986
0.025717
-0.109089
0.022148
-0.068739
-0.171944
-0.046476
-0.005967
-0.034191
0.146347
0.063696
0.265103
-0.021992
0.033310
0.031205
-0.043227
0.165915
0.063340
-0.098689
-0.091806
-0.155192
0.114548
0.085130
0.164490
0.072289
0.089534
-0.101287
0.037814
-0.123794
-0.140218
0.266654
-0.045153
0.045415
0.000990
0.010192
-0.149497
0.114093
-0.047653
-0.034476
-0.058816
-0.170620
0.104060
-0.046691
-0.220685
-0.098526
0.140875
-0.151647
0.162703
0.044673
-0.244447
0.443336
-0.067883
-0.179735
-0.037126
0.272778
0.151737
-0.213315
0.033874
-0.067583
0.187763
0.027642
0.058870
0.085442
-0.038393
-0.106517
0.140526
-0.191970
0.023424
-0.135495
0.187884
0.163924
0.147173
0.246648
0.030984
0.078445
0.055802
0.142665
-0.025591
-0.155427
0.016198
-0.239930
-0.192664
0.174235
-0.081276
-0.238488
-0.060100
0.026459
0.056380
0.142814
0.089683
0.059668
0.055544
0.017890
-0.175977
0.117340
-0.028018
-0.148846
-0.099991
-0.090479
0.014438
-0.069430
-0.054202
-0.069598
-0.094368
0.030741
-0.026073
-0.073456
0.061699
0.059914
0.040317
-0.101078
0.441239
-0.042415
-0.001138
0.130926
-0.156326
0.040339
0.106611
-0.020403
-0.094174
0.018206
0.046753
-0.202643
0.404715
-0.309343
0.285660
0.014786
-0.052733
-0.075926
-0.089031
-0.116615
0.049506
-0.153499
0.183672
0.196962
-0.059402
0.111124
0.089050
0.091557
-0.136151
0.302376
-0.040573
0.037401
0.081560
-0.056294
-0.133287
0.079734
0.130349
0.084540
-0.126283
-0.008013
0.050908
0.077432
0.040713
0.083720
-0.031560
-0.247893
-0.225658
-0.007951
-0.211488
-0.094029
-0.186696
-0.105870
-0.235574
0.129271
0.122723
0.384960
-0.321787
-0.037658
-0.086859
0.033308
0.061314
-0.208472
-0.109204
-0.080733
-0.109581
-0.116854
-0.067427
0.205931
0.254298
0.088745
0.195816
-0.092446
-0.062717
-0.127437
0.101017
-0.037626
-0.024949
-0.019622
-0.021392
0.202013
-0.145170
-0.051203
0.183500
-0.161956
-0.044966
0.257600
-0.028973
0.225156
-0.050186
-0.151113
-0.194595
0.068500
0.048076
0.154622
0.087957
-0.066407
0.076956
-0.078228
0.001971
0.211576
0.094624
-0.175392
0.028962
-0.110253
-0.032097
-0.209986
-0.005866
-0.116312
0.215034
-0.034467
0.047411
-0.045453
-0.136724
0.187585
-0.265840
-0.061011
-0.079138
-0.016832
-0.066138
0.166035
-0.092102
0.130943
0.041921
-0.034628
-0.143462
-0.095391
0.023256
0.057653
-0.100415
0.043842
0.019045
0.169306
0.130864
0.153423
-0.055596
-0.018565
0.045239
0.101409
0.091041
-0.220335
-0.142620
-0.132371
-0.023925
0.037830
-0.032650
0.131351
-0.037802
-0.101359
0.074917
-0.235140
0.022789
0.071780
-0.014313
-0.057232
0.157834
0.110572
0.037973
-0.239296
0.073231
0.157804
0.073598
0.056086
0.096371
-0.059699
-0.018990
-0.352344
-0.072509
0.060365
0.077627
-0.213383
-0.102974
-0.046912
0.121523
-0.075750
-0.125943
-0.109301
-0.024665
0.094549
-0.150873
0.071046
-0.131071
-0.039283
-0.017059
0.086134
-0.126413
0.011381
0.091408
-0.146675
0.217519
-0.011599
0.096386
0.195222
-0.044420
-0.260004
-0.241050
0.390557
0.224500
0.243037
0.040097
-0.325115
0.098631
0.144612
-0.008476
0.183478
-0.158370
-0.374052
0.047488
0.187412
-0.093560
0.063563
0.101133
-0.158954
0.254624
0.006797
0.148331
0.020592
0.207148
0.093666
0.057530
-0.093104
-0.176008
-0.224972
-0.092699
-0.124305
-0.128472
-0.104251
0.002787
-0.139777
-0.147778
-0.022349
0.305329
-0.058780
0.215306
0.005153
0.128163
0.204002
-0.146124
-0.292984
0.040035
0.007656
0.010777
-0.131640
-0.002046
0.106548
0.090319
-0.069600
-0.104213
0.031248
-0.256551
-0.016202
-0.227408
-0.109827
0.075129
0.031447
0.110756
0.013904
0.122818
0.050741
-0.000969
0.095180
-0.105707
-0.092694
0.024423
0.021178
0.217710
-0.066169
0.089422
-0.138464
-0.076409
0.145037
-0.050094
0.216265
0.219504
-0.070104
-0.005735
0.013734
0.176551
-0.165459
0.221703
-0.004740
0.293538
-0.093422
0.137513
-0.214161
0.022344
0.008740
-0.191603
0.236996
-0.075678
-0.137210
-0.096072
0.324402
0.069032
0.000446
-0.138650
-0.094953
-0.029572
0.011556
-0.025405
-0.175602
0.001207
0.069879
0.163471
0.004586
0.044588
0.113128
-0.017632
-0.188819
-0.012865
0.060746
0.239796
-0.023063
-0.103773
-0.292062
-0.092812
0.003953
-0.066785
0.178294
-0.063551
0.067626
-0.065361
-0.058779
-0.102500
-0.016207
0.014547
-0.047879
-0.087442
0.081765
-0.010661
0.061893
0.131643
0.024401
0.124432
0.029250
0.046291
0.247313
0.338678
0.172539
-0.133087
-0.101641
0.202335
0.004229
0.031258
0.040668
0.055800
-0.088313
0.172947
0.121488
-0.120797
-0.197305
-0.047679
-0.187518
-0.189088
0.242735
-0.178779
0.262626
0.070827
0.211408
-0.114200
-0.045901
0.057094
0.051074
-0.202713
0.049215
0.218532
0.076420
-0.142800
0.035824
0.332808
-0.085765
0.007281
0.021575
-0.022266
0.215486
0.009111
-0.167296
-0.162280
-0.056397
-0.246623
0.051383
-0.108351
0.130881
-0.152655
0.061617
0.083267
0.167259
0.042953
-0.267602
0.071637
-0.228693
0.179808
-0.083357
-0.040325
0.070212
0.111280
-0.067245
-0.074514
0.053518
0.111826
-0.071137
-0.106107
0.208319
0.296614
-0.020387
-0.012839
0.239200
0.060981
0.144992
0.023746
-0.066276
0.155904
0.029150
0.057924
-0.103387
-0.257001
-0.230068
0.001478
-0.103718
0.130075
0.158505
0.014202
0.149699
0.115965
0.052571
0.085493
0.063931
0.095529
-0.109485
0.014160
0.068698
-0.120774
0.083073
-0.015216
0.205894
0.160952
-0.260831
0.070479
0.066445
-0.144692
0.253084
0.267728
-0.147331
0.081609
-0.057779
-0.161436
0.096543
0.030489
0.096834
0.048463
0.112797
-0.044226
0.066714
-0.003026
0.120445
-0.199810
-0.002084
0.047927
-0.305708
-0.017807
0.129350
-0.123494
-0.045377
-0.043870
-0.236732
-0.018830
-0.029180
0.098507
0.026301
-0.020805
0.244922
0.152274
0.018560
0.067914
-0.021773
-0.143966
0.011487
-0.101171
0.106995
0.038742
-0.124362
0.019243
0.044238
-0.355450
0.094359
-0.036518
-0.046778
0.013070
0.092173
0.052471
0.090483
0.081080
-0.108560
0.295121
0.096841
-0.010928
-0.142319
0.000418
-0.226784
0.072939
-0.159999
-0.170480
-0.064703
0.255898
0.087495
-0.133347
-0.019373
0.159954
0.048892
0.093020
0.077701
-0.012183
-0.038493
0.249560
0.176126
-0.121758
-0.058870
0.165473
0.166106
-0.139929
0.098215
0.081905
-0.030756
0.060373
-0.024937
0.217133
0.026172
0.168439
-0.142947
0.062748
0.164391
0.300628
0.070860
0.143696
-0.012025
0.036311
0.043090
0.012519
0.242924
0.230494
-0.273077
-0.125450
-0.077432
0.010461
0.167348
0.087812
-0.017532
-0.061673
0.191869
-0.076274
-0.061194
-0.195843
0.036463
-0.127548
-0.006904
0.223317
-0.000135
-0.065449
0.114085
0.031421
-0.196969
-0.032694
0.157235
-0.074843
-0.062883
0.266993
0.022421
0.099689
-0.298633
-0.066975
0.301402
-0.282120
-0.179132
-0.071318
-0.087137
-0.096979
0.027414
-0.191164
-0.005659
-0.110770
0.009675
0.092024
-0.052717
0.360298
0.047956
-0.194396
-0.052364
0.103011
0.037885
0.291648
0.222112
0.005706
0.064690
0.034931
-0.130134
-0.049702
0.184716
-0.011208
-0.290154
0.074149
0.246722
-0.000679
-0.034417
0.163452
-0.128269
0.060241
-0.104610
0.177379
0.250444
0.258023
-0.138395
0.078976
-0.200489
0.055506
0.003943
-0.053471
-0.154301
0.173248
0.038441
0.020974
-0.103558
0.216795
0.007582
-0.070941
-0.104589
-0.094094
0.052082
0.009580
0.167768
-0.031401
0.212722
0.059712
0.169769
0.140948
0.148119
0.275493
0.074522
0.089888
0.062808
-0.082279
0.181815
-0.047430
-0.241782
-0.037535
-0.062475
0.012398
0.010764
0.109782
-0.363501
-0.157379
-0.491571
0.137971
-0.187209
0.194012
-0.118905
-0.261220
0.201292
0.112444
-0.039778
0.037160
0.063456
-0.250454
-0.267712
0.187552
0.006987
-0.330626
-0.096431
-0.313512
-0.034126
0.011275
-0.165269
-0.098524
-0.034000
0.161135
-0.137680
0.000832
0.010221
0.112595
0.029427
0.080120
0.139848
-0.072180
-0.050112
0.031365
-0.011614
-0.173176
-0.172392
0.242567
0.032480
0.068568
-0.122222
-0.147205
-0.077478
0.062089
0.209292
0.069360
-0.250775
-0.172856
0.042219
-0.064048
0.026023
0.098840
-0.004370
-0.033607
0.039002
-0.164157
-0.008904
-0.013758
-0.142382
0.051763
0.028925
0.056162
-0.110721
0.149626
0.115320
-0.049611
-0.037089
0.005042
-0.053341
-0.185403
0.160664
0.193351
0.154739
-0.198215
-0.170258
-0.006914
-0.058566
-0.107735
0.072719
0.044172
0.117455
-0.040906
-0.019515
-0.082871
0.028707
0.131783
-0.165246
-0.117004
-0.169469
0.057635
-0.178481
-0.006038
0.075141
0.211867
-0.048070
0.163143
-0.179231
0.120677
0.001416
0.075128
-0.196446
0.062163
-0.049143
0.019942
0.133451
-0.012804
0.181323
-0.036504
0.197732
0.105519
-0.177325
0.261598
0.125411
-0.064304
0.078250
0.051449
0.279572
0.096021
0.046974
-0.059824
0.163982
0.060901
-0.198200
0.058856
-0.020904
-0.010179
0.015197
0.058952
0.160720
-0.133827
0.064264
0.069521
0.188858
0.180947
-0.012452
-0.078096
-0.144528
-0.130483
-0.012271
-0.024772
0.095916
-0.037068
0.051341
0.267672
0.177153
-0.037409
-0.086056
-0.103304
0.057943
-0.302420
-0.406337
-0.082149
0.041446
0.044315
0.156317
0.004333
0.173270
-0.073587
0.039949
0.072801
-0.117431
-0.016292
0.008710
-0.051747
0.099771
0.089861
-0.173444
0.177242
-0.195586
0.026324
0.022074
0.041812
0.227153
0.058489
-0.202913
-0.114322
-0.040739
-0.160280
0.086752
-0.325204
-0.038164
-0.084106
0.101353
-0.076757
-0.098380
0.007596
-0.160474
0.046645
0.215911
0.234997
-0.078258
0.193656
0.033761
-0.042322
-0.031794
0.095872
-0.050526
0.179440
-0.132893
-0.296682
0.129153
-0.228766
-0.143741
-0.016140
-0.046348
-0.047591
-0.191036
0.010051
-0.101560
-0.232988
0.068879
0.066399
0.092789
-0.076459
-0.043199
-0.034969
-0.030102
-0.165876
0.155848
-0.018739
0.054664
0.019064
0.106317
-0.041202
0.063933
-0.072656
-0.002695
-0.015931
-0.119077
0.038810
0.061976
-0.084383
0.074868
-0.055135
0.134964
-0.048868
-0.176669
0.038061
-0.253548
0.233234
0.076507
0.027488
0.016052
-0.089866
-0.184032
-0.006900
0.024158
0.046188
-0.159534
-0.197100
0.132284
-0.001054
0.112972
-0.022915
0.359811
0.050958
-0.035218
-0.119033
-0.145143
-0.042491
0.291996
0.259591
0.151983
-0.145318
0.109504
0.029677
-0.017659
0.019818
-0.037254
0.073164
-0.137519
-0.253258
-0.057683
0.014803
0.197546
-0.047495
0.157233
-0.008194
-0.297615
0.019845
-0.027158
0.089731
0.042713
-0.114376
-0.034304
-0.042486
0.066844
-0.027325
-0.232356
-0.017134
-0.163154
-0.044208
0.026183
-0.237632
0.122302
-0.150423
0.026745
-0.007610
0.051984
-0.091795
-0.119274
0.057184
0.053437
-0.044086
0.233925
-0.251556
0.230997
-0.012342
-0.170181
-0.221694
0.126382
-0.304157
-0.049282
-0.101633
0.132097
0.165268
0.047969
0.037654
0.032682
0.324769
-0.010832
-0.035274
0.008382
-0.233114
0.039441
-0.027311
0.032807
0.296323
0.072747
0.150353
0.062995
0.072393
0.188861
-0.100845
-0.223273
0.056651
-0.258872
-0.002117
-0.082861
0.149330
-0.026036
-0.167079
0.163213
-0.269537
-0.026481
-0.204001
0.421027
0.060801
-0.000916
-0.046301
0.026982
0.242785
0.145985
-0.057225
0.014914
0.102326
-0.238994
-0.064326
0.038323
0.097312
-0.058955
0.206379
0.097625
-0.039350
-0.017953
-0.238054
-0.008693
0.095752
-0.096426
-0.032976
0.003903
0.209952
0.132505
-0.156103
-0.174890
-0.258481
-0.044118
-0.035706
0.049329
0.052407
0.249596
0.176280
-0.176219
0.014053
-0.019623
-0.109080
-0.364973
-0.118620
-0.063459
-0.036097
0.120463
-0.114969
-0.087090
0.085724
0.067973
0.044234
-0.058366
-0.066399
-0.115069
-0.212478
-0.194036
-0.154705
0.054295
0.010620
-0.175007
0.104236
-0.073964
0.050813
0.124730
0.041477
0.033762
-0.049867
0.041628
0.052970
0.017630
0.091954
-0.237112
0.079858
-0.107596
-0.005590
0.084317
0.206095
0.133887
0.092089
0.137461
0.160702
0.027232
0.176547
-0.033681
0.174718
-0.004134
0.077120
-0.156818
-0.086724
0.107913
0.328689
-0.109275
0.186685
0.145656
0.154577
-0.150596
0.252122
-0.012605
0.260719
-0.218451
-0.151444
-0.092932
-0.134002
-0.008521
-0.212377
-0.162909
0.052238
0.074419
0.076179
0.245857
0.073901
0.242645
-0.168386
0.226317
0.082983
0.132710
0.111097
-0.021953
-0.021534
-0.018676
-0.072922
0.034523
-0.009618
-0.180079
0.083076
-0.075062
0.086163
0.222699
0.096221
0.145056
0.015988
0.196802
-0.360044
0.230044
-0.177608
0.089176
-0.021153
-0.094398
0.065774
0.302168
-0.080653
-0.142577
-0.031223
0.079974
0.018629
0.119326
-0.069326
-0.107009
0.070741
0.140222
-0.065471
0.228650
-0.023230
-0.010967
0.061124
0.114111
-0.004336
0.089903
0.222790
-0.025460
-0.153990
-0.326785
0.089072
0.045303
-0.082974
-0.043596
0.154033
0.101677
0.079680
-0.095278
0.035209
0.411044
0.039456
0.095479
-0.029745
-0.029776
-0.124302
-0.214473
-0.007841
0.066156
0.191939
-0.008735
0.096865
-0.039244
0.106628
0.138340
-0.026904
-0.069776
0.204455
-0.144430
-0.211010
-0.178657
-0.008209
-0.139956
-0.151643
-0.169780
0.060360
0.017942
0.064828
0.156976
-0.173780
-0.128255
0.142456
0.372983
0.341398
-0.001762
0.052560
0.179114
0.026830
0.134410
0.009355
0.068762
0.384685
-0.109926
0.037825
0.021616
0.164616
-0.064830
0.045498
0.173639
-0.048756
0.087923
0.011445
-0.052608
-0.128624
-0.194422
0.007921
-0.080984
0.088149
-0.116429
-0.141224
0.019737
0.068672
0.106794
-0.118466
-0.143872
-0.022646
-0.002094
0.177032
-0.026510
-0.278620
-0.002975
0.293178
0.072009
-0.022670
-0.068924
0.063753
-0.262217
0.204752
-0.022657
-0.023120
-0.081670
-0.013095
0.058337
-0.105458
0.056667
0.094452
0.097629
0.096400
0.132959
0.069605
-0.079462
0.127930
0.179665
-0.122465
-0.021682
-0.331906
0.077668
-0.254643
0.094605
0.074363
-0.052510
0.005270
-0.051199
0.406204
0.316897
0.099763
0.074592
-0.113726
0.112573
-0.330239
0.152422
0.106567
0.065752
0.071477
-0.258007
-0.076635
0.124488
-0.120170
0.018743
-0.047494
-0.064036
0.065833
0.241745
-0.165941
-0.112821
0.022535
-0.029521
0.049952
-0.148483
0.068259
0.045459
0.186879
0.030364
0.036631
0.043798
-0.405154
0.050325
0.050325
0.054761
-0.083904
0.048328
0.002745
-0.012880
-0.179442
-0.094397
-0.192486
-0.118001
-0.132991
0.040743
0.196179
-0.178441
0.152393
-0.207879
0.230297
-0.261226
0.059734
0.063874
-0.084306
0.171470
0.134829
-0.056853
-0.092331
0.001147
-0.030947
0.074249
-0.129964
0.058439
-0.004562
-0.152114
-0.032105
-0.007347
-0.065557
0.133198
-0.177301
-0.053020
0.005093
-0.280118
0.240924
-0.073120
-0.036475
0.070388
-0.060966
-0.099758
-0.132422
0.078901
0.094685
-0.143294
-0.149776
0.088405
-0.065605
0.134564
-0.060579
0.000535
-0.195321
0.134250
0.041650
-0.154956
0.403510
0.170520
-0.023534
-0.211919
0.211314
-0.058741
0.012592
-0.037642
-0.081373
0.026247
-0.255968
0.171983
0.076133
0.052953
-0.239649
-0.071543
0.076401
0.031367
-0.007095
-0.137826
-0.133429
-0.030126
-0.068709
0.005240
-0.070798
0.049075
-0.064027
-0.038891
0.147926
0.040728
-0.158566
-0.014738
0.019449
0.093823
0.117733
0.044593
-0.055038
-0.124139
0.221495
-0.179635
0.059947
0.025481
-0.003313
-0.106274
-0.268286
0.171183
-0.068623
0.137773
0.097314
0.108621
0.155678
0.198599
0.172828
0.059823
0.053531
-0.147556
0.183920
-0.278596
0.006805
-0.108413
0.029250
-0.144763
-0.066142
-0.195300
0.017388
0.270964
-0.067079
-0.006124
-0.030004
0.274022
-0.057386
-0.055964
-0.084907
-0.117771
-0.123086
0.006603
0.067107
-0.230172
0.131796
-0.193607
-0.144709
-0.016198
0.010989
0.087634
0.083839
-0.157309
-0.016903
-0.171479
-0.054536
-0.078466
-0.079051
0.155886
0.115619
0.213059
-0.019265
0.066659
-0.007156
-0.265158
-0.010097
0.116490
-0.103954
0.168719
-0.249012
0.140640
0.066620
-0.095147
0.125079
-0.244801
0.012124
0.010142
0.026813
-0.050806
0.019400
-0.118644
-0.048261
-0.003707
-0.122446
-0.112664
-0.023117
-0.166804
-0.074477
-0.004736
-0.015676
-0.004350
-0.274446
0.241904
-0.039809
-0.038130
0.165226
-0.010350
0.320787
-0.071530
0.173337
0.069223
0.202079
-0.137706
0.227471
0.013902
0.036389
-0.219825
-0.217975
0.114580
-0.048560
-0.020649
-0.081096
0.010899
-0.170012
-0.156353
0.015191
0.112958
-0.021718
-0.143720
-0.182703
0.064779
-0.054537
0.019598
-0.001674
0.041050
-0.081124
-0.107427
0.087831
0.246384
-0.173316
0.155191
-0.123511
0.023592
0.283398
0.211680
-0.292539
0.190289
-0.222320
0.186082
-0.029407
0.046418
-0.060127
0.062281
0.119261
0.106982
0.011433
-0.035495
-0.143269
0.087006
0.078347
-0.055367
0.078466
0.137219
0.072830
0.087497
-0.186622
0.065044
0.079299
0.106204
0.006898
0.199801
0.299231
0.245957
0.004999
0.100850
0.090042
-0.057314
-0.060992
-0.178944
-0.036676
0.016486
0.039484
-0.052041
0.117046
0.102768
-0.281434
-0.294350
-0.092593
0.160597
0.220052
0.012643
0.250477
-0.095666
0.082547
-0.097156
0.137211
0.066021
-0.108451
-0.106697
-0.041367
-0.055333
0.052603
-0.173086
0.049710
0.052683
-0.183472
-0.018407
0.100409
0.118598
0.189194
-0.056420
-0.155766
-0.014788
0.163152
0.316923
-0.129300
0.065018
0.194133
0.054662
0.208830
0.086592
0.047112
0.023454
0.028011
0.193641
-0.052927
0.343715
-0.002988
-0.288597
0.320849
0.057973
-0.073707
0.120766
0.041524
-0.033567
-0.249815
-0.077597
-0.219072
-0.004114
-0.241020
0.057135
-0.036552
0.138490
-0.033320
-0.239953
-0.019607
-0.123621
-0.092349
0.176869
0.049104
0.337400
-0.068164
-0.017798
-0.261662
0.056583
-0.107838
0.073621
0.020571
0.009475
0.077612
0.290054
0.122838
-0.079228
-0.016347
0.038281
0.174447
-0.118192
0.309419
-0.002286
-0.186451
0.013120
0.056551
-0.225378
0.049696
0.027099
0.068731
-0.085701
0.103986
0.101977
-0.091589
-0.046429
-0.081684
0.136320
-0.086248
-0.202915
0.288168
-0.002603
-0.011935
-0.008528
0.004925
-0.006034
-0.022287
-0.012927
0.220039
0.093287
-0.012710
-0.063470
-0.007968
-0.004339
-0.354212
-0.027906
0.003705
0.214455
-0.079307
-0.113895
-0.052165
-0.197865
-0.208549
-0.006605
-0.091855
0.027063
0.240327
-0.093755
-0.153898
-0.191857
0.009207
-0.054252
0.041377
0.106035
0.022327
0.050347
-0.170265
-0.065535
-0.039537
-0.099535
-0.110507
0.061813
0.303838
-0.095419
-0.030620
-0.012152
-0.216947
-0.093577
0.153204
0.078134
-0.025345
-0.027193
0.047050
0.006656
-0.359045
-0.268285
-0.171975
0.105270
0.150527
-0.036222
0.118812
-0.190644
-0.208146
-0.167585
0.049095
-0.008933
-0.147288
-0.120615
-0.259100
-0.197462
-0.076942
0.027427
-0.049485
0.063134
-0.135648
0.205256
-0.037361
0.081127
0.178126
0.064629
-0.032194
-0.106876
0.027677
-0.217167
-0.044767
-0.145454
-0.177533
-0.009922
-0.375363
0.245994
0.252583
0.004541
0.003628
0.035806
-0.012293
-0.079565
-0.262220
-0.042954
-0.284706
-0.080869
-0.064264
0.254991
-0.162891
0.205602
0.023309
-0.027533
-0.050155
-0.250914
0.036651
-0.018265
0.155169
-0.009892
0.051253
-0.280331
0.023115
-0.155143
0.102799
0.035179
-0.062213
0.145055
0.114700
0.004165
0.323862
0.038886
-0.050411
-0.081769
0.144314
0.196919
0.024717
0.170014
0.011922
-0.022708
0.307078
-0.134608
-0.236431
0.050637
-0.070715
-0.084211
0.100543
-0.118295
0.112892
-0.034410
-0.173901
0.015065
0.060134
0.116338
-0.079051
0.092439
-0.426925
-0.232817
-0.222302
0.021165
-0.032891
-0.234901
-0.071879
-0.009872
0.093942
-0.158580
0.066376
0.066322
-0.025004
0.153623
0.181876
0.064985
-0.159837
-0.221669
-0.007362
0.095140
0.118730
0.285680
0.027620
0.021816
-0.341491
-0.379018
0.040592
-0.155182
0.179958
-0.032011
-0.015135
0.026982
-0.123195
-0.339818
-0.047528
-0.285571
-0.105142
0.043057
0.055256
0.043202
0.207584
0.110934
0.245799
-0.004538
0.054356
0.008872
-0.099367
0.246105
0.117580
-0.136795
-0.129766
-0.180397
0.251267
-0.071051
-0.010137
-0.127081
-0.078770
0.232550
0.300567
-0.118787
-0.091716
-0.055519
-0.174824
0.141668
-0.165867
-0.054098
-0.075614
0.026419
0.234532
-0.239343
-0.337681
0.049612
0.065891
-0.018790
0.139067
-0.073635
0.172527
0.157428
0.026348
0.239155
0.055890
-0.063849
0.035583
0.031640
0.230866
-0.084993
0.302237
-0.229882
0.026153
-0.051283
0.333398
0.148637
0.236763
-0.021900
0.021695
-0.007307
-0.030004
0.000819
-0.096931
0.107864
0.119366
0.006951
-0.116281
-0.097780
-0.053579
0.040664
0.015958
-0.091183
-0.030243
0.063114
-0.130669
-0.099934
-0.000502
-0.212479
-0.128658
-0.006052
-0.175358
-0.162502
-0.235304
0.162280
-0.043653
-0.080554
-0.009915
0.056969
-0.037751
-0.110736
-0.087139
0.067378
0.224697
0.053262
-0.025021
0.035884
-0.171921
0.106918
0.008034
0.003802
-0.083896
0.226073
-0.076761
0.004813
-0.126787
-0.050421
0.032314
0.076720
-0.071551
0.003642
0.098329
0.151549
0.053186
0.109024
-0.100009
0.037840
0.055090
0.016795
-0.014891
0.021075
-0.007090
-0.013345
-0.051125
-0.311008
-0.044911
0.070334
0.090511
-0.015909
-0.073973
-0.126029
-0.055884
-0.120069
-0.017167
0.187998
0.120521
-0.243500
-0.093898
-0.068889
0.179082
-0.013412
0.050168
0.110786
0.140246
0.145811
0.176743
0.074530
0.299228
0.241529
-0.023830
-0.072748
-0.086360
0.118358
-0.173444
0.157729
0.094159
-0.096313
-0.084606
0.274640
-0.135100
0.029758
0.057870
-0.063319
-0.023429
0.168702
0.101815
-0.151787
0.131079
0.139913
0.109492
-0.151479
0.127240
-0.001929
0.146462
-0.199136
0.092210
0.071516
0.200811
0.218570
-0.113162
-0.191555
-0.085870
0.105868
-0.172818
-0.007607
-0.144644
-0.049012
-0.073162
0.081121
-0.094629
-0.111311
-0.105364
0.344430
-0.297554
-0.003927
0.153762
0.003408
0.085615
-0.101121
0.195364
-0.005406
0.049758
0.018505
-0.049666
-0.173760
-0.017727
0.032098
-0.166997
-0.043069
0.085833
0.015580
0.191458
0.041051
-0.032909
0.086231
0.116226
0.322177
-0.086324
0.031737
-0.064851
0.044349
0.090002
-0.228257
0.131761
-0.088168
0.102989
0.060914
0.040814
0.071377
0.008018
0.182170
-0.115139
0.152191
-0.047535
0.011080
-0.155037
-0.220518
-0.045322
-0.083810
-0.114963
0.056167
0.133126
0.009430
0.121282
-0.016487
0.258482
-0.112759
0.125449
-0.017767
0.119401
0.085771
-0.003402
-0.055376
-0.030932
-0.026006
-0.083766
0.182439
-0.327016
-0.156331
0.044914
0.092634
-0.108315
0.154911
-0.161814
0.022719
-0.000495
-0.115274
0.147875
0.123110
0.241933
0.205190
0.155573
-0.030880
0.001457
-0.288468
0.016294
0.099384
-0.086974
-0.080494
-0.034447
0.155858
0.006800
0.004501
0.058762
-0.044459
-0.071497
0.075617
-0.075123
-0.105166
0.235548
0.040946
-0.174650
0.103709
-0.263039
0.038206
0.231510
-0.064910
0.079494
-0.183084
-0.077097
-0.122734
-0.090264
-0.072964
-0.035859
-0.125769
-0.125685
0.201377
0.034629
-0.041193
0.205683
-0.071447
0.227559
0.088511
-0.005483
-0.052292
0.023007
-0.132351
0.237533
0.016667
0.063431
0.202044
0.079409
0.110629
-0.119042
0.262218
0.035917
-0.007599
0.150231
-0.317879
0.233984
-0.186018
-0.173331
0.120376
-0.232882
0.046700
-0.182780
0.002982
0.091618
-0.059285
0.047832
-0.183053
-0.151632
0.115255
-0.081780
-0.065552
0.033959
0.053013
-0.008261
-0.044903
0.038152
-0.061509
-0.081414
0.091088
-0.057591
0.245565
0.056309
-0.110699
-0.120971
-0.154964
-0.001319
-0.093499
-0.147084
-0.062388
0.101050
-0.254302
-0.043648
-0.004032
0.145854
0.042812
0.048737
-0.144059
-0.015108
-0.048416
-0.000533
0.080667
0.039839
0.035165
0.071214
0.137063
-0.105582
0.044089
-0.130598
0.113973
-0.019478
0.131054
-0.219145
-0.068190
-0.202052
-0.027837
0.051579
-0.015846
-0.140640
-0.197347
0.106599
-0.010157
0.132558
0.201596
0.033215
-0.085694
0.009384
-0.024311
-0.026657
-0.098511
0.037974
-0.004905
0.211843
-0.014922
-0.001057
-0.167234
-0.137037
0.088679
-0.056996
-0.015024
0.027956
-0.041439
0.062274
0.223620
0.129937
-0.008424
-0.026290
-0.109058
0.069553
-0.268729
0.183876
-0.040722
-0.163713
-0.117687
-0.020493
-0.112447
-0.009713
0.022808
-0.017183
-0.349602
0.344611
0.041459
-0.276406
-0.022437
0.000292
-0.071701
0.031191
0.112040
0.135061
-0.181298
-0.166051
-0.137465
-0.088605
0.033490
-0.026910
0.119365
-0.133441
-0.045351
-0.116395
-0.092441
0.188590
0.027242
-0.073067
-0.005661
0.111122
0.001774
0.370038
-0.049857
0.163991
-0.387159
-0.225098
0.036208
0.054597
0.197839
0.046678
0.145324
0.109442
0.020080
0.374736
-0.049353
0.077214
-0.080018
-0.026774
-0.165856
0.128824
0.137901
0.063782
0.118674
-0.159326
-0.001341
0.031757
-0.054138
-0.197295
-0.114395
-0.115813
0.135590
0.042231
-0.095326
-0.027910
0.074828
0.036366
-0.153332
0.038425
-0.030779
-0.094291
0.012078
-0.316370
0.179389
0.010453
-0.134789
0.357336
0.117138
0.105828
0.107828
-0.150851
0.102250
0.011221
0.061164
0.119844
-0.107521
-0.043339
0.047111
0.189317
0.070693
-0.111297
-0.139098
0.045091
-0.059967
0.225276
0.027367
0.007649
-0.082545
-0.064872
-0.133368
0.197096
0.095478
0.047494
-0.135490
0.150704
0.217899
0.024595
0.086373
0.057870
-0.032621
-0.116646
-0.149246
-0.349995
-0.113375
-0.105791
0.194329
0.210044
0.048137
0.030890
-0.149363
-0.036105
0.203336
0.029826
-0.038970
-0.119430
-0.065444
0.025522
0.069749
0.130250
0.122476
-0.061424
-0.082215
-0.276020
0.071059
0.219072
-0.123798
-0.185031
-0.099183
0.105887
-0.082869
-0.007936
0.042751
0.006597
0.120685
0.265673
-0.028141
-0.120069
-0.156052
0.096948
0.325509
-0.071922
-0.150757
-0.041090
0.054621
-0.110828
-0.096892
0.270809
-0.189491
0.011700
-0.041581
-0.057582
0.304340
-0.004926
-0.071010
-0.143742
-0.332309
0.031622
-0.190422
0.002597
0.085063
-0.314635
0.035413
-0.210615
0.094783
-0.079927
-0.208720
-0.106080
-0.036771
0.004993
0.039100
0.019819
0.223893
0.163995
-0.074012
-0.061402
0.170895
-0.067978
0.099627
0.007843
-0.188079
-0.110267
0.006429
-0.345879
0.032663
0.118358
0.011603
0.016846
0.126338
0.230552
0.107954
0.098118
0.038228
0.050490
0.000329
0.126640
0.050082
-0.083618
0.086559
-0.025478
-0.133278
0.037036
0.016948
0.123158
-0.067951
-0.180091
0.013969
0.010952
0.006651
-0.179153
-0.247546
-0.058438
0.130610
0.030876
0.037472
0.004217
-0.086896
-0.236541
-0.043302
-0.058679
0.026035
-0.046357
-0.022511
-0.091500
0.068386
-0.158605
0.002947
-0.234897
-0.131691
0.089196
-0.084426
-0.176204
0.043489
0.295679
-0.044729
-0.035831
0.360533
0.053884
-0.011272
-0.088143
-0.142002
0.287624
0.030547
0.006502
0.075995
-0.058720
-0.041165
0.002670
0.084613
-0.254359
-0.004821
0.226239
-0.051500
0.168577
-0.181634
-0.186871
-0.047086
-0.254666
0.024149
0.017999
-0.108713
-0.069803
0.003590
0.106989
-0.024704
0.057521
0.050120
-0.077135
-0.060583
-0.147759
0.046603
-0.060113
-0.120925
0.025050
-0.118428
0.091731
0.022456
-0.097585
0.040865
0.142913
0.128059
-0.150698
-0.137606
0.013391
0.104213
0.057309
0.091154
0.043743
-0.024853
0.020968
0.094988
0.210449
0.305194
0.235260
0.007290
-0.091605
-0.090865
0.007369
-0.014271
-0.046141
-0.088537
-0.106080
-0.125193
0.012521
0.037971
0.105162
-0.041401
0.221379
-0.167160
-0.027524
0.134624
-0.069828
-0.263261
0.004844
-0.065198
-0.193867
-0.016331
0.012103
-0.148944
0.162041
-0.097941
-0.052459
0.129661
0.240252
-0.025533
0.345111
-0.014086
-0.034162
-0.336179
0.001408
0.064025
-0.007349
-0.168168
-0.095996
0.134454
-0.093127
0.261346
0.094741
-0.232837
-0.087856
-0.019692
0.062077
0.073031
0.286460
0.367686
0.029622
-0.026742
0.091886
0.082167
0.024773
0.014121
-0.017269
-0.241708
0.100921
0.192694
-0.056325
-0.323333
0.032762
0.189716
-0.255051
0.093416
0.210650
-0.107100
-0.220665
0.140470
-0.234556
-0.127179
-0.023253
0.056325
-0.158947
0.111489
-0.120403
0.060279
0.363280
0.055222
-0.001655
0.112721
0.125262
-0.033252
-0.065332
0.090832
0.149143
-0.025317
0.063901
-0.129505
-0.060885
-0.276574
0.097260
-0.174914
0.032316
-0.050594
0.068868
0.077117
-0.001063
-0.115422
-0.143983
-0.004623
0.236682
-0.062042
0.073152
-0.026253
-0.325231
-0.198399
0.041211
0.036164
-0.094458
0.013544
0.117205
0.054416
0.084762
-0.085980
-0.062620
0.021525
0.295724
0.160965
0.089978
-0.263163
-0.115581
0.018979
0.015018
0.099515
0.037029
-0.010306
-0.040286
-0.389659
-0.016006
0.079222
-0.038282
-0.060125
0.012267
0.013539
-0.255437
0.074180
0.093365
0.153172
0.119331
0.021787
-0.049882
0.173128
0.027457
0.266204
0.015607
-0.069187
-0.079209
-0.122975
0.157099
0.095942
0.084690
0.252236
-0.160599
-0.025463
-0.104349
-0.132219
-0.243578
-0.106388
-0.075696
0.035027
-0.152765
-0.152555
-0.039518
0.110658
0.001118
-0.020613
0.071865
0.069343
-0.171945
-0.084048
-0.091168
0.151734
-0.006472
0.127505
0.019054
0.003582
0.070050
-0.099284
0.026879
0.005421
0.005701
-0.172742
0.103854
-0.039409
0.189457
0.124078
-0.067020
-0.316226
-0.034832
-0.007669
-0.054352
0.002150
-0.070136
-0.183205
0.102661
0.110576
0.149587
0.194195
0.070221
0.149839
0.034952
0.164437
-0.060712
-0.185712
-0.299245
-0.148819
-0.067462
-0.037310
0.117432
0.261511
0.028806
-0.141615
0.138698
0.080559
-0.067561
-0.001005
0.092653
-0.075875
0.034356
-0.129362
-0.094349
-0.035355
0.080003
0.116347
0.131991
0.057261
-0.102430
-0.028628
-0.149172
0.093834
0.019352
-0.062653
0.139301
0.226846
0.017829
0.200474
0.280649
-0.109114
-0.050150
0.074449
0.009322
-0.089936
-0.081995
0.210625
0.060229
0.038360
0.133263
0.227419
0.116108
0.123345
0.136943
-0.040866
-0.223501
-0.271406
-0.163201
-0.146842
0.090323
0.136874
0.111239
0.017866
-0.053618
0.068473
-0.016788
-0.025695
-0.152433
0.246572
0.015251
0.056179
0.137162
0.119380
0.190752
-0.031078
0.040584
0.164034
-0.101374
0.088093
0.094688
-0.153629
-0.017759
-0.065632
-0.088035
0.040883
0.021034
0.090797
0.305577
0.002832
-0.027626
-0.159889
-0.047588
-0.200066
0.014579
0.102550
-0.165869
-0.029631
0.120041
-0.043379
-0.005991
-0.129754
-0.000521
-0.059153
0.021407
0.003388
0.076754
-0.159460
-0.085890
-0.077660
-0.146710
-0.156581
-0.079776
0.006820
0.046250
0.026012
-0.343038
-0.028945
0.120255
-0.003943
-0.285612
-0.019992
-0.159572
-0.169667
-0.121322
0.210397
-0.177989
0.022484
0.091607
0.051592
0.112764
-0.008009
-0.076418
0.124686
-0.085343
0.089509
0.041745
-0.068808
-0.015180
0.227485
-0.073599
0.311209
-0.096476
0.066296
0.100020
0.023692
0.175619
0.127714
0.144015
-0.102735
-0.017236
-0.110105
0.004103
-0.098883
-0.112691
0.043558
0.108518
-0.159578
0.051318
-0.114361
-0.009781
0.116700
0.052116
0.148184
0.012576
-0.042112
0.065597
-0.120578
-0.002828
-0.066246
0.003651
0.089441
-0.139593
-0.006800
-0.118742
0.060425
-0.092772
0.089818
-0.081889
-0.034914
-0.072490
0.052883
0.019575
0.227847
-0.051976
0.059442
0.068060
-0.018423
0.125886
-0.034018
0.000118
0.021209
0.228737
0.100038
0.127998
-0.104383
0.015562
0.061129
0.161910
-0.194502
0.079354
0.049373
-0.087589
-0.111032
0.123332
0.118431
-0.173428
-0.098295
0.235191
-0.064840
-0.177277
0.004041
0.098155
-0.123986
-0.090084
0.042103
0.010156
0.089079
0.131107
0.072788
0.160634
0.022903
-0.096240
0.204168
-0.023644
-0.036008
0.048948
0.017636
-0.192079
-0.181719
-0.185808
0.034824
-0.056455
-0.023778
0.029430
-0.033985
0.030461
-0.104441
0.343469
-0.167083
0.205292
0.070463
0.013941
0.039778
0.128264
0.286363
0.021715
0.156202
0.003615
-0.081270
-0.318000
-0.071206
-0.108168
0.235513
0.044563
0.086270
0.055626
0.098943
0.201203
-0.018455
0.216377
0.102154
-0.104539
0.027413
-0.226487
-0.074919
0.120186
-0.228451
-0.005009
-0.088827
0.009885
0.220055
-0.201036
0.086846
0.120946
-0.077447
0.052321
0.177547
-0.134424
-0.001666
0.076685
-0.026290
-0.240263
0.045274
-0.185890
-0.126278
0.075494
-0.193643
-0.027971
-0.005519
0.011973
-0.170984
-0.099362
-0.146319
0.116626
-0.084601
-0.325507
0.098730
0.008319
0.023181
-0.064073
0.019356
0.018295
-0.092303
-0.147334
-0.059822
0.161442
-0.017285
-0.019476
-0.011961
0.014012
0.052069
0.091100
0.117089
-0.041741
-0.065598
0.093457
-0.040516
0.210858
0.085297
0.103651
0.232463
0.001375
0.054326
0.026387
-0.046376
-0.244155
0.308178
-0.166715
0.003641
0.078054
-0.240621
-0.264305
-0.000861
-0.199472
-0.156771
-0.137984
-0.341950
-0.301299
-0.076412
-0.040413
0.019545
0.035860
-0.136838
0.019764
-0.035115
0.179953
0.038250
-0.071073
-0.056415
-0.090361
-0.082832
-0.094744
0.069099
0.387534
-0.169205
0.045627
0.156679
-0.055863
-0.023583
-0.240764
-0.068382
0.254717
-0.304390
0.034507
0.002593
-0.114546
-0.213265
-0.037984
0.002329
0.081369
-0.051737
-0.006405
-0.087459
-0.218735
-0.052940
-0.124448
-0.005249
-0.082295
0.067595
-0.058324
-0.026127
-0.036262
0.190724
-0.112775
0.103769
-0.029345
0.029748
-0.024639
0.049169
-0.019328
0.172055
0.042355
-0.107300
0.002223
0.023331
0.119501
0.151327
0.109286
0.064640
-0.370916
-0.146090
-0.156191
0.094989
-0.195384
0.098880
-0.114742
-0.062480
-0.034896
0.052073
0.176721
-0.087259
-0.147038
0.316526
0.200173
0.066335
0.116916
-0.018795
0.066490
0.061929
-0.167971
0.000393
-0.066579
-0.081636
0.293272
0.200467
-0.240086
-0.067066
-0.001117
-0.009235
-0.204186
0.117685
-0.066963
-0.059531
-0.136026
0.132442
-0.137668
0.100778
0.059269
-0.001731
-0.011086
-0.052234
0.250733
-0.090444
0.109940
-0.149238
0.108876
-0.029047
0.170246
0.174985
-0.071977
0.052191
0.068954
-0.044053
0.142744
-0.198876
0.109967
0.398705
0.114178
0.011629
-0.253187
-0.040522
-0.009047
-0.205048
-0.014536
0.252364
0.069306
0.078804
-0.044588
-0.133513
0.020701
-0.035496
0.107341
-0.256255
0.120970
-0.032853
-0.073000
-0.086478
-0.036289
-0.157045
-0.086851
0.098753
0.156413
0.086341
-0.206618
-0.152776
0.077442
-0.141108
0.038540
0.174235
0.109076
-0.089301
-0.127749
0.009876
-0.087739
-0.055527
0.284249
-0.129953
0.241736
-0.123808
-0.047339
-0.005884
0.199346
-0.049340
-0.183855
-0.001369
0.018957
-0.205706
-0.168954
-0.056278
-0.107069
-0.070883
-0.138421
0.072307
0.027988
0.099131
0.051415
0.022959
0.035316
0.007669
-0.192253
0.100257
0.030248
-0.160021
0.036953
0.025970
0.002855
0.237391
-0.013403
0.075172
0.058178
0.155360
-0.112161
0.065385
-0.113895
-0.152098
0.083226
0.091450
0.274921
0.140439
-0.072960
-0.058391
0.031757
0.038175
0.012719
-0.070011
-0.017526
-0.085942
0.090821
-0.046865
0.054830
-0.036410
-0.078672
0.407064
-0.043284
0.087810
0.110337
-0.087259
0.048430
-0.042863
0.086980
-0.077072
0.110503
-0.182067
0.170366
-0.202276
0.043240
-0.041103
0.031914
-0.020344
0.110494
-0.032141
0.043690
-0.047227
0.156587
-0.134368
-0.049314
0.261585
-0.228682
-0.244879
-0.000460
-0.341065
0.075197
0.254172
-0.117746
-0.084898
0.111201
-0.116300
0.154992
-0.010806
0.017400
0.033149
0.173699
-0.132242
-0.097042
-0.164546
-0.100063
-0.065882
-0.179062
0.070849
-0.066395
0.007086
-0.168100
-0.120203
-0.116678
0.188216
-0.125933
0.160200
0.083397
0.059432
0.099819
-0.017816
-0.150054
-0.026508
0.049140
0.165063
0.071695
0.003895
0.044324
0.249590
-0.056030
0.122869
-0.015496
-0.010982
0.033021
0.054426
-0.051727
0.101827
0.220246
0.147302
0.133729
0.011670
0.327466
-0.206831
-0.138465
0.081741
-0.155318
0.101336
0.098786
0.147328
0.308878
-0.082595
-0.089252
0.075853
0.027300
-0.130443
0.134146
-0.092123
-0.057893
-0.086948
-0.169788
-0.241909
0.188072
0.048678
0.128080
0.215707
-0.090196
-0.003220
-0.126044
-0.189690
0.055429
-0.015754
0.092161
-0.117516
0.162623
0.029093
0.157780
0.110164
-0.073162
0.346961
-0.018690
0.347130
-0.012669
0.223442
0.111890
0.030255
-0.008679
0.096047
-0.199801
0.061719
0.029328
-0.033842
0.109571
-0.027278
0.127059
-0.333193
0.120998
0.132077
0.221449
-0.191188
0.113546
0.288770
0.080900
0.176430
0.022707
-0.026231
-0.227488
-0.001738
-0.061449
0.036750
-0.033747
-0.128149
0.059185
-0.087484
-0.025390
-0.112568
0.074839
-0.047006
0.097337
0.022755
-0.091066
-0.070283
0.264002
0.008770
0.015176
-0.019934
0.032763
0.025967
-0.083164
0.282662
-0.043784
-0.000937
0.126605
-0.035479
0.185502
-0.225313
0.165983
0.154715
-0.073753
0.100922
-0.143372
-0.031495
-0.101348
-0.116707
0.030259
0.118430
-0.231338
-0.059104
0.141015
-0.005739
0.063901
0.063799
0.056062
0.009596
0.002315
-0.086493
0.134757
0.092655
-0.064920
-0.040151
0.080231
-0.093381
-0.174537
-0.162876
0.288673
0.094045
0.032744
0.096866
-0.068454
0.028716
-0.177542
-0.298653
-0.253068
0.101234
-0.221809
0.016271
0.193363
-0.143265
-0.112427
-0.141071
-0.110622
0.258647
-0.047545
-0.313527
-0.125960
0.111660
0.059357
-0.197512
-0.027776
0.169308
0.057636
-0.050811
-0.157530
-0.033545
-0.153392
0.080087
-0.026291
0.285533
-0.089851
-0.087267
-0.185900
-0.061480
-0.076713
0.048905
-0.177165
-0.197130
0.123389
-0.160866
0.053985
-0.216930
0.085407
0.120270
-0.176997
0.192296
0.036959
-0.050538
0.140685
-0.053501
0.058616
0.228230
0.009204
-0.092467
-0.178294
-0.035710
0.153788
-0.021043
0.020816
-0.298152
-0.066643
0.222084
0.161645
0.122796
0.107074
0.179747
0.102030
-0.129044
-0.144036
-0.060832
-0.178758
0.089659
0.185521
0.053341
-0.085386
-0.049826
-0.228830
-0.040899
0.238715
0.138027
0.079718
0.185015
-0.043608
0.110701
0.088830
0.007364
-0.095976
-0.293389
-0.002802
0.018614
-0.098027
0.030148
-0.069395
-0.022669
-0.115427
-0.055469
0.024033
0.027298
0.090160
-0.233616
0.158991
-0.010846
0.064666
0.059912
0.157753
0.169990
0.059647
-0.130884
0.170125
-0.110913
-0.069170
0.075583
0.142640
-0.272563
-0.037901
0.062022
-0.175262
0.113485
0.038128
-0.195834
0.249292
-0.005238
0.258274
-0.107004
0.106759
-0.159084
-0.069706
-0.007822
-0.159902
0.108035
-0.110688
0.190453
0.138581
-0.000546
0.053497
0.055156
-0.078823
-0.304829
-0.189511
-0.053072
-0.084528
-0.071158
-0.065660
-0.146604
0.027865
0.016727
-0.128134
-0.096057
0.033804
0.003336
-0.032617
-0.066668
0.071876
-0.010169
0.057382
-0.025274
-0.310202
0.213447
-0.000594
0.001350
0.122243
-0.014665
0.082049
0.033508
0.083044
0.004437
-0.196929
0.127096
0.075869
-0.130399
-0.003672
0.133027
-0.202328
-0.107317
-0.117350
0.224450
0.069332
-0.080129
0.002164
-0.065320
0.226217
0.070907
-0.106980
0.018779
0.021021
-0.140785
-0.085893
0.137429
-0.051299
-0.124768
-0.160237
0.194420
-0.093349
-0.057002
-0.073456
-0.157451
-0.231601
0.159871
0.160613
0.125938
0.227029
-0.311191
0.175312
-0.045620
-0.063335
-0.038969
-0.209272
0.062600
-0.245396
-0.095709
-0.167276
-0.119428
0.115965
0.210942
-0.125737
0.361040
0.036759
-0.122676
-0.164454
0.227082
0.142425
0.247978
0.009713
-0.027939
0.075036
0.183118
0.032026
0.043072
0.070997
-0.153684
-0.068915
-0.014950
0.020344
-0.031513
-0.011981
0.124784
-0.150209
-0.004276
0.009550
-0.179120
0.201628
0.311720
-0.026140
0.169633
-0.078773
0.164829
-0.059990
0.049958
-0.166882
-0.084091
0.190956
-0.020345
0.069650
0.044499
-0.067848
-0.032292
-0.307157
0.053124
-0.026878
-0.049117
0.266693
-0.058339
0.032520
-0.177230
0.040852
0.165875
-0.001044
-0.086185
-0.141547
-0.089123
0.054068
0.049862
0.015052
0.004341
-0.174607
0.034277
-0.158004
-0.012272
-0.111782
-0.174267
0.053063
0.070507
-0.030103
-0.025272
0.188167
0.021978
0.083882
-0.132598
0.023479
-0.013575
-0.105854
0.274789
-0.119056
0.199346
-0.163358
-0.110399
-0.075080
0.341745
0.341747
0.156528
-0.226877
-0.039915
-0.104725
0.089679
-0.040858
0.256253
-0.080727
0.023844
0.100181
-0.142412
0.024277
0.043393
0.193915
0.053242
0.151814
0.053245
0.009224
0.255937
0.044321
0.049131
0.168092
-0.122766
0.217407
-0.060392
0.104180
0.155273
-0.087019
-0.050576
0.123482
-0.064136
0.060093
-0.049544
0.032917
-0.083589
-0.203014
-0.088273
-0.064865
0.223995
-0.033439
0.043955
0.168185
0.186397
-0.070198
-0.103603
0.051311
-0.055419
-0.133155
-0.244318
-0.120830
0.017101
0.319463
-0.083262
0.115334
-0.085130
-0.109160
0.085863
-0.096997
0.022546
-0.262213
-0.033584
0.052455
0.075150
0.112805
-0.030317
-0.137928
0.163684
0.090089
0.174328
-0.089138
0.087375
-0.129039
0.084836
0.093538
-0.162555
-0.028880
-0.191570
-0.022191
-0.144024
-0.007418
0.142747
0.073703
0.078963
0.170388
0.191618
-0.025953
-0.016677
-0.079158
0.127349
0.016781
-0.038797
-0.058989
-0.004713
-0.061505
-0.175514
0.009559
0.106140
-0.037319
-0.084628
0.027637
-0.079174
-0.030878
-0.085634
0.010072
-0.003321
0.021555
-0.008719
0.150444
-0.117208
-0.163065
0.058854
0.225810
-0.053869
0.187540
-0.045601
-0.030149
-0.067460
-0.116559
0.037953
0.093954
-0.023216
-0.067104
0.055155
0.097351
0.122581
0.006144
0.019867
0.041249
0.085445
0.068731
-0.158889
0.009176
-0.043099
0.164590
-0.096165
-0.129616
-0.137431
-0.092317
0.296957
0.000350
0.033591
-0.026341
-0.076121
0.217576
-0.103126
0.335877
0.019899
0.014864
0.038677
-0.112984
-0.015174
0.286397
-0.012732
-0.085176
-0.039737
0.019287
-0.010485
0.107307
-0.008905
-0.013962
-0.094929
0.064973
0.032925
0.239741
0.127720
-0.093907
0.027435
-0.136929
0.060833
0.039198
-0.068833
0.285035
-0.116369
-0.247697
0.212261
0.184286
0.084514
0.022906
-0.201802
0.072446
-0.147251
-0.117785
-0.160134
-0.322666
-0.116592
0.028136
0.133798
-0.179701
-0.308774
0.149010
0.090882
0.157050
0.211198
0.308499
-0.177426
-0.183977
-0.062664
0.170020
0.077145
-0.312333
0.117080
0.009460
0.209520
0.023326
-0.085656
0.099563
-0.002303
0.119410
0.017556
-0.003424
-0.059116
-0.018252
0.146100
-0.160084
-0.020081
-0.093726
-0.115281
0.076926
-0.090820
-0.107238
0.083186
0.126114
-0.007764
-0.207031
-0.149265
-0.133538
0.114254
0.018641
-0.151632
0.310320
-0.218776
0.095271
0.254517
0.178526
-0.082682
-0.124056
0.015217
0.043741
0.201429
-0.100582
0.066401
-0.023570
0.138787
0.073717
-0.157386
0.020146
-0.239243
0.201471
-0.076835
0.062520
-0.045877
0.251295
0.033485
0.185315
-0.063943
0.067622
-0.109051
0.011412
-0.095320
-0.028573
-0.071606
-0.016300
-0.181196
-0.140008
0.111608
0.203966
0.179918
-0.035225
0.292851
0.051692
-0.273267
0.141005
-0.101782
0.064407
-0.050055
-0.050148
0.043324
-0.136881
0.105674
0.117540
0.059721
-0.083615
-0.241083
0.103964
0.180499
0.143799
-0.279219
0.081703
0.159362
-0.018876
0.027879
0.203600
0.015918
0.028442
0.143493
-0.029112
-0.263647
-0.007535
0.046974
-0.016352
0.228778
0.106371
-0.039665
0.175097
0.069731
0.187912
-0.038679
0.066000
0.061017
-0.153334
0.085020
0.073495
-0.187778
-0.100265
0.226414
0.122938
-0.161797
0.017194
0.000176
0.158255
-0.112815
0.016778
-0.174649
0.071427
0.097372
0.201394
-0.010875
0.057374
0.025599
-0.029914
0.084238
-0.087636
0.048504
-0.045427
-0.002027
-0.045030
0.091795
0.023295
-0.064742
0.065148
-0.106897
0.034871
-0.218997
-0.270603
0.165356
0.006463
-0.073011
0.046771
-0.109190
0.044925
-0.000967
-0.024240
0.061854
0.110016
0.094133
0.034881
-0.040648
-0.024313
-0.009078
0.039478
-0.024631
-0.116252
-0.115640
0.301313
-0.091271
-0.131689
-0.111461
0.170895
-0.194855
0.051052
0.158974
0.032815
0.066565
0.081838
-0.041867
-0.061100
-0.166801
-0.061950
0.339512
0.360849
0.127682
-0.072486
0.099328
0.010696
-0.037464
0.011764
0.103844
-0.072301
-0.071604
-0.005441
-0.094266
0.109044
-0.152557
0.130051
0.086236
0.025357
-0.190626
0.189812
-0.184703
0.038156
-0.012362
-0.037191
-0.277528
0.039451
-0.038220
-0.071954
0.039536
0.253760
0.231343
0.004510
-0.069702
0.053380
0.001883
0.315763
-0.007495
-0.000745
-0.184237
-0.049785
0.088918
-0.082846
0.085149
0.090108
-0.056665
-0.039599
-0.030561
-0.005404
0.084161
0.100623
-0.197529
0.047572
0.347807
0.008331
-0.358576
-0.030071
0.154780
0.038519
0.061186
-0.194577
-0.146579
0.089751
0.039166
-0.056596
0.089601
-0.098792
-0.056408
-0.286973
0.059680
-0.052028
-0.019008
-0.244003
0.149713
0.014895
-0.031814
-0.017592
-0.043797
-0.038458
0.016192
-0.191870
0.148849
0.276476
-0.109201
0.065462
0.146555
-0.017030
-0.069621
-0.115619
-0.068081
0.052717
0.032507
0.012628
-0.173605
0.094967
-0.396690
-0.023758
0.269387
-0.085978
0.112214
0.109468
-0.121704
-0.044214
-0.202525
-0.003239
-0.124102
0.204189
-0.060203
0.110365
0.113724
0.116285
0.010982
0.212690
0.002991
-0.199405
0.034441
0.125503
0.198274
-0.172382
0.195799
0.308806
-0.024478
0.090380
0.080757
0.040878
0.095817
0.084122
0.127859
0.104545
0.010530
0.082683
0.016918
0.170819
0.145309
-0.106444
0.017749
0.130473
0.185650
-0.138809
-0.079484
0.154287
-0.017793
-0.198891
0.124945
0.154527
-0.008784
-0.080361
-0.137063
-0.012832
-0.248287
-0.102127
-0.031105
-0.118102
0.147439
0.107283
-0.292494
0.133862
0.165839
0.025602
-0.126368
-0.072185
-0.091298
-0.073978
0.171934
-0.100765
0.046468
0.057480
0.007369
0.082019
0.040733
-0.230745
0.111044
-0.149785
0.076036
-0.115060
-0.064118
0.120796
0.004048
0.240041
-0.079212
-0.087907
0.390184
0.021978
0.258850
-0.016552
-0.030761
0.241791
-0.144054
-0.091011
-0.149348
-0.061856
0.255046
-0.095300
0.037806
-0.315850
0.106727
0.076518
-0.202396
-0.069607
-0.117559
-0.007192
-0.241230
-0.106521
-0.123140
-0.026204
-0.154081
0.267771
-0.176461
0.150306
-0.042424
0.088573
-0.055503
0.081508
0.117056
0.061815
0.155307
0.208688
0.060105
0.073773
0.052892
0.140871
0.047029
0.221231
0.087364
0.045418
-0.035100
0.074531
-0.071989
0.209005
-0.136781
0.193615
0.011265
0.064957
0.061763
0.177929
-0.039614
0.032148
0.120640
-0.187212
-0.138785
-0.008949
-0.194596
-0.046688
-0.022305
0.109800
-0.142489
0.078922
-0.001655
0.191584
-0.251429
0.045150
-0.147971
0.073989
-0.059369
-0.027692
-0.071736
-0.009211
0.018428
-0.101925
-0.041307
0.067954
-0.305078
0.156453
-0.085657
-0.034028
-0.068963
-0.056941
0.101959
0.198608
-0.148573
-0.033685
0.078129
-0.244475
0.069388
0.106905
0.112118
0.153493
-0.034112
0.107688
-0.040433
0.112680
0.076541
0.057560
-0.213307
-0.012060
0.119303
0.048440
-0.122997
-0.021928
0.051712
-0.085850
-0.050202
0.142501
-0.131540
-0.007563
-0.010806
-0.107392
-0.042773
-0.140625
0.007151
-0.119970
-0.096594
-0.073447
-0.190610
-0.195519
-0.191598
0.180641
0.001379
0.026886
0.056220
-0.064203
0.177008
-0.242743
-0.200368
-0.029486
0.155560
0.025012
-0.090969
0.185701
-0.045618
-0.058816
0.038701
-0.048240
-0.171409
-0.411225
0.022280
-0.087245
0.030244
0.006008
0.178583
-0.205138
-0.060160
0.199358
-0.111233
-0.035816
-0.021126
0.249693
0.055663
-0.063500
0.016566
0.098031
0.074037
-0.064482
-0.060427
-0.072146
0.030970
0.028416
-0.186255
0.102844
-0.017474
-0.103635
-0.020206
-0.149688
-0.101137
0.092186
-0.168692
0.000862
-0.055966
-0.257549
-0.193563
0.036939
-0.078244
-0.033008
0.070772
-0.142341
0.093115
-0.093293
0.059370
-0.097321
0.166413
0.108033
-0.009177
0.121596
0.012824
-0.166883
-0.212567
0.160368
-0.062796
0.078290
0.116672
0.029879
-0.006669
0.029017
0.018710
0.000772
-0.092334
-0.066574
-0.045065
0.094339
0.038356
0.184499
0.101010
0.095102
0.062606
-0.252416
0.162837
-0.121042
-0.022945
-0.083552
0.058439
-0.159146
-0.281770
-0.139755
-0.058019
-0.017311
0.142017
-0.139667
0.010445
0.091044
-0.022694
0.138696
0.330758
-0.161437
0.167098
0.228104
-0.056374
0.096182
-0.151875
0.169368
0.115588
0.152496
-0.118585
0.121373
0.108770
0.026732
0.066375
0.204387
-0.070794
0.042132
-0.008560
0.002313
-0.097215
-0.000066
0.041425
0.261840
0.181735
-0.106376
-0.046414
-0.175085
0.126653
0.063823
0.039338
0.085805
-0.214186
-0.013844
-0.053674
-0.158054
-0.080617
-0.100077
0.031418
-0.122975
0.077790
0.150161
0.161933
0.057633
0.034794
0.154222
-0.044712
-0.175759
-0.068541
0.119769
-0.231880
-0.101667
-0.057705
0.048583
-0.041834
0.126376
-0.085018
0.056447
-0.154741
-0.054617
-0.163238
-0.373669
0.177562
-0.037743
-0.162916
0.108604
-0.014618
0.045499
-0.055868
-0.215936
-0.019943
0.110031
-0.100434
0.096974
-0.054169
-0.007811
-0.170660
-0.089200
0.199310
-0.078829
0.196454
0.069561
0.114977
-0.127680
0.003192
0.088237
0.037981
-0.233497
-0.182159
0.148282
0.074337
0.070167
-0.000992
-0.053202
0.060478
-0.087299
0.036571
-0.161874
0.048491
0.057415
-0.047908
0.003386
0.043119
0.024598
-0.184923
-0.008995
-0.121226
0.050163
-0.009674
-0.244803
-0.053937
-0.159582
-0.062705
-0.054374
-0.027869
-0.332834
0.042602
0.005981
0.285706
-0.334107
0.045070
0.069224
0.131853
-0.131060
-0.085655
-0.108168
-0.008097
0.077002
-0.007926
0.103186
-0.015447
0.065285
0.102286
-0.004785
0.281164
0.007509
-0.201072
-0.076560
0.005991
0.189621
0.136355
-0.051008
0.090654
-0.140451
0.016246
0.063438
-0.195616
0.322909
-0.008691
0.055220
-0.016091
0.162743
-0.123690
0.107779
0.145997
0.206279
0.188805
-0.061899
0.175902
0.011845
0.037833
-0.097353
0.147536
0.032469
0.209689
0.237748
0.143390
0.063067
-0.101027
-0.055099
0.065015
0.075259
-0.070107
-0.029621
0.164598
0.042901
-0.030371
-0.352710
0.053072
0.004270
0.223021
0.073501
-0.112601
-0.034633
0.287621
0.251554
0.130112
-0.056484
-0.004270
-0.145577
0.116719
0.008584
0.057785
0.108459
0.200154
-0.127062
0.107009
0.024144
-0.372642
0.135228
0.171480
-0.101268
0.214273
-0.131573
0.012998
0.044811
0.289933
-0.133654
0.293317
0.146116
0.082361
0.128031
0.031164
0.146528
0.028888
0.096278
0.064536
0.061703
-0.081653
-0.292386
-0.109752
0.240225
-0.094207
0.012333
0.089349
-0.215388
0.166788
-0.041849
-0.288823
0.048461
-0.066870
0.208067
0.118363
0.087875
-0.087125
0.131327
0.167781
-0.000107
-0.211607
0.186191
0.150960
0.116265
0.154965
0.205260
0.037541
0.017318
-0.012579
-0.076305
0.178876
0.144949
0.071170
-0.015710
0.058681
-0.026219
-0.120319
-0.098444
-0.077184
0.386140
-0.000492
-0.067477
-0.092320
-0.082606
0.138541
0.098089
-0.114057
-0.015826
0.224471
0.012654
-0.197516
0.026799
0.143953
0.236025
0.097378
0.019708
0.089244
0.211797
-0.147679
0.019171
-0.054248
0.029399
-0.092308
0.215824
-0.048836
-0.205101
0.007580
0.051337
-0.189714
-0.010464
-0.027923
0.082585
-0.013266
0.139468
0.154603
0.061566
0.153170
-0.001813
0.003131
0.013047
-0.011393
-0.083847
-0.347616
0.143863
-0.309252
-0.025453
0.019087
0.199232
-0.196450
-0.125923
0.047060
-0.096240
0.248157
0.029427
0.155216
0.051227
-0.171902
0.000235
-0.205079
-0.092257
0.066883
-0.037850
0.159066
0.309431
-0.016445
0.183947
0.325358
-0.147379
-0.075270
-0.147446
0.020983
-0.091601
-0.256882
-0.034358
0.073943
0.009983
-0.050161
-0.021785
-0.088585
0.116541
0.261384
0.009824
0.044965
0.035274
0.200687
0.179836
0.009618
-0.102371
0.191348
-0.092069
0.085594
0.065647
0.014096
0.129904
-0.148688
-0.122754
-0.065756
0.180603
-0.158159
0.050209
0.302746
-0.072377
-0.073721
-0.000083
0.119220
-0.024348
-0.146066
-0.100702
-0.158035
0.119667
0.069309
-0.000308
-0.017697
-0.164915
-0.087097
-0.294220
-0.008877
0.012167
0.121447
0.204104
0.247176
0.003238
0.046319
0.047777
0.042546
-0.030734
0.010488
-0.097373
0.108508
-0.047829
-0.125988
-0.213230
0.197760
0.192213
-0.033194
0.026643
0.021809
0.014913
-0.087754
0.060322
0.006179
0.086684
-0.261440
0.000724
-0.117336
0.296657
0.051851
0.169395
0.042142
0.138038
0.022411
0.056931
-0.224717
-0.032476
-0.010868
-0.142206
0.098706
0.069742
0.042292
0.153777
-0.068740
0.013142
-0.135514
-0.146628
0.278166
0.212286
0.007048
0.007521
0.056566
0.003296
0.048149
0.075159
0.172331
0.144568
-0.343463
0.082737
0.029981
0.219971
0.248038
-0.139935
-0.002826
-0.107140
-0.158763
-0.069916
-0.137606
0.065839
-0.169213
0.030926
-0.018858
-0.108394
-0.048238
0.167545
-0.041740
0.018280
-0.100191
0.069644
-0.102645
0.156330
-0.197814
-0.018020
0.037176
-0.029015
0.015969
0.069098
0.069156
0.107627
-0.074998
-0.060295
0.022887
0.044096
-0.021822
0.070580
0.016601
0.209089
-0.064668
-0.040528
0.014572
0.213874
-0.337069
-0.020368
0.069804
0.054974
-0.240193
-0.008902
0.119854
0.017108
-0.231595
-0.181727
0.252119
-0.055600
0.039844
-0.048732
-0.093290
0.005100
-0.200926
0.171218
-0.065335
0.079460
0.146721
0.172125
0.153052
-0.088105
-0.021518
-0.168494
-0.043621
0.039736
-0.032687
-0.037099
0.090953
0.055127
-0.189760
0.287823
0.120050
-0.126954
-0.058064
0.227754
0.114520
-0.013129
0.173561
0.037166
0.047304
0.009327
0.031618
-0.279730
0.237473
0.072415
0.157228
0.005815
0.211021
0.071714
0.178065
0.144582
-0.194246
-0.034242
0.000037
-0.207778
0.094889
0.076412
-0.248376
0.005840
0.050388
-0.074940
-0.079642
-0.041841
-0.326189
0.047655
-0.215049
-0.053818
0.105551
-0.076236
0.201225
-0.161596
-0.259781
0.001474
-0.019706
-0.194367
-0.010160
0.104795
0.283760
-0.028857
-0.071700
0.140046
0.255453
0.060638
-0.131077
-0.347257
-0.221989
-0.015176
-0.142611
-0.135062
0.008543
-0.266182
-0.165891
-0.123966
-0.096892
0.033416
0.255446
0.104133
-0.041526
-0.276259
0.128496
-0.204193
0.056850
-0.101411
0.224265
0.257377
-0.098960
-0.016887
-0.006762
-0.112807
0.057486
-0.062064
-0.032826
-0.031837
-0.268772
-0.154316
-0.283297
0.017809
-0.226823
0.002582
0.105529
0.007373
0.211112
0.137282
-0.095929
-0.079917
0.073417
0.191448
0.224887
0.186883
0.213445
-0.018145
-0.131747
-0.082210
-0.203661
0.168061
0.223078
0.111724
0.214391
0.006697
-0.000578
0.063965
0.087368
-0.263223
-0.021431
0.306863
0.087442
0.179926
0.090454
-0.083347
-0.062669
-0.117146
-0.174113
0.175715
-0.250456
0.006639
0.061297
0.012958
0.123554
0.073043
0.075658
-0.064863
0.178788
-0.163033
-0.345070
0.274906
0.125485
0.007394
-0.014060
0.149557
-0.075727
-0.055009
-0.113314
0.149728
0.025627
0.255019
-0.108727
0.034652
-0.129754
0.192426
-0.041612
0.056393
-0.193239
-0.090671
0.040167
-0.175251
-0.101289
-0.008341
0.185172
-0.175147
0.134026
0.056491
-0.029373
0.092628
0.022679
0.110343
0.214318
-0.056633
-0.334149
0.197345
0.234235
-0.022696
0.155356
-0.111655
0.091662
0.034442
0.080917
0.097671
0.042523
0.039315
-0.020929
0.108665
-0.252351
0.120301
0.160239
-0.083531
0.137970
0.144624
0.086825
-0.138982
-0.134254
-0.174002
-0.004753
-0.072834
-0.001172
0.146210
0.176392
-0.095783
0.034594
0.072847
-0.015200
0.096280
0.021090
-0.095728
-0.026890
-0.174571
-0.106840
0.119324
0.115796
0.043856
-0.291378
-0.160586
0.124964
0.384333
0.012292
-0.031817
0.090192
-0.062357
0.041392
0.102573
0.047689
0.079049
0.079874
-0.208778
0.019753
0.068472
0.163685
0.028921
0.258272
-0.064634
0.009616
0.068193
-0.242199
0.027306
-0.137585
-0.084667
0.111761
0.034611
0.152682
-0.033033
0.084119
-0.041595
-0.170674
-0.099966
-0.205256
0.030784
0.025847
-0.108275
0.250484
-0.087310
0.029535
-0.031703
0.034049
-0.028876
-0.255817
-0.038619
-0.176052
-0.043070
-0.133983
-0.180894
0.079000
-0.073006
0.254956
0.007215
-0.049742
-0.158958
0.062040
0.372547
-0.208330
-0.364630
0.465239
0.094784
-0.025183
0.057836
-0.112916
0.115840
-0.083965
-0.035013
-0.039088
0.030446
-0.131790
0.130503
-0.138269
-0.058839
-0.205974
-0.085179
0.071921
0.127064
-0.129488
0.006089
0.208201
0.037453
-0.111612
-0.052599
0.210433
-0.082073
-0.092168
-0.004541
0.024686
0.024735
0.121220
0.061493
0.034660
-0.040768
0.145912
0.118919
-0.237672
0.225806
0.249531
0.049455
-0.155074
-0.293858
0.000644
-0.085024
-0.078414
0.137099
0.014553
0.002956
-0.151762
-0.109235
0.014960
0.136129
-0.040344
-0.078131
-0.032600
0.101519
-0.107803
0.012856
-0.010794
0.046175
-0.073791
-0.048608
-0.074756
-0.179850
0.188836
-0.076443
-0.132308
-0.080301
-0.130110
-0.023765
-0.077665
0.112723
0.037650
-0.004652
-0.035152
0.138408
0.123111
-0.192874
-0.119473
0.184417
-0.071262
0.027268
-0.122614
-0.055547
0.047088
-0.092608
0.055667
0.262957
-0.077779
-0.057874
0.250175
-0.039991
0.008978
0.172356
-0.148693
-0.155373
0.094404
0.202708
0.137140
-0.060097
0.068586
0.055818
-0.099856
-0.109102
0.023426
0.028649
-0.029247
-0.114349
-0.183380
0.196511
-0.009215
-0.065601
-0.283632
-0.072861
0.017198
-0.209374
-0.200435
-0.073998
-0.081325
-0.072490
-0.068961
-0.060016
0.141492
-0.030044
0.045553
0.032598
-0.083056
0.037069
-0.008478
0.138347
-0.049939
0.078706
0.052958
-0.018175
-0.083793
0.127774
0.048735
-0.121791
-0.005947
-0.203540
-0.182057
-0.059087
0.245899
-0.077978
-0.171707
-0.101334
-0.061600
0.079441
-0.131674
0.028483
0.153910
-0.372580
0.004690
-0.016171
-0.093966
-0.208890
-0.266084
0.143134
0.011464
0.147998
-0.041082
-0.129728
-0.270729
-0.017676
0.117073
0.177971
-0.071789
0.045253
-0.111625
0.059901
0.020587
-0.118152
-0.010119
0.093078
-0.153046
-0.074594
-0.056770
0.047077
-0.151507
0.106338
-0.047251
-0.103684
0.076142
0.138111
0.071184
-0.023375
-0.033495
0.103636
0.084747
-0.105856
0.181547
0.076966
-0.116335
-0.122321
0.273123
0.212934
-0.082766
-0.043435
0.137588
0.174703
0.217692
0.166984
0.175821
0.007884
0.277177
0.018881
-0.033600
-0.025315
0.004112
0.067642
0.043859
0.111000
-0.083633
-0.084445
-0.033236
-0.161528
0.106218
-0.083399
-0.236502
0.131422
0.154474
-0.192723
-0.290476
0.053679
0.104388
0.197696
0.332002
0.065448
0.037483
-0.058486
-0.026882
-0.094152
0.052078
-0.098046
0.015672
0.078023
0.098400
-0.060000
-0.036014
-0.087016
0.055864
-0.027312
-0.076169
0.005185
-0.039225
-0.037427
0.002064
0.064211
0.050910
-0.075885
0.098241
-0.246658
-0.157704
0.017941
0.097751
-0.013104
-0.040163
-0.066474
-0.099727
0.083243
-0.178004
-0.042238
0.091399
0.025477
-0.052909
-0.064439
0.186386
0.138467
0.067991
-0.055754
-0.072652
0.035248
0.006336
-0.137867
-0.019887
-0.007741
-0.022977
-0.150781
-0.246344
-0.128317
-0.074322
-0.257461
-0.118582
-0.103335
-0.154137
-0.012721
0.034686
-0.002937
0.162132
0.034408
0.152077
0.056834
-0.149280
-0.024678
0.142840
0.152923
-0.084001
-0.112474
0.223037
-0.150798
0.034131
0.186469
0.082034
-0.042843
-0.117654
-0.118202
-0.082679
0.047099
0.166053
0.001057
0.136966
0.050923
-0.042964
-0.024521
-0.028893
0.177279
0.012658
-0.048629
-0.073879
0.028161
-0.019960
0.053363
0.115099
-0.002447
-0.191017
-0.033203
-0.300560
-0.103924
-0.045331
-0.008464
-0.035019
-0.150539
-0.152809
0.314460
0.044255
-0.057043
0.128898
-0.012649
-0.089949
0.219516
0.314059
0.123222
0.056921
-0.105553
0.183890
0.063817
0.056024
-0.061596
-0.049382
-0.097080
-0.225870
0.195615
0.207112
-0.054825
-0.182436
0.031204
0.274880
-0.154602
0.141561
-0.102826
0.368053
-0.002432
0.030263
0.013908
0.140960
0.019560
-0.166106
0.375207
-0.142836
0.119532
0.147647
0.093434
-0.104885
-0.127783
-0.130335
-0.084445
-0.141251
-0.058300
-0.150355
0.016437
-0.134943
-0.132866
0.049399
-0.202518
0.081543
-0.018656
0.172580
0.350717
-0.119796
0.047347
-0.088592
-0.025510
-0.227936
0.004174
0.122276
0.166729
-0.154063
0.147563
-0.040259
-0.050752
0.117261
0.009147
-0.157139
0.119204
0.197975
-0.275760
0.009541
-0.125477
-0.202832
-0.247332
-0.131970
-0.171113
-0.051818
-0.157461
-0.058597
-0.067722
-0.125367
0.215839
0.058938
0.039229
-0.120111
-0.124302
-0.074354
0.164637
0.035317
0.026036
-0.157867
0.295425
-0.084424
0.000934
-0.192383
0.077117
-0.115891
-0.099514
0.079159
0.088618
-0.089656
0.119678
0.099979
-0.176135
0.080681
0.112142
0.173933
-0.061579
-0.082111
-0.052971
-0.082619
-0.048327
0.006170
-0.329792
0.100686
0.081962
0.056125
0.119176
-0.005904
0.039126
-0.083336
-0.046182
0.163744
0.090292
0.028262
-0.081478
0.063054
-0.227790
0.004537
-0.192588
0.104409
0.113656
-0.415197
-0.138907
0.179318
0.062639
0.029750
-0.149348
-0.097709
-0.268483
0.068107
-0.285088
-0.008808
-0.037768
0.104218
0.165861
0.098807
-0.232321
0.177042
0.205182
-0.200820
-0.071805
0.003112
0.049876
0.017607
0.154284
-0.049155
0.067889
0.080318
-0.147143
0.094683
-0.198592
0.089462
-0.048877
0.015266
0.142538
0.025894
0.094769
0.270178
0.012353
0.400209
0.020573
0.011727
0.144357
0.047555
-0.076543
-0.126199
0.136912
0.065362
-0.214431
0.139459
0.147689
0.017059
-0.119045
-0.099820
0.087812
-0.256556
0.075658
-0.019805
-0.225992
-0.244540
-0.142145
-0.136947
-0.238567
-0.187364
-0.061647
0.034900
0.082738
0.027002
0.019541
0.013883
-0.002773
0.032782
0.096385
-0.008015
-0.038737
-0.187196
0.048186
-0.023034
-0.139918
-0.030386
0.091998
0.218983
-0.098889
-0.039018
0.035679
0.070887
0.054271
-0.052008
0.123890
-0.080084
0.103314
-0.147891
-0.098965
0.127351
-0.076105
0.034413
-0.065805
0.162596
-0.325974
-0.144743
0.140378
-0.026482
-0.026865
0.079833
0.037729
0.234425
-0.030908
-0.083250
0.096666
0.028955
0.030026
0.270636
0.062421
-0.065360
-0.040043
-0.105907
-0.118089
-0.022431
0.064726
-0.024686
0.158109
-0.109286
0.241567
-0.137247
-0.243329
0.047210
-0.121973
-0.110228
-0.096112
-0.066042
-0.120377
0.014679
-0.050794
0.065335
-0.071903
0.203651
0.168915
-0.037057
0.058762
-0.336795
0.036250
0.128019
0.085957
-0.118012
0.122982
0.168003
0.047281
-0.049656
0.080414
0.188393
-0.088435
0.021452
-0.034187
0.141616
0.005032
0.110239
-0.108890
-0.084359
0.281603
0.098354
0.152396
-0.023657
0.039934
-0.135324
0.236254
0.123295
-0.168671
0.014326
-0.011549
-0.029997
0.038495
-0.090598
-0.087829
0.046532
0.121579
0.306822
-0.024405
-0.026197
0.191983
-0.101436
-0.002003
-0.235429
0.117568
-0.031418
0.158317
0.001360
0.147855
-0.029500
0.012315
-0.034150
0.076458
-0.051192
-0.024174
-0.370307
0.102206
0.150238
0.081648
0.290313
0.002457
-0.116759
-0.068523
0.025416
0.059193
0.171241
-0.138936
-0.239467
-0.021216
-0.071788
0.220382
0.075775
-0.156436
0.057597
-0.162023
0.113801
-0.192150
-0.025413
-0.189955
-0.270446
-0.059103
0.143182
0.005226
0.116550
-0.084332
-0.056188
0.091522
-0.230124
-0.175121
-0.241092
0.092180
-0.092638
0.094671
0.176737
-0.120674
-0.034400
-0.187537
0.156671
-0.120831
-0.099616
-0.234744
0.232771
0.139560
0.197516
-0.297826
0.037154
0.133013
0.074999
-0.028982
0.036139
-0.056675
-0.052809
-0.179597
0.017622
0.128545
-0.227810
-0.078995
-0.034989
0.084521
0.346107
-0.174573
-0.018323
0.051196
-0.083189
-0.054822
-0.029609
-0.105790
0.040892
0.019951
0.044098
-0.082246
0.020705
0.060703
0.072823
-0.095987
0.134024
0.242429
-0.210181
-0.017646
-0.074932
0.022219
0.139236
0.026440
-0.051179
-0.096978
0.246052
0.007576
0.002627
0.183905
-0.061693
-0.100599
-0.042652
-0.087811
0.041270
0.062993
0.094316
-0.029598
-0.252691
-0.205057
-0.076144
0.178792
0.012646
-0.030664
0.085894
-0.129353
-0.063909
0.037245
0.330278
-0.155902
-0.123568
0.046320
0.111412
0.105346
-0.091727
0.027164
0.003869
-0.141790
-0.325257
0.218193
0.055111
-0.011168
0.111972
0.005778
-0.135829
-0.333366
-0.098671
-0.152919
-0.115215
-0.072448
0.126223
0.159782
0.028615
-0.119886
0.169264
0.071830
-0.290509
-0.096495
0.024064
0.133201
0.049819
0.136386
-0.045323
-0.110177
-0.070525
0.292269
0.088810
-0.052702
-0.081244
0.252958
0.183881
0.015623
-0.276969
0.066933
0.020769
0.018838
-0.061085
0.030068
-0.051955
0.216719
-0.052695
0.223666
0.163587
0.253614
0.017090
0.084339
-0.148443
0.188429
0.173722
-0.217441
0.030590
0.068627
-0.053047
-0.023452
-0.064945
0.146566
-0.199499
-0.036039
0.049132
0.057931
-0.045233
0.011863
0.057961
0.099670
0.031001
-0.342011
0.004124
0.145005
0.117759
-0.033594
0.086628
-0.091666
0.013467
0.026485
0.138527
0.279280
-0.123997
0.122864
-0.118220
-0.055576
-0.065008
0.175298
0.100411
0.022561
-0.221778
-0.139078
-0.081754
-0.047950
0.024362
-0.279027
-0.088806
0.048685
-0.129027
0.021294
-0.067817
0.124040
-0.130919
0.099969
-0.011771
-0.231018
0.090628
0.101492
-0.206936
-0.108825
0.025312
-0.107697
0.079695
0.119898
-0.111384
-0.111931
-0.035424
-0.039947
-0.174482
0.047394
-0.064843
-0.032611
0.113313
0.105899
0.002860
0.148498
-0.042422
-0.017543
0.104166
0.074546
-0.178368
-0.135277
-0.257934
-0.001823
-0.002886
0.155219
0.085131
0.293096
0.010833
0.102130
-0.152468
-0.050216
0.356269
-0.069042
-0.126389
-0.134322
-0.162800
0.026788
-0.150544
0.030330
0.037697
0.148541
0.142346
-0.208702
-0.010793
0.156568
0.102867
0.084799
0.232706
0.052627
0.183851
-0.279769
-0.014701
0.004040
-0.056764
0.053183
0.095806
-0.058391
-0.033395
0.111853
0.053218
-0.147666
0.121386
0.232691
0.131571
0.000854
0.026414
0.118054
-0.030977
0.313921
0.117198
-0.084743
0.052519
0.123486
-0.134556
-0.094453
0.099367
0.317138
0.134932
-0.072583
0.064446
0.053851
-0.072887
-0.012430
-0.090804
-0.065625
0.002854
-0.131387
-0.028319
-0.150363
0.092056
-0.116941
0.242706
0.006240
-0.059764
0.085552
-0.227493
-0.034202
0.090683
-0.030272
-0.090732
0.240439
-0.186045
0.035109
-0.452934
-0.019632
-0.210650
-0.040582
0.176032
-0.201775
0.096473
-0.091203
0.078600
-0.123506
-0.146569
0.024921
-0.064954
0.103629
-0.136059
0.119070
0.119483
0.098816
-0.105088
0.016406
0.051652
-0.053774
-0.090240
0.054151
-0.136539
-0.121182
-0.158463
0.006554
0.317138
-0.099872
-0.225201
-0.053696
-0.004645
0.007674
-0.075494
-0.288529
-0.266585
0.123469
-0.185691
-0.094316
-0.007167
0.009103
-0.126103
-0.089230
-0.077022
-0.070341
0.032145
0.210188
-0.211304
0.021361
-0.057969
-0.073027
0.010946
-0.098831
-0.084559
-0.026120
0.149428
-0.063098
0.390224
-0.111359
-0.112221
-0.015517
0.085215
-0.060930
0.296150
0.009325
-0.002495
-0.129490
-0.093636
-0.074843
0.265850
-0.035097
-0.092665
0.199528
0.051013
-0.149112
0.128172
-0.149422
-0.057331
-0.187944
-0.184422
-0.014892
-0.070661
-0.102035
0.216322
-0.098451
-0.162534
-0.091305
0.064279
-0.195966
0.176419
0.215479
0.168623
0.011081
0.180846
0.216943
0.052516
-0.065267
-0.096817
0.012659
0.127274
0.105805
-0.003889
0.002857
-0.278829
0.165520
-0.131938
-0.074602
-0.010483
-0.010956
0.282016
0.129980
-0.028734
-0.168786
0.049730
0.017086
0.103741
0.082585
0.057114
0.027748
-0.206474
-0.274497
0.050549
0.181850
-0.002604
-0.012097
0.052783
-0.003796
0.143251
0.192899
0.024679
0.165702
-0.079014
-0.009923
0.019518
-0.199676
-0.090838
-0.163571
0.103015
-0.022419
0.144663
-0.128953
0.252463
-0.225269
0.217712
-0.080444
0.035757
0.067207
0.081639
-0.289921
0.012700
0.039696
-0.051883
-0.110174
-0.367288
0.115652
0.091486
0.221639
0.122972
-0.086816
0.080579
0.082723
0.019741
-0.045593
0.083373
-0.000157
-0.057524
0.019112
-0.081258
0.190847
-0.084800
0.146603
-0.110306
-0.037938
0.326193
-0.117287
-0.062113
0.212278
0.050029
-0.056341
0.024094
-0.085656
-0.024849
0.061186
-0.035351
0.043923
0.039641
-0.101572
0.066341
0.139779
-0.175722
-0.024751
-0.025162
0.150248
0.039032
0.046243
-0.039877
-0.327963
-0.162267
0.075498
-0.067001
0.012134
0.197654
0.278424
0.186225
0.134049
-0.054535
0.194137
0.065355
0.005703
-0.038758
0.027300
-0.004017
0.220096
-0.107207
0.039902
-0.036585
-0.019825
0.239124
-0.080917
0.138808
-0.166509
-0.212701
0.058675
-0.053412
-0.021653
0.181860
-0.046812
-0.227597
0.036587
-0.185359
0.127292
-0.066462
-0.071110
0.034629
-0.103790
-0.012159
-0.031760
0.060022
-0.190107
0.067653
0.020855
-0.011129
0.120804
0.236894
-0.060075
0.127181
0.009713
-0.011092
0.117713
-0.344386
0.108630
-0.220031
-0.060515
-0.208833
-0.113712
-0.264873
0.031553
-0.091971
-0.073332
-0.226122
-0.135819
-0.022685
-0.033323
-0.141564
0.148747
-0.143102
-0.109827
0.240820
-0.083581
-0.236053
0.044833
-0.095800
0.288742
0.217468
-0.059243
0.012591
-0.161745
0.043061
0.111226
-0.006719
0.043675
-0.098544
0.042143
0.226085
-0.064552
-0.032766
-0.202277
0.107185
0.089759
0.023718
0.374006
-0.002670
-0.184587
-0.077349
-0.126139
0.011112
0.067511
0.020304
0.344991
-0.068355
-0.068950
-0.022235
-0.025193
0.074287
-0.025022
-0.003409
0.051088
0.002743
-0.046730
-0.049717
0.135359
-0.022758
-0.113295
-0.179213
0.160317
0.007321
-0.133743
0.261819
-0.028576
-0.124150
0.104419
-0.191779
0.027104
0.079821
-0.260381
0.208372
-0.162163
-0.122955
-0.150335
0.063878
0.007859
0.001829
0.032752
-0.073767
-0.045044
-0.003625
-0.227833
-0.033045
0.068786
0.020932
0.027957
0.067625
0.100171
-0.074630
0.115318
0.059697
-0.157155
-0.002471
0.076695
-0.100722
-0.156757
-0.090979
0.155152
-0.029209
0.004308
0.046221
0.072355
-0.013658
-0.182188
-0.106238
-0.206220
-0.185835
0.108725
0.032938
-0.137071
0.069070
0.038822
0.116821
0.015520
0.041604
0.046736
0.118270
-0.121708
-0.035258
-0.001420
0.044851
0.167450
-0.168089
0.014810
0.124183
-0.231647
-0.066246
0.097188
0.086322
-0.166769
0.011583
-0.018698
-0.203727
0.136380
-0.054432
0.053062
-0.037458
-0.153729
0.151566
0.128124
0.093644
-0.076040
0.094258
0.101635
0.284324
-0.023132
-0.017742
0.045274
0.340691
-0.212096
0.024806
-0.115688
-0.109661
0.329858
-0.072323
0.063942
-0.041695
0.131271
0.156690
-0.076303
-0.053113
0.035417
-0.034586
-0.038620
0.388283
0.001048
0.065028
0.055139
-0.094445
-0.089206
-0.040178
0.010859
-0.052384
-0.103590
-0.070014
0.202635
-0.170136
0.035593
-0.078758
0.090208
-0.009941
0.135850
0.163611
0.135898
-0.008503
0.113179
-0.155367
-0.037165
-0.067724
0.128608
-0.001354
0.239838
-0.039944
-0.134012
-0.083188
-0.182888
0.111955
0.031141
0.018073
-0.048204
0.055506
-0.175362
-0.083706
-0.059847
-0.217528
0.224837
0.041016
0.026183
0.178735
-0.012023
0.090179
0.250470
0.056577
-0.143190
0.091089
0.122890
0.047686
-0.137416
-0.395902
-0.023045
-0.138293
0.036110
-0.199109
0.028586
0.253364
0.058858
0.108455
0.131873
0.212726
-0.079580
0.191899
-0.131127
0.139849
-0.228999
0.146235
0.151138
0.128829
0.235265
-0.190906
-0.107633
0.058878
-0.061405
0.260150
-0.246641
-0.034135
-0.154499
-0.058889
0.197602
0.101353
-0.046914
0.213461
-0.097212
0.004127
-0.180947
0.095235
0.303699
-0.033999
-0.009374
-0.030983
-0.117614
0.004372
0.205771
0.031828
-0.007195
0.041973
0.042697
-0.009892
-0.104476
0.109633
-0.042265
-0.177383
0.281444
-0.035060
0.226531
0.080957
0.005288
-0.109559
-0.197410
-0.140224
0.186835
-0.041233
-0.032477
0.131564
-0.020518
0.155876
-0.012248
0.139498
-0.044728
0.107192
0.118238
0.070249
-0.114387
-0.161387
0.230527
0.051511
0.042495
-0.168736
-0.154279
0.142860
-0.097393
-0.054169
0.090590
0.123287
0.104475
-0.046378
-0.027734
0.135126
0.189724
0.016979
0.009664
0.069940
-0.036188
-0.091967
-0.008898
0.037216
0.115342
0.152089
-0.177823
0.167084
0.059106
-0.007920
-0.120922
0.096597
-0.124138
0.019154
0.074392
-0.217817
-0.139810
0.092725
0.045556
0.065728
-0.023153
-0.108708
0.065969
0.023801
-0.038119
-0.197927
-0.076643
-0.215503
-0.001214
0.104597
0.147085
-0.248916
-0.012035
0.173733
-0.091096
-0.051190
-0.090723
-0.212976
0.115059
-0.081509
-0.015142
-0.088295
0.209060
0.256693
0.132688
0.289223
-0.063719
-0.175668
-0.028492
0.120949
0.008303
-0.025818
-0.062044
0.136655
0.245849
-0.201223
0.136645
-0.175314
-0.034518
-0.092680
-0.046520
-0.085066
0.123716
0.060923
0.176104
-0.050846
0.075381
-0.075172
-0.031219
-0.322363
-0.026350
-0.014631
-0.053869
-0.105228
0.002477
-0.089956
0.011489
0.102658
0.028546
0.118997
0.094305
0.070198
-0.189755
-0.198774
-0.158111
0.132828
0.131410
-0.206878
-0.033450
0.153904
-0.169850
-0.226299
0.031736
-0.043658
-0.165896
0.055353
-0.016056
-0.037374
-0.030365
-0.075370
-0.390053
-0.014582
-0.036645
-0.003569
-0.076330
-0.052322
-0.009425
-0.220903
0.064801
0.092114
-0.106213
0.132084
0.256438
-0.016553
0.013426
0.137278
0.056230
-0.084413
0.267099
-0.235717
-0.064813
-0.007934
-0.076253
0.214576
-0.166852
0.113741
0.039776
-0.145086
-0.131506
0.045426
0.207660
-0.286133
0.011938
0.078026
-0.056086
-0.146474
0.168051
-0.066345
0.090124
0.005168
0.001914
0.115090
0.020407
0.078484
0.027851
0.132196
0.158642
-0.061760
-0.261188
0.071939
0.074395
-0.196976
-0.266353
-0.047329
0.264036
-0.286314
0.045506
0.032600
-0.153798
-0.077050
0.208048
0.097294
-0.060104
0.034666
0.261699
0.058783
0.008844
-0.139778
0.076496
-0.069096
-0.012256
-0.173055
-0.063229
-0.048926
-0.265142
0.055767
0.045187
0.061808
0.094813
0.068269
0.182530
-0.128727
-0.113804
-0.159998
0.150849
-0.064258
-0.327963
-0.200929
-0.176772
0.204653
-0.010021
-0.062996
-0.146960
-0.035450
0.197430
0.074543
-0.148137
0.186793
-0.090934
0.128323
-0.065666
-0.202098
-0.103938
0.086988
0.120555
-0.131634
0.046342
0.076000
-0.017029
-0.020556
0.128779
0.143053
0.070300
-0.139417
0.179982
0.059923
-0.254741
0.030728
0.036182
0.055093
-0.022876
0.038749
-0.331515
-0.067422
-0.045098
0.104016
-0.025507
-0.303461
-0.072647
0.026641
0.070346
-0.019361
0.005962
-0.028181
-0.059549
-0.191432
-0.043664
-0.029803
-0.012253
-0.043335
0.193109
0.010963
0.035175
0.126653
-0.165283
0.061149
0.069199
-0.065877
-0.103429
-0.065777
-0.051124
0.142345
0.272462
0.193276
0.078243
0.022898
-0.134904
-0.070697
0.312066
0.124313
-0.189709
-0.021682
0.003687
0.130423
-0.078968
-0.027380
-0.101420
0.126686
-0.106747
0.100538
0.036706
0.146472
-0.032382
0.176894
0.222046
-0.089514
0.165189
-0.206142
0.259383
0.136034
0.025501
0.184591
0.109918
0.062838
0.059281
0.039398
0.014525
0.101074
0.140141
-0.186933
-0.030362
-0.078589
-0.208956
0.014278
0.041571
-0.053684
-0.211549
-0.061509
-0.240390
-0.108618
0.212958
0.037835
0.023800
0.077157
-0.237010
-0.026921
-0.064311
-0.208378
-0.077757
0.051083
0.021783
0.111928
-0.096771
0.045359
-0.033227
-0.023733
0.004056
0.019136
0.107300
-0.008662
-0.044341
0.131337
0.046708
-0.058342
-0.167162
0.190424
-0.024400
-0.166617
0.093079
-0.092337
-0.122219
0.245410
0.135791
0.242023
0.240834
-0.068817
-0.126309
0.005372
-0.001828
-0.113307
-0.258675
-0.098938
0.013713
0.150525
0.154562
0.005982
0.193011
-0.058538
0.065758
-0.160837
0.120429
0.009618
-0.132620
0.170455
-0.203653
0.152699
-0.005114
0.214055
-0.195864
-0.046787
-0.103934
-0.043194
-0.046092
0.063740
0.147055
-0.250394
-0.251106
-0.137379
-0.133946
0.005128
-0.152798
0.098064
-0.022584
0.062043
-0.106604
0.046013
-0.284275
0.137797
-0.006123
-0.378829
-0.056301
-0.142132
-0.245548
0.172820
-0.170714
0.024184
0.017230
0.018446
-0.225526
0.008814
-0.016903
0.004210
0.140735
-0.061052
-0.192879
0.121856
0.083667
-0.027005
-0.147136
-0.023222
-0.041494
0.061994
0.131120
-0.138993
-0.140863
0.099466
-0.118970
0.003709
-0.104595
-0.040081
-0.185961
-0.186867
-0.015379
0.309386
0.024614
-0.115425
0.079898
0.051964
0.223453
-0.098522
-0.254550
-0.291581
0.241938
-0.003011
0.189944
0.101648
0.134004
-0.129019
0.212073
-0.084422
-0.222240
-0.217858
-0.004612
0.046375
-0.217542
0.041004
-0.133929
-0.074325
0.037983
-0.014480
0.150121
-0.126049
-0.084074
-0.155118
0.027191
-0.101221
0.019333
0.262480
-0.112318
0.067639
-0.093243
-0.082673
-0.086150
0.031886
0.043894
0.191255
0.403161
-0.311007
-0.326527
0.150890
-0.180653
0.077755
-0.255751
0.059113
0.134577
0.083295
0.121599
0.126047
-0.162909
-0.148162
-0.049333
0.133941
-0.182185
-0.023004
-0.160325
-0.138836
-0.262027
-0.204199
0.109144
-0.095292
-0.092633
0.191353
-0.199552
0.005203
0.009654
0.006740
0.210925
-0.111602
-0.068618
0.138519
0.044414
-0.064465
-0.214351
0.044058
-0.286293
-0.100755
-0.153319
0.142928
-0.091201
0.173629
0.026852
0.039085
-0.326165
-0.043948
-0.093120
-0.032650
0.027485
0.062711
-0.218800
-0.178106
-0.115772
-0.161741
-0.005836
-0.148438
0.056347
0.178316
0.074086
0.125634
0.252480
0.031785
-0.093592
-0.051181
-0.114930
-0.188222
0.089995
-0.118868
0.087081
0.012911
0.073953
0.216502
0.077673
0.125984
0.028518
0.105860
-0.094076
-0.189429
-0.057591
0.035604
0.160801
0.216824
0.077493
0.196856
0.143851
-0.188955
-0.047202
0.040389
-0.148730
0.141630
-0.178989
-0.006479
-0.091245
-0.201700
-0.006555
0.043359
-0.142885
0.154750
0.123692
0.000630
-0.098178
-0.143740
-0.146544
0.064712
0.204094
0.006261
0.174601
-0.274261
-0.269930
0.149221
-0.100959
0.212382
-0.041420
0.071402
0.168129
-0.160448
0.100244
-0.106665
0.022602
-0.309350
0.002881
-0.116082
-0.065449
0.212129
0.205643
0.060332
0.082223
-0.043242
-0.147696
-0.049816
0.392791
0.120923
0.236535
-0.144209
-0.026104
0.046400
-0.122483
0.021641
-0.145909
0.002041
-0.226466
0.104263
-0.078365
0.144318
0.020905
0.223035
-0.013998
-0.030971
-0.210169
0.151758
-0.103828
-0.049891
0.053366
-0.179970
0.183653
0.069533
-0.111558
0.018276
-0.250606
0.050115
-0.029168
0.099798
-0.257370
-0.205264
-0.070947
0.141836
0.197578
-0.103595
0.209751
-0.090208
0.399955
0.101526
0.179519
-0.027513
0.081046
-0.116691
-0.065807
0.079797
0.067418
0.013782
0.039271
0.464071
0.162556
-0.111788
-0.114752
0.320482
0.182369
0.245627
0.052936
0.120473
0.008671
0.087271
0.006604
-0.039901
-0.097636
-0.148430
-0.054791
0.018975
0.339749
-0.005136
0.031091
-0.139455
0.167394
-0.129404
-0.165560
-0.026896
0.167570
0.088302
0.192059
-0.175130
-0.138718
0.069744
-0.016911
0.033938
0.042976
0.067381
0.021130
0.015068
0.044260
0.193820
-0.023420
0.124436
0.348403
0.045132
0.113093
-0.129686
0.097263
-0.014341
0.108854
-0.014443
-0.306808
-0.105610
0.025841
0.049152
0.010125
0.141763
0.037914
-0.072954
0.172688
-0.029078
0.041662
0.125177
-0.128911
-0.029198
0.121475
0.081408
0.100196
0.008537
-0.013481
-0.067537
-0.079989
-0.088160
-0.154833
-0.023068
0.191378
-0.012314
-0.041957
0.004795
-0.094557
-0.084750
-0.279302
-0.068254
0.047485
-0.051482
0.203431
-0.039568
-0.113493
0.033678
0.051517
-0.140144
0.128370
0.021430
0.189243
-0.106497
-0.044226
0.262194
-0.046223
-0.000029
0.014775
0.016916
0.127264
0.150105
0.045683
-0.334920
-0.007423
0.108212
-0.100578
-0.095035
0.098878
-0.060030
0.169526
-0.154728
0.024682
0.108108
-0.232844
-0.043228
-0.109005
0.028930
0.002842
-0.184972
0.013839
0.319443
0.162449
0.007420
-0.050849
-0.067725
0.081771
-0.001748
-0.036801
0.011054
-0.024481
-0.008790
0.281299
-0.090497
-0.187832
-0.013416
0.148860
-0.025254
-0.190609
-0.058658
0.115080
-0.120512
0.046101
0.079891
0.050814
-0.134261
-0.363698
-0.040415
-0.148517
-0.040350
0.245533
-0.007829
0.136864
0.085728
-0.138349
0.097988
0.005454
-0.013929
0.023180
0.056956
0.038976
-0.212245
-0.147141
-0.264687
-0.174134
0.194465
-0.086183
0.234801
0.075324
0.137202
-0.050020
-0.064591
0.043240
-0.073078
0.027633
-0.042762
0.053290
-0.013234
0.087260
-0.051588
0.084318
-0.130039
0.028907
0.030311
-0.044541
0.070483
0.121973
-0.162219
-0.014078
0.361284
0.231991
0.064567
0.111858
-0.224290
-0.027405
0.062119
-0.187504
0.093607
-0.052838
0.133377
0.201235
-0.107397
0.212999
0.070694
0.042016
0.013048
0.073423
-0.105639
0.008378
-0.209306
0.219499
-0.059341
-0.022226
0.367527
0.108731
-0.193411
0.113607
0.116183
0.003540
-0.031847
0.088650
-0.170171
0.082348
-0.041933
-0.019249
-0.019028
-0.024994
-0.036768
0.470690
0.045211
0.128165
-0.011864
0.078172
-0.124642
-0.059411
0.177549
-0.097222
-0.155399
-0.057843
0.050941
-0.210875
0.084875
0.151629
-0.165946
0.348162
-0.039340
0.234656
0.064151
0.105987
0.053254
-0.069169
-0.028645
0.148217
-0.450048
0.137449
0.457230
-0.155765
0.142309
0.170297
0.080861
-0.133823
0.030470
-0.054381
-0.088539
0.011435
0.075604
0.216943
0.184617
0.026321
0.056277
0.205714
-0.040195
0.100489
0.057609
0.293588
-0.077722
-0.033081
0.077110
0.024708
0.054943
0.339141
-0.067460
0.144448
0.003377
-0.139603
-0.100358
-0.156554
0.009660
-0.020403
-0.071552
0.079335
0.201620
-0.067915
0.125812
-0.056534
0.147701
0.090469
0.207276
0.178113
-0.136452
-0.030096
0.059131
0.087083
0.255731
-0.146284
0.019378
0.222356
0.379067
-0.008969
0.062675
0.039165
-0.050479
0.120563
-0.003839
-0.053338
0.045250
-0.144431
0.229072
-0.094643
0.008794
0.180179
0.206688
0.148858
0.106670
-0.138623
-0.126972
0.191343
0.062457
0.150706
0.047782
0.091009
-0.129578
-0.262147
0.014168
-0.063092
0.148562
-0.051750
0.162902
-0.272883
-0.129165
-0.070811
-0.190563
-0.084890
0.112268
0.009515
-0.102598
0.080104
-0.120000
0.126101
-0.271268
-0.292414
-0.029799
0.117493
-0.055764
-0.131866
0.064791
0.013767
-0.088128
0.260104
0.156065
0.212107
-0.051249
0.040103
-0.194790
0.268421
-0.084180
-0.058355
0.038311
0.214373
-0.088971
-0.107003
0.275693
-0.050858
0.052458
0.021863
-0.097239
-0.092430
0.103853
0.244054
-0.041197
-0.001223
-0.265224
0.069277
0.216871
0.046738
-0.018275
0.251474
0.111839
-0.075643
-0.069089
0.039727
-0.068549
0.049697
0.146146
-0.050304
-0.171164
-0.256278
-0.029186
-0.071019
0.044719
-0.160489
0.240725
-0.040254
-0.278611
-0.027776
-0.313287
0.099370
-0.016337
-0.286880
-0.023484
-0.337167
-0.058976
0.120482
-0.026886
0.021664
0.117951
-0.226475
0.011715
0.110337
0.004340
-0.238732
-0.110098
-0.101933
-0.118494
0.217605
0.093568
0.114428
-0.074063
0.177758
-0.132285
0.136195
-0.153431
0.145866
0.175151
-0.233124
-0.108843
0.251339
-0.033160
-0.097203
-0.133774
0.315104
0.113608
-0.027850
-0.065565
0.170896
0.067436
-0.184652
-0.159113
0.114084
0.061132
-0.000279
-0.073816
-0.197839
-0.113286
0.174712
-0.004959
0.069696
-0.093839
0.079009
-0.019120
0.229545
0.116118
-0.188148
0.155040
0.112426
-0.064067
0.088311
0.028562
0.268013
-0.093971
-0.150373
-0.023766
0.138281
-0.066595
-0.178258
0.011282
0.015943
-0.126689
-0.107652
0.037385
0.165630
0.044162
-0.105643
0.240080
0.074486
0.120117
0.068776
-0.046798
-0.059364
-0.060806
-0.108978
-0.269283
0.190929
-0.032314
0.108257
0.099068
0.379244
-0.187606
0.004250
0.198926
-0.038562
0.067213
-0.261564
0.086212
-0.038872
-0.148798
-0.058452
-0.014281
-0.161828
-0.088709
-0.044683
0.158642
0.045517
-0.141601
0.018385
0.147689
-0.154420
0.190229
0.167086
0.026534
-0.130758
-0.057019
-0.235777
-0.016252
-0.054846
-0.057019
0.164847
-0.112792
-0.062366
-0.113445
-0.082858
-0.004856
-0.030842
-0.041658
0.090421
0.159897
0.044612
-0.014723
-0.010616
-0.046385
0.183232
-0.035098
0.018684
0.119846
0.106683
-0.150448
-0.087194
0.147452
-0.030287
-0.017088
-0.075053
0.200747
0.107822
-0.043465
0.144134
-0.005504
0.072537
-0.036254
-0.242287
-0.030910
0.066153
-0.037000
0.161828
-0.189287
-0.157750
-0.112769
-0.169200
-0.031538
-0.006773
0.064839
0.074806
0.161427
0.313178
0.123635
0.003237
0.042324
0.030723
0.211898
-0.172455
0.052507
0.051192
0.037451
0.002602
-0.296499
-0.084611
-0.020785
-0.063885
-0.170507
0.085785
0.113866
0.202655
-0.085022
-0.020024
-0.052807
0.247481
-0.338844
-0.047860
0.059052
-0.019414
0.082097
-0.044475
0.041860
0.112298
0.068997
-0.118064
0.092084
0.071500
0.111109
0.169440
0.301206
0.009999
-0.113850
0.421074
0.292856
-0.031877
-0.074617
-0.000960
0.087112
0.021315
0.078984
-0.048414
0.078396
0.196572
-0.089376
0.002348
-0.006660
-0.124288
-0.107078
0.016370
0.035361
-0.115332
-0.002447
0.050029
0.127802
-0.289772
0.056701
0.190686
0.114236
-0.023785
-0.146607
0.196537
0.371020
-0.176432
0.084556
0.048566
-0.104758
-0.026213
0.058141
0.014256
-0.079519
-0.076346
0.196925
-0.108761
0.210918
0.058893
0.136363
0.130433
-0.210419
-0.084269
-0.093145
0.089496
0.042402
0.058971
0.034163
0.191954
-0.209127
0.134813
0.159310
-0.078771
-0.038802
0.028018
0.107307
0.008378
0.229662
-0.015542
-0.094690
0.077243
0.134790
0.173329
-0.230829
-0.052965
-0.020751
-0.085401
0.185324
-0.085528
0.096695
-0.039147
0.055681
0.206744
0.085153
0.121984
-0.199690
0.232478
-0.106124
0.008351
0.157317
-0.118235
0.084495
0.129921
-0.022380
-0.125476
0.090814
0.064630
-0.027029
-0.008222
0.303117
0.003862
0.114695
-0.031195
-0.017258
-0.067798
0.023060
0.161036
-0.139247
-0.054962
-0.061445
0.170572
0.002860
0.079500
-0.029194
-0.140303
-0.154967
0.183791
-0.111219
0.076738
0.028088
-0.271804
0.001182
0.149365
-0.068205
-0.023218
0.240692
0.093631
0.120566
0.124669
0.072674
-0.110259
-0.201074
0.072209
0.030598
-0.043045
-0.049781
0.194003
0.177449
-0.053037
0.182237
-0.016858
0.151007
0.185433
0.080249
0.091841
0.326242
-0.008404
0.279555
-0.161101
-0.079447
-0.046900
0.065605
0.086737
-0.180803
0.226546
0.130185
-0.072794
0.017778
-0.251030
0.071023
0.118335
0.260622
-0.024515
0.041799
0.323263
-0.025805
-0.146972
-0.232209
-0.016198
0.112980
-0.193241
-0.123017
0.216426
0.147483
0.134746
0.061203
-0.041986
-0.083828
-0.097151
0.121112
-0.158170
-0.010334
0.092197
-0.067544
0.184272
0.310930
0.104362
0.156149
-0.101790
-0.068984
0.123245
-0.114442
0.026976
0.048844
0.046559
-0.030479
0.075639
0.001388
-0.139766
0.038139
-0.006711
0.012996
0.130605
0.015022
0.259842
-0.068551
-0.013497
-0.160468
0.062241
-0.177278
-0.149847
-0.060588
-0.175998
-0.211498
0.113712
-0.027197
-0.064661
-0.061064
-0.020935
0.045127
-0.094779
-0.053058
-0.071584
-0.198204
0.168428
0.040910
-0.070249
-0.128831
-0.116601
-0.043195
-0.012143
-0.016657
-0.039974
0.086266
-0.079936
-0.064499
-0.085847
-0.039981
0.137242
-0.209485
0.093117
0.120140
0.126066
0.150372
-0.026723
0.095020
0.045313
0.049028
0.008032
0.085522
0.040867
-0.109853
0.083828
0.153140
-0.207448
-0.076343
0.139904
-0.186477
0.020200
0.123375
-0.158019
0.210550
0.198871
-0.307639
0.234550
-0.092027
-0.146086
-0.158174
-0.039294
0.080127
-0.233174
0.120986
-0.130336
-0.159918
0.036094
-0.051190
0.163921
-0.057491
0.143934
0.316307
-0.039657
0.071833
-0.206503
-0.106270
0.060066
-0.095436
-0.405005
-0.144404
-0.138983
-0.035475
-0.098012
-0.167522
-0.040456
0.097459
0.028189
-0.007267
-0.089424
0.191732
0.005045
-0.086782
0.043081
-0.149709
-0.005578
-0.084821
-0.091578
-0.062782
-0.005479
-0.016881
0.009910
-0.303231
0.054182
0.241551
0.112405
0.128480
-0.009487
0.045992
-0.047848
-0.274526
-0.106382
0.174859
-0.097429
0.171288
0.099090
-0.002710
0.042404
-0.030315
-0.006445
-0.016055
-0.076295
0.083886
0.006210
-0.130120
-0.093777
-0.246276
0.155505
-0.122587
-0.067483
-0.047647
-0.028859
0.055446
-0.194968
-0.103518
0.217496
-0.224000
0.166445
-0.048443
-0.142402
0.142348
0.036187
0.224075
-0.077694
0.093541
-0.062491
-0.141068
0.037616
-0.032714
0.134506
0.179702
-0.175311
-0.105532
-0.015265
-0.214545
-0.077834
-0.149234
-0.164897
-0.200344
0.077223
-0.081848
0.189139
0.023409
-0.161246
0.138059
-0.258825
0.115540
-0.213634
0.047976
-0.377761
-0.026475
-0.022257
-0.079772
0.184518
-0.182969
-0.220366
0.240258
0.038695
0.134854
0.167451
0.017141
-0.111300
-0.007276
0.081043
0.097317
-0.018468
-0.082055
0.273342
-0.104525
0.096928
0.175269
-0.288449
0.151536
-0.081592
0.257612
0.201328
0.147384
-0.061641
-0.042197
-0.043958
-0.054251
0.389279
-0.048350
0.099189
-0.020838
0.014556
0.259420
-0.082488
-0.056093
-0.135343
-0.115032
-0.039941
0.018912
0.096788
-0.103926
0.029693
-0.034532
0.034335
-0.129983
-0.087532
-0.333534
-0.050726
-0.150088
0.075918
0.210740
0.008602
-0.235343
0.112962
-0.075997
-0.055473
-0.066444
-0.018512
-0.068627
0.085633
-0.250232
-0.058660
0.221296
-0.013689
-0.031865
-0.193725
0.091669
-0.132424
-0.026350
0.133188
-0.014127
0.442176
0.211497
-0.218481
0.039550
0.129351
0.221655
-0.118445
-0.209610
-0.026932
0.134023
-0.226021
0.150319
-0.215019
0.023730
0.045560
0.208525
-0.196607
0.084863
0.120345
0.110916
-0.042588
0.078123
0.051073
-0.059241
0.225979
-0.109659
0.142825
-0.058006
0.038425
-0.190532
0.074909
0.211541
0.046018
-0.041918
0.144841
-0.108338
-0.083807
-0.080443
-0.317397
-0.233026
0.032591
-0.065075
0.058513
-0.151956
-0.121177
-0.119407
0.029153
-0.315198
0.079659
-0.043371
-0.071903
-0.035900
0.084885
0.069708
-0.075321
-0.004835
-0.224896
-0.006222
-0.031622
0.133432
0.060621
0.028178
-0.232955
0.206954
-0.003111
0.136798
0.043984
0.171097
-0.088622
0.001225
-0.085293
-0.119737
-0.050135
-0.281914
-0.046519
-0.112245
-0.130729
0.293261
-0.024807
-0.116693
-0.145188
-0.128935
0.128173
0.054344
0.060466
-0.054823
-0.100625
-0.134982
0.025391
-0.032956
0.164652
-0.094621
0.326594
0.288715
0.091618
-0.078298
0.005223
-0.098765
-0.177236
-0.185838
0.170369
-0.149784
-0.181112
-0.083093
-0.101229
-0.024132
-0.026551
-0.022746
0.002502
0.002856
-0.033436
-0.068142
0.235523
-0.195523
0.022532
-0.278236
-0.086854
-0.024334
0.055491
-0.093234
-0.016378
0.077714
-0.207313
0.184917
-0.093329
0.131951
0.075951
-0.096934
0.009373
-0.126840
0.056603
0.275998
-0.061262
-0.192495
-0.216015
0.040967
0.014397
-0.238706
-0.005474
0.047658
0.084807
-0.081425
0.120197
-0.161378
-0.014112
0.014737
-0.244845
0.113457
-0.147636
0.044272
-0.248777
0.012539
0.075925
-0.177280
-0.110402
-0.164419
-0.045286
0.050292
0.119190
0.048667
0.086026
-0.003686
-0.096630
0.096989
-0.184181
0.059221
-0.175716
0.096192
0.111255
0.320451
-0.112106
0.004030
-0.101321
-0.020825
-0.090292
0.011685
-0.079516
0.048261
0.114211
0.101213
-0.160413
0.025092
0.051890
0.069729
-0.014666
0.052638
-0.020775
-0.092825
0.118959
0.047781
0.060547
-0.104303
-0.039412
-0.028339
0.222267
-0.010061
-0.085122
0.108784
-0.094081
-0.049372
-0.045467
0.067665
-0.119041
-0.016374
0.037878
-0.263216
0.109579
0.238618
-0.055766
0.201869
0.098314
0.155554
0.180210
-0.035141
-0.159424
-0.040462
-0.007989
0.271816
0.095642
0.001794
0.181587
0.061233
-0.225405
0.211462
0.115834
0.149864
-0.093554
-0.053254
0.054377
-0.155120
-0.031034
0.138387
-0.073142
0.020339
0.092785
-0.088362
-0.047871
-0.071812
0.071614
0.037364
0.127246
-0.052109
0.039828
-0.031072
-0.131373
-0.006705
0.104454
0.009736
0.043802
0.105554
-0.201533
-0.064887
0.046578
-0.043321
-0.113941
0.036858
0.113695
0.089657
0.014001
-0.007136
0.111435
-0.099614
-0.136360
0.044187
0.148398
-0.267713
-0.052898
0.239889
-0.016228
0.082091
0.020379
-0.036309
0.144071
0.001189
-0.192083
0.022121
-0.062701
0.112736
0.104731
0.037001
-0.068806
-0.146029
-0.094558
-0.131881
-0.036016
0.194658
-0.111048
0.040467
0.000268
0.042105
-0.128217
-0.166328
0.132537
0.015662
-0.161798
-0.133114
-0.024010
-0.162567
0.091679
-0.033246
0.033272
0.063315
-0.000293
0.115953
0.277102
0.044222
-0.014492
-0.303237
0.126949
-0.083683
-0.208116
0.101321
0.215408
0.135694
-0.085930
0.052216
0.082739
0.026915
-0.101145
-0.058253
-0.009379
-0.141429
0.175641
0.008559
-0.056103
0.014362
-0.070713
-0.084311
0.085790
-0.000825
-0.076248
0.099962
-0.001752
-0.001427
-0.045556
0.014699
0.120891
-0.103856
-0.119221
-0.149551
0.016011
-0.035377
-0.058241
-0.027326
0.197764
0.136397
-0.111127
-0.160724
-0.110234
0.102006
-0.105380
0.146062
0.188472
-0.124471
0.031590
-0.005200
0.005118
0.139374
-0.040622
-0.065286
0.107595
0.182052
0.028125
0.006409
0.142962
0.010102
0.129198
-0.095099
0.053469
-0.096474
-0.031074
-0.208113
0.271810
0.193923
-0.053340
0.006085
0.119417
-0.187501
-0.122657
-0.131762
0.296946
0.015016
0.081158
-0.098329
0.179009
0.066304
-0.142594
0.204737
0.083351
0.137430
-0.153542
0.147056
-0.098688
0.168314
0.158831
0.073254
-0.117474
-0.155946
-0.077613
0.049147
0.010177
-0.003570
-0.098162
-0.060033
0.187423
-0.024272
-0.156101
0.133572
0.119947
-0.005530
0.210173
-0.107495
0.112612
-0.227121
-0.063445
-0.163929
-0.042156
0.084900
-0.002596
-0.362637
0.084570
-0.141063
0.033506
-0.027881
-0.096614
-0.132364
0.154424
0.057126
-0.124439
0.063149
-0.072730
-0.030629
0.033770
-0.075061
-0.065188
0.044784
-0.102947
0.207794
0.340129
0.151561
0.162693
0.082565
0.214555
-0.077744
0.061327
0.251659
-0.023572
-0.033177
0.206894
-0.123631
0.077511
-0.088511
-0.059621
-0.051848
-0.016653
-0.292370
-0.054157
-0.146883
-0.088406
-0.094337
-0.075174
0.078761
-0.052496
-0.092787
-0.020913
-0.226910
-0.019994
0.015655
-0.026789
-0.065290
0.126568
0.106860
-0.053325
0.029396
0.057192
0.268365
-0.070678
0.056299
0.057187
-0.023485
0.028151
-0.067154
-0.057806
-0.015665
-0.129917
-0.091273
-0.053165
-0.073818
0.020375
-0.015708
0.287629
-0.092177
-0.076401
0.188585
-0.012585
0.221316
-0.036779
0.027953
-0.349550
0.120142
-0.068278
-0.168329
0.020690
-0.050002
0.015733
-0.124354
-0.027151
-0.210923
-0.121247
0.026411
0.003822
0.023469
-0.246203
0.086269
0.293250
-0.097583
-0.115687
0.168048
-0.111413
0.099030
-0.096599
0.065645
0.082548
-0.046201
-0.131353
-0.102020
0.004039
-0.103202
0.159894
-0.059239
-0.021740
0.031398
0.043170
-0.013002
-0.161467
0.003199
-0.088555
0.306289
0.073805
0.143423
-0.163170
-0.154547
-0.174830
-0.141121
-0.041819
0.023182
-0.089722
0.218212
-0.017151
0.122483
-0.004838
-0.091905
-0.015708
0.123432
0.195492
0.082730
0.051266
0.311135
0.025968
0.027524
-0.236666
-0.089910
0.070332
-0.086045
0.105333
0.026213
-0.160733
0.173904
0.119649
0.001016
-0.016156
-0.055659
0.247340
0.092433
0.039325
0.119886
-0.002460
0.054138
0.161632
0.076716
-0.062442
-0.061536
-0.060719
-0.116281
-0.011733
-0.101731
0.133096
0.272179
-0.103396
0.128249
-0.114650
0.140625
0.259413
0.019818
0.064529
0.034502
-0.070708
-0.150555
-0.162370
0.009809
-0.058842
-0.120988
-0.144799
-0.088168
0.107967
-0.026646
0.060075
-0.051694
0.080727
-0.105430
-0.020716
0.045057
0.095350
0.132122
-0.030832
-0.022774
-0.098825
-0.018602
0.110557
0.015568
0.096903
0.004511
0.007180
-0.148606
0.070703
-0.073474
0.072359
-0.163638
0.025218
0.027390
-0.053367
-0.176090
-0.257087
-0.124432
0.109629
-0.115657
0.025663
0.174286
0.028961
0.142995
0.071657
0.298139
0.193142
0.110113
-0.109625
0.087170
0.077863
0.098650
0.037840
0.080387
-0.044365
0.104287
0.085534
0.054404
-0.206475
-0.158578
0.207382
0.158300
0.082004
0.311600
-0.146094
-0.139192
-0.028771
-0.031934
-0.158841
0.167499
-0.135150
0.043139
0.019307
-0.020709
-0.087779
0.086356
0.169658
0.018451
0.028095
-0.228078
-0.136277
-0.413285
-0.121940
0.192104
0.004656
0.010248
0.351788
-0.094597
0.039420
0.180820
0.039800
0.173104
-0.004617
0.092102
-0.077776
0.101583
-0.218472
-0.021880
-0.088572
-0.000638
-0.175780
0.038417
0.142650
-0.011096
0.028548
-0.142334
0.104416
-0.027933
-0.031966
-0.062238
0.051022
-0.199451
0.177480
-0.038665
-0.005104
-0.023254
-0.039672
-0.017132
0.018911
-0.107379
-0.058863
-0.023388
0.082346
0.083726
-0.037327
-0.166375
0.135422
-0.190301
0.038102
-0.086418
0.348891
-0.074063
-0.026888
-0.033386
0.101512
0.101104
0.006216
0.054929
-0.154436
-0.213515
-0.098651
0.181814
-0.380046
-0.015204
-0.067494
0.154270
0.213311
0.176523
-0.065884
-0.024649
-0.045330
0.196691
0.076249
-0.144421
-0.020687
-0.027971
0.085855
0.212145
0.075254
-0.004361
0.101971
-0.271162
-0.153865
0.102908
0.218953
-0.193319
-0.084676
0.120249
-0.046220
0.084691
0.252509
0.069398
0.155948
0.026735
-0.301753
0.044500
-0.052365
0.001632
0.112613
-0.037753
0.116768
-0.059653
0.040948
-0.106445
-0.071687
0.035457
0.021894
0.060647
-0.224208
0.075735
0.000093
-0.021968
0.184192
0.127678
0.076429
0.228630
0.063580
0.189267
0.151454
0.152899
0.000720
-0.007210
0.178490
0.067476
0.117928
-0.020278
0.004503
0.206573
0.153690
-0.076506
0.010705
0.392114
0.136842
0.114314
-0.020579
0.057430
-0.019140
-0.119312
0.134751
-0.134177
0.066674
-0.063320
0.049174
-0.041768
-0.015606
0.138754
-0.083232
-0.043998
0.117518
0.243359
-0.098079
-0.336476
0.072778
-0.278591
0.022110
-0.038217
-0.068185
0.071335
0.163290
0.044879
-0.030182
-0.233167
-0.018730
-0.002654
-0.123597
-0.171026
-0.183045
-0.075116
0.134208
0.114397
-0.110382
0.112868
0.050802
0.121092
0.030161
-0.099440
0.100317
0.114012
0.078302
0.075062
-0.264754
-0.177179
-0.112904
0.141962
-0.058018
-0.065042
-0.005712
0.112455
-0.067632
-0.169653
-0.164586
0.152688
-0.011985
0.113365
-0.100438
0.228181
-0.074343
0.083709
0.094858
-0.166333
0.004677
-0.068963
-0.018989
0.131206
0.234769
-0.016602
-0.002335
-0.203199
0.083284
0.079854
0.001220
-0.251629
-0.129062
0.101793
0.120762
-0.059125
0.072885
0.180228
0.174588
-0.170401
-0.107831
0.118261
-0.033066
0.037131
-0.096874
0.291189
0.054475
0.235454
0.006621
0.158681
-0.164467
0.110511
0.025482
0.204121
-0.040521
0.074523
-0.176686
-0.118457
0.013233
0.241078
0.367820
-0.105083
-0.405766
0.046688
-0.045536
0.070439
0.203112
0.030639
-0.062607
0.207125
0.052094
-0.019225
-0.145430
0.096508
0.136518
-0.049606
0.073352
0.076257
0.001443
-0.303175
0.029761
-0.177801
-0.172680
-0.105786
-0.186785
0.101969
-0.046795
-0.140252
-0.170098
0.110096
0.291343
-0.287239
0.073669
0.184715
0.023949
-0.029303
0.171554
0.131721
0.126000
-0.167065
-0.210894
-0.125185
-0.094042
0.050903
0.070910
0.067253
-0.109975
-0.049144
0.014173
0.169209
0.161848
-0.159033
-0.082944
0.027724
0.097638
0.096479
-0.091840
-0.030805
-0.064844
0.185135
-0.132403
-0.067440
0.074142
0.195705
0.157537
0.040818
0.026554
-0.029215
0.156427
0.344063
-0.098933
0.142700
-0.133543
-0.051154
0.242659
-0.139170
-0.066832
-0.010701
-0.203692
-0.041001
0.056601
0.051816
-0.164585
0.165202
-0.008904
-0.039075
-0.065999
0.034606
0.016914
0.005324
-0.014121
0.080138
-0.066751
0.057941
0.130645
-0.195166
0.084491
0.075398
0.045785
-0.048632
0.152600
-0.022035
0.093967
-0.025660
-0.061834
0.031032
0.127675
-0.120663
0.107043
0.038118
0.183496
-0.061248
-0.011911
0.068661
0.133022
-0.004807
-0.199123
-0.008556
0.071855
0.133476
-0.160393
-0.003962
-0.051604
-0.077668
0.216368
0.184781
-0.037550
0.039694
-0.213266
-0.002924
0.037883
0.165608
0.101614
0.147324
-0.137569
0.089769
0.041968
-0.018788
-0.122624
-0.013159
-0.072485
0.007468
0.048059
0.112621
-0.135894
0.241138
-0.148004
0.140586
-0.088963
0.352000
0.123135
0.195029
-0.048922
-0.093598
-0.087246
0.168731
-0.164710
0.004840
-0.052126
-0.185493
0.024205
-0.072348
0.120343
-0.052492
0.127964
0.056781
-0.122719
0.049817
0.069936
0.034080
0.087316
0.051054
0.006139
-0.250528
-0.291882
0.104281
-0.100392
0.113951
0.106533
-0.112461
0.335166
-0.060437
-0.112373
-0.233582
0.116028
-0.014291
-0.034158
-0.087410
0.106806
0.016469
0.042044
-0.054400
0.204640
0.154056
-0.070658
-0.091118
0.109433
0.135368
-0.086708
-0.089369
-0.103709
-0.072726
0.090919
-0.020165
-0.209098
-0.026758
0.007739
0.040855
0.277093
0.230166
0.001463
0.140761
-0.031921
-0.116371
0.337663
-0.098936
0.046090
0.160193
0.023429
-0.137325
0.003327
0.069596
-0.007122
-0.209056
-0.326297
-0.137906
-0.156707
0.046724
0.073165
-0.095793
0.046082
0.043609
-0.202806
-0.221629
0.235732
-0.052670
0.266569
-0.042865
0.138581
0.113404
-0.132555
0.031170
-0.137896
-0.025221
-0.102847
-0.028902
-0.004092
-0.202220
-0.043733
-0.300576
-0.088676
-0.125501
-0.161188
-0.152893
0.061448
-0.167233
0.174678
-0.083052
0.039352
0.101781
0.078403
-0.041845
-0.133408
0.028637
0.191352
-0.098471
0.042184
0.192481
0.207590
-0.067412
-0.079767
0.037374
-0.016004
0.156677
0.049054
0.034901
0.248098
0.108992
-0.031373
0.034463
-0.011394
-0.008057
-0.231965
-0.105137
-0.292126
-0.008880
-0.067607
0.011602
0.040567
-0.052681
-0.106619
0.081173
-0.104635
-0.201800
0.088147
0.003236
0.015834
0.266718
-0.100189
0.201154
0.256539
0.153249
-0.155571
-0.308830
0.062458
0.222778
-0.063619
-0.263927
-0.128703
0.061809
0.058794
0.099300
-0.024618
-0.018470
0.154734
0.053958
0.026206
0.069242
-0.188856
-0.117768
-0.303652
0.175835
-0.121959
0.328487
-0.161320
0.045481
-0.314476
-0.104583
-0.027517
-0.003521
0.106135
0.367356
0.124640
0.030366
0.203280
0.197897
-0.108905
0.070816
0.153155
-0.190950
-0.000273
0.282622
-0.189940
-0.065488
0.229664
-0.054467
0.256708
-0.131676
0.081197
-0.078672
0.131076
0.009146
0.084132
0.221951
0.141888
-0.105800
0.113998
0.048441
0.118467
0.205059
-0.021970
-0.028218
0.057349
-0.243383
0.005387
-0.153221
-0.038142
0.006223
0.273093
0.059040
-0.061765
0.134055
0.019446
-0.045297
0.130334
0.081435
0.111410
-0.067098
0.039410
-0.159577
0.038258
-0.199533
-0.152260
0.039246
-0.083834
-0.032226
-0.092891
0.208021
-0.146671
0.172249
-0.144402
0.171832
-0.226536
0.218536
-0.262804
0.107691
-0.051904
0.000628
0.007543
-0.168632
0.019757
-0.115845
0.093481
-0.105861
-0.399546
0.039880
0.040918
0.034771
0.070421
-0.118138
0.286007
-0.027983
0.039942
0.164034
-0.127085
0.301638
-0.108938
-0.018362
-0.270166
0.001026
-0.089249
0.014633
0.240998
-0.113795
0.069569
-0.090404
-0.023267
0.039065
0.068684
-0.062729
-0.017080
-0.018882
-0.217146
0.013202
-0.018377
0.076066
-0.094105
-0.148150
-0.068517
-0.032356
-0.193757
-0.034980
-0.073255
-0.142704
0.028060
-0.257254
0.056559
0.159812
0.198518
-0.094896
0.295734
-0.039000
0.265068
0.195981
-0.188566
0.123851
-0.021235
-0.115523
-0.082803
-0.019080
-0.086939
-0.228473
-0.272407
0.029230
-0.057857
-0.254772
0.165533
0.034898
0.033338
0.013407
0.150550
-0.073059
0.003088
0.239024
-0.016110
0.068944
0.007088
0.389972
-0.027978
0.029478
-0.089499
0.185949
-0.031496
-0.160481
-0.151876
0.200944
-0.082280
0.052050
0.012045
-0.073526
0.106458
0.047311
-0.126797
-0.074249
-0.062655
0.038854
0.088915
-0.223348
-0.060895
-0.357621
0.082622
-0.146900
0.109884
-0.054862
-0.177416
0.029119
0.134194
0.060226
-0.164772
0.200460
0.015499
-0.245516
-0.186905
0.143514
0.028628
0.005822
-0.203221
-0.017570
-0.189842
-0.222678
-0.074879
0.121294
-0.031461
-0.074664
0.090866
0.049914
0.078813
-0.040558
-0.001683
0.180275
0.002774
0.064054
0.049360
-0.205326
-0.044553
0.178343
-0.041787
0.110934
0.152794
-0.177873
0.205117
0.313073
-0.180414
0.155861
-0.144289
0.044088
-0.019453
-0.116847
0.093633
0.055354
0.124183
-0.131826
-0.030899
-0.131647
0.405790
-0.136814
0.325929
0.023202
0.241882
0.039437
-0.125467
0.267590
-0.135940
-0.215760
0.030722
-0.205512
0.033628
-0.137049
0.078769
-0.096327
-0.064610
-0.227411
0.145043
0.260622
0.055046
-0.137011
0.034744
-0.299356
0.280505
0.168641
-0.089087
0.128030
0.155817
-0.065839
-0.072181
-0.071463
-0.006697
0.017020
0.105722
0.237175
-0.155409
-0.236521
0.212925
-0.073137
-0.105014
0.062574
0.043142
0.173388
0.074977
-0.071738
0.048931
0.006624
-0.058353
0.039327
-0.001263
-0.044326
0.120823
0.279302
-0.102781
-0.062438
0.121496
-0.044323
0.028897
0.028920
0.191965
0.142051
0.054125
0.162585
-0.055995
-0.065118
0.177781
-0.188997
-0.017513
-0.051056
-0.091955
-0.103232
0.135581
-0.083295
-0.008191
-0.214341
0.057180
-0.084215
-0.009687
0.195654
-0.153483
-0.018128
-0.054850
0.109770
-0.014870
0.007893
0.028423
0.099317
-0.065205
-0.004718
-0.148879
0.071802
0.148293
-0.119198
0.213681
-0.063081
0.145577
-0.096806
-0.010442
0.139738
-0.042989
-0.179890
-0.107641
0.125338
0.222059
-0.078737
0.083747
0.094057
-0.172779
-0.173371
-0.132489
0.001166
-0.168395
0.183122
-0.089344
0.268792
-0.123949
-0.042189
0.010021
0.079220
-0.292766
0.012924
-0.043557
-0.017827
-0.163970
0.137265
0.048561
-0.212026
0.014472
0.052362
-0.173368
0.099809
0.008470
0.072779
-0.155364
-0.216333
0.055621
0.145367
-0.156000
0.191189
0.254130
-0.027979
0.430486
0.050927
-0.058624
-0.014128
-0.021818
-0.001581
0.251787
0.051478
0.030974
0.070997
0.027585
0.090235
0.166162
0.171316
0.062299
0.042783
-0.047984
-0.193326
-0.108319
0.138304
0.030290
0.204135
-0.019979
-0.019614
-0.104903
0.078700
0.122629
0.087530
-0.119646
0.074694
-0.006605
0.018815
-0.015749
0.085824
-0.034734
0.058921
0.201133
0.053003
0.035076
0.162003
-0.008317
-0.131722
0.131470
-0.148466
0.206828
0.174738
-0.012931
0.066252
-0.092497
0.200532
0.015980
0.046165
-0.094376
0.121020
-0.053854
0.065870
-0.229676
-0.123915
0.119513
-0.091349
0.111115
-0.078724
-0.102185
-0.153002
-0.059670
0.031813
-0.146417
0.103530
0.147384
0.019350
-0.163938
0.145264
0.066679
0.006934
-0.200057
0.100826
-0.285345
0.122791
0.237840
0.032626
0.092081
-0.046400
0.077709
0.103660
0.052813
0.237947
-0.200122
-0.063390
0.243271
0.099191
-0.006049
0.170915
0.267307
0.082408
-0.097976
0.099742
0.117197
-0.163985
-0.107754
-0.183333
0.145889
0.053684
-0.182971
0.144044
-0.137481
0.017585
-0.090290
-0.063829
0.258342
0.000509
-0.075075
-0.070964
0.096195
0.126128
0.204771
0.020084
0.096103
-0.187651
-0.124166
-0.149351
0.077628
-0.053500
-0.208246
0.063301
-0.021955
-0.122722
0.072213
0.175351
0.036260
-0.044464
-0.072177
-0.187763
-0.133178
0.198443
0.113050
0.054676
0.057554
0.187301
-0.064494
-0.105005
-0.150437
0.017085
0.004084
0.047274
0.358613
0.270375
0.098358
0.103488
-0.094384
-0.027491
-0.087494
0.090063
-0.178658
0.039827
-0.020281
0.235897
-0.039165
-0.086137
0.077245
-0.117221
0.244871
-0.028093
0.041562
-0.191025
-0.150127
0.011624
0.147396
0.075210
0.136115
-0.086166
-0.099016
0.004378
-0.019026
-0.279164
-0.119045
-0.004710
-0.224136
0.128242
0.039357
0.211061
0.236237
0.035439
-0.068457
0.006327
-0.230096
0.073832
0.000116
-0.119960
-0.072910
-0.031579
0.271778
-0.048906
-0.113723
-0.069410
-0.114984
0.009983
-0.006332
-0.125683
-0.008976
0.161458
-0.125842
-0.087334
-0.061339
-0.116779
0.037067
-0.212385
-0.109524
0.127788
0.080468
-0.131054
0.029769
0.318162
-0.013251
0.071578
-0.242682
-0.259608
-0.009347
0.058470
0.066103
-0.132381
-0.116291
0.042310
0.112700
-0.027562
-0.122744
0.161749
0.196803
-0.111644
0.111077
0.030700
-0.135314
-0.113265
-0.045896
0.008802
-0.060113
0.145107
0.066533
0.079820
-0.056287
-0.182465
0.006093
-0.152901
-0.078032
-0.032477
0.148383
0.018108
-0.124118
-0.126063
-0.016784
0.052471
0.040284
-0.067910
-0.237804
-0.161065
0.012325
-0.161285
-0.083587
-0.323657
-0.012302
0.142734
-0.209608
0.149169
0.187543
-0.024031
0.074483
0.072339
-0.164358
-0.031118
-0.086374
-0.164169
0.025124
0.050010
0.014621
0.247581
0.245752
0.163782
-0.152407
0.006565
0.087281
-0.110273
0.065858
0.084058
-0.045944
0.018582
0.039626
-0.009095
0.161267
-0.193652
0.103881
0.047807
-0.134531
-0.168981
-0.093623
-0.051478
0.242511
0.063927
-0.099946
-0.104834
0.060512
0.021980
-0.063401
0.286135
-0.081322
0.105017
-0.141031
0.173591
0.054603
-0.346780
0.117998
-0.418685
-0.225583
0.015962
0.120981
-0.016362
-0.040092
-0.172010
-0.056188
-0.003030
-0.108675
-0.000427
0.070725
-0.088557
0.170712
0.154470
-0.068397
0.230934
-0.198068
0.085470
-0.097326
-0.106141
0.137683
0.160233
0.029396
-0.020141
0.135953
-0.186949
0.188643
-0.020519
0.001237
-0.060492
-0.082984
-0.065622
-0.068619
0.009768
0.141449
-0.311154
0.065710
-0.147366
0.264693
-0.042506
-0.079134
0.098054
-0.049589
0.013410
-0.003944
-0.092158
-0.173921
0.197658
-0.082225
-0.010136
-0.077522
0.089506
-0.018679
0.190853
-0.021284
-0.133975
-0.140403
-0.011724
-0.155450
0.064979
-0.294767
-0.094616
-0.165282
-0.152112
0.227658
0.247902
-0.042997
0.104111
-0.332389
0.108201
0.130134
-0.005137
0.021464
-0.100289
0.132747
0.020814
-0.140138
-0.067894
-0.027036
-0.222161
-0.039486
0.211161
-0.091446
-0.013725
-0.075808
-0.138565
0.055989
0.053135
-0.003238
0.002338
0.094695
-0.064685
0.113987
-0.209064
0.098313
-0.222985
0.102434
0.100517
-0.145116
0.085550
-0.172135
0.118761
0.094131
0.010267
0.022694
0.142460
-0.079458
-0.130220
-0.124520
-0.002840
-0.206514
-0.036770
-0.034067
-0.330604
-0.160391
0.230037
0.157325
0.115045
0.410916
0.148576
-0.068059
0.122617
-0.080795
-0.007400
-0.077308
0.019947
-0.059313
-0.184974
-0.002476
0.192806
-0.071483
0.050947
0.020313
-0.223809
0.121869
-0.050295
0.144256
-0.075116
-0.109580
-0.038834
-0.084464
0.052342
-0.051555
-0.198928
-0.039735
0.119469
0.076018
-0.191859
-0.227017
0.265238
-0.160429
0.030067
-0.045139
0.103693
0.114083
-0.380748
0.187256
-0.156001
0.258229
-0.250057
-0.015541
-0.006160
0.032056
-0.029470
0.018628
0.065857
-0.189506
0.154434
0.018345
-0.072128
-0.177767
-0.001620
0.031770
0.229279
-0.144393
-0.108418
0.143303
-0.152544
-0.134440
0.015283
-0.179483
-0.022182
-0.148026
-0.021766
0.180318
-0.006276
-0.089319
0.059921
-0.070298
-0.218658
0.167351
0.009559
-0.145457
0.076247
-0.003146
-0.147030
-0.198737
-0.174732
-0.095063
0.071635
-0.010797
-0.026734
-0.014366
-0.121316
0.064670
0.284774
-0.021290
0.089615
-0.022781
-0.071428
0.016956
-0.036159
-0.160918
0.087867
0.003125
-0.248544
0.097598
0.176175
-0.293598
0.110845
0.065995
0.107357
0.045994
-0.068905
-0.019917
0.100434
-0.001967
-0.134380
0.014455
-0.157554
0.109544
-0.020830
-0.058988
0.170894
-0.039176
0.112624
-0.051684
-0.172691
0.221977
0.118104
0.077703
-0.019173
-0.106735
-0.263131
-0.025072
0.010019
0.065958
-0.107458
0.098394
0.041381
0.014219
-0.193253
0.109415
-0.007247
-0.080039
0.221534
-0.290302
-0.056991
0.053421
-0.265851
-0.035872
-0.134226
-0.257873
-0.232861
-0.028302
-0.071632
0.046387
-0.075823
-0.105272
0.033783
0.085106
-0.033807
-0.062215
-0.172140
0.231164
0.035678
-0.272566
-0.110559
-0.057833
-0.079852
-0.017460
0.111684
-0.039305
0.128488
-0.046897
-0.318809
-0.105919
-0.086354
-0.197692
0.114318
-0.192581
0.184360
-0.116183
-0.022793
0.026140
-0.006742
0.030699
-0.059957
-0.115440
-0.022189
0.005709
-0.174034
0.124501
-0.121070
-0.056409
-0.252225
-0.128895
0.023789
0.264677
-0.119152
-0.103574
0.223097
-0.039875
0.030248
-0.178131
-0.066623
0.168524
-0.152720
0.191813
0.083784
0.167455
-0.011036
-0.268815
-0.100160
0.189733
0.129293
-0.051368
0.298515
0.164889
0.155163
0.108187
-0.148061
-0.005604
0.115790
-0.136451
-0.028010
0.011623
-0.156283
-0.144722
0.087462
-0.078049
0.060892
-0.061451
0.006924
0.005584
-0.162752
0.145688
-0.202344
-0.114884
0.040657
-0.104869
0.206167
-0.087967
-0.123603
0.007549
-0.202795
0.042019
-0.159828
-0.208745
-0.318868
0.095549
0.077896
0.039603
0.020511
-0.202475
0.146824
0.093664
0.118502
0.084355
-0.094096
-0.137849
0.146793
-0.067970
0.003814
-0.037649
-0.177549
0.025758
0.145803
-0.115980
-0.171118
0.000321
-0.037746
-0.043838
-0.247635
-0.220188
0.148148
0.147309
-0.111498
0.051958
0.027612
0.192702
-0.323212
0.023873
-0.187621
0.178903
0.120634
0.328006
0.014369
-0.117932
-0.042898
0.197251
0.007841
0.132800
0.155377
-0.087703
-0.126416
0.068842
0.091244
0.040671
-0.037536
-0.008980
-0.006693
0.108105
0.176457
-0.058265
0.172569
-0.048308
0.080634
0.007271
0.003708
-0.217112
0.212252
-0.064754
-0.183598
-0.005116
-0.033256
0.002146
0.040389
0.120155
0.183305
0.101638
0.027170
-0.220032
0.249185
-0.065621
-0.056385
-0.037319
0.137778
-0.092809
0.153376
0.054554
0.058620
-0.106301
-0.173875
-0.114417
-0.095978
-0.215467
-0.065968
0.038663
0.388061
0.278088
0.182663
0.219320
0.147155
-0.088745
-0.027101
0.140424
-0.258537
-0.179161
0.114197
-0.006056
-0.139879
-0.223226
0.135434
0.042500
0.118487
-0.019228
0.091734
0.137641
0.130598
0.273978
-0.163077
-0.125004
0.174992
-0.186567
0.085649
-0.034645
-0.060700
0.124802
-0.080869
-0.079612
-0.049167
0.081986
-0.047260
0.075206
0.029334
0.010758
-0.082477
-0.159517
0.119007
-0.044205
0.112897
0.074302
-0.239147
-0.002201
0.086814
0.121574
0.116938
-0.196555
0.006951
0.185565
0.080607
0.046550
0.181326
-0.153296
-0.007438
0.098746
0.125009
-0.317700
0.133881
-0.031108
-0.078451
0.129091
0.201188
0.044926
0.221170
-0.131878
-0.044145
0.128761
0.203339
-0.193030
0.028970
0.080825
-0.072780
-0.157949
-0.026746
-0.139490
-0.170413
-0.180429
-0.018533
0.068413
-0.028155
0.019240
0.141384
-0.139190
-0.108454
-0.171579
0.230304
-0.066620
0.190129
-0.044111
0.066447
-0.252100
-0.197267
0.106112
0.044091
-0.038134
-0.010894
0.069577
0.022282
0.046354
-0.188747
0.000756
0.024629
0.069708
-0.006089
0.025029
0.241362
0.125926
0.165233
0.185657
-0.072375
-0.147652
0.095480
0.124217
-0.002687
0.014582
-0.195071
-0.197721
0.205661
-0.061984
0.045731
0.040679
0.140423
0.223260
0.088418
-0.161020
0.028071
-0.180620
-0.018193
0.172932
0.074125
0.040607
0.026791
-0.125574
0.019151
-0.213787
0.123537
0.131819
0.227028
0.118214
-0.068794
-0.009868
-0.173772
-0.016206
0.133499
-0.124371
0.001727
-0.134590
0.059858
0.227993
0.135644
0.044303
0.324345
-0.160594
-0.065280
0.073810
-0.003630
-0.127361
0.093597
0.024773
0.079194
0.081022
0.132217
-0.068789
-0.269152
-0.150475
-0.016322
0.033924
0.077957
0.191439
-0.018990
0.121180
0.094785
-0.027647
0.115074
0.013706
0.033903
0.009596
-0.084179
0.122392
0.148587
-0.183346
0.109335
-0.083854
0.171030
-0.180160
0.146763
0.095957
0.048710
-0.002156
-0.370714
-0.124442
-0.241908
-0.235980
0.057160
0.141306
0.229593
-0.092004
-0.073420
-0.030309
-0.238250
0.030792
0.085219
0.152065
0.116539
0.041322
-0.135140
0.129758
0.014154
0.176617
0.193836
-0.027928
0.120344
-0.037111
-0.100320
-0.307779
0.130764
-0.031801
0.031729
0.182386
0.071979
-0.183918
0.101094
0.256914
0.083449
0.106033
-0.099139
-0.388969
0.104211
0.235833
0.022787
0.128171
-0.151268
-0.411051
0.055545
0.027287
-0.060237
-0.180771
-0.182771
-0.157821
0.123676
-0.057918
-0.115948
-0.463759
-0.089391
-0.082548
0.067086
-0.054593
-0.179133
-0.011630
0.093240
0.068110
-0.055474
-0.100696
0.003637
-0.097749
0.211897
0.080686
-0.034702
-0.035290
-0.119464
-0.428921
0.181346
-0.021765
-0.056797
-0.159534
-0.050192
-0.156305
-0.212740
0.126814
-0.134260
-0.106821
0.210023
0.047436
-0.119350
0.016323
0.176245
-0.159269
-0.234928
0.009449
-0.156901
0.192827
0.073432
-0.041922
-0.110083
-0.061091
-0.047971
-0.133903
-0.418095
0.084623
0.112517
0.101009
-0.016137
-0.087939
-0.121564
0.119844
-0.031747
-0.028795
0.169693
-0.094644
0.242342
-0.060846
0.088208
0.059404
-0.255207
-0.128318
-0.053087
0.146754
0.023449
-0.002820
-0.014345
0.033696
0.293359
-0.099809
-0.042123
-0.066419
-0.190802
0.308346
-0.085210
0.258731
-0.062545
-0.070095
-0.031937
-0.039574
0.108828
0.169841
-0.268861
-0.021579
0.111688
0.026225
-0.079296
-0.056791
-0.212784
0.269622
-0.044825
-0.155567
-0.289114
0.142762
0.042126
-0.064247
0.063432
0.236719
-0.233942
0.041245
-0.001474
0.035619
0.092865
-0.061531
-0.022542
-0.133059
-0.061589
-0.074531
0.002429
0.191558
0.198397
0.004145
0.003124
-0.236068
-0.234566
-0.312378
-0.081090
-0.081347
-0.188614
-0.096826
-0.276958
-0.181058
-0.363162
-0.208063
0.076327
0.139130
-0.015700
-0.098184
0.151410
-0.040645
0.171282
0.011318
-0.105349
0.219043
0.072970
0.122825
-0.058296
-0.042641
0.091035
-0.051623
-0.153384
0.254910
0.078097
0.053269
0.150782
0.162134
-0.058789
0.042577
0.077720
-0.097927
-0.343322
0.179098
0.085724
0.004846
0.058415
-0.013644
0.275481
0.092455
-0.173888
0.043215
-0.153618
-0.066709
0.147955
-0.100437
-0.103559
0.048403
0.247802
0.151016
0.037058
-0.001112
-0.014063
0.038043
-0.097204
-0.211200
-0.088244
0.080971
-0.164612
-0.037491
-0.036078
-0.070184
-0.130527
-0.118343
-0.192015
0.193486
-0.153993
0.097173
-0.213376
0.214392
0.008600
0.047754
-0.063958
0.162369
-0.171500
0.095200
0.010281
-0.125160
0.091297
0.177803
0.134056
0.059840
-0.201624
0.019563
0.301505
0.222815
0.098290
-0.100019
0.021398
0.160346
-0.175314
-0.135904
0.126501
0.038131
0.125289
-0.055356
-0.234573
-0.218408
-0.201494
0.017153
0.283401
0.240257
-0.120573
0.064366
0.176888
0.127084
-0.009522
-0.212070
-0.084097
0.031673
0.085746
0.003367
0.191527
0.015495
-0.055841
0.004700
-0.220242
0.213159
-0.102063
-0.093841
-0.166494
0.089382
-0.044468
-0.159482
-0.211899
-0.030551
-0.276115
0.141086
0.177361
-0.193301
-0.120462
-0.334080
0.223768
0.108195
-0.146065
0.024714
0.021068
0.254460
0.064044
0.191338
-0.051334
0.052537
0.078206
-0.055737
-0.117048
-0.109730
-0.044830
-0.022260
-0.008371
0.115864
0.130409
-0.159827
-0.148501
-0.056770
-0.100422
0.003365
-0.015358
0.172259
0.161312
-0.111868
-0.058710
-0.183800
-0.098459
-0.016785
-0.018112
0.003067
-0.030612
-0.138998
0.142230
0.055888
-0.128218
0.087180
-0.024618
0.001711
0.105259
0.144759
-0.021347
-0.226487
-0.048200
-0.282211
0.140866
0.256012
0.101158
-0.086778
0.212350
0.025041
-0.038383
-0.214449
-0.003897
-0.089992
-0.100218
-0.077198
0.038174
0.182821
-0.118994
0.071089
-0.208663
-0.055077
0.220739
0.202520
0.201575
-0.179393
0.046738
-0.268573
0.158404
0.136186
-0.097516
0.091690
0.273174
0.085969
0.128440
-0.028318
0.054367
-0.095219
0.145738
0.162274
-0.006472
-0.032352
0.051994
-0.190937
-0.029069
-0.238303
-0.266847
-0.049005
-0.290721
0.228294
0.023610
0.017448
0.022750
0.038127
0.155436
-0.058845
0.095589
0.017798
0.230298
0.180017
-0.200162
0.237608
-0.064128
-0.046131
-0.013294
-0.052520
-0.036782
0.062195
0.064857
-0.107992
-0.143525
-0.163658
0.037999
0.043602
0.068772
-0.041303
-0.150142
0.022824
-0.031088
-0.059594
-0.107280
-0.028982
-0.040409
0.150041
-0.112129
0.373248
0.110977
-0.079070
-0.117863
0.076028
-0.083456
-0.181283
-0.147509
0.035277
-0.257176
-0.132266
0.028843
0.184349
-0.007505
0.037206
0.037693
0.140980
-0.125671
0.098072
-0.116440
-0.042902
-0.017925
-0.018430
-0.130668
0.221544
-0.225818
0.091812
0.024274
-0.015987
-0.019953
-0.112702
0.237942
0.017711
0.048704
-0.075300
0.016115
-0.080015
0.147490
0.019831
0.111267
0.115932
0.018790
0.207315
-0.072068
-0.089270
0.115801
0.128881
-0.261606
0.056065
0.188116
0.093045
-0.177065
-0.177429
0.030080
0.106511
0.073425
-0.057474
0.116051
0.159062
-0.090141
0.428561
0.267154
-0.059364
-0.067176
0.047992
0.049725
-0.028981
-0.121091
0.113138
-0.004133
0.185794
0.050971
0.205147
0.001010
-0.152848
-0.014999
0.104840
0.014470
0.062252
0.124062
-0.041990
0.053109
0.096062
-0.080924
0.004934
0.068865
-0.117751
-0.114558
-0.002712
0.003309
0.156763
-0.004415
0.288095
-0.106036
-0.212406
0.251244
-0.125421
-0.089174
0.181383
-0.092854
0.100904
0.141322
-0.213642
-0.018768
0.019788
0.010690
0.089204
-0.062513
-0.008841
0.156741
-0.167719
-0.204564
-0.079468
0.190842
0.057205
0.065838
0.029539
-0.059478
0.024091
-0.069287
0.145430
0.058134
0.148490
0.261644
0.060444
-0.207772
-0.195239
-0.061421
0.277881
0.169652
0.065910
0.213154
-0.003278
-0.060236
0.068537
-0.006265
-0.124250
0.028131
-0.021528
0.154306
0.234823
-0.047930
-0.028814
0.007658
-0.054466
-0.053221
-0.017782
0.353553
-0.013929
0.058476
0.053884
-0.248733
0.063779
0.246565
-0.072400
-0.041218
0.161024
0.095155
0.033335
0.194665
-0.017268
-0.117316
-0.009655
-0.014348
0.075064
0.002855
-0.009764
0.131620
0.142911
0.025712
-0.237825
-0.179862
-0.046865
0.050108
0.221015
0.054690
0.032912
-0.012146
-0.201627
0.031937
0.310826
-0.069161
0.026131
-0.123094
0.032559
0.007340
0.043381
-0.153762
-0.020564
0.185259
-0.046561
-0.243239
0.208714
0.016532
-0.147688
0.048366
0.110519
-0.207406
-0.028837
-0.026673
0.008747
0.023186
-0.099292
0.039453
0.043640
-0.136250
-0.054644
-0.383253
-0.219748
-0.257989
-0.044213
-0.092863
-0.014656
0.107596
-0.152576
0.105954
0.091256
-0.013277
0.223956
-0.029423
-0.182467
-0.246073
-0.253149
0.038491
0.056017
0.050655
-0.033132
0.163118
0.006273
0.032424
-0.186490
-0.026592
-0.110858
-0.150619
-0.047927
0.108063
0.006882
0.087267
-0.094454
-0.162875
-0.017293
0.078134
-0.369643
0.074694
-0.060229
0.072197
0.038183
-0.136851
0.296020
0.023757
-0.014743
-0.172283
0.084413
-0.145334
-0.014034
0.132390
-0.144971
0.017598
-0.040046
0.256223
0.099589
-0.105289
-0.240694
0.012839
-0.094429
-0.187671
0.073214
0.012200
-0.219787
-0.239648
0.018131
-0.140042
0.101939
0.063705
0.108102
-0.116825
0.036512
0.068099
-0.173250
-0.016072
-0.066375
0.106568
-0.087443
0.085578
-0.020414
-0.311718
0.016524
-0.038589
0.145824
-0.054202
0.094778
0.080213
-0.170889
0.002766
0.010102
-0.167252
0.171410
-0.012531
0.004902
0.021148
0.023719
0.032185
-0.155359
-0.075942
-0.143193
0.051611
-0.061878
0.066826
0.027228
0.249276
-0.246001
-0.202512
0.066791
0.046468
-0.099175
0.046735
0.059226
0.095595
-0.047196
-0.043813
-0.134685
0.229844
0.009069
0.032901
-0.071773
-0.074731
0.096696
-0.165354
-0.165975
0.027616
0.025266
0.146834
0.207072
-0.054729
0.064486
0.031319
-0.028285
0.009550
0.055706
0.188058
0.221419
0.190234
-0.231319
0.055548
0.219860
-0.210593
-0.072202
-0.130710
-0.021816
0.178485
-0.111677
0.193695
0.056957
-0.056384
-0.119220
-0.193977
-0.008295
-0.154830
0.281629
-0.103719
0.047195
0.008299
0.303720
0.083218
-0.048530
-0.193467
-0.053117
-0.067154
0.168118
-0.102703
-0.113066
0.271586
-0.291052
0.192017
0.149083
-0.185901
-0.030807
-0.120613
0.091590
0.070507
-0.069421
0.100883
-0.052779
0.112027
-0.026603
-0.327589
0.120278
-0.194289
0.212060
-0.262941
-0.105029
-0.333481
-0.181320
-0.043441
-0.130387
0.040704
0.027890
-0.065437
0.180560
0.101614
0.118104
0.020863
0.007760
0.113193
-0.044840
0.049022
-0.109193
-0.044297
0.025325
-0.221088
-0.112217
0.045032
0.008234
0.000817
-0.083527
0.162032
-0.104086
-0.106237
0.066362
0.192250
0.028219
-0.246375
-0.130485
0.046736
-0.087441
0.109528
0.165259
-0.176724
0.072512
-0.147776
0.008201
-0.103113
0.105543
-0.060773
-0.063233
0.143823
-0.018140
-0.022564
0.098262
0.073101
-0.032595
-0.039622
-0.018598
-0.056174
-0.160534
0.156851
-0.092655
-0.319379
0.111948
-0.134855
0.057112
-0.028212
0.020904
-0.089878
-0.141635
0.189228
0.275332
0.140298
0.209842
0.233913
-0.077101
-0.218838
0.002885
0.034551
-0.028400
0.078878
0.038800
0.044631
-0.132867
0.297544
-0.157751
0.109885
0.003004
0.077148
-0.094939
0.030199
-0.045289
-0.026623
0.223221
-0.028637
0.085277
0.085513
0.025120
-0.185787
0.025726
0.299584
0.224626
-0.036485
0.151837
0.052291
0.103521
0.332348
0.056663
-0.039045
0.061163
0.216631
-0.247303
-0.144243
0.148134
0.045648
0.206740
0.146990
-0.068928
0.220235
0.253217
-0.094765
-0.166738
0.128434
0.145438
-0.313090
-0.165118
-0.054138
0.157544
0.038461
-0.025197
0.064468
-0.150233
-0.137726
-0.005839
0.010717
0.105334
0.062216
0.061985
0.113557
0.013653
-0.064709
-0.090952
-0.245245
-0.137991
-0.022688
0.001789
-0.070430
-0.055504
0.198176
0.033847
-0.027561
0.009758
-0.070872
0.044368
-0.034678
-0.076686
0.180237
0.059424
-0.037625
0.043990
0.042705
0.025458
-0.258329
-0.078100
0.013884
0.130381
-0.100297
-0.229703
-0.058234
-0.264325
0.007596
-0.035017
-0.127929
0.078713
-0.095948
0.044819
0.105100
-0.035313
0.148559
0.110496
0.323102
-0.065834
-0.038472
0.087108
-0.204630
0.273589
0.072336
-0.051747
0.141455
-0.051745
0.182862
0.121608
-0.292870
0.184114
-0.016648
-0.044669
0.048153
0.113196
-0.037444
-0.027441
0.295832
-0.233334
-0.040883
0.002813
0.040058
0.105078
0.117730
0.219526
0.093580
0.018111
0.059586
-0.127594
-0.162812
0.198241
0.107485
0.057045
-0.141379
0.014601
0.040278
0.129508
-0.063145
0.225382
0.168699
-0.069286
-0.041957
-0.136112
0.074705
0.008282
-0.024227
0.019407
0.155071
-0.290190
0.008999
-0.078718
0.146410
-0.134046
-0.199845
0.088418
0.053856
-0.106439
0.189768
-0.038682
-0.349498
-0.098303
0.262297
0.043144
-0.143636
-0.212718
0.123672
-0.148094
0.023615
0.153154
0.151638
0.021896
0.173719
-0.170562
-0.004984
-0.031816
0.036874
0.026882
-0.159722
-0.099860
0.002003
-0.203407
-0.014146
-0.163100
0.146294
-0.024077
-0.249777
0.092989
0.019121
0.106048
-0.323029
0.084444
0.088583
-0.021389
0.086630
-0.043720
-0.042530
-0.200106
-0.165652
0.203582
0.137257
0.007247
-0.219343
-0.049455
0.145867
0.175228
-0.114140
-0.155044
-0.129614
0.166655
-0.086363
-0.025367
-0.043981
-0.077411
-0.157406
-0.024205
-0.055842
-0.048211
-0.107940
0.067672
-0.016050
-0.123394
-0.085267
-0.057869
0.004413
-0.026959
0.024890
0.352569
-0.000537
0.277745
0.032779
-0.172096
0.068168
-0.090112
-0.132468
-0.076613
0.110554
-0.103531
-0.000181
0.108104
0.069346
0.255972
0.073885
-0.046164
-0.055582
-0.183898
0.076597
0.059779
-0.004920
0.091119
-0.069552
-0.059277
0.155834
-0.023533
0.329177
-0.139599
-0.064683
0.238289
0.050466
0.308223
-0.071217
-0.375737
-0.042384
0.000729
-0.104094
0.168424
0.000012
0.005704
-0.024859
0.143988
-0.290607
-0.234913
0.340814
-0.101721
0.051095
-0.083857
0.003440
-0.058918
-0.224428
-0.104168
-0.008838
0.164240
-0.072854
0.151905
0.159446
0.045890
-0.183752
0.177992
0.026781
-0.084603
0.052584
0.086907
-0.049433
0.101460
0.108392
-0.193216
-0.020913
0.185431
0.061699
-0.215342
-0.083352
0.306692
-0.127666
0.100053
0.106175
-0.132657
-0.178315
-0.048861
0.068197
-0.344764
-0.168683
-0.140457
-0.050473
-0.282634
0.129626
0.010782
0.016382
-0.061782
-0.089522
-0.042561
0.015812
0.099590
0.168683
0.107535
-0.298660
0.137390
-0.342105
0.023137
0.125595
0.063402
-0.035322
-0.172900
-0.062986
-0.164556
-0.180433
0.001542
-0.091662
0.002587
-0.103302
-0.147251
0.150596
-0.308766
0.054387
-0.210709
0.125564
0.102431
0.112504
0.106451
0.088473
-0.334462
0.040970
0.144221
0.223899
-0.135323
-0.064458
0.074535
-0.042346
-0.079575
-0.143142
0.139553
0.068540
-0.028881
-0.107508
-0.071987
0.069972
0.065380
0.053944
0.133833
-0.077228
0.154095
-0.170690
-0.177054
0.013446
-0.042278
0.056998
-0.164640
0.174247
0.058217
0.297040
-0.141478
0.015771
-0.026306
0.019088
0.060350
-0.238460
-0.160778
-0.134202
-0.073544
0.308821
-0.136719
-0.100883
0.007790
-0.020459
-0.180066
0.312996
0.050788
0.176870
0.151804
-0.034007
0.145615
0.076448
0.116370
0.285574
-0.254965
-0.089193
-0.137553
-0.144666
0.041370
-0.069132
-0.081653
0.067770
-0.195375
0.056522
0.119486
-0.116412
0.042026
0.022770
-0.248733
-0.082393
0.132145
-0.033082
-0.052818
-0.080133
0.035892
0.186848
-0.132932
0.183884
0.021856
-0.014028
-0.080012
-0.036973
0.003707
0.004234
-0.143435
-0.166241
0.041630
-0.168338
-0.245375
0.047380
0.100401
-0.015841
0.059452
-0.138288
0.086206
-0.108260
-0.003401
0.156878
0.086594
0.092778
-0.112249
0.163003
0.145477
0.119094
-0.024582
-0.032359
-0.098920
-0.106528
0.165751
-0.029927
0.085575
0.067013
0.064084
-0.178722
0.093507
-0.054408
-0.160662
-0.072496
0.202175
0.124393
-0.018962
-0.017798
-0.083121
-0.103004
0.225184
0.030638
0.115597
-0.041039
-0.251784
-0.173151
-0.121422
0.088218
0.313024
0.027485
0.031553
0.147276
0.001537
-0.329489
0.260613
-0.003717
-0.183834
-0.051987
0.058496
-0.072944
-0.142805
-0.054076
-0.017509
-0.128585
0.243399
-0.180062
0.216140
0.061852
-0.223681
-0.167435
-0.001111
0.081116
0.094579
-0.053623
-0.022581
0.222560
0.034264
0.029810
0.187125
0.156366
0.275842
0.012555
-0.037195
-0.054833
-0.024609
0.079523
0.007145
-0.170373
0.161738
0.094776
-0.076898
-0.047520
-0.030850
0.104083
0.187894
-0.115479
-0.067221
-0.087854
-0.150601
0.018266
0.326049
0.034868
0.046385
0.095211
-0.022788
0.189239
0.087379
0.164680
-0.188801
-0.093616
0.091306
0.014232
0.014117
-0.040550
-0.146591
-0.017214
-0.019280
-0.072557
0.135318
-0.283785
0.032597
0.091116
0.021793
-0.222584
0.046568
-0.108663
0.084545
0.018213
0.258548
0.390276
-0.224932
0.009519
0.019926
-0.252674
-0.048055
0.098712
0.052023
0.027689
-0.189728
-0.085374
-0.064587
-0.112945
-0.066406
0.070439
-0.030641
-0.033681
0.002941
-0.078829
-0.091655
-0.079927
-0.007071
0.023107
-0.057649
0.019740
-0.091918
-0.109600
-0.139944
-0.096112
-0.072967
0.026362
-0.071032
-0.146249
0.106054
-0.007070
-0.087659
-0.109508
-0.097389
-0.109148
0.039879
0.086566
-0.033619
-0.057050
0.008700
-0.266481
-0.193179
0.119348
0.082857
-0.156266
-0.146975
0.202551
0.083773
0.124526
-0.092012
-0.080448
0.152188
0.140790
0.035420
-0.478768
0.112541
-0.077668
0.076561
-0.003610
0.053692
-0.085094
-0.032536
-0.141715
0.098708
-0.158669
-0.117296
0.263878
-0.114582
0.097465
0.132859
-0.140686
0.082000
0.171960
0.070661
-0.073935
-0.002384
0.154738
0.075912
0.022808
-0.138137
0.028601
-0.109110
-0.011758
0.123860
0.193247
-0.072437
0.035674
0.078174
-0.002388
-0.337618
-0.024983
-0.063444
-0.165367
-0.030970
0.167187
0.082317
-0.004228
0.063033
0.167402
0.190497
-0.117904
-0.035641
0.147405
0.319017
0.101353
-0.164855
-0.158102
-0.047014
0.098921
0.004112
-0.212806
0.149102
-0.020468
-0.091580
0.050888
-0.026691
0.161469
0.102326
0.221866
0.073048
0.041396
-0.040073
-0.149424
0.024122
0.011925
-0.214239
-0.016347
0.084489
0.012320
0.004505
-0.303274
0.073007
0.100183
0.101962
0.041096
-0.218377
-0.055825
0.014403
-0.056806
0.019573
0.001493
0.050129
-0.105077
-0.148905
0.074637
-0.189075
-0.121068
0.108743
0.376695
0.092039
-0.112291
0.120144
-0.237646
-0.145652
0.200402
-0.096512
0.109014
-0.092619
-0.183516
0.094732
-0.060510
0.052442
0.149961
0.092431
0.043829
0.037921
-0.003664
-0.282267
0.000388
-0.098763
0.371986
-0.167195
0.133814
-0.032179
-0.087873
0.266504
0.140445
0.240161
-0.096000
-0.070473
-0.227112
-0.046830
0.020666
-0.047793
0.071099
-0.238576
0.020732
0.227835
-0.004999
0.160314
0.090610
-0.021897
-0.260546
-0.067039
-0.001638
0.203825
0.053167
-0.147132
0.115733
-0.039515
-0.105439
-0.037252
-0.113289
0.170519
-0.275734
0.066996
0.082992
-0.215628
-0.062172
0.042411
-0.024607
0.147451
-0.020813
-0.041562
0.152619
-0.147361
0.169629
0.196749
0.112304
0.153862
0.087047
-0.113291
-0.045906
-0.061573
0.088825
0.091636
0.156465
0.029040
-0.008125
0.195733
-0.168821
-0.091763
0.236174
-0.069055
-0.079213
-0.386146
0.009172
0.368932
-0.081291
0.121618
-0.203398
0.192187
0.132900
0.250271
-0.233881
-0.341111
-0.053206
0.218479
-0.119956
0.218815
0.039340
0.050159
0.001459
-0.039449
-0.322404
-0.049701
0.014621
-0.079524
0.106961
0.048020
0.101960
-0.134728
-0.424936
0.014634
-0.305300
-0.103133
0.040598
-0.167371
-0.035084
-0.051842
-0.020630
0.051280
0.027038
0.009072
-0.072595
-0.112442
-0.054450
-0.020598
-0.003801
-0.202275
-0.114508
-0.138678
-0.115854
0.160470
0.027326
-0.014377
0.035661
-0.129498
-0.017752
-0.313978
0.137390
0.140439
-0.017932
0.027659
0.152933
0.195381
0.097256
0.029413
0.030387
0.218097
0.262214
-0.046317
0.091821
0.367968
-0.029673
0.109733
-0.144103
-0.100675
0.120341
0.022784
-0.023919
0.110496
0.011455
0.044832
0.095434
0.018114
0.137813
-0.105020
-0.082737
-0.048306
0.222842
-0.009681
0.111230
0.217035
-0.018602
0.165389
-0.076360
0.045961
0.103304
-0.005825
-0.147069
-0.059716
-0.281796
-0.300856
0.065049
0.186610
0.027282
-0.209929
-0.116925
0.214509
0.047395
0.350289
0.278762
-0.145533
0.110160
0.128790
-0.069452
0.231673
-0.126492
-0.041928
-0.143912
0.028757
0.001428
-0.170321
-0.022114
-0.088682
-0.129986
0.160666
-0.104323
0.102256
-0.127707
-0.071623
0.080629
-0.053848
-0.033080
0.069080
0.222901
-0.154439
0.079875
-0.204810
-0.238407
0.037922
0.017093
0.137662
0.058888
0.204101
-0.127847
-0.107162
0.133899
0.017634
-0.031663
0.213380
0.127922
-0.176573
0.115074
0.027489
0.165826
0.009833
0.049782
-0.110744
0.046037
0.281489
0.000916
-0.078280
0.206825
-0.202498
0.025250
0.026765
0.064022
-0.049133
0.118744
-0.304617
0.028511
-0.242292
0.049119
-0.040427
0.196302
-0.098966
-0.084098
0.072059
0.199363
0.093620
0.040025
-0.122044
-0.029445
-0.052217
-0.159654
0.252236
-0.028566
-0.185401
0.148197
0.117702
0.036876
0.141051
-0.075893
0.011575
0.085670
-0.030204
0.018342
0.103833
-0.058426
-0.084166
-0.076170
-0.149164
-0.057227
0.127059
-0.161519
-0.211097
0.136246
-0.100744
0.035158
-0.091575
-0.007791
-0.029925
-0.127082
-0.155590
-0.174566
-0.084816
-0.134258
-0.117128
-0.106121
-0.090600
0.081262
-0.003122
0.120684
-0.000710
0.064262
0.019117
0.018140
0.058720
-0.001325
-0.047897
0.008914
-0.097224
0.085766
-0.060590
0.324586
0.100424
-0.026315
0.187703
0.158977
0.006131
-0.094534
0.092844
-0.012073
0.095863
0.116170
0.178213
0.023547
-0.004678
0.248386
0.026144
0.091576
-0.073698
0.018657
0.136643
-0.107811
0.013506
0.154023
-0.086982
-0.036285
-0.237186
-0.020118
0.052554
0.038160
-0.031419
-0.014570
-0.039441
-0.005875
0.008303
-0.013420
0.354320
0.166980
0.018258
-0.013348
0.139932
0.279853
-0.202122
-0.032199
0.421495
-0.160645
0.036800
-0.031127
-0.151395
-0.272169
-0.026728
0.041915
-0.123800
-0.097260
-0.009283
-0.083085
0.193441
-0.099634
-0.185336
0.026063
-0.037436
-0.126707
-0.196222
0.109793
-0.229332
0.141267
0.214917
-0.066653
-0.029953
0.185953
-0.084456
-0.148236
-0.224991
0.158267
0.028621
-0.014467
-0.044074
-0.012038
0.198062
0.116836
-0.039997
0.266919
0.092084
-0.242766
-0.269615
0.091669
-0.057098
-0.003771
-0.091945
-0.155858
0.096940
0.221957
-0.085594
-0.030854
0.011533
0.158721
-0.347642
-0.084243
-0.197828
0.167129
-0.020117
-0.089578
0.139245
-0.080440
0.292278
-0.170794
-0.129727
0.097387
-0.075670
-0.065248
-0.043406
0.087486
0.000888
-0.210667
-0.024356
-0.095412
-0.002873
-0.107208
0.054338
0.106139
-0.099824
0.100677
-0.071356
0.002008
0.168130
-0.141125
-0.005507
-0.062141
0.056798
-0.105398
-0.018025
0.065912
-0.009369
-0.061798
-0.043822
-0.020297
-0.050850
0.038267
0.075456
-0.125013
-0.087335
-0.039289
0.183220
-0.126155
0.014197
0.031199
0.232985
-0.062878
0.128761
-0.032532
0.063700
0.024663
0.211017
-0.049706
0.034404
-0.120208
-0.045751
0.175074
-0.021850
0.193903
-0.129891
0.026072
-0.020002
0.287789
-0.083484
0.054136
0.002517
-0.114545
-0.098893
-0.175657
-0.184519
-0.025334
0.022485
0.163251
-0.021246
-0.118845
0.107149
-0.082589
0.263782
-0.132851
-0.182086
0.025230
-0.222255
-0.122597
-0.172506
-0.109949
0.151180
-0.076804
-0.006152
-0.017672
0.078786
-0.079631
0.007263
-0.097277
0.230544
0.101090
0.044531
-0.068224
0.135553
-0.315199
-0.062262
-0.085480
-0.080630
-0.014512
-0.051821
0.196678
-0.074697
0.134034
0.005315
0.003351
0.103022
-0.148139
-0.153564
0.103590
-0.035488
0.177499
-0.089279
0.117355
0.029723
0.038866
0.100893
-0.088294
0.018230
0.046936
-0.116086
-0.100964
-0.041548
-0.136042
0.060076
-0.155089
0.068254
-0.044176
0.132860
0.081425
-0.223498
-0.197361
0.023054
0.050783
0.037461
0.091973
-0.209668
0.196331
0.062376
0.088090
0.102412
0.011239
0.183368
-0.222555
-0.090082
-0.299796
0.033374
-0.229830
0.152203
-0.271657
-0.062442
0.180657
0.029167
-0.070567
0.053606
-0.065690
-0.059148
-0.037703
0.016027
0.017303
-0.061005
0.219031
-0.221143
0.031802
0.010989
-0.128851
0.162183
-0.151113
0.017124
0.211931
-0.218558
0.047279
-0.102284
-0.011863
0.245108
-0.155363
0.012730
-0.102361
-0.145294
-0.193109
0.042777
0.162773
-0.010789
-0.093263
0.024582
-0.191680
-0.019086
0.163666
0.010849
0.049107
-0.204270
-0.012752
-0.040313
0.269614
0.232438
-0.159373
0.181081
0.254466
0.155154
-0.172804
0.083419
0.152324
-0.057653
-0.029324
0.196171
0.065400
0.128411
0.193224
0.116631
-0.137244
-0.237581
-0.037481
-0.087162
0.031756
0.184577
0.432213
0.041872
0.141545
0.173535
0.050212
-0.004076
-0.154481
-0.269842
0.016239
-0.119394
0.040683
-0.087923
0.116695
0.220294
0.045630
0.019137
-0.118490
0.164833
0.028700
0.081635
0.171394
-0.151836
0.095477
-0.005850
-0.028909
0.145444
0.162428
-0.168408
0.121855
-0.011599
-0.256176
-0.074291
-0.025517
0.008107
-0.123276
0.036435
-0.030051
0.279926
0.029819
0.054714
-0.017098
-0.070942
0.200865
0.070705
-0.301978
-0.103323
-0.079517
-0.110449
-0.130758
-0.008287
0.222019
0.307036
0.038561
0.033692
0.333766
-0.005342
-0.056988
-0.059645
-0.130336
-0.281998
0.008080
0.183205
-0.211583
0.083887
-0.190415
0.005056
-0.165271
-0.140450
0.114496
-0.127382
-0.254341
0.019838
-0.070536
0.070588
-0.167904
0.009961
0.229852
-0.029370
0.029753
-0.033061
0.152353
0.006735
0.070189
0.116936
-0.021216
-0.210593
0.004149
0.191128
0.006957
-0.087894
0.065659
0.093096
0.034153
-0.017915
0.055500
-0.234715
-0.092102
-0.112398
-0.110339
0.074943
0.007757
-0.156214
-0.103320
-0.062534
0.181477
0.129082
-0.032460
-0.099351
0.017591
0.020572
-0.056112
0.177615
0.171598
-0.100563
0.154203
0.035306
0.031653
0.344374
0.063031
-0.058944
0.076218
0.189521
0.043540
0.135787
0.103729
0.197136
0.152158
0.055949
0.052286
0.023619
0.033271
0.111976
-0.121909
0.099052
0.050870
0.159122
-0.166351
0.097751
0.160967
-0.397395
0.149436
0.205506
-0.084801
-0.085630
0.220118
-0.021753
-0.022765
0.300633
0.034330
-0.158513
-0.073283
0.239418
0.093297
0.050166
-0.145153
0.229589
-0.088802
0.073362
0.090228
0.046644
0.159317
0.070310
0.036653
0.157620
-0.067239
0.095241
-0.009261
0.180116
0.020335
0.137154
-0.117153
-0.099758
-0.010477
-0.068939
0.146305
-0.259524
-0.054242
0.089267
0.283178
-0.052922
0.253272
0.030522
-0.219486
0.056196
-0.057287
-0.036052
-0.084067
0.055729
-0.184572
-0.060850
-0.032929
-0.008995
0.142371
-0.124390
-0.020229
0.023958
-0.082634
-0.204756
0.135007
0.215267
0.263997
-0.013445
0.113755
-0.124283
-0.077250
-0.086045
0.086866
-0.108438
0.024507
-0.264354
-0.225584
0.014902
-0.007968
-0.153749
-0.084499
-0.149387
-0.096901
-0.287490
0.051494
-0.311951
-0.123921
0.186215
0.075326
0.014061
0.073699
-0.106264
-0.227536
0.030897
-0.106323
0.175675
-0.262329
0.007859
0.017247
-0.139242
-0.070595
-0.044658
-0.028935
-0.111936
-0.036303
0.116227
-0.060117
0.004345
-0.111539
-0.061924
0.152081
0.020163
0.127438
0.031121
-0.016711
-0.017280
0.015208
-0.086767
0.013259
-0.241315
-0.094462
0.050453
-0.025641
-0.069177
0.351169
-0.344621
0.107967
-0.003635
0.243682
0.105249
0.052033
-0.038593
-0.022787
-0.223044
-0.246111
-0.077100
0.165170
-0.246474
-0.047892
-0.010402
0.294889
0.018367
0.010963
-0.068179
-0.030894
-0.020713
-0.110459
-0.113536
0.138371
0.071537
-0.061612
0.181057
-0.009612
-0.033946
-0.303946
0.103396
-0.010067
0.010109
-0.024460
0.009533
-0.058874
0.056236
0.087299
0.046599
0.128622
-0.118761
-0.102170
-0.033172
0.074735
0.097318
0.208621
0.055759
-0.224164
0.095633
-0.197578
0.072444
-0.066398
-0.182047
0.031984
-0.109356
0.008905
-0.138217
-0.034352
-0.026936
0.079611
-0.129785
0.012373
-0.138059
0.038360
-0.081652
-0.173360
0.167865
0.147280
0.100808
-0.024019
0.004253
0.062066
0.174126
0.009696
0.165534
0.046621
0.202215
0.142902
-0.168529
-0.071648
-0.098370
-0.185085
-0.050537
0.100722
0.149592
-0.078351
0.028650
0.031666
0.267202
0.139163
0.162224
-0.028102
0.078635
-0.054480
-0.127515
-0.189068
0.073046
-0.149141
0.240514
-0.018792
0.092491
0.027104
0.080563
-0.124605
0.082869
0.040469
0.039170
0.121867
-0.158595
0.089248
-0.382046
-0.210941
0.105728
0.146579
0.021820
-0.105165
-0.274768
0.036940
0.006567
-0.342368
-0.060273
0.004956
-0.026965
-0.024299
-0.272920
-0.004858
0.139055
0.134506
-0.083041
-0.189044
-0.198033
-0.244429
-0.039214
0.029533
0.047171
-0.080295
-0.079019
-0.043567
-0.089117
-0.074079
-0.171115
-0.040723
-0.136732
0.076494
-0.320373
-0.111510
-0.068985
-0.294875
0.052086
0.078547
0.023593
0.012882
0.058276
-0.134515
-0.000564
0.009304
-0.013730
0.037122
0.172154
0.181329
0.329222
-0.095640
-0.027845
0.230813
0.258893
0.244206
0.288189
0.174084
0.137841
0.144121
-0.111890
0.113063
0.068841
-0.027421
-0.061377
0.034501
-0.056182
-0.068081
-0.263822
0.036908
0.073573
-0.108590
0.034114
0.043362
-0.014882
-0.114183
0.080220
-0.290968
0.192467
0.024153
-0.052826
0.239604
0.152177
0.052752
-0.004989
0.201655
0.017231
0.183024
0.047724
0.084734
0.030956
-0.001046
0.079300
0.059864
0.198017
-0.142187
-0.305665
0.005050
-0.016362
-0.305234
-0.097034
0.062713
-0.136220
0.076842
0.013955
-0.000079
-0.045615
0.096502
0.151180
0.140786
-0.108363
0.028540
0.103857
0.154564
-0.137889
-0.059736
-0.108932
-0.083178
0.090366
-0.170600
-0.319570
0.146187
0.075563
-0.081537
-0.049990
-0.027987
0.048930
-0.036178
0.090319
0.007511
-0.000027
-0.004783
0.060909
-0.211180
-0.165400
0.072076
-0.172230
-0.020403
-0.147461
0.182499
0.292678
0.058231
0.084714
0.008131
0.168465
0.039099
0.038166
-0.237378
-0.342333
-0.033528
-0.199506
0.141092
0.053155
0.039157
-0.139163
0.101909
-0.128726
0.045619
-0.131395
0.053051
0.094772
-0.128613
0.017966
0.120717
0.019415
0.141195
0.230403
-0.190064
0.048777
-0.125232
0.052407
0.032949
-0.151289
0.314340
-0.130141
0.218306
-0.032037
-0.037247
-0.012423
-0.080083
-0.125984
-0.015529
-0.137869
0.000905
0.059202
-0.075098
0.151355
-0.046276
-0.005161
-0.320212
0.059617
0.004681
0.088051
-0.027721
0.133550
0.227881
-0.041911
0.207908
0.117336
0.197132
-0.014636
0.068409
-0.102480
-0.162961
-0.238500
-0.037907
-0.125028
-0.002094
0.227203
-0.015168
0.171255
-0.155287
-0.088614
0.112464
-0.115446
0.071386
-0.014103
-0.032923
0.095687
-0.002935
0.088397
-0.019031
0.079746
-0.014998
-0.070154
-0.065881
0.009287
-0.003244
0.050839
0.083319
0.167002
-0.021971
0.107060
-0.206589
-0.419841
0.246834
-0.328687
-0.040651
0.125491
-0.031617
-0.153497
0.063914
-0.255963
0.013151
0.018339
-0.047677
0.077452
-0.056869
-0.079474
0.144652
-0.036269
0.173930
0.074156
-0.124400
-0.110346
-0.111564
0.021868
0.085609
-0.058383
-0.063093
0.028138
-0.223373
0.067303
0.336828
-0.088862
0.094611
-0.117042
0.003376
-0.014131
0.051511
-0.271588
-0.070000
-0.101367
0.046020
-0.223011
0.104370
0.050269
-0.145045
0.072384
0.160551
0.229512
0.340704
0.098246
0.158925
0.105847
-0.342586
-0.033291
0.106381
-0.103786
0.005335
0.026871
-0.103114
-0.096802
0.170827
-0.233163
0.198287
-0.196338
-0.030563
-0.203808
0.124032
-0.077711
0.007995
0.153826
0.075310
0.005452
0.251201
-0.032631
-0.209796
0.062548
-0.033376
-0.035474
0.017110
0.013542
-0.193901
-0.145414
0.149611
-0.046569
0.035780
-0.064127
-0.167138
-0.019363
0.065461
-0.150196
0.081401
0.198735
0.051876
0.093010
0.219498
-0.101440
0.076273
-0.037240
-0.025713
0.143482
-0.054975
-0.050490
0.041447
-0.003254
0.109322
-0.162781
-0.163323
0.151346
-0.050766
-0.138587
0.060617
0.153225
-0.018685
0.061556
0.099422
0.132070
0.110528
-0.047369
0.001232
-0.079735
-0.112633
-0.064694
-0.183418
-0.059563
-0.011885
0.006722
-0.021200
-0.228283
0.137084
-0.064726
-0.053389
0.079105
0.240315
0.026400
0.148152
0.032175
-0.132356
0.225674
-0.001949
0.094732
-0.037528
-0.148970
0.066570
0.322745
0.061446
0.126216
-0.023088
-0.011355
0.233153
-0.246483
-0.023933
-0.003392
-0.084155
-0.087963
-0.039722
0.070146
-0.028913
-0.239977
-0.069030
0.079927
0.147924
0.078743
0.185951
0.008228
0.010353
-0.245139
-0.033234
-0.005084
0.079371
0.124417
-0.104876
-0.219010
-0.018651
0.027145
-0.145680
0.021702
0.071242
-0.317225
0.123978
-0.092966
-0.143601
0.039157
-0.002854
0.020492
0.212868
-0.219837
0.057421
-0.005298
0.060270
0.139853
0.085934
0.173478
-0.004738
-0.145970
0.093887
0.264860
0.223711
0.343092
0.215139
0.035593
0.172683
0.220179
0.043147
-0.091216
-0.016844
-0.200493
-0.038052
0.010452
-0.118497
0.000919
0.175397
-0.074893
-0.117331
0.026291
-0.084397
-0.397562
0.039976
0.088561
0.100948
0.017460
-0.042706
0.246216
-0.018348
0.163084
-0.152935
-0.028971
-0.083181
0.215696
-0.093056
-0.307130
0.058567
0.008821
0.044695
-0.166851
-0.118384
-0.036714
0.033527
-0.060160
0.068636
0.235052
-0.146212
-0.118416
0.095090
0.141001
-0.158706
-0.030483
0.029382
-0.114054
-0.120521
0.103944
-0.084993
-0.003973
0.070800
0.067772
-0.105264
0.276211
-0.033862
-0.106019
-0.127030
0.004431
0.011013
-0.104903
0.227878
-0.071326
0.186599
-0.018564
-0.047379
0.063155
0.081990
0.125727
-0.004015
-0.097622
-0.207438
0.053305
-0.181337
-0.031894
-0.110499
-0.101139
0.063848
-0.030297
0.108704
0.008066
-0.070917
0.101155
-0.237935
0.003801
0.092919
-0.193161
-0.027381
-0.121195
-0.175657
-0.168935
-0.048738
-0.040640
0.079859
0.015985
-0.019967
-0.059341
0.125959
-0.026627
-0.070301
0.101503
-0.062326
0.040872
0.173232
0.286583
0.187567
-0.158720
-0.033220
0.068669
0.117853
-0.016333
0.085769
0.176406
0.124477
-0.186121
-0.387919
0.061623
0.240622
-0.294423
-0.103747
0.006537
-0.018945
-0.095249
0.141872
0.174942
-0.211054
0.085768
0.010598
-0.167465
-0.143972
-0.000233
0.101653
-0.043115
-0.208706
-0.085795
0.159390
-0.065604
0.020522
-0.265276
-0.046902
0.158297
-0.039405
0.158340
0.004804
0.227156
0.068684
-0.015291
0.037240
-0.040779
-0.279616
-0.206758
-0.167236
-0.381526
-0.060942
0.249754
-0.017333
0.174000
0.094829
0.050374
-0.206636
-0.009335
-0.194198
0.098139
0.016470
-0.084965
0.071741
-0.030968
-0.033170
0.021275
0.367351
-0.127170
0.095021
0.024155
0.054724
-0.105036
0.084515
-0.067976
-0.162573
0.119999
0.297921
-0.016547
0.087995
0.086023
0.354956
0.064210
-0.136615
0.056885
0.100277
0.086743
-0.076724
0.064926
0.031144
-0.344302
0.089489
-0.017400
-0.113523
-0.118644
0.007448
0.030960
0.142553
-0.096880
-0.001282
-0.125307
-0.131783
0.006594
0.118020
0.216179
0.054069
0.179662
0.304016
0.000850
0.178567
-0.175426
0.078947
0.021055
-0.006815
-0.129287
-0.250355
0.046035
-0.018242
-0.135291
0.068614
0.120033
-0.082413
0.101331
0.377686
-0.037278
-0.047603
0.129876
0.093172
0.013540
0.002893
0.086495
0.085766
0.030370
0.006183
0.088855
0.083822
0.251061
-0.207462
-0.068568
0.084495
-0.130076
-0.218523
0.145851
0.059034
-0.245406
-0.124829
-0.032430
0.177295
-0.076229
-0.179567
-0.076092
-0.002126
-0.014471
0.031586
0.325920
-0.168239
-0.051786
0.000922
0.122465
0.173064
-0.070781
0.193086
-0.182775
0.022230
0.071632
0.107962
-0.034226
0.162891
0.053156
0.282628
0.157683
0.086359
0.046422
0.024463
0.059192
0.021928
0.033600
0.050191
-0.012999
0.006183
-0.153763
0.047494
0.091428
-0.041058
-0.133399
-0.020986
-0.165816
0.181785
0.103476
0.033292
-0.292554
-0.270475
0.091544
-0.040189
0.037184
0.041668
0.082249
0.167537
0.136650
0.032907
-0.011983
0.175765
0.242927
-0.041105
0.205173
0.155666
0.040167
0.053443
0.082444
0.089615
0.045987
0.031705
0.109980
-0.033377
-0.171522
0.092344
-0.070254
-0.050024
0.186423
-0.093919
-0.197188
-0.028549
-0.093275
-0.053629
0.111245
-0.166789
0.084129
-0.060194
-0.069394
-0.043861
-0.133299
0.000606
-0.134891
0.293496
-0.091423
-0.074220
-0.064959
0.055697
0.040175
0.072929
-0.117751
-0.124764
0.056665
-0.012389
-0.308090
0.022617
0.171162
-0.092721
0.303548
0.204765
0.155797
0.266640
0.019921
0.012632
-0.149000
-0.118165
0.001424
-0.000816
-0.154215
0.093420
0.129580
0.134858
-0.017807
0.026101
-0.037286
0.239198
-0.007789
-0.152125
0.027019
-0.066561
-0.046090
0.017391
0.012878
0.028574
-0.065966
0.239496
0.117874
0.101321
0.004911
-0.154347
-0.143865
0.257658
0.056224
-0.016208
0.082029
0.042193
0.101553
0.175086
-0.099112
-0.070710
-0.003571
0.148925
0.046864
-0.365602
-0.062097
-0.120904
0.092544
0.024408
0.071791
0.178815
0.111321
-0.126416
0.248368
0.130349
-0.005337
0.062561
0.009337
0.143204
0.044434
0.169348
0.176370
-0.125506
-0.121074
0.122899
-0.180224
0.092673
0.043456
-0.183330
-0.242935
0.054056
0.138946
-0.139745
0.018406
0.164846
0.102922
-0.155641
-0.096463
0.139757
0.109098
-0.019179
0.085752
0.235583
-0.048343
-0.053744
0.215820
0.237011
-0.086075
0.032550
0.131994
-0.209000
0.168019
-0.022713
-0.070757
-0.139024
-0.070306
-0.022275
0.034747
0.062413
-0.021894
-0.179685
0.163794
0.140524
0.073414
-0.043885
0.032559
0.197832
0.114034
0.233518
-0.041965
0.108366
0.200416
-0.084939
-0.213970
0.011667
0.032614
0.036651
-0.012213
-0.008925
-0.120853
0.156638
-0.060391
-0.138182
0.155169
-0.279166
0.015182
-0.174137
-0.319786
-0.132815
-0.087732
-0.023835
-0.003439
-0.090414
-0.130505
0.031570
0.124611
-0.087901
0.111489
-0.013268
0.006354
0.079157
-0.011872
-0.257841
-0.104496
-0.103839
-0.187706
0.158343
-0.131314
0.104794
0.059361
0.063837
0.096573
-0.137928
-0.085531
-0.179045
0.183624
0.046451
-0.087849
0.015777
-0.035024
-0.131237
0.043528
0.164221
-0.321871
-0.171285
0.157459
0.085167
-0.021005
0.011325
-0.079414
0.049199
-0.031409
-0.133481
0.058342
0.059091
0.149964
-0.221188
0.061067
-0.034202
0.118730
0.126095
-0.138680
0.150384
0.066041
0.206778
0.143117
0.117218
0.218252
0.270179
0.237286
-0.107590
0.021309
0.147654
0.081589
0.103217
0.118779
0.122177
0.194451
0.136239
0.125537
0.034865
-0.057905
0.274911
-0.031460
0.002226
0.124266
-0.142945
0.258750
-0.052164
0.015606
0.136190
0.026674
-0.133278
0.198144
-0.088030
0.056215
0.189605
0.238768
-0.138380
0.021916
0.075888
-0.091925
0.125731
-0.061016
-0.098354
0.148696
0.132098
-0.124951
0.154717
-0.063389
0.033417
-0.005665
0.018373
-0.087727
0.084977
0.170485
0.175828
-0.135392
-0.195553
-0.141968
-0.012623
-0.234169
0.023252
-0.024625
0.133715
-0.174057
-0.043803
-0.042769
0.422348
0.301220
0.144809
-0.011756
-0.311891
-0.031728
0.012050
0.207077
-0.236914
-0.288872
-0.028737
0.000331
-0.117160
-0.118052
-0.096151
-0.064252
0.173230
-0.209842
-0.119607
-0.201946
0.089117
0.166851
-0.006604
0.000508
0.200836
0.075293
0.197174
-0.013217
0.057108
-0.065323
0.325113
-0.094031
0.102344
-0.209606
-0.200952
-0.095581
-0.032766
-0.097770
0.042770
0.105068
-0.048060
0.067526
0.061669
-0.053650
0.057392
-0.080829
0.122375
-0.149032
0.033563
0.095181
0.112794
-0.089636
0.190705
-0.047378
0.024936
-0.179510
0.171709
-0.181247
0.034698
-0.083763
0.077139
-0.043605
-0.105064
0.144878
0.186794
0.106835
-0.113367
-0.062504
-0.033388
0.002579
0.150725
0.070706
0.052060
0.007540
0.109048
-0.083724
0.180776
0.059184
-0.150696
0.069942
-0.174418
-0.035367
0.202943
0.112215
0.008540
0.004314
-0.046437
0.060210
-0.025087
0.138941
-0.017811
-0.241019
-0.121548
-0.000396
-0.082649
-0.022723
0.190719
-0.142479
0.054541
-0.156369
0.036657
-0.105767
-0.008581
-0.244586
-0.170081
-0.071866
0.033851
-0.098153
-0.012444
-0.050226
-0.156290
-0.080992
0.049831
0.103945
0.110477
0.077486
-0.031259
0.014232
0.034644
-0.124981
-0.065806
0.086236
0.056712
-0.036590
0.098626
-0.034637
-0.182859
-0.053137
0.022354
0.104778
0.065706
0.008785
0.001644
-0.191621
-0.147051
0.060489
0.207167
0.144539
-0.056619
0.010144
-0.044393
0.015535
-0.039314
-0.175550
0.082108
0.165454
-0.099233
-0.116420
-0.023064
0.140719
0.021707
0.327010
0.083733
-0.089483
-0.144090
-0.144636
0.066654
-0.179090
0.069850
0.049525
0.051133
-0.175587
-0.089857
-0.120350
0.268090
-0.286846
-0.175682
-0.136474
-0.095242
0.001345
-0.222416
-0.042276
-0.085514
0.047427
-0.075431
0.111478
-0.135394
0.089132
0.057123
0.094666
-0.043632
0.354204
0.001288
0.091604
0.222011
0.028706
0.105970
-0.031195
-0.052433
-0.098703
0.011244
-0.218176
-0.185636
-0.024635
0.229638
0.258117
0.265538
-0.068744
-0.118260
-0.355341
0.072208
0.023277
-0.167563
-0.003687
0.033100
-0.043906
-0.057749
-0.352048
-0.018992
-0.110993
0.107898
-0.024403
0.008566
-0.002636
0.071408
0.128389
0.142120
-0.094788
0.069979
0.056739
-0.042988
0.061228
0.065025
-0.013205
0.162232
-0.003340
0.002686
-0.043680
0.020249
-0.101394
0.041223
-0.003091
0.070470
-0.070847
-0.054742
-0.090078
-0.088068
0.050740
0.086396
0.178832
0.154099
0.169572
-0.115460
-0.121991
-0.139259
-0.037154
-0.110713
-0.002900
0.003264
-0.119984
-0.224108
0.120888
-0.030849
0.091849
0.423443
-0.191532
0.160025
0.172839
-0.038299
0.074511
-0.169359
-0.164894
0.022870
0.021967
0.116942
0.205460
0.093564
-0.302713
0.140791
-0.161725
0.004685
0.040162
-0.032427
-0.019094
0.168183
-0.024414
-0.250565
-0.091905
0.110020
-0.199823
-0.058187
-0.199140
0.030205
-0.118989
0.159403
0.220906
0.079436
-0.040209
0.348078
0.065651
-0.141983
-0.002890
0.208155
0.132159
0.100912
0.098189
-0.143452
-0.002142
-0.049756
-0.256651
-0.052659
-0.023569
0.118542
-0.227331
0.134769
-0.001348
-0.075108
0.096968
-0.220581
0.015809
0.031566
-0.045589
-0.019007
0.046640
-0.112687
-0.028752
-0.059341
-0.032424
0.033853
-0.148021
-0.045871
0.013011
-0.025992
-0.135211
0.237273
0.114926
-0.044193
-0.087869
0.001961
-0.005053
-0.113123
0.226846
0.063639
0.003146
-0.050614
-0.162438
0.056918
0.211191
-0.119106
-0.194643
-0.181561
0.253489
0.040959
-0.026208
-0.048479
-0.209361
-0.201848
-0.111995
0.057551
0.254443
0.144542
-0.021469
-0.124761
0.002841
0.254106
-0.077509
0.082620
-0.085294
0.098065
-0.019744
-0.000887
-0.269483
0.051262
0.031020
0.025487
-0.076820
0.075873
-0.088310
0.132996
-0.016141
0.008254
-0.136786
0.246927
0.060480
-0.085158
-0.189521
-0.125103
0.027226
-0.000816
-0.080971
-0.025672
0.229884
-0.117322
0.094746
-0.131218
-0.078341
0.115017
-0.059967
0.133447
0.131541
-0.059753
0.032440
0.130839
0.082221
0.083313
0.026877
0.070027
-0.210361
-0.365779
-0.035575
-0.211357
0.044691
0.132587
0.072526
0.066543
0.119627
-0.251199
-0.073473
-0.291607
-0.039020
0.031020
0.005425
0.111285
-0.089453
0.122009
0.151481
-0.034443
-0.021687
0.073626
-0.409966
0.131361
-0.154886
-0.210019
0.080786
-0.044526
0.007016
0.249561
0.052977
0.143029
-0.009744
0.058840
-0.019126
0.011912
0.016334
0.089807
0.023743
-0.078677
-0.010341
0.018593
0.077619
0.166271
0.229519
-0.053060
0.211330
0.082646
0.056314
0.038284
0.007574
0.326342
0.046994
-0.072195
0.079089
-0.078100
0.060119
0.067016
0.085048
-0.056191
-0.111286
0.219155
0.078669
-0.102985
0.041502
-0.045026
-0.011333
0.015784
-0.194277
0.430213
0.022898
0.038641
-0.046357
0.058611
-0.110862
-0.126063
0.154792
0.221069
-0.211711
0.057677
-0.105176
-0.019588
0.021958
-0.180986
0.062767
0.169880
0.145046
-0.186674
-0.248661
0.101504
0.005499
0.004976
-0.199155
-0.037173
-0.067032
-0.071564
0.220387
0.086131
-0.139710
0.001224
-0.090243
-0.175930
-0.087455
0.304036
-0.200559
0.010157
0.066607
-0.003663
0.411182
0.008157
0.007362
-0.136732
0.199619
-0.236473
-0.111012
-0.227071
-0.020896
0.106068
0.130578
-0.059426
-0.164676
0.038129
-0.070258
-0.002901
-0.022266
-0.064040
-0.251774
0.184840
-0.041182
-0.204292
0.133315
0.089354
0.031794
-0.192635
-0.015497
-0.023088
0.002106
-0.029178
-0.052765
0.154135
0.151550
-0.148677
0.052311
-0.102980
0.046617
0.068110
-0.039927
-0.069354
-0.246319
0.114526
-0.043805
-0.162336
-0.027720
0.177163
-0.099870
-0.136166
-0.005563
-0.147801
-0.126632
-0.176734
0.062431
0.250666
-0.029242
0.089019
0.068414
-0.054595
0.226376
0.036920
-0.077126
0.084737
0.019207
-0.111544
-0.009360
-0.030998
-0.070115
0.081984
-0.031851
-0.036862
-0.116338
0.083901
0.113838
-0.046133
-0.037712
0.120039
-0.047599
-0.076664
0.124538
0.081838
-0.000891
-0.178043
-0.218827
0.224467
-0.184091
0.258367
0.158266
0.133994
0.080454
-0.190879
0.034218
0.074184
0.072394
-0.079197
0.233249
0.105427
0.215304
-0.064875
0.027216
0.025379
0.058505
-0.255128
-0.082475
0.015689
0.159229
-0.038073
0.055758
-0.036402
0.130562
-0.013640
-0.022822
-0.323269
-0.050680
0.059824
-0.089423
-0.093708
0.065958
-0.139525
-0.029750
0.081093
-0.072351
-0.015771
-0.176502
0.168666
-0.166617
-0.084882
-0.018444
0.059556
0.048678
-0.074313
0.081776
0.179100
0.011775
-0.007024
0.137120
0.051226
-0.130572
0.219320
0.253817
-0.040342
0.202299
0.026433
-0.131844
0.066615
0.079426
-0.119405
0.053465
-0.049525
0.066853
-0.352618
0.196769
0.209055
-0.345656
0.117440
0.048310
-0.123471
-0.038466
-0.002977
-0.000258
0.418103
-0.111739
-0.108558
0.087092
0.152314
0.124633
-0.068093
0.079916
-0.130238
0.208436
-0.310115
0.036891
0.010352
0.335662
-0.012774
-0.019535
-0.093553
-0.064881
0.081658
0.205136
0.036765
0.030987
-0.139121
0.243856
0.182716
0.235965
-0.029791
0.202030
0.063091
-0.005003
0.071016
0.254927
-0.139786
-0.115002
-0.026776
0.211421
-0.263223
-0.045429
0.044079
0.061812
-0.053749
0.062329
-0.196063
-0.068407
0.087844
-0.041043
-0.013865
-0.060628
-0.025762
-0.142964
0.094837
0.100614
-0.038258
0.083144
0.072343
0.095445
-0.272922
0.195777
0.032450
-0.217110
0.126669
0.089612
0.140303
-0.337325
0.063445
0.184359
0.065961
0.086826
0.057129
-0.082146
0.029398
0.105126
0.170816
-0.062364
0.024754
0.207304
0.213369
-0.055493
-0.058323
0.046479
0.028101
-0.028650
0.072730
-0.003913
-0.189739
-0.301644
-0.206537
-0.026918
0.002647
-0.088861
0.035231
-0.181128
0.003062
-0.131933
0.081206
0.014811
0.022967
0.266098
0.015625
0.069365
0.148205
-0.153241
-0.139622
0.168040
-0.243202
0.026557
0.111181
0.175474
-0.150996
0.248976
0.022179
-0.186531
0.145499
-0.064738
0.038895
0.141772
0.094394
-0.077667
-0.044999
-0.065808
0.010919
-0.187370
0.117959
-0.067465
-0.169516
0.029765
0.271207
0.023231
-0.011838
0.078350
0.018817
-0.227746
-0.125288
0.077991
0.057046
-0.145118
0.025864
0.045972
0.135255
0.081702
0.273924
0.229198
-0.199500
0.102419
0.180795
0.121108
-0.064420
-0.285080
-0.089682
0.038535
0.029248
0.008596
0.210338
-0.139104
-0.029076
-0.194754
0.096572
-0.100036
0.035331
0.008022
0.052020
0.059318
-0.025056
0.060780
0.177038
-0.036821
0.141689
0.166665
0.232734
0.301598
0.215246
-0.138652
0.098729
-0.133562
-0.171814
-0.034892
0.226109
0.237995
-0.090706
0.022386
0.095107
-0.190752
-0.188609
-0.103049
-0.054091
-0.061816
-0.013251
0.208835
0.219082
-0.026063
-0.046299
0.124077
-0.031507
-0.074864
-0.034531
-0.119897
0.209026
0.196141
0.037476
-0.053837
0.021230
0.065496
0.019802
-0.082122
0.202456
0.081811
-0.145950
0.184330
0.023545
-0.095403
-0.179965
0.034918
0.141107
0.041261
0.203943
-0.044003
-0.015923
-0.152604
0.089267
-0.114649
-0.019274
0.116322
0.045157
0.035760
-0.249262
-0.093662
0.029237
-0.192365
0.033967
-0.266615
0.019605
0.054779
0.109253
0.136798
0.341384
0.066036
-0.056174
-0.172998
0.035595
0.103710
-0.048355
0.108151
-0.116911
-0.028974
0.026670
-0.136719
-0.156481
-0.105280
-0.000742
-0.112821
0.021469
0.234894
-0.243240
-0.336345
-0.040645
-0.278628
0.052733
-0.072047
0.163996
0.180193
-0.018056
0.028284
0.014515
0.065396
-0.188422
-0.086078
-0.022746
-0.005552
-0.114622
0.005369
-0.001677
0.130253
-0.070274
0.085341
0.222499
-0.006301
0.232592
-0.175292
-0.048097
-0.108491
-0.083643
0.092427
-0.380675
0.008826
-0.025758
-0.113408
-0.079677
0.135765
-0.062704
-0.033836
0.055012
0.145539
-0.076037
-0.173476
0.141451
0.156198
-0.141476
0.095171
-0.226536
-0.101330
0.203795
-0.036210
-0.040016
-0.012741
0.152723
0.017465
-0.165919
0.002432
0.267098
-0.152515
-0.020425
-0.042283
0.099075
-0.148517
-0.312927
-0.128954
0.003681
-0.087333
-0.116222
-0.248678
0.167348
0.013372
0.052922
-0.261282
-0.103479
-0.180168
-0.226833
-0.190794
0.002353
-0.093017
-0.151479
0.047809
0.081558
-0.149471
-0.207532
0.132468
0.145930
-0.029189
-0.093967
0.023004
0.029837
0.318358
0.133013
-0.064953
0.087513
-0.057116
0.149642
0.129349
0.024587
0.167104
0.065343
0.060599
-0.042118
0.009687
0.177960
0.068669
0.009262
-0.042236
0.074592
-0.093987
0.008123
-0.084228
-0.079417
-0.084174
0.125442
-0.179326
0.007727
-0.017121
0.047692
-0.131514
0.105864
-0.051116
0.000786
0.039857
0.062765
0.166141
-0.097676
-0.049641
-0.005489
0.022452
0.020994
-0.268553
-0.105665
-0.054276
-0.144387
-0.013857
0.163853
-0.076034
0.188365
0.024642
-0.029195
-0.191204
-0.031971
0.166330
-0.140144
-0.073582
-0.018067
-0.113442
0.136302
0.025254
-0.051327
0.155055
-0.047982
0.158881
0.353922
0.251563
0.001745
-0.070142
-0.108298
-0.081561
-0.096712
-0.148275
-0.180913
-0.017883
0.132717
-0.149323
0.066665
0.094797
-0.318474
-0.207519
0.224727
-0.070878
0.110183
0.077888
0.138545
-0.044374
-0.027150
0.156924
-0.057993
-0.014583
-0.014496
0.114950
-0.078578
0.149552
-0.019211
-0.190056
0.126545
0.059841
-0.345409
0.095010
0.314575
-0.063187
0.061322
-0.159555
0.018650
0.100707
-0.091387
-0.093008
-0.033675
-0.162800
0.075353
0.001246
0.124544
-0.133255
0.118899
0.011299
0.065652
0.142772
0.087671
0.017897
-0.234118
0.097388
0.139642
-0.017536
0.016043
-0.231553
0.308744
0.150938
0.136026
-0.179970
-0.020697
0.080038
0.268442
-0.111779
0.257283
0.182664
-0.376735
-0.164020
-0.020692
0.066405
0.046571
-0.137952
-0.254047
0.044539
0.251846
-0.149178
0.002082
-0.031553
-0.034271
0.076938
0.128160
-0.030342
-0.188620
-0.083206
-0.023467
-0.148897
0.066075
-0.191097
0.100254
0.016236
-0.069912
-0.069531
0.156856
-0.008038
-0.158027
-0.007086
-0.055518
-0.062237
-0.112491
0.069868
0.129447
0.106813
0.194471
0.106441
0.003035
-0.007375
0.140932
0.215943
-0.062181
-0.014517
0.029567
0.036117
0.245919
-0.059255
0.079517
0.069544
-0.012648
-0.229511
0.038718
-0.077567
-0.052932
0.228716
0.021619
-0.022008
0.103196
-0.105059
0.111088
0.212579
-0.046505
0.060888
-0.125432
0.060442
-0.148006
-0.042242
-0.040264
-0.055872
0.070573
-0.166375
-0.304051
-0.029688
-0.052095
-0.200958
0.000805
0.016698
-0.098605
0.078579
-0.238501
-0.066386
0.105489
-0.078813
-0.187933
0.158692
-0.022794
0.154031
0.078610
0.136422
-0.016042
-0.221768
-0.191949
-0.020615
0.066773
0.030470
0.210418
0.149389
-0.084225
0.035341
0.072325
-0.094085
0.150744
0.211414
-0.067286
-0.271385
0.006197
-0.113926
0.135058
0.041554
0.257527
0.174513
-0.124111
0.153607
0.267009
0.186245
0.123241
-0.161625
0.024505
-0.061155
-0.206461
0.193008
-0.061143
-0.222938
0.095854
-0.001469
-0.041826
0.210175
-0.034756
-0.310891
0.320017
-0.070089
0.096942
-0.163830
-0.048296
0.112677
0.038131
0.155943
-0.258312
-0.059613
-0.007672
-0.291763
0.009699
0.078533
0.345558
0.037949
-0.070967
0.001830
0.058455
-0.023173
0.110927
0.113322
-0.103089
0.025247
0.012764
0.193169
0.098509
0.038882
-0.363032
0.004391
0.003363
0.080723
-0.002171
0.001189
-0.219829
0.097096
-0.039734
0.242431
-0.073894
-0.098579
0.005435
0.097131
-0.077660
-0.041537
0.046848
0.305274
0.199619
-0.184474
-0.003972
-0.013174
-0.007400
-0.078300
-0.098735
-0.048345
0.141716
0.122400
0.115345
-0.050690
0.092007
-0.038293
-0.297528
-0.011091
-0.154013
0.045579
-0.198685
0.112198
0.097637
0.102008
-0.099764
-0.082942
0.027048
-0.057604
-0.145551
0.026776
-0.084786
-0.066132
0.088268
0.177917
-0.014778
-0.170726
-0.021980
-0.176833
-0.053285
-0.163346
0.111329
0.145005
-0.185219
0.056341
-0.137309
-0.012783
-0.019072
-0.038416
0.084250
-0.121874
-0.165283
0.169474
0.147078
0.099896
0.118605
-0.067899
0.011463
0.064925
0.065162
0.042500
0.041218
-0.039137
0.097860
0.057663
-0.035337
-0.133958
-0.125001
-0.041516
0.186439
0.179023
0.025912
-0.177119
-0.346701
0.159944
0.051080
0.070118
-0.349047
-0.011462
-0.010501
0.023950
0.209889
-0.084903
-0.228425
0.037896
0.113059
0.065523
-0.013517
0.021296
-0.180071
-0.092798
-0.045834
-0.158800
-0.004161
-0.091135
0.152244
0.079208
0.019561
-0.011745
-0.101546
-0.127121
0.123038
0.153395
-0.034223
-0.124308
0.281581
-0.216735
-0.080774
0.241354
-0.271739
0.106931
0.074600
-0.138929
0.066805
0.155244
-0.103801
0.077563
-0.233742
-0.032549
0.183446
-0.098027
0.039338
-0.084586
-0.091260
0.069194
-0.059849
0.004402
-0.095854
-0.131458
0.136396
-0.160443
0.193452
-0.167415
0.129515
0.006607
-0.145604
-0.192871
-0.041169
-0.203811
0.239144
0.229478
0.173008
-0.003059
0.034823
0.048801
0.048377
-0.044377
0.074384
-0.198639
-0.031532
-0.190080
0.053400
0.203490
-0.129442
0.021623
0.029959
-0.074008
0.206828
0.072575
-0.038895
0.131773
-0.013904
-0.103165
0.139325
-0.152030
0.036217
0.031560
0.141053
-0.058138
0.026450
0.195016
0.276529
-0.035796
0.042506
-0.303340
0.029089
0.249401
-0.002897
-0.114134
-0.079221
-0.166755
-0.177505
0.212538
0.041728
0.166491
-0.111417
-0.320483
0.163606
0.013842
-0.234187
-0.008573
-0.025775
0.061210
-0.075439
-0.093735
-0.212871
0.097689
0.120074
-0.087009
-0.018362
-0.203873
-0.008255
0.048577
0.073278
-0.038346
-0.138550
-0.244404
-0.093999
-0.311827
0.085090
-0.020131
0.058749
-0.171618
0.207565
-0.015892
-0.241868
-0.036077
0.023060
0.069520
0.024362
-0.121787
-0.023841
-0.242385
0.001842
0.074088
0.204506
0.050582
0.022527
-0.146776
-0.015501
-0.020325
0.002960
-0.027229
0.032000
-0.033566
0.111100
0.064864
0.006585
0.074268
0.026719
0.102301
0.139063
0.087370
-0.171598
0.139569
-0.187425
-0.193018
0.076467
-0.070181
0.055216
-0.036674
-0.109059
0.178152
-0.081615
-0.114571
-0.003048
-0.143934
-0.032560
0.266220
0.009015
-0.169674
0.128006
-0.168001
-0.120726
0.154582
0.038091
0.078961
0.124564
-0.066874
0.095849
-0.075953
0.098774
-0.068664
0.012868
0.193862
0.044553
0.018624
-0.022470
0.006360
0.225210
0.107966
-0.035442
-0.236800
0.073822
0.048885
0.170291
0.262320
-0.001138
0.304602
0.046823
0.172536
0.165766
-0.020290
0.063104
-0.090039
0.010365
0.031006
-0.098003
-0.115620
0.118136
-0.134630
0.282458
-0.046314
0.086587
0.316060
-0.083288
0.013993
-0.065631
0.040140
0.284270
0.077176
0.240532
0.085958
-0.013808
0.075677
0.135720
0.022460
0.009785
-0.120242
0.157507
0.069424
-0.201095
-0.032017
-0.160292
0.036845
-0.103639
-0.122942
-0.011562
-0.026210
0.105620
0.009969
-0.013980
0.256919
-0.051852
0.101881
-0.142694
0.019417
0.216873
0.231895
-0.169594
-0.096373
-0.022666
0.063684
-0.048490
-0.036452
0.116872
0.052473
0.156765
0.147821
0.053041
-0.044501
-0.063859
0.290673
-0.054759
0.135120
-0.065197
0.093612
0.157864
-0.061554
0.044056
-0.138283
0.020195
-0.017348
0.280449
0.166501
-0.074807
0.066401
-0.201185
0.084441
-0.038066
-0.049105
-0.046497
-0.132308
-0.065214
-0.021452
-0.009160
0.041049
0.116187
0.016281
0.160846
0.248962
-0.100530
-0.013174
0.115498
0.045446
-0.174441
-0.138960
0.045408
0.012464
-0.039561
0.098169
0.104374
-0.001772
0.004392
0.139460
0.100899
-0.325829
-0.094309
-0.200736
-0.110199
-0.229243
0.065927
-0.076586
-0.019167
-0.107877
-0.156675
0.080689
0.137206
-0.014506
0.242504
-0.265228
0.063743
0.178610
-0.114963
-0.302722
0.094681
-0.043959
-0.007104
-0.106859
0.000632
-0.115481
0.039635
0.164636
-0.085909
-0.068843
-0.044361
-0.110192
-0.059079
0.108641
-0.193334
-0.069737
-0.141212
0.057125
0.217880
0.189401
-0.157180
-0.012200
-0.220906
-0.193238
0.121929
-0.193669
-0.139424
-0.017191
-0.021020
-0.077881
0.131539
0.079799
0.185224
0.182567
0.178391
0.082306
-0.012531
-0.023209
0.005930
0.021540
-0.091376
-0.281576
0.074169
0.076420
0.072671
-0.157783
-0.133294
-0.112799
-0.073182
0.035143
-0.184827
-0.193064
0.138297
0.112005
0.011150
-0.154336
0.073206
0.199951
-0.247502
0.106046
0.031519
-0.046547
-0.129436
-0.138289
-0.021577
-0.057348
0.006577
-0.216685
-0.210755
0.108768
0.241843
-0.070938
-0.082934
-0.084086
0.192439
-0.079322
-0.104437
-0.080148
-0.088252
-0.132712
-0.444220
0.031393
-0.010633
0.100931
0.091555
-0.130232
0.023988
-0.250494
-0.186912
-0.025705
-0.168748
0.054563
0.155537
-0.165693
-0.047287
0.059632
0.170745
0.115122
-0.113534
-0.219647
-0.019185
-0.105711
0.256727
-0.033700
0.084067
-0.019127
-0.125763
-0.099176
0.084257
0.119605
0.080988
-0.097226
0.110296
-0.216608
0.102872
-0.118488
0.171377
-0.001483
-0.113080
-0.045026
0.143108
0.081640
-0.106097
-0.081646
0.249272
-0.156538
0.157296
0.279090
0.038911
0.145832
-0.080309
-0.033896
-0.194207
-0.066581
0.089450
-0.062697
-0.131762
0.127220
-0.041637
-0.226046
0.063087
0.081896
-0.150293
-0.119984
0.111803
-0.092403
-0.000155
0.062035
0.067592
0.163093
0.068248
0.136041
-0.130751
-0.097579
-0.179303
-0.031291
-0.130209
-0.149822
-0.118200
-0.298124
0.169141
0.178835
-0.032375
-0.097757
0.047527
0.077549
-0.063571
0.196019
-0.129497
0.084528
0.016576
-0.027203
-0.108289
0.268879
-0.131069
-0.123021
0.096222
-0.154797
0.040664
-0.191863
-0.121486
0.242895
-0.034015
0.141333
0.115176
-0.145240
-0.126279
0.168323
0.114370
0.047585
-0.302482
-0.074644
-0.300164
-0.054206
0.183205
-0.007077
-0.209488
0.063273
-0.005529
0.084137
0.008383
0.220702
0.096645
-0.007196
0.229149
-0.173001
-0.067745
-0.082932
0.049503
0.082291
0.132966
0.029127
0.172496
0.003562
-0.262025
0.145205
0.147039
-0.094637
-0.169298
0.216805
0.062053
-0.052147
0.114565
-0.101228
-0.164166
-0.149549
0.050807
0.018828
0.054103
0.110155
-0.279653
0.034065
0.042520
-0.054773
0.116117
-0.272225
-0.026783
0.256212
0.017598
-0.088239
-0.008660
0.041811
0.085996
-0.113423
-0.001766
0.156492
-0.064870
0.039927
-0.121938
-0.028662
0.004361
0.086104
0.102305
0.037212
0.143208
-0.113865
0.224268
-0.112404
-0.104861
0.089835
-0.066642
-0.348146
0.027502
-0.068362
-0.011562
-0.230119
0.027759
0.084080
0.101788
-0.072052
-0.075116
0.249468
0.021966
-0.055770
0.249916
0.032382
0.121346
-0.072104
0.114471
0.060965
-0.157371
0.111788
0.306796
-0.080763
0.222018
0.200428
-0.210017
-0.170506
0.075456
-0.060642
0.103166
0.146503
-0.032742
-0.096294
-0.107610
0.111687
-0.147043
-0.023146
0.067591
0.229178
0.165366
-0.022706
0.156537
-0.028318
-0.124922
0.076172
-0.378101
0.137462
0.204635
0.209453
-0.102737
-0.129885
0.154160
-0.087247
-0.072595
0.084349
-0.159878
0.077487
-0.166196
0.023480
0.013657
-0.000634
0.199660
0.138333
0.099430
0.264723
-0.381902
0.084222
-0.089545
0.184489
0.022603
-0.101719
0.015287
-0.212406
0.162462
-0.052769
-0.239921
0.085821
-0.179247
0.059215
0.009589
0.041796
0.254443
-0.146340
-0.006821
0.002704
-0.114715
0.159163
0.034537
-0.014321
-0.073502
0.037884
0.080248
-0.074913
0.278139
-0.011434
0.038533
-0.040476
0.137924
-0.272104
0.062875
-0.193500
0.096284
-0.140371
-0.046291
-0.330635
-0.078912
0.079388
0.095297
-0.096377
0.019827
-0.285808
-0.274613
-0.121998
0.038710
0.127613
0.078124
-0.146429
-0.141868
0.043719
-0.053301
-0.142960
-0.038585
-0.010326
0.073222
0.173168
0.288363
-0.082423
-0.146525
0.064018
0.198144
-0.051616
-0.014381
-0.034121
-0.103116
0.006479
0.088894
-0.316714
0.054813
0.043142
-0.079273
0.135790
0.134201
0.161526
0.150563
0.235786
0.284303
-0.205907
-0.102608
-0.000685
0.190968
0.162799
0.040744
-0.131891
-0.246693
0.212744
0.072089
0.145171
-0.196298
-0.078700
-0.105517
-0.134887
-0.054231
0.191342
0.119823
0.308509
0.192617
0.015972
-0.062271
-0.041133
0.015428
0.102339
0.075629
-0.160107
-0.041387
0.162245
-0.063932
-0.033355
-0.016043
0.154289
-0.118455
-0.053102
-0.100353
0.158874
-0.209889
-0.116344
0.150911
-0.072949
0.194532
0.017763
-0.224638
0.086044
0.064111
-0.313525
-0.228617
-0.004803
-0.025601
-0.157664
0.014685
-0.069921
-0.081276
0.085278
0.086969
0.168955
-0.195720
-0.074599
-0.181368
-0.132518
0.074668
-0.111199
-0.147199
-0.017834
-0.160766
-0.133658
0.120286
-0.023001
0.014671
0.074063
0.116475
0.218692
-0.085982
0.076952
-0.287882
-0.066358
0.088685
-0.072985
0.063038
-0.165878
0.084592
0.080580
0.027098
-0.018849
-0.010173
0.449666
-0.221590
-0.185488
0.093085
-0.106221
-0.073070
0.081118
0.007114
0.282118
-0.132297
0.000768
-0.100297
0.090958
0.053341
0.088813
-0.268631
0.075274
-0.043490
0.085199
0.062318
-0.038621
0.098631
0.148911
-0.153279
-0.019530
-0.222258
-0.197006
-0.023700
-0.285145
-0.028253
0.120776
-0.045738
-0.121709
0.103652
-0.119255
0.014780
-0.400135
0.045234
0.027502
-0.034932
0.113636
-0.107344
-0.250799
0.072421
0.115803
-0.132572
-0.384154
0.055555
0.126092
-0.081912
0.078179
0.113812
0.152158
0.047443
0.295439
-0.150972
0.087536
-0.098175
-0.207490
0.101384
-0.049750
-0.009600
-0.213723
-0.078495
-0.023762
0.121143
0.043493
-0.080561
0.012737
-0.101804
-0.145490
-0.199588
0.151051
-0.178610
-0.050103
-0.034800
-0.021668
-0.311354
0.036416
0.123809
-0.089810
-0.198930
0.130287
-0.028537
-0.055551
0.148039
-0.131139
0.255921
-0.144420
-0.064196
0.215960
0.155649
-0.126623
-0.064521
0.046520
0.018311
0.213263
0.003979
0.060185
-0.179035
0.069164
-0.110187
0.148166
0.027205
0.041407
0.061792
-0.106140
0.093472
-0.214324
0.062618
-0.019398
0.035995
0.141477
-0.161256
-0.090922
-0.025913
0.041782
-0.063091
0.255759
-0.033466
0.066897
-0.013334
0.160735
0.010240
0.179041
0.070561
-0.031961
-0.057606
0.202678
-0.092776
0.068457
-0.091135
0.020215
0.075871
0.156288
0.042417
0.001876
0.060622
-0.137848
-0.084162
-0.138118
-0.226692
-0.128162
0.099991
-0.056053
0.139195
-0.105013
-0.068994
0.005627
0.039909
-0.029925
0.055234
-0.255752
-0.120291
-0.028881
-0.059469
-0.012439
0.212168
0.240954
-0.123102
0.132623
-0.153138
-0.059758
-0.083223
-0.020886
-0.012358
0.071290
0.120128
0.039956
-0.150038
-0.081838
0.042100
-0.164562
0.213212
-0.074900
0.155193
-0.030467
-0.005323
-0.023214
-0.014806
-0.118525
0.089013
0.368446
0.091920
-0.083162
-0.130096
0.055911
0.004929
0.212224
0.037344
0.161634
0.270814
0.002367
0.057137
-0.050544
0.007761
-0.002257
-0.006699
-0.162179
-0.145199
-0.073722
0.088340
-0.240062
-0.134503
-0.120120
0.026771
0.178895
-0.099461
-0.045628
-0.043614
-0.087382
0.054439
0.016205
0.153064
0.065204
0.215189
0.158676
0.193566
-0.133639
-0.201398
-0.051022
-0.028274
0.085965
0.055929
0.028335
0.125907
-0.079732
-0.062605
0.009675
-0.257423
-0.128679
0.059771
-0.066925
-0.173566
-0.011890
-0.124143
0.029399
-0.131677
0.089949
-0.008510
-0.127069
-0.136432
0.146920
-0.138585
0.218751
-0.015750
-0.146823
-0.100215
0.023956
0.098182
0.096297
0.044169
0.154735
-0.159955
0.266741
0.094268
0.083525
0.066274
0.071572
0.117948
-0.051929
0.260719
-0.012475
0.043710
-0.025225
-0.012536
0.029955
-0.132284
0.161974
-0.142034
-0.185203
-0.137593
0.185353
-0.052516
0.050425
-0.193121
0.170364
-0.040728
0.172033
-0.145008
-0.118858
0.252545
0.012652
-0.015645
0.065082
-0.096639
0.111451
-0.038008
-0.076311
0.003692
-0.004393
0.004094
0.121354
-0.201866
-0.110877
0.056909
0.015232
0.037614
0.339027
-0.019754
0.045222
-0.080368
-0.145784
-0.022462
-0.171045
0.038242
0.083386
-0.178974
-0.026441
-0.048510
0.121974
0.000855
-0.009542
0.275262
0.379642
-0.235293
0.151532
0.031451
0.029897
0.001833
0.183377
-0.057584
0.090089
-0.180768
-0.137972
-0.210794
0.302613
-0.120360
-0.020805
0.008957
0.101244
-0.019181
-0.134184
0.100015
-0.147145
0.161951
0.018850
-0.121141
0.073160
-0.038349
-0.182365
-0.182833
0.183110
-0.136313
0.149586
-0.005737
-0.064831
0.082851
0.044567
-0.128396
-0.094070
-0.205524
-0.004186
0.151052
0.224148
0.028112
0.155205
-0.074850
-0.083140
-0.101702
0.054919
-0.179994
-0.152567
0.018661
-0.035403
0.163251
-0.133195
0.039282
0.135506
-0.184389
0.249140
-0.027282
0.203403
0.018641
-0.289194
-0.104018
0.147971
0.117003
-0.106464
-0.065937
0.095408
0.127701
0.003086
0.137989
-0.243368
0.119119
0.156544
-0.250966
0.028058
-0.047090
0.181309
-0.133410
-0.191392
0.228378
0.019071
0.030669
-0.189283
0.070487
0.025326
0.013487
-0.314570
0.252972
-0.002138
0.200771
-0.042700
0.094736
0.043262
-0.077046
-0.020232
0.131741
-0.146648
0.109144
-0.041718
-0.067401
-0.110819
0.087169
-0.030225
-0.129518
0.020892
-0.148186
-0.126477
-0.057395
-0.056944
-0.068609
-0.014050
-0.085212
-0.354262
0.113367
0.176908
0.011138
0.335012
0.024097
-0.128890
0.028901
0.147320
0.089783
0.017858
0.135314
0.180048
0.112893
-0.083638
-0.049179
0.141684
0.092528
0.276542
0.174957
0.105067
0.002467
-0.149714
0.112642
0.015374
0.357607
-0.171888
0.013455
-0.129014
0.015325
0.028520
0.061395
0.139556
0.022272
0.012851
-0.090817
0.068924
0.248521
-0.081598
0.118631
0.164405
-0.152400
-0.103858
-0.032251
0.176334
0.177261
0.074903
-0.025470
-0.023026
-0.039952
0.056283
0.027069
-0.213531
0.046710
-0.068388
0.061073
0.014673
-0.033833
-0.029034
0.312543
0.008173
-0.037853
0.126646
-0.115349
0.015408
0.080270
-0.009430
0.208731
0.053252
0.027415
0.101293
0.163479
-0.132805
-0.031540
-0.063040
0.048362
0.099047
0.243685
0.155378
-0.001225
-0.181603
0.008245
0.226647
0.129236
0.173824
-0.412067
0.051345
0.108901
0.048398
-0.004394
0.036812
-0.163288
-0.013063
0.012448
-0.191539
-0.089803
-0.060533
0.035391
-0.007681
0.037456
0.114530
0.219813
-0.024182
-0.079277
0.062625
-0.035284
-0.163465
0.142800
0.018649
0.128155
-0.043455
0.060438
0.175329
-0.237705
0.104705
0.057575
0.100777
-0.073256
-0.168499
0.002124
0.066622
0.091211
-0.144415
0.011909
-0.107915
0.019464
0.063603
-0.210492
0.203058
-0.163283
0.026151
0.058623
0.084019
0.168927
-0.076461
0.157992
-0.000351
0.142915
0.026392
-0.133609
0.006067
-0.065564
0.002511
-0.200687
0.039505
0.120930
0.170107
-0.371116
0.087508
0.419380
-0.157673
-0.084402
0.100483
-0.065812
0.038202
0.024620
-0.081807
-0.081327
-0.056350
0.169286
0.205711
-0.005437
0.124650
0.006080
-0.096933
-0.227364
-0.069737
0.082242
0.020869
-0.012713
-0.235153
0.005292
0.171173
-0.115223
-0.151738
0.063529
0.067991
0.010102
0.234304
-0.202286
0.008215
0.030282
-0.280541
0.120633
-0.162138
-0.014924
-0.050598
-0.026945
0.092763
0.085986
-0.024365
-0.173276
0.199012
0.117016
-0.022198
-0.146108
0.013776
-0.107082
-0.266113
0.022388
0.079895
0.070141
-0.064251
0.024042
-0.046983
-0.021646
0.085257
0.011445
-0.004747
0.122964
0.074248
-0.045702
0.102140
0.026366
-0.209769
-0.046754
-0.252791
-0.180571
0.375878
-0.047290
-0.012390
0.305500
0.013270
-0.088843
-0.149575
0.081754
0.030848
-0.213953
-0.072681
-0.005153
0.106992
0.185238
-0.056668
0.126616
0.156200
-0.006454
-0.159940
-0.099678
0.012815
-0.042487
0.103342
0.277142
-0.168988
-0.049075
0.066943
0.105353
0.041854
-0.106504
0.194592
0.130570
0.337501
-0.219755
-0.032281
0.051206
0.397942
0.057207
0.080007
-0.043663
-0.059512
-0.063251
0.031664
-0.005778
-0.107139
-0.015406
-0.074877
0.134840
0.044409
-0.074238
-0.095784
0.005298
0.166507
-0.089566
-0.016682
0.045403
-0.090516
0.026786
-0.154639
0.082794
-0.147343
0.174521
0.106583
0.010524
0.097433
-0.037839
0.198913
-0.001813
-0.378975
0.128241
-0.036276
0.103307
0.206688
0.197113
0.035617
0.234882
-0.139485
0.148436
-0.081978
-0.002749
0.253093
-0.030354
0.118382
0.133220
-0.215772
0.037600
0.027749
0.028217
0.016357
0.099847
0.029511
-0.195143
-0.019153
-0.159787
0.057716
-0.141249
0.019184
-0.028412
0.158477
-0.167694
0.051651
0.081208
0.001370
0.026244
-0.068456
0.048183
0.004442
-0.126035
-0.175914
0.076857
-0.086326
0.062381
-0.119211
0.330502
0.034831
-0.033432
-0.209134
0.144269
0.104454
-0.013500
0.115875
0.137218
0.015226
-0.021358
-0.208751
0.119766
0.140387
0.177034
-0.015590
-0.069931
0.034148
0.134086
0.168776
0.228921
0.073145
0.015574
-0.114989
-0.135532
0.115164
0.302833
-0.088611
-0.001853
0.084379
-0.002764
-0.351887
-0.061824
-0.083810
-0.035585
-0.159071
-0.199504
-0.010552
0.318081
0.132624
0.222279
-0.002057
-0.110070
-0.052503
-0.192538
-0.086441
0.126266
-0.218729
-0.031331
0.004927
-0.101747
0.313443
-0.098849
0.055923
0.061315
0.070243
0.125832
0.111370
0.117556
-0.035399
-0.159150
-0.087920
0.287119
0.171483
0.300506
0.098701
0.176450
-0.085867
-0.193913
0.102453
-0.003055
-0.033356
0.047092
-0.002771
-0.087090
-0.268372
-0.035935
0.030096
0.302047
-0.104188
0.082589
0.079147
-0.001349
-0.087075
-0.166295
-0.264047
-0.255132
-0.164820
-0.112078
0.009665
-0.119195
0.055966
0.021092
0.144578
0.106980
-0.139407
0.212268
0.199878
-0.101738
-0.019769
-0.112604
0.249841
-0.108662
-0.310065
-0.237614
0.082104
0.068931
0.064371
-0.077724
-0.204106
0.090554
-0.118485
-0.038920
-0.000127
-0.069116
0.035005
-0.152641
0.343302
-0.008221
0.228783
0.149535
-0.040763
0.179572
0.211619
0.022269
0.101696
-0.136529
0.046635
0.152608
0.103788
-0.116589
-0.150198
0.028581
0.060019
-0.053572
-0.050811
0.006788
0.096854
-0.146324
0.150206
0.200968
0.065828
0.025267
0.074620
-0.024176
0.215217
-0.237916
-0.093793
0.194354
0.005862
-0.073093
-0.189475
0.218345
0.020987
-0.084117
0.123841
0.040080
-0.172444
0.195676
0.080531
-0.008128
-0.118443
0.111457
0.163253
0.048342
0.255042
0.101906
-0.148303
-0.229198
-0.199473
0.326633
0.108409
0.042252
-0.029966
0.020507
0.106472
0.161345
0.308025
-0.024722
0.185014
-0.007793
-0.064542
0.156929
-0.079921
0.107777
-0.098077
-0.043872
0.127156
0.027332
0.110343
-0.037720
-0.041510
-0.078940
0.033316
-0.033107
0.119805
-0.179957
-0.131446
-0.054568
0.120820
-0.048771
0.127498
-0.195502
-0.111325
0.154580
0.233074
-0.113335
-0.031429
0.038185
-0.044834
-0.041041
0.100521
0.146469
0.032040
0.209054
0.064647
0.235783
-0.065508
0.117034
-0.053328
-0.056491
-0.106833
-0.062147
0.152447
-0.080292
0.080947
-0.212820
-0.298476
0.003861
0.003194
-0.087863
-0.186082
0.086447
0.152263
-0.113839
0.093026
0.007609
-0.452243
0.027300
0.002002
0.060219
-0.046124
-0.101465
-0.002062
-0.174861
0.049168
-0.098893
0.073869
0.095214
-0.143528
-0.034576
0.116911
0.214316
0.058896
0.114737
-0.024353
-0.051811
-0.017708
-0.185437
0.014560
0.113054
-0.029708
0.032543
0.093043
0.095173
0.053832
0.009845
0.130458
0.257152
0.083630
-0.067462
0.057528
0.182154
0.015868
-0.177980
0.223186
0.066146
0.063637
0.221828
-0.181645
-0.007373
0.095983
-0.079176
0.078496
-0.118271
-0.013652
-0.057196
0.033037
-0.012010
-0.007570
0.037816
0.126571
0.138636
-0.061763
-0.102672
-0.047664
0.064707
0.119100
0.123444
-0.027130
-0.017577
0.110442
-0.007209
-0.035004
-0.090658
0.098372
0.046335
-0.199730
0.090101
0.029010
-0.009766
-0.022412
0.096179
-0.144169
-0.071069
0.060835
-0.035126
-0.062836
0.203569
0.216667
-0.054949
0.085002
-0.039351
0.081987
-0.085962
0.061057
-0.025847
0.092382
0.131705
-0.110579
0.130179
0.080694
-0.026083
0.110457
0.025693
-0.006909
0.273191
0.095550
-0.185991
0.239850
0.047562
0.099729
-0.075683
-0.107020
0.053309
-0.043987
0.050068
0.060465
0.172418
0.194037
0.194178
0.121414
0.000184
-0.105332
0.050182
-0.057860
0.114100
0.096027
-0.137914
-0.199951
-0.028518
0.207347
-0.080883
-0.063422
0.140902
-0.015172
0.001513
0.008242
0.227901
0.087688
0.290910
0.107088
0.134139
-0.042926
-0.127788
0.298684
0.041807
-0.081641
-0.096493
0.107688
0.034060
-0.109085
0.343598
0.218020
-0.093494
0.182358
0.034631
0.055428
-0.255423
0.014990
0.074210
0.086843
0.024683
-0.016172
-0.025418
0.060804
0.216000
0.048752
0.014932
-0.063606
-0.209714
-0.072968
-0.070632
-0.185723
0.096784
-0.056514
0.217510
-0.043214
-0.012506
-0.088398
0.082011
0.154075
0.015984
0.099823
-0.278696
0.062831
-0.126592
-0.040222
0.003941
0.040929
-0.003664
0.021440
0.039602
-0.005489
0.093312
0.044805
-0.069280
0.120049
0.076605
-0.045048
-0.083402
-0.137012
0.062002
-0.192209
0.010546
-0.155563
-0.027480
-0.068100
-0.011821
-0.148787
-0.014950
-0.182142
-0.069594
0.144581
-0.188950
0.198519
0.242801
0.069295
0.021317
-0.157043
-0.067613
-0.130047
-0.003385
0.153073
-0.075453
0.140335
-0.084767
0.171025
0.023579
0.129348
-0.065970
-0.142387
-0.069335
0.124078
0.036187
0.156395
0.030089
0.124975
-0.079140
0.019603
-0.037389
-0.047138
0.098778
-0.033316
0.029148
0.063124
-0.104190
-0.159563
0.151718
0.046419
0.018535
-0.135555
-0.227634
-0.218426
0.159280
-0.001118
0.148037
0.098587
0.053541
-0.028758
0.048148
0.072370
-0.006386
-0.030046
-0.012258
-0.166594
0.193734
0.082091
0.199061
0.016576
0.160942
0.009538
0.021800
-0.122092
-0.233615
-0.079245
0.019658
0.071957
-0.095692
0.018155
-0.143732
0.226700
-0.112531
0.020605
-0.101965
-0.095486
0.063825
-0.082366
0.041506
0.125885
-0.036323
0.057048
0.057716
-0.022332
-0.094831
-0.186103
-0.103591
0.059061
-0.052732
-0.094869
-0.072634
-0.084338
0.114185
-0.205575
0.164034
-0.052512
-0.245977
-0.026385
0.088119
-0.287927
0.057517
0.009429
0.187275
0.101049
0.069103
-0.063829
0.141157
0.231004
-0.249177
0.031266
0.335235
0.192803
0.102521
0.081775
-0.004354
0.069524
0.123385
0.085633
0.001195
0.237317
0.358623
0.152281
0.081834
-0.095420
-0.222081
-0.082220
-0.010901
-0.180365
0.157063
0.099908
0.124676
-0.046246
0.053119
-0.135701
-0.309426
0.102462
0.085896
-0.390852
0.144638
0.038757
0.131452
0.042216
0.124727
0.232162
0.071983
0.037012
-0.099579
-0.148071
-0.070371
0.037487
0.015347
0.005851
-0.045301
-0.246651
-0.215666
-0.232368
0.003292
0.146796
-0.020555
0.041581
0.049094
-0.186893
0.024293
-0.073773
0.112161
0.066396
-0.046216
0.228173
0.053728
-0.044993
-0.086000
0.245996
0.142443
0.107342
0.170706
-0.072914
0.030593
-0.148299
0.001127
-0.230035
-0.297005
0.203037
-0.149778
0.074252
-0.045884
-0.207950
-0.090237
-0.109415
0.011675
-0.054147
-0.331302
-0.084059
-0.162194
0.100380
-0.038917
0.228800
-0.032196
-0.218491
-0.019914
0.034097
-0.039876
0.092635
0.199476
0.121879
-0.019116
0.035663
0.059516
0.204388
-0.080262
0.134681
0.123470
0.097710
0.012554
0.212537
-0.004762
0.015615
-0.064607
0.086050
-0.144920
0.220721
-0.010927
0.047273
-0.189840
-0.045290
0.131262
0.089742
0.025146
-0.072944
0.061410
0.044352
-0.017767
0.240145
0.002098
-0.192356
0.033943
-0.088011
-0.084954
-0.053147
0.163955
0.184587
-0.052506
0.081149
-0.256442
-0.091170
0.095285
0.150834
0.067885
-0.132080
-0.050753
0.120929
-0.089515
0.006118
-0.100511
-0.127886
0.186967
0.083440
-0.107186
0.062902
0.206351
0.095340
-0.115623
-0.027878
-0.071630
-0.082120
0.033551
0.063717
0.273579
-0.006170
0.170724
0.202645
-0.219736
0.022513
-0.016350
0.297695
0.280223
0.114105
-0.005575
0.115015
0.119196
-0.060824
-0.071072
-0.014998
0.187726
0.209103
0.162186
-0.220378
-0.000063
0.202084
-0.047218
-0.041164
-0.274085
-0.107596
0.033443
-0.017941
-0.116795
-0.101710
0.136642
0.000125
-0.116047
-0.162888
0.010825
-0.139682
-0.235256
0.177051
0.025328
-0.139763
-0.113550
0.007944
-0.047770
0.016277
-0.038827
0.011103
0.010911
-0.073569
-0.179461
-0.231239
0.308248
0.063974
-0.061846
0.009277
-0.193526
0.290348
-0.028260
0.011227
-0.170433
0.065644
-0.062279
-0.236572
-0.026337
-0.021091
0.065841
-0.235412
-0.012923
-0.231221
-0.220405
-0.342679
-0.225402
-0.142032
-0.183632
-0.009172
-0.097931
0.003863
0.250359
-0.053035
0.035799
0.101432
-0.027790
0.266663
-0.091060
0.004367
0.258618
-0.098661
-0.253376
-0.072571
0.056496
-0.229933
0.083809
0.106708
-0.081595
-0.175420
0.193099
-0.157371
0.106684
-0.003989
0.210242
0.174513
-0.215414
-0.293194
-0.086180
0.192868
0.164032
-0.085390
-0.033819
-0.163282
0.036425
0.327381
0.104587
0.115927
-0.195446
-0.001762
0.124035
-0.085147
0.040112
-0.040340
-0.118305
-0.090440
0.151020
-0.231740
0.273099
0.089540
0.075748
0.077195
-0.060732
-0.098490
0.023935
-0.148547
0.024201
-0.306012
-0.012864
0.118038
0.068362
-0.125231
0.108472
0.040277
-0.308020
-0.155253
-0.042173
-0.104425
0.033785
0.005837
0.446569
0.158428
-0.005044
0.124966
0.001210
0.099255
0.048698
-0.321764
-0.076236
0.044390
0.038542
0.010818
0.158135
0.229406
-0.035109
-0.075698
0.005718
0.175211
0.038879
0.056600
0.073682
0.176730
-0.177612
-0.064825
-0.271032
-0.043521
0.030031
-0.025522
0.204950
0.229207
-0.050336
0.112247
0.007681
-0.015550
0.200322
-0.167452
-0.044008
0.051376
0.261711
-0.287104
0.068192
0.132120
-0.048298
-0.213654
-0.169128
0.097451
-0.000252
0.035700
0.011848
-0.122974
0.070760
-0.169133
-0.111166
0.274392
0.100393
-0.029642
0.038926
-0.041521
-0.265158
0.131783
-0.071765
-0.023805
0.244297
0.006562
0.199505
0.009555
-0.187120
0.017970
-0.151108
0.041724
-0.138063
0.008428
-0.006347
0.042221
-0.133434
0.133762
0.311303
-0.071587
-0.046434
0.163276
-0.029333
0.015988
0.174918
0.032304
-0.136204
-0.258664
0.363859
-0.246180
0.120089
-0.084684
0.269863
-0.009894
0.050919
0.305304
-0.060814
-0.039172
0.095737
-0.066860
0.068252
-0.160365
0.028256
-0.204858
-0.141123
-0.183421
0.177333
-0.061460
0.039684
-0.053508
-0.077161
-0.168495
-0.026707
0.248264
-0.045736
-0.071089
-0.118889
-0.141448
0.058381
-0.100679
0.227317
-0.139744
0.012594
-0.067805
-0.027036
0.143413
-0.263060
0.027165
-0.007562
0.093781
-0.004015
-0.034482
-0.053730
0.114106
-0.314278
-0.024466
-0.167893
-0.024404
0.022526
0.143926
-0.019396
0.112948
-0.171425
-0.149512
0.020176
-0.025342
0.167837
-0.129194
0.070779
-0.024344
0.228369
-0.206196
0.277292
-0.334605
0.205517
-0.133174
-0.041406
-0.027857
0.037533
0.044632
0.194864
-0.057930
0.084438
-0.043793
-0.040965
-0.189142
0.102683
0.253624
0.131353
-0.220187
0.200605
0.051231
-0.085198
-0.218661
0.287129
0.031427
-0.176764
-0.242068
-0.053239
0.012518
-0.010252
0.001402
0.127323
-0.115970
0.224119
-0.013664
-0.042584
0.048184
0.194368
-0.244273
0.102381
0.236655
-0.289441
0.054747
-0.059524
0.009843
-0.089515
-0.043680
-0.002726
0.133290
-0.150520
-0.004086
0.137182
0.111700
-0.135294
-0.012470
0.050157
0.173388
-0.033536
-0.119949
0.015814
0.139077
-0.092493
0.118080
-0.244157
-0.023812
-0.203918
-0.131442
-0.250809
-0.066164
-0.106721
0.119701
0.178475
-0.050743
-0.095310
0.055579
0.058523
-0.135322
0.023449
-0.094203
-0.005908
-0.107208
-0.044376
-0.129753
0.022470
0.031724
-0.065558
-0.191666
-0.014913
-0.035352
0.018459
0.038448
0.106475
-0.119695
-0.041408
0.221615
0.107354
0.190412
0.041498
0.076974
0.143749
-0.021342
0.003562
-0.072261
0.095592
-0.028838
0.088364
0.091929
0.172892
-0.133580
0.022021
-0.137432
0.041450
0.052386
-0.002500
-0.111343
0.019575
-0.080735
-0.136193
0.069179
0.100869
0.103856
-0.197260
0.005079
-0.006298
0.090753
0.097309
-0.090902
-0.128371
0.096190
0.021102
0.002628
0.168082
-0.031225
0.164243
-0.049648
0.185935
0.067526
-0.125045
0.152700
-0.049510
-0.143499
0.169196
0.138601
0.164230
-0.234977
0.033679
-0.145120
0.280928
0.090431
0.043332
-0.039432
-0.113150
0.126705
-0.135888
0.032904
0.118983
0.032876
-0.201847
-0.075545
0.037158
0.046251
-0.105480
-0.140339
0.044841
-0.267571
-0.151072
-0.026090
0.033511
0.023098
0.073963
0.023439
-0.039638
-0.147286
0.144963
-0.005141
0.372072
0.113854
0.138921
0.036561
0.123581
-0.028725
0.092244
0.123830
0.028163
-0.005703
0.092224
-0.045707
-0.180967
-0.252316
-0.189426
0.161314
0.200705
-0.063403
0.047908
0.144126
-0.108514
0.309305
-0.038067
-0.013727
-0.083907
0.046602
0.023229
0.178752
0.037711
-0.012782
-0.090408
0.058476
0.055913
0.122736
0.185885
0.012061
-0.115033
-0.105550
0.204136
0.337552
-0.175282
-0.082849
0.006490
0.032744
-0.015440
0.023322
0.021930
-0.054116
-0.084601
0.104282
0.058133
-0.088747
0.043830
-0.034842
-0.039950
0.119422
-0.100466
-0.152578
-0.046046
-0.017376
0.129503
-0.228675
-0.216090
0.182115
0.089853
-0.203827
-0.298079
0.014710
-0.156999
0.088993
0.240798
-0.245416
0.323614
0.100416
-0.183364
-0.086853
0.012232
-0.066707
-0.100228
0.004109
-0.058833
0.022433
0.043632
0.006904
-0.218059
-0.093698
-0.080089
0.039561
0.091936
0.257555
-0.023877
-0.056035
-0.234529
-0.011060
-0.054951
-0.311138
-0.136460
0.086049
0.237477
-0.126738
0.011780
0.167937
-0.017293
-0.176843
0.279104
0.247234
-0.206581
0.072599
0.117713
-0.182860
0.058584
0.125947
-0.036113
-0.075135
-0.031157
0.323806
-0.005946
-0.145062
0.085672
0.185538
-0.137798
0.171799
-0.202914
-0.107153
0.110296
-0.078041
0.169985
-0.135310
-0.058196
-0.210310
0.365378
0.069167
-0.169251
0.104139
-0.044852
0.350664
-0.121860
-0.140096
0.077498
0.245001
0.044378
-0.098969
0.233735
0.011485
0.163458
0.053379
0.139018
-0.073661
-0.040262
-0.260483
-0.020921
-0.175734
-0.008571
0.029440
0.044372
-0.124947
-0.068730
-0.062854
-0.104938
0.030984
0.029020
-0.069884
0.002748
0.127836
-0.135705
-0.001990
0.080154
-0.105425
0.291001
-0.068950
0.028906
-0.221097
-0.018703
0.086086
0.086094
0.090699
-0.131727
0.106799
-0.145976
-0.106854
-0.011525
-0.019495
0.060931
0.073340
0.109445
-0.051070
0.042466
-0.206452
-0.019364
0.107319
-0.003058
-0.038394
0.122357
0.103616
0.097507
0.081130
0.025695
-0.037887
0.167651
0.185167
-0.143365
0.370498
-0.221139
-0.171889
0.186728
-0.285597
-0.034059
-0.125333
-0.090566
-0.198102
0.020356
-0.157211
-0.094794
0.093762
-0.037148
-0.056867
0.154918
0.133594
0.090426
0.105930
-0.112166
0.026339
0.093128
-0.001440
0.316596
0.198563
-0.065176
0.029686
-0.022402
0.154026
0.298060
0.058442
0.079572
0.009746
0.224362
-0.028343
0.027431
0.119941
-0.039273
-0.300305
0.120311
0.118537
0.003768
-0.161669
-0.058557
0.180801
-0.170209
-0.039906
-0.156333
-0.149408
-0.209151
0.037612
0.055912
-0.025593
0.132442
-0.105961
0.031017
0.151495
0.123316
0.160773
0.097284
-0.102758
-0.089621
0.029216
0.089139
-0.194640
-0.005527
0.092020
0.144525
0.162149
-0.055982
0.061980
0.080550
-0.160017
0.038481
-0.068681
-0.050096
-0.009074
-0.024021
-0.128760
0.038390
0.032373
0.072358
-0.197645
0.029152
-0.150960
-0.189797
-0.014939
-0.164016
-0.001583
-0.124594
-0.038654
-0.094999
0.136247
0.349099
-0.041322
-0.076296
0.246629
0.148095
-0.029405
-0.335540
0.026679
0.103880
-0.083918
-0.108075
-0.077055
-0.059317
0.154112
-0.104100
0.074274
-0.265059
-0.073911
-0.045690
-0.074513
0.074891
-0.058281
-0.097358
-0.108885
-0.062611
-0.106670
-0.142251
0.129913
-0.323007
-0.007609
-0.092033
0.071492
-0.057484
0.016168
-0.156864
0.233178
-0.116063
-0.012230
-0.003388
0.218694
-0.032219
-0.096390
-0.151815
-0.170150
0.201582
0.142178
0.141573
-0.132159
0.042185
0.047231
0.051217
-0.129225
0.073418
-0.003641
-0.268705
-0.257405
-0.060687
0.104303
0.118729
-0.222448
-0.185673
0.002281
-0.119622
-0.014159
-0.144244
0.135575
-0.141196
-0.362376
0.230861
-0.116933
0.088093
-0.001427
0.130887
0.101259
-0.178554
0.018829
0.123159
-0.077759
-0.102795
-0.036876
-0.032255
-0.071256
0.047241
0.007911
0.203694
0.062184
-0.078639
0.081596
0.206677
0.122909
-0.006813
-0.096104
0.067652
0.178692
-0.003335
-0.170329
0.141104
-0.077623
-0.095983
-0.092741
-0.054412
0.015150
-0.114764
-0.350561
0.165353
0.016039
0.167988
0.206332
-0.082988
0.013511
0.008995
0.096211
-0.062678
0.028216
0.271390
-0.166923
-0.088361
-0.052518
0.120897
0.057576
0.209518
-0.115775
0.053081
0.133210
-0.165903
-0.069273
-0.073632
-0.079631
0.131744
-0.147774
-0.188813
0.069150
0.225817
-0.088478
0.136864
0.006807
-0.186512
0.059551
0.196484
-0.138247
-0.220384
-0.092994
0.204387
-0.206381
-0.139130
0.177310
-0.087071
-0.142675
-0.116895
-0.094950
0.047631
0.125492
-0.126720
-0.092186
-0.157578
-0.206433
0.060904
-0.171421
-0.008517
-0.020287
0.076167
0.164626
0.062423
-0.005846
-0.009350
-0.125780
-0.075846
0.084593
-0.110213
-0.292766
-0.056184
-0.111719
0.317563
-0.035413
-0.008274
-0.026073
-0.058133
-0.120759
-0.001730
0.090171
-0.052380
0.106536
-0.234131
-0.039301
0.060239
0.153519
0.040007
0.122238
-0.010535
0.052028
-0.053145
0.001253
-0.142455
-0.032697
-0.118065
-0.173060
-0.160435
-0.073567
-0.132234
-0.175505
-0.153602
0.158665
-0.106083
0.163117
0.041859
0.076579
-0.016875
-0.013870
-0.157531
-0.143894
0.103356
0.058866
-0.224737
-0.213225
0.199079
-0.095945
-0.121524
0.087728
0.184569
0.061283
0.007874
-0.030001
-0.064242
-0.054204
-0.003233
0.269817
0.051897
0.164495
0.056783
-0.185675
0.185900
0.053298
-0.050400
0.170701
-0.071154
-0.212624
-0.101076
0.019795
-0.113561
0.163888
-0.106959
-0.094989
-0.083794
0.068967
-0.253183
0.078309
-0.030536
0.058385
0.148082
0.179825
0.071170
0.082894
0.045905
-0.037390
-0.109012
-0.132308
-0.238492
-0.046048
0.021101
-0.089138
0.055422
0.105804
-0.007694
-0.032634
-0.054968
0.061985
0.041152
0.180791
-0.270479
0.090365
0.029418
0.160147
0.129321
-0.004427
0.093645
0.042075
-0.015349
0.012036
-0.021227
-0.018224
0.077393
-0.013767
0.015973
0.105408
0.228897
0.102622
-0.002177
-0.092752
-0.268031
0.115295
-0.162053
-0.099338
-0.174738
-0.139906
-0.101526
0.043135
0.051876
0.093692
-0.180343
-0.076085
0.094697
-0.276696
0.001158
-0.039174
-0.083765
0.119071
0.084763
-0.063363
-0.114855
0.064283
-0.019513
0.039305
0.059658
0.046985
-0.210477
0.234597
-0.186137
-0.141752
-0.011117
0.186703
-0.057617
0.077307
-0.015676
0.202350
0.168228
-0.032235
0.091586
-0.060843
-0.207561
-0.037737
-0.080934
-0.109201
0.057788
-0.050775
0.083128
-0.244821
-0.027585
0.134734
0.136079
0.224679
0.075087
-0.044416
-0.024119
-0.122899
0.078881
-0.004675
-0.109119
-0.034836
0.016362
0.058513
-0.116020
0.188414
-0.213120
-0.039991
0.033735
-0.060692
0.256398
-0.039488
0.051009
-0.116616
0.212908
-0.280332
-0.034121
-0.170641
-0.098105
-0.472701
0.027719
0.030397
0.053972
0.150796
-0.036183
-0.054167
0.104555
0.013376
-0.258485
-0.188520
0.350189
0.017136
0.033713
0.199887
0.142752
-0.036925
-0.206572
-0.004569
0.141016
0.133987
-0.047902
0.012774
0.078049
0.108801
-0.000926
0.056224
0.027681
0.090583
-0.286033
-0.177338
-0.166899
0.020184
0.046385
-0.056738
0.068768
-0.000791
-0.142467
-0.089203
-0.189795
-0.073931
-0.214618
0.178278
0.093283
-0.019503
-0.254094
0.016661
0.069087
-0.085774
-0.081321
-0.104949
-0.193649
0.204063
-0.006214
0.059922
-0.034392
-0.114464
0.100069
0.094680
0.092260
-0.236179
-0.154904
0.037768
-0.096339
-0.016192
0.067711
-0.021238
0.088549
-0.047170
-0.116365
0.005823
0.189982
0.152076
-0.018963
-0.211649
0.152158
0.106299
-0.009668
0.059558
-0.195479
0.446466
0.018948
0.286407
-0.075918
0.066356
-0.059461
0.135672
0.162970
-0.038883
0.080551
0.132941
0.037303
0.060586
-0.127897
-0.004168
0.170415
-0.035759
0.044144
-0.209596
0.158304
-0.067790
-0.228736
0.167215
0.320580
0.049119
-0.067184
-0.028609
0.136170
0.026737
-0.050602
-0.047490
-0.313873
0.265947
-0.046628
0.063307
-0.035428
-0.072231
0.079206
0.047889
0.111712
0.087239
0.064480
-0.100536
0.061574
-0.038995
0.249540
0.058078
0.029368
-0.016262
-0.170274
-0.146266
-0.215243
-0.223200
0.293688
0.054252
0.034735
-0.020772
0.132005
-0.063302
-0.220573
0.073925
-0.002986
-0.098357
-0.041693
0.132575
-0.144639
-0.075193
-0.089945
0.082724
0.013298
0.142563
-0.044207
-0.016174
0.070127
0.035173
-0.226795
-0.101825
0.097902
-0.149977
0.178690
-0.167967
-0.105850
-0.006778
0.099927
-0.019188
0.177875
-0.180209
0.000027
-0.045201
-0.184658
0.194946
0.152847
0.075608
-0.238364
-0.022427
0.079724
0.074315
-0.247757
-0.059833
-0.093753
-0.018146
-0.040360
0.044043
0.085995
-0.128654
-0.042431
-0.053179
-0.193110
0.002586
-0.039033
0.006486
-0.053906
0.218662
-0.070891
0.232474
-0.037690
-0.043745
-0.109534
0.072094
0.160626
0.036739
0.008578
0.069525
0.147021
-0.091186
0.036442
0.029668
0.216010
0.117426
0.157963
0.038836
-0.046406
0.207481
0.302808
-0.173013
0.018717
0.206002
-0.009647
0.103032
0.037365
-0.089355
-0.399045
-0.050647
0.153817
0.023856
0.040653
0.120059
0.128135
-0.016672
0.118932
-0.113011
-0.022585
0.177558
0.047239
0.079690
0.096668
0.025496
-0.037188
-0.224971
0.178669
0.154601
-0.100367
0.030237
-0.109124
0.333792
0.281130
0.164655
0.112488
-0.066200
0.049939
0.085901
0.078553
0.095123
-0.262310
0.246786
-0.045079
0.074712
0.023973
-0.109237
-0.046120
-0.109525
-0.013169
0.040905
0.050190
-0.184774
-0.112774
0.225062
0.028924
0.141662
0.068081
-0.075495
-0.033603
0.023823
-0.175201
0.020525
0.138133
-0.027759
-0.070481
0.233771
0.053597
0.080035
0.147976
0.041098
-0.023100
0.000863
-0.051341
0.011647
0.005523
0.003453
-0.016894
-0.067799
0.216853
-0.042423
-0.111581
-0.104583
-0.014901
0.038349
0.029117
-0.093162
-0.067548
-0.067190
0.002130
0.184274
-0.027535
0.065970
0.021617
-0.105040
-0.152604
-0.111913
0.113352
0.123395
0.286490
-0.043969
0.086880
-0.048914
0.285808
0.011711
0.063787
0.128867
-0.152302
-0.058329
-0.198514
0.055054
-0.135986
0.052018
0.012396
-0.068671
0.272268
0.182136
-0.309465
0.077181
-0.043441
0.013510
-0.038501
-0.016193
-0.215269
0.062518
0.187548
0.254419
-0.018904
0.001349
-0.216288
-0.196131
0.022839
-0.007960
0.019963
-0.017521
0.175948
-0.062104
0.221537
0.152232
0.160323
-0.005922
-0.007308
0.033997
0.151533
-0.050138
0.121256
0.159152
-0.043214
-0.074401
0.104114
0.149362
-0.015249
0.242842
0.003381
0.120814
0.065875
-0.162671
-0.173295
-0.080764
-0.011528
-0.071640
0.219836
-0.119798
0.170860
0.052889
-0.015735
0.259641
0.291490
-0.178372
0.103474
0.177679
0.104315
-0.063755
0.135909
-0.045243
0.143766
0.089673
0.057269
-0.019246
0.158137
0.040547
-0.137505
-0.266138
0.012736
-0.163042
-0.034921
0.202843
0.079168
0.126720
-0.122875
0.193974
0.130597
-0.124035
0.251933
-0.267754
0.059793
-0.106643
0.182010
0.142297
0.082258
0.094274
-0.088026
-0.290214
0.132648
-0.047226
0.165457
-0.033480
0.005373
-0.020305
0.026274
0.039282
-0.090445
0.146988
0.249678
-0.347909
-0.082746
-0.160624
-0.005819
-0.061282
-0.089121
0.048349
-0.124486
0.038544
-0.032276
0.374915
-0.046971
-0.164766
-0.153457
-0.019022
0.043747
-0.026049
0.163362
0.006337
-0.023385
0.014310
-0.043831
0.244948
-0.318666
0.043409
0.035620
0.121487
-0.240581
0.061503
-0.039497
-0.059788
0.003243
-0.059641
-0.014946
0.344837
0.021282
0.189626
-0.016593
-0.078957
0.015623
0.076277
-0.062662
-0.207229
0.026558
-0.099776
0.038246
-0.073833
0.002077
0.239117
0.048987
-0.033390
0.134825
0.208995
-0.009209
-0.048102
-0.161643
0.053813
0.033907
0.047343
-0.014460
0.051617
-0.033854
0.112779
0.014311
-0.036689
-0.023609
0.197678
0.060932
0.062550
0.002276
-0.149518
0.061989
-0.044837
0.190729
-0.067959
-0.007836
0.063406
0.202678
-0.215008
0.128665
-0.010009
-0.171904
-0.008501
-0.089796
0.121871
-0.070920
0.325024
-0.022987
0.022366
0.022842
0.118282
-0.204058
0.054833
-0.011952
0.082130
0.122256
-0.086587
-0.361333
-0.372836
-0.186986
-0.113419
0.371262
0.119593
-0.016248
-0.028488
0.065235
0.148617
-0.306366
0.056617
-0.233873
0.193045
-0.189993
-0.216778
-0.005530
0.060740
-0.281540
-0.054305
-0.128921
-0.054055
0.058403
-0.006137
-0.039741
-0.112491
-0.036557
-0.160411
-0.055149
-0.001245
-0.219472
-0.102586
0.197586
-0.099450
-0.122530
0.074370
0.351179
0.055209
-0.122066
0.045972
-0.112630
-0.086097
0.103977
0.205084
0.037319
0.180925
0.128545
-0.128616
-0.053907
0.070827
0.108022
-0.034282
-0.047197
0.027508
-0.103054
0.161725
0.192056
-0.125129
0.115498
0.029388
-0.093698
-0.081460
0.026035
-0.231372
0.072884
-0.125508
-0.043645
-0.325820
0.081118
0.021807
0.015578
-0.088081
-0.173612
0.187162
0.224170
0.074523
-0.274952
0.074054
-0.061396
0.065226
0.005620
-0.045514
0.184958
0.205526
0.045406
0.145842
0.097237
0.277202
0.093556
-0.260197
-0.115415
0.156896
-0.082689
-0.181931
-0.188059
0.081667
-0.218083
-0.000116
0.067386
0.298330
-0.063108
0.001929
-0.154301
-0.166304
0.092598
0.116047
-0.186692
-0.137661
-0.127981
0.020154
-0.076983
-0.190639
0.037176
0.120005
-0.018648
-0.034805
0.130942
0.004984
-0.098018
0.195504
0.168417
0.148257
-0.097933
0.163361
0.218549
0.160575
0.228705
0.068618
0.100090
0.003058
0.337942
-0.243328
-0.097232
0.029870
0.007121
0.041246
0.020594
0.030636
-0.043100
-0.010839
-0.033506
-0.078742
-0.076911
-0.141676
0.079034
0.098442
-0.065776
-0.060219
0.225100
-0.076736
-0.112827
0.044809
-0.451328
-0.022242
0.039589
-0.152802
-0.010508
-0.099683
-0.196142
0.024769
0.025556
-0.032521
0.071992
-0.272665
0.137932
-0.116576
-0.109280
-0.227532
-0.059703
0.004946
0.080728
0.128987
0.087103
0.156097
-0.004379
-0.130741
0.064602
-0.188915
-0.007813
-0.210834
0.119045
-0.031703
0.086760
0.195378
0.204031
-0.071381
-0.062372
0.102886
-0.202988
0.213803
0.030021
-0.044542
-0.006082
0.211274
-0.067188
0.113556
-0.281678
-0.158583
0.252012
0.081658
-0.235028
-0.004166
0.053822
0.150292
0.142879
-0.146032
0.308724
-0.146378
-0.091927
0.022724
0.094796
0.070269
0.109767
0.116776
-0.129884
-0.308359
0.041473
-0.060406
0.211094
0.078196
0.010670
0.092539
0.089915
0.059800
0.054983
0.075405
0.032623
0.116178
-0.085151
0.062763
0.094994
-0.064787
0.343470
0.008500
0.117535
-0.144094
0.089524
-0.099762
0.077522
0.103266
0.146056
0.515177
0.048070
-0.014739
0.046217
0.026744
0.126508
-0.308400
0.053138
0.046870
-0.060659
0.198722
0.097490
0.025683
-0.282421
-0.080539
-0.074887
-0.119420
-0.302636
-0.212486
-0.042576
-0.020572
0.066948
-0.100122
-0.064746
0.064172
0.057895
-0.020534
-0.000677
-0.027170
-0.021552
0.161801
-0.067639
-0.256561
0.028739
-0.037283
0.030232
-0.234367
0.041657
-0.073014
0.111755
-0.090548
0.073873
0.007177
0.030694
0.251305
0.048299
0.085856
0.040139
-0.114186
0.011247
0.123591
-0.104099
-0.037490
-0.173232
-0.126011
0.070544
0.053238
-0.059904
0.104583
-0.070979
0.072537
0.010109
0.071535
-0.163933
0.059255
0.132206
-0.068828
0.027043
-0.035656
0.233707
0.013954
-0.123497
0.181590
0.210108
0.177541
-0.096532
-0.106720
0.212423
0.199361
0.031572
0.106866
0.031353
-0.062862
-0.071617
0.137233
-0.024630
0.080841
-0.112120
0.089120
0.063149
0.030797
-0.055609
0.009956
0.048479
0.027931
-0.138501
-0.046265
-0.235379
-0.200324
-0.145589
-0.114410
-0.056119
-0.348456
-0.037130
0.179114
0.057314
0.165890
0.061636
0.063344
-0.057593
-0.019836
-0.154701
-0.105687
-0.042922
-0.049960
-0.103258
-0.244414
-0.232405
-0.109981
0.087911
0.189567
0.089330
0.148776
0.017619
0.087282
0.047292
-0.009433
-0.161425
-0.060710
-0.077464
0.182949
0.044858
-0.426119
-0.020668
-0.049427
-0.096829
0.100710
-0.278156
-0.043422
0.208334
-0.154945
-0.055199
-0.101791
0.073999
-0.047670
-0.039969
0.143878
-0.053920
-0.175749
-0.107632
-0.110441
-0.002845
-0.340820
0.098303
-0.117594
0.059325
-0.160279
0.177154
0.008261
-0.146787
0.007263
-0.127623
-0.190990
-0.112865
-0.010104
-0.024383
-0.203082
-0.132532
-0.033749
0.097662
-0.103612
0.073715
-0.145353
-0.151396
-0.255298
0.225921
0.123220
0.065717
0.388444
0.009459
-0.029157
-0.058277
0.114524
0.041790
-0.040494
-0.042732
0.127150
0.034711
-0.123070
-0.052666
0.247475
0.105095
-0.163185
0.016981
0.263218
0.128694
0.021956
0.173307
0.324498
0.133188
-0.015085
-0.047161
-0.212500
-0.068246
-0.122305
0.075774
-0.050103
0.066453
0.015901
-0.099680
-0.026177
0.186980
-0.179936
0.072178
-0.172115
-0.103046
-0.168045
0.125055
0.052662
-0.260741
0.205551
-0.008219
0.131838
-0.086832
0.085788
-0.048260
-0.062142
0.222311
0.258536
-0.091262
-0.230334
0.017572
-0.272334
0.095724
0.026686
0.104921
0.155105
-0.109623
-0.081114
-0.015492
-0.079925
0.135676
-0.097688
-0.145282
0.070848
0.003205
-0.024584
0.005326
-0.009802
0.037010
-0.177012
-0.082675
-0.198821
0.284402
-0.193990
0.015812
-0.145565
0.023418
0.248931
0.037611
-0.020881
0.055768
-0.146896
-0.042172
0.001943
-0.140470
-0.169497
0.091780
-0.135606
0.035942
0.064908
0.249251
0.017344
-0.058895
-0.064686
0.061831
0.034803
0.045369
0.001236
-0.172960
-0.000952
-0.210395
0.063496
0.105367
-0.080959
0.047978
0.040710
-0.125397
0.130119
-0.088747
-0.051594
-0.092599
0.016759
-0.010252
-0.028850
-0.080512
0.074829
-0.035215
-0.012734
0.081973
0.151802
-0.089227
-0.060762
-0.045870
-0.021245
-0.048254
-0.110172
0.228879
0.097888
-0.035330
0.023379
0.231488
-0.226045
-0.115786
0.091055
0.036213
0.068863
0.046931
-0.224594
0.147207
-0.196273
0.049054
-0.231077
-0.023513
0.317784
0.079856
-0.084568
0.121279
0.044002
0.029823
-0.104926
0.110723
0.130244
0.079629
0.067984
-0.068121
0.086913
0.179405
0.348486
0.271485
-0.057085
0.148423
-0.049922
-0.026802
0.150301
0.000839
-0.271151
-0.115684
-0.189556
0.183607
-0.027043
-0.097044
-0.096968
0.147044
0.203833
-0.024156
0.136116
-0.009921
0.018865
0.047292
-0.161069
-0.094513
0.092929
-0.146578
0.104597
0.009921
-0.158307
0.031564
-0.070777
0.059343
0.074463
-0.070647
0.060652
0.015854
0.115616
0.098636
-0.020350
-0.102783
-0.023398
0.113273
0.113507
-0.162434
-0.160684
0.009419
-0.068253
-0.255883
-0.169790
0.025852
0.083323
0.070547
-0.108986
-0.001214
-0.117308
-0.052059
0.121777
0.303031
-0.194079
-0.020466
0.333718
-0.093235
0.029719
0.015996
0.038716
0.075853
-0.215745
0.115967
-0.012872
-0.184310
0.069883
0.168095
-0.266336
0.077525
0.272992
0.242109
-0.000044
0.312675
-0.082178
0.160984
0.089103
0.047104
-0.151884
0.276136
0.240239
0.104175
0.243451
0.097787
0.259427
-0.312807
0.015344
0.289049
-0.297262
0.048958
0.030303
0.435465
-0.128054
-0.018448
0.083948
-0.094158
-0.154296
0.080237
-0.062068
-0.001936
-0.239301
-0.169255
-0.012899
-0.137553
-0.036212
-0.085200
0.272368
0.026712
0.061318
0.009228
-0.087506
0.102325
0.212192
0.065452
0.051563
0.172380
0.149191
-0.109650
-0.033510
0.163356
0.156766
-0.009591
-0.070819
0.220057
-0.231576
-0.114583
0.047412
0.036619
0.112346
-0.163421
0.009006
0.184070
-0.086206
-0.144362
-0.058117
-0.113593
-0.145252
-0.190670
0.095537
0.177621
0.148380
0.014802
0.122968
0.094933
-0.083493
-0.083537
-0.035614
-0.000282
0.158736
0.014118
-0.164056
0.143970
0.063608
-0.078167
-0.186533
-0.157521
0.008135
-0.101564
0.038988
0.177272
-0.129417
-0.240075
0.036926
-0.091573
-0.008202
-0.010204
0.038317
0.160433
-0.287241
-0.150757
0.143481
-0.195174
0.424486
0.054959
0.046629
-0.219735
-0.138740
0.155889
-0.010527
-0.075001
0.006834
-0.103272
0.133510
0.014416
-0.081841
-0.016753
0.016553
0.133972
-0.047089
-0.111901
0.094963
-0.124231
-0.137815
0.007597
-0.066317
-0.058742
0.077910
-0.114312
-0.304829
0.085203
0.116420
0.269003
0.140689
-0.020454
0.099810
0.017506
0.086415
-0.043838
0.260155
-0.058248
-0.131979
0.105017
-0.076811
-0.163740
0.226239
-0.196040
-0.169570
0.080429
-0.077560
0.218888
0.039169
-0.110749
-0.035209
-0.000011
-0.086800
0.222881
-0.192425
0.016317
0.309859
0.077822
-0.137956
0.153500
0.103826
-0.016411
-0.068650
-0.057840
-0.052143
-0.012338
0.022039
0.023246
0.049844
0.039117
-0.216461
-0.014759
0.079518
0.051261
-0.096732
0.120506
0.222200
0.027978
-0.030045
0.027891
-0.042215
0.229684
0.065072
0.168673
-0.073664
-0.014727
0.325571
0.228110
-0.308099
0.067637
0.126161
-0.007610
-0.125758
-0.199992
0.091972
0.171547
0.101129
-0.001256
-0.045147
-0.024600
0.203660
-0.338765
-0.302364
0.128444
0.108613
0.070951
-0.015623
-0.086844
-0.219311
0.068839
0.459520
0.074693
-0.029054
0.151352
0.086893
0.194812
-0.108378
0.107554
0.148572
0.099205
0.202627
-0.043362
0.181033
0.031392
0.175456
-0.011586
-0.110262
-0.056959
0.030924
0.112817
-0.042458
0.003935
0.243848
0.062258
0.256096
-0.268017
0.031184
-0.103270
0.025941
-0.002401
-0.004473
-0.334615
-0.076842
0.181044
-0.137147
-0.121266
0.221220
-0.123956
0.236268
0.172675
-0.165276
0.194341
-0.132545
0.248777
0.115514
0.129447
0.025119
0.002480
0.090439
0.069916
0.008162
-0.185504
-0.111307
0.005058
0.016335
-0.073620
-0.023940
0.159142
-0.081487
0.018596
0.196700
0.015090
-0.015933
-0.190506
-0.004737
0.032463
0.002461
-0.222081
0.192146
0.108266
-0.036605
-0.033766
0.070026
0.171791
-0.272584
0.009164
0.092861
-0.055742
-0.169447
-0.063118
0.165157
-0.185086
0.000639
-0.012816
-0.010667
0.218454
0.161217
-0.129117
-0.046392
0.144049
-0.199662
0.131342
-0.026715
-0.048124
-0.166060
0.120214
-0.009889
-0.113986
-0.280252
-0.096518
-0.065046
0.022656
-0.136742
0.069480
0.127223
0.159967
-0.165260
-0.227533
-0.203275
0.045454
0.006760
0.116678
-0.004985
-0.009555
0.251514
0.010611
0.286476
-0.193818
0.103082
0.051360
0.106373
0.039028
0.009318
0.041133
-0.057413
0.068016
0.042554
0.030299
-0.034029
-0.061913
-0.125195
0.069051
-0.065270
0.136344
-0.019926
0.228088
-0.110308
0.092042
-0.136064
0.075259
-0.090417
0.202453
-0.113412
0.102621
0.114218
-0.001344
-0.099576
0.008251
-0.019179
0.103036
-0.182054
-0.082790
0.002630
-0.033203
-0.193200
0.086045
0.055620
0.056865
-0.068590
-0.019648
-0.203573
0.313220
0.115007
0.056228
-0.144332
0.311657
-0.063434
0.021842
0.030277
-0.117199
0.154564
-0.001285
0.170499
-0.257118
0.048922
-0.080327
-0.040182
0.045550
0.035918
-0.164082
0.375516
0.314344
0.176765
0.065674
-0.036837
-0.085491
0.080956
0.000861
-0.038176
0.170942
0.054433
0.096776
0.013305
-0.122864
0.229987
0.105837
-0.034967
-0.336232
-0.001742
-0.041012
0.009286
-0.154168
-0.141143
-0.035720
-0.296209
0.075885
-0.109049
-0.161728
0.134866
-0.153167
0.105771
0.030229
-0.103534
0.311582
-0.055904
0.079764
-0.161746
-0.132166
0.004644
0.011931
-0.078023
0.166135
-0.015078
0.096675
0.212356
0.100550
-0.173181
0.117888
-0.078325
-0.064782
-0.121188
0.132265
-0.151944
0.025336
-0.038842
0.032753
-0.125920
0.007341
0.014322
-0.039083
0.042101
0.049174
0.022786
-0.084514
-0.052954
0.237290
0.004944
-0.038726
-0.004798
-0.093188
-0.023373
0.117531
0.019002
0.100730
0.198364
0.237922
0.060109
0.018046
0.118464
-0.087742
0.055280
-0.008737
-0.021659
0.059039
0.007089
-0.098835
0.238943
-0.170087
0.074971
0.144767
-0.114792
0.137316
-0.113298
0.021556
-0.030555
-0.139963
-0.069265
-0.129065
0.228444
-0.025084
0.052029
-0.081396
-0.238542
-0.055035
0.060976
-0.237469
-0.074683
-0.308605
0.089630
-0.044842
0.096903
0.165025
0.020129
0.106700
0.026641
0.137340
-0.099147
-0.176334
-0.188937
0.121786
-0.052134
0.060053
-0.091226
0.017562
-0.088096
0.087098
0.058029
0.054796
-0.104238
-0.239551
-0.078155
-0.363969
0.283362
0.243164
0.029531
0.027320
0.064674
0.160678
-0.110898
-0.124125
-0.142663
0.076770
0.088763
0.040938
0.196090
0.004541
0.097456
-0.018572
0.154006
-0.176249
0.012679
0.044716
0.009731
0.151262
0.076564
0.070284
-0.233145
0.175684
-0.191627
0.005057
-0.025165
-0.032155
-0.168522
0.026508
-0.108653
0.028588
0.030000
-0.114296
0.110115
-0.057099
0.205700
-0.195689
0.080295
0.234837
-0.079666
0.001240
0.199110
-0.195896
-0.027954
0.050620
0.094360
-0.109790
-0.071003
0.114645
0.093149
-0.223233
0.008860
-0.156434
-0.071248
0.002432
0.041465
0.125007
-0.153808
-0.147164
-0.172264
0.134395
0.105583
-0.193800
-0.036076
0.049801
0.153463
-0.134415
-0.317849
0.350472
-0.144002
0.059168
-0.211292
0.202789
-0.025526
0.148955
-0.001476
0.166855
-0.068257
-0.198435
-0.145111
0.171410
-0.179992
-0.155303
0.024813
0.150939
0.186329
0.242035
-0.012932
0.077126
-0.119039
-0.071265
-0.006839
0.093428
0.096470
0.206890
-0.325355
-0.048364
-0.001434
0.073465
0.008482
-0.169631
0.101053
0.035132
0.065013
-0.180126
0.124712
-0.117697
0.153243
0.024976
-0.017774
-0.115117
0.298701
0.073628
0.144796
0.050377
0.114762
0.065717
0.119480
0.221893
0.120282
0.020147
-0.120029
0.007645
0.181756
0.047538
-0.082801
0.005877
-0.063912
0.070503
0.083939
-0.105825
0.087478
-0.188771
0.151025
0.078761
-0.077602
-0.158025
0.044523
-0.111597
0.029134
-0.100539
0.206213
-0.109238
0.176802
0.176089
0.007211
0.074723
-0.076930
0.000615
-0.026509
0.047784
0.153288
-0.066851
-0.089207
-0.049756
-0.164046
-0.250143
0.117602
0.122612
-0.059421
-0.175195
-0.367665
-0.208225
0.266043
-0.318909
-0.157971
-0.038359
-0.029123
-0.151239
-0.091984
0.116285
-0.125217
0.150013
-0.000890
0.063168
-0.182322
-0.022487
0.327012
0.159340
0.156818
-0.085784
-0.032554
0.052326
0.060336
-0.108825
-0.034082
0.204201
0.142094
-0.162334
-0.158578
-0.047707
0.055486
0.116642
0.162104
0.133843
-0.001587
0.065951
-0.048495
0.039541
-0.035119
-0.191028
-0.267884
0.209899
0.108936
-0.166779
0.130181
-0.189537
-0.044107
-0.155114
0.034971
-0.094849
-0.199504
0.165728
-0.062041
-0.092330
-0.015718
0.117673
0.031683
-0.091662
-0.079526
-0.085593
0.093928
0.060376
0.015251
0.105353
-0.189621
0.273561
-0.087422
0.059263
0.030645
0.010189
-0.045661
-0.274753
-0.101917
-0.017632
-0.104164
0.071138
0.030511
0.067010
-0.066648
-0.018235
0.037495
-0.147460
0.013477
0.047070
-0.084505
-0.144215
-0.060469
0.150896
-0.094703
-0.037871
0.089508
-0.106542
0.022012
0.139288
-0.028700
-0.084593
0.049500
0.226959
-0.174801
-0.026607
-0.059263
-0.120761
-0.043276
-0.231943
-0.174837
0.217286
-0.311597
-0.025785
0.039046
0.162541
0.081941
-0.261544
-0.098664
0.122909
-0.289520
-0.092173
-0.017497
-0.056496
-0.213220
-0.085676
-0.060052
0.216397
0.298478
0.023849
-0.034633
0.207622
-0.035939
-0.176013
0.117378
0.127503
0.251042
-0.192103
-0.125898
-0.113947
0.055285
-0.013968
0.174776
0.032001
0.063546
0.230479
0.018413
0.039681
0.061472
-0.168432
0.017710
0.097941
0.008891
-0.032342
0.088210
0.103103
-0.205562
0.111489
0.026282
0.066982
0.051790
0.073791
0.106717
-0.098793
-0.023842
-0.055499
0.007131
-0.090070
0.059547
-0.074636
-0.076798
-0.054289
0.153067
0.047720
-0.092149
-0.090936
0.113648
0.176117
-0.184105
-0.110361
-0.382485
-0.052386
0.015215
0.028488
-0.145654
0.080506
0.218045
0.090040
0.071223
0.037000
0.269956
0.156667
-0.017228
0.177776
0.057125
0.210391
-0.079264
0.167707
-0.079044
0.001763
-0.142013
-0.100565
0.005397
-0.061164
-0.178052
-0.008093
0.287254
0.112481
-0.123390
-0.043399
0.098987
0.092933
0.105999
0.070571
0.224586
0.033562
0.043045
0.001787
-0.235515
0.036638
-0.088633
0.127800
-0.025664
-0.087625
-0.105074
-0.017832
-0.108315
-0.185007
0.223048
0.006803
-0.002002
0.020889
0.042124
0.195998
0.239172
0.082201
0.022290
0.153824
0.245934
0.035604
0.160531
-0.107784
0.026716
0.195105
-0.281811
-0.099575
-0.065319
-0.019127
0.007108
-0.016779
0.046347
0.105480
-0.079360
-0.124402
-0.071507
0.090883
-0.245319
0.122598
0.243596
-0.053598
0.013342
0.219061
0.029784
0.030459
-0.074218
-0.100174
-0.124893
0.091287
0.100958
-0.012588
0.042280
0.032319
-0.162260
-0.019562
-0.089845
-0.128489
0.002818
-0.160666
0.032960
-0.080797
0.052321
0.073022
0.194821
0.005082
-0.027097
-0.039548
-0.015936
-0.039701
-0.096236
-0.002484
0.056117
0.257112
-0.018921
-0.059474
-0.097049
0.096642
0.086606
0.021507
-0.090768
-0.073876
-0.118920
0.140117
0.109084
-0.032558
0.148684
0.228530
0.015386
0.237987
-0.197791
-0.026498
-0.153998
0.058880
-0.064765
-0.147639
0.011313
-0.138634
0.161892
-0.056695
-0.217865
0.139172
0.044310
-0.123993
0.055094
-0.242699
0.022460
0.034180
0.103054
0.034665
0.031736
0.002039
0.375096
0.153943
-0.168240
-0.107752
0.160227
-0.392354
0.079057
-0.365301
0.137976
0.066174
-0.092898
-0.110723
-0.073661
0.385519
-0.250083
0.047272
0.156879
0.156680
-0.075016
-0.015280
0.083357
-0.013618
0.188643
0.002608
-0.170516
-0.114402
0.077075
-0.018702
-0.146450
0.047738
-0.001906
-0.072256
-0.079542
-0.221161
0.168003
-0.075154
-0.131225
-0.228094
0.139848
0.118443
0.201176
-0.217850
-0.087469
0.047963
-0.097348
-0.217024
-0.080766
-0.062498
-0.045349
-0.015207
-0.116915
-0.122702
-0.074587
0.136627
0.070346
0.005683
0.004444
0.087937
0.084317
0.365107
0.139429
0.014911
0.126821
0.051013
0.213053
-0.100644
-0.087710
0.076769
0.139194
-0.251997
-0.097155
-0.103340
0.080105
-0.027205
-0.044446
0.019131
-0.076640
0.024457
-0.051695
-0.009957
-0.035506
-0.202623
-0.176631
-0.045333
-0.149383
-0.058223
0.054194
-0.280850
0.059642
0.066493
0.021241
0.128076
0.097003
0.131434
-0.061934
0.114654
-0.239074
-0.258875
0.110361
-0.047983
0.060988
0.144548
0.274103
0.113452
0.012996
-0.190640
0.111850
0.019874
-0.250581
-0.283274
-0.164951
0.059450
0.159686
0.002115
0.104251
0.137509
0.154914
-0.071132
-0.200484
-0.113063
-0.040299
-0.145051
-0.034852
0.156770
0.007744
-0.226526
-0.003607
0.116427
-0.135641
-0.231472
-0.087933
-0.005207
0.141048
0.009740
0.101510
-0.092505
-0.041686
-0.008241
-0.064929
-0.160570
-0.136214
-0.022796
0.036697
0.025880
-0.252797
-0.085220
-0.056023
-0.156648
0.076815
0.015022
-0.013052
0.202214
0.002220
-0.001363
0.033692
0.092865
-0.162064
-0.057480
0.110392
-0.062854
0.075882
-0.186274
0.000751
0.035237
0.095026
-0.346497
-0.066440
-0.171747
0.195035
0.153533
0.024188
-0.020988
0.035560
-0.065606
-0.171702
-0.020257
-0.064880
-0.022742
-0.070676
-0.211739
-0.012200
0.123114
0.129629
-0.196063
0.126162
-0.230882
-0.074748
0.130677
-0.092896
0.032413
0.055777
0.239978
0.073656
0.005395
0.040890
0.161204
-0.123851
0.146201
0.029524
-0.279652
-0.197564
-0.131186
-0.065195
-0.160028
-0.042267
0.008342
0.029564
-0.143710
0.022145
-0.142896
-0.098439
-0.077340
-0.137490
-0.098273
0.026681
-0.068607
0.042031
0.183014
-0.147810
0.052682
0.032128
0.128860
0.000842
-0.044328
0.048673
-0.063226
-0.289462
0.051625
0.283965
-0.101740
-0.023244
0.170911
-0.182711
-0.146197
-0.171145
-0.197410
0.275331
-0.068509
-0.011685
0.271257
-0.150107
-0.138559
-0.185311
0.149147
-0.323056
-0.325785
0.136074
0.068234
0.033498
-0.172107
-0.195066
0.000199
0.153631
-0.324760
0.041460
-0.020171
0.126696
0.272335
0.017667
0.016109
-0.114913
-0.004917
0.214779
0.086401
-0.072174
0.081601
-0.019780
0.048755
0.062047
-0.095241
-0.039606
-0.147363
-0.098719
0.089077
0.143801
0.010943
-0.003335
-0.020098
-0.144851
0.086886
-0.031786
0.222744
0.174239
0.012627
-0.199643
0.056529
-0.158070
-0.140767
0.081816
-0.267996
0.086836
-0.010723
0.178818
0.197484
-0.023549
0.005598
0.163756
0.008827
0.063344
0.129838
-0.076539
-0.209663
0.046336
0.055471
-0.133631
0.226450
-0.074815
-0.099957
0.059383
-0.015837
-0.112070
0.123285
0.004727
0.105946
0.043487
-0.045990
-0.058141
0.228143
-0.209588
-0.156882
-0.297740
-0.053562
0.264577
-0.123085
0.015628
0.079558
0.076484
-0.102288
0.022576
0.147087
-0.084399
-0.031387
-0.200349
0.117043
-0.023442
0.132215
0.074273
-0.185751
0.116600
0.168884
0.044563
0.148309
-0.042312
0.230197
0.158012
0.100902
0.029852
0.050463
0.090409
0.115995
-0.012170
0.038856
0.217299
-0.255207
0.052808
0.138374
0.017127
0.176268
0.120355
0.027678
0.350009
0.019791
-0.090046
0.115206
-0.008247
-0.058415
-0.084310
-0.321243
-0.091436
-0.025861
-0.117383
-0.016794
0.152140
0.054461
0.031894
0.089989
-0.086295
-0.020523
0.293178
0.033624
-0.036456
0.235654
0.001317
-0.187267
-0.073468
-0.197755
-0.098958
0.040734
-0.044383
0.130361
-0.127259
-0.093608
0.137888
-0.049257
0.073696
-0.121772
0.129306
-0.034425
0.154487
0.077283
-0.025847
0.025724
0.046710
-0.047085
-0.006475
-0.000346
-0.091780
-0.077749
0.009248
0.033303
-0.001385
-0.054588
0.053830
-0.324823
-0.104623
-0.095206
-0.061929
-0.162789
-0.076419
-0.042739
0.171594
0.004494
0.189369
-0.224180
-0.021737
0.128041
-0.242891
-0.258967
-0.077116
-0.019641
-0.209815
0.065546
0.118375
0.265621
-0.019658
0.011170
-0.089052
0.260961
0.034045
0.255080
-0.036754
-0.016420
0.227691
0.003873
-0.022248
-0.335180
0.037058
-0.132580
0.153910
0.007375
0.200411
-0.127703
-0.109014
-0.246449
0.174041
-0.016954
0.044012
-0.075860
-0.091745
-0.230402
-0.143584
-0.023437
0.034249
0.051307
-0.043956
-0.177265
0.003435
-0.126815
0.075333
0.025461
0.061341
-0.086557
-0.036780
0.011010
-0.041567
0.014839
-0.007791
0.158882
0.101839
-0.124098
0.157429
-0.000721
0.025240
-0.172493
-0.302810
0.267698
0.184197
-0.013697
0.077701
-0.012926
0.162640
0.107994
0.072872
0.101004
-0.133216
0.048601
0.185450
-0.086067
0.041844
-0.120687
-0.002662
-0.164039
0.173092
0.156398
-0.206248
-0.095222
-0.133143
-0.107954
-0.123641
-0.043793
-0.235841
0.086837
0.053322
0.067224
0.044691
0.125782
-0.195507
0.232872
0.233438
0.220088
-0.080966
-0.195883
-0.148132
-0.020314
-0.002851
-0.073302
-0.146702
0.120351
-0.012053
-0.300470
-0.193888
-0.124631
-0.159238
0.046651
-0.027757
0.119137
-0.111388
0.215062
-0.090832
0.120053
-0.019401
0.072937
-0.159615
-0.099022
-0.146215
0.071979
0.153225
-0.067863
0.077852
-0.152964
0.063432
0.016977
-0.122556
-0.020275
-0.240605
-0.094921
0.083050
0.279526
0.028389
-0.028871
-0.006032
-0.162231
-0.002250
-0.180283
0.081444
0.095735
0.148673
-0.120457
-0.235386
0.078105
-0.034803
-0.229921
0.001346
-0.068508
-0.121910
0.082807
0.256013
0.153029
-0.013255
-0.000698
-0.149796
0.008347
-0.008744
-0.016944
0.000506
-0.246097
0.032643
0.004332
0.113738
-0.012226
0.190328
0.226761
0.041793
-0.131350
-0.144358
-0.110294
-0.102337
-0.023014
0.033280
0.098849
0.054740
-0.163103
-0.026699
-0.144651
0.118462
0.172451
0.158793
0.261422
-0.104928
-0.013510
0.048296
0.088871
0.197371
-0.230947
-0.147998
0.251337
-0.152770
0.216354
0.023021
-0.160247
-0.026782
-0.106380
0.102369
0.016364
0.049171
-0.043363
0.105430
-0.075665
0.058776
0.023430
0.136267
0.119051
-0.186921
-0.090564
-0.102081
0.097845
-0.180898
-0.204476
0.192502
-0.059663
-0.064283
-0.090957
-0.048538
-0.001468
-0.111613
0.157076
-0.020468
-0.037358
0.123866
-0.009754
-0.022264
-0.014806
-0.095611
0.016548
-0.059292
0.173280
0.170936
0.138521
-0.076509
-0.277599
0.004727
-0.018293
0.146716
0.037769
0.111129
0.090271
0.060867
-0.076148
-0.073197
-0.136681
0.089615
0.059379
-0.188261
-0.042906
0.287460
0.076910
-0.060399
0.102499
-0.132039
0.121092
0.235485
-0.209663
0.048091
0.015276
0.088282
0.057732
0.151196
-0.017521
-0.148843
-0.035086
-0.043146
0.094449
-0.029459
0.051853
-0.006008
-0.181271
-0.091176
-0.212344
0.080445
0.129259
-0.078863
0.216803
0.213700
0.077800
0.097419
0.107271
-0.152469
0.033648
-0.028943
-0.101154
0.000641
0.092859
0.035429
0.116928
-0.009456
-0.077666
-0.122896
-0.288713
0.037518
0.174010
-0.128443
-0.190209
0.075859
0.007348
0.127190
-0.165824
-0.227733
0.105833
-0.180005
0.125552
0.003857
-0.001860
0.029692
-0.077174
0.199666
0.063141
0.134951
0.066421
-0.262361
0.040925
0.058550
0.262789
-0.007126
-0.289990
-0.051351
-0.069722
-0.220671
0.071231
-0.170636
0.152652
0.304872
-0.137075
-0.015443
0.171377
0.021003
0.061445
0.019970
-0.085879
-0.123950
0.274467
0.171303
0.125986
0.033557
0.038988
-0.010965
0.043173
0.022034
0.047815
0.025318
0.071234
-0.055930
0.098411
-0.077830
-0.007049
-0.141563
-0.131349
-0.047894
0.092124
-0.089910
-0.047914
0.184830
-0.144554
-0.064615
0.137063
0.110020
0.014846
0.082015
0.022757
-0.022623
-0.025615
-0.052909
-0.017958
-0.067169
-0.037053
-0.083774
0.091265
0.156834
0.207280
-0.138960
-0.074399
-0.098942
-0.001111
0.122680
0.154451
0.001818
-0.068151
0.088309
0.220021
-0.135494
0.082803
0.273793
-0.279030
-0.213104
-0.199980
-0.002878
-0.009666
-0.028674
0.042252
0.139710
-0.029593
0.133466
0.164756
0.105823
0.058278
-0.058424
-0.025829
0.269162
0.121583
0.226513
0.084280
-0.063147
0.086817
-0.114194
-0.057528
-0.104606
0.159601
-0.048261
-0.054401
0.185686
0.369873
0.012962
0.254014
-0.007686
-0.202095
0.065786
0.092995
-0.148693
0.077289
0.314175
-0.091565
-0.226562
0.091626
0.016365
-0.064234
0.208890
0.041879
-0.167257
0.005003
-0.001123
0.005484
-0.004135
0.163875
-0.004242
-0.121160
-0.038319
-0.040352
0.017410
-0.104627
-0.272497
-0.036894
0.095970
0.145640
0.043527
0.034914
0.024879
0.034279
-0.101493
-0.037688
0.025215
0.054681
-0.055360
0.300479
0.184699
-0.232979
-0.048246
0.027706
-0.040129
0.225934
0.030241
0.155838
0.095020
0.040942
0.093614
0.481495
0.050508
0.084461
0.269097
0.128830
-0.189146
0.037381
0.102420
0.152145
0.214214
0.043329
-0.147285
0.119542
-0.314329
-0.100485
-0.092486
0.007293
-0.126028
-0.012002
0.106498
-0.083325
-0.105340
-0.169069
0.060846
0.009860
0.151030
0.130982
-0.202619
0.071066
-0.104502
-0.085272
-0.006190
-0.222255
0.031389
-0.030401
0.131603
0.135326
-0.126665
-0.065658
0.032390
-0.414249
0.037499
0.011832
-0.103782
-0.093893
0.034097
-0.111778
-0.198753
0.243360
-0.033052
0.195524
0.043604
-0.003799
-0.181294
-0.119303
0.062606
0.021558
0.007152
-0.152869
-0.146953
-0.096527
-0.042696
0.097927
-0.034866
0.058935
-0.023589
-0.100809
-0.060777
0.107409
-0.033167
-0.351847
0.015186
-0.178586
0.039248
-0.012800
0.052276
-0.098932
-0.093808
-0.320713
0.069793
-0.148304
-0.076585
0.248289
-0.096456
-0.127301
0.189920
0.035114
0.058558
-0.059046
-0.114817
0.125826
0.100606
0.039444
-0.185523
-0.103224
0.245565
0.113611
0.332044
0.057608
-0.035684
0.004498
0.065928
0.170061
0.009635
0.043985
0.022146
-0.204313
0.038022
0.195797
-0.107137
-0.100543
-0.021234
0.036810
-0.177699
0.020066
0.009488
0.046745
-0.016295
0.021832
-0.119470
0.064540
0.144356
-0.124756
-0.106171
-0.093524
0.151335
-0.044033
0.108104
-0.032254
-0.079565
0.077734
0.146104
-0.096360
0.208216
-0.057677
0.050348
-0.206227
-0.049283
0.027746
0.149620
-0.184789
-0.008639
0.041982
-0.055327
-0.252568
0.076941
0.045415
0.006874
0.167822
0.272067
0.104194
-0.022036
-0.107361
-0.138636
-0.010073
-0.193605
0.230957
-0.046504
-0.013222
-0.000770
-0.185139
-0.115493
-0.358375
0.060955
-0.019740
0.145819
-0.022586
0.041404
-0.074947
-0.025213
0.201528
-0.044064
-0.053054
0.035444
0.008645
-0.044321
0.186862
0.069101
-0.154114
0.001845
-0.083935
0.139642
-0.127208
0.015188
0.054162
0.037222
-0.177162
0.052688
-0.004255
-0.019540
-0.162055
-0.162023
-0.115079
0.053565
-0.273012
-0.039199
-0.121252
0.077662
0.106579
-0.012939
0.021010
-0.143405
0.011452
0.158031
-0.004358
-0.121558
-0.076378
0.080283
-0.116548
-0.098747
-0.054495
-0.132978
-0.030023
-0.101435
-0.149162
-0.157779
0.060514
-0.074231
0.049615
0.073554
0.144772
-0.163481
-0.042955
-0.159987
-0.052050
0.294548
0.037752
0.068072
-0.046575
-0.025747
0.269729
0.195124
0.085891
0.135719
0.308458
-0.002797
0.086726
-0.028760
0.104984
-0.068061
0.018475
0.063399
0.042086
-0.054972
-0.472585
-0.015826
0.158423
0.219764
-0.039659
0.037754
0.145779
0.061293
-0.079625
0.045250
-0.061888
-0.073658
-0.038686
-0.187986
-0.298279
0.020037
0.124323
0.178428
0.020846
-0.041805
-0.023305
-0.284739
-0.044612
0.003911
0.109102
0.056323
-0.005284
0.102064
-0.092932
0.181177
0.141249
-0.023915
-0.071532
0.054790
0.089919
0.083703
0.118633
-0.172905
0.246596
0.063687
-0.216890
-0.083034
0.026865
-0.110156
-0.039525
-0.052324
-0.018068
-0.329176
0.247937
0.087963
0.014631
0.016656
-0.161076
-0.032435
0.043885
-0.146239
-0.064029
-0.457104
-0.160655
-0.007688
-0.099927
-0.130970
0.095587
0.035707
-0.129240
-0.009894
0.031695
0.088036
-0.191360
-0.098333
0.149453
0.032701
0.048446
-0.148321
-0.133345
0.172954
-0.048386
0.200326
0.320095
0.019217
0.261245
0.101290
-0.083362
-0.052917
0.133348
0.053611
0.126123
-0.149016
-0.072532
0.049299
-0.000553
-0.006519
0.028797
-0.007424
-0.054161
0.088613
0.122109
0.109822
0.033874
-0.036044
0.008461
0.077207
0.030844
-0.232948
0.138523
0.035893
-0.097769
-0.179828
0.046522
-0.111697
0.023863
0.107299
0.027535
-0.031256
-0.026489
0.247555
-0.009883
-0.200705
0.179890
-0.178353
0.040621
-0.092885
0.016022
0.109988
-0.049906
-0.148054
-0.076673
-0.217633
0.068315
-0.208485
0.243151
-0.000501
0.100865
0.007570
-0.065642
-0.062356
0.084856
0.190139
-0.151398
-0.030091
-0.071390
0.075048
-0.080194
0.025106
0.090493
0.071065
0.129590
-0.224992
0.289472
0.208761
-0.203380
0.125117
-0.000553
0.024129
0.166667
0.247946
0.223558
-0.114679
-0.145187
-0.028684
0.052827
0.021508
0.465919
-0.004654
-0.000585
0.122565
0.001870
0.174566
-0.103233
0.003966
0.210347
0.030942
0.029717
0.276217
-0.062912
-0.028551
0.031209
-0.098071
-0.227407
0.109415
-0.214144
0.064464
0.027851
0.176898
0.186732
0.009126
0.239059
-0.103505
-0.027371
0.271190
0.014731
-0.255891
-0.153135
-0.071022
-0.088946
0.097831
-0.143812
-0.026137
-0.167485
-0.008943
0.083491
-0.275560
-0.126540
-0.069578
-0.120365
-0.064713
-0.027981
-0.183376
-0.051721
-0.112557
0.045908
-0.001522
-0.032187
0.057368
0.113431
-0.031704
-0.220200
-0.173328
0.056421
0.133338
0.054893
0.107484
0.003989
-0.182391
0.203974
-0.042270
-0.321445
0.101533
0.052981
0.144863
0.224736
0.052955
0.119648
-0.071771
-0.011825
-0.216684
-0.078995
-0.089479
0.005309
-0.282660
-0.110026
-0.006354
-0.254646
0.019186
0.005038
-0.070391
-0.051666
0.180750
-0.110994
-0.193768
0.148771
-0.121152
-0.024147
0.002495
-0.002076
-0.061878
-0.052503
-0.136778
0.119799
-0.129012
-0.047709
0.028566
0.095099
-0.190729
-0.129180
0.140194
0.013768
-0.139762
0.085707
-0.033212
0.068204
-0.053622
-0.114916
-0.044827
-0.051212
-0.060573
0.055423
-0.158240
0.047883
-0.036914
-0.156794
0.103975
0.016239
-0.007969
-0.223621
0.060521
0.196651
0.189945
-0.005711
-0.150546
-0.102950
0.061139
-0.108511
-0.115755
-0.001557
-0.016463
0.193067
0.351177
0.109540
-0.096385
0.001898
-0.090140
-0.152486
0.168412
-0.084854
-0.038304
0.046713
0.034510
-0.270173
0.181278
-0.043156
-0.007808
-0.225004
0.062256
0.025879
0.100808
-0.049785
-0.071885
0.211871
0.150276
0.014165
-0.183223
0.095775
-0.145385
-0.038278
-0.093014
-0.122923
-0.245919
0.138727
-0.023085
0.011756
0.034277
0.161374
-0.162823
0.038931
0.179327
0.144194
-0.099099
-0.061159
-0.279397
0.123592
0.216820
0.001283
0.206829
-0.019780
0.226501
0.130820
0.202822
-0.201375
-0.021893
0.091309
-0.028700
-0.263881
-0.068617
0.080987
-0.141340
-0.070246
-0.070103
0.165031
-0.108421
0.263572
0.036200
0.125703
-0.134620
-0.000480
0.140335
0.016326
0.029079
0.068896
0.139183
0.019819
0.156888
-0.070473
0.143303
0.138272
0.070984
0.091427
0.136261
0.023956
0.056253
0.050357
0.214483
0.008123
-0.294326
-0.162575
0.082698
-0.117655
-0.252042
-0.052507
-0.217954
0.016929
0.066178
-0.017260
0.036721
-0.124826
-0.017416
-0.132369
0.168454
0.064105
-0.006280
-0.128469
-0.116679
0.302610
-0.233265
-0.078254
0.145908
-0.035184
-0.010677
-0.054837
-0.238058
0.119154
0.085643
0.027672
0.372394
0.013476
0.227340
0.045450
-0.031587
-0.148845
0.009148
0.229624
0.026152
-0.037751
-0.260450
0.066775
-0.169066
-0.074990
0.203558
0.033188
0.008711
-0.001590
0.002597
0.297846
-0.101954
0.003778
-0.013011
0.259150
-0.029725
-0.058082
0.079344
-0.235247
0.228213
-0.138522
-0.172875
0.056502
-0.253974
-0.058528
-0.002277
0.079558
0.041116
0.156265
-0.062468
-0.174728
0.087331
0.295408
-0.118328
-0.175193
0.100090
-0.082513
-0.156865
0.148300
-0.128671
-0.196679
-0.068394
0.005135
-0.105394
0.035959
-0.169270
-0.162881
0.132009
0.197577
0.088295
0.308451
0.020049
0.094524
-0.079216
-0.219640
0.138118
-0.101343
-0.056928
-0.325861
-0.138210
-0.027813
0.090893
0.176804
-0.112154
-0.003182
0.176767
-0.295719
0.030614
-0.028692
-0.158047
-0.248311
-0.219895
-0.062818
0.083480
-0.085671
0.016844
0.130896
-0.114706
0.057758
0.122889
-0.131474
-0.106100
0.048701
0.023295
-0.124760
0.050871
0.025591
0.067244
-0.088675
0.018657
-0.052760
-0.076196
-0.118315
-0.048523
0.102855
-0.035883
-0.036168
0.001499
0.022133
-0.019988
-0.056483
0.042119
-0.212465
-0.151514
0.153232
0.006319
0.067649
0.027111
0.154351
0.088962
-0.171771
-0.101957
0.131688
-0.000646
-0.220409
0.058178
-0.020010
-0.032938
-0.152920
-0.267931
0.229516
0.092400
0.012540
0.112347
0.001536
0.082134
0.034260
-0.176455
-0.015391
-0.017243
-0.015159
0.025782
0.124366
-0.198022
-0.249847
0.098911
-0.090337
0.192346
0.029502
-0.132605
-0.083302
0.195644
-0.011633
-0.077967
-0.047098
0.157954
-0.031522
0.154402
-0.281917
-0.151028
0.031951
0.147204
0.134137
0.106704
-0.125640
-0.032643
0.099063
-0.070970
0.059230
0.121255
-0.002750
-0.075867
0.022094
-0.006650
-0.099708
0.112062
-0.124343
0.212527
0.030709
0.255340
0.024232
0.207734
-0.030937
0.002697
-0.056377
-0.274942
-0.204375
-0.079011
0.100992
0.163823
0.129333
0.054584
-0.130430
0.040850
-0.025123
-0.035926
0.006303
0.010720
0.142943
0.018246
-0.051117
0.015122
-0.188932
0.130693
-0.056087
0.006009
-0.070315
-0.105032
-0.123421
-0.203999
-0.137412
-0.168382
0.110993
-0.085200
-0.247850
0.053654
0.002658
-0.218751
-0.035415
-0.125566
-0.148667
0.001027
0.032875
-0.016119
-0.132353
-0.113846
0.050452
-0.243195
-0.065152
-0.113094
0.073999
0.078833
0.085041
-0.113176
0.074014
0.190682
0.119134
0.026088
0.030217
-0.077424
0.001959
-0.104121
-0.143070
-0.162072
0.005697
0.212131
-0.104067
-0.064457
0.100796
-0.027248
-0.075116
-0.022321
-0.012655
0.004142
-0.137953
0.072783
-0.072388
-0.049838
0.054183
0.069331
-0.031022
0.119466
-0.100216
-0.083299
0.074743
-0.035149
0.014911
0.100141
0.057122
-0.071277
-0.000506
-0.067800
-0.060722
-0.246681
-0.101854
0.142785
-0.110131
-0.109585
0.035948
0.157336
-0.069558
-0.037048
0.009156
-0.098522
-0.114788
0.178684
-0.095600
0.186429
-0.031516
-0.070535
0.124107
-0.019275
-0.203908
0.245299
-0.309527
-0.142985
-0.110643
-0.093582
-0.127039
0.050783
0.110937
-0.007613
0.159197
-0.073016
0.107685
0.177874
0.031176
0.219439
0.004580
-0.050595
-0.065220
0.033006
0.109478
0.110232
0.169129
0.124692
-0.007827
-0.056428
-0.070951
0.027941
0.059943
0.076629
-0.014991
0.107242
-0.327315
0.100246
0.119517
0.084322
-0.240946
0.002007
0.175792
0.068878
-0.067911
0.191797
-0.232926
0.169188
-0.124351
0.056754
0.113659
0.072793
-0.056990
0.037343
-0.148221
-0.118128
0.078179
-0.048627
0.134292
-0.033608
0.261767
0.024455
0.062166
-0.336418
-0.129387
-0.145018
0.054323
0.047552
-0.091892
0.025037
-0.130669
-0.155563
0.102633
-0.036452
-0.151812
0.076936
0.106549
-0.024170
0.121225
0.226858
0.095170
0.050426
0.167449
0.100296
0.109476
0.117494
-0.039472
0.241247
0.095048
-0.123059
-0.017386
0.103237
0.170400
-0.031460
-0.017737
0.037634
-0.038957
-0.068269
0.144546
-0.119143
0.165542
0.097421
0.026853
0.186655
0.004540
-0.005065
-0.017778
-0.122003
-0.029124
-0.152865
0.063359
-0.077158
0.124509
0.018594
0.093746
0.059390
-0.019319
0.135609
-0.246334
-0.098200
0.152095
0.069701
0.061131
0.074671
-0.050404
-0.034478
-0.197978
0.172245
-0.272996
0.034870
0.075544
0.002692
0.113906
0.062026
0.108945
0.222812
0.041848
0.347495
-0.049008
-0.045821
0.067443
0.137241
0.261024
0.011891
-0.005424
0.162050
-0.056846
-0.016998
0.127447
-0.033955
0.136020
-0.042159
-0.049992
0.020902
0.031492
0.071383
-0.034177
-0.385444
-0.055673
0.194457
0.163457
-0.046728
-0.026037
-0.006563
0.106421
-0.044018
0.164878
-0.076810
0.094759
0.012141
0.004447
-0.054151
0.180282
0.275652
0.012563
-0.004867
0.039224
-0.011762
0.123718
0.068442
0.107914
0.013236
-0.076574
0.144741
0.045609
-0.123736
-0.067395
0.008543
0.048138
-0.030393
-0.058287
0.293425
0.064962
-0.083436
0.137691
0.137393
0.077502
0.098373
-0.024539
-0.231271
-0.161774
0.133560
0.049035
-0.010613
-0.231082
-0.146807
0.062816
-0.184422
-0.082836
0.097747
0.046072
-0.053083
-0.014027
-0.132529
0.209008
-0.223964
0.281431
-0.165304
-0.047166
0.031505
-0.129344
-0.071218
-0.163848
0.125752
0.188472
-0.216246
0.205882
0.113036
0.065201
-0.167445
-0.019640
-0.143414
0.319111
0.098598
-0.121900
-0.073282
0.144695
-0.013552
0.146311
-0.036317
-0.068892
-0.089627
0.199290
0.267210
-0.033641
-0.040364
-0.023952
0.234234
0.010789
0.160275
0.001358
0.248383
0.034929
0.001717
-0.157084
0.153941
0.212735
-0.005727
-0.218093
-0.129195
-0.052517
0.069323
-0.080639
-0.044566
0.103547
-0.151477
-0.121484
-0.012201
0.059300
-0.062389
-0.095158
0.022221
-0.024883
0.022072
-0.251162
0.029388
-0.017337
-0.024656
0.116293
-0.188679
-0.099422
0.033344
0.135347
-0.282142
-0.240694
-0.114365
0.020617
-0.100139
0.036887
0.126674
-0.060580
-0.011764
-0.104125
-0.088342
0.021911
0.080207
0.129808
0.089810
-0.020001
0.070413
-0.013699
0.198141
-0.156485
-0.159844
0.278484
-0.069196
0.076716
0.074786
0.190183
-0.234274
-0.108090
-0.197265
0.058148
0.178060
0.123270
0.171601
0.049472
0.026968
-0.012044
-0.083307
-0.040123
0.120558
0.252055
0.176775
-0.028410
0.071110
0.072885
-0.051549
-0.270391
0.009320
0.038597
-0.201879
0.082875
-0.122710
0.079229
0.191365
-0.034083
0.012286
0.045748
-0.159054
0.118331
0.120807
0.022020
0.002607
-0.205236
-0.129219
0.077717
-0.043079
0.018080
-0.061170
0.230320
-0.339823
0.146400
0.056091
-0.263366
0.061713
-0.148887
-0.209765
-0.038481
-0.015065
-0.213342
-0.029754
0.078341
0.136637
-0.062991
-0.034904
0.332980
-0.160419
-0.235461
0.025768
-0.084035
0.140621
0.222694
-0.264105
-0.207935
0.149752
-0.034343
0.342072
0.188638
-0.082373
-0.126862
-0.053788
0.026618
-0.102238
-0.003620
0.102442
0.014014
0.034188
0.084605
-0.019119
-0.008019
-0.126129
-0.073315
-0.014868
0.125914
0.124722
0.032555
-0.187049
-0.089823
-0.008702
0.188558
-0.031835
-0.216652
0.056308
-0.028169
0.076196
-0.268130
-0.055646
0.036846
0.192126
0.152437
-0.171509
0.113022
-0.102218
0.120123
-0.260031
0.001576
0.004159
-0.097393
0.057262
-0.093104
-0.210949
-0.085684
0.209018
-0.315392
-0.148140
0.168007
-0.031289
0.129847
0.039634
-0.003521
-0.000120
-0.037158
0.008954
0.094420
-0.163192
0.106794
0.138946
-0.156359
0.147229
0.005144
-0.147723
0.001474
-0.031775
-0.164618
0.084684
-0.055525
0.110814
0.037387
-0.069449
0.074584
-0.242171
-0.112399
-0.172219
-0.002676
-0.169656
0.001682
0.135122
0.015408
-0.198825
-0.038625
-0.037559
-0.104067
-0.001685
0.114310
-0.218385
-0.174973
0.020274
0.029985
0.107723
-0.097154
-0.039585
-0.133692
-0.051175
-0.166878
-0.042483
-0.114713
0.214641
-0.143214
0.207953
-0.043028
-0.262150
-0.424694
-0.203743
-0.025015
0.087959
0.133937
-0.118295
-0.000382
-0.044083
-0.114649
-0.052667
0.102986
0.023965
0.171932
0.034278
0.047053
-0.007168
-0.282931
-0.162443
0.072325
-0.109058
0.013797
-0.192329
-0.117874
-0.142352
-0.107573
-0.067009
-0.124322
0.035158
-0.029499
-0.096705
0.116551
0.080213
0.013816
-0.066803
0.140269
-0.060094
-0.150491
0.083452
0.145593
-0.053995
-0.052405
0.051344
-0.159937
0.054581
0.077425
-0.090827
0.099351
0.309327
-0.144079
-0.116578
-0.113860
-0.174709
-0.103143
-0.144532
-0.200943
-0.117934
-0.263663
0.210605
0.006328
0.027595
0.050507
0.027463
0.141014
-0.042301
0.113157
-0.121753
0.082350
-0.150900
0.071470
-0.086659
-0.058733
-0.058197
-0.028704
0.057874
0.115964
0.088234
-0.046805
-0.198879
-0.187377
-0.229595
0.088129
0.274642
0.008460
-0.094055
-0.123659
-0.043308
-0.147277
0.060923
-0.062187
-0.240978
-0.081672
-0.159642
0.105898
-0.006710
0.022156
-0.013736
0.102176
-0.031940
-0.277523
-0.111514
-0.013724
-0.072173
-0.165690
0.219759
0.243376
-0.163566
0.043739
-0.075545
0.065730
-0.243513
0.010461
-0.058482
-0.119817
0.134101
-0.088929
0.209674
-0.105086
-0.033027
0.147576
0.186863
0.011257
0.123715
-0.076474
0.042104
0.043885
0.041212
-0.360015
-0.092610
0.031014
0.005790
-0.244625
0.073884
0.055278
0.133175
-0.035933
-0.041202
-0.199835
0.082095
0.074676
-0.138889
0.166071
-0.144414
0.109098
-0.197848
-0.172473
-0.128781
-0.036479
0.134732
-0.112262
-0.215510
-0.030392
0.245800
0.167493
-0.148683
0.186137
-0.057418
-0.104931
0.055392
0.172598
0.039291
-0.131826
-0.024989
0.114178
0.107734
0.110810
-0.080530
-0.127797
0.075693
-0.010710
0.120002
-0.030042
-0.058931
-0.106895
0.232111
-0.119875
-0.043923
0.132359
-0.041230
-0.122026
0.065483
0.164378
0.089968
0.036950
0.117086
-0.080445
-0.187425
-0.108778
-0.132478
-0.024640
-0.090708
-0.050114
0.030765
0.113291
-0.027043
-0.002160
0.214363
0.011578
-0.078109
0.203550
0.013177
0.075421
0.140251
-0.044395
0.105021
0.073657
0.334829
0.046662
0.027064
0.217230
-0.035721
0.088383
-0.005236
0.111318
-0.422576
-0.026045
-0.281510
-0.055667
0.099021
-0.183184
-0.102811
0.027896
0.095289
0.050502
-0.078581
0.162965
0.257544
0.223944
-0.114071
0.029829
-0.160405
0.246330
0.091780
0.092935
0.084857
-0.151328
0.152624
0.095530
0.299209
-0.020546
0.124670
-0.226281
-0.058005
0.053459
-0.086965
0.125361
-0.003457
0.085532
-0.057974
0.171724
0.076157
-0.197336
0.072180
0.151746
-0.081360
0.128612
0.114032
0.118004
-0.021293
0.012707
0.119843
0.024214
-0.006540
-0.225082
-0.203124
0.115725
-0.275433
0.070654
-0.069754
0.001664
0.126167
-0.076935
0.131999
0.073266
0.049355
0.022662
0.081887
-0.223106
0.267395
-0.156481
-0.162785
-0.071346
0.212912
-0.063704
-0.096697
-0.112751
-0.135015
-0.244268
-0.032493
-0.012898
-0.001736
0.164408
0.122994
-0.059871
0.089841
-0.117533
0.197282
-0.063047
-0.244194
0.245556
0.167210
0.092579
-0.251534
-0.055942
0.253809
0.068903
-0.144124
-0.060132
0.167271
-0.080855
-0.055044
0.025609
-0.135599
0.097487
0.007601
-0.212357
-0.148089
0.023904
0.095856
0.020029
-0.123112
0.092226
-0.066226
-0.090435
-0.020582
0.170762
-0.074505
-0.062556
-0.004377
0.086364
-0.290203
0.249405
-0.075910
-0.014444
-0.137304
-0.131059
0.136267
-0.137354
-0.044136
0.006633
0.088338
-0.111391
0.020401
0.007142
0.134162
0.139328
0.024543
0.038502
0.077124
0.327389
-0.110821
0.106203
0.107727
0.175431
-0.169520
0.331820
0.007684
0.049356
0.193078
-0.006317
-0.106770
-0.053261
0.017893
-0.019067
0.004209
0.272721
-0.052609
0.401952
0.022587
-0.086667
0.210512
-0.230174
0.042534
-0.089467
0.085079
-0.085861
-0.114713
-0.095385
0.194123
0.049991
0.059130
0.152754
-0.177607
-0.272803
0.015760
0.136641
-0.247618
0.023098
-0.149690
-0.115284
-0.193368
0.053522
0.007084
-0.022886
0.185879
-0.446283
0.082702
-0.128653
-0.122773
0.290282
0.016104
-0.064073
0.001939
-0.030854
-0.087098
-0.013800
-0.021837
-0.082252
0.145591
-0.092652
-0.040973
-0.074971
0.125074
-0.007118
0.090179
0.128537
-0.035876
0.038692
0.022060
0.191191
0.102676
0.030402
0.128820
-0.016967
0.058992
-0.095549
-0.198103
0.083648
-0.388046
0.030063
-0.208303
-0.026471
-0.003436
0.214599
0.204805
-0.043421
-0.114151
0.017997
0.049885
-0.093726
0.068683
0.105772
0.086037
0.045896
0.069366
-0.167160
-0.180032
0.029544
0.031912
-0.000174
0.053153
0.045396
-0.135762
-0.069949
0.002831
-0.144368
0.055089
-0.035939
-0.052855
-0.218816
-0.065181
-0.021691
-0.044998
-0.010659
-0.119434
0.131523
-0.040214
0.065289
0.196304
0.099402
0.160558
-0.086420
-0.277480
-0.100440
-0.166176
-0.040988
-0.080763
-0.019195
0.071757
0.161276
0.071581
-0.189265
-0.010621
0.086842
0.045482
0.005064
-0.009834
-0.018219
0.167448
-0.066109
-0.316867
-0.080337
-0.115879
0.030397
0.281632
0.089734
0.307565
0.083258
0.130839
0.049456
-0.251940
-0.039088
-0.293772
-0.083348
0.078643
0.206743
0.264534
0.148502
-0.088071
0.141831
-0.041262
0.126618
-0.008312
0.043413
-0.000901
0.002631
0.084936
0.186014
0.093890
0.007900
0.099078
-0.043171
-0.061252
-0.016630
-0.068793
-0.044443
-0.171060
0.143360
0.123369
0.049265
0.187841
-0.043701
0.036050
-0.152024
-0.056699
-0.044316
-0.102205
0.051835
-0.252778
-0.047591
0.071120
-0.064527
0.093429
0.158982
0.184016
0.323257
-0.001648
-0.107614
-0.077825
-0.244409
0.039462
-0.132949
-0.091429
0.142782
0.016057
0.032970
0.225321
0.200871
-0.009384
0.180259
-0.222837
0.035039
-0.018886
0.048699
0.171024
0.154727
-0.348816
-0.083254
-0.333522
0.056518
0.028679
-0.098849
0.208495
0.175046
-0.328892
0.207800
0.020207
-0.079644
0.166451
0.097445
-0.086399
-0.002032
0.172128
0.073055
-0.031189
-0.012207
0.111465
0.161012
-0.103598
-0.221404
-0.038627
0.035048
-0.189929
0.254765
0.064882
-0.035473
0.121510
-0.179711
0.107441
-0.138325
0.058534
-0.047997
-0.001926
-0.054960
0.025889
-0.204986
-0.116541
-0.026641
-0.028948
0.055275
0.076807
-0.114384
0.058332
0.234939
-0.142963
-0.021264
0.059791
-0.206068
-0.021330
0.038166
0.019834
-0.272667
0.136083
0.051209
-0.106529
-0.004759
0.177599
0.256743
-0.192119
0.200761
0.069372
0.086059
-0.170780
0.098194
0.022509
0.082558
0.045394
0.134145
-0.031606
0.102402
0.077176
0.286263
-0.077687
0.101980
0.110447
0.113683
0.109149
0.084685
-0.015494
0.105177
0.167327
0.055495
-0.075168
-0.100668
-0.153618
0.089595
0.287596
0.315962
0.098403
-0.034405
0.099397
-0.046122
-0.045865
0.043240
0.199109
0.196750
0.001969
0.226760
-0.110492
-0.017536
0.145625
0.115500
-0.135182
-0.345937
-0.031110
-0.151421
0.041807
-0.169133
0.237466
0.108280
0.188241
0.043210
0.088499
-0.039460
0.061016
0.069831
0.105580
-0.232722
-0.216919
-0.142671
-0.033950
0.068963
0.045028
-0.101394
0.128429
0.063394
-0.024327
0.210158
-0.102508
-0.011432
0.052799
0.087791
-0.053553
0.037439
0.168523
0.071626
-0.202815
-0.040295
-0.158367
-0.050879
-0.065913
0.117303
0.057093
0.132842
-0.048080
0.062271
0.125798
-0.082137
0.095755
0.047269
0.050648
-0.109635
-0.185235
0.131047
-0.198216
0.081703
0.201124
-0.078721
-0.141476
-0.004546
-0.051134
0.035105
0.117914
0.023483
0.025037
-0.049891
0.083333
0.114008
-0.082358
-0.150576
0.172538
0.182525
-0.137114
-0.070599
0.071097
-0.082721
-0.309129
-0.110961
0.003009
0.216580
0.106774
0.199400
-0.091562
0.035556
0.148867
-0.004617
-0.139473
-0.059231
0.066516
-0.002408
0.236666
-0.171942
-0.011930
0.030414
-0.185893
0.045271
0.060751
0.125247
-0.172530
-0.094900
0.234714
-0.211530
0.112321
-0.014013
0.128634
-0.083059
0.123180
0.002605
-0.097965
-0.083363
-0.121709
-0.093129
0.231372
-0.114246
0.037611
-0.371934
0.184634
-0.087404
-0.126887
-0.266797
-0.078641
0.133667
-0.189762
0.000375
-0.053768
-0.062186
-0.063802
0.155456
-0.082020
0.106240
-0.048654
-0.342863
-0.250098
-0.028031
-0.013749
0.059867
0.189715
0.081876
0.058416
-0.092918
0.324601
-0.006088
-0.127061
0.058606
-0.062343
0.303776
0.222684
-0.028601
0.145657
-0.005382
0.159229
-0.044564
-0.171347
0.064011
0.046665
-0.190658
0.092124
-0.146704
0.003336
0.085998
0.158206
0.204458
0.023868
-0.154716
-0.161066
-0.195581
0.030604
-0.003347
-0.038006
0.177014
-0.280714
-0.085080
0.349837
0.037392
0.073300
-0.071787
-0.121595
0.041660
-0.067673
0.184559
-0.082209
0.045049
-0.058686
-0.252240
-0.042438
0.093250
-0.026392
0.102750
-0.044974
0.088562
0.271161
0.098088
0.173612
0.171983
-0.103768
-0.027484
0.409697
-0.173470
-0.133143
0.048278
-0.037037
-0.175439
-0.021017
-0.064557
0.085375
0.029907
0.105048
-0.136566
-0.158279
-0.041510
-0.020725
-0.118165
0.039757
-0.048700
0.257837
0.090196
0.029265
-0.017480
-0.019104
-0.122987
-0.206218
0.094252
0.019077
0.132458
0.040003
-0.070971
0.008761
-0.001909
-0.030246
-0.043712
-0.054858
0.026747
0.155329
-0.155548
-0.099876
-0.102072
0.226124
0.110959
-0.022196
0.033322
-0.039387
0.051735
0.001374
0.052318
0.058277
0.012387
0.076968
0.166930
-0.000268
-0.126993
-0.138738
-0.151781
0.115003
-0.080326
0.083466
-0.238372
-0.060169
0.289825
0.159127
-0.287054
0.184768
-0.083341
0.054224
-0.040242
0.068097
-0.205560
-0.005805
-0.098847
-0.196944
-0.116908
-0.003289
0.049712
0.104186
-0.122047
0.254596
-0.203508
-0.206206
0.044642
0.015884
0.035338
-0.065879
0.052895
-0.010351
-0.164221
0.182963
0.021564
-0.040426
0.130755
-0.150471
-0.168834
0.032904
-0.053313
0.282954
0.176030
0.021893
-0.238245
0.162111
-0.054464
0.121892
0.137022
0.002706
-0.065000
-0.226889
0.151693
-0.061249
0.055184
-0.138127
0.058864
-0.024806
-0.141067
0.034192
-0.291986
-0.060580
0.199595
-0.101677
0.044497
-0.112123
0.230214
-0.057918
0.131962
0.007014
-0.041241
-0.068422
-0.246589
0.175470
0.160838
0.219896
-0.088389
-0.002777
-0.053929
-0.226252
-0.187013
-0.088664
-0.005188
-0.059054
0.129969
0.127307
0.260592
0.245080
0.149607
-0.133310
0.020777
0.047145
-0.317754
-0.092387
0.055297
0.123266
0.212481
0.014560
-0.151441
0.059706
0.154651
-0.127823
0.083911
0.121773
0.264808
0.164471
0.108536
-0.019807
-0.157516
0.141221
-0.080621
0.023353
0.237146
-0.177536
0.020434
-0.083748
0.151095
0.065399
-0.125025
-0.126834
0.077747
-0.174736
-0.104420
-0.118622
0.142933
0.007868
0.021170
-0.101621
-0.131612
0.084493
-0.151023
0.027263
-0.067474
-0.101032
-0.129524
0.270931
0.045308
-0.188037
0.121879
-0.138142
-0.047968
-0.026264
-0.052792
-0.099033
-0.129269
0.024004
-0.127746
0.190454
-0.092717
-0.184771
0.012337
-0.051195
-0.258671
-0.126243
-0.095665
0.340581
0.062559
-0.016202
-0.115231
-0.016632
0.230943
-0.066189
-0.037847
-0.158032
0.068672
-0.007193
-0.099396
0.057717
-0.035266
0.154306
-0.304178
-0.006895
-0.028908
-0.118408
-0.142752
0.063047
0.057962
-0.007233
0.200147
0.062993
0.047853
0.015262
-0.013185
-0.227759
-0.081594
0.030430
-0.115858
0.022944
0.135715
0.022212
0.038195
-0.285761
-0.044588
-0.249361
-0.163732
0.043785
-0.102187
-0.023782
-0.238191
0.097415
0.104312
-0.068692
0.056413
0.086414
0.035332
-0.067961
-0.100832
-0.087623
-0.200598
-0.232475
0.160438
-0.202141
0.116361
-0.079090
0.019403
0.046941
-0.154520
0.133817
-0.038708
-0.250381
0.046739
-0.051269
-0.062002
0.216889
0.084816
0.129617
-0.076013
0.142378
-0.161951
-0.081076
0.017598
-0.184996
-0.129900
-0.145813
0.008219
0.198718
-0.187422
0.149329
-0.050973
-0.002073
-0.192600
-0.001554
-0.031301
0.105411
-0.154183
0.278820
0.150214
0.016796
0.069916
0.089510
0.162219
-0.149655
-0.053210
-0.080802
-0.217737
-0.034921
0.154430
-0.129404
-0.113058
0.062442
0.117192
0.144471
0.207623
0.155504
0.246190
-0.016150
0.206244
-0.019206
0.036696
0.131166
0.110647
0.043875
0.195159
-0.006334
0.100767
-0.112116
0.051220
-0.040549
-0.008259
0.162881
0.084720
-0.115546
-0.064882
0.170000
0.079766
-0.146194
-0.001230
-0.256574
0.107654
0.198577
-0.113741
-0.070998
0.083554
-0.028837
-0.051554
-0.091088
0.017691
-0.181058
-0.135986
-0.101288
-0.111253
-0.102324
-0.221857
0.094155
-0.189547
-0.058323
-0.044759
-0.119754
0.131124
-0.110042
0.021147
-0.210674
0.204513
0.177228
-0.017705
0.088068
-0.067688
0.121531
0.058441
0.022287
0.187099
0.079120
0.054204
0.175466
-0.048602
-0.072538
-0.010860
-0.036069
-0.141098
0.103574
-0.028263
0.013536
0.067209
-0.011825
0.109990
0.009418
0.119548
-0.085089
0.187429
0.111896
0.194536
0.115441
0.161441
-0.018616
-0.014476
0.221788
-0.035259
-0.172826
-0.078236
-0.093241
0.106097
0.111038
0.137750
0.127414
0.175315
0.152402
0.090780
-0.218701
-0.071613
-0.142593
0.015805
-0.069879
-0.039017
0.077773
-0.174450
-0.187113
0.003111
0.262260
0.120231
-0.234372
0.095512
0.010278
0.070077
0.024447
0.050396
0.033581
0.022548
0.096545
0.170539
-0.039973
0.098054
0.228268
-0.056157
-0.001308
0.066943
0.379862
-0.069058
0.187188
-0.053718
0.015798
0.029100
0.008404
0.002023
0.105645
0.008034
-0.157487
-0.087933
-0.040278
-0.051170
-0.072894
0.067690
-0.051619
0.043822
0.005957
0.045708
0.026328
0.181967
0.312541
0.063250
-0.079853
-0.067002
0.055572
-0.156109
0.083240
0.122815
-0.091837
0.224732
-0.048591
0.351567
0.133098
-0.092070
0.017808
0.106313
-0.168194
-0.349047
0.133126
-0.119620
0.100190
-0.093138
-0.115542
0.020883
-0.336370
-0.137835
0.180416
-0.010206
-0.018901
-0.162918
-0.045363
-0.099416
-0.101057
0.208044
-0.293735
0.016403
0.318900
0.072100
-0.248575
-0.173971
-0.228522
-0.059811
0.037016
-0.145498
-0.083395
0.121859
0.004344
-0.077726
-0.184438
0.010417
0.186433
-0.054383
0.147535
-0.082757
-0.078344
-0.001942
0.020986
-0.043731
0.121482
-0.201577
0.000174
0.131333
0.139463
-0.087750
-0.106018
0.134355
0.037585
-0.064401
-0.059745
0.012746
-0.167274
0.241359
-0.121045
0.034968
-0.141523
-0.247390
0.039872
-0.042524
0.270087
-0.023339
-0.231433
0.095630
0.106839
-0.126709
-0.232059
-0.237993
-0.045755
0.311870
0.119660
0.080532
-0.051164
0.180991
-0.001196
-0.171177
0.000294
-0.032039
0.155044
0.019705
-0.025722
-0.361235
0.264012
-0.113601
-0.144803
0.231183
-0.251318
0.103105
0.079654
0.086185
-0.240648
-0.106979
0.195034
0.283709
0.128712
-0.082381
0.242063
-0.085061
0.178462
-0.050085
0.011803
-0.003485
0.055015
-0.057296
-0.072477
0.177814
0.124526
0.058478
-0.038121
-0.314582
0.232417
0.159895
0.094513
-0.112136
-0.125882
-0.164868
-0.118335
0.083729
-0.070869
-0.118752
0.084308
-0.266251
-0.166705
-0.101098
0.102973
-0.249036
0.111158
-0.062622
-0.015259
0.134019
-0.076895
0.037126
0.013858
0.085132
-0.013662
-0.022532
-0.017203
0.114413
0.000366
0.256257
-0.106394
-0.093616
0.011277
0.117811
-0.182103
-0.046433
0.046271
0.137774
0.126794
-0.103731
0.176681
-0.117135
0.042894
-0.040598
-0.028170
-0.076761
0.011092
0.093385
-0.230773
-0.064905
0.051925
0.025622
0.013768
-0.070232
-0.034441
-0.020889
0.168182
-0.071968
0.026685
0.109428
-0.065888
-0.068287
0.074648
-0.209973
0.208695
-0.008663
0.113857
0.045215
0.057363
-0.095496
-0.073817
0.003034
-0.041814
0.121837
0.158303
-0.129864
-0.044789
0.055068
0.150550
-0.378531
0.005309
0.113774
-0.013366
-0.117907
0.016100
0.094032
-0.254194
-0.035722
0.221684
0.253814
0.064520
0.182296
0.000407
0.226154
0.024156
-0.112482
-0.135213
0.171668
-0.015935
-0.040929
0.326651
0.079585
0.065821
-0.411138
0.126548
-0.121093
0.037581
0.116805
-0.044119
-0.055804
0.088626
0.010083
-0.121407
0.016767
0.068236
0.048969
0.130795
0.037929
0.094619
0.091464
0.076094
0.045671
0.203732
0.048444
-0.317172
-0.210676
0.033438
0.169882
-0.069001
0.216870
-0.119258
-0.072861
-0.063749
0.115635
-0.186971
0.042754
-0.104483
0.076825
0.053176
-0.060582
-0.036999
0.073280
0.030700
-0.199105
-0.137826
0.308048
-0.154167
0.077503
-0.010191
0.105288
0.068119
0.093647
-0.017126
-0.286692
0.061664
-0.081554
0.081718
0.130735
0.098865
-0.036692
0.200166
-0.077518
0.074572
0.014352
-0.249495
0.006832
0.033453
0.023247
0.020533
-0.072997
-0.090832
0.094844
-0.142050
-0.151849
-0.101328
-0.159788
0.012385
-0.143872
0.174190
-0.098365
0.077959
0.029466
-0.033771
0.114431
-0.202305
0.170404
-0.043613
0.080244
-0.130832
-0.311555
0.021363
-0.132274
-0.137143
-0.103476
-0.077187
-0.195240
-0.033890
-0.033178
-0.094951
-0.185583
0.065839
0.045173
0.076386
0.053713
-0.038945
0.120444
-0.047705
-0.071517
0.247624
-0.147964
0.089154
-0.293812
-0.035171
0.028221
0.039196
0.211370
0.114858
0.104706
0.057883
-0.035584
-0.042801
0.101817
-0.042103
0.287182
0.104812
0.154996
0.032367
-0.126461
-0.183494
0.066848
0.042187
0.151314
0.246806
-0.026266
0.045400
-0.095269
-0.146876
-0.109693
0.101943
-0.076556
0.144253
0.113397
0.142488
0.177954
0.025550
-0.069222
0.068527
-0.040022
0.034527
0.204143
-0.007419
-0.048766
-0.067378
0.004824
0.067750
0.004773
-0.029914
-0.159439
0.015913
0.052035
-0.039561
-0.370372
-0.006283
0.107719
0.163429
0.144665
0.081598
-0.142833
0.091976
-0.076705
0.261640
0.242379
0.009274
-0.072804
-0.033737
-0.044760
0.057456
-0.241883
-0.203895
0.041264
0.021036
0.171821
-0.123692
0.059336
-0.189803
0.168757
0.185863
0.138997
-0.211661
-0.120962
-0.039605
0.146835
-0.082281
-0.090912
0.126960
-0.151890
-0.191129
-0.034434
0.050044
0.208288
0.142323
-0.037622
-0.079239
-0.020977
-0.243945
0.087630
-0.153030
-0.052276
-0.075492
-0.115984
0.124421
0.000676
0.016885
-0.071529
-0.262787
-0.148915
0.102879
-0.192403
0.104128
0.124897
-0.117931
-0.162536
-0.152082
0.356716
-0.061607
-0.074459
0.098611
0.032819
-0.128667
0.073618
0.247022
-0.119457
0.050179
-0.217579
0.031878
-0.094624
-0.016125
0.334202
0.184087
0.026593
0.128357
-0.054683
0.075256
-0.105731
-0.004147
0.104421
0.479097
0.048373
-0.125007
-0.077019
0.008540
-0.235853
-0.053320
-0.034751
-0.019501
-0.258570
-0.125929
-0.001844
-0.000113
0.003485
-0.080956
0.007623
0.029078
0.046696
0.003646
-0.051787
-0.239326
0.048064
0.169472
-0.048102
0.175674
-0.051174
0.103405
-0.052726
-0.113526
-0.194428
-0.005818
0.079814
0.078304
-0.049004
0.005963
0.146789
0.096079
-0.085475
0.065324
0.030341
-0.045224
-0.104628
-0.034418
-0.052141
-0.020895
-0.021688
0.091361
-0.120868
0.027539
-0.194965
0.060255
-0.113102
-0.109709
0.134546
0.082364
-0.008945
0.050799
0.046071
-0.055833
-0.110442
0.156778
-0.007921
0.047454
-0.072477
-0.083838
-0.146705
0.115903
-0.075518
-0.093500
-0.241522
-0.085970
-0.220180
-0.086338
0.076651
0.274577
-0.013208
-0.211715
0.007590
0.063941
-0.100247
0.063769
0.272866
0.121422
0.099778
0.195312
0.024250
0.170230
0.035914
0.176779
0.030599
0.183313
-0.004623
-0.109831
-0.038844
-0.266878
-0.017351
0.041380
-0.073783
-0.070901
-0.116921
-0.014931
-0.058672
-0.271566
-0.160940
0.156254
-0.048158
0.011123
0.013223
-0.172351
-0.145162
-0.074645
-0.147171
0.123385
-0.029400
-0.135825
0.008446
0.040216
-0.098186
0.201873
0.232282
0.016861
-0.032157
0.311577
-0.078755
0.023622
-0.108692
0.019526
0.022692
0.028726
0.162067
0.205245
-0.153973
-0.084244
0.072526
0.271530
-0.068696
0.058116
0.016064
-0.141521
-0.034299
-0.027114
0.009309
0.065600
-0.003814
0.051521
-0.021484
-0.073830
-0.078450
0.045757
-0.067401
0.117131
0.015491
-0.095356
-0.087854
-0.107708
0.178047
-0.029196
-0.147308
0.169188
0.076134
-0.141449
0.212050
0.048515
-0.024282
0.083254
-0.027587
0.085822
-0.143648
0.008898
0.010996
0.003877
-0.248567
-0.029589
0.150149
-0.080563
0.083843
0.001924
-0.016553
0.055139
0.032291
0.017386
0.006939
0.131909
0.201313
-0.005139
0.065061
-0.122942
0.174784
-0.139386
0.075886
0.050953
0.102331
0.054523
-0.015170
-0.099439
-0.043729
0.191949
0.287572
0.111091
-0.077733
-0.050918
-0.100726
0.165694
-0.106088
0.019160
0.236969
0.406688
-0.160271
0.117911
-0.005329
0.144239
0.092304
0.009312
0.035173
0.008416
0.234922
0.034547
-0.206046
0.062834
0.100351
-0.034853
-0.043242
0.097202
-0.318604
0.041178
0.067890
-0.069053
-0.182336
0.117843
-0.177743
0.054251
0.035558
0.196517
-0.057409
-0.175589
-0.037472
-0.005558
0.046539
-0.250441
-0.250705
0.023651
-0.053502
-0.005070
-0.048611
0.146693
0.220972
-0.172789
-0.172511
-0.044895
0.140808
0.356108
-0.150232
0.130513
0.365972
0.052604
-0.071048
0.163782
0.133401
0.107451
0.041500
-0.123135
-0.098021
-0.235404
-0.157570
-0.117194
0.272465
-0.134765
0.125315
0.033691
-0.062724
-0.105434
-0.077484
0.308684
0.173919
0.093807
0.164744
0.027692
0.049653
-0.153857
-0.030004
-0.092361
0.189471
-0.224439
0.130975
-0.014302
0.189711
0.080744
-0.167761
-0.001176
0.060809
0.046695
0.103278
-0.303621
0.026711
0.034700
-0.238578
0.006547
0.058900
0.106567
-0.030949
0.080158
0.054952
0.063920
-0.103827
-0.068329
-0.215827
0.012615
0.053844
-0.099941
0.003789
-0.108541
-0.133146
-0.068136
-0.046856
-0.322155
0.039549
0.098784
-0.062424
-0.089986
-0.101195
0.128439
0.042399
0.007744
-0.028689
-0.017037
-0.121009
-0.070746
-0.064469
-0.060166
0.018825
0.202913
-0.138414
-0.062982
-0.091465
-0.166111
-0.004596
-0.226877
0.007904
-0.085306
-0.027732
0.052787
0.078558
0.112008
-0.063024
-0.054822
-0.135961
0.038243
0.247927
0.049514
-0.177884
0.296383
-0.134259
0.029022
-0.008334
-0.147915
0.092335
-0.011738
-0.215152
-0.018602
-0.145164
0.030922
0.072511
-0.115519
-0.191547
0.067543
0.073953
0.102013
0.019998
0.048081
-0.033602
-0.112585
-0.128732
0.217271
-0.088047
0.053538
-0.042311
-0.019133
0.091478
0.139135
0.292514
-0.088481
0.120120
0.016653
0.044898
-0.168005
0.064158
-0.034983
-0.240825
0.111925
-0.166408
-0.109557
0.164228
-0.102824
0.027108
0.080509
-0.092522
0.008225
0.018650
0.055381
-0.022253
-0.152389
0.083763
0.016650
0.062694
-0.133595
-0.001483
0.157463
-0.140995
-0.220676
0.089859
-0.193778
0.062305
0.003279
-0.158481
-0.025616
0.047875
-0.011197
0.116879
-0.034732
0.091028
0.063114
-0.061179
-0.042475
0.119491
0.082286
-0.008556
-0.102083
0.105717
0.107721
0.076448
0.161480
0.096312
-0.091846
-0.140783
-0.055412
-0.101765
-0.115011
0.255930
0.151352
0.143447
-0.070177
-0.218686
-0.068042
0.103787
0.005189
0.032890
-0.221099
0.126940
-0.136620
-0.048471
0.080293
-0.273472
-0.006875
0.236824
-0.010100
0.103981
0.040261
0.003621
0.004515
-0.076400
-0.209884
0.287270
0.201095
-0.139713
-0.127656
0.017840
-0.124292
0.053424
0.085228
0.048593
0.088577
0.143443
0.062639
0.280836
0.030326
0.135947
0.067985
0.186170
-0.044130
-0.108002
0.107756
-0.096560
0.311121
0.007371
-0.266838
-0.274007
-0.043550
0.181114
0.156261
-0.195108
-0.094654
0.178435
-0.154305
0.017169
-0.293913
-0.004239
-0.123904
-0.087314
0.009045
0.071981
0.114686
0.045746
0.064583
0.068632
0.045947
-0.077339
-0.164024
-0.097955
-0.003341
-0.087088
-0.145953
-0.107190
0.061738
0.008824
0.189302
0.000841
0.064167
-0.096282
-0.125708
0.031313
-0.049207
-0.254900
0.328990
0.022598
0.000600
-0.161094
0.039387
0.059749
-0.135359
0.076239
-0.182077
0.252768
-0.011322
-0.089140
-0.113595
0.049813
0.021483
-0.008131
-0.069840
0.054965
0.208832
-0.081821
-0.033621
-0.042855
-0.083410
-0.086818
-0.076845
-0.034716
-0.042079
0.174486
-0.076962
-0.084861
0.027615
-0.163440
0.106569
-0.240522
0.026855
0.089760
0.058188
-0.232104
-0.052533
0.154648
0.112256
-0.070987
0.173030
0.092817
-0.066716
-0.138688
-0.230686
-0.017263
-0.081660
-0.003878
0.081983
0.021603
0.047453
-0.091809
-0.173944
0.060703
-0.106015
0.023985
0.004202
0.066498
-0.175175
-0.192324
-0.271212
0.036811
-0.175135
-0.308167
-0.124085
0.168580
-0.068041
-0.020574
-0.226896
0.127317
-0.216715
-0.090198
0.036450
-0.295573
-0.229225
-0.166216
0.179985
-0.025109
-0.050677
-0.220111
0.028062
0.017104
-0.001578
-0.019345
-0.086046
0.143791
-0.057318
-0.101652
0.177708
0.067619
0.175939
0.298717
-0.077273
0.011456
0.037951
-0.067427
-0.093609
-0.086360
-0.112377
0.090534
-0.172119
-0.005588
0.182566
-0.229490
0.285070
0.007347
0.102549
-0.109353
-0.203063
-0.030731
-0.227826
-0.002510
-0.024835
-0.019194
0.242192
-0.107333
0.028941
0.022637
-0.099012
-0.087386
-0.172174
-0.027509
0.053531
-0.010737
-0.140408
-0.189948
0.009223
-0.205144
0.066724
0.103527
0.062090
-0.148831
0.020735
0.088433
-0.069456
-0.116780
0.104760
0.186940
-0.238770
0.038103
0.051276
0.014583
0.073631
-0.085561
0.012682
-0.284164
-0.152583
0.060088
-0.126414
-0.057352
-0.199758
0.062166
-0.021825
0.010156
0.017803
-0.070246
0.029552
0.115999
0.062637
-0.056442
-0.284228
0.043552
-0.064194
0.171823
-0.059535
-0.271892
-0.014398
0.013672
-0.102435
0.056639
-0.100117
-0.068369
0.019781
0.198497
0.044727
0.111192
-0.140995
-0.149256
0.052653
0.024721
-0.151289
-0.093235
-0.349888
0.116255
0.030394
0.422713
-0.084740
-0.027769
0.191639
0.048174
0.153892
-0.050595
-0.001955
-0.106818
-0.165606
0.011296
-0.101352
-0.327242
0.037124
-0.046335
0.054232
0.262123
0.219328
-0.002463
-0.029561
-0.175940
0.214931
0.381904
-0.089555
-0.026693
0.061580
0.040344
-0.000485
0.117033
0.136806
-0.251616
0.099464
-0.008335
0.057236
0.072884
-0.015875
-0.128977
-0.197333
0.025656
-0.084537
0.098610
0.107390
0.069050
-0.137664
0.006183
0.116664
0.055218
0.059728
0.081138
0.056511
0.126470
-0.086681
0.293972
0.167693
-0.028756
-0.078181
0.172983
-0.040864
-0.032202
-0.141472
0.245825
0.056644
-0.081359
0.091405
0.056451
0.077206
-0.045115
-0.017439
0.027494
-0.125468
-0.224195
-0.173777
-0.156781
-0.153953
-0.065146
0.017413
0.022928
0.086302
-0.056607
-0.286907
-0.154707
-0.018057
-0.161612
0.037571
0.225414
0.104178
-0.003963
0.024269
0.101028
-0.161006
0.189364
0.003537
0.036219
-0.143081
0.009722
0.069796
0.021988
-0.266291
0.313206
0.065413
0.128495
0.092720
0.035613
0.071191
0.086082
-0.012710
0.007787
-0.347651
0.007303
-0.045204
0.089315
-0.023888
-0.077222
0.265367
-0.030961
-0.017372
-0.095936
-0.109616
0.004180
-0.136148
0.138833
0.048342
-0.047612
0.065857
0.052673
0.192231
-0.128167
-0.139319
-0.144898
-0.140879
0.040264
0.243103
0.044836
0.033825
-0.060997
-0.011020
0.088404
-0.215723
0.030684
0.214303
-0.227089
-0.085951
-0.028908
0.046328
-0.096114
0.020888
-0.060980
-0.330869
-0.080609
-0.064313
0.088859
-0.006041
0.081459
0.058835
0.053149
0.106655
-0.131065
0.053963
-0.040479
-0.178052
-0.191800
-0.182624
-0.158553
-0.213363
-0.087531
-0.107527
0.070593
0.002810
-0.025570
0.248299
-0.050631
-0.070222
0.126376
-0.086729
0.219309
-0.155248
-0.004200
-0.042924
0.340914
-0.008552
0.181035
-0.108771
-0.102888
-0.194516
-0.281536
0.160330
-0.126063
-0.349980
-0.076100
0.014652
0.008922
-0.223884
-0.012191
-0.057695
0.067078
0.216326
0.005324
-0.285160
0.019667
0.198074
0.039558
-0.072835
-0.017474
-0.043520
-0.128410
-0.079234
-0.047174
0.120841
-0.076306
-0.054598
0.041196
-0.207473
-0.009583
0.037003
0.201444
0.191249
-0.084694
-0.103387
0.054073
0.060396
-0.025546
-0.084441
-0.158137
0.226467
0.107450
-0.061701
0.060760
0.046158
0.040651
-0.016453
-0.036223
0.256701
-0.086762
0.148000
0.151415
-0.005877
0.070634
0.066874
-0.143407
-0.119713
-0.100314
0.081424
-0.152106
0.193130
-0.103092
-0.269711
0.030264
0.099036
0.040376
-0.085310
0.062380
0.204156
-0.228855
0.365213
-0.082833
0.238527
0.149805
-0.152153
-0.123944
0.011019
0.184996
-0.046980
0.081015
-0.192008
0.021626
-0.029714
0.092463
-0.038948
0.076478
-0.016194
-0.144102
0.111004
-0.060918
-0.103772
-0.029096
0.173423
0.022210
-0.002814
-0.141863
-0.086044
0.149038
-0.006489
0.072832
-0.146944
0.103567
-0.067694
-0.029606
-0.111689
-0.015647
0.002156
0.170234
-0.090253
0.010191
-0.059685
-0.098231
-0.090012
0.063932
0.227446
-0.009307
0.119826
-0.040863
-0.042944
0.086569
-0.319403
0.176385
0.092867
0.065018
-0.096397
-0.006445
0.064711
-0.001293
0.071572
-0.086541
-0.113504
-0.040498
0.212666
0.048656
0.209432
-0.062521
-0.056551
0.026261
-0.162679
-0.129266
-0.167802
-0.133924
0.029144
-0.197418
-0.162145
-0.303467
-0.064674
-0.012443
-0.246412
0.001184
0.138224
-0.057913
-0.028448
-0.064265
0.049413
-0.091190
0.085803
-0.035922
-0.073190
-0.018546
-0.068995
0.037922
0.104289
-0.145887
0.194069
-0.019120
0.024143
0.237520
0.074823
-0.144798
-0.001220
-0.124610
-0.394641
-0.056913
0.195653
0.176382
0.071230
0.080488
0.001100
0.009294
-0.283528
0.139595
0.005779
-0.133288
-0.110365
0.005793
-0.122599
-0.095177
-0.109757
0.081422
-0.120992
-0.013896
-0.074820
-0.177463
-0.129995
0.031068
-0.082114
0.135639
-0.148330
0.018214
0.122257
0.044343
-0.163459
0.021560
0.104292
0.261883
0.154406
0.081222
0.101817
-0.067308
0.104116
0.003054
-0.108549
0.272681
-0.032908
-0.026713
-0.004761
-0.120638
0.139714
0.038555
-0.150797
-0.030777
0.137761
-0.046150
0.050982
-0.024338
-0.106142
0.181445
0.017215
0.065436
0.330704
0.096231
-0.134304
-0.032019
0.066756
-0.133020
-0.334764
0.185576
0.142471
-0.058831
0.084166
0.011481
0.073221
-0.031417
-0.002464
0.142126
-0.093506
-0.137483
-0.154273
-0.065923
-0.023067
0.051401
0.000354
-0.059943
0.056724
-0.066190
-0.131225
-0.094023
0.100653
0.117916
0.147067
-0.062229
0.051603
-0.023138
0.208956
0.020619
0.050717
-0.425715
-0.151156
0.042761
-0.056813
-0.034141
0.215206
-0.036532
0.111343
-0.042474
0.063417
-0.083418
0.017265
0.093473
0.216266
0.120547
-0.010899
0.071611
-0.150266
0.106473
-0.215858
-0.223918
-0.013223
0.076686
0.184100
0.205492
0.111850
0.174875
0.031744
-0.002529
-0.116790
-0.067007
-0.285492
-0.031433
-0.395457
0.296449
0.114277
-0.245373
0.209221
0.076780
0.091297
-0.082824
0.220025
-0.168797
-0.016492
-0.024871
-0.128210
-0.455482
0.250367
-0.021408
0.138191
-0.166783
0.027182
0.052330
-0.245708
0.281675
-0.029341
0.098130
-0.104492
-0.015188
0.061528
0.024904
-0.120320
-0.172065
-0.177633
0.048084
-0.027404
0.025170
-0.035029
-0.141966
0.027465
-0.315856
0.084900
0.204369
-0.255664
0.278671
-0.342995
0.105866
0.096821
-0.111695
-0.081510
0.138609
0.160152
-0.123734
0.032183
-0.023199
0.080551
-0.056491
0.020517
-0.089335
0.310416
0.098569
0.125327
-0.286695
0.434997
-0.044823
-0.078024
-0.049846
0.085979
-0.078930
0.116717
0.097480
-0.088532
-0.013906
-0.073475
-0.065643
-0.008876
-0.068706
-0.250760
-0.120276
-0.064106
-0.136165
0.001744
-0.061086
-0.018911
-0.202405
0.086869
-0.075655
0.030751
0.125754
0.006140
0.359973
-0.155008
-0.118654
-0.169417
-0.078438
-0.193962
0.137533
0.086416
-0.058593
0.155794
-0.246231
-0.310486
-0.182468
-0.087853
-0.100123
-0.004513
0.040894
-0.024345
0.150842
-0.024450
0.053356
-0.017020
0.175918
-0.040264
-0.033232
-0.044545
-0.052094
-0.032672
-0.045618
-0.016973
-0.177935
-0.167595
-0.116307
-0.247118
0.281297
-0.127858
0.124061
0.126400
-0.106277
-0.013954
-0.052455
0.033980
-0.124237
-0.236371
0.086179
0.010034
0.077260
0.180187
-0.123023
0.039859
0.080370
0.215870
0.155939
-0.087995
0.139394
0.035937
-0.063565
-0.018612
0.077046
-0.186414
-0.047406
0.358079
0.052245
0.085245
0.019616
-0.058716
0.117276
0.021414
-0.022396
0.070401
0.210414
-0.010251
-0.180180
-0.031034
-0.255787
-0.029283
-0.085493
0.198544
0.079295
-0.139533
-0.097264
0.072209
0.011698
-0.053867
-0.021679
0.014876
-0.058093
0.244601
0.218280
-0.043453
0.041531
-0.122086
-0.109704
0.247168
-0.121138
-0.070094
-0.033433
-0.065934
0.050194
0.122364
-0.143982
0.061404
0.024830
0.024010
0.030855
-0.160009
-0.169013
-0.089278
-0.179717
-0.174926
0.176108
0.088510
0.128264
-0.029808
0.066550
0.114208
-0.151369
0.128390
0.062539
0.033674
-0.097431
0.103018
0.052347
0.183016
0.167801
0.143709
-0.061350
0.247102
0.288342
-0.087142
0.074633
-0.025406
-0.092450
0.052750
-0.049044
0.112417
-0.066825
-0.039582
0.038277
-0.043004
-0.208566
0.037295
-0.007039
-0.120351
0.054385
-0.261269
0.041944
0.146189
0.215012
-0.027448
-0.100006
-0.036664
0.082935
0.088560
-0.145284
0.065548
0.008632
-0.087530
-0.175762
0.038266
-0.005973
0.046081
-0.147071
0.050116
0.179582
0.185935
-0.143569
0.214341
-0.055600
-0.104116
0.052850
-0.057680
0.051647
-0.143850
-0.077691
-0.004458
-0.031890
-0.087716
-0.271844
0.003286
-0.143244
0.071730
-0.463500
-0.081822
-0.072163
-0.117566
-0.004204
0.065399
0.073974
-0.117862
0.045782
-0.026629
-0.157605
-0.126496
0.032809
-0.079012
0.044890
0.047973
-0.394941
0.047344
-0.057327
-0.141852
0.120158
-0.007012
-0.036360
0.023441
0.050750
0.064276
0.110206
-0.006849
0.120277
-0.032254
0.226030
-0.149374
-0.201499
-0.048005
-0.062130
0.181068
-0.106942
-0.101647
0.096795
0.096189
-0.001640
-0.032508
-0.108852
0.041686
0.040402
0.064195
-0.040488
-0.024308
-0.210946
-0.149954
0.012309
-0.015474
0.087810
-0.045734
0.144855
0.211760
-0.067311
0.062959
-0.054232
0.093528
-0.172956
-0.007992
0.135240
-0.083273
0.085714
0.166588
-0.097107
-0.152003
0.111771
0.109646
0.067776
-0.184723
-0.015704
-0.078115
0.212132
-0.136744
0.041915
0.040085
0.007511
-0.174865
-0.110710
0.055508
-0.157602
0.004287
0.177308
0.118023
-0.008030
0.060586
-0.156620
-0.067522
-0.061120
0.040312
0.154419
0.133877
0.169997
-0.000439
-0.033749
-0.095016
-0.220653
0.215364
0.017436
0.210521
-0.180538
0.041643
0.000731
0.201605
-0.113618
0.138066
0.082401
0.183107
-0.075835
0.034030
0.063513
0.037880
-0.103733
0.083518
0.122357
-0.029394
-0.169076
-0.318306
0.140048
0.118433
-0.076310
-0.134851
-0.163995
0.092828
-0.066208
0.021971
-0.079960
-0.096323
-0.034681
0.055834
0.049004
0.172956
0.089349
-0.200252
0.046062
-0.025717
-0.027424
0.216936
-0.045166
0.116040
-0.017776
0.139375
-0.127550
-0.087419
0.005833
-0.004075
0.075773
0.034451
0.209803
-0.165706
-0.000959
0.160121
-0.053892
0.079325
0.235871
-0.056458
-0.232566
0.095687
-0.006634
0.037289
-0.040531
-0.141845
-0.040972
0.080937
0.064094
-0.210439
0.125926
0.041704
-0.088264
0.095840
0.009268
0.015264
-0.074201
-0.023686
0.130769
-0.094315
0.060941
0.059904
-0.073429
-0.041533
-0.033928
-0.369667
-0.041296
0.203721
-0.041404
-0.068019
-0.003675
-0.081008
0.144110
-0.030290
0.243031
-0.012584
0.103078
-0.051640
-0.197131
-0.014278
0.088495
-0.033954
0.016559
-0.054985
-0.086443
0.089209
0.136374
-0.152452
-0.055491
-0.052385
0.100216
-0.231477
0.047998
-0.141552
0.014859
-0.107955
0.053342
-0.081242
0.235870
0.130306
0.043003
0.012106
-0.135411
0.278404
-0.085529
0.027944
0.269432
0.180361
-0.008256
-0.004430
-0.014176
0.003266
-0.426268
0.066833
0.051039
-0.138538
-0.099849
0.081299
-0.055563
0.116260
0.054810
-0.128542
0.103855
-0.092560
-0.126917
0.296530
-0.262434
-0.116518
0.000999
0.111204
0.215160
-0.059758
-0.093241
0.113174
0.062350
0.008005
0.080928
-0.074593
-0.071087
-0.217451
0.036221
-0.075386
-0.059930
-0.122007
0.153180
-0.082151
0.150836
0.057663
0.210113
-0.127227
0.158648
-0.032523
-0.051592
-0.008300
0.136686
0.027708
0.083897
0.128275
-0.099268
-0.090902
-0.117969
-0.055235
-0.009272
-0.109640
0.086465
-0.124690
-0.120471
0.090858
0.038972
0.289940
0.044174
0.039931
-0.052659
0.093132
0.105148
0.253852
-0.146952
0.065484
0.142358
0.039607
0.204869
-0.074202
-0.040085
0.473504
0.244220
0.205653
-0.000503
0.143173
0.156266
0.154598
0.256127
-0.127622
-0.031193
-0.173900
0.046043
-0.125727
-0.037991
0.094124
0.061236
0.121818
-0.033197
0.073447
0.153051
0.133485
-0.025054
0.018558
-0.089827
0.256944
-0.038858
0.046018
-0.239757
-0.034891
-0.131443
-0.163753
-0.275915
-0.088304
-0.045049
-0.063679
-0.207812
0.097345
0.045909
-0.144644
0.007722
0.085499
0.141518
-0.112301
0.083430
-0.025375
-0.077408
0.050032
0.053154
0.070164
-0.135577
0.172312
0.025367
0.356637
0.072837
0.041735
-0.049960
0.145258
0.211790
-0.128507
0.050466
0.046847
-0.049884
-0.035581
0.046289
-0.104474
0.096932
0.109171
-0.132774
-0.111601
0.012235
-0.000972
0.156054
-0.043473
-0.020874
0.130166
0.067562
-0.292562
-0.094561
0.164597
-0.167744
0.173469
0.028612
0.259264
-0.063322
-0.078789
-0.055491
-0.131329
-0.081739
-0.025621
0.144347
0.003859
0.025479
-0.079556
0.205734
-0.038239
0.076512
-0.049079
-0.091983
0.197951
-0.122111
0.064304
0.260400
0.029933
-0.068984
-0.495693
-0.099337
-0.002507
-0.056406
0.126793
0.011908
0.295629
-0.212248
-0.146306
0.032566
-0.110789
0.092769
0.242689
0.012585
0.008720
-0.084490
0.077960
-0.142914
-0.022650
0.116218
0.021960
-0.079302
-0.111987
-0.084344
0.190985
0.129089
-0.115664
0.107736
-0.050346
0.228054
-0.105898
-0.169784
0.025872
0.092172
0.277291
0.035630
-0.050110
-0.162587
-0.209092
0.061434
0.133531
-0.173324
-0.039102
-0.113296
-0.191963
0.017702
0.033380
0.041906
-0.127446
-0.014594
0.003918
-0.020634
-0.006250
0.230702
0.019672
0.010957
0.079256
0.008939
-0.007113
-0.048372
0.226644
-0.033215
0.182838
0.174373
0.025455
-0.064173
0.002640
0.253091
0.010610
-0.184236
-0.029368
-0.075099
0.022835
-0.098271
-0.120909
0.160756
0.124371
-0.040887
0.081675
0.149933
0.134290
0.081376
-0.037502
-0.221974
-0.201425
-0.057056
0.110202
-0.117592
0.120841
0.115407
0.070363
-0.017947
-0.076483
0.232725
0.042855
0.002222
0.090029
-0.122499
-0.005737
-0.005498
0.060109
-0.120479
-0.026156
0.075639
0.049807
0.146412
-0.062463
-0.170961
-0.004035
-0.183078
-0.063906
0.043949
-0.140584
0.087865
0.074049
-0.095811
-0.154354
0.104601
-0.124026
0.108398
-0.026986
-0.184452
0.186495
-0.145197
0.145186
0.044704
-0.082534
-0.202916
0.104475
-0.020222
0.025992
0.076238
-0.009340
-0.267099
-0.015572
-0.402397
-0.016183
0.148276
-0.233044
-0.194148
-0.026605
0.003169
0.010340
0.178436
-0.156303
-0.039723
0.093654
0.285370
-0.033955
0.029874
0.122640
0.091775
0.195982
-0.165641
-0.098422
0.086830
-0.076905
0.009744
0.080479
-0.173054
-0.032168
-0.223109
0.264515
-0.286544
-0.066588
-0.119150
0.084996
0.012416
0.170993
-0.150874
0.238712
-0.069940
-0.064503
-0.082121
-0.221935
-0.096987
-0.074356
-0.176078
-0.138732
0.016159
-0.114969
-0.239955
0.018342
0.227490
0.042316
-0.165589
-0.012106
-0.147202
0.389766
0.060500
-0.314174
0.120896
-0.003729
0.026627
0.098697
-0.090572
0.018826
0.217231
-0.010582
0.117782
-0.169016
-0.069454
0.260578
0.022055
0.103284
-0.035036
0.030507
-0.188186
0.043558
0.145657
0.069860
0.057245
-0.247548
-0.102426
-0.093337
0.245853
0.087105
0.025634
0.267071
0.034755
-0.051803
-0.107250
-0.030261
0.165023
-0.085002
0.099441
0.186369
-0.018399
0.198003
-0.087161
0.139000
-0.171273
-0.130555
0.208324
-0.319924
-0.231992
-0.043334
-0.104403
-0.117772
0.146581
0.141096
0.215504
-0.015220
0.028658
0.181099
0.159405
0.015641
-0.011877
0.063073
-0.029351
0.025356
0.172005
0.119366
0.045235
0.083466
-0.027297
0.017853
0.070045
0.111149
0.016969
0.153111
0.067621
0.027066
-0.037597
0.093681
-0.032320
0.353972
0.083114
-0.010519
-0.049799
0.001587
0.088784
-0.077814
-0.119909
0.005279
-0.067004
-0.069839
0.019155
-0.014592
0.147282
-0.025671
-0.130498
0.018500
0.116294
-0.065286
-0.113420
0.121243
-0.227225
-0.066884
0.308921
0.019546
-0.213110
-0.179920
0.088323
-0.103832
0.072164
-0.187721
-0.011520
0.058210
0.215890
0.003924
0.375060
0.090311
0.015091
0.001379
0.065357
-0.042719
0.017627
0.008533
-0.027567
0.079517
-0.265637
0.024678
0.389544
0.055289
0.079774
0.056008
0.030054
0.010329
-0.257973
0.003352
0.130016
-0.022680
0.038207
0.189539
-0.053131
0.024755
-0.118339
0.330479
-0.059485
-0.174421
0.062077
-0.221551
-0.075292
-0.170956
0.077344
0.107869
0.063251
-0.070280
-0.291181
0.032202
0.015991
0.032139
-0.025275
-0.087737
0.111199
0.064790
0.010249
-0.045947
0.115803
0.059127
-0.081009
0.071740
0.188342
-0.091825
0.018389
0.219612
0.018776
-0.126156
0.071591
-0.031353
-0.210381
-0.090596
-0.092045
0.054444
-0.211017
-0.000599
-0.028422
0.062594
-0.037090
-0.149194
-0.071641
0.019173
-0.183321
0.152633
-0.079393
-0.097831
0.132393
0.058606
-0.080303
-0.066302
-0.143217
-0.226362
-0.017877
-0.007525
-0.233886
0.065867
-0.182783
0.013690
0.064210
0.150701
0.005199
-0.053671
-0.027957
-0.003318
-0.128051
-0.068511
-0.022337
0.058400
-0.050208
0.308842
-0.062959
-0.216854
-0.083910
-0.164624
-0.016989
0.111847
0.029811
0.007469
-0.018454
-0.016233
0.005709
-0.014980
-0.007818
0.052348
0.081894
0.163955
-0.206238
0.028129
-0.078503
-0.004014
0.124099
-0.017382
-0.005025
-0.078433
0.088244
-0.273029
0.224133
-0.092353
0.057590
-0.230251
-0.090194
0.182758
0.007875
-0.121432
0.088830
0.130197
0.040026
-0.105291
-0.014380
0.253187
0.125146
0.129435
-0.080864
0.033693
-0.207673
-0.133430
-0.022526
0.138539
0.015611
0.218387
-0.152371
0.105894
-0.094219
-0.054359
0.223240
-0.044016
0.172042
-0.062777
-0.282767
-0.059906
0.178953
0.249476
0.097713
-0.170412
0.159461
-0.011549
0.085004
-0.028024
0.064596
-0.083088
0.121638
-0.086884
-0.136323
0.075185
-0.107902
-0.137782
0.135065
0.034168
-0.093846
0.124744
0.089753
-0.108937
0.114109
-0.182487
0.199580
0.188688
0.029651
0.187771
0.113859
0.151402
0.088731
-0.242696
-0.103660
0.069869
-0.088142
0.312208
-0.116318
0.026306
0.065841
0.092628
-0.114770
0.133921
-0.129790
-0.240981
0.152371
-0.059956
-0.126850
-0.175781
0.276072
-0.003332
-0.151777
0.056551
-0.023571
-0.217989
0.052654
-0.025719
-0.212963
-0.245794
0.021864
-0.088178
-0.026952
0.116302
0.147214
-0.140336
-0.050614
-0.166129
0.055192
-0.059813
0.080805
0.065516
-0.174957
-0.145936
0.124717
0.049355
-0.026867
-0.142708
0.089528
-0.069345
0.019302
0.002009
-0.052294
-0.083384
-0.029430
0.037828
0.023502
-0.056792
-0.140923
-0.144068
0.088230
-0.043373
-0.057121
-0.186846
0.007412
-0.125780
-0.082219
0.185409
-0.164674
-0.127638
0.191778
-0.219507
-0.208507
-0.375631
0.101772
-0.016166
0.064151
0.131375
-0.101731
0.040828
0.117326
-0.151507
0.137412
0.025451
0.061543
-0.111271
-0.116249
0.038929
0.021926
-0.277768
0.042014
0.065736
-0.079422
-0.028060
0.307697
-0.055943
0.121038
-0.073621
-0.057531
0.182443
-0.124369
-0.307988
-0.050289
0.184683
-0.082428
0.026166
-0.212928
0.006775
-0.023986
0.149559
-0.134303
0.115478
-0.057934
0.253471
-0.114236
0.017359
-0.147356
0.112209
-0.034338
0.050822
-0.130243
-0.028470
-0.018516
0.340970
-0.131833
-0.289842
0.113145
0.147335
-0.023057
0.062872
-0.023701
0.164444
-0.004738
-0.122124
-0.009754
0.118265
-0.033738
-0.083349
-0.120730
-0.130086
-0.027919
0.055606
0.153582
-0.002917
0.034267
0.268342
0.010976
0.014170
0.050453
-0.029888
0.104540
0.223543
-0.068572
0.092426
-0.057513
-0.086128
-0.005660
-0.012054
0.187896
-0.016827
-0.006969
-0.033379
0.066951
-0.193280
0.044470
-0.341302
0.032338
0.117483
0.098886
-0.120281
-0.003375
0.059818
0.017276
0.189241
-0.043070
0.005810
-0.214133
0.044439
0.054015
0.126543
-0.100196
-0.040472
0.034692
0.309797
0.227611
0.108681
-0.011350
0.036584
0.024741
0.126304
-0.090634
-0.011555
-0.209338
0.050043
-0.007383
0.022611
-0.004249
-0.038597
-0.073612
0.035012
0.025689
-0.014861
0.097410
0.022628
0.108567
0.050807
-0.016381
0.143099
-0.129802
0.003923
0.208933
-0.249333
-0.119271
0.070480
0.061733
0.099235
-0.218018
-0.108104
0.140504
-0.088419
-0.191203
0.133418
0.158247
-0.205258
0.436324
-0.094763
-0.287875
0.228855
0.153393
-0.082644
-0.250489
-0.114248
0.018220
0.117669
-0.044440
0.157320
-0.105637
-0.137195
0.283131
-0.128037
0.098733
-0.152755
0.194475
0.002557
-0.142665
-0.124468
-0.282081
0.017955
0.213663
-0.002683
0.141185
-0.275954
0.181019
0.017534
0.250581
-0.130681
0.033960
0.230562
0.068195
-0.405474
0.121003
-0.028877
-0.101085
-0.055373
0.388628
-0.029036
-0.014169
0.073899
-0.145372
0.024683
0.078569
-0.095375
-0.208749
-0.104061
-0.074322
-0.014862
0.005891
0.070153
0.094235
0.084633
-0.100123
-0.268297
0.040642
0.091199
-0.119455
-0.122707
-0.000610
0.094206
0.034839
-0.254498
-0.098779
-0.090710
0.021428
0.017359
-0.059607
-0.034816
-0.084882
-0.141057
-0.092767
-0.206355
0.141182
0.045362
-0.135866
-0.048300
0.081142
-0.119868
-0.136487
-0.040792
0.074479
-0.189885
-0.064204
0.017431
-0.042729
-0.066531
-0.169682
-0.060885
0.089507
0.166626
-0.175720
-0.090650
0.071511
-0.170944
-0.124013
-0.263325
0.087235
0.163559
-0.204557
0.148848
-0.023751
0.207435
0.012625
0.163060
-0.029470
0.030469
0.034395
-0.069267
-0.034880
0.130483
0.034316
0.235009
0.032341
0.132022
0.005903
0.144938
0.071561
-0.001887
0.155187
-0.106334
-0.007009
-0.005561
0.016244
-0.012021
0.013242
-0.039587
0.094232
0.078007
-0.030778
0.213840
0.000953
-0.159541
-0.031275
0.068700
0.160481
-0.372031
-0.105383
0.312644
-0.006892
-0.051531
0.042390
0.002936
-0.124507
0.174368
0.171334
0.197193
0.080785
-0.000190
0.110447
-0.016869
0.042205
-0.176922
0.029223
0.033112
0.136685
0.001524
0.039733
-0.346734
-0.060446
0.109455
0.002233
-0.090629
0.109587
0.028803
-0.046951
-0.054957
-0.039632
-0.033162
0.004293
0.096206
0.207712
0.248599
-0.078913
-0.053067
0.189256
0.115854
-0.026402
0.078810
-0.129585
-0.139673
0.034186
-0.046314
-0.036190
-0.020260
-0.111205
0.303926
0.029195
-0.029697
-0.056241
-0.183033
-0.177395
-0.045354
-0.061186
-0.186487
0.069765
0.030767
0.138080
-0.283050
-0.108791
-0.075919
0.034011
0.140867
0.199520
0.120449
-0.236570
-0.151392
-0.028204
0.003089
-0.221665
-0.171986
0.133366
0.287861
-0.231219
-0.222084
0.001932
0.103341
0.062404
0.000607
-0.002405
-0.071152
-0.041348
0.140373
-0.119418
0.225400
-0.351238
-0.199397
-0.050708
-0.146050
-0.089339
-0.027999
0.213310
-0.025009
0.004277
0.241961
-0.014912
0.204183
-0.115016
0.002253
-0.067534
0.085773
-0.217023
0.021119
0.060531
-0.370744
-0.154722
-0.097142
0.133252
-0.210880
-0.018413
0.210713
0.021309
-0.035927
0.095237
0.255322
-0.149987
0.112611
0.056330
0.023480
0.094243
-0.055660
0.022496
0.152216
0.115386
0.179978
0.145844
0.149696
-0.148374
-0.016587
-0.013965
-0.046178
0.099480
0.009045
-0.249061
0.252252
-0.006467
-0.010105
0.026218
0.352121
0.122095
0.014069
0.304885
-0.003394
-0.008985
0.060730
0.027679
-0.120074
-0.008081
0.097893
-0.113711
0.021593
0.114314
-0.188375
-0.088528
-0.128227
-0.149344
-0.059378
0.099205
-0.091935
0.206936
0.032813
0.054541
-0.003131
0.095888
0.208418
0.014571
-0.111673
0.001068
-0.209314
0.133941
-0.121827
0.001943
0.138509
0.125468
-0.106903
-0.288502
0.141789
-0.188132
-0.035394
0.083336
0.024725
0.265817
-0.004151
-0.079398
-0.011375
-0.188951
0.029799
-0.156391
-0.013918
-0.077864
-0.223835
-0.199081
-0.010944
-0.104510
-0.070107
0.038463
-0.234376
0.212297
0.231118
-0.057866
-0.069647
-0.073564
0.016418
0.071093
-0.147506
0.338977
-0.013447
0.128032
0.065803
0.154571
0.039184
-0.139540
-0.046784
0.107695
0.282133
-0.032566
-0.067753
0.215803
0.025942
-0.087803
-0.033943
0.044479
0.185913
0.211077
0.112455
0.247950
0.127013
0.201846
0.067997
-0.171838
0.005050
-0.030506
-0.135046
0.111659
0.112253
-0.017659
-0.160209
-0.071293
0.086541
-0.104336
-0.082462
0.259526
-0.179905
-0.183011
-0.106079
0.280750
0.071433
0.037776
-0.094914
0.075352
-0.093626
-0.070113
-0.031016
0.259482
-0.154541
-0.165537
0.038045
-0.141632
-0.020641
-0.048993
-0.061200
0.179129
0.060412
-0.001534
0.078677
-0.227180
-0.110250
0.007284
0.003901
0.034668
0.054499
-0.259353
0.166280
-0.023420
0.150672
0.078909
-0.075638
-0.090463
0.123068
-0.092463
0.143403
-0.035540
-0.082784
0.101693
0.071774
-0.182987
0.227065
0.118545
0.086659
0.276399
-0.079305
-0.052284
-0.095675
-0.136224
-0.070348
-0.040417
0.440532
-0.208566
0.150830
0.134492
-0.082702
0.068210
0.142648
-0.101582
-0.029445
0.116584
0.083905
-0.078318
0.086064
-0.069551
0.157704
-0.129683
-0.048616
0.009206
-0.109791
0.147880
0.159594
0.111150
0.012364
0.025457
-0.148695
-0.057101
-0.147558
0.214528
-0.067389
-0.047859
0.216949
0.136841
-0.012692
-0.247995
0.110706
0.022221
0.031243
-0.132471
-0.091376
0.259034
-0.059420
0.186464
0.111033
-0.271276
0.023522
-0.138470
0.091818
-0.078111
0.055240
-0.097085
-0.108173
-0.034457
-0.002564
0.150907
0.000315
-0.100740
-0.055360
-0.092158
0.002233
-0.110104
0.005093
0.173423
0.245466
-0.021626
-0.292060
0.135940
0.274921
0.000381
-0.063187
-0.005614
0.191662
0.139264
-0.075560
0.169839
-0.134343
-0.170458
-0.152392
-0.219995
-0.082034
-0.176727
-0.059470
0.141016
0.258703
0.064715
-0.119608
0.049502
-0.246849
-0.064880
0.032590
0.089930
0.002765
0.215658
0.108553
0.135820
0.098797
0.040480
-0.083579
-0.184055
-0.096167
-0.138723
-0.017440
-0.010401
-0.202769
0.148763
0.044702
0.126608
0.172648
0.151530
0.088529
-0.088303
0.197346
-0.042586
0.056381
-0.075044
-0.260082
0.015005
0.122027
-0.382094
-0.013474
0.078794
0.221461
0.256364
-0.005620
0.180334
0.233851
-0.123477
0.130548
0.042121
0.018111
0.172071
-0.026322
-0.134871
-0.029093
0.198201
0.166534
0.183994
-0.107937
-0.143039
0.198488
0.087630
0.027556
-0.028396
-0.355896
0.077956
0.148684
-0.096795
-0.062881
0.175003
0.158825
0.305445
0.047991
0.029777
0.091911
0.062718
0.035085
0.048985
0.133293
-0.134790
-0.164199
0.089235
-0.074308
0.166347
-0.239917
-0.144551
0.001997
0.039585
0.104137
0.227868
0.054699
-0.238841
0.010526
0.032835
0.157776
-0.067701
-0.135524
0.074508
0.193313
0.239637
0.097733
-0.069637
-0.228477
-0.002597
0.276523
0.008197
0.139798
0.019895
0.070921
0.316919
0.027249
-0.121702
-0.126245
-0.044470
-0.044938
-0.005332
-0.092566
-0.126231
0.036473
0.062208
-0.035609
-0.112378
-0.049754
0.213564
0.036646
0.090085
0.270908
-0.045704
-0.081553
-0.124946
-0.014110
0.162558
-0.061177
-0.165384
0.193269
0.297602
-0.100829
0.077535
-0.119451
0.122118
-0.059302
0.152420
-0.115182
-0.026942
-0.132590
-0.051440
-0.053052
-0.195739
0.088450
-0.180694
-0.085720
-0.093825
0.037712
-0.088834
0.089033
-0.048252
0.109381
0.107349
-0.101874
0.028202
0.134835
-0.021845
0.087351
-0.069765
-0.163554
0.452399
-0.091489
-0.259599
-0.020975
-0.103266
0.128483
0.146411
0.125924
-0.094849
-0.221587
-0.067497
0.043358
-0.202534
0.142933
-0.033901
0.088307
0.064693
-0.070333
0.049507
0.141181
-0.126137
-0.072625
0.001239
-0.029252
-0.047893
0.137166
-0.106519
0.228617
-0.066442
-0.045602
0.037864
-0.210016
-0.129460
0.111658
-0.148796
0.128635
-0.081314
0.134947
-0.242441
-0.369839
-0.092804
0.150744
0.049742
-0.048192
-0.181217
-0.076295
0.185503
0.100749
0.007215
0.001862
0.064525
-0.284872
-0.311207
0.129367
0.183245
-0.062697
0.157462
-0.346933
-0.073874
0.047809
0.236973
-0.064528
0.102372
-0.026713
-0.293636
0.141630
0.019387
-0.106836
-0.003918
-0.090108
-0.220961
-0.160686
-0.304821
0.064870
0.030649
0.062831
0.163345
-0.066274
-0.030338
-0.080956
-0.134122
-0.112982
0.289552
0.146953
-0.177716
-0.127487
0.070259
0.006296
-0.018054
0.018130
-0.077417
-0.227672
0.106223
-0.076165
0.076644
0.106454
0.260482
-0.048501
-0.088778
0.126051
-0.157276
0.226750
-0.135523
0.119950
0.140535
0.064444
-0.206116
0.049095
-0.072977
-0.028861
-0.032957
-0.124677
0.032726
0.146903
-0.113605
0.019700
0.021691
0.038123
0.013140
-0.130539
-0.119842
0.003565
0.045587
0.068358
-0.078980
0.244618
-0.030752
0.088126
-0.181299
0.080115
0.046373
-0.075967
-0.106045
0.041377
0.055245
0.122176
0.206187
-0.016746
0.191169
-0.335422
-0.141018
0.074209
0.023967
0.039031
-0.070582
-0.130735
0.014804
0.049540
-0.278778
0.024953
-0.121003
0.266620
0.043404
-0.091030
-0.029407
0.140811
0.093789
-0.154752
0.060714
-0.011055
0.033335
0.014399
-0.062087
0.154648
0.213713
-0.102386
-0.049061
-0.096376
0.390213
0.101040
0.144086
-0.011922
-0.019463
-0.366574
0.045834
-0.212490
-0.024536
-0.008081
-0.064746
-0.051196
-0.087400
0.022746
-0.063768
-0.177448
0.127455
0.108614
0.153365
-0.121411
0.038663
-0.063799
-0.048000
0.037679
-0.035808
0.030015
-0.028621
0.053368
-0.034021
0.144057
0.072622
0.254026
0.019398
-0.033499
0.142409
0.204762
0.008074
0.110165
0.088032
-0.022884
0.082827
0.040427
0.219328
-0.153299
0.144534
0.224880
-0.243780
-0.088729
0.010295
0.048542
-0.105810
-0.026056
-0.044736
-0.010636
0.141422
0.113205
0.112163
0.135865
-0.073058
0.188838
-0.083887
-0.075987
-0.158274
0.008168
-0.137526
-0.041879
0.255982
0.004044
-0.099776
-0.150721
0.006788
0.053021
-0.096591
0.251280
-0.049551
-0.052061
0.060124
0.111256
-0.229017
0.197083
0.085750
-0.034202
-0.049880
-0.191462
0.147474
0.054203
0.192195
-0.097736
-0.081838
-0.070931
-0.047568
-0.038553
-0.110998
-0.008208
-0.038726
0.049333
0.067017
0.136295
-0.110132
-0.066991
0.001681
-0.156487
-0.084099
-0.139597
0.154136
0.265448
-0.016927
-0.262707
-0.233008
0.208874
0.026569
0.043722
0.065750
0.174324
0.026747
-0.022492
-0.070623
0.060373
0.071092
0.175680
0.211056
0.122167
0.054504
-0.015385
-0.142965
0.043485
0.037339
0.132403
-0.055852
0.136392
0.117943
0.092493
0.289235
0.176565
0.089733
0.072434
0.210050
0.070668
0.321591
-0.000514
0.143538
-0.096145
-0.092932
0.210123
-0.213763
-0.112613
-0.046261
-0.010062
0.108490
0.112182
0.057846
-0.062338
-0.114712
-0.185561
0.002826
0.090034
-0.062331
0.134729
0.046039
0.239861
0.008719
-0.171252
0.083229
-0.087865
-0.116319
-0.177775
-0.188706
-0.069598
-0.023224
0.039501
-0.329078
0.342736
-0.016921
0.163885
-0.020788
-0.011944
-0.180087
-0.020233
0.007959
0.139631
0.143703
0.188123
0.036642
0.125531
0.057454
-0.201772
-0.023078
0.092157
0.086742
-0.054016
0.005839
-0.263631
0.177512
-0.161966
0.013194
-0.312319
0.028926
0.067390
0.190335
0.033342
0.031417
0.145331
0.017755
-0.170928
0.013600
0.031350
0.263351
-0.153797
-0.074339
0.005950
0.254105
0.356267
-0.049650
0.001528
-0.023303
0.054798
0.142510
-0.027755
0.105025
0.224981
-0.140203
-0.114337
0.042579
-0.217296
-0.157369
0.286358
0.026264
-0.213244
0.132357
-0.115062
-0.068541
-0.031740
-0.154865
-0.157543
0.125871
0.025430
-0.058050
-0.000887
-0.001995
-0.127943
-0.093888
-0.228635
-0.000187
0.099291
0.269172
-0.019868
0.163717
-0.105870
0.141587
0.022391
0.080022
-0.124280
-0.037720
-0.150785
0.068465
0.221506
-0.126813
0.181802
-0.125125
-0.357178
0.047159
0.085063
0.095505
0.126428
-0.185503
0.015709
0.290559
-0.073574
0.064349
-0.119563
0.060187
-0.003112
0.068624
-0.083420
-0.167227
0.008071
-0.038683
-0.017219
-0.180277
-0.246809
-0.104432
0.038128
-0.025861
-0.117319
-0.246729
0.011172
0.076024
-0.020451
-0.009321
0.055901
-0.108825
-0.048546
-0.152953
0.209526
-0.056279
-0.105213
-0.152101
0.000033
-0.064544
0.102242
-0.092936
0.002856
0.118433
-0.001389
0.105108
0.046437
0.123043
0.055346
0.140216
-0.165836
-0.026855
0.251780
-0.044654
0.197460
0.119150
0.214864
0.082520
-0.064250
0.160622
0.021487
0.177679
-0.234725
-0.234711
-0.191777
0.127709
-0.061666
0.066411
0.104113
-0.191495
-0.056304
0.052013
-0.187938
0.053210
-0.060616
0.133280
0.033727
0.216264
0.053567
-0.151235
0.025528
-0.180633
0.143048
0.184422
0.049719
0.083252
-0.169124
0.032861
0.133019
-0.200025
0.153878
0.178256
0.273109
-0.032549
-0.134313
0.169050
0.209313
0.165401
-0.108321
0.116194
-0.085492
0.043023
-0.057919
-0.143541
0.047998
0.097690
0.057324
0.052543
-0.056650
-0.058315
0.209288
-0.179060
-0.001946
-0.017244
0.015813
-0.153338
-0.228293
-0.008440
0.038776
-0.074247
0.118720
-0.027351
-0.191350
0.007857
-0.054579
0.059204
0.111786
0.241613
0.171536
-0.053652
0.228518
0.015426
0.124801
-0.007518
0.170513
0.123175
0.130227
0.067357
0.256074
0.109733
0.083967
0.235516
-0.196915
-0.000474
0.091203
0.076987
-0.000314
0.176185
0.213305
0.206952
-0.122034
0.191634
0.121791
0.063759
-0.173113
-0.046078
-0.060750
-0.096388
-0.054982
0.078104
0.235402
-0.028339
0.026400
0.096003
0.009413
0.082103
0.173024
-0.041286
0.186759
-0.190809
0.157720
-0.289713
-0.321059
0.010911
0.097446
0.175273
-0.000573
0.109270
0.036950
0.071309
-0.027981
-0.153658
-0.255258
-0.300500
-0.261854
-0.084175
0.000633
-0.207854
-0.068682
-0.068695
0.154444
0.050546
-0.035667
-0.032608
0.142617
-0.067100
-0.022066
-0.104257
0.004781
-0.172003
-0.195593
-0.066453
0.150707
-0.120181
-0.031541
0.033178
0.130720
0.084975
-0.063965
0.146691
0.102729
-0.242421
-0.282124
0.091282
-0.079707
-0.154996
-0.042224
0.154525
-0.102319
-0.098597
0.113106
0.164754
-0.103196
0.064963
-0.192575
-0.143926
0.050708
-0.222125
0.096954
0.084856
0.033348
0.218974
0.052541
0.117384
-0.101551
-0.039688
-0.272642
0.205632
-0.007288
-0.227450
0.239971
0.021437
0.006732
0.262546
0.169840
-0.047142
0.061523
-0.248729
0.016158
0.363423
0.272167
-0.010009
0.113614
0.296063
-0.039668
0.209110
0.076591
0.246542
0.093256
-0.005640
-0.209121
0.043827
-0.089212
0.011034
-0.006812
-0.042756
0.041463
-0.357192
0.026892
-0.059832
0.106401
0.084958
-0.165954
0.097722
-0.211614
-0.354248
-0.005987
-0.208661
-0.130581
0.160909
-0.052874
0.015841
-0.015540
-0.195578
0.111705
0.043064
-0.010583
-0.043385
0.052658
0.172593
-0.109465
0.085525
-0.127934
0.062857
-0.043771
0.050350
0.005813
0.237464
0.238005
-0.000610
0.111154
0.088381
-0.073427
0.125037
0.004398
0.138934
0.083017
0.099426
-0.179386
0.065831
-0.065184
-0.085438
-0.234908
0.173478
-0.046626
0.049139
-0.104769
0.103171
-0.077791
-0.054120
0.060219
0.014005
0.000750
0.289225
0.042795
-0.202485
0.189046
-0.063409
0.102298
-0.007654
0.013477
-0.079087
0.179140
-0.112588
-0.118083
0.046416
-0.025332
-0.112134
-0.078617
-0.137082
-0.135669
-0.216283
0.123127
0.182722
-0.047685
-0.079132
-0.110151
0.102874
0.063625
-0.187070
0.025581
0.174872
-0.226341
0.088823
-0.136307
0.011855
0.029252
0.008829
-0.141601
-0.022607
0.050865
-0.011016
-0.061801
-0.165151
-0.217948
0.186481
-0.083748
-0.230236
-0.196375
0.023312
-0.169426
0.053788
-0.103283
-0.244429
0.117097
0.050585
0.058185
0.127714
0.041850
0.022617
-0.078099
0.056745
0.099070
0.145693
-0.223182
-0.114967
0.029221
-0.069394
-0.089431
-0.010111
-0.062954
-0.036053
-0.109209
0.152405
0.180808
-0.230808
0.043967
-0.128122
0.032961
0.175336
-0.069615
-0.084580
-0.162716
0.148166
-0.042304
-0.115132
0.013519
0.156797
-0.152168
0.011061
0.173695
0.085682
-0.072119
0.248056
-0.132769
-0.134592
-0.233201
0.047056
0.035271
0.052632
-0.095148
-0.120605
0.032230
0.144295
0.090642
-0.062888
-0.007690
0.012624
0.126467
0.015618
0.095712
0.012229
0.236399
-0.160731
-0.061983
0.057374
0.200385
0.125511
-0.116375
-0.137420
0.055514
0.035107
-0.175316
-0.073026
0.008998
0.066132
-0.133866
-0.061695
-0.114162
0.040830
-0.178460
0.120241
-0.073064
-0.192042
-0.064716
-0.040893
0.151674
-0.212309
-0.176369
-0.101656
0.212080
0.024445
0.026162
0.178946
0.166779
-0.187134
-0.006677
-0.056860
-0.110083
-0.012570
0.091446
-0.202918
-0.000690
-0.056326
0.149218
0.045182
-0.000537
0.021287
0.076472
0.072477
-0.227676
0.098228
0.007094
0.063941
0.089148
0.031355
0.013620
0.093730
0.030437
0.068478
0.077824
-0.348924
-0.217305
0.097138
-0.115466
-0.003442
0.057515
-0.011496
0.008006
-0.046176
-0.020680
-0.197674
0.105345
0.154498
-0.021257
0.031530
0.014058
-0.109459
0.168002
-0.130426
0.310618
0.051926
0.216223
-0.042250
0.130215
-0.142874
0.038312
0.419907
0.004965
0.060828
-0.114530
-0.032247
-0.034446
0.034459
-0.101153
-0.165625
0.222898
0.094181
-0.025472
0.169319
0.051003
0.105874
-0.016174
0.005492
0.259715
0.074542
0.071782
0.267191
0.244468
-0.047003
0.027705
-0.099208
0.097803
-0.118052
0.062151
0.072984
0.047424
-0.031395
-0.251326
-0.020032
0.144051
-0.201113
-0.079417
-0.113199
-0.042445
0.132435
-0.160555
-0.059133
-0.087351
-0.007758
-0.096677
-0.034703
-0.119604
-0.196298
0.072399
0.093782
0.057442
0.201486
0.051600
0.068621
-0.008729
0.034885
0.003281
-0.230406
0.047538
0.040532
-0.079668
-0.029081
0.142145
0.065370
-0.009247
-0.142544
-0.113180
0.000788
0.130190
-0.108263
0.046048
0.000825
-0.120360
-0.289782
0.032193
-0.004503
-0.120880
-0.146648
0.089346
-0.119228
0.316673
0.103310
-0.184508
-0.086549
-0.091381
-0.049238
-0.010063
-0.195157
-0.194772
0.055598
0.287261
0.141498
-0.131905
0.033035
0.196768
-0.089571
-0.202236
-0.250837
-0.052188
-0.020966
-0.054178
-0.010876
0.076361
-0.176566
0.019003
0.109120
0.033391
-0.096864
0.076261
0.109966
0.014458
-0.002037
0.188438
0.072592
-0.202814
0.074770
0.396673
0.029748
0.162003
0.186128
0.069586
-0.008459
-0.143460
0.138427
0.129027
0.120733
-0.192163
-0.018819
0.017038
-0.005164
0.013323
0.097175
-0.058320
-0.090203
0.102465
0.195780
0.376157
0.067806
-0.036129
0.151794
0.182731
0.054406
-0.154112
-0.136796
0.000099
-0.052390
0.112520
-0.109194
-0.036476
0.110196
0.178763
-0.071736
-0.048076
0.053209
-0.133035
-0.327933
0.184171
-0.174675
0.154270
-0.137034
0.222909
0.079836
0.197607
-0.043798
0.030562
0.017388
-0.014150
-0.135480
0.168572
-0.110833
0.018787
-0.170095
0.094532
-0.131963
-0.012272
-0.286484
0.252358
-0.110996
-0.061983
-0.266405
0.139384
-0.041810
0.045156
0.034991
0.065093
-0.209388
-0.122420
0.136222
0.003083
0.039531
-0.030198
0.142775
0.014789
0.041060
-0.010441
-0.180147
-0.078422
0.112415
0.165430
-0.070306
-0.214565
0.239320
0.090176
-0.021618
0.030271
-0.216189
-0.049983
0.096617
0.300991
0.130414
-0.178960
0.113269
-0.010649
0.029807
-0.212728
-0.023928
-0.079363
0.086759
0.120000
0.003417
-0.225124
-0.138559
0.075184
-0.079801
0.024258
0.069348
0.020537
0.070529
-0.125243
0.206914
-0.004440
0.041772
0.008911
-0.176826
0.168123
-0.013309
0.081804
-0.051336
-0.017846
-0.031151
0.065725
0.025138
-0.136319
0.074167
0.175416
-0.148229
0.242877
0.163866
0.075726
0.144693
0.037069
0.103070
0.008051
0.022152
0.132288
-0.163747
0.247947
0.011666
0.040396
0.173067
0.028807
0.325077
-0.035369
-0.071785
0.085780
-0.158448
0.031528
0.070617
0.042001
-0.055470
0.022172
-0.106628
-0.071116
-0.073279
-0.041484
-0.032617
-0.061549
-0.038300
-0.161077
0.084881
-0.011193
-0.127471
0.129683
0.131734
0.056922
-0.024103
-0.096964
-0.164084
0.010087
0.014546
0.304888
0.053419
0.097521
0.034095
-0.065998
-0.031527
-0.232500
0.061568
0.045458
0.054726
-0.148042
-0.166384
0.039262
-0.251104
0.108548
-0.156109
-0.039423
0.103974
0.131411
0.137310
0.261613
-0.216080
-0.001323
-0.214845
0.143083
-0.025538
0.093473
0.138575
-0.102423
0.171799
-0.040062
-0.072357
0.151836
-0.026141
-0.125661
-0.060951
-0.187136
-0.101433
-0.045798
-0.095442
-0.243975
-0.043050
0.169835
0.024263
-0.169326
0.153105
-0.099603
0.022337
-0.226726
0.029190
0.032363
0.118678
-0.220451
-0.050788
-0.089606
0.227195
-0.100913
0.118157
-0.102975
-0.345747
-0.103064
0.137595
0.092929
-0.055853
0.035143
-0.156659
0.034555
-0.200887
0.015932
0.063135
0.111921
0.163977
-0.148004
0.115360
-0.027214
-0.011663
0.055688
-0.056417
-0.104345
-0.193688
-0.084171
0.055869
0.068729
-0.129191
-0.108694
0.039484
-0.266353
-0.019082
0.210016
-0.071076
0.077126
-0.107537
-0.157033
0.134071
-0.192764
0.013856
-0.092660
-0.308576
-0.006886
0.121856
0.020638
0.234117
0.071969
0.098650
0.066514
-0.011159
-0.022220
-0.067373
-0.099042
0.041302
0.061614
-0.005172
0.176871
0.110530
0.061746
0.055096
0.174623
-0.179665
-0.073216
-0.183482
-0.071923
0.053556
0.051688
0.015455
0.153581
0.176080
-0.023414
0.096886
-0.218582
0.123811
0.246310
0.038759
0.134305
0.219192
-0.064325
0.274450
0.084059
-0.107063
-0.062135
0.235242
-0.188085
-0.294321
-0.337263
-0.006171
0.023187
-0.054893
0.124883
0.223988
0.032210
-0.099011
-0.056447
-0.002367
-0.003838
-0.022960
-0.084641
-0.087684
-0.051203
-0.082076
-0.055936
0.015085
0.223060
-0.230287
-0.060253
0.069291
0.000187
-0.065583
-0.016483
-0.138721
0.011095
-0.135169
0.239867
0.020186
-0.121339
0.070504
0.121551
0.271491
0.116047
0.007763
-0.021165
0.017547
0.234279
-0.090870
0.127154
0.086690
0.034130
0.173158
-0.229363
0.212879
-0.077112
-0.005104
0.032579
-0.125638
0.066734
0.041717
0.045381
-0.067741
-0.155880
-0.208790
-0.167459
0.038437
-0.019885
-0.066189
0.104843
-0.162014
0.093385
-0.084714
-0.061189
-0.318569
-0.139306
-0.389699
0.144117
0.006102
0.133145
-0.205248
-0.008642
0.143069
0.181675
0.126577
0.085668
0.071473
0.076958
-0.031603
-0.254577
0.039818
-0.063384
0.130029
0.120842
-0.004764
-0.247388
-0.142421
0.009301
0.061462
-0.034075
0.059404
-0.066984
0.198563
-0.092479
0.067686
-0.000109
-0.126557
0.006785
-0.045897
0.023218
-0.273415
-0.071068
-0.015216
0.186431
0.059436
0.108564
-0.167617
0.054419
0.114288
-0.031591
0.033299
0.064279
0.040923
0.035135
0.025452
0.028803
0.260649
0.041676
0.108732
0.062791
-0.027636
-0.123514
-0.295080
-0.126131
-0.061126
-0.188227
0.061964
0.146372
0.007282
-0.119860
0.278268
-0.082182
0.128224
0.042564
-0.244470
0.010214
0.033052
-0.074784
-0.055155
-0.019528
-0.156976
-0.003133
-0.134849
-0.003046
0.052156
-0.117077
-0.030774
0.048096
-0.100159
0.072970
-0.103916
0.088365
0.005309
0.133275
0.049417
-0.075874
-0.001952
-0.031816
-0.208220
0.138357
-0.243442
-0.052728
-0.129044
0.066029
0.120642
-0.067705
-0.108075
-0.043932
0.081653
0.063261
0.079585
0.007845
0.092411
0.077282
0.142852
0.099387
0.136208
0.131089
0.066361
-0.092070
-0.102168
-0.028034
-0.262846
-0.161368
0.095052
-0.101298
-0.036758
0.033598
-0.086208
-0.105774
-0.365457
0.049497
-0.065348
-0.004876
-0.285506
-0.092320
0.023334
-0.000133
-0.027372
-0.351016
0.025348
-0.305080
0.103853
0.253747
-0.051602
0.004823
-0.112480
0.016948
-0.056687
0.064417
0.107230
-0.142104
0.031341
0.178603
0.134525
-0.063504
-0.202108
0.111067
0.087304
0.196282
0.099746
0.018412
0.265197
0.172931
-0.095978
-0.088451
-0.202662
-0.026276
0.096502
-0.072452
0.148894
0.023570
0.194360
0.100249
-0.092010
0.077030
-0.020647
-0.023042
-0.061005
0.088230
-0.169429
-0.067909
-0.079093
-0.119166
-0.106692
-0.094299
-0.050451
-0.021001
-0.030024
0.080798
0.037761
0.018622
0.067350
-0.165690
0.063956
0.057254
-0.014148
0.084931
-0.225709
-0.005867
0.023131
0.218698
-0.074710
-0.160897
0.033513
-0.047557
0.185010
-0.009904
-0.101838
-0.136928
-0.076281
0.181507
-0.234775
0.026540
0.044070
0.038011
-0.070114
0.160838
0.007854
-0.188634
-0.203166
-0.321250
0.172988
-0.063883
0.000909
0.175717
-0.119397
-0.009670
-0.117065
0.091644
0.092725
-0.058315
-0.077179
0.041711
0.091641
0.346365
0.106259
0.101297
-0.052375
-0.086061
-0.111370
-0.085575
0.032677
0.143587
-0.006378
-0.217334
0.267096
0.094726
0.099731
-0.005535
-0.102898
-0.204066
0.003218
0.156162
-0.251144
0.296946
0.037546
-0.069560
0.003888
-0.081470
-0.019972
0.188644
-0.298154
-0.058738
0.020497
-0.241325
-0.108929
-0.096541
-0.066688
-0.059800
0.064147
0.031755
-0.033483
0.072520
-0.117187
0.211757
0.032446
0.158669
0.062043
0.163049
0.125628
0.077453
0.068976
0.004994
0.239183
-0.043748
-0.022194
0.071377
-0.236425
-0.088396
0.127778
0.009163
-0.161560
0.093312
0.031934
0.091276
-0.085135
0.175278
0.036701
0.133359
-0.110227
0.086062
-0.026836
0.012546
0.171963
0.200515
0.007141
-0.253633
0.027545
-0.066325
0.045668
0.084690
-0.046514
0.104810
-0.043720
-0.005937
0.247035
-0.157984
-0.263456
0.020345
0.084245
-0.035312
0.123757
-0.004637
-0.147093
0.323114
0.154346
0.094329
0.052231
-0.153745
0.189741
0.082629
-0.012166
0.072278
0.078518
-0.001074
0.115998
-0.068440
0.202056
-0.052229
-0.285324
-0.190236
-0.012909
-0.248392
0.064953
-0.086925
0.090213
0.011902
0.068579
0.022746
0.067518
-0.271159
-0.048007
-0.147320
0.002102
0.173698
0.050964
-0.190805
-0.001862
-0.322306
-0.105526
0.225743
-0.012219
0.085176
0.169523
-0.124563
-0.115874
-0.216883
0.182557
0.209417
-0.051387
0.138010
-0.117061
0.176459
0.120247
-0.001111
-0.051172
-0.009515
-0.217481
0.062157
-0.137827
0.027904
0.024173
-0.128422
-0.031639
0.033365
0.066539
0.091563
-0.053018
-0.031411
-0.250470
0.123532
0.052191
0.024977
0.165128
-0.027569
0.127430
0.009938
-0.221761
0.095969
0.051368
-0.259093
0.110845
-0.155874
0.048642
-0.068203
-0.030841
0.203858
-0.146290
0.018619
-0.230353
-0.064047
-0.241419
-0.126600
-0.117807
0.139823
0.170329
-0.167796
-0.191270
-0.153638
-0.098027
-0.018407
-0.124936
-0.138554
0.037097
0.092433
-0.015984
-0.014780
0.085074
-0.085718
-0.062219
-0.229214
0.082159
0.043379
0.134316
-0.224545
-0.083614
-0.315860
-0.235749
-0.072238
0.048051
-0.207914
0.068127
0.167772
0.024599
0.168298
-0.032744
-0.329101
0.099442
-0.009708
0.130833
-0.013407
0.003643
-0.095299
0.221695
0.194549
0.140570
-0.298927
0.065278
0.051535
-0.201646
-0.176361
0.094826
-0.109676
-0.025447
-0.038979
-0.109298
0.111896
0.181537
-0.057554
0.091717
-0.020631
0.138386
-0.106462
0.173858
0.125261
0.154070
-0.151268
-0.209572
0.278828
0.050884
0.124375
0.088838
0.037419
0.107490
0.248036
0.069863
0.119167
-0.048554
0.014343
-0.233923
-0.166657
0.233445
-0.020563
0.092772
-0.182690
0.017665
-0.009005
-0.109435
-0.083025
-0.151774
0.104418
0.182451
0.098940
-0.003584
0.060493
0.114475
-0.084899
0.174062
0.139348
-0.113223
0.250549
0.188672
-0.140734
-0.010305
0.037110
-0.132411
-0.260395
0.164369
-0.206777
-0.222968
-0.051949
-0.079087
0.026857
0.049218
-0.174436
-0.111131
-0.105371
-0.073528
-0.021572
-0.086697
-0.034665
-0.196211
-0.164191
0.083792
-0.109461
0.028738
0.006773
0.024578
-0.025791
0.010719
0.003730
0.044101
-0.084337
0.034677
0.116936
0.101556
0.207751
-0.011836
-0.245723
0.152971
-0.059552
-0.134367
0.120488
-0.085749
-0.123715
0.140689
0.009697
-0.039060
-0.011507
-0.160552
0.039382
0.074732
-0.087139
0.125113
-0.044049
0.115313
-0.127656
0.021702
0.157602
-0.149953
-0.044661
-0.120149
0.111361
-0.228346
-0.123626
0.098396
-0.077051
0.202233
0.061543
0.020214
0.251150
-0.099335
0.023485
-0.041105
-0.164507
-0.014859
-0.062042
-0.073222
-0.226402
-0.037390
0.079428
0.007528
-0.137972
0.034498
-0.127171
0.006997
0.147046
-0.100561
-0.231585
0.027458
-0.050335
0.036909
-0.257799
0.080889
-0.125869
-0.202155
0.038140
-0.156842
0.048451
-0.002227
0.014083
-0.008354
0.237964
-0.108551
0.052862
0.009351
0.101132
-0.033923
0.120417
0.166194
-0.130676
0.017402
0.045796
0.030736
-0.120703
-0.051190
-0.059763
-0.137493
0.033638
0.146837
0.037754
0.113608
0.078848
-0.032303
0.191408
-0.180331
0.164349
-0.172472
-0.087066
-0.038344
-0.166860
0.088524
-0.043828
0.016646
-0.140690
-0.079711
0.027915
-0.113547
0.141467
0.266523
-0.081782
0.020424
0.147778
0.100314
0.229598
0.004886
0.026139
-0.269799
-0.352808
-0.087963
0.202600
-0.057892
-0.090899
-0.083120
0.080619
0.028653
0.125840
-0.045700
0.105112
0.270012
-0.054533
-0.049218
0.065933
-0.090073
0.167719
0.144968
-0.017673
-0.068279
0.043130
-0.131369
0.216056
-0.057815
-0.014878
0.016029
-0.044258
0.183978
-0.096912
-0.027761
0.100573
0.157269
-0.041264
-0.196019
0.067217
0.213869
0.000268
0.066355
-0.031572
0.144225
0.065608
-0.087334
-0.010871
-0.083874
-0.179209
-0.388903
-0.196090
-0.007160
-0.136476
0.155220
-0.224523
0.014136
-0.054848
-0.150054
-0.079828
-0.114380
0.165242
-0.082916
-0.095017
-0.203039
-0.162203
0.182083
-0.091695
0.071546
0.130289
0.282595
-0.196715
-0.277097
0.048455
0.054161
0.182191
-0.100029
0.086061
-0.143632
-0.018249
-0.170061
-0.000667
0.237206
-0.129124
0.014360
0.088782
-0.075545
0.002089
-0.068252
0.072831
-0.209791
0.021174
-0.004705
-0.056557
-0.089643
-0.202354
-0.115866
-0.057421
0.257416
-0.143642
0.034602
-0.102839
0.009157
-0.138573
-0.225682
0.028243
0.084386
-0.132189
-0.008849
0.086853
0.250937
0.089378
0.017827
0.086846
0.057956
0.107554
-0.150023
-0.155925
0.160532
0.026627
-0.181709
0.064588
-0.038777
-0.010889
0.051419
0.050208
-0.140053
0.015231
-0.047388
-0.050477
0.331898
-0.082984
-0.065660
0.027257
0.201141
0.026555
0.084173
0.131509
-0.185187
-0.045493
0.033288
-0.016098
0.091417
-0.023795
0.090722
0.014981
-0.114496
0.093010
-0.046747
-0.100535
0.048062
0.090074
0.173477
0.179040
0.059030
0.061144
-0.137986
-0.107381
-0.006484
-0.044458
-0.188058
-0.068919
-0.050638
-0.160379
0.007596
-0.081850
-0.074015
0.142384
-0.007900
-0.072786
-0.249015
-0.124197
0.113030
0.166526
0.017215
-0.099507
-0.171146
-0.158425
-0.069769
-0.024282
0.133027
0.047515
0.100295
0.077608
0.078305
-0.167176
-0.208354
-0.047386
-0.006953
0.096130
-0.032175
-0.008695
0.038026
0.186215
0.176340
-0.129228
0.111825
-0.005339
-0.012789
0.082954
-0.180156
-0.066684
0.099550
0.236249
-0.051289
0.155570
0.139298
0.075318
-0.019718
-0.007915
0.179529
0.081086
0.049723
0.013177
0.012990
-0.002858
-0.006745
-0.077602
-0.028974
-0.050616
-0.075217
0.003828
0.128807
0.010472
0.029330
0.175540
0.060955
0.083500
0.052984
-0.079836
-0.233095
-0.100583
0.156743
-0.119709
0.043876
-0.025343
0.026390
0.036722
0.134498
-0.103648
-0.078430
0.060840
-0.005640
-0.150383
0.070754
0.127044
0.022766
0.107326
0.074564
-0.179712
0.040901
-0.182900
-0.024099
0.251414
-0.067214
-0.058718
-0.038590
-0.011844
-0.061867
0.129128
0.005166
-0.350097
0.178456
-0.115068
0.111038
-0.040020
0.023718
-0.208019
-0.298067
-0.141284
-0.053268
0.267297
0.265579
-0.189601
-0.007575
-0.268510
-0.000596
-0.021668
0.053260
-0.004461
0.076810
0.098142
-0.100017
-0.312689
-0.093996
-0.008230
-0.281548
-0.190370
-0.076731
-0.134131
0.010679
0.064497
-0.070273
-0.002221
0.043902
-0.012339
0.108792
-0.020142
-0.006156
-0.141491
0.151622
0.157540
0.096069
-0.065551
0.021264
0.028087
-0.124517
0.012697
0.044242
-0.166260
0.097174
0.022129
0.115415
0.172114
0.023533
0.053356
-0.047812
-0.094223
0.116169
-0.275822
0.094059
-0.151697
-0.088043
-0.092834
-0.042988
-0.156395
-0.006980
-0.100203
0.205363
-0.105760
0.142935
0.130949
-0.209168
-0.096295
0.043582
0.076769
-0.069723
0.011065
0.244453
-0.035480
0.082388
-0.000979
0.047736
0.011812
0.120159
0.089717
-0.116086
-0.237110
-0.024340
0.156769
-0.035679
0.254037
0.117058
0.089289
-0.003889
-0.133315
0.002169
0.242538
0.051918
-0.089262
-0.125064
-0.024141
-0.140770
0.047575
-0.073883
-0.078232
-0.097331
0.110313
-0.168765
-0.118199
0.026511
0.176704
0.006089
-0.025973
0.040430
-0.111975
0.084441
-0.190666
0.008920
-0.056115
0.071807
0.061833
-0.301480
-0.124530
0.063682
0.162827
0.019830
-0.138469
0.138613
0.248763
-0.072948
0.086310
-0.100796
-0.058580
0.081150
-0.233541
0.054584
0.042821
-0.029082
-0.070940
0.006738
0.291802
-0.054586
0.090559
0.073185
0.215747
0.171670
0.212190
-0.016391
-0.311497
-0.041304
-0.087723
0.025206
-0.182655
0.079947
0.005804
0.061552
-0.129216
0.057594
-0.064064
0.212588
-0.223901
-0.070139
-0.047317
-0.243865
-0.088428
-0.078018
-0.032169
-0.030248
-0.013106
0.089691
0.092760
0.074739
-0.184223
-0.069585
-0.028379
-0.017542
-0.038621
0.017744
-0.167069
-0.041673
-0.053510
-0.394130
0.049672
0.002017
0.021544
0.130743
0.065993
0.078549
0.083810
-0.114220
0.204527
0.146975
-0.056141
-0.182315
-0.025803
-0.083705
0.196860
0.141597
0.021586
-0.037183
0.217295
-0.183642
0.015701
-0.053412
-0.115373
0.087714
0.113630
0.197066
-0.012967
-0.145247
0.064384
-0.120788
-0.044093
0.088559
0.021318
-0.218958
-0.199236
0.017476
-0.046703
-0.086055
0.098003
0.096545
-0.003616
0.139000
0.109784
0.174994
-0.028797
0.002538
0.172594
-0.137072
-0.061840
-0.200419
-0.182259
-0.030959
-0.284751
0.167458
-0.235703
-0.276131
0.024939
-0.101278
0.212509
0.052870
-0.015827
-0.000214
0.306932
0.005839
-0.214402
-0.038493
0.264996
-0.091440
-0.217741
-0.192232
0.320836
-0.050330
-0.002491
-0.050051
-0.016138
0.084499
0.029645
-0.109886
-0.223207
0.019086
0.082225
0.078168
-0.021923
0.331133
0.077429
0.232665
-0.225026
-0.154086
0.008589
-0.235228
0.017968
0.236946
0.017122
0.106254
0.057847
0.132552
0.052745
-0.206527
0.228573
-0.064539
-0.081133
-0.089703
-0.017404
0.000868
0.064300
0.045724
-0.085153
0.015442
-0.046231
0.202450
-0.069279
0.197748
0.064399
-0.131492
0.025888
0.050342
0.312960
-0.222085
0.189761
0.354783
-0.078860
-0.201630
0.011606
-0.249752
-0.165253
0.067916
-0.088001
-0.170263
0.050953
0.009732
-0.139995
-0.136651
0.079509
-0.052405
-0.023765
-0.277581
0.108881
-0.016752
0.316228
0.074443
-0.111278
0.182596
-0.174199
0.046708
0.113360
0.259478
-0.059912
-0.000371
0.065494
-0.253923
-0.069273
-0.095136
-0.009921
-0.133670
-0.298203
-0.004224
0.033376
0.019843
0.023446
-0.151880
-0.004312
0.018869
0.025727
0.263710
0.188578
-0.137114
0.004677
-0.499608
-0.016700
-0.135655
0.007187
-0.118483
-0.153274
0.074048
0.101571
0.185799
-0.134319
-0.157960
-0.163385
-0.081140
-0.199602
0.041112
-0.029988
0.142089
-0.140892
-0.081480
0.091446
-0.186573
0.041734
-0.084821
0.181062
-0.130728
-0.068169
0.029138
0.068817
-0.244741
0.029505
-0.144169
-0.013228
-0.231247
0.004807
0.084653
0.324447
-0.093189
0.082390
-0.014733
-0.024819
0.019427
0.244444
-0.209776
0.137703
0.163150
-0.226528
-0.072468
0.269463
-0.196895
-0.003309
-0.092035
0.019595
0.073045
0.023644
-0.037605
-0.027816
-0.189551
-0.099622
0.187676
-0.045060
-0.138605
0.210437
0.042979
-0.072242
-0.102738
0.002382
-0.090490
0.012969
-0.141812
0.076224
-0.007029
0.056045
-0.016611
-0.283512
0.026869
0.125245
0.041959
-0.032224
0.060578
0.123084
0.352869
-0.011447
0.287814
0.184792
-0.032274
-0.094290
-0.287655
-0.049434
0.038711
-0.229687
-0.143695
0.013658
-0.044450
0.186558
0.065910
0.110861
-0.013633
0.037284
0.110462
-0.103683
-0.006625
0.085539
0.027761
0.084549
0.088818
0.123624
-0.077958
0.006035
0.250908
-0.023397
-0.125677
0.102448
-0.127363
-0.081812
-0.038273
0.045657
0.060775
0.131305
0.276990
0.060300
0.034245
0.076827
0.209067
0.075066
0.055539
-0.157472
-0.069719
0.200919
0.213888
0.130482
-0.064875
0.013187
0.066003
-0.029059
-0.005855
-0.148741
-0.133269
0.054744
0.252780
-0.239508
-0.101770
-0.008186
-0.097224
-0.184100
-0.085393
-0.200038
-0.228931
0.300924
0.153359
-0.037104
-0.260166
0.139266
-0.158652
0.217840
0.026060
0.009773
0.090167
0.013237
-0.313548
-0.250656
-0.087296
-0.259979
-0.272449
0.003765
0.092101
0.132797
-0.075068
-0.035932
-0.100672
-0.013856
0.021568
-0.006277
-0.000862
-0.020880
-0.025941
0.086869
-0.119007
-0.172852
0.222729
0.116616
0.214675
0.014762
-0.204872
-0.047915
0.015479
0.022200
0.009435
0.228075
-0.158826
0.052963
-0.154181
0.309591
-0.055744
-0.245060
0.002302
0.020384
-0.199790
0.239290
-0.114799
0.064381
-0.249654
-0.115681
0.133157
0.087025
-0.109056
0.181249
-0.077731
-0.122238
-0.007780
-0.073763
-0.216248
0.038087
-0.012413
0.110467
-0.311486
-0.101324
0.011023
-0.201778
0.065025
-0.297194
-0.249204
0.020191
0.030946
0.012455
-0.309787
-0.045454
-0.163774
0.035863
-0.240287
0.008576
0.094973
-0.229721
0.099944
0.048380
-0.104142
-0.004021
0.327190
0.197219
0.124685
0.047605
-0.016406
0.078326
-0.020202
0.010454
-0.176306
0.077395
0.210339
-0.005454
0.044991
-0.057286
0.107188
-0.105307
-0.081358
-0.030499
0.110524
-0.107842
-0.036745
0.115822
-0.060173
-0.007485
0.101539
-0.163427
0.091258
-0.212623
0.064926
-0.334018
0.112725
-0.061123
0.207452
-0.098298
-0.005022
0.100592
-0.073551
-0.126422
-0.117407
-0.071793
0.004180
0.083438
0.016737
-0.085821
0.122729
-0.046698
-0.011927
-0.129642
0.032328
-0.127036
-0.025658
0.007412
0.500546
-0.030991
0.017551
0.277860
-0.149184
0.019387
-0.019889
-0.064553
0.073939
-0.124450
0.018369
0.104473
0.064600
0.182867
0.011542
-0.052721
0.060103
-0.243861
-0.083847
0.078708
-0.001809
-0.064654
-0.098677
-0.029648
0.010136
-0.055375
-0.336735
0.125785
0.044586
0.014071
-0.010319
-0.064652
-0.021461
0.118318
-0.066099
0.212368
-0.216734
-0.084008
-0.056858
0.162639
-0.048927
0.063304
-0.103255
0.002305
-0.003263
-0.009886
-0.083778
0.207820
-0.072037
-0.261848
0.027207
0.046049
0.111039
-0.241586
-0.017863
-0.010522
0.188022
-0.047322
-0.114913
-0.016824
0.007528
-0.153571
-0.253785
-0.023289
0.088845
0.035576
0.022087
0.098947
0.110675
-0.035240
-0.131029
0.148055
0.116127
-0.266659
-0.116871
0.101284
-0.075707
-0.122705
0.053689
0.117094
-0.030669
-0.016607
0.351800
0.012440
-0.160504
-0.029543
0.022440
-0.111647
-0.049613
-0.097889
0.251585
0.087540
-0.049865
0.049817
0.087245
0.067260
0.294791
-0.037395
0.089891
0.067647
0.044791
-0.003358
-0.004102
0.269484
0.012613
-0.114945
-0.094872
-0.130041
-0.086387
-0.016203
0.099258
-0.066033
-0.208382
0.190458
-0.237044
0.029676
-0.032398
-0.104350
0.009653
-0.128097
0.135934
-0.194824
0.092040
-0.042732
-0.090471
-0.034361
-0.019279
-0.188752
-0.209939
0.186263
-0.169892
-0.070750
-0.178160
0.085570
-0.172544
-0.200815
-0.017830
-0.080085
0.027952
0.211208
-0.106485
-0.151707
-0.032608
-0.281124
0.028568
-0.096665
-0.089058
0.040328
0.056950
0.152002
-0.050731
-0.161013
-0.104123
-0.058887
0.078413
0.055238
-0.018165
0.136529
-0.187914
-0.082612
-0.192979
-0.147714
0.037779
0.023526
0.052354
-0.090683
-0.119368
0.094044
0.216015
-0.056206
-0.032998
-0.039585
-0.012885
0.019848
0.065950
-0.042875
0.114016
-0.005413
-0.072215
-0.212162
0.160002
-0.248234
0.140385
-0.078947
-0.031551
-0.105662
0.071026
0.123255
-0.228987
0.269117
0.162903
0.090197
-0.138664
-0.082507
0.072752
-0.202951
0.059485
-0.095692
0.261211
-0.162224
-0.234491
-0.039815
0.172542
-0.235697
-0.301225
-0.162450
0.132612
0.040797
0.152830
-0.082437
0.065360
0.099343
-0.209435
-0.151946
-0.209772
-0.007032
0.091058
0.326639
0.062893
-0.050363
0.184319
0.229947
-0.008444
0.074306
-0.027433
-0.102257
0.141919
0.028895
-0.283292
-0.062788
-0.042876
-0.002004
-0.134982
0.160371
-0.009189
-0.211717
-0.051523
-0.006051
-0.160807
-0.074102
-0.092386
-0.167779
-0.074316
-0.021431
0.109765
-0.208798
-0.121465
-0.024614
-0.041232
0.026829
0.032369
0.015870
-0.101210
0.011444
-0.044651
0.017036
-0.022566
-0.129380
-0.013787
-0.182106
0.054439
0.039378
-0.177637
-0.221201
0.037627
-0.290167
-0.037140
0.124889
-0.074562
0.192455
0.128270
-0.003253
0.073474
0.094724
0.107586
0.110359
0.183919
-0.133729
0.166160
0.114936
-0.057432
-0.027223
0.115895
-0.098827
-0.049758
0.087422
-0.288928
-0.095870
0.085715
0.011596
-0.266788
0.085005
0.156490
0.377283
0.072521
-0.045341
-0.171956
-0.031663
0.372224
0.063034
-0.119793
-0.040227
0.004651
0.222110
0.029058
0.058257
-0.090178
-0.085789
0.057643
0.150150
-0.020353
-0.092593
0.134174
0.108225
-0.071470
0.047877
0.046102
-0.064068
-0.071903
-0.108488
0.001508
-0.195282
-0.129927
-0.081677
0.189179
0.108112
-0.039396
-0.548332
-0.164962
0.160192
0.224115
-0.011893
0.222799
0.003968
-0.061932
-0.072660
-0.308518
-0.143572
0.062973
0.212751
0.102665
0.020816
0.004358
-0.054325
-0.023707
-0.003071
0.115829
0.219185
-0.029138
-0.147860
-0.154066
-0.202643
-0.113579
-0.010671
-0.144058
-0.061291
-0.064607
0.039710
0.055037
-0.081733
0.145120
-0.034005
0.159181
0.075288
-0.146089
-0.129201
0.176829
-0.265331
0.013702
-0.065634
-0.048220
0.013096
0.015056
-0.307269
-0.001952
0.004588
-0.075289
0.064786
0.008835
-0.246118
0.073188
0.010905
-0.127823
0.046972
0.108514
0.095670
0.055300
-0.094922
0.001131
-0.091532
0.117757
-0.106559
-0.250503
0.034190
0.250820
0.003524
0.009783
0.073530
-0.103230
0.089129
0.090736
0.199360
-0.099606
0.059977
-0.031705
-0.033213
0.177335
-0.087807
-0.087160
-0.105164
-0.405578
-0.120727
0.015129
0.139294
0.018384
-0.039186
0.001535
-0.245341
-0.008134
0.223053
-0.147796
-0.193424
-0.085400
0.059413
-0.111388
-0.143492
-0.029551
-0.090161
0.015848
-0.263470
-0.015708
0.115333
0.013951
0.053205
0.253031
-0.108890
-0.236020
-0.199341
-0.043997
-0.212925
-0.242665
0.015155
0.153793
-0.250509
0.012173
0.092862
0.190511
-0.136849
-0.109261
-0.123416
-0.257629
-0.091016
0.128836
0.149100
0.005318
-0.048556
0.001310
-0.020726
-0.058853
-0.083660
-0.009268
0.032055
-0.148239
0.118000
-0.014639
0.166186
0.035834
-0.245797
0.106223
0.061242
-0.105914
0.017545
0.035396
0.192666
0.092109
-0.057680
-0.020447
0.230300
-0.081437
-0.071034
0.048270
-0.182598
0.059867
-0.049211
0.143990
-0.026634
-0.013415
-0.007540
-0.040353
-0.003294
-0.192095
0.120145
-0.079763
-0.001856
-0.054575
0.265790
-0.183004
0.001411
0.199600
0.020260
0.087419
-0.026876
-0.382678
-0.113026
-0.052366
0.139163
0.103181
-0.154542
0.178773
0.142484
0.025696
-0.128600
-0.017447
-0.033359
0.111683
0.007899
-0.176398
-0.047684
0.071739
-0.245205
0.031282
-0.044301
0.310343
0.071332
-0.143542
0.009979
0.067625
0.015671
0.047273
-0.133595
0.108432
0.108558
0.277055
-0.077626
-0.176389
-0.048518
-0.132502
0.230558
0.103016
0.215290
0.151063
0.018099
0.106209
0.054715
0.010608
-0.182960
0.055801
-0.089032
-0.085562
0.077179
0.090512
0.183305
0.143953
-0.003578
-0.101665
-0.025271
-0.100719
0.138452
0.092858
0.093347
-0.298705
-0.153460
-0.150730
-0.066167
0.093839
-0.077001
-0.130656
-0.176201
0.047813
0.237750
0.047591
-0.150757
-0.022601
0.219150
-0.039294
0.110731
0.006425
0.049351
0.205173
0.197158
0.113628
-0.140199
0.000531
-0.272721
0.249906
-0.219584
0.330532
-0.179983
0.029914
-0.013860
0.068018
0.006880
-0.158656
0.128697
-0.003871
-0.207349
-0.124455
0.130465
0.068073
-0.005715
0.167356
0.031494
-0.015581
0.000583
-0.171503
0.062422
-0.082843
0.031357
-0.051101
-0.176786
0.019907
0.018523
0.097193
-0.045151
-0.043515
-0.031461
-0.046521
0.255258
0.016931
-0.022097
0.000924
-0.076089
0.093744
-0.216002
0.126464
-0.082864
0.263807
-0.130449
0.053647
-0.087321
-0.122268
-0.008515
0.048765
-0.026682
0.459968
-0.098003
-0.058206
0.010568
-0.243883
0.283100
0.145445
0.083899
-0.100099
-0.029514
-0.174316
0.109594
-0.077063
-0.091712
-0.049293
-0.021572
-0.015100
-0.117851
0.098965
0.183131
-0.099249
-0.017095
0.049309
-0.002845
0.238053
-0.184707
0.200952
-0.062333
-0.148711
0.056997
-0.164450
-0.027755
-0.012423
-0.062824
-0.003466
0.358930
0.158710
-0.036625
-0.169148
-0.033133
0.043971
0.107141
0.032957
0.216619
-0.209096
-0.194224
0.026637
0.373040
-0.061174
-0.099416
0.039089
-0.020535
-0.119626
-0.018620
0.124991
0.093069
0.091683
0.122047
0.182503
0.112780
-0.138751
-0.111288
0.084801
-0.081277
-0.011438
-0.127108
0.007639
0.032070
0.012038
0.023830
-0.059210
0.007218
0.138977
0.290045
0.294711
-0.056995
-0.063004
0.042545
-0.034083
-0.064901
0.064096
0.001617
-0.354110
0.136595
0.122853
-0.104315
-0.077812
-0.042164
-0.030928
-0.023216
0.032440
0.077849
-0.102135
-0.006167
0.068588
-0.042346
0.047666
0.077353
0.087049
0.148480
0.053928
0.045309
-0.081562
-0.078778
0.025891
-0.003082
0.151999
-0.203191
0.113998
0.140288
-0.041318
0.020451
-0.090791
-0.279364
-0.010276
0.138678
0.051151
-0.273609
-0.075321
0.109957
0.138264
-0.346113
-0.195379
-0.056540
-0.007224
-0.068534
0.268664
0.182163
0.174803
-0.071476
-0.025361
0.034150
-0.001253
-0.266645
0.023725
0.218878
0.044666
0.118793
0.232779
0.083795
0.139125
0.080239
0.051847
-0.173502
-0.091636
0.005350
-0.162200
0.052107
-0.084687
0.202424
-0.123521
0.344660
0.150982
0.014231
-0.071348
-0.105010
0.131921
-0.117473
0.094712
-0.171841
-0.164341
-0.073431
0.015254
0.057781
-0.065786
0.079323
-0.006400
-0.048282
-0.087480
-0.163805
0.187197
0.128194
-0.324658
-0.001204
0.193585
0.076337
-0.170253
0.024091
0.051144
-0.123430
-0.013561
0.147994
-0.108625
0.190250
0.064929
0.364308
-0.102823
0.094651
-0.009623
-0.066651
-0.136243
0.155878
0.282389
-0.174549
-0.278404
-0.161842
0.027699
0.069818
0.112886
-0.233658
0.076247
-0.078081
-0.122278
-0.071642
0.001882
0.130278
-0.026811
-0.143792
-0.135249
0.004745
0.111065
-0.083541
-0.070567
-0.098487
0.028574
-0.106126
0.169217
-0.108479
0.017432
-0.105996
-0.110574
-0.095123
-0.119626
-0.048111
-0.157815
-0.179263
0.012349
-0.213855
0.319652
0.124634
-0.054697
-0.047605
0.002973
0.019930
0.020036
0.029292
0.017271
-0.017887
0.351645
-0.197271
-0.162904
-0.171100
0.038771
-0.034189
-0.150892
0.196179
0.104084
0.015364
0.016835
0.154634
0.060883
-0.015911
-0.160196
-0.248185
-0.248560
-0.029533
-0.086868
0.112361
0.101754
-0.196463
-0.039858
-0.001526
-0.027304
-0.302625
-0.033726
0.068990
0.032731
-0.039182
0.038323
0.296714
0.250426
0.067247
-0.245069
0.228858
0.083108
-0.076447
-0.221180
0.316131
0.270701
0.188633
-0.017390
0.268383
0.098076
0.026813
0.197578
0.254973
-0.119925
0.250297
0.121238
-0.047595
-0.066141
0.191891
-0.005573
0.014907
-0.061930
0.118752
-0.168872
-0.115046
-0.090072
0.113023
-0.085419
-0.014894
-0.030576
0.121592
0.039873
0.072113
0.003879
0.148643
0.073621
-0.055368
-0.181868
-0.035843
0.089690
-0.268357
0.012234
0.083332
-0.155373
0.312521
-0.050070
-0.088649
0.140889
0.036983
-0.044972
-0.152825
-0.178834
0.029654
-0.127647
0.299238
0.128831
0.060731
-0.063636
0.006613
-0.086477
0.019523
0.016617
-0.054650
0.085323
0.110031
-0.025713
0.055119
-0.165518
-0.143914
0.171997
0.041292
-0.076971
0.148247
-0.035351
-0.182956
0.102882
0.072461
0.123464
0.048338
0.013778
-0.129952
-0.233675
-0.158728
0.209054
0.185518
0.152264
0.032066
-0.061992
0.035724
0.046356
0.025629
0.054384
-0.106669
-0.016085
-0.110950
-0.133922
-0.073971
0.102756
-0.097743
-0.160179
-0.089621
-0.199988
0.120579
-0.043998
-0.129782
0.011291
0.147092
-0.098653
0.003039
-0.000576
-0.073194
-0.297535
-0.033392
0.130753
0.191040
0.047005
0.196970
-0.074429
-0.112562
-0.079538
0.094886
0.057187
0.170207
0.012743
-0.184623
0.106129
0.082874
0.048324
-0.005182
-0.055539
-0.146837
-0.032008
-0.014287
0.165218
0.074697
0.056457
-0.106422
-0.117054
0.075060
-0.168581
-0.165733
-0.049025
-0.068019
0.137977
0.042003
-0.148442
0.049716
0.117671
0.160532
-0.049259
-0.067569
0.410992
-0.120212
-0.043234
-0.161365
0.223899
-0.009249
0.051622
0.064114
-0.070277
-0.133991
-0.012868
0.154744
-0.001481
0.101474
0.032802
-0.015578
0.096163
0.078368
0.059103
0.002514
0.033422
0.002914
0.032004
0.032540
-0.038012
-0.073090
0.200817
-0.182484
-0.065388
-0.038859
0.018204
0.271951
0.102691
0.234168
0.010406
-0.097673
0.030182
0.088891
0.058515
-0.202025
0.023552
0.202777
-0.078134
0.238409
0.237258
0.252032
-0.103179
-0.055516
-0.058538
0.156649
-0.044598
0.084991
0.147550
0.093537
-0.119983
0.053796
0.038671
0.059067
0.152930
0.126124
-0.074427
-0.202167
-0.036759
0.160621
-0.063180
-0.014147
0.181109
-0.203983
-0.053992
0.090541
-0.290390
0.069745
0.254710
-0.022225
-0.175769
-0.013470
0.001312
0.018879
0.278689
-0.046618
0.118027
0.123059
0.224097
0.124736
0.167565
-0.206103
0.042181
0.082169
0.045585
0.185534
0.014224
0.106724
0.033272
-0.122698
0.026521
-0.200881
-0.138772
0.004596
-0.061644
-0.109278
0.007948
0.020505
0.026124
0.130373
-0.090253
-0.059194
0.119976
-0.009143
0.004168
-0.208514
-0.160428
0.164875
0.170243
-0.067397
-0.005322
0.103382
0.063117
-0.160733
-0.059778
-0.394950
0.221851
0.076098
-0.165118
-0.011090
-0.248164
-0.139653
-0.374270
0.042341
-0.050729
-0.130854
0.098337
0.191570
-0.251593
0.085128
0.045626
-0.005726
-0.139425
0.020568
-0.157869
0.017519
-0.059292
0.136433
-0.100086
-0.240408
0.016908
-0.143586
-0.108298
0.076946
0.011283
-0.161500
-0.087950
0.125577
0.059968
0.010404
0.200993
-0.052514
-0.113937
-0.054842
-0.108985
0.143975
-0.073172
0.011222
-0.142982
0.148082
0.120692
0.202307
0.143093
0.041388
-0.036375
0.266026
-0.083201
-0.124422
-0.129547
-0.085984
-0.000328
-0.031324
0.001838
-0.136700
-0.327675
0.073835
-0.000245
0.024148
-0.055940
0.061746
0.072032
0.131453
0.104815
-0.133405
0.131491
-0.198428
0.161111
0.181005
0.164437
0.023975
-0.041282
-0.204920
-0.034176
-0.115425
-0.079609
-0.151905
-0.187886
0.055233
0.046818
-0.004019
-0.018158
-0.313645
0.029546
0.173787
0.036855
-0.025222
-0.216331
-0.029974
-0.195313
-0.212949
0.022668
0.075101
0.072490
-0.342996
0.224264
-0.111006
-0.005987
-0.034281
-0.007246
0.134985
-0.070415
0.008843
-0.049488
-0.130961
-0.109062
0.058631
-0.025633
0.066104
-0.041210
-0.091634
-0.025061
-0.113779
0.205857
0.113535
0.172322
0.137929
0.185601
-0.125497
0.353749
0.235586
0.004827
-0.006113
-0.018964
0.077706
-0.111204
-0.028689
0.391409
-0.125784
-0.133427
-0.133720
0.098603
0.112541
0.047224
0.158998
0.026002
0.159510
-0.025099
0.036177
0.021758
0.015928
0.091622
-0.027115
0.049249
-0.167264
0.086288
0.036247
-0.059334
-0.023310
0.152776
-0.144057
0.141527
0.119998
0.362386
0.118250
-0.013542
-0.148419
-0.145429
-0.106016
-0.110578
0.040571
0.147646
0.168953
0.152815
0.006852
-0.056605
0.012696
0.066441
-0.331727
0.149914
0.124653
0.094244
-0.144635
-0.334402
0.166036
-0.009823
-0.182891
-0.232762
0.199438
-0.121715
-0.034043
0.204203
0.116416
-0.086665
0.089866
-0.134620
-0.141829
0.071369
0.124680
0.085497
-0.127276
0.119644
0.029064
0.211700
0.200465
-0.029720
0.143008
0.123932
0.243523
-0.096287
-0.211748
-0.011036
-0.280955
-0.057614
-0.162983
0.035341
-0.026100
-0.040535
-0.041973
-0.209371
-0.291389
-0.101310
-0.033068
0.126415
0.026430
0.065591
-0.190999
0.060417
-0.012320
-0.104289
-0.291908
-0.199347
0.121677
0.034407
0.081763
-0.083940
-0.183947
-0.350731
0.028402
0.072136
0.197765
0.088172
-0.156756
-0.007063
0.150968
0.269185
0.114820
0.129047
0.133390
-0.145073
0.093153
-0.071200
-0.034064
0.128469
-0.008414
0.317705
0.055224
0.103077
0.134589
0.088404
-0.139316
0.061181
0.165388
0.036827
-0.382563
0.024118
-0.010840
-0.085016
0.127763
0.107935
0.156081
0.034990
0.238201
-0.015484
-0.051153
0.175576
-0.047589
-0.037767
-0.160618
-0.174421
-0.080182
0.005290
0.040258
0.205154
0.168121
-0.081611
0.034917
-0.034728
0.060730
0.064260
-0.211527
-0.002195
0.139313
-0.046990
0.044070
0.012821
-0.057236
-0.155417
-0.042339
-0.185404
-0.129055
0.408039
0.088172
0.042000
-0.169125
0.060278
-0.002527
0.034840
0.080649
-0.022620
0.082900
0.095286
-0.043565
0.051552
0.070841
-0.097219
0.137881
-0.128953
0.189544
-0.046191
0.086066
-0.069497
-0.004527
-0.132316
0.121272
-0.173251
0.050542
-0.080926
0.033502
-0.063123
-0.047166
0.023349
0.012370
0.108527
-0.013959
-0.083986
0.195512
0.125606
0.069524
0.162583
-0.044597
0.044012
0.260716
0.212233
0.033071
-0.093531
0.084752
0.102009
0.169093
-0.062402
0.303977
0.105382
0.193892
0.023076
-0.182894
0.018225
-0.048965
-0.070752
-0.083267
0.212769
-0.131267
0.180841
0.008897
-0.169615
0.252967
-0.012756
0.223300
-0.012066
-0.021464
-0.001675
-0.049675
0.133499
-0.074004
0.045769
-0.079044
0.104924
0.063521
0.067752
0.065390
-0.067956
0.139868
-0.107543
-0.155050
0.027802
-0.142018
0.237054
0.142152
0.105860
0.111832
-0.037903
0.038387
0.260858
-0.060112
-0.265504
-0.166207
0.107832
-0.102139
-0.053689
-0.064370
-0.020032
0.184682
-0.177551
-0.132948
0.064749
-0.046202
-0.077819
0.117821
0.127366
-0.031136
-0.291788
0.080910
-0.071560
-0.097313
0.068817
0.152301
0.127326
-0.055858
-0.083002
0.200478
-0.051875
-0.056024
0.104952
-0.287878
0.013593
-0.216934
0.246778
0.201451
-0.291191
0.100789
-0.151659
0.052650
-0.195034
0.070418
-0.117422
-0.033229
-0.068875
-0.095651
0.094890
-0.017035
0.180598
-0.025165
-0.067068
0.020874
-0.078892
-0.221304
0.059175
-0.091759
0.274624
0.027543
0.008100
0.005740
-0.062903
-0.046731
-0.022299
0.098688
-0.215144
0.100988
0.157096
-0.155781
0.036271
-0.252279
0.187457
-0.136480
0.222292
-0.136190
0.131830
0.431119
0.004725
-0.008058
-0.234280
-0.006525
-0.130165
-0.018264
-0.007907
0.086011
-0.010377
0.022213
0.137967
0.145233
-0.123825
-0.110526
0.143658
0.139435
0.081631
-0.257317
-0.073827
-0.146616
0.179524
0.084003
0.040066
-0.025323
-0.094341
-0.033333
0.113072
-0.141911
0.054287
-0.107239
0.063755
0.014931
-0.176458
-0.170337
0.013389
-0.029087
-0.028677
0.193066
0.068658
0.028484
0.123440
-0.071195
-0.138347
-0.009005
-0.020979
-0.042495
-0.163371
0.120084
0.016596
-0.040182
-0.130776
0.146250
0.044370
0.046442
0.083454
0.062801
0.109344
-0.102658
-0.095404
0.116225
0.045809
0.068002
0.167036
-0.120770
-0.092619
-0.014046
0.225343
-0.119747
-0.054953
-0.079101
-0.006764
0.020199
0.016877
0.234863
0.152673
0.051496
0.091752
0.041844
-0.094992
-0.042858
0.112088
0.221705
0.007794
-0.053845
0.073313
0.006552
-0.063541
-0.027168
0.161481
-0.230688
-0.058089
0.034161
0.035839
-0.207468
-0.163747
-0.051447
-0.059313
0.111974
-0.196997
-0.343131
-0.146119
0.022986
-0.105852
0.184531
-0.316093
0.249928
0.041229
0.139421
-0.181665
0.034130
0.140356
0.076616
0.075038
-0.160559
0.090747
-0.001501
-0.033146
0.212978
0.024327
-0.028217
0.034238
0.046215
-0.334529
-0.045936
-0.351062
0.058185
-0.094195
-0.078324
-0.060252
-0.085451
-0.066208
0.124253
-0.051756
-0.210515
0.059419
-0.143426
0.120428
0.019687
0.131564
-0.079711
0.237341
0.178086
0.117224
-0.068353
0.112128
0.013516
-0.075080
-0.128552
0.082676
0.025815
-0.021627
-0.036874
0.130254
-0.019742
0.091489
0.019611
0.122525
-0.136292
-0.080746
-0.048675
-0.007146
0.216969
-0.140065
-0.007559
0.261983
-0.413616
0.146913
-0.064782
0.126501
0.330639
0.008813
-0.118558
-0.140925
0.073883
0.080769
0.030568
-0.087761
-0.214283
0.163995
0.022160
-0.305234
-0.131832
-0.074019
-0.043311
-0.220640
0.195880
0.032576
-0.297699
-0.047074
0.002327
-0.152998
-0.107382
-0.004505
-0.049846
0.209111
-0.060089
-0.136608
0.125899
-0.106292
-0.199279
-0.096824
0.145415
0.015432
-0.005549
-0.058900
0.128798
0.059839
0.002211
-0.124129
0.057106
-0.020490
0.034153
0.037497
0.129477
-0.022332
0.027493
-0.123082
0.068720
0.038600
0.061544
-0.031207
-0.073597
0.118827
-0.286405
-0.052521
0.112522
-0.030628
0.016280
0.005162
-0.000621
0.022238
-0.017637
0.092684
-0.001621
0.034530
0.069629
0.401951
0.121014
0.092279
0.223356
-0.010781
-0.026169
0.117109
0.220896
-0.138718
0.092706
-0.029671
-0.114702
-0.014029
0.018299
0.093824
0.118884
-0.021545
-0.205919
0.038880
0.183928
-0.098625
0.270612
0.180738
0.156557
0.113594
-0.162223
-0.300258
0.208692
-0.095834
-0.100018
-0.079090
0.012288
-0.055815
0.017938
-0.220661
0.009765
-0.023594
0.156514
0.022503
-0.033396
0.082007
-0.041368
-0.157377
-0.048955
0.214138
-0.055502
-0.036821
0.090633
-0.090530
-0.110668
-0.146344
0.006470
0.196565
-0.109579
-0.060957
-0.033133
-0.107298
0.025544
0.095437
0.015962
-0.049236
0.084789
0.055879
-0.004391
0.082887
0.026206
0.067521
0.053553
0.085894
-0.057001
0.365020
-0.104769
0.046291
-0.188208
-0.057975
-0.016228
-0.116889
-0.368677
-0.092165
0.008205
0.197091
0.099796
0.042420
0.115840
-0.052216
-0.078963
-0.032739
-0.187113
-0.016507
0.064827
0.105540
0.010612
-0.023337
0.188798
0.226086
-0.163025
-0.149434
-0.008832
-0.031473
0.080029
0.054800
0.008560
0.031366
-0.138417
0.054998
0.116200
0.003634
-0.173496
0.020383
0.161378
0.239101
-0.086652
-0.045938
0.027093
-0.021458
-0.204553
0.006300
-0.006981
0.077074
0.026582
0.102738
-0.017564
-0.198513
0.037213
-0.079785
-0.168179
-0.057507
0.262508
-0.013321
0.152894
0.036613
0.025667
0.076431
0.056048
-0.034889
-0.080918
0.076591
-0.003215
0.064377
0.029428
0.047665
0.100614
-0.076754
0.067661
0.046096
0.137498
-0.132759
0.232079
-0.109171
-0.037119
0.205301
-0.036182
-0.012722
-0.166710
0.079534
0.231136
-0.092137
-0.081270
0.004125
0.403317
-0.135340
-0.006249
0.013732
0.190591
-0.239546
0.039734
0.061146
-0.122600
-0.124018
-0.254351
0.072208
-0.015504
0.061261
0.062019
0.119426
-0.277126
0.010027
-0.089538
0.180549
-0.016724
0.144188
-0.126368
-0.229937
0.170691
0.003442
-0.188872
-0.023759
-0.168570
-0.056625
-0.055003
0.063822
-0.156301
0.124499
0.069835
0.141002
0.058488
0.077975
0.173080
0.127883
0.117142
0.056391
-0.003739
0.124533
-0.123935
-0.058967
-0.277698
0.188520
-0.100286
0.097332
-0.065028
-0.144661
-0.084650
-0.008894
0.031985
-0.114894
0.154653
-0.156559
-0.221416
0.001113
0.044452
-0.046252
-0.384174
0.080467
-0.092619
0.077955
0.115780
0.258382
0.075464
-0.138473
-0.061824
-0.118183
-0.006928
-0.243074
0.093831
-0.043142
0.206130
-0.030846
-0.125215
0.100976
-0.201514
-0.042200
0.089275
0.018749
0.016842
-0.005747
-0.168655
-0.110965
0.052640
0.069552
-0.050084
-0.048700
-0.047419
0.249336
0.181412
0.014392
-0.025563
0.031029
-0.245692
-0.062601
0.055240
0.071999
0.007053
0.064455
-0.115471
0.119593
0.134112
0.014019
-0.179755
-0.100664
-0.199413
0.054373
-0.131944
0.000596
-0.017392
0.128274
0.120957
-0.071673
0.003519
0.014613
-0.031602
-0.017583
0.039999
-0.370185
0.143068
0.026511
-0.107653
0.272265
-0.057652
0.080040
0.021134
-0.093816
0.058611
0.079150
-0.187406
0.166926
0.152328
-0.318896
0.121832
-0.173841
-0.122266
-0.149261
-0.300491
0.150955
0.125696
-0.139060
0.133350
0.007888
-0.027328
0.235467
-0.170718
-0.001578
0.090585
0.025313
-0.013983
0.039897
0.044592
-0.026222
-0.191068
-0.260484
-0.131276
0.028436
-0.183873
0.113665
-0.116936
0.030203
0.042432
-0.137146
-0.092885
0.330681
-0.077084
0.087326
-0.016034
-0.042699
0.054217
-0.407676
-0.183457
-0.031978
0.302060
-0.129852
0.302299
0.261789
0.278140
0.113856
-0.138203
-0.031891
-0.082213
-0.023346
-0.048421
0.086363
0.106286
-0.110122
0.171137
-0.122400
0.146165
0.184769
-0.093235
-0.000004
-0.193958
0.353727
-0.106702
0.203660
0.156881
-0.343371
-0.174411
-0.002145
-0.181603
0.146759
-0.224767
0.075645
0.137653
-0.144040
-0.054225
-0.066341
-0.098242
0.086175
0.071443
-0.024369
0.009148
0.181121
-0.022355
-0.238510
0.112298
0.194850
-0.122873
0.296600
0.137418
0.116958
0.051271
-0.033180
0.101271
0.067925
-0.109045
0.006297
-0.020403
-0.202172
0.068480
0.113727
0.102557
0.139938
0.201434
-0.112822
0.047201
-0.176018
-0.097240
0.074708
0.125728
0.211595
0.001997
-0.025638
-0.016984
0.057934
0.028805
0.211190
0.021773
-0.057516
0.034962
-0.119284
-0.069944
0.184819
-0.010327
0.124548
0.050601
-0.087642
0.031521
-0.013205
0.078659
-0.166384
0.172878
0.187028
0.010445
-0.114272
0.321036
0.043752
-0.253799
-0.084183
0.006255
-0.256318
-0.024337
0.008280
-0.159589
0.030581
-0.149442
0.104396
-0.099995
-0.121205
-0.177189
0.226297
0.105340
-0.014813
-0.042702
0.009274
-0.002045
0.025361
0.155615
-0.259570
0.125760
0.053681
-0.089690
-0.049180
0.003082
-0.229934
-0.163864
0.097396
0.134356
0.239609
0.072679
-0.069120
-0.052107
0.092482
0.011875
-0.244887
0.068787
0.094037
0.175700
-0.135760
0.124876
0.139590
0.189150
-0.055616
-0.156133
0.106578
-0.139700
0.200852
-0.164873
-0.093487
-0.272240
0.063624
0.036472
0.011859
0.177060
0.055597
0.063121
0.280815
0.008878
0.080087
0.103599
0.054096
0.143210
-0.097721
-0.238321
0.105510
-0.214167
0.064624
-0.173362
0.038254
0.013368
-0.065338
0.216848
0.003983
0.031531
-0.065245
0.131949
-0.025311
0.001371
0.164231
-0.024676
-0.053571
-0.244077
0.040378
-0.088515
0.021852
0.078307
-0.122343
0.291286
0.064898
-0.088236
-0.118959
0.046663
-0.122313
-0.003376
-0.102660
-0.051278
-0.006396
-0.144668
0.002038
0.064048
-0.036055
0.004652
0.304342
-0.137920
-0.030090
-0.080582
-0.007519
0.104477
-0.330357
-0.170208
0.125514
0.005483
-0.040203
0.054213
0.132466
0.067666
-0.118806
-0.021587
0.118059
0.002766
0.054490
-0.180952
-0.207804
-0.127131
0.045396
0.018502
-0.114345
-0.254089
-0.183004
0.114484
0.178696
0.099289
-0.049684
0.242110
0.123294
0.315851
-0.034496
-0.052045
-0.035625
-0.114136
-0.102991
0.049693
-0.099800
0.103405
-0.105961
0.003475
0.059000
-0.198303
-0.174439
0.003670
0.037150
0.113550
0.175233
0.084471
-0.167915
-0.180579
0.007360
0.051664
0.055179
0.032898
0.035319
-0.271515
0.107311
-0.097100
-0.085288
0.219149
-0.222734
0.200588
-0.200147
0.033469
0.189029
0.109347
-0.004283
-0.200965
0.162547
0.192323
-0.019365
0.005390
-0.020192
-0.144031
0.150863
-0.131288
0.150562
0.041489
-0.113915
0.053487
-0.134723
0.110748
0.268575
0.010911
0.143873
0.038392
0.009902
-0.014620
-0.004921
0.253293
-0.147660
-0.209880
-0.100963
-0.127288
0.099989
-0.128172
-0.299374
0.080176
0.062237
-0.074498
-0.359881
0.021458
-0.086280
0.188983
0.026108
-0.068287
0.088483
0.244898
-0.030403
-0.045109
-0.185438
0.132763
0.069605
0.043810
0.191397
0.130924
0.143301
0.124666
0.002141
0.153891
-0.046091
-0.194015
-0.021742
-0.162652
0.135841
-0.083875
-0.123689
-0.189043
0.097965
-0.039393
0.138047
0.103573
0.062546
0.167746
-0.094029
-0.084143
0.238118
-0.009951
0.208309
-0.033944
-0.152109
-0.075170
0.194554
-0.098607
-0.177478
-0.369653
0.039743
-0.140713
0.066123
-0.018068
0.157648
0.073395
-0.096321
0.118615
-0.253435
0.107018
-0.274828
0.287149
-0.126914
-0.162109
0.050332
0.163111
0.029775
0.238093
-0.025252
-0.384239
-0.120821
0.129968
-0.016500
-0.135636
-0.205887
-0.190381
-0.182008
-0.014695
-0.075748
-0.068724
0.389034
-0.059342
-0.124108
0.156562
0.112590
0.143517
0.014090
-0.097651
0.013488
0.079736
0.175444
0.051719
0.316527
-0.201411
0.004449
-0.100721
0.264571
0.161781
0.357919
0.065413
-0.013686
-0.119034
-0.061180
0.227757
0.011613
0.201393
0.165257
-0.157384
0.065272
0.034981
-0.226731
0.125215
-0.028443
-0.233519
0.099679
0.137664
0.028577
0.147944
0.023227
-0.294174
0.115069
-0.040056
0.122485
0.172903
0.181661
0.235906
-0.097267
-0.086154
0.258139
-0.089259
0.080685
-0.224126
-0.071825
-0.110524
-0.313504
0.110021
0.133127
0.180310
0.074103
0.074038
-0.022973
0.057263
-0.078581
-0.203672
-0.097636
-0.192009
-0.099876
0.015638
0.079702
-0.195459
0.157837
-0.179547
0.019199
-0.216312
-0.117315
0.008943
-0.112148
0.204709
-0.084798
-0.196792
-0.097180
-0.274919
0.009706
-0.126714
0.009973
0.158033
0.101488
0.297524
0.027034
-0.133938
0.267711
-0.149008
-0.030119
0.133804
0.139848
-0.100577
-0.132089
0.066120
-0.126523
0.042500
-0.135589
-0.040282
0.152274
-0.067822
-0.078994
0.156140
0.163680
-0.258882
-0.049196
-0.054365
0.015561
-0.021183
-0.007513
-0.210738
-0.033105
0.190486
-0.054285
0.084325
-0.038057
0.102542
-0.169154
-0.028054
0.038833
0.049848
0.047359
-0.096505
0.132285
-0.210862
-0.140754
-0.050364
-0.092976
0.023787
-0.069630
-0.150781
0.097587
-0.150578
0.015740
0.119232
-0.094980
-0.137319
-0.187293
-0.101353
-0.258140
0.153144
0.258055
-0.093237
0.019406
0.128664
-0.003106
-0.058388
0.010173
-0.106699
0.000895
0.042408
-0.156456
-0.034308
0.009500
0.099823
-0.076553
0.041788
0.052810
0.398184
-0.058201
-0.048362
-0.047759
0.082118
0.013779
0.070000
0.117030
-0.291483
-0.113494
-0.097393
0.044944
-0.019202
-0.276559
-0.033386
0.071540
-0.130321
0.013798
-0.059709
-0.249359
0.070935
0.031799
-0.113048
-0.059885
0.076316
-0.092750
-0.074367
0.091102
-0.057146
0.006723
0.141045
0.162765
-0.046346
0.004060
0.131459
0.173029
-0.047109
-0.217336
0.029066
0.051139
0.069370
-0.046326
-0.102059
0.074859
0.039849
-0.003597
0.224216
0.061249
-0.105278
0.070210
-0.028978
0.056659
-0.105987
0.052760
-0.120298
0.110209
0.027786
-0.192163
0.066509
0.096941
0.085740
-0.034118
0.073816
-0.023543
-0.026973
0.082356
-0.064269
-0.230189
0.061471
0.133627
-0.083807
0.183576
-0.058476
0.234792
-0.052808
-0.111663
0.001448
-0.087478
0.207630
-0.240563
0.111669
0.251285
0.123920
-0.220856
-0.014350
0.023850
-0.099311
-0.258561
0.017791
-0.163005
0.053204
0.073993
-0.051796
-0.126630
-0.225389
-0.114343
0.050184
-0.126789
-0.003632
0.212170
0.090940
0.029169
-0.007639
-0.074887
-0.029208
-0.131505
0.018093
-0.040750
0.094462
0.061037
0.229606
0.050473
0.017242
-0.139017
-0.041367
0.013801
0.098154
0.260589
-0.136775
-0.095846
-0.222665
0.429022
-0.160715
0.102144
-0.021211
-0.002611
-0.034224
0.030681
0.131340
0.059653
-0.214889
-0.017122
-0.253145
-0.007688
-0.013057
-0.021376
-0.057911
0.058966
-0.228122
0.284192
-0.257702
0.253781
-0.136279
-0.026641
-0.124760
-0.051371
0.008371
-0.232310
0.002884
0.028222
0.055121
0.227411
-0.062040
-0.207586
0.036993
-0.067266
-0.006600
0.280604
-0.086819
0.300004
-0.032550
0.036643
0.066967
-0.041719
0.195194
-0.142116
-0.136986
0.019808
-0.255838
-0.111851
0.048594
0.199287
-0.000836
-0.108613
0.030174
0.066412
-0.022882
-0.025577
0.030725
-0.032556
0.021721
-0.112177
0.175886
-0.148360
0.156085
0.044128
-0.036383
-0.019989
-0.143281
-0.093092
-0.178851
0.017813
0.065346
-0.055761
0.104431
0.205205
0.099526
-0.008705
0.058921
0.175739
0.067464
0.018034
0.168133
-0.066885
0.158373
0.047709
0.030600
-0.106184
0.059421
0.010450
-0.284787
0.214123
0.002376
-0.075740
0.164320
-0.035900
0.024989
0.097651
0.291443
-0.116500
0.021958
0.100208
0.127627
-0.188065
0.026919
0.016948
-0.255863
-0.085098
-0.046996
0.263319
0.122506
0.053488
-0.060672
0.053667
0.113129
0.056407
0.142408
-0.016733
0.216638
0.164255
-0.056216
0.195375
0.123463
0.003304
0.030688
0.148397
0.191000
0.161362
-0.206259
-0.186789
-0.091983
0.136375
0.166378
0.004906
0.177290
0.093168
0.087679
0.182778
0.112773
-0.178542
-0.020874
0.114019
-0.048942
0.018996
0.206542
0.033933
0.267432
0.157591
-0.140360
0.009277
0.263982
-0.021194
-0.155503
-0.016585
-0.001450
-0.048210
-0.165522
0.128395
0.098844
-0.075410
-0.173289
0.229827
-0.047739
-0.090281
0.251899
0.262625
0.022377
0.087774
0.080443
-0.147551
-0.260350
-0.265625
-0.090985
-0.031313
-0.198058
-0.035034
-0.202085
0.043415
-0.078723
0.136303
-0.214908
-0.097938
-0.081108
-0.116479
0.197101
-0.000731
0.008360
-0.141647
0.201676
0.249849
0.052057
0.350016
-0.117746
-0.095426
0.168108
-0.090213
-0.133665
-0.194812
0.065766
0.096898
-0.119145
-0.011876
0.014552
0.037339
-0.112745
0.066984
0.137394
-0.084913
0.316761
0.186596
0.040828
0.247129
-0.188457
-0.092851
0.275104
-0.119580
0.113737
-0.035813
-0.224005
-0.040565
-0.082325
0.035440
0.022317
-0.011822
0.100453
0.111052
0.127827
-0.065629
-0.099604
-0.049212
0.251119
0.124964
0.179609
0.312466
-0.286356
0.131066
-0.046041
0.058423
-0.082021
0.060664
0.070501
0.197724
0.147958
0.068566
-0.301754
0.367476
-0.116629
-0.101577
-0.003185
0.079956
-0.393859
-0.266900
-0.124523
0.066060
-0.022507
-0.064262
-0.201547
-0.089112
0.001990
-0.041266
-0.149783
0.169381
-0.243308
-0.057057
-0.170293
0.490564
0.068104
-0.294382
-0.086655
-0.011051
0.126574
-0.001378
-0.115426
0.125500
-0.107213
0.018229
-0.148342
-0.217781
0.123498
-0.020994
0.085598
0.104026
0.029568
0.023267
-0.126448
0.161702
0.007224
0.070300
-0.135517
-0.050490
-0.029311
0.111077
-0.070976
-0.062053
0.091784
0.003701
-0.397020
-0.001880
0.186905
-0.047473
0.365216
-0.261295
0.197209
0.088209
-0.093958
-0.133201
-0.028270
0.026770
-0.235008
0.132160
0.140548
0.048437
0.054367
-0.167789
-0.167625
-0.199690
0.001374
-0.199189
0.008772
0.220170
0.188542
-0.069480
0.122341
0.144424
-0.025898
0.257463
-0.067943
0.001068
0.050630
0.140886
-0.091152
0.081408
0.097591
-0.127815
-0.035340
-0.147892
0.093664
-0.163012
-0.062044
-0.054107
0.002003
0.197802
0.215944
-0.072855
-0.122043
0.048610
0.179556
-0.247696
0.227415
-0.136152
-0.010031
0.135759
0.032545
-0.223634
-0.131955
0.091155
-0.130997
0.033442
-0.056906
-0.059457
-0.382271
-0.104693
0.222650
0.212490
0.089198
-0.259671
0.084280
-0.153170
-0.154539
-0.002256
0.059973
-0.163127
-0.133216
0.312281
0.433159
-0.014041
0.161087
-0.045920
0.021091
0.119317
-0.230344
-0.136146
0.027717
-0.016363
0.039298
-0.046071
0.079008
-0.232402
-0.106020
-0.083520
-0.250018
0.146565
-0.245449
0.113341
0.115620
-0.041257
0.219107
0.090614
-0.156145
0.068077
0.021113
-0.124131
-0.092574
0.198286
0.273190
0.234989
0.208001
0.095999
-0.336964
0.036446
-0.013307
0.063329
0.019647
0.061222
0.054694
-0.003433
-0.149718
0.002866
0.007046
-0.148615
-0.096164
-0.065852
0.046986
0.237653
-0.072704
0.176965
-0.273898
-0.032773
-0.166659
-0.061173
-0.127175
0.148033
0.037256
0.015304
0.010228
0.007632
-0.212885
-0.289593
0.141871
0.036301
-0.046838
-0.018675
-0.172983
0.131389
0.177098
-0.151110
0.000402
-0.027371
-0.104517
-0.173073
0.024497
0.024008
-0.219218
-0.175943
-0.102283
0.269189
-0.064769
0.082722
-0.081422
0.139539
-0.094407
0.120873
-0.009422
-0.028812
-0.050618
0.021528
-0.052283
-0.172958
-0.212417
0.138051
-0.123038
-0.168613
-0.178419
-0.260359
0.279968
-0.196351
0.093435
0.061799
0.183062
-0.217262
0.013820
0.065052
0.268290
-0.250515
-0.072557
0.116708
-0.055098
-0.133022
-0.098019
-0.029014
-0.147402
0.114835
0.244138
-0.173947
-0.025722
-0.087151
0.050869
0.102516
0.041753
-0.139070
0.049917
0.124039
0.011711
-0.088126
-0.003142
0.136217
-0.083521
0.001149
-0.074170
0.181040
0.038214
-0.041229
-0.090863
0.185029
-0.128465
0.037963
-0.084010
0.260576
-0.214189
0.264261
0.102043
0.008604
-0.022672
-0.004958
0.019937
0.021169
-0.191483
-0.047055
0.231186
-0.023098
-0.153791
-0.126740
0.087608
0.232562
0.069215
0.051622
-0.017053
-0.123170
-0.063839
0.206570
-0.070909
-0.025557
0.358468
-0.090624
0.080634
0.079992
0.048244
0.047035
0.143640
0.030134
-0.195993
0.092735
-0.060674
-0.054021
-0.247699
0.017779
-0.070508
-0.116448
0.043494
-0.033642
-0.102792
0.181280
-0.223714
-0.102271
0.097462
-0.091722
0.015305
-0.302417
0.039138
0.103810
0.037716
0.026986
-0.135113
0.260629
0.054173
-0.225855
-0.028543
-0.007238
-0.282368
-0.059850
-0.066620
0.151919
-0.004953
-0.039048
-0.005361
0.046255
-0.017398
-0.108485
0.001535
-0.388103
-0.033804
-0.178512
-0.088430
0.152158
0.284614
-0.224921
-0.069329
-0.052870
-0.139428
-0.067319
0.112702
0.058561
-0.035668
0.107323
0.112393
-0.033737
-0.069240
0.158994
0.177600
-0.055588
0.064531
-0.055997
0.049189
-0.042087
0.372884
0.083813
-0.187606
0.522792
-0.225223
0.061141
0.047253
0.125023
-0.253224
0.285323
0.051693
0.116749
0.082515
-0.103653
0.108136
-0.274905
-0.282224
0.027155
-0.326875
0.079294
-0.173772
0.204887
-0.022960
0.063855
0.129130
0.023513
-0.132658
-0.064102
0.010659
-0.103848
0.139932
0.262237
-0.167127
0.287161
0.057783
0.021826
-0.047203
-0.069319
0.023934
0.017142
-0.128943
-0.140893
-0.016473
0.069995
-0.063162
-0.103221
0.045559
-0.166439
0.053577
-0.088346
0.012590
-0.132837
-0.087933
-0.048028
-0.021118
0.105113
-0.119862
0.027772
-0.456572
0.154476
-0.048589
-0.323912
-0.178669
-0.051165
-0.144936
0.020421
-0.220944
-0.123274
-0.102418
0.006066
-0.174134
-0.056122
-0.015943
-0.122059
-0.036727
0.007918
-0.158571
0.107054
0.025060
-0.060265
-0.056077
-0.044776
0.130278
-0.159894
0.050365
0.032896
-0.034569
0.000611
-0.091451
-0.051467
0.125072
0.088569
0.334930
0.086144
-0.300908
0.026058
-0.053699
-0.009921
-0.167970
-0.202209
0.068366
-0.112359
-0.292228
-0.037492
0.087632
-0.083748
0.219235
-0.047653
-0.159656
-0.086876
-0.040087
0.020944
0.179273
0.116006
-0.057815
0.334813
0.031525
0.068795
-0.005414
-0.151424
-0.066985
-0.234428
-0.093737
0.069072
0.035654
0.348478
0.056919
0.041441
0.211681
-0.048415
0.026046
-0.095908
0.122981
-0.005748
-0.029302
0.031848
-0.012229
0.294572
0.031287
-0.008812
0.143531
0.034700
0.194962
-0.036433
0.302249
0.312181
0.173870
0.222158
-0.140468
0.004393
0.040949
-0.096148
-0.025405
0.145407
0.140125
0.029836
0.077465
-0.243698
-0.241319
-0.027922
-0.205833
-0.012935
-0.171430
0.029530
-0.008295
-0.128880
-0.090261
-0.005609
-0.133642
-0.035463
-0.245540
0.128780
0.129025
-0.068326
0.082117
0.012297
-0.201201
0.181348
-0.132622
-0.130007
0.022906
-0.160751
0.096327
-0.090601
0.169644
-0.059117
0.053476
0.160909
-0.124157
-0.012191
0.072333
0.192764
0.139003
0.174198
-0.000520
-0.070777
-0.043142
0.151604
0.284134
0.059538
0.068419
0.106881
-0.111271
-0.075947
-0.038582
0.148986
0.189855
0.177315
-0.096606
0.015855
-0.201436
-0.116976
-0.118723
0.131776
0.151876
-0.035236
0.049689
0.025162
0.170153
-0.115088
0.046957
-0.002393
-0.166612
-0.009384
0.093651
-0.011771
-0.093127
-0.022219
-0.087790
0.238131
-0.023774
-0.045782
0.158050
0.233421
-0.005667
0.173238
0.039776
-0.133708
0.073187
0.049535
0.073471
-0.158509
0.212456
-0.107959
0.065880
0.064436
-0.049911
0.167424
0.027592
-0.009877
0.056140
0.050127
0.236718
-0.125726
0.192553
-0.093718
-0.067264
-0.048037
-0.056754
-0.151772
0.081503
-0.009773
0.042541
0.125930
0.193676
0.001885
0.070841
-0.184308
0.085585
-0.166315
0.055565
0.108120
-0.085346
0.076042
-0.038799
0.073008
-0.015118
-0.031144
-0.052280
0.098151
0.062663
0.070171
0.104376
-0.103789
-0.139098
0.007412
0.029895
-0.062928
0.036976
0.216035
0.035662
0.030595
-0.086424
0.231899
0.003739
-0.044130
0.107700
0.170346
0.141424
0.090731
0.204376
0.129108
-0.036228
-0.010074
0.118404
-0.106520
-0.024931
-0.236875
0.099814
0.120947
0.089579
-0.116497
0.052841
-0.035641
0.116175
0.155359
-0.083255
-0.028789
0.072332
0.103846
0.119858
0.062422
-0.176986
0.159730
-0.140673
-0.055745
0.000513
-0.059157
-0.012439
-0.110580
-0.105800
-0.045500
-0.103075
-0.071156
-0.125957
0.057355
0.045326
-0.134212
0.010010
-0.024410
0.023186
-0.020988
-0.106512
0.090243
-0.048136
-0.050948
0.210156
-0.067289
0.109380
-0.040143
0.061481
-0.151365
-0.045361
-0.042228
-0.136645
0.034930
-0.047467
-0.139996
-0.090558
-0.018747
0.068692
0.306586
0.331071
-0.167748
0.014160
-0.232364
0.069734
-0.043565
0.002730
0.422912
-0.029678
-0.114968
0.213548
-0.146433
-0.063516
-0.155126
-0.143280
0.148268
-0.086836
-0.230275
0.225865
0.052189
-0.066049
0.019323
-0.116069
-0.179550
0.098415
0.012946
0.149830
0.014112
-0.231415
-0.302536
-0.062062
-0.150353
0.015777
-0.020786
-0.259261
0.240167
-0.030052
0.050166
-0.008837
0.135070
-0.134025
0.140351
0.239472
-0.010463
-0.194397
-0.074176
-0.045465
0.122470
-0.216172
-0.049212
0.034184
0.184210
0.025103
0.257505
-0.142469
0.009641
0.209512
0.356570
-0.234084
-0.293257
0.142700
-0.106132
0.195685
0.027910
-0.007105
0.000725
0.123986
0.026524
0.187142
0.214497
0.170373
0.044548
0.038397
0.142285
-0.219782
-0.316417
0.063014
0.144999
-0.186209
-0.112685
-0.122179
-0.175713
0.017333
0.045305
0.007397
-0.119887
-0.173674
0.061555
0.095329
-0.099878
0.019301
-0.021984
-0.030492
-0.043518
-0.170554
-0.030941
-0.184882
-0.078511
0.073200
0.430979
0.001145
0.033395
-0.049713
0.037701
-0.021693
-0.089448
-0.209756
-0.154719
0.294800
-0.179047
-0.084739
0.057274
0.160597
-0.036937
0.140618
0.335844
-0.077412
-0.210077
0.042900
-0.087538
0.293317
-0.014925
-0.038837
-0.051021
-0.103872
-0.028419
-0.084270
-0.049801
-0.176946
0.035089
0.084946
-0.101040
-0.020563
0.239378
0.012132
-0.160610
0.005133
-0.225869
0.019545
-0.146735
-0.191632
-0.076262
0.141539
-0.004575
-0.249352
-0.100375
-0.014347
0.030040
-0.033124
-0.186689
-0.097326
-0.006945
0.089279
0.015918
0.067614
-0.029028
-0.009739
-0.082925
-0.036563
-0.205302
-0.056849
-0.018518
0.043382
-0.123273
-0.044683
0.101324
-0.062320
-0.081856
0.215313
0.064309
-0.150919
-0.088954
-0.051745
-0.316047
-0.110723
-0.046304
-0.271528
-0.059313
-0.313903
-0.184672
-0.150122
0.114757
-0.171091
0.086541
-0.257439
-0.239036
-0.087801
0.094460
-0.065454
0.035513
-0.033268
0.180841
-0.204209
0.053263
0.162094
0.023932
0.012607
-0.024785
-0.050564
-0.001477
0.035144
-0.032938
0.019628
-0.026056
0.007115
0.240478
-0.028474
-0.247331
-0.179648
-0.102356
-0.059979
-0.115892
-0.018411
0.074424
0.042820
0.162519
0.134347
0.095867
0.055249
-0.231057
0.180879
-0.031460
-0.043813
0.062597
-0.054718
-0.038284
0.094289
-0.054293
0.079095
-0.038930
0.059482
0.012117
-0.103941
-0.119931
-0.122069
-0.201333
-0.060416
0.158536
-0.065740
0.048107
-0.035509
-0.053553
0.125401
0.079966
0.209267
-0.091412
0.018096
-0.300698
0.060282
-0.042009
-0.064961
0.016139
-0.146284
-0.001738
-0.084587
-0.057642
-0.032714
0.012425
0.049136
0.040197
-0.050525
-0.129697
0.030889
-0.025403
-0.107570
-0.108521
0.055915
-0.213539
0.081108
0.089195
0.105801
-0.078817
-0.167854
-0.311248
-0.096751
0.273821
0.080986
-0.055934
0.367625
-0.023174
0.153392
0.032817
-0.035883
0.041411
0.127586
-0.061339
-0.025238
-0.111913
0.030351
0.039139
-0.084060
0.072057
-0.340632
0.068670
-0.151269
-0.172657
0.249938
0.285287
0.056319
-0.139806
0.043727
0.251200
0.054741
0.006661
-0.033830
0.117731
0.201857
-0.012572
-0.015846
-0.146299
0.051285
0.242783
-0.118333
-0.217211
0.078844
-0.114589
0.081610
0.159886
0.051941
0.016871
-0.087853
-0.142911
0.180394
0.100869
0.127370
0.055520
0.163888
0.014624
0.126861
-0.000770
0.129832
-0.072718
0.018021
0.278723
-0.070694
0.057920
0.283766
-0.117411
0.128131
-0.097905
0.216803
0.131897
-0.011637
-0.140799
-0.042329
0.048896
0.044316
0.097491
-0.060714
0.096717
-0.055036
0.167661
-0.030455
0.072043
-0.068818
-0.123992
-0.177995
-0.116991
0.043754
0.109361
0.080953
0.148283
0.117892
0.121559
0.058583
-0.092555
-0.160620
-0.171370
0.009643
-0.066351
-0.230562
0.164425
0.221508
-0.029005
-0.131340
0.019160
-0.020166
0.072685
0.183075
0.255368
0.015239
-0.011390
-0.060254
-0.006827
0.180919
0.237605
-0.168619
0.183636
-0.214150
-0.042391
-0.023490
0.064057
-0.243033
0.119227
-0.136953
0.090374
-0.138040
-0.219396
0.136832
0.000700
0.102450
-0.039406
-0.018093
0.018740
0.197110
0.059829
0.144084
-0.037952
0.394888
0.081406
0.145107
-0.099847
0.052332
-0.057890
-0.116874
0.154639
0.151370
0.159345
0.069439
0.205270
-0.222032
-0.089881
-0.013980
0.062110
-0.259408
0.066272
0.130554
-0.239237
0.120882
-0.160098
-0.155878
-0.117309
0.092301
0.088256
-0.063390
-0.011239
-0.104883
0.194437
0.068737
0.039357
-0.005112
-0.032585
0.242688
-0.102631
0.228600
-0.099396
0.101311
-0.025426
0.015010
-0.123259
-0.140001
-0.099306
0.017047
-0.153659
0.102771
0.063762
0.090182
0.217509
0.047216
0.139361
0.049744
-0.271472
0.031026
-0.138468
0.118205
-0.006972
0.077381
-0.278189
0.183904
-0.130689
0.119044
-0.057559
-0.063786
-0.031943
0.297319
-0.176950
0.045777
0.083533
-0.103660
-0.042028
-0.146477
-0.221366
-0.176180
-0.104395
-0.015880
-0.074397
-0.106966
0.103369
0.051825
-0.096068
-0.220914
-0.086157
-0.032102
0.006237
0.194866
0.017345
0.028372
0.070163
0.230855
-0.192205
-0.084916
-0.061682
0.050377
-0.114290
-0.057462
0.135216
0.074423
-0.102235
0.006945
0.008220
-0.037818
0.046399
0.144770
-0.365756
-0.080986
-0.134253
0.074020
0.080022
-0.069534
0.209715
-0.003459
-0.092296
-0.060386
-0.114962
0.194661
-0.077890
-0.076253
0.049327
-0.083857
0.264451
0.001005
-0.126598
-0.185624
-0.017444
-0.036874
0.013659
-0.152332
-0.079740
-0.020035
0.282769
0.108700
-0.065224
-0.053997
-0.093746
0.020943
0.211175
0.075204
0.074365
-0.089644
-0.174002
-0.162271
0.049616
-0.010408
0.041539
-0.168525
-0.126006
0.023355
0.102906
0.070571
0.126571
0.212175
0.187333
0.033648
-0.000079
-0.092252
-0.108444
0.032153
0.082262
0.347403
-0.014963
-0.137516
-0.032538
0.168133
-0.016629
-0.233273
0.168762
0.104034
0.058189
-0.081985
0.009342
-0.083874
0.061710
-0.124526
0.145372
0.107706
0.060194
0.115484
0.153214
-0.142791
-0.096292
0.077852
0.173757
-0.180997
-0.089747
0.139742
-0.020182
-0.087870
0.261866
0.236778
0.122392
0.199274
0.030302
0.045910
-0.121106
-0.070206
0.021704
0.109287
-0.086918
-0.173263
-0.007480
-0.084567
0.073521
0.032167
-0.168324
-0.013470
-0.216099
-0.054958
-0.159384
0.131378
-0.180524
0.042610
0.071945
-0.085186
0.101101
0.188016
-0.258699
-0.269550
-0.043335
-0.017862
0.185956
0.092617
0.094111
-0.048257
-0.347605
0.198467
-0.015048
0.184038
-0.139444
0.188664
0.030799
0.064193
0.085164
-0.092138
0.127564
0.038998
-0.123111
0.214081
0.110242
-0.031288
0.188306
0.193098
-0.030078
-0.073342
0.012071
0.002290
-0.074622
0.219893
-0.099287
0.161159
-0.056682
0.122078
0.079543
0.147660
0.141014
-0.027455
0.099649
-0.107087
0.065409
-0.118677
-0.022708
0.182399
0.073830
0.240756
0.076717
-0.069704
0.048041
0.144411
0.042330
0.033431
-0.016774
-0.211756
-0.036956
0.001522
0.111288
-0.091080
-0.017176
0.169388
0.050673
0.077330
-0.049737
-0.206803
0.022004
-0.070245
0.055292
0.031400
-0.132307
0.220767
-0.121009
-0.009767
-0.032731
0.053457
-0.141670
-0.107403
-0.058733
-0.091297
-0.074498
-0.172735
0.026477
0.039732
-0.034690
0.103455
-0.023709
-0.094900
0.158163
-0.270785
0.104059
-0.028246
0.109778
-0.130306
0.212533
-0.049083
-0.147762
-0.156116
0.074441
-0.145806
0.159018
0.113756
-0.016514
0.249057
0.028091
-0.162884
0.112494
-0.068985
-0.239393
0.132583
0.044309
0.195294
-0.105189
-0.018763
-0.062366
-0.260835
-0.141933
-0.126551
-0.137805
-0.013118
0.089700
0.014005
-0.034435
-0.014412
-0.097747
-0.060101
-0.044922
-0.256739
-0.002426
-0.250402
-0.016530
0.067947
0.114959
-0.144335
0.035679
0.109320
0.095147
0.036911
-0.084673
-0.083286
0.067169
-0.066178
0.099785
-0.196934
-0.031515
-0.171652
0.152705
0.003910
-0.095943
0.357800
0.176524
-0.055587
0.082040
0.205684
-0.259331
-0.037989
0.087701
0.038200
-0.169394
-0.114665
0.080904
-0.083866
0.038779
-0.064954
-0.114778
0.126321
0.043936
0.017181
-0.099681
-0.160166
0.063075
-0.158384
-0.123931
0.185104
-0.069076
0.285143
-0.137168
0.118832
0.084818
0.112504
0.051910
-0.092488
-0.019383
-0.088047
-0.150972
0.142612
-0.034686
-0.091905
-0.197978
0.090952
0.073417
0.367000
-0.174813
0.016844
-0.318244
-0.121519
0.173611
-0.033218
-0.096599
-0.144169
0.400923
0.024793
-0.167837
-0.219045
-0.112895
0.082295
0.172488
0.042931
0.192515
0.116263
-0.167358
0.123598
-0.202916
0.075198
0.114323
-0.282662
-0.049709
-0.265419
-0.156923
0.307483
0.084554
-0.018803
-0.298098
-0.028433
-0.131251
-0.063012
0.029167
-0.182755
0.039227
-0.147975
-0.080318
0.071091
-0.072162
0.039708
-0.271111
0.056696
-0.089867
0.109951
0.042568
0.200812
-0.042230
0.026610
-0.292520
-0.044612
-0.074378
-0.022737
-0.136945
0.100839
-0.060612
-0.028085
-0.152145
-0.062129
-0.179812
0.147675
0.135898
0.138459
-0.167504
0.036261
-0.058099
-0.099450
-0.027371
-0.083001
-0.017699
-0.102283
-0.012685
0.001561
-0.107632
-0.013025
0.035889
0.152339
-0.006938
0.069102
0.137565
0.012487
-0.056773
-0.079705
-0.187948
-0.177389
0.106119
0.113886
0.019139
0.077900
0.038486
-0.074592
-0.004549
-0.065795
0.053512
0.110480
0.271920
0.229243
0.198002
0.186140
0.130433
-0.139729
0.130332
0.307394
0.088518
0.037098
0.170373
0.083744
0.004965
0.082814
-0.209523
0.070644
-0.229397
0.051731
-0.403911
-0.053914
0.048187
-0.044750
-0.085138
-0.041078
-0.206903
0.040496
-0.023063
-0.062397
-0.146145
-0.006495
0.032484
0.224313
0.105930
0.023640
-0.036746
-0.186354
0.079886
0.238427
-0.023704
-0.054017
0.016240
0.180200
-0.017543
-0.038318
0.234557
-0.058834
0.041120
-0.055778
-0.139011
0.191189
-0.101895
0.142285
0.214259
0.149003
0.071552
-0.056537
0.080374
-0.405091
-0.223880
-0.193568
0.134485
0.132077
-0.007306
-0.044338
-0.214107
-0.044814
0.064663
-0.096336
0.121169
-0.207413
-0.000123
-0.265473
0.200487
-0.051955
0.232519
0.026156
-0.345869
0.088893
0.259322
0.306400
0.057076
0.038140
-0.058395
0.046080
-0.180018
-0.007617
-0.081906
-0.032448
-0.073746
-0.045867
-0.056041
-0.108297
-0.016451
-0.002385
-0.054609
0.102748
-0.085136
-0.147688
0.126500
-0.018805
-0.166534
0.089899
0.046417
-0.066906
-0.031912
0.042843
-0.032829
0.106127
-0.127264
-0.027983
-0.074640
0.186407
-0.124742
-0.002712
-0.108220
-0.055131
0.216509
0.102926
-0.084725
-0.057668
-0.309124
0.027397
0.121431
0.085637
-0.193761
-0.198578
0.094236
-0.046539
-0.220169
-0.045594
0.101803
-0.007150
-0.072956
-0.006376
0.254467
-0.121061
-0.058232
-0.053893
0.030392
0.164374
0.096363
0.088016
-0.105049
0.123838
-0.102185
0.015908
-0.147743
0.030693
-0.053470
-0.059237
0.044567
0.063273
0.048435
-0.126120
0.022719
0.146995
-0.022944
0.231512
0.073881
0.165832
-0.043172
-0.071099
0.096472
-0.161432
0.098094
0.152949
-0.124132
0.006464
0.097747
0.170620
0.087085
-0.152980
0.318704
-0.359359
0.263296
0.042043
0.160447
0.078837
0.272962
-0.115475
-0.083733
0.059980
-0.083068
-0.075473
0.045441
0.079046
0.090489
-0.204250
-0.096356
-0.206567
-0.018934
0.012866
-0.204857
-0.192682
0.127726
-0.152734
0.148234
0.074226
-0.067251
0.104549
0.023867
-0.044881
0.103169
-0.008520
0.009879
0.098560
0.178596
0.104484
0.078858
0.132312
-0.055459
0.020567
0.093446
-0.110052
-0.304485
-0.230511
-0.107790
-0.101937
0.076164
-0.083858
-0.042579
0.240313
0.010977
-0.025377
-0.033150
-0.033037
-0.136949
0.044387
0.206117
0.058931
0.105590
-0.047162
-0.051629
-0.097387
-0.037928
0.090609
0.142299
0.258441
-0.109458
-0.154842
0.081727
-0.087807
0.085063
-0.212221
0.098354
0.096457
0.067408
-0.065794
-0.037103
-0.010600
0.018511
-0.133329
0.102483
-0.174214
-0.156705
0.063022
0.042222
-0.102200
-0.019174
-0.065009
-0.013247
0.026063
0.119768
-0.043121
0.357695
-0.011747
-0.005717
0.020683
0.187335
0.005332
0.016161
-0.137105
0.230015
-0.145787
-0.060707
0.167433
0.006553
-0.208256
-0.222803
0.106295
0.032555
0.029278
-0.022594
-0.169294
0.011869
0.057081
0.191773
-0.067129
-0.075135
0.211603
0.015398
-0.039398
-0.120545
-0.241659
-0.098645
-0.009315
0.147527
0.095397
0.145511
-0.225886
-0.097947
-0.046030
-0.245772
0.311176
-0.127646
0.069152
0.199627
0.017988
-0.035609
-0.053656
0.018792
-0.180582
-0.112270
-0.141957
-0.136026
-0.052627
0.312029
0.028983
-0.114706
-0.023995
-0.257870
0.038642
-0.063632
-0.147651
-0.065959
0.120917
0.075260
0.034961
-0.037137
0.148213
-0.062195
0.043200
0.042586
0.199417
-0.013937
-0.277284
-0.098833
-0.104868
0.035510
-0.182889
0.167936
0.079447
0.158048
0.071717
-0.038045
0.053055
-0.137199
0.007845
0.106927
0.235988
0.163485
-0.235080
0.035414
0.054743
-0.113852
0.049599
0.280053
0.026847
-0.015978
-0.216747
0.192147
-0.036268
0.082668
0.166725
0.033186
0.025723
-0.009922
0.163456
0.005523
0.211265
0.137792
-0.046179
-0.140284
-0.108618
-0.235598
0.138327
0.180174
-0.094727
-0.226494
-0.061022
-0.049977
0.071873
-0.224174
-0.084166
0.185536
-0.059518
-0.054526
-0.136447
-0.038914
0.017317
-0.082981
0.127031
0.091821
0.044397
-0.082944
0.232464
-0.030770
0.133597
-0.185582
-0.296732
0.138479
-0.332519
0.227174
0.240713
0.015676
-0.035287
-0.037028
-0.031875
0.110718
-0.022292
0.304229
0.086051
-0.160719
0.106532
-0.052953
0.170440
0.047049
-0.013290
-0.013532
0.181762
0.078990
-0.142348
-0.174399
-0.036380
0.124694
0.085088
-0.113297
0.118308
-0.297870
-0.109044
-0.030551
-0.020066
-0.098223
-0.115748
-0.048310
0.079468
-0.029314
-0.063402
-0.000849
0.088639
0.041075
-0.008095
0.052694
0.066632
-0.067059
-0.041068
0.116405
0.090959
-0.072956
0.055610
0.026579
0.062997
-0.118503
-0.205710
0.213566
0.007302
0.003678
0.047949
-0.013145
-0.037945
-0.070057
0.114568
0.117019
0.146871
0.111325
0.011614
0.014598
0.014558
-0.006612
-0.034646
-0.166502
0.162495
0.223048
0.224784
0.098834
-0.013436
0.348705
0.035063
0.054600
0.097384
-0.102677
-0.074360
-0.146206
-0.061770
-0.046920
-0.147309
-0.023676
0.072762
0.165695
-0.014291
-0.021123
0.014585
-0.074031
-0.202985
-0.134754
0.059634
-0.032335
-0.025499
-0.209411
-0.080450
0.131075
0.048964
0.114116
-0.063219
0.020280
0.095947
0.086137
-0.128652
0.114206
-0.065405
-0.108318
-0.000668
0.004147
0.020490
-0.025101
0.086969
-0.061611
0.018871
-0.000318
-0.056033
0.123837
-0.162179
-0.155111
-0.040401
-0.055729
-0.087397
0.095419
0.003063
0.032225
-0.226966
0.181446
0.149505
0.266647
0.351275
-0.067481
-0.209546
-0.050095
0.006488
-0.032222
-0.048452
-0.039188
-0.310524
0.131511
0.156332
-0.015571
0.172778
0.123753
-0.186825
0.061563
0.059122
0.119104
-0.007042
0.095384
-0.086958
0.042974
-0.188632
-0.337431
0.111851
0.070271
-0.186561
-0.238964
0.000148
0.293775
-0.008449
0.020530
0.027621
-0.082187
-0.108687
-0.021709
0.108871
0.025453
0.184904
-0.033588
0.073106
0.096579
0.221406
0.030607
-0.203050
-0.172521
0.095933
0.020157
-0.116869
0.033443
0.182602
0.044440
-0.164142
0.048740
0.183690
0.204442
-0.001293
0.043963
-0.025433
0.033925
-0.111559
-0.042250
-0.097727
-0.194808
-0.228814
-0.014415
0.004261
-0.095630
-0.137056
-0.104466
-0.018566
0.125007
0.040713
0.017193
0.099240
0.142177
0.115359
-0.044425
0.100399
0.011579
-0.195855
-0.204951
0.061812
0.098888
-0.212944
0.083034
-0.015882
0.096505
-0.004775
0.095633
0.344447
0.067352
0.036092
-0.127705
-0.244084
0.024086
0.045347
-0.043885
-0.043566
0.106247
-0.025767
0.085032
0.123106
0.214759
0.130505
0.012388
-0.005451
0.443327
0.073258
-0.174517
0.027219
0.011966
0.120475
-0.136523
-0.021751
0.104712
-0.022593
-0.019063
-0.003769
-0.119840
-0.087958
0.275495
-0.237213
0.001157
0.056252
0.093782
-0.147678
0.064785
-0.063972
-0.227521
-0.396704
-0.072436
-0.150492
0.108317
-0.125222
-0.211975
-0.259488
0.066840
-0.204176
-0.079723
-0.129755
0.294982
0.022811
0.033805
0.012650
-0.110483
-0.048982
-0.203928
0.116867
-0.211033
0.051980
0.022454
0.048053
-0.118149
0.027766
0.064938
-0.086301
0.044909
-0.247841
-0.054056
-0.146381
0.048437
0.049516
0.058588
0.134277
-0.197696
-0.108846
-0.020176
-0.070103
0.001059
0.129180
-0.118872
-0.041859
0.009002
-0.298812
-0.157277
-0.077743
0.080947
0.256310
0.187630
-0.240624
-0.288787
-0.025039
0.240405
0.334835
0.211035
0.114562
-0.046288
0.044810
-0.084710
-0.069536
-0.172515
-0.258897
-0.018999
0.353969
-0.021168
0.226234
0.034045
-0.017620
-0.081116
0.142625
0.017392
-0.061810
0.251148
0.050120
0.240605
-0.215554
0.033631
-0.163399
-0.203502
-0.022894
-0.196530
-0.197763
0.284916
0.118841
-0.156816
-0.067392
-0.033656
0.115495
0.088098
-0.101402
-0.116625
0.001683
-0.033120
0.169111
0.070556
0.027730
0.105902
-0.102757
0.138189
0.175652
0.252570
0.015376
0.197496
0.114565
0.032356
-0.037676
-0.083709
0.129088
-0.276735
0.110471
-0.214522
0.119709
0.069901
-0.133879
0.148016
-0.071911
-0.012345
-0.134155
-0.039190
0.479433
-0.108498
-0.148809
-0.129179
-0.085602
0.017227
0.044797
0.028611
0.010191
0.059104
0.068582
0.085630
-0.139874
0.068800
0.050384
-0.101349
0.141106
-0.163293
0.006103
0.191930
-0.060651
0.499871
0.017620
0.277224
-0.206192
0.016290
-0.038958
0.177293
-0.163299
-0.132559
0.062282
-0.011691
-0.108725
-0.262520
-0.021857
0.087449
-0.033451
-0.067406
-0.142622
0.233335
0.044767
-0.365624
-0.086848
0.080217
0.121546
0.008008
-0.076717
-0.161835
-0.030680
0.192533
0.217951
0.030714
-0.108428
0.187583
0.217223
-0.029923
-0.065933
0.057912
-0.012760
-0.149358
0.076342
-0.308305
0.097466
-0.145923
-0.022224
0.159136
0.098275
0.124198
0.008427
-0.065235
0.089682
-0.115415
0.041647
0.022326
-0.141628
-0.010810
0.002904
0.302466
0.066101
-0.038715
-0.299765
0.103756
0.114398
0.093328
-0.037830
0.029077
-0.018561
-0.259413
0.138314
0.021204
0.118220
0.058199
0.134052
0.023981
0.082161
-0.121349
-0.107350
0.022376
-0.001743
-0.232301
0.009446
-0.118344
-0.219596
0.186664
0.145855
0.174224
-0.115949
-0.141583
0.056958
-0.123574
-0.013421
-0.021960
-0.084603
0.028197
-0.125162
0.239760
-0.066388
0.037710
0.089664
-0.037942
-0.175232
0.064678
-0.228365
0.170002
-0.104648
0.097293
-0.212357
-0.095998
-0.166458
-0.166348
-0.233987
0.164909
-0.086104
0.148967
-0.021512
0.161003
0.000303
0.102486
0.249675
-0.071739
-0.000644
0.169363
0.031023
-0.008888
0.026339
-0.118503
-0.103899
0.046206
0.172593
0.048888
-0.111406
-0.136398
0.006358
-0.015679
0.085265
0.083505
-0.019632
0.033391
0.250450
-0.208830
-0.355723
0.364357
0.163961
-0.017230
0.195815
0.007078
-0.154695
-0.066013
0.103457
-0.030685
-0.156371
0.039811
-0.111678
0.161069
0.075369
-0.169336
-0.003196
0.099492
0.048038
-0.060958
0.132560
0.060233
-0.035485
-0.193273
-0.002571
-0.161105
-0.251082
-0.048538
-0.243266
-0.022588
0.216488
0.056742
0.084867
0.011260
-0.340805
-0.153891
0.089901
0.281455
0.196216
-0.009940
-0.000356
0.227168
-0.057426
0.147622
-0.092728
0.124151
-0.127810
0.105462
0.105426
-0.100472
0.090286
0.330596
0.043418
-0.091945
-0.122228
-0.106578
-0.109521
-0.054897
-0.064929
-0.004093
-0.142548
0.020239
0.039961
-0.135743
-0.128906
0.180470
0.018214
0.118809
0.126734
-0.254301
0.035676
0.119567
0.233801
-0.068991
-0.224561
-0.063082
0.165493
-0.010446
-0.045426
-0.108710
-0.209575
-0.014301
0.105722
0.080126
-0.310930
-0.304275
0.120263
-0.060452
-0.079401
0.133802
0.077144
0.098976
-0.051670
0.114905
-0.039308
-0.023477
-0.051029
-0.105405
-0.114178
0.015547
-0.011443
0.196966
-0.154252
-0.043266
0.067280
-0.020105
-0.059067
0.179270
-0.131316
-0.055617
0.003423
-0.050489
-0.012052
-0.201175
0.273991
-0.108316
-0.020904
0.001891
0.147235
0.194023
0.105734
0.095944
0.047664
-0.380272
0.000109
-0.028953
0.102367
0.079430
0.114092
0.163349
0.062326
0.260562
0.026011
0.160337
-0.520934
0.037083
-0.189364
0.115891
-0.252071
0.010436
-0.155197
0.027030
-0.114157
0.064903
-0.281012
0.182013
-0.152466
-0.046233
0.301090
0.130476
-0.078638
0.032047
-0.061272
0.074671
-0.055678
-0.055748
0.233557
0.041881
-0.214198
-0.160891
-0.068239
0.173882
0.135475
0.212111
0.019176
-0.108545
-0.112714
-0.193157
-0.010199
-0.180491
0.019330
0.027453
0.017181
-0.013321
0.171415
-0.066406
0.079165
-0.135760
0.147187
-0.298332
-0.086471
-0.397219
-0.091689
-0.046237
-0.010324
-0.039761
0.177813
-0.147239
0.032595
-0.074091
-0.185386
0.144562
-0.103090
0.131831
-0.032148
0.014314
-0.068842
-0.123886
0.026890
-0.178020
-0.119938
-0.103271
0.106774
-0.102086
-0.133987
-0.010253
-0.024400
-0.029355
-0.311564
-0.050128
-0.233785
-0.253233
-0.003843
-0.139862
0.057696
0.052099
0.008950
0.036470
-0.096632
-0.021875
-0.197877
-0.163258
-0.098126
0.069714
0.021815
-0.292060
0.100239
-0.061065
0.112958
-0.038605
0.066424
0.221818
0.061199
0.211893
0.046556
-0.229561
-0.179338
-0.164254
-0.002606
-0.217622
0.127071
-0.032837
0.052598
0.089351
-0.246258
-0.092749
0.143576
0.006495
-0.099808
0.069521
0.229964
-0.112754
0.011429
0.066331
-0.209532
0.271130
-0.164073
-0.141267
0.156603
0.009296
0.035605
-0.231828
0.187771
-0.013724
0.071037
0.076881
0.065493
0.024279
0.285812
-0.202602
-0.031286
-0.097562
-0.079234
-0.135794
-0.097295
-0.019954
0.005231
-0.088892
0.130249
0.255682
-0.009808
-0.012576
-0.107634
-0.092401
0.012503
0.363460
-0.009422
0.200247
-0.098025
0.052380
-0.129128
0.037369
-0.103417
-0.130348
-0.186695
-0.116825
0.098619
-0.036332
-0.018345
0.001263
0.188806
0.007785
0.196388
0.063991
0.121675
0.046992
-0.165305
0.239770
-0.142735
-0.103020
0.062151
0.097843
0.120523
-0.053291
0.168914
0.325902
-0.135102
0.019431
-0.166619
0.004010
-0.012724
0.091367
0.107711
-0.035637
-0.102283
-0.036527
-0.098863
0.151859
-0.090673
-0.139383
-0.058733
-0.095948
-0.020173
-0.173190
0.015078
0.008029
-0.007680
0.038015
0.015797
-0.061917
-0.092552
-0.027952
-0.064198
-0.143550
0.143744
-0.179587
0.079124
0.049575
0.073955
-0.022094
-0.030982
0.265935
0.153365
-0.163430
-0.286970
-0.018439
-0.140174
-0.022914
0.085102
0.137074
-0.168285
0.110864
0.382262
0.035203
-0.061864
-0.034799
0.246954
0.185302
0.056110
-0.098931
-0.102483
-0.141629
-0.079576
-0.048655
0.073147
0.213443
-0.005129
0.135599
0.032286
0.054472
-0.105103
0.130202
0.169436
0.218073
0.202716
-0.158199
-0.361107
0.140251
0.095170
0.093089
0.094910
-0.014240
-0.078640
-0.165507
0.155916
0.144871
-0.095181
0.034232
0.169853
0.016331
0.093086
0.019814
-0.160340
-0.070602
0.065585
-0.107882
-0.099684
-0.054902
-0.075646
-0.107400
-0.160589
0.094818
-0.067417
-0.050276
0.028447
0.009729
-0.075031
0.093104
-0.014351
0.130299
0.079766
-0.320944
0.178911
0.103706
-0.017447
0.040306
-0.230228
0.081399
0.208083
-0.014211
0.226631
0.006012
-0.184565
0.140267
0.039502
-0.038481
0.146663
0.102626
0.224165
-0.043771
0.044855
-0.023475
-0.055046
0.001320
-0.059845
0.151139
0.041225
-0.048234
0.030663
-0.098352
0.039611
0.071668
-0.049789
0.089522
-0.275808
-0.044274
-0.091518
-0.193868
0.287195
0.052270
0.131504
-0.084825
-0.147443
-0.160176
-0.209976
-0.107341
0.157704
-0.039092
0.039984
-0.176576
0.256883
0.033632
-0.134440
-0.124254
-0.141614
-0.035088
0.004520
-0.285256
0.010585
-0.045831
0.158588
0.213387
-0.251775
-0.147717
0.110859
-0.016612
0.093753
0.155121
-0.206513
-0.103958
0.145297
0.091609
0.117298
0.017181
-0.171713
0.042731
-0.019065
-0.097478
-0.077142
0.123648
0.176050
0.094960
-0.220880
0.094268
0.007722
-0.078221
-0.096242
0.079887
0.016251
0.017917
0.016562
0.332057
0.152066
0.004578
-0.278756
-0.090433
0.151112
-0.079662
0.164348
-0.130720
-0.042972
0.021246
-0.133830
0.007649
-0.174367
-0.098882
0.280820
-0.029913
0.210566
-0.171725
0.083440
-0.121637
-0.055437
-0.048211
-0.228396
-0.004965
-0.069708
-0.146282
-0.061775
-0.228271
0.122328
-0.027209
0.026022
-0.097397
-0.053109
0.175185
-0.029224
-0.284294
0.110400
-0.020343
-0.172383
-0.164189
0.053913
0.051374
-0.089353
-0.032506
0.096889
-0.020701
-0.262446
-0.087525
-0.032987
0.185879
-0.119267
-0.029446
0.127417
-0.127568
-0.225330
0.135749
0.125163
-0.191447
-0.080258
0.070619
-0.167324
-0.010073
-0.159495
-0.068646
-0.269788
-0.051693
0.046349
-0.022073
0.055209
0.042668
-0.270762
-0.125900
0.212734
0.162086
-0.091508
-0.027685
-0.146242
0.035480
0.078165
0.209862
0.097566
0.042143
-0.238346
-0.004354
-0.144072
-0.182344
-0.107170
-0.013827
0.040742
-0.171395
0.070288
-0.042451
-0.078800
0.046726
-0.109788
-0.039778
0.076906
-0.182974
-0.076956
0.070316
-0.174706
-0.164605
0.054465
-0.102264
0.033424
-0.009961
-0.018438
0.099470
0.126988
-0.003880
0.143342
-0.116890
0.062345
-0.071489
0.117568
0.005377
0.192252
0.090481
-0.005341
-0.002014
0.203251
0.151514
0.098144
-0.191898
-0.052331
-0.158145
0.052776
-0.169352
0.155181
0.008824
0.052536
0.122437
-0.008722
-0.104203
0.036962
-0.148184
-0.157701
0.057313
-0.091422
-0.066797
-0.049875
-0.008589
-0.002143
-0.007950
0.060442
-0.129947
-0.270480
0.215426
-0.322832
-0.036345
0.072038
-0.034227
0.004877
0.079705
-0.097661
-0.039062
0.233836
-0.106760
0.085662
-0.029986
0.121970
-0.146809
-0.191513
0.253036
-0.254240
-0.112927
0.070809
0.005883
-0.114225
-0.141024
-0.099427
-0.264971
0.042322
0.054605
-0.173708
-0.056978
0.093667
0.282509
0.226824
0.045804
0.052386
-0.041629
-0.139604
0.164569
-0.183568
-0.065187
0.071647
0.047880
-0.093800
-0.018712
0.129607
0.017451
-0.001689
0.115607
-0.100149
0.279354
-0.100785
0.042578
0.107012
-0.030452
-0.111177
-0.085128
-0.176594
-0.187942
0.034792
-0.179280
-0.023698
0.036364
-0.101101
-0.023775
0.206990
-0.029078
0.318098
0.048616
-0.077027
-0.244117
0.044157
0.141281
0.220076
-0.068653
0.045873
0.146915
-0.080333
-0.006919
0.034477
0.193753
0.127453
0.301333
-0.098653
0.000680
0.119765
0.029970
0.076426
0.088723
-0.073096
-0.282470
0.075471
-0.026091
0.079787
-0.111754
0.165314
0.115256
-0.041294
-0.175788
-0.081404
-0.097498
-0.000589
0.011840
-0.087337
-0.056362
-0.066094
-0.243618
-0.094134
0.094711
-0.206346
-0.132220
-0.032011
0.002102
0.181992
0.023318
0.031181
-0.025250
-0.257504
0.235770
-0.156503
0.077318
-0.171009
0.318532
0.046726
0.083497
0.062535
-0.010363
-0.055198
0.180140
-0.112013
-0.011572
-0.027928
-0.035302
0.064080
-0.017363
-0.090923
-0.019692
0.048519
0.132354
0.032069
-0.006978
-0.049569
0.052608
0.019109
0.198411
0.159153
-0.078508
-0.010947
0.070173
-0.229634
0.075220
0.114404
0.181255
-0.062744
0.139794
0.008008
-0.049993
-0.194536
-0.132777
0.079943
-0.091273
0.067446
0.194637
0.005944
0.127311
-0.069991
0.139056
-0.061432
0.163325
0.062794
0.176776
0.057465
0.187362
0.014814
-0.230249
-0.127722
0.050254
0.293720
-0.130335
0.090893
-0.042128
-0.067612
0.053091
-0.312550
0.092889
0.059356
0.053296
0.034891
-0.082812
0.072078
-0.031295
0.085953
0.053119
-0.211466
0.156229
0.099981
-0.026127
0.011086
0.045064
-0.191517
-0.052439
0.009108
0.081859
-0.092008
0.054841
-0.060389
-0.065014
-0.118530
0.145118
0.176933
0.055506
-0.090695
0.012043
-0.093624
0.053587
-0.028704
-0.178971
0.174920
0.058846
0.086379
0.146071
-0.013313
-0.120773
-0.122190
0.074852
-0.037394
0.172735
0.104094
-0.135957
-0.056520
-0.247539
-0.196684
0.082811
0.000340
0.299931
0.046370
-0.137612
0.026954
-0.134839
0.118332
0.097483
-0.067638
0.328336
-0.025365
-0.018130
0.008468
0.022863
0.003647
-0.063270
0.300931
0.089055
-0.000917
0.071175
-0.206314
-0.218537
-0.138126
-0.001250
0.079050
0.040037
0.109593
0.146569
0.250922
-0.021420
0.028083
-0.095544
0.328252
0.074862
-0.047722
0.106349
0.042895
0.017197
-0.088203
-0.139516
0.071783
-0.093403
-0.157200
-0.048048
0.084889
0.119050
0.170196
0.165023
-0.010473
-0.075811
-0.115759
-0.146690
0.194109
0.092518
-0.078332
0.031730
-0.046620
0.108017
-0.156583
0.093129
0.187773
0.083293
0.016091
-0.033638
0.193950
-0.080339
-0.008997
0.058823
-0.195780
-0.246934
-0.083252
-0.193185
0.183361
0.179135
0.021892
-0.076406
-0.033596
-0.069511
0.027631
0.066166
-0.223666
0.101389
-0.149983
-0.106899
0.143188
0.267884
-0.203881
-0.216989
0.220309
0.238682
0.070014
-0.019121
0.069013
-0.086894
0.061626
-0.280152
-0.022736
0.208826
-0.122616
-0.055942
0.079308
0.088853
0.296363
-0.054731
0.063231
0.098300
0.017344
0.261952
0.080342
-0.143613
0.051227
0.162664
0.026465
-0.171596
0.057465
0.240482
0.002728
0.001397
-0.039325
0.009930
0.076885
0.242022
-0.185480
-0.343235
-0.105445
0.145407
-0.040952
-0.164573
-0.055445
0.039643
0.085668
0.072067
0.218252
-0.185297
-0.154390
-0.023760
-0.042803
0.155580
0.017511
0.102972
-0.160904
-0.039167
0.033290
-0.053263
0.069620
0.146837
-0.139553
-0.083437
0.092891
0.208257
0.271324
-0.026829
-0.030734
0.038046
-0.090424
0.082579
-0.177153
0.171228
-0.007242
0.099118
0.094341
-0.037901
0.054984
-0.109748
-0.166809
0.153160
0.308923
-0.116958
-0.092975
-0.065223
-0.077202
0.152241
-0.020654
0.111670
0.037419
0.232976
-0.282473
-0.224321
-0.200137
-0.083780
0.062035
-0.192395
-0.159387
0.098933
0.048067
-0.170231
0.246614
0.202203
0.071142
0.156617
0.038917
-0.141256
0.042217
0.179907
0.220965
-0.140120
0.083772
-0.285037
0.061900
-0.076738
-0.025276
-0.214265
0.022222
0.065244
-0.041331
-0.060560
0.103751
-0.074356
-0.180273
0.105058
-0.126801
0.161688
0.029363
0.043508
0.104185
0.267273
0.143920
-0.059556
0.007296
0.148456
-0.059684
0.175827
-0.091047
0.034766
0.181788
-0.162958
-0.250229
-0.192057
0.146624
0.043890
0.301901
0.048957
0.013864
-0.232228
0.234477
-0.176258
-0.020320
-0.010724
0.056334
0.043394
-0.047263
-0.235640
-0.081115
0.097932
-0.326614
0.088588
-0.074287
0.085331
-0.031393
0.011563
0.056433
0.050456
0.022238
0.047826
-0.197696
-0.020081
-0.097571
-0.313759
-0.139783
0.141732
-0.208618
0.097919
0.015367
0.208865
0.253769
0.251827
-0.096051
-0.268752
-0.030772
0.123904
-0.043126
0.129439
0.135760
0.060652
-0.247332
-0.305784
-0.053531
0.233206
0.094037
-0.446159
0.029173
0.162454
0.033042
-0.051783
-0.340171
0.067101
0.060602
-0.064403
-0.092966
-0.019981
-0.028860
-0.152523
0.028853
0.015701
0.125258
0.003185
0.255885
0.202273
0.144698
-0.124379
0.048113
-0.158384
-0.200051
0.039179
0.179592
0.093110
0.044544
0.109949
-0.038315
0.028504
0.061424
-0.214241
0.036667
-0.023551
-0.092413
-0.083302
0.081979
0.241498
0.159005
0.046933
-0.012806
-0.045578
0.004880
-0.038190
0.050540
-0.232617
0.052012
-0.111545
-0.072307
0.071326
-0.027821
0.190132
0.019667
0.181641
-0.053699
0.203462
-0.002565
-0.193170
0.014000
-0.080400
-0.152937
-0.153340
-0.141772
0.143199
0.176514
-0.098718
0.073422
-0.049955
-0.171425
0.166154
-0.015966
0.234394
0.073391
0.081226
0.188059
0.095396
0.053061
0.079630
-0.023304
-0.131530
-0.045385
-0.069532
0.144323
0.142232
-0.053676
0.062442
0.245427
-0.269187
0.089604
0.063231
-0.091456
-0.073657
-0.132922
-0.034764
-0.227807
0.030804
0.042916
-0.057513
-0.361979
-0.115293
-0.051635
-0.343669
0.126148
0.190193
0.262403
-0.157834
0.199179
0.041736
0.102347
-0.105502
-0.011929
-0.101339
-0.172157
0.016711
-0.062635
0.039599
0.019221
-0.052404
0.029671
-0.191466
0.171795
-0.020707
0.151950
0.152058
0.119059
0.013421
0.053079
0.208031
-0.131688
-0.260408
-0.129350
-0.116633
0.062273
0.004943
-0.025101
0.269603
0.323283
-0.199646
-0.189529
-0.036768
-0.257614
-0.101515
0.149729
0.025699
0.218065
0.004265
0.109357
-0.277737
0.300761
0.075097
0.052128
0.049460
0.027526
-0.018222
-0.045647
-0.247811
0.026796
0.142384
-0.038295
0.093585
-0.024486
-0.026119
0.322287
-0.146702
0.063980
-0.047462
-0.076765
-0.110024
0.036606
0.169297
0.347346
-0.171005
-0.096717
0.087634
-0.028932
-0.166518
0.111533
0.173322
0.161313
-0.056395
0.028705
0.134686
-0.176044
0.107694
0.091527
-0.153532
-0.080896
0.022868
-0.071936
-0.027956
0.092726
-0.149056
0.063850
-0.068211
-0.058905
0.132422
-0.142563
-0.026522
0.052316
0.321743
0.068932
-0.154540
0.052446
0.189862
-0.212044
0.204113
-0.019789
0.079522
-0.091350
-0.010079
0.072703
-0.436225
-0.004125
0.023782
-0.061757
-0.061289
0.212504
0.317097
-0.101481
-0.426654
0.192488
-0.120805
-0.427378
0.026858
-0.048126
0.020662
0.018807
-0.044498
0.181354
-0.035412
0.222523
-0.251309
-0.244344
0.005958
-0.226873
0.066882
-0.066483
-0.127580
0.052042
-0.011371
-0.180928
-0.141961
0.003815
0.015287
0.179026
0.125792
0.210130
0.139932
-0.163456
0.052802
-0.051141
0.059076
0.251163
0.116902
-0.033390
-0.096553
0.175423
0.004854
-0.186254
0.237724
0.000425
-0.291986
0.006506
-0.072432
0.141267
0.198128
0.134917
0.091240
-0.163562
-0.016295
0.248711
0.191615
-0.070882
0.119871
-0.075138
-0.101865
-0.093273
-0.021175
-0.345325
0.192259
0.115789
0.069263
-0.050604
-0.042947
0.023756
0.059172
0.039858
-0.041856
0.004309
-0.067314
0.004436
0.098231
0.171840
0.159507
0.108609
-0.026947
-0.057658
0.006125
-0.045719
-0.067421
0.069552
-0.006370
0.102329
-0.027697
0.102181
0.010248
-0.118438
0.143081
-0.004718
-0.017413
0.105226
-0.013780
-0.002397
0.007196
-0.044157
-0.217751
-0.005312
-0.174981
-0.104041
0.045516
-0.067650
-0.041057
-0.140248
-0.148463
-0.163522
0.018469
0.052061
0.031949
-0.182537
0.229340
0.039521
-0.128373
-0.105357
-0.114584
-0.159233
-0.052204
0.046289
0.027162
0.172485
-0.221543
0.135040
0.000271
0.071376
0.059148
-0.106602
-0.022916
-0.104768
-0.126699
0.137044
0.156835
0.023184
-0.131319
0.054803
-0.075254
0.269463
0.078693
-0.003962
0.065956
0.038649
0.077174
-0.006660
-0.160826
0.051848
0.078650
0.003553
-0.110080
-0.232713
0.218329
-0.092116
0.132153
0.094839
-0.239992
-0.114417
-0.059142
-0.043135
-0.138533
-0.026483
0.031579
0.066253
-0.051321
-0.099657
0.160268
-0.029655
-0.033586
-0.053655
-0.298996
-0.170667
0.074448
0.266300
0.207006
0.111876
-0.120909
-0.195203
0.106969
0.025640
-0.074324
-0.017324
0.147484
-0.037677
-0.026083
0.091061
-0.210564
-0.003518
-0.013519
0.052634
0.055801
-0.135406
0.104846
0.067703
-0.268463
-0.088450
0.033894
0.240690
-0.164938
0.171801
0.086862
0.068075
-0.220150
-0.042522
-0.063370
0.030375
-0.047124
-0.110125
0.090661
-0.027280
-0.114770
-0.101519
0.115448
-0.083971
0.026359
-0.082295
0.060529
0.196827
0.021113
0.015561
-0.000982
0.233420
0.059233
0.084975
0.038107
-0.087842
-0.053786
0.083385
0.101188
-0.118648
-0.186144
-0.146062
-0.164302
-0.062779
0.250141
0.027238
0.222405
0.042115
0.087987
0.033605
0.002294
0.073347
-0.043574
0.076104
0.122975
0.198464
-0.026601
-0.093050
0.215329
0.282205
-0.147677
0.007684
0.222907
0.296283
0.349672
-0.162161
-0.162955
-0.175927
0.009962
0.113219
-0.312454
0.190353
-0.165233
-0.226077
-0.062761
-0.030045
-0.021788
0.111297
-0.074572
0.135143
-0.016694
-0.067724
-0.032631
0.072700
0.065022
0.079773
-0.009518
-0.063293
-0.092213
0.056005
-0.098154
0.224888
0.128123
0.070760
0.028814
-0.041237
0.146515
0.042562
-0.046652
-0.046820
0.118323
-0.033030
-0.041522
0.224334
-0.038532
-0.123308
0.059609
0.059474
0.210283
0.203347
0.015426
-0.088962
-0.218484
-0.025989
-0.090540
-0.120627
0.225490
0.101269
0.148387
0.020697
0.218911
-0.073207
-0.260507
0.064456
0.033476
0.103080
-0.260719
-0.167158
0.009618
0.170656
0.098747
0.119893
0.172001
-0.202086
0.009639
0.006672
-0.170886
0.108053
-0.055130
0.156562
0.018654
-0.154016
0.164466
0.050020
0.022362
-0.061446
-0.056193
0.028557
-0.201679
-0.250130
0.083032
0.198146
0.185808
-0.128969
-0.096749
0.137925
-0.100188
0.140351
-0.196610
-0.148316
0.221096
-0.038395
-0.036503
0.002709
0.064787
0.066773
-0.200065
-0.126267
0.195800
0.180007
0.112535
-0.084127
-0.002332
0.329267
-0.088638
-0.108640
0.080863
0.140088
0.207760
-0.134651
0.089212
-0.017987
-0.030755
0.140284
0.089949
-0.024987
0.205047
0.144891
-0.068594
-0.115278
0.293901
-0.031297
-0.019792
0.047201
-0.220199
-0.186162
0.110135
0.010918
0.185673
-0.007695
-0.049841
0.110958
0.341811
-0.036196
0.061123
-0.112833
0.037453
0.007448
-0.140696
-0.093204
0.067488
0.239208
-0.095546
-0.132700
-0.116797
-0.059602
-0.020121
-0.014445
-0.054728
-0.045071
0.053426
0.173212
-0.069392
0.051311
0.127262
-0.027265
-0.121073
-0.189205
0.091196
-0.054162
-0.098718
0.018710
-0.220546
0.114862
0.046563
-0.249067
-0.223890
0.319372
-0.188818
0.054212
-0.254606
0.217446
-0.375472
-0.277251
0.030454
-0.263516
0.158738
-0.032382
0.071964
-0.145492
0.041305
0.244182
0.146862
0.214070
-0.290406
-0.048958
-0.150880
0.171694
-0.162935
-0.156401
-0.090529
-0.104975
-0.179056
0.011174
0.025382
0.016133
-0.048088
0.087160
0.041066
0.115680
-0.016016
-0.142184
-0.073406
-0.031692
-0.322543
0.006425
0.010421
0.011721
-0.082616
-0.054848
0.192241
0.084930
0.104783
0.132058
-0.214766
0.118657
-0.191925
0.096105
-0.239008
0.050133
0.202318
-0.084229
0.182040
-0.183711
0.129025
-0.201972
-0.220495
0.204992
-0.099125
-0.277372
0.082991
0.030194
-0.010140
0.021250
0.112063
-0.098838
0.140893
-0.091911
0.101623
-0.007708
0.220667
-0.194098
0.066544
0.030364
-0.040493
0.064749
0.122472
0.023370
0.093419
0.052267
-0.187668
0.121414
-0.088193
0.121014
-0.053635
-0.123445
0.129841
-0.107514
0.109890
0.108165
0.100186
0.096840
-0.071096
0.061687
0.142573
0.008174
-0.226021
0.067422
0.022077
0.029144
-0.058701
-0.006229
-0.100842
-0.320459
0.217720
-0.152113
-0.104213
0.053182
-0.078321
0.174767
-0.112968
0.141182
-0.026641
-0.095762
-0.123861
-0.041089
0.025505
-0.141816
0.070194
0.068356
0.075322
0.026965
0.458385
-0.099626
-0.061155
-0.224556
-0.081335
0.274234
-0.029989
-0.044643
-0.069784
-0.115668
0.211797
-0.005156
0.200913
-0.082196
0.003066
0.084502
-0.097507
-0.139234
0.024281
-0.040202
-0.055728
0.171552
-0.219134
-0.128813
-0.112121
0.008369
0.003461
-0.321260
-0.011612
0.069315
0.051150
-0.102723
-0.010198
-0.005440
-0.009174
0.216938
-0.188441
-0.029799
0.135227
-0.165436
0.160705
-0.018258
-0.249778
-0.227579
0.032933
-0.019774
0.021237
-0.110856
0.107147
0.050607
-0.112224
-0.058088
0.127141
-0.123958
-0.146054
0.104871
0.061832
-0.180823
-0.070893
-0.160758
-0.098588
-0.070360
0.008092
-0.069057
-0.175165
-0.087872
0.057050
-0.234075
-0.201116
-0.064836
0.123654
-0.028601
0.044545
-0.162072
-0.135454
-0.017861
0.140097
0.063737
0.083201
0.279881
0.106309
-0.046024
0.015718
-0.099476
0.186435
-0.266472
-0.278479
-0.023879
0.132946
0.097389
-0.025048
-0.005899
0.059640
0.011242
0.144481
-0.135715
0.179522
0.024025
-0.153808
-0.029795
0.281765
-0.052764
0.139439
-0.052333
-0.059346
-0.005419
-0.005462
-0.081587
-0.160257
-0.171737
-0.159140
-0.162179
0.050748
0.061173
-0.154308
0.115642
0.042290
0.260845
-0.035305
0.078924
-0.115668
0.073198
-0.067047
0.064030
0.102136
0.139457
-0.044266
-0.124532
0.180689
-0.004768
-0.105839
-0.047760
-0.127721
-0.419863
-0.217067
-0.084144
-0.074639
0.141406
-0.105195
0.227231
0.224964
0.002157
0.095640
-0.075998
-0.102376
0.052038
-0.233580
0.049771
0.062907
0.134374
-0.038711
-0.013873
0.254640
0.022701
-0.236225
-0.286444
-0.034390
-0.032289
0.127326
0.034496
-0.073965
0.143200
0.071629
-0.085502
0.301542
-0.144241
-0.131323
0.116825
0.107389
0.019243
0.061959
0.118523
-0.175124
-0.167218
0.009737
-0.107390
-0.225817
-0.054171
0.006187
-0.136741
0.026570
-0.067730
-0.032319
0.275275
-0.081460
-0.148733
0.028866
0.156158
-0.211718
0.045471
0.045403
0.399864
0.110975
-0.037204
0.087733
0.086753
-0.211608
-0.108326
-0.009857
-0.011624
0.001903
0.127177
-0.082667
0.013866
0.073296
-0.151373
0.006232
0.246756
0.051090
0.078768
0.039702
-0.117079
-0.037131
-0.061023
0.097391
-0.131351
-0.264850
-0.012341
-0.027121
-0.053814
-0.269190
-0.151845
0.075570
0.125869
-0.042794
-0.025186
0.231604
0.140825
0.107541
0.180971
-0.063785
-0.054016
0.064904
0.186451
-0.175416
0.206496
-0.039234
-0.066909
0.060865
0.095005
0.075470
-0.020975
0.230432
-0.136851
0.110351
0.221159
-0.213467
-0.040773
0.191634
0.197308
-0.193486
-0.147338
-0.165630
-0.061468
-0.157742
0.209089
-0.006718
-0.090047
0.061849
0.099328
0.046732
0.162646
-0.215216
0.054207
0.046381
-0.046110
-0.245310
-0.256350
0.135673
-0.215956
0.089994
0.069060
-0.149299
0.193968
-0.043403
0.130581
-0.101708
0.116324
0.141869
-0.227041
-0.099175
-0.055976
0.227927
0.091308
-0.197980
0.005008
0.047322
0.105636
-0.116209
-0.035108
-0.087123
0.163791
0.080683
0.063209
-0.089071
-0.022334
-0.089863
-0.119275
-0.100406
-0.059069
0.079684
-0.041258
0.014439
-0.024208
0.099017
-0.050452
0.000263
-0.054113
-0.032049
-0.061839
-0.076666
-0.026642
-0.044478
0.117271
-0.121072
-0.012421
-0.013714
0.014708
0.231019
-0.130010
-0.113656
0.004088
-0.036932
0.000412
0.025805
-0.057973
0.024567
-0.024346
0.134522
-0.115358
0.121978
0.002319
0.028904
-0.080233
0.089017
-0.071671
-0.028603
0.070975
0.181308
0.106012
0.242598
0.070489
0.088125
-0.140272
-0.226417
-0.100312
-0.240792
0.046348
-0.097353
-0.144776
0.110551
0.204259
0.018761
-0.026799
0.169939
0.197093
0.037520
-0.042222
-0.160837
-0.028256
0.184708
-0.089527
0.103459
0.065909
0.037336
-0.059526
0.033113
0.031181
-0.152917
-0.094308
0.087410
-0.131974
-0.004369
0.052237
0.004918
0.138816
0.183689
-0.184936
-0.016948
0.043431
-0.105332
0.088791
0.122923
-0.183562
0.119282
-0.008288
0.124133
-0.274650
0.000773
0.237973
0.035337
-0.304102
0.022816
0.034980
0.232716
0.017838
-0.187525
0.050155
0.004695
0.051958
-0.186830
0.092399
0.270718
0.065149
-0.138021
-0.034642
-0.062288
-0.113333
0.035177
0.058051
-0.083069
-0.206434
-0.152166
-0.027006
0.005534
-0.006038
0.022960
0.468503
-0.074522
0.095629
-0.002108
-0.170190
-0.071791
0.061646
-0.084439
-0.047787
-0.212351
0.200506
-0.283741
0.039453
-0.033377
0.140912
-0.140422
0.208403
0.037228
0.134226
-0.120628
0.079858
0.035183
-0.007723
0.056368
0.058836
-0.100672
0.071829
-0.126535
0.235899
0.143718
0.054251
-0.034181
0.200427
-0.034964
0.225064
0.191264
-0.172033
-0.121563
0.144440
-0.103778
0.077603
0.127474
-0.061669
0.050509
-0.030785
0.056442
-0.047535
-0.096956
-0.029758
-0.086658
0.141977
-0.122241
0.028836
-0.083353
0.095522
-0.047350
-0.109262
0.111853
0.272383
-0.107790
-0.133565
-0.143121
-0.039501
-0.055330
0.112065
-0.017876
-0.051347
0.014520
-0.057422
0.098127
0.036086
-0.263824
-0.004551
-0.060064
-0.060864
-0.069917
0.133922
0.244285
0.156643
-0.186375
0.117892
0.050192
0.087912
-0.156599
-0.069316
-0.114135
-0.108135
0.044658
-0.056828
-0.134004
0.184779
0.068053
0.096351
-0.059925
-0.215301
0.295773
-0.095921
0.028368
-0.018160
0.061838
0.097713
-0.124394
-0.029958
0.273143
-0.118886
0.078906
0.112746
0.173617
0.195478
-0.100145
0.168965
0.001916
0.067512
-0.234957
-0.068770
0.004522
0.225077
-0.053260
-0.029514
0.216297
0.020993
-0.103486
0.143603
0.013964
0.037980
0.058403
0.037504
-0.011383
-0.177427
0.043728
-0.066306
0.222417
0.095806
-0.183266
-0.217500
0.037340
0.053149
-0.169382
0.054025
-0.169168
0.182443
-0.035866
-0.036720
0.102304
0.244588
0.088403
0.093731
-0.052180
-0.268493
0.073552
0.203857
-0.133836
-0.106022
-0.086420
-0.029319
0.100269
0.094211
0.030608
0.128890
0.091356
-0.067013
-0.162764
0.136008
0.038794
-0.029177
-0.229512
-0.119121
-0.314980
-0.029421
0.027682
0.025017
0.000961
0.194256
0.160283
0.037579
-0.056615
0.100501
-0.013603
0.183259
-0.112087
-0.011408
0.055647
0.111704
-0.202552
0.004261
-0.259485
-0.066269
0.025355
-0.103117
-0.111758
-0.225632
0.089205
0.264311
-0.088090
-0.148309
-0.009729
0.055653
0.001166
-0.062171
-0.114611
-0.072999
-0.144378
-0.005400
0.023868
-0.244793
0.042286
-0.068566
0.072551
0.032355
0.274727
-0.109075
-0.258530
0.101212
0.010634
0.044492
0.088991
0.236032
-0.036099
0.029964
-0.002725
0.009977
-0.108505
-0.288965
-0.043048
-0.015049
0.038059
-0.034877
-0.167404
-0.079682
-0.018906
-0.086597
-0.243529
0.492476
0.291318
-0.068821
-0.071072
0.106968
0.068161
-0.111125
0.212011
-0.100750
-0.033830
-0.105070
-0.051472
0.215444
0.040088
0.111026
-0.082488
-0.230350
0.012637
0.064485
0.039250
-0.103310
0.239250
0.051244
-0.025493
-0.220704
0.379218
-0.001561
-0.042115
0.314442
0.031269
0.078386
-0.033704
-0.040831
-0.240347
-0.007814
-0.039148
0.028972
0.070714
-0.102302
0.394665
0.040878
-0.206671
-0.148401
0.129119
-0.005116
0.100202
-0.093861
0.084460
0.150312
0.094409
-0.092678
0.113331
0.147923
-0.049792
0.220368
0.017393
-0.173801
-0.256302
0.100391
0.188798
-0.140312
-0.289432
-0.165908
0.179110
-0.243370
0.001024
0.180154
-0.222805
0.037180
-0.146581
0.317983
-0.096996
0.076860
0.089541
0.058724
0.025337
-0.073644
0.228941
0.148337
0.017706
0.055074
0.137116
0.130873
0.082492
0.062444
-0.053079
0.101369
-0.020814
0.073304
-0.027181
-0.092743
0.115956
0.082780
-0.075354
0.224593
0.030119
0.165764
-0.006698
-0.012092
-0.057308
-0.209560
-0.088070
-0.039991
-0.151634
-0.118921
-0.031147
-0.198238
0.009234
-0.024051
0.021204
0.083949
-0.017424
0.090876
-0.090808
-0.199842
-0.056235
0.046937
0.065849
0.082169
-0.197210
-0.057232
-0.017409
-0.078633
0.259008
-0.014341
0.085200
0.107578
-0.200113
0.087616
-0.152547
-0.213084
-0.013946
0.156558
0.024522
-0.069005
-0.039671
-0.080613
-0.058593
0.166345
-0.123783
-0.018338
0.317066
0.219821
0.036491
0.088246
0.022583
-0.043915
-0.114673
0.052571
-0.202474
0.135378
0.090510
0.045348
-0.059869
0.203175
0.033710
0.011303
0.026454
-0.033788
0.048345
-0.101874
0.173585
0.128204
0.159674
0.127506
-0.110033
-0.194745
0.296146
-0.101234
-0.023444
0.095280
0.222042
0.016070
-0.162214
0.047292
-0.019306
0.060322
0.070174
-0.081222
0.133733
-0.019230
0.029523
-0.217193
0.179829
0.343893
0.139479
0.165782
0.066628
0.198802
0.230691
-0.112688
0.068143
0.123747
-0.082780
-0.010846
0.159653
0.095624
0.169077
0.240591
-0.030474
-0.004700
0.011990
-0.349428
0.240984
0.062388
0.038056
-0.026329
-0.002425
-0.043200
-0.039113
0.123177
-0.017059
0.136963
-0.258677
-0.095415
0.056291
-0.151922
0.005051
-0.026657
-0.052202
-0.053611
-0.046935
0.240264
0.024915
-0.045889
-0.121207
0.016875
-0.116285
0.184225
-0.066325
-0.234307
0.188202
-0.025137
0.139552
-0.072575
0.008494
-0.277026
0.072389
-0.002629
0.004830
0.106315
-0.093246
-0.195163
-0.041904
-0.036817
0.091818
0.125154
-0.074839
-0.014992
0.050352
0.106163
0.082330
0.113930
-0.088833
0.116042
-0.213760
0.382539
0.029063
-0.163657
0.100808
0.006079
0.249812
-0.107353
-0.088318
-0.062507
0.065222
0.007446
-0.046924
0.054092
0.016622
-0.119446
0.192257
0.145234
0.028690
0.113038
0.158169
0.017844
-0.051137
-0.111679
-0.211089
-0.218161
0.121252
0.022079
-0.163104
-0.004830
0.096379
0.039387
-0.142555
-0.051499
-0.042949
0.002030
0.066659
0.001931
0.021678
-0.226222
0.145209
-0.082745
-0.131422
0.102245
0.044547
-0.037532
0.141381
-0.120270
-0.165713
-0.346841
0.045197
0.029682
0.074144
-0.061983
-0.012123
-0.112329
-0.091662
0.216327
-0.152401
0.115836
-0.059667
-0.012935
0.031631
0.136973
-0.101423
-0.171185
-0.071635
-0.129974
0.061078
0.144761
0.272690
-0.078313
-0.121061
0.033406
-0.250279
-0.006344
0.245405
-0.009956
-0.089342
-0.027902
-0.041223
-0.178262
0.168495
0.090477
-0.049271
-0.042492
0.026816
0.039915
0.163509
-0.069968
0.035640
0.064898
-0.084452
0.069780
-0.054289
-0.113845
-0.018827
0.134399
-0.015717
-0.083114
0.198534
0.052814
0.285200
0.024809
0.143982
0.131841
0.039732
0.002896
-0.063519
0.180344
0.024604
0.127741
0.009822
0.002751
-0.130399
0.266987
-0.100956
-0.129149
0.160924
0.092155
-0.053379
-0.116320
-0.239219
0.077268
-0.155663
-0.001495
-0.136764
0.040159
-0.026695
-0.143685
-0.048898
0.105137
-0.032016
-0.077723
0.010295
0.166989
0.193405
-0.037573
0.034943
0.075139
-0.056780
0.141470
0.044851
-0.151246
-0.016526
-0.199557
-0.114953
-0.059147
-0.043598
-0.287477
-0.388505
0.091260
-0.182563
-0.063409
0.037857
-0.132110
-0.160478
0.147226
0.033115
0.240010
-0.163098
0.144792
-0.038575
-0.030836
-0.021132
0.185093
-0.195918
0.195043
-0.080341
-0.031954
-0.007806
0.049439
0.062481
-0.153435
0.199286
0.004309
0.194692
0.003185
0.180886
0.107473
-0.158952
0.033365
0.130904
0.120161
0.045721
0.100059
0.077322
0.104047
0.003244
0.055515
-0.030386
0.059785
-0.002397
0.070147
0.446970
-0.044238
0.137635
0.115748
0.085192
0.119260
0.099009
0.169714
0.272068
-0.024054
-0.055850
-0.069803
0.119763
-0.157074
0.152318
0.099006
0.153021
0.012892
0.003790
0.091765
0.039422
-0.060484
0.136338
-0.034691
0.044895
0.230621
0.039380
0.131001
0.226674
-0.063671
0.196751
-0.050698
0.118508
-0.102853
-0.056310
0.044176
0.198407
-0.148026
-0.088043
-0.136171
0.117471
0.038178
0.001149
0.219879
0.181438
0.124490
0.188000
0.145872
-0.102980
-0.072308
-0.134173
0.195301
0.158293
0.117431
0.101427
-0.108182
-0.074344
0.111026
-0.145290
-0.055425
0.114736
-0.113181
0.040902
-0.197090
0.112653
0.156680
-0.184669
-0.078506
0.125151
0.156969
-0.056989
0.012287
0.059538
0.052541
0.072451
-0.035799
0.045877
0.010951
0.242882
-0.112492
-0.047629
-0.116683
0.117153
-0.110606
-0.054522
-0.182232
-0.089666
-0.262367
-0.216183
0.017500
-0.087285
-0.097628
-0.018675
-0.287618
0.142682
0.080022
0.042195
-0.211227
-0.119328
-0.076645
0.184630
0.035578
-0.026478
0.038253
0.007198
-0.122146
0.000974
-0.034274
0.098091
-0.094876
-0.076632
0.034379
0.096441
0.273641
0.098831
0.051916
0.072464
-0.015815
0.088971
0.153789
0.039208
0.349252
0.008022
-0.120922
-0.126580
-0.246348
-0.293321
0.098030
0.147228
-0.035201
0.114759
-0.002554
-0.100504
-0.060530
-0.236893
0.083127
0.073839
0.144613
-0.190603
0.168349
-0.172952
-0.152274
0.033421
0.000246
0.081170
0.158710
-0.216748
0.018495
-0.120617
-0.123578
0.015359
-0.018378
0.091184
0.103330
-0.152174
0.247760
-0.245557
0.329765
0.032152
0.084504
-0.070677
0.058100
-0.005696
-0.328951
-0.170561
0.055816
0.005295
-0.129462
0.126843
-0.011280
-0.064561
0.029075
0.119941
-0.051525
-0.146868
-0.096339
-0.069314
-0.248446
-0.142027
0.181811
-0.007859
0.007730
-0.158723
0.098446
0.056666
-0.264698
0.003195
0.045005
-0.085328
0.120681
-0.109866
-0.015845
0.028757
0.056834
0.176559
0.199225
0.200432
-0.030865
-0.103160
-0.247264
0.033552
-0.226016
-0.174283
0.061096
0.138681
-0.023310
-0.051371
-0.012834
0.115036
0.036444
0.029722
-0.172346
-0.078555
0.004308
0.184344
-0.042486
0.128809
-0.195655
-0.115171
0.055624
-0.098631
-0.000512
0.134696
-0.026698
-0.006060
0.454086
0.076247
-0.078301
0.171270
-0.227884
0.037916
0.049512
0.061977
-0.182130
-0.124707
-0.142638
0.053410
0.199671
0.341266
-0.019456
0.133301
0.104754
0.205600
0.117884
0.199846
-0.046639
0.013560
0.004286
0.043996
-0.018944
0.064548
-0.033570
0.201950
0.039080
0.017568
0.138119
-0.099381
0.001249
0.008834
0.095077
0.060604
0.068827
0.048314
0.080679
-0.055598
0.021568
0.119169
-0.073932
0.378801
-0.224195
0.085824
-0.091788
0.122146
0.057355
0.154971
0.160021
-0.023836
-0.238510
0.001061
0.081853
0.063395
-0.006441
-0.164281
-0.026842
-0.073727
0.174082
0.015915
0.126215
0.210822
-0.150691
-0.211845
-0.025861
-0.103247
-0.097645
-0.101347
-0.175909
-0.047429
-0.007111
0.276002
0.055875
0.200113
0.073096
0.070353
-0.080515
-0.039185
-0.172208
-0.048435
-0.057434
-0.091842
0.054322
-0.038308
-0.059362
-0.073179
0.171453
-0.021580
0.162658
-0.163127
-0.097878
-0.123300
0.133700
0.101391
-0.072110
0.063740
0.096109
-0.146163
0.064628
-0.180972
0.168150
0.144216
-0.016702
0.044219
0.070241
-0.066459
-0.157019
-0.245631
0.091297
-0.088756
-0.125076
0.080901
0.004662
0.010736
-0.009297
0.025344
0.074256
0.138759
0.064977
-0.201695
-0.047943
0.011319
-0.043309
0.100757
-0.020308
0.153172
-0.190730
0.135280
0.070734
-0.249809
0.250505
0.111630
0.039465
-0.399303
-0.050398
-0.108430
-0.026337
-0.053947
0.187265
-0.003070
0.080414
0.180209
-0.110927
0.281288
0.084740
-0.003080
0.269174
0.152212
-0.030822
0.177975
-0.057299
-0.050589
-0.121584
0.025208
-0.031014
0.371121
0.026786
0.013909
0.022684
0.108008
0.056563
-0.171390
-0.096791
-0.086996
0.003674
-0.237141
0.132382
0.023816
-0.157231
0.037358
0.004971
0.128236
0.040757
-0.174373
0.155230
0.064266
0.119081
0.229417
-0.015613
-0.238617
-0.006621
-0.035524
-0.047244
-0.467033
-0.262627
0.284365
-0.036714
0.110996
-0.077266
-0.180178
0.036085
-0.219169
0.195331
0.107844
-0.042273
0.041619
-0.032277
0.161417
-0.022442
0.063390
-0.215451
0.031770
0.166453
-0.053695
-0.031359
0.260763
-0.291991
-0.012636
0.057601
-0.309730
-0.094814
-0.021027
-0.031791
0.061386
0.091256
-0.026430
-0.063640
0.073544
0.085277
0.467957
0.016352
-0.023921
-0.234593
-0.134360
-0.094956
-0.201282
0.058443
-0.038722
0.007928
0.018998
0.082513
0.318292
-0.144091
-0.195997
0.149517
0.155597
0.087572
-0.124613
0.087219
-0.110332
0.039109
0.087756
0.065642
-0.046818
0.093430
0.255465
-0.187918
-0.060478
-0.123054
0.176932
-0.042447
0.186559
-0.183024
0.124446
-0.131046
-0.175972
0.039455
0.128017
-0.128273
-0.082798
0.081461
0.157301
-0.058687
0.120766
-0.022800
0.060871
-0.192877
-0.038283
0.013955
-0.165372
0.118275
-0.127237
-0.067751
-0.225449
-0.026695
-0.137419
0.053038
-0.070444
-0.296346
0.225951
0.007614
0.065420
-0.087899
-0.003220
0.086746
0.066592
-0.024150
-0.063901
-0.006639
0.094653
-0.133437
-0.064272
-0.026385
-0.016544
0.015421
0.097694
0.071248
-0.162360
-0.134244
0.125312
-0.085660
-0.186307
0.047426
0.111702
0.036288
0.294070
0.019723
0.026469
-0.051452
0.157932
-0.061067
0.259510
0.032981
-0.040974
0.081353
-0.000745
-0.158255
-0.226343
0.245966
-0.187205
-0.012746
0.095716
-0.035929
-0.009316
-0.382400
0.040516
-0.162269
0.041027
-0.062415
-0.028857
0.071332
-0.030005
-0.256617
0.155634
0.033576
-0.191997
-0.149808
-0.005189
-0.042521
0.146799
0.055545
0.040313
0.302525
-0.036202
-0.125192
-0.198158
0.079032
-0.301258
0.047344
0.096182
0.206333
0.056319
-0.178472
0.071805
0.043661
-0.107456
-0.202272
0.222553
0.129958
0.012302
0.025811
0.084541
-0.037308
0.259038
0.103207
0.207855
-0.126662
-0.299799
0.043398
-0.129064
-0.235618
-0.207054
-0.138584
0.145007
-0.051586
0.143043
-0.058252
0.173535
-0.175092
-0.015630
-0.188494
-0.068492
-0.108346
0.051150
0.021958
-0.329127
0.003310
0.078443
0.024117
-0.073260
-0.289607
-0.135832
-0.298672
-0.129758
0.128085
0.225479
-0.077175
0.108436
0.122484
-0.146615
-0.059881
-0.125294
-0.048543
-0.101109
-0.114857
0.050720
-0.075621
-0.049970
0.252114
-0.022733
-0.266300
0.332666
-0.078812
-0.140321
-0.077985
-0.040160
-0.148705
-0.188861
-0.278052
0.152065
-0.069964
-0.148129
-0.107799
0.204182
-0.084135
0.121294
0.136873
0.000211
-0.019468
-0.056969
-0.309598
0.130759
0.134393
0.065729
0.514526
-0.036227
-0.152201
0.042099
-0.093425
0.296603
0.048147
-0.277312
0.016084
0.022780
-0.204784
-0.003338
-0.146787
0.067990
0.261103
-0.035045
-0.082398
0.264602
-0.067303
-0.047048
-0.181581
0.228535
0.041058
-0.164456
-0.220041
0.101653
-0.087953
0.070518
-0.131478
-0.143233
0.162334
0.079670
-0.150655
-0.160406
-0.183545
0.042589
-0.147970
0.068202
0.010476
0.173329
0.025385
0.233928
0.102479
-0.061506
0.029202
-0.119832
-0.183735
0.077134
-0.022997
-0.045186
-0.105483
-0.162156
-0.037211
0.120375
0.253591
-0.064488
-0.098765
-0.175944
0.045135
-0.204837
-0.061064
-0.015477
0.134830
0.042018
0.067510
-0.164958
0.106246
0.090431
-0.015714
-0.050100
0.105063
0.029697
-0.040945
0.173949
0.216667
-0.036025
-0.198868
0.045608
0.185012
0.041809
0.107354
0.157815
-0.104646
-0.169265
-0.107096
0.098351
0.079644
-0.152658
-0.059937
0.036114
-0.067516
0.044414
0.055239
0.159030
-0.059727
0.026572
0.058110
0.113589
-0.018763
-0.165342
-0.169218
-0.070112
0.078102
-0.015934
-0.027098
-0.050677
-0.032002
0.147666
0.108497
0.049125
0.209626
0.177727
-0.088104
0.179765
-0.041491
0.116286
-0.039482
0.231261
-0.173915
0.032664
0.149044
0.186811
-0.283675
-0.069929
0.113135
0.123102
0.208231
-0.186254
0.016288
0.045061
0.280253
0.096497
0.020885
-0.028384
0.117511
0.059908
-0.255129
-0.030427
-0.147512
-0.058632
-0.000933
0.084302
0.105914
0.152579
-0.094614
-0.177871
-0.082964
-0.019477
0.066043
-0.141709
0.234452
0.104294
-0.042236
0.083417
0.272036
-0.186581
0.178206
0.212106
-0.082041
-0.375599
0.059073
-0.047012
-0.027778
-0.238822
0.258732
0.171612
-0.162940
-0.062888
0.042883
-0.007514
-0.036981
0.183165
0.113042
-0.173708
-0.052642
-0.029882
0.195842
-0.036538
-0.164711
0.252363
-0.077351
-0.130632
0.019532
0.043043
-0.078065
0.185284
-0.204933
-0.039106
-0.182480
-0.090637
-0.045849
-0.001257
0.124818
-0.090580
-0.037593
-0.225318
-0.072289
-0.094998
-0.019625
-0.376831
0.158016
0.043761
0.068237
-0.014254
0.016836
0.051452
0.001107
-0.016367
0.265660
0.093599
0.040410
0.084864
0.035465
-0.057491
-0.144839
0.176040
0.012122
-0.071461
-0.196483
-0.196650
-0.277493
-0.107784
-0.204126
-0.025533
0.070451
0.172920
0.022453
-0.020941
0.134600
0.266246
0.006676
-0.197552
-0.176186
-0.314205
0.130505
-0.184524
0.063723
-0.086619
0.035069
0.053887
0.053335
-0.049020
0.101877
-0.070563
0.253888
0.012939
-0.116259
0.041333
-0.112918
-0.013911
-0.077596
0.039737
-0.244328
0.051134
0.053935
0.085588
0.039460
-0.115766
-0.085771
0.126497
-0.240208
-0.065565
-0.044383
0.222547
-0.012785
0.022060
-0.045436
0.083141
0.009981
-0.150007
-0.066079
-0.016381
-0.165205
0.084913
-0.119074
-0.167687
-0.045643
-0.176249
-0.048725
0.014018
0.251398
0.136856
0.060539
0.071514
-0.052811
0.094941
0.013957
-0.079843
-0.126021
-0.147428
0.124604
0.052004
0.271243
-0.116589
0.143547
-0.002742
0.125242
0.102385
-0.201501
0.225307
-0.269409
-0.034268
0.056680
0.063904
-0.180955
-0.129484
-0.097206
-0.376993
-0.051200
-0.101242
-0.059113
-0.059469
-0.121496
0.071210
-0.031003
-0.011302
-0.093016
0.181204
0.183058
0.039251
-0.043171
-0.060227
0.254681
-0.099618
-0.054517
0.023579
-0.108554
0.090902
0.025114
0.058597
-0.017032
-0.001079
-0.288560
-0.171866
-0.362753
0.106231
-0.048697
0.162113
0.017000
-0.171577
0.061891
-0.226317
-0.004850
0.054367
0.227623
0.013787
0.000862
0.067326
0.109954
-0.022325
0.032990
0.216707
0.043365
-0.059361
0.132027
0.154989
0.073124
0.217382
-0.064191
-0.059648
-0.070409
0.102854
-0.250794
-0.058416
0.008333
0.141326
0.169199
0.172515
0.054242
-0.042030
0.053561
0.071312
-0.073118
-0.023565
-0.076460
-0.117030
-0.150579
-0.226963
-0.051779
0.186102
-0.195069
-0.232675
0.113239
0.070470
0.034670
-0.028159
-0.161204
-0.063334
0.026425
0.133666
0.122552
-0.025023
-0.004195
-0.131088
-0.166179
0.049192
0.055971
-0.025478
-0.179575
0.158743
-0.049935
0.186819
-0.194707
-0.135005
0.029972
0.064752
0.119951
-0.024616
-0.333206
0.096322
0.066106
0.056785
0.099850
0.142176
-0.065417
-0.109457
-0.075752
-0.021254
-0.000670
0.067142
0.142310
-0.078224
-0.157451
-0.045661
-0.218885
0.191690
0.156533
0.170394
0.257882
-0.062696
0.007914
-0.149296
0.033070
0.029664
-0.093583
0.000452
-0.180379
-0.072787
0.222701
-0.174703
0.120914
0.056272
-0.273027
0.172640
-0.035296
0.208375
-0.296257
-0.087591
-0.018821
0.191527
-0.127716
0.009679
0.000864
-0.142619
-0.306621
-0.095716
0.059423
0.149567
0.143234
0.171515
-0.183370
0.312013
0.081663
0.018362
0.257019
0.146945
0.035609
-0.078736
-0.115517
-0.018133
-0.202281
0.116008
-0.090925
0.103130
0.005953
0.067530
-0.005212
-0.008380
-0.258219
0.096443
0.118323
0.014373
-0.169526
0.107297
0.204054
0.166414
-0.107783
-0.023778
0.023167
-0.113973
0.005536
-0.023152
-0.153412
0.035443
-0.145035
-0.070251
-0.348132
-0.145133
0.231855
-0.286567
-0.104712
0.137138
0.039339
0.217946
-0.010954
-0.066378
0.124147
-0.110240
-0.064116
-0.013211
-0.048364
0.110059
-0.087283
0.120311
0.009405
-0.108385
0.012099
-0.130709
0.213468
-0.061378
-0.073551
-0.308643
-0.036751
-0.011837
-0.002854
0.134849
0.150589
-0.183385
0.138026
-0.093821
0.037146
0.057716
0.022955
-0.097271
-0.086095
0.305617
0.160949
-0.124672
-0.250775
-0.412508
0.097177
-0.032936
-0.023340
0.240189
0.091291
-0.069431
-0.142745
-0.278173
-0.078513
0.042090
-0.076005
0.213969
0.071976
-0.159861
0.065831
-0.045577
-0.242983
-0.011098
0.001247
-0.087796
-0.192950
0.286708
0.003108
-0.152796
0.075875
-0.069246
-0.030704
0.006973
0.141066
0.133577
-0.150595
-0.136995
-0.054388
0.340559
0.201492
-0.233471
0.023117
-0.115071
0.231705
0.114674
0.108340
0.105200
0.007096
0.038992
-0.088213
-0.107318
-0.242629
0.290461
-0.079589
-0.094983
0.001240
-0.047148
-0.095445
0.040208
0.119787
0.243511
-0.088819
-0.094202
-0.510217
-0.041485
0.014645
0.098756
-0.200214
-0.167533
0.041135
0.096905
0.336381
-0.046109
-0.166197
-0.054041
0.069304
-0.035971
0.082494
0.067174
-0.084199
-0.213406
0.229790
-0.032081
-0.135287
0.046063
-0.020494
0.119360
-0.008342
-0.011812
0.120637
-0.158688
-0.174747
-0.074241
0.007122
-0.063407
-0.167125
0.018818
-0.091921
-0.011709
-0.079034
0.053510
0.264791
0.127489
0.033472
-0.121459
0.185750
-0.020550
-0.052970
-0.332881
0.038145
-0.118513
-0.019956
0.291091
-0.128137
0.107341
0.066204
-0.187893
0.017399
0.044081
-0.193544
0.124368
0.048360
-0.188536
0.120259
-0.036699
0.035151
0.004060
0.099660
-0.176441
-0.015033
-0.052089
0.078556
-0.178735
-0.022582
0.283663
0.147553
-0.075886
-0.145532
-0.155659
0.149800
-0.171591
0.098279
-0.271264
0.217237
0.121956
-0.014912
-0.120553
0.035773
0.189106
0.073648
0.224781
0.178006
0.081444
-0.051085
-0.101429
-0.103612
-0.292599
-0.063046
-0.098989
-0.078126
-0.058695
-0.128388
0.186705
0.004664
-0.059910
-0.109572
-0.090190
0.081087
-0.020533
-0.032876
-0.044901
0.010542
0.037806
0.124621
0.114690
-0.062574
-0.086712
0.157564
-0.094437
0.134481
-0.261358
-0.206392
0.111696
-0.004531
-0.023647
0.027446
0.163663
0.137332
-0.052082
-0.098172
-0.057385
-0.045874
0.016405
0.027976
-0.072648
0.214929
0.172197
-0.005230
0.029774
-0.019116
-0.023647
0.101910
-0.119715
-0.036285
0.147247
0.049261
0.160447
0.091695
-0.120314
0.071946
-0.178208
-0.481047
-0.055952
-0.254692
0.236779
-0.137679
0.083393
-0.048175
0.019674
-0.152189
-0.343725
0.006333
-0.013385
0.184546
-0.151637
0.064960
-0.098890
0.031833
0.015753
-0.081488
0.133702
-0.063149
0.111750
-0.134062
0.046631
-0.024248
-0.002758
0.120249
0.128431
0.036226
0.074316
-0.040278
0.053436
-0.220400
0.012913
0.151900
0.076767
0.024301
-0.030450
0.105457
0.020614
0.270264
0.111157
0.116374
-0.017589
0.158273
-0.065596
-0.007525
0.175399
-0.031820
-0.073423
0.152787
-0.170953
-0.127568
0.130284
0.089038
-0.190611
0.139585
0.192589
0.209576
-0.091828
-0.152411
-0.135658
-0.197569
0.043948
-0.063592
0.059089
0.110666
-0.156437
-0.242076
0.076822
-0.296294
-0.029982
-0.032599
-0.129248
0.237769
0.085318
0.023295
-0.189839
0.085391
-0.056601
-0.031370
-0.219515
-0.030761
0.008473
-0.064495
-0.110859
-0.031644
-0.017190
0.172778
-0.144870
-0.125406
0.108139
0.089567
-0.008255
0.116196
-0.166829
-0.115816
-0.071498
-0.254484
0.182604
0.128331
-0.305684
-0.096366
-0.109391
0.004505
-0.138419
0.034370
0.129276
0.121947
0.175313
-0.309678
-0.192149
-0.028909
0.038728
-0.119292
0.102170
-0.061488
0.029439
0.071605
0.194847
-0.106755
-0.048034
-0.104806
0.162807
0.110967
0.243606
-0.033574
0.116114
0.002086
-0.053341
0.180766
-0.065358
0.167215
0.101111
0.240576
-0.269380
0.255768
0.077231
0.224000
-0.007024
-0.033699
0.073107
0.120206
-0.138309
0.356593
0.085361
0.044377
0.118947
0.129499
0.020122
-0.159265
-0.209598
-0.009406
0.109456
-0.019035
0.073915
-0.031237
-0.027424
0.060933
0.087560
0.184102
0.173591
-0.112586
-0.168860
-0.183582
-0.186986
0.211921
-0.064615
0.056946
-0.241101
0.081593
0.116094
0.124510
0.182397
0.009321
-0.020970
-0.052875
-0.158231
-0.011674
0.037615
0.136777
-0.096844
0.082415
0.101469
-0.078979
-0.009256
0.255112
-0.080798
-0.031269
-0.057592
-0.104025
-0.300522
0.165885
0.015461
0.030860
0.083510
-0.097392
0.124515
0.133119
-0.079422
0.178526
0.105912
0.169045
0.071531
-0.206413
0.027221
0.092721
0.034313
-0.194602
0.108811
0.066170
0.013610
0.052031
0.012247
-0.255169
-0.008774
-0.266586
-0.019424
-0.025176
0.122745
0.132258
0.008084
0.052231
-0.214954
-0.066399
-0.080633
0.074534
-0.057449
0.122079
0.121277
0.294956
-0.028690
0.305912
-0.050795
0.103223
0.165362
-0.199208
0.132528
0.117671
0.053775
-0.024342
-0.042505
0.013553
-0.018285
-0.025555
-0.105608
-0.079097
0.027717
0.061822
-0.133258
-0.052359
-0.082907
-0.040796
0.004487
0.029775
0.196034
-0.173243
-0.037173
-0.025154
0.148115
-0.381136
-0.020150
-0.161520
0.189938
0.002468
-0.087106
-0.041136
0.037733
-0.009290
-0.131967
0.139872
-0.050001
-0.136727
0.219110
-0.167658
0.019331
0.055437
-0.121672
-0.289615
-0.016669
-0.124228
-0.065555
0.139864
-0.078126
-0.055673
-0.100958
0.073350
-0.274168
0.089175
0.130489
0.031218
0.132044
-0.126389
0.054525
-0.063395
0.002011
-0.078029
0.104233
-0.016426
0.167856
-0.033264
0.127128
-0.115284
0.030997
0.148174
0.013024
-0.213013
-0.363005
-0.063838
0.027289
0.137672
-0.204414
-0.031016
0.230319
-0.105809
-0.041287
-0.089040
0.036631
0.243594
0.024856
0.075280
-0.022215
-0.014687
0.021566
-0.034848
-0.008525
-0.042499
0.012715
0.067296
-0.012296
-0.106390
0.020593
0.153753
-0.036649
-0.017876
0.053176
0.064140
0.132327
0.050045
0.235274
-0.043295
0.076606
0.163171
0.010739
-0.015978
0.004369
-0.058642
0.127534
-0.032286
-0.164254
0.086838
-0.066596
0.055585
0.158048
0.085349
-0.005815
-0.059349
0.041933
-0.053471
-0.040981
-0.312699
-0.072096
-0.130410
0.149293
0.098995
-0.094763
0.267752
0.017311
0.097873
-0.192259
-0.069075
0.161631
0.147416
-0.031475
-0.006255
-0.111064
0.025048
-0.023214
0.026834
-0.307271
0.198902
0.098412
0.116247
-0.108670
0.123268
-0.021872
-0.111499
0.236913
0.214826
-0.058908
0.140106
0.195328
-0.160760
0.141055
0.042916
0.070729
-0.096229
-0.059899
-0.056140
-0.013357
-0.285318
0.097473
-0.000496
-0.092535
0.060765
0.074778
-0.104585
-0.192950
-0.073476
0.176883
-0.084308
0.149583
-0.029485
0.120491
-0.065039
-0.097399
0.177398
-0.065758
-0.128691
-0.396249
-0.051468
0.078812
-0.057661
-0.065260
-0.227865
0.203123
-0.189969
-0.214440
-0.307036
0.136973
-0.081563
-0.063926
0.006778
-0.005946
0.372243
0.149633
-0.113884
0.063835
0.128407
0.057118
0.019715
-0.188475
0.010373
-0.125835
-0.011090
0.083499
0.068603
-0.204081
-0.000956
-0.108854
-0.010303
0.114395
-0.215119
-0.408259
-0.253022
0.205556
0.211569
-0.085149
-0.007168
0.039094
-0.018407
0.133478
-0.038051
0.123864
-0.003144
-0.004551
-0.077755
-0.186173
-0.142864
0.202382
0.262703
0.026844
0.106850
0.138315
0.248981
-0.097051
0.143644
0.118424
0.061333
-0.071690
-0.190422
-0.023291
-0.225621
0.004262
-0.038498
-0.198031
0.112395
-0.089461
-0.123055
-0.147309
-0.095797
-0.078364
0.083535
-0.007756
0.204738
0.136563
0.029234
-0.305806
-0.002543
-0.006713
0.031713
0.285540
0.119621
0.002222
-0.146105
0.176608
-0.187264
-0.106935
0.130713
-0.164956
0.165548
0.017980
-0.024691
-0.106972
0.059787
-0.247754
-0.078606
-0.025705
-0.122017
-0.050046
0.012571
-0.107364
-0.106606
-0.179261
0.107085
-0.301575
0.079951
0.192561
-0.068569
0.143495
0.104934
0.117497
-0.033780
-0.167159
-0.261365
0.049285
-0.007134
-0.291846
0.150494
0.109255
-0.174636
-0.053202
0.041867
0.016120
0.055778
0.021105
0.083425
0.049729
-0.027642
-0.049721
0.045608
-0.169280
-0.218532
0.078010
0.113514
-0.068783
0.292941
-0.136115
-0.013595
-0.095459
0.070642
-0.016346
0.120707
-0.210340
-0.115473
-0.007883
0.012567
-0.110035
0.099883
0.195458
-0.120713
-0.206901
-0.037770
0.083479
0.081328
-0.112660
-0.135077
0.127615
-0.012345
0.008832
0.031325
-0.004140
0.061955
0.094667
-0.064798
0.058525
0.037428
0.134213
-0.074976
-0.223275
-0.080053
-0.078730
0.275915
0.048241
-0.238924
-0.120690
0.142536
0.091508
0.069783
-0.102448
-0.060522
-0.020689
-0.021609
0.079968
0.160815
-0.106378
0.061744
0.143550
0.051497
-0.070559
-0.118848
0.124453
0.075517
0.250541
-0.147940
-0.049658
0.035460
0.016289
0.074996
0.243183
-0.003272
-0.080885
0.090325
0.265965
0.009442
-0.121051
-0.028797
-0.187500
0.153609
-0.025405
-0.036305
0.158984
0.119915
0.087111
0.169048
-0.291001
-0.051606
-0.256899
0.139642
0.014935
0.057555
-0.151236
-0.017796
0.016681
-0.096055
0.000961
-0.001430
0.364997
0.091890
-0.060611
-0.009035
-0.040966
-0.122217
-0.052795
-0.081747
-0.094801
0.071063
0.094491
-0.176644
-0.035574
-0.136020
0.088691
-0.084599
-0.119924
-0.101742
0.064182
-0.026678
0.157120
-0.046118
-0.211880
-0.078225
-0.070958
-0.226585
-0.295660
0.090580
-0.054134
-0.100620
0.011696
0.018220
-0.023801
-0.095074
0.150869
0.016501
-0.077145
0.181586
-0.052556
-0.133310
0.055744
-0.066265
-0.042373
-0.139712
-0.051423
0.141176
0.026713
-0.124348
-0.214726
-0.022308
0.226360
-0.145398
0.197933
-0.229193
0.041523
0.071586
0.182779
-0.226778
-0.012977
0.108137
-0.198618
-0.002609
-0.000392
0.158312
-0.011120
0.210252
0.151559
0.062316
-0.123509
0.015622
-0.085796
-0.034558
0.213532
0.065673
-0.136627
-0.105601
-0.171151
-0.074070
0.101115
0.068945
-0.072764
-0.027056
0.001959
0.107714
-0.051372
-0.097758
0.192720
0.064103
-0.099724
-0.013877
0.086737
-0.104800
-0.086334
-0.266363
-0.173089
-0.138996
0.140726
0.110720
0.239393
0.114388
0.144925
-0.093050
0.024043
-0.014153
-0.113144
-0.280929
0.019674
-0.131611
-0.131955
-0.020682
0.004831
-0.045191
0.190765
0.050413
-0.167772
-0.028908
-0.141624
0.052816
-0.001973
0.167909
-0.042497
0.156429
0.176955
-0.298622
-0.119368
-0.170835
-0.138991
-0.046410
-0.196343
0.028598
0.101178
-0.265936
-0.179164
0.019581
-0.172429
0.283834
-0.116444
-0.010772
-0.075808
0.201446
0.297724
-0.083487
0.104473
0.132990
-0.191029
0.121120
0.061704
-0.104406
0.100628
-0.316415
0.222077
-0.175852
0.008471
-0.148419
-0.064811
-0.115325
-0.063336
-0.064748
-0.208804
0.104670
0.147676
-0.109728
0.171023
0.124178
0.005315
-0.001891
-0.066747
0.209534
-0.171977
0.002536
-0.041435
-0.021769
0.220956
0.085674
0.246628
0.218748
0.014461
0.087263
-0.072805
0.037956
0.009101
-0.014420
0.072006
-0.136291
0.174530
-0.000881
0.023394
-0.107689
-0.121417
0.300548
-0.036952
0.019738
0.198466
-0.152494
0.106275
-0.250531
0.046607
-0.177383
0.123848
-0.281643
-0.204881
0.370362
0.099481
-0.115887
-0.027499
0.110128
0.183526
0.052079
-0.118447
0.013401
0.076272
0.227142
-0.065364
0.093779
-0.130047
0.072033
0.052406
-0.170950
-0.072210
0.179616
0.048198
-0.373952
-0.161495
-0.019583
0.252312
0.341910
-0.325949
-0.061722
-0.259156
-0.202957
0.110340
-0.173089
0.284902
-0.142710
-0.328687
-0.031159
-0.147953
-0.084776
-0.030825
-0.000545
0.000490
0.263400
0.319225
-0.047398
0.139181
-0.011679
-0.005506
-0.161792
-0.119119
0.076060
-0.234432
-0.163387
0.257598
0.147214
0.112091
-0.028844
-0.012713
0.175545
0.029755
0.071964
0.069721
0.007437
0.071704
0.111724
0.350029
0.077823
0.033513
-0.087506
0.081185
-0.006856
0.006297
-0.105589
-0.164792
-0.091884
-0.039219
-0.047569
-0.090105
0.118703
0.039478
-0.151335
-0.006402
0.014282
-0.107174
-0.031123
0.031310
0.168185
0.112901
0.034283
0.130265
-0.099262
0.079958
-0.062634
0.053783
0.084499
0.091488
0.119069
-0.013140
0.033284
-0.110202
-0.031842
-0.260243
0.046493
-0.009377
-0.120054
0.099396
-0.187288
0.052303
0.024991
-0.191222
-0.051295
0.015431
0.020279
-0.256190
0.085803
0.068983
0.034892
0.015328
-0.107310
0.107329
-0.150021
0.113209
-0.185306
-0.375646
-0.078640
0.065061
-0.001149
0.260656
0.163870
0.040362
-0.205177
-0.062749
-0.034294
0.066333
0.205439
-0.012350
0.005014
0.084940
-0.197048
-0.079756
-0.126930
-0.142815
0.140745
0.035110
-0.034057
-0.023699
0.133854
0.008283
0.027789
0.416379
0.041982
-0.009183
0.110810
-0.141709
-0.216295
-0.127950
-0.282050
0.082071
0.078088
0.128412
-0.010693
-0.055412
0.059591
-0.244890
0.200635
0.028855
0.176409
0.104121
0.083843
-0.210541
-0.047289
0.153174
-0.194856
-0.040400
-0.164185
-0.014989
-0.291551
0.086345
-0.035220
0.089657
-0.168583
0.027269
-0.042057
-0.126320
-0.097876
-0.001179
0.053284
0.156395
0.250790
0.093040
0.058388
-0.105837
0.096485
-0.148017
0.018223
-0.087675
0.053691
-0.159447
-0.074141
-0.206059
0.155953
0.311280
-0.076889
0.045223
-0.118538
-0.093488
-0.253986
-0.184763
0.065092
-0.079836
0.016340
-0.205803
0.005428
0.156838
0.158969
0.140574
-0.113758
-0.121921
-0.013561
-0.170042
-0.280393
0.075595
0.198549
-0.067201
-0.204883
0.114667
0.133283
-0.035927
-0.035918
0.024054
-0.119077
0.021165
0.003033
0.146819
-0.019110
-0.052709
0.155915
-0.140927
-0.060982
0.030223
0.008099
0.009432
-0.014080
0.094059
-0.110818
-0.031889
-0.070333
-0.182427
-0.176831
-0.013961
-0.003165
-0.069430
0.117489
-0.098850
-0.121999
-0.117348
-0.033599
-0.230111
-0.103080
-0.059234
0.196728
0.076269
0.121510
-0.035188
-0.101605
-0.077377
-0.039267
0.017761
0.022404
-0.096607
0.164958
0.097562
-0.028601
0.024446
0.326142
0.068409
-0.075304
0.225723
-0.225684
-0.151230
0.118697
-0.010676
-0.197194
-0.016001
0.080330
-0.059451
0.016054
-0.115747
0.126230
-0.139627
0.015161
-0.105723
-0.220350
0.097464
-0.068622
-0.071637
-0.222047
-0.075896
0.109970
-0.146763
0.155806
-0.140358
0.060768
-0.236125
-0.091650
-0.021724
0.159820
0.238569
0.070089
0.189882
0.213673
0.023027
0.286041
0.222567
-0.121515
0.141354
0.015785
-0.002114
-0.051609
-0.036238
0.058286
-0.069676
0.105016
-0.072046
0.077803
-0.033677
0.099207
0.083885
-0.079945
0.016859
0.031522
-0.118682
0.219876
0.024396
-0.040476
0.139097
0.035446
0.168106
-0.007652
0.083492
0.074618
-0.183867
-0.146496
0.108472
-0.072513
0.044473
0.166831
-0.068036
0.022288
-0.075066
0.195952
-0.006253
-0.039903
0.039859
-0.062552
-0.195765
-0.123946
-0.148060
-0.246254
0.225447
-0.172199
-0.306033
0.043909
-0.056896
-0.088306
-0.189554
0.178710
-0.113196
-0.044992
0.054271
0.127634
0.243196
0.165896
0.144592
0.102678
-0.019931
0.096306
0.102032
-0.082773
-0.084246
0.031801
-0.166830
-0.208264
0.032798
-0.106799
0.239478
-0.020708
0.086787
0.084870
-0.387406
-0.004666
-0.045747
0.088644
-0.097950
-0.104926
-0.239661
0.072252
-0.092756
-0.089521
0.035200
0.197245
0.047501
-0.016600
0.023726
-0.140406
-0.036930
0.027394
0.003164
-0.225470
-0.039929
0.195424
0.104200
-0.089704
0.140081
0.172361
-0.146537
-0.083129
0.083056
0.064709
-0.072165
0.143348
-0.117466
0.077554
0.019205
0.016434
-0.174149
-0.054077
-0.021468
-0.008381
-0.242352
-0.239351
-0.041788
0.072544
-0.120284
-0.208579
-0.033408
0.048158
0.043402
0.144577
-0.074042
-0.199097
-0.104582
0.025982
-0.016339
-0.209248
-0.082581
0.012759
-0.045100
-0.066452
-0.002015
0.015309
0.097038
0.190883
0.181896
-0.200560
-0.229050
-0.273586
-0.056329
-0.145297
-0.015054
0.207689
0.137644
0.202167
0.001889
0.103219
-0.218051
-0.003168
-0.005435
-0.115462
-0.071543
-0.055659
-0.058265
0.113486
-0.108732
-0.154963
0.238605
-0.187615
-0.030712
0.020512
-0.026796
0.011230
0.148589
-0.074388
0.081486
0.084279
-0.025312
-0.072315
0.172321
0.102020
0.083888
-0.035337
-0.109305
-0.046516
-0.000108
0.163985
0.071623
-0.152199
0.083342
0.149582
-0.216619
0.082752
0.020482
0.134710
-0.098151
0.026774
-0.027153
-0.136040
-0.070189
-0.058341
0.091733
-0.118238
-0.006478
0.239398
0.105958
0.144629
-0.058235
0.077335
0.000194
-0.013015
-0.162576
0.067730
-0.107237
0.045519
0.310018
-0.094223
-0.054831
0.007731
0.079757
0.076445
0.172178
-0.157245
0.045431
-0.004991
0.102680
-0.193441
-0.047265
0.273407
-0.071053
0.109505
0.234335
0.045686
0.002297
-0.119716
-0.098543
0.145168
0.027807
-0.003772
-0.009085
0.014658
-0.036912
-0.132571
0.263386
0.027939
0.057032
-0.028444
-0.067611
0.070408
0.063194
-0.162211
-0.181337
0.027145
0.089956
-0.137279
0.096247
0.171449
0.166122
-0.074681
0.138553
0.003913
-0.141303
0.202937
-0.087635
0.124229
0.230081
-0.025284
-0.047795
0.195345
-0.222419
-0.073709
0.024575
0.015063
0.139556
-0.032749
-0.159571
-0.127678
-0.034953
0.026412
-0.024827
-0.103031
0.303728
0.229374
-0.115748
0.207252
-0.011292
-0.147700
-0.072623
-0.137580
0.031227
0.061412
0.021182
-0.141491
-0.089104
0.047134
0.056889
0.359016
-0.072580
0.112436
0.160572
-0.128843
-0.001321
0.138620
-0.068251
-0.214248
0.097720
-0.239678
0.296266
0.273504
-0.191686
-0.083364
-0.044447
-0.199235
-0.126075
0.043627
-0.023848
0.034141
-0.018364
-0.132344
-0.131981
-0.172262
0.110318
0.032661
0.200872
-0.036691
-0.075848
0.134516
0.026413
-0.108582
0.026888
0.242616
0.029670
0.092982
0.146399
0.193533
-0.104907
0.255525
-0.182560
0.175678
-0.110753
-0.122705
0.140467
-0.182162
0.163173
-0.131183
0.175957
0.262325
0.145029
0.099977
0.114485
-0.019645
0.070128
0.095330
0.200851
0.201003
-0.127412
0.026354
0.118710
0.063474
-0.032670
-0.103023
0.239240
-0.040657
0.165178
0.079927
0.085202
0.107943
0.046355
-0.520735
0.071926
-0.002977
-0.012467
-0.028923
-0.274579
-0.254069
0.131832
0.183904
-0.146686
-0.025841
0.016809
-0.209645
0.256731
0.025090
-0.085221
0.328521
-0.158054
0.004577
0.030790
0.205373
0.331516
-0.159330
0.054242
0.208614
-0.055125
0.125352
-0.052630
-0.025690
0.029165
0.154461
-0.007529
0.098942
0.074794
-0.066901
-0.082692
0.038157
-0.138647
0.189595
-0.035304
-0.078793
-0.022248
-0.118104
-0.250740
-0.030527
0.209107
0.087599
-0.259301
-0.009986
-0.224381
-0.222994
0.024044
-0.010363
0.019088
0.040673
0.181107
-0.007117
-0.046869
0.146084
0.151856
0.207574
-0.127239
0.135245
-0.124405
-0.109265
-0.128661
-0.052789
-0.184027
-0.019049
0.255800
0.040787
-0.173072
0.171693
-0.096770
0.216936
0.136308
-0.124450
-0.013983
-0.073277
0.061858
0.061444
-0.014371
-0.114576
-0.309408
0.022284
-0.110155
0.025021
-0.043666
-0.052333
0.053551
0.053876
-0.048657
-0.225751
0.145777
0.083007
-0.040448
0.080093
0.006175
0.095096
-0.026508
-0.104709
0.032028
-0.171463
0.086464
0.062853
-0.000411
0.248581
-0.131328
-0.198865
-0.043775
-0.068406
0.003365
-0.083154
0.024643
0.133485
0.036682
0.077909
0.016463
-0.003999
-0.088321
-0.018880
-0.158476
0.170469
-0.056043
0.029006
0.280019
-0.121527
0.110191
-0.088051
-0.146403
-0.030373
0.094681
0.110403
0.028559
-0.189884
-0.215644
-0.049287
0.151443
0.237042
-0.016994
-0.065595
-0.001322
-0.004297
0.269435
-0.026684
-0.176556
-0.051544
0.051261
0.011732
0.218979
0.216980
-0.054490
0.085884
0.106523
0.042233
-0.122867
-0.002306
0.112533
0.037478
-0.059737
-0.117825
-0.027314
-0.052638
0.086859
0.115191
-0.070038
0.056476
-0.087763
-0.116422
0.033753
0.152835
0.071083
0.150671
-0.058416
0.150915
0.115658
0.130022
-0.259218
0.015829
-0.101562
0.127590
-0.229089
0.011496
-0.024803
0.170752
-0.172717
-0.022009
-0.012435
-0.227567
-0.059544
-0.132141
0.044928
0.170541
0.142846
0.174193
-0.311222
-0.190391
-0.101938
-0.054709
0.020932
-0.148179
0.018224
0.077221
-0.245422
-0.042989
0.018337
-0.216391
-0.188359
0.063773
-0.022853
-0.003139
-0.023484
0.113424
-0.114507
0.022198
0.113697
-0.059558
-0.138205
-0.024388
-0.202222
-0.274400
-0.039704
-0.001142
0.091479
-0.127074
0.220484
-0.116687
-0.127773
-0.080484
0.113536
0.124927
0.063333
0.152881
0.042984
0.132238
-0.054134
-0.191298
-0.080154
0.176660
0.073197
0.010867
0.174608
-0.078458
-0.019792
0.125810
-0.039463
-0.035644
-0.003631
0.231638
0.143857
0.043327
0.087838
-0.048583
-0.087953
0.036134
-0.098586
0.123553
0.071468
0.047091
0.076540
-0.214390
0.085133
0.022750
-0.119893
0.172639
-0.095247
-0.076698
0.206364
0.108337
0.021771
0.200144
0.282896
0.038688
0.127084
0.011731
-0.389867
-0.129884
0.115765
-0.081569
0.113508
0.123254
-0.066424
0.128885
0.017490
-0.069918
-0.118849
0.173457
0.117758
-0.237954
0.140061
0.091554
0.091788
-0.119010
-0.077098
-0.251984
0.116485
-0.162113
-0.053663
-0.003388
0.015607
0.053626
0.140932
-0.117932
0.033716
0.174211
-0.109486
0.029448
0.012517
-0.132523
0.124793
-0.018807
0.080018
-0.058937
0.050844
-0.162739
-0.034270
-0.066497
-0.030046
-0.051706
0.147476
-0.158905
-0.052166
-0.149567
0.024030
-0.056073
0.111980
0.165484
0.149384
0.008171
0.032067
0.101070
0.082128
-0.040720
0.120602
0.081492
0.059294
0.003016
-0.232962
0.092237
0.100837
-0.000184
0.176300
0.124729
0.187894
-0.171013
-0.000916
-0.059866
0.045536
-0.008316
0.040494
0.127270
0.074511
0.086767
-0.035418
-0.089780
-0.017261
0.012153
-0.069002
-0.101329
0.005544
-0.001502
0.144802
0.006914
0.074609
0.031552
0.172026
0.071078
-0.085655
0.074432
-0.107711
-0.018660
-0.082850
0.173480
-0.085285
0.099074
-0.045482
-0.000805
0.223851
-0.146677
0.017435
0.029187
0.060289
0.118550
0.325773
-0.122499
0.117815
-0.063974
0.035715
-0.298109
0.060414
-0.061120
0.067161
0.001827
-0.087630
0.067796
0.172450
0.099377
-0.097866
0.028683
-0.010322
0.508284
-0.234571
0.174242
-0.041619
-0.014053
0.022091
-0.153465
-0.150609
-0.044684
0.038992
-0.136358
0.012370
-0.126531
-0.025882
0.072696
-0.032662
0.099571
-0.077097
-0.121888
-0.049607
-0.101245
-0.111546
0.172453
0.092941
-0.125848
0.157055
0.189441
-0.161152
0.284018
0.045094
0.015894
-0.016540
0.193672
-0.049792
0.066370
0.001342
-0.070202
0.086290
-0.125287
-0.062928
-0.056741
0.288367
-0.118799
-0.072627
-0.000549
0.068912
-0.107509
0.149173
0.090856
-0.168479
-0.119084
-0.255784
-0.142747
0.172514
-0.084235
-0.027938
0.150093
-0.077782
0.026792
0.107377
-0.180543
-0.130152
0.225250
-0.131769
-0.186410
-0.119419
-0.074562
-0.141623
0.061159
0.227861
0.266102
0.181320
-0.016873
-0.092865
0.209520
0.032793
-0.123024
-0.087054
-0.122632
0.039332
-0.087930
-0.070677
-0.176710
-0.126117
0.093550
0.047498
-0.024098
0.258338
-0.001683
0.138438
0.095990
-0.019122
-0.039509
-0.097301
-0.038367
0.024956
0.142654
0.094659
-0.117739
0.076286
0.299305
-0.086353
-0.036791
0.114403
-0.042013
0.069557
-0.000342
0.165867
0.067039
-0.089002
-0.252133
-0.002992
0.003755
-0.050479
-0.062250
-0.045404
-0.304686
-0.201576
-0.045073
0.120721
0.013171
-0.088510
0.205144
-0.038465
0.038717
-0.087309
-0.158844
-0.008855
0.013645
0.202443
-0.134168
0.147564
-0.092208
0.113028
-0.054786
0.042083
-0.183378
0.141655
0.257001
-0.156141
-0.085007
-0.059115
-0.156893
-0.187584
-0.166818
-0.152483
0.082372
-0.123547
0.151227
0.035624
0.048448
0.019465
0.032922
-0.015243
0.118116
0.052297
-0.067661
0.170074
0.035464
-0.182956
-0.003943
0.122461
-0.094587
0.072245
-0.010340
0.042150
0.003008
-0.045588
-0.074092
0.073147
0.024496
0.034622
-0.114546
-0.172884
-0.245934
-0.118125
-0.007805
-0.116008
-0.234681
0.005996
0.002663
0.005368
0.073545
-0.023988
0.000191
-0.187073
0.132937
0.167671
-0.009406
-0.028090
0.066754
0.126586
-0.049560
0.243568
0.059643
0.235648
0.129889
0.015152
0.185043
0.099281
-0.046859
0.041262
-0.023911
-0.156611
0.065129
-0.158686
0.013582
0.082455
0.049604
-0.017255
-0.266673
-0.172531
-0.041668
0.170985
0.052519
-0.287946
-0.157285
0.064322
-0.081275
-0.112936
0.190195
0.000964
-0.051325
0.012344
-0.019340
-0.234564
-0.373214
0.102436
-0.163662
0.123670
-0.039908
-0.035769
0.002799
0.014790
0.118764
-0.138680
0.211648
0.183716
0.070889
0.141774
0.221325
-0.090935
0.164175
0.198752
0.014425
0.050104
0.031140
0.023116
0.001660
-0.193275
0.063071
-0.078521
0.062343
0.089427
-0.096035
-0.134587
-0.107162
0.074639
0.232632
0.124949
-0.060607
0.018598
0.147923
0.013261
0.123403
-0.084162
0.090562
0.009006
0.228233
-0.140784
0.019245
-0.071643
-0.104694
0.042165
0.000031
0.150336
-0.260916
-0.111712
-0.042045
-0.116210
0.100033
-0.028604
-0.030873
0.012928
-0.012607
-0.158795
0.044463
-0.215792
-0.024783
0.024916
-0.193309
0.027166
0.179236
0.023606
-0.079767
-0.151794
0.211998
0.020741
0.057427
-0.042758
0.137594
-0.083454
-0.083456
-0.046131
0.147701
0.217598
0.139473
0.186744
-0.157252
0.241188
-0.278964
-0.062339
0.199658
0.136878
-0.052635
0.111879
0.022942
-0.184702
-0.080603
0.019781
-0.127436
-0.022734
-0.006082
0.168659
0.002627
-0.021128
0.032317
0.179231
-0.162134
-0.021879
-0.206588
-0.172893
0.105273
0.075879
-0.019297
0.086606
-0.247483
0.124518
0.012621
0.014137
0.293328
0.060773
0.040568
-0.047323
0.027941
-0.012491
-0.026563
-0.056726
0.008090
-0.009301
-0.148451
-0.128711
-0.115282
-0.061678
-0.112401
0.044278
-0.007595
0.155131
0.072837
-0.043158
0.149757
0.022832
-0.281692
-0.082519
-0.126498
-0.064268
-0.120256
-0.150635
-0.132810
0.078775
0.051441
0.029607
-0.098045
-0.143478
0.139911
0.126954
-0.196271
0.115454
-0.136435
-0.084485
-0.162381
0.031702
-0.001740
0.260253
-0.222014
0.052954
-0.264344
-0.124843
0.023238
-0.097808
-0.029301
0.062593
0.144974
-0.024884
0.165010
0.037552
0.221501
-0.084494
0.060747
0.044411
-0.466404
-0.087589
0.238400
-0.029619
0.034666
0.023365
-0.222482
0.026026
-0.064707
-0.053917
0.017239
0.173905
0.091640
-0.041042
0.108489
-0.032332
-0.047685
-0.136854
-0.085166
0.030398
-0.215045
-0.046709
-0.127081
-0.264465
-0.106117
0.055679
0.088315
-0.138778
0.132215
0.157744
0.038752
0.190985
0.112116
0.466750
0.046143
-0.280796
-0.072791
-0.032297
-0.058092
0.040478
-0.171354
-0.020694
0.171599
0.182803
0.275459
0.020934
0.017145
0.011359
0.026984
-0.188592
0.128540
-0.237988
-0.044757
-0.171462
-0.024599
0.036910
0.159789
0.235390
0.294232
0.098854
0.116181
-0.197689
-0.260849
-0.037656
-0.100236
-0.178880
0.069700
-0.062173
-0.075088
0.144131
0.210739
0.323349
0.024786
-0.091611
0.144925
-0.179830
-0.166754
0.188517
0.126100
-0.192560
0.033027
-0.122935
-0.014794
0.389142
0.281635
-0.142337
0.179831
0.189851
-0.005019
0.011163
-0.034182
-0.299634
-0.140705
-0.036246
-0.023512
0.212667
0.044229
-0.088961
-0.000086
-0.107726
-0.180442
-0.033341
0.147261
-0.277847
0.201175
-0.063182
-0.165624
-0.191630
-0.102740
0.088837
-0.030706
-0.068316
0.040533
-0.046411
-0.269251
-0.245294
0.023863
-0.068641
-0.156064
-0.084392
0.125648
-0.069081
0.044363
0.185680
-0.155704
-0.428376
0.017660
-0.039593
-0.071808
0.098138
-0.088037
0.212329
0.115616
0.161668
-0.168916
0.049137
0.182802
-0.086892
-0.138286
0.022188
0.116380
0.030195
-0.068986
-0.033102
0.088593
0.183346
0.096109
0.050724
0.036581
0.122626
0.231297
-0.234337
0.098077
0.002526
-0.027391
-0.207340
-0.123180
-0.054016
0.017381
0.240152
-0.120702
-0.029045
0.150032
0.156308
0.052842
0.128573
0.164445
-0.082640
-0.078311
-0.142966
0.051917
0.282165
-0.200124
0.091397
0.005438
0.116721
0.189099
0.039535
0.134361
0.053035
0.134993
-0.046742
-0.102260
0.161482
-0.108098
-0.032975
0.014751
-0.257230
0.241312
-0.273829
-0.046287
-0.050636
0.315992
0.085910
-0.091088
0.080343
0.093639
0.056488
0.072372
-0.060376
0.054815
-0.040738
0.083874
-0.075462
-0.095312
-0.124554
0.063577
-0.230891
-0.050139
0.077889
0.146473
0.145455
-0.011946
0.088048
0.272704
-0.050202
-0.116295
-0.039745
-0.179488
-0.072905
-0.226766
0.128425
0.175093
-0.082345
-0.078105
-0.091199
0.250689
-0.147128
0.346367
-0.049164
0.077658
0.241836
0.101360
-0.043325
-0.068445
-0.149096
0.230698
-0.202543
-0.081077
-0.159330
-0.063427
-0.127422
-0.114232
0.079754
-0.174393
-0.197957
-0.186224
-0.058190
-0.097484
0.133744
0.082220
-0.058458
0.037614
0.040465
0.098575
-0.330211
-0.163841
-0.007833
-0.043422
0.173343
0.054182
-0.227799
0.032289
0.177480
-0.093273
-0.128043
0.249575
-0.271420
-0.030333
0.013015
0.219403
-0.090776
-0.053329
-0.053409
0.222376
-0.115104
-0.002663
0.047492
-0.017908
0.252254
-0.155047
-0.183007
-0.041511
-0.136136
-0.017203
0.100613
0.126511
0.075882
-0.015925
-0.062938
0.113422
-0.032914
-0.125606
0.138454
0.043787
-0.195388
-0.090544
-0.040799
-0.000073
-0.042318
-0.172277
-0.096618
0.103424
-0.091939
-0.040560
-0.180957
0.336192
0.162380
-0.126541
-0.043206
-0.054236
0.014882
0.176406
-0.021296
0.007941
0.022136
0.043820
0.042714
0.151353
0.041797
-0.009524
0.028849
0.113165
0.023910
0.146591
-0.128798
0.195349
0.016210
0.210611
0.176885
0.084376
-0.064185
-0.031415
-0.194171
0.343946
0.182553
-0.069495
-0.030096
-0.276575
-0.069462
0.151218
-0.081266
0.228687
-0.279123
-0.010008
0.027421
-0.139300
-0.141863
-0.096064
0.121145
0.150752
-0.397892
0.416586
-0.051583
-0.061400
0.004928
-0.035459
-0.160940
-0.286401
0.233550
0.063038
0.051656
-0.078307
0.060913
0.138770
0.106068
-0.193393
0.147960
-0.171832
-0.148647
-0.262626
0.061668
0.096225
0.080456
0.054387
-0.169752
-0.159060
0.039389
0.250710
-0.019226
-0.185075
-0.188076
-0.141674
0.206132
0.005107
0.054270
0.161365
0.046483
-0.114012
0.322014
0.151893
-0.141006
0.026328
-0.210373
0.109973
-0.151346
-0.126873
0.029078
0.006019
-0.183037
0.142321
-0.007599
0.008136
0.150614
-0.024527
0.018589
0.119006
0.017694
0.070704
-0.304597
-0.190714
-0.061264
0.269407
-0.179255
0.113850
-0.182385
-0.058250
-0.173366
-0.050301
-0.007382
-0.070388
-0.034724
0.078198
0.128783
0.014985
-0.116843
0.134249
0.081877
0.013567
0.327659
-0.130477
-0.005936
-0.130622
0.158454
-0.101437
-0.056564
0.018808
-0.150073
-0.165750
-0.009575
0.151554
-0.087380
0.058924
-0.244774
-0.094163
0.223375
0.023560
-0.166577
-0.101448
-0.268156
0.044134
-0.115201
-0.018578
-0.085201
0.082513
-0.106196
-0.091792
-0.248531
-0.122610
-0.011184
-0.019839
0.018266
-0.149275
0.128044
-0.092149
0.070347
-0.028966
0.167886
0.213572
-0.063083
-0.022106
0.049303
0.135151
0.076476
0.093858
-0.056802
0.064321
-0.095191
0.013585
-0.022063
0.046547
0.087560
0.007027
-0.013081
-0.171122
-0.059025
-0.001589
0.141865
0.174996
0.220222
0.070642
0.141015
0.028383
-0.029398
0.002095
0.220963
0.035906
0.154713
0.027358
-0.107842
0.195643
0.232157
-0.028034
-0.144720
0.247824
-0.119748
-0.159528
0.175362
0.082433
-0.277992
0.157981
-0.281763
0.045477
-0.032810
0.004766
0.141154
0.306045
-0.008122
-0.029366
-0.118907
-0.017523
0.012242
0.036445
0.026908
-0.178650
-0.331890
-0.031380
0.063995
-0.097973
0.108985
0.001671
0.020612
0.014194
0.284333
-0.058689
-0.016577
-0.069225
0.196361
-0.045090
0.083210
0.180746
-0.001319
0.123257
-0.101624
0.135462
0.041341
-0.051019
-0.071779
-0.099829
0.033972
0.042355
0.074614
0.059765
0.150001
0.059914
-0.084880
-0.152177
-0.177622
0.135919
-0.098734
-0.037589
-0.127813
0.068165
-0.092982
0.064385
-0.023350
-0.032494
0.088722
0.118774
-0.114886
0.165452
-0.059173
0.018925
0.032657
-0.042480
-0.095780
0.148449
-0.006715
-0.046758
-0.061215
-0.084578
-0.077599
0.202452
-0.011772
-0.136146
0.046479
-0.134375
0.230328
0.064774
0.019404
-0.206375
-0.089897
-0.027810
-0.007653
0.125949
0.038120
0.000070
0.246496
0.176226
-0.048946
0.148869
-0.062795
-0.016189
-0.247385
0.008579
-0.000688
-0.346804
0.281152
-0.010783
-0.082246
-0.035726
-0.037206
0.298186
0.134407
-0.163981
0.155377
0.143460
0.130315
-0.167699
-0.166221
0.161810
-0.221613
0.034260
-0.152243
-0.022380
-0.001000
-0.005115
-0.158949
0.081702
-0.009805
0.061059
0.029881
0.338467
-0.189235
0.053081
-0.151657
0.002293
-0.221605
-0.042311
0.047160
-0.137396
-0.002175
0.050800
-0.037134
0.066001
0.204275
0.206935
-0.026393
0.182239
-0.017370
0.072985
0.098455
-0.021419
-0.195352
-0.091842
0.249621
-0.489220
-0.092607
0.016582
-0.137197
0.038170
-0.075735
-0.013747
-0.110232
-0.144102
0.144624
-0.110759
-0.095048
-0.007861
0.096269
0.042950
-0.030048
0.129378
0.052156
-0.002484
0.051826
0.053307
-0.120897
-0.207808
-0.066942
0.014204
-0.245897
-0.070750
-0.052792
0.270654
-0.037510
-0.011593
0.003692
-0.187221
-0.102061
-0.109871
-0.127845
0.060008
0.106732
0.114481
0.240041
-0.019788
0.100478
0.326934
-0.197613
0.307810
-0.026684
0.122790
-0.104620
-0.237183
0.101253
0.030591
-0.142456
-0.082017
0.038837
0.194049
-0.153037
-0.363489
0.074953
-0.062135
-0.108173
-0.320318
0.172647
0.163255
-0.016841
-0.073808
0.291057
0.122114
-0.158223
0.019211
-0.009720
0.145459
0.073080
0.043179
0.182238
-0.100706
0.127631
-0.101989
0.051310
-0.237983
-0.128837
-0.036270
-0.042119
-0.061144
-0.068889
0.046283
-0.022291
0.280957
-0.059674
0.017731
0.023437
-0.047219
0.050196
-0.145989
-0.148060
-0.117562
-0.062566
-0.073625
-0.038908
-0.081770
-0.052060
-0.124712
0.110103
-0.262998
0.096862
0.108930
0.116821
-0.150733
0.077137
-0.012481
0.086925
-0.033220
0.186256
-0.018703
-0.030807
-0.053900
-0.045015
0.019682
0.038852
0.035431
-0.155422
-0.219130
0.010378
-0.051263
-0.116959
0.089827
-0.044575
0.159246
-0.000377
0.002582
-0.099602
0.033354
-0.106980
0.106145
0.036469
0.082601
-0.135462
0.012735
0.032303
-0.135438
-0.022124
0.230940
-0.209608
0.106329
0.000822
-0.167986
0.076971
-0.029070
-0.042451
0.017827
-0.133553
0.338257
-0.187152
-0.054811
-0.144820
-0.291718
0.127211
0.249444
-0.139378
0.102414
-0.133172
-0.123594
0.131018
-0.210942
0.077231
-0.073747
0.014575
-0.089739
-0.058102
0.103290
0.158226
-0.018861
0.195153
-0.356429
-0.098161
0.073371
0.126367
0.020035
0.144042
0.228700
0.029522
0.021529
-0.021746
-0.004350
0.035679
0.008414
0.118873
0.003514
0.129779
-0.128319
-0.040385
-0.161120
0.092674
0.327295
-0.009530
-0.046371
-0.086657
-0.258057
-0.184928
0.178659
-0.056848
-0.013778
0.204902
0.081598
-0.119742
-0.012944
-0.300311
-0.041064
-0.151809
-0.069765
0.127435
-0.035876
-0.159005
-0.092905
0.011589
-0.028351
-0.068012
-0.073988
-0.246015
-0.092738
0.047997
0.025560
0.008631
-0.057814
-0.183709
0.199803
0.066494
-0.018877
-0.109997
0.235104
0.023109
0.124254
-0.032282
-0.155367
0.130708
0.092186
0.193152
0.025005
-0.103234
0.039083
-0.161807
0.051652
-0.014846
0.059037
0.133604
-0.057324
0.045023
0.072267
0.094326
-0.156894
-0.165059
-0.272544
-0.197626
-0.101767
0.149164
0.001167
-0.108232
-0.083479
0.055967
0.299043
-0.038180
-0.029570
-0.109305
0.046230
-0.047183
-0.027589
0.001337
-0.086054
0.198644
-0.157815
-0.269848
0.051766
-0.003314
-0.049133
0.098030
0.252395
0.024452
0.264566
-0.107957
-0.135085
0.018593
0.433366
0.040221
0.116820
-0.022583
-0.152199
-0.319615
-0.004497
0.145533
-0.208455
0.181072
-0.114105
0.069458
0.071807
0.067730
0.209621
0.145247
0.148958
0.154762
-0.081678
-0.071971
-0.258081
0.061372
-0.254216
-0.336045
-0.042014
-0.151675
0.085983
-0.115434
-0.064391
0.075107
0.015277
0.071727
-0.187646
-0.020049
-0.036440
-0.221521
-0.203406
0.065120
-0.032229
0.131889
0.230546
0.138690
-0.013470
0.055042
0.064444
0.194445
0.003746
0.157968
-0.160612
0.155931
-0.053338
0.277048
-0.112968
-0.030051
0.011589
0.100367
0.180246
-0.093766
-0.171608
0.199475
-0.122686
-0.039903
0.116233
0.062619
0.042804
-0.167378
-0.039947
0.084874
-0.099346
0.102883
0.226098
0.149001
0.051979
-0.167759
-0.020368
-0.022129
-0.122427
-0.079500
0.094174
0.054074
-0.094668
-0.120642
-0.019226
0.004914
-0.160086
0.007494
0.006340
0.059680
-0.151574
0.352335
-0.064059
0.195850
-0.013766
-0.044739
0.057175
-0.152888
0.418936
-0.026602
0.110621
0.104925
-0.146897
0.085891
-0.134804
0.092437
-0.005662
0.240196
0.100214
0.134505
-0.084834
0.099147
-0.123457
-0.122614
0.205491
-0.196053
-0.382041
0.060686
-0.019002
0.058963
-0.095589
0.307359
0.170233
0.000315
0.081210
-0.043210
-0.235578
-0.092381
-0.006255
0.268690
-0.065306
-0.053386
-0.075535
-0.036616
0.020723
-0.038855
0.311369
-0.052305
-0.282007
-0.020580
0.185307
-0.218460
0.059052
0.031387
-0.079656
-0.014843
-0.207119
0.027143
-0.132783
-0.182711
-0.162600
0.030124
-0.008240
0.029414
-0.005351
-0.089100
-0.010594
-0.107269
-0.027458
-0.077202
-0.028750
-0.016536
-0.136286
-0.056212
-0.053222
-0.238794
0.245915
0.029211
-0.019040
-0.054352
0.044616
-0.163158
-0.180983
0.044112
-0.013102
0.035206
-0.093145
-0.201759
0.148877
0.173518
0.002329
-0.080216
-0.195403
-0.027730
-0.017902
0.069697
0.100843
0.014325
-0.213756
-0.034892
0.122307
0.025999
0.180258
0.201285
-0.064747
0.007155
0.011470
0.231278
0.246538
0.003452
-0.040472
-0.035618
-0.023524
-0.000781
0.039375
0.235014
0.030423
-0.036468
0.073443
0.053109
-0.211822
-0.004187
0.014882
-0.047709
-0.044302
0.269649
-0.088576
-0.199723
0.055327
0.003438
-0.132422
0.065221
0.030497
0.181271
0.018468
-0.027581
0.063634
-0.019586
-0.101908
-0.126812
-0.008747
0.289315
-0.082440
0.028630
0.078272
-0.200095
0.067215
0.171559
-0.066613
-0.323644
0.044994
0.195316
0.204224
0.057275
0.128188
0.019077
0.022901
0.014764
-0.078114
-0.113569
0.022435
-0.062453
0.029060
-0.077331
0.041875
0.179161
0.024855
0.117098
0.095790
0.132823
0.318321
0.005342
-0.022873
0.197021
-0.093130
0.026319
0.175421
0.015838
-0.003568
-0.371662
-0.004189
0.054083
0.103945
-0.082973
-0.040433
-0.034223
-0.032023
-0.099272
-0.028947
-0.055191
-0.231550
0.015164
-0.250569
0.035773
0.103413
0.021986
-0.019936
0.041812
0.162472
-0.216677
-0.192595
0.223149
-0.136499
0.023953
0.096130
-0.006348
-0.011837
-0.215731
0.117488
-0.276018
0.338196
-0.133102
0.035952
-0.136070
-0.169969
-0.104139
0.109246
-0.037229
0.211134
0.292878
0.126898
0.086637
-0.117125
0.029561
0.038289
0.036609
-0.062177
-0.179621
0.209673
-0.013920
-0.113314
-0.033476
0.018177
0.064139
0.052042
0.208806
-0.105240
-0.005722
0.131971
-0.181635
-0.161341
-0.142061
0.012428
0.099551
0.063407
-0.132040
0.186476
-0.189479
-0.192911
0.137945
-0.070441
-0.037499
0.090274
-0.093748
0.450439
0.025967
-0.015902
-0.070786
0.030172
-0.058481
0.049061
0.177762
-0.177797
0.049819
0.107223
0.007039
0.063186
0.031818
-0.323509
-0.021400
-0.018594
-0.015796
-0.073740
0.107371
0.036095
-0.039725
-0.066191
-0.140320
-0.158271
-0.075561
-0.062071
-0.146180
-0.092034
-0.024665
0.072276
0.007401
-0.001842
0.042637
0.092175
0.114069
-0.117472
0.131745
-0.086356
0.177538
0.001998
0.296451
0.182415
0.115725
0.191400
-0.017934
0.059840
-0.123981
-0.130931
-0.055422
-0.022138
-0.033418
-0.182189
0.035148
0.031173
0.122071
-0.025483
-0.116747
-0.383034
0.087996
0.114527
-0.106553
0.138700
0.106197
0.041367
-0.091205
0.003586
-0.230897
0.158447
-0.180707
-0.061687
-0.020784
0.176693
-0.013491
0.021943
0.017967
-0.301044
-0.019269
-0.095787
0.021630
-0.112694
-0.131252
0.010161
-0.286289
-0.089233
0.224114
0.020256
0.148574
0.068385
0.104628
-0.048189
0.201543
0.041681
0.022232
-0.003853
-0.016310
0.268961
0.026193
0.056643
-0.024435
-0.046420
-0.094413
0.163133
-0.154827
-0.038744
-0.057295
-0.185366
-0.042578
0.011941
-0.089615
0.150081
0.146042
0.224028
0.163088
0.239366
-0.033071
0.170211
-0.032910
0.096014
0.009664
0.256488
0.186364
-0.188696
-0.205913
-0.015260
-0.010439
-0.168206
-0.001722
-0.005358
0.081695
0.063948
-0.427229
0.163528
0.079664
-0.033458
-0.125582
-0.317895
0.189613
-0.015387
0.006549
0.121852
0.129702
-0.034717
-0.274456
-0.039346
-0.231689
-0.084603
0.098787
0.163998
0.056164
0.149641
-0.141867
0.024099
-0.362638
0.075374
0.022209
0.010880
0.085711
0.014664
-0.276012
-0.018098
-0.067545
0.253281
0.105822
0.150809
0.111022
-0.225746
0.017638
0.069403
0.020186
0.172397
-0.143946
-0.136901
-0.043262
0.118279
-0.165175
-0.022360
0.035025
-0.028341
-0.067075
-0.082682
0.018368
0.109657
0.287888
-0.066940
0.114403
0.026001
0.200123
-0.031818
-0.223245
0.144033
0.012893
-0.041607
0.127765
0.090045
-0.124879
0.002074
0.131779
-0.002478
0.074404
0.131911
-0.084382
0.054443
0.015195
-0.017952
0.126123
0.082728
0.040599
-0.114475
0.000672
0.179952
-0.113657
-0.165808
-0.058672
0.087392
-0.191913
0.161784
-0.038147
-0.025779
0.206221
-0.331075
-0.024307
-0.186089
0.097606
-0.006304
-0.049026
-0.234820
-0.030245
0.086398
0.122255
-0.007312
-0.098091
0.117487
-0.021869
-0.144121
-0.052986
-0.133477
0.125109
-0.093243
0.132786
-0.068051
-0.058609
-0.230325
0.057264
0.002274
0.086868
-0.154837
0.312854
0.003046
0.030366
0.023160
0.071880
-0.112595
-0.012492
-0.405850
-0.071550
-0.184989
-0.085220
0.103228
-0.072083
-0.190656
0.008924
0.201393
-0.079136
-0.028410
0.087700
-0.041091
0.039416
0.010727
-0.090717
-0.044965
0.084575
0.216382
-0.019262
-0.029617
0.147612
0.048506
0.109280
-0.046949
0.131167
-0.182543
-0.092559
0.078340
-0.224279
-0.014224
-0.121601
0.035999
-0.062335
0.071442
-0.018523
-0.057547
-0.018005
0.187027
0.093265
0.080448
0.095491
-0.242805
0.142927
0.011225
0.004263
0.053021
-0.126353
0.170084
-0.136361
-0.029883
-0.057288
0.182215
-0.159368
0.106947
-0.117954
-0.110432
0.007018
-0.071081
-0.023241
-0.208787
-0.178098
0.021230
-0.044853
-0.058179
-0.017182
-0.189811
-0.066907
0.106330
-0.179318
0.032501
-0.174675
0.132167
-0.276238
0.096578
0.045062
-0.004243
0.014276
-0.076677
0.080979
-0.209581
0.060725
-0.132619
-0.012771
0.137668
0.232532
0.044691
-0.343854
0.140019
-0.073101
-0.164655
-0.285442
0.116734
0.159449
-0.056167
-0.030663
-0.070964
-0.141708
0.206729
-0.164741
0.235255
0.304237
0.181746
-0.129972
-0.091810
-0.124858
-0.089662
0.054155
-0.005010
0.094778
-0.192322
-0.004687
-0.181430
-0.270728
-0.006557
-0.010877
-0.025983
-0.015927
0.291814
-0.149563
0.255496
-0.091248
0.116759
-0.132868
-0.129471
-0.040588
0.047839
-0.005942
0.131468
0.252285
-0.136710
0.037969
-0.148153
-0.124278
0.113628
-0.104855
0.198699
-0.063270
-0.196901
0.029255
0.242509
0.061271
0.170884
-0.020910
0.052885
-0.082878
-0.219808
0.168513
0.113410
-0.050117
0.068292
-0.114294
0.213500
0.008323
0.064140
-0.287002
-0.078656
0.046318
0.309273
0.061362
-0.122810
-0.096607
0.231460
0.146792
0.023722
-0.097803
-0.235460
0.185821
-0.003195
0.235928
0.020498
0.064828
-0.075606
0.028796
-0.279674
-0.113411
-0.024093
0.153044
0.216416
0.057134
0.034208
0.208938
-0.025891
-0.159952
-0.270233
0.064690
-0.109801
-0.107940
-0.107121
-0.053320
0.072307
0.059781
0.151495
-0.248325
0.108178
-0.092878
0.164298
0.085363
-0.091262
-0.068326
0.032161
-0.046994
-0.040006
-0.098758
-0.058477
-0.003563
0.301240
0.024290
0.003522
-0.071718
-0.084332
0.155669
0.085710
0.054940
0.071775
-0.121049
-0.110314
0.156903
0.057119
-0.206557
-0.053703
0.147377
-0.107368
0.013827
-0.091687
0.160609
-0.030154
0.027379
0.269805
0.100869
0.226146
-0.052070
-0.201971
0.007777
0.216544
-0.034660
0.077573
-0.040982
-0.165896
-0.234285
-0.308291
-0.198350
-0.109071
0.055586
-0.096687
0.074884
0.085422
-0.018285
-0.045838
0.081124
-0.064502
-0.188739
0.215168
0.230672
0.023392
-0.050598
0.132063
-0.194236
0.258255
0.049474
-0.222717
0.039881
0.302891
0.008236
0.090169
-0.042166
-0.165116
0.228143
0.056014
-0.019982
0.028944
0.177267
0.140915
-0.058656
0.137337
-0.088592
-0.205628
0.259211
0.220949
0.083110
0.099827
0.032928
-0.071776
-0.044225
0.041483
0.216253
0.027182
0.016197
0.084811
-0.107052
-0.083805
-0.046523
-0.001587
-0.362863
-0.024953
0.092958
-0.009946
0.142243
-0.029481
0.017336
-0.129387
-0.213694
-0.182522
0.164017
-0.100201
0.003535
-0.073752
-0.312141
-0.002358
-0.058845
-0.024581
-0.042430
0.040043
-0.132009
0.199327
0.045214
0.081341
0.154890
0.088714
0.176538
-0.049719
-0.194403
0.148686
0.149326
0.177566
-0.191402
-0.004895
-0.150310
0.260990
-0.053054
-0.055698
-0.114713
0.091747
-0.011207
0.139029
-0.117048
-0.021579
-0.028707
0.143165
0.012472
0.036997
0.183715
-0.015053
0.017486
-0.070955
0.221406
-0.110786
0.204758
-0.065310
0.085057
0.129144
-0.152630
-0.045791
-0.090677
0.052643
-0.052966
0.193171
-0.232950
0.060219
0.169987
0.284248
-0.100754
-0.055579
-0.043584
0.067663
0.256473
-0.089137
0.041183
0.082851
0.013089
0.175139
-0.090680
0.219909
0.209137
0.116434
0.065398
-0.300168
0.124230
-0.056976
-0.204710
0.102475
-0.081498
-0.043221
0.054737
-0.195484
-0.056809
-0.141228
0.003336
0.051008
0.094553
0.026651
0.220929
-0.117510
-0.109071
0.004116
0.051030
0.111552
0.010745
-0.075347
-0.074573
-0.019222
-0.103241
-0.115769
-0.104778
-0.286149
-0.096990
-0.102878
0.110756
-0.192525
0.118482
-0.061409
-0.151185
-0.014115
-0.017270
0.019503
-0.037390
-0.017021
0.064468
-0.021455
0.097763
0.048302
0.089553
-0.074758
-0.342969
0.012781
0.074895
0.035260
-0.230790
-0.062593
0.037354
0.024584
-0.071051
-0.128507
-0.308623
0.089060
-0.122931
0.079561
-0.113697
0.171265
0.023549
0.173857
-0.171455
-0.022757
0.106847
0.067044
0.257290
-0.141357
0.016754
-0.121110
0.008700
-0.008942
-0.087481
0.052844
-0.070784
0.061550
0.033877
0.035120
0.112253
0.058560
-0.217771
0.160257
-0.142117
0.008747
0.093700
-0.102940
-0.010853
0.012529
0.041845
0.069606
0.008421
0.105744
0.017543
-0.038522
-0.069900
0.196570
-0.115027
-0.001271
-0.144274
-0.100894
-0.084524
-0.113403
-0.020319
0.036830
0.001239
-0.001978
0.004481
0.055460
-0.207202
-0.111913
-0.060268
0.160175
-0.075682
0.004008
-0.026302
0.203079
-0.006876
-0.051977
-0.109286
0.024152
0.132758
-0.018441
0.048155
0.027864
-0.045558
0.121816
0.071778
-0.237985
-0.199053
-0.045308
-0.016837
-0.136052
-0.061959
-0.149346
-0.114779
-0.052648
0.081189
0.195419
-0.138669
-0.004421
-0.041913
0.073115
-0.081383
-0.003305
0.122874
0.148512
0.007856
-0.221468
0.125267
-0.061803
0.044530
-0.039183
0.101667
0.105928
-0.138553
0.219621
0.207944
-0.061002
0.073527
-0.128941
0.036015
-0.058655
-0.020557
0.061223
0.072511
-0.205029
0.065440
-0.260779
0.061999
-0.040172
-0.093896
-0.012331
-0.164746
-0.317452
0.180393
-0.214118
0.114882
0.022254
-0.058876
-0.060800
0.088058
0.068603
-0.122001
-0.141697
-0.089644
0.038926
0.049244
0.089098
0.046341
-0.174306
0.015326
-0.142692
0.002599
0.008905
0.062613
0.119007
0.272407
-0.126778
-0.289847
-0.000801
-0.172446
0.246289
0.093391
-0.161617
0.207077
0.055851
-0.026826
-0.139213
-0.148521
-0.118790
-0.092413
-0.189888
0.152830
0.108156
0.043798
-0.113091
0.011067
-0.185861
-0.049302
-0.197295
0.073035
-0.215553
-0.260186
-0.043931
-0.003610
0.007696
0.032897
0.193848
-0.165457
0.011129
0.210248
0.179360
-0.007204
0.139598
0.084666
0.000394
0.145701
-0.046390
-0.204783
-0.198227
0.077916
0.163552
-0.203336
0.223879
0.012430
0.056338
0.083873
-0.070902
-0.338650
-0.040401
-0.140348
-0.102330
-0.224820
-0.266430
0.164896
0.005716
0.009040
0.033094
0.012041
0.184125
-0.024968
-0.128335
0.269662
-0.087415
0.000783
0.054670
-0.114498
0.136316
-0.055143
0.093289
0.004366
-0.016885
0.133274
0.077725
-0.058491
0.055333
-0.181046
-0.146295
0.103453
-0.259232
-0.129691
0.291192
0.207761
0.128823
0.064193
0.111993
0.227818
0.218172
0.021505
-0.022160
0.199671
0.051329
0.052601
0.041356
-0.014456
-0.084850
0.040564
-0.078398
0.145878
0.105455
-0.168949
-0.164328
-0.071618
0.034733
0.134630
-0.082437
0.045996
0.255105
-0.308191
-0.095432
-0.066128
-0.115195
-0.022052
0.078855
-0.257714
-0.094657
-0.041410
0.135897
0.099298
-0.081994
-0.069342
-0.002009
-0.221021
0.133111
-0.062317
0.048116
-0.008398
-0.190279
0.000166
0.084851
0.065290
-0.085395
-0.002589
-0.100582
0.199263
0.028307
0.191459
-0.025832
-0.238243
-0.037228
-0.099980
-0.159739
0.130771
-0.037160
0.008811
-0.129384
-0.083974
-0.000511
0.133581
0.276857
-0.073895
0.101557
-0.042337
0.028151
0.104321
-0.058722
-0.087437
-0.030884
0.010228
0.016525
-0.175970
-0.080268
0.239316
0.055736
0.052816
-0.231580
0.035569
0.053476
-0.196123
0.005426
-0.065406
0.061582
0.098882
0.037663
0.069228
-0.124372
-0.058671
0.099507
-0.179514
-0.109253
0.028071
0.074418
0.147465
0.057717
0.020960
-0.099887
0.110070
-0.111154
0.241710
0.053778
-0.220132
0.079420
-0.006502
-0.111445
0.109676
-0.054444
-0.186909
0.113750
-0.053359
0.026546
0.106146
-0.107057
-0.164264
-0.016203
0.016599
-0.188945
-0.066158
-0.082460
-0.078590
0.050084
0.110337
-0.174066
-0.113535
0.017244
0.076746
0.097222
0.020420
-0.160793
-0.209008
-0.185392
-0.054236
0.054513
0.050660
-0.111307
-0.002234
-0.045526
0.104352
0.072869
-0.193237
0.108279
-0.043933
0.178833
0.071023
0.267521
-0.096589
0.065138
0.018212
0.161932
0.292829
0.128701
0.001904
0.118466
-0.029833
-0.163694
0.055924
-0.027150
0.056801
-0.141069
-0.020650
0.110187
0.054932
0.050863
0.235929
0.014286
-0.106286
0.098052
-0.181430
0.093428
0.193223
-0.116374
-0.031434
-0.007750
-0.246864
-0.272618
0.039256
-0.172877
-0.077442
0.034484
-0.029880
0.125368
-0.018493
0.052062
0.074304
-0.105874
-0.058556
-0.149067
0.031226
-0.020752
0.182256
0.143253
0.043962
0.163880
0.000452
0.013396
-0.024148
0.060613
-0.085538
0.204597
0.004948
0.066007
0.275068
-0.208402
-0.129404
0.083050
-0.036015
-0.016134
0.163088
-0.181904
-0.019076
0.294333
-0.052477
0.056244
0.160691
-0.070362
0.158728
-0.059042
-0.041982
-0.004177
-0.085301
0.113003
-0.159549
0.138301
-0.018783
-0.215503
-0.042994
-0.034378
-0.118737
-0.027063
0.023432
0.055676
-0.162812
0.008340
0.267828
0.005490
-0.006766
-0.138897
0.198769
-0.113703
0.015542
-0.263024
0.173396
0.070480
-0.163539
-0.008248
0.004530
0.078987
0.014164
0.015334
-0.077725
0.022019
0.035740
0.055786
-0.041775
0.126171
0.006364
-0.149663
0.174219
-0.160641
0.004695
-0.034685
-0.064525
0.191663
-0.097531
-0.232318
-0.156641
0.200067
0.180108
0.002407
0.070697
-0.054820
0.023131
-0.169239
0.080961
0.328207
-0.116207
-0.035815
0.145399
-0.035575
0.099027
0.026581
-0.122873
-0.094673
-0.226589
0.046867
-0.104760
-0.000298
0.177603
-0.245177
-0.202539
-0.110934
-0.154033
0.110346
0.021474
0.112950
0.005411
0.051545
0.144526
-0.142119
-0.135031
-0.139937
0.082109
-0.007451
0.083563
-0.008427
-0.148515
-0.253159
0.078964
-0.168053
-0.149518
-0.107485
0.040978
0.066752
0.026482
-0.035864
-0.064132
0.065278
-0.171725
-0.102477
-0.146135
0.201513
0.128781
0.147367
-0.089592
0.017508
0.208054
0.090115
0.259120
-0.110173
0.020793
-0.027140
-0.009366
-0.335098
-0.086896
-0.074685
0.154460
0.071817
0.050402
0.108813
0.156324
-0.011517
-0.076359
0.218635
0.064277
-0.143872
-0.267412
0.100732
0.167101
-0.038446
0.077111
-0.098503
-0.000420
-0.200025
0.157110
0.058337
-0.124124
0.034536
-0.011259
0.157306
0.092497
0.071263
-0.010060
-0.024274
-0.224908
-0.155467
0.149738
0.169733
0.035341
-0.096052
0.102960
0.281402
-0.167039
-0.058447
-0.109487
-0.039052
-0.216536
0.246840
0.022144
0.033490
-0.073193
0.043275
0.010092
-0.155398
0.022793
-0.114702
-0.103051
-0.063295
0.072042
-0.001953
0.076285
-0.072683
0.129257
0.180528
0.363461
0.127041
0.093234
0.061429
-0.185162
-0.098239
0.101824
0.033103
-0.094137
-0.051459
0.020257
0.092144
-0.192971
0.042127
0.106026
0.032895
0.082658
0.075144
0.002739
0.032907
0.044772
-0.148248
0.057569
-0.222103
0.139636
-0.124392
-0.045001
0.071098
0.042416
0.146920
-0.049579
0.205534
-0.004641
0.121952
0.143892
0.166951
-0.041472
0.147691
-0.068414
-0.087099
-0.023518
0.026886
-0.010601
0.027452
-0.007695
-0.104614
0.040189
0.000221
0.261772
0.096291
-0.021524
-0.162259
-0.103830
-0.141321
-0.377296
-0.183230
-0.073870
0.260120
-0.228546
0.187215
0.145524
0.386936
0.034689
0.161520
0.105516
0.033888
-0.107114
-0.022072
-0.143634
-0.021019
0.108999
0.058855
-0.005908
-0.056322
-0.084924
0.108865
0.035096
-0.104082
-0.074339
0.073276
-0.050066
-0.099498
-0.080124
0.210988
-0.091675
0.026959
0.012221
0.077923
-0.009562
0.004543
-0.074583
0.080212
-0.032985
-0.111013
0.169659
0.036911
-0.096553
-0.227148
0.036416
-0.129227
0.321343
0.009432
0.191904
0.281490
0.058602
-0.054222
0.091875
0.149414
-0.449293
0.178708
0.018546
0.098040
0.157027
-0.069958
-0.130592
-0.230090
-0.056850
-0.107135
-0.101629
0.029143
0.036355
-0.055402
0.011160
-0.171285
0.064347
-0.008195
0.014486
0.137252
-0.045033
-0.177900
0.036580
0.299238
-0.094372
0.212225
0.119394
0.094385
0.106542
0.106738
-0.044902
-0.009807
0.119496
0.243216
0.257515
-0.063568
0.067525
-0.137432
-0.152766
0.037407
0.282218
-0.072972
-0.053282
0.147939
0.058849
-0.025675
-0.114884
0.151749
-0.091015
-0.079487
-0.070209
-0.109680
0.004455
-0.014966
-0.025668
0.213167
0.070623
-0.121125
0.136707
0.255074
0.231283
0.157128
-0.145034
-0.229689
0.038285
0.045313
-0.011907
0.100126
-0.303766
0.156371
0.039759
-0.008391
0.126521
0.090459
-0.123349
-0.099866
0.147928
0.127850
-0.078338
0.114318
-0.049869
-0.184431
0.200672
0.133199
0.075734
0.034926
0.035651
0.074197
-0.164834
0.033754
0.044048
0.058082
-0.071403
-0.037711
0.208675
-0.052230
-0.100939
-0.167859
-0.112912
-0.037862
0.050262
-0.047081
-0.116324
0.115494
-0.157236
-0.193045
-0.033375
-0.020596
0.010837
-0.101438
-0.349061
0.146522
0.125405
-0.258576
0.105750
0.007294
-0.096257
0.031735
-0.008593
0.099469
0.214499
-0.149673
-0.243468
0.017845
0.009814
0.112644
0.224801
0.064754
-0.090775
0.072198
-0.014681
0.199040
-0.019796
0.159257
-0.107011
0.054146
0.120901
-0.051598
-0.027618
0.116849
-0.088198
0.054931
0.141036
0.040974
-0.010287
0.033145
-0.026826
0.307785
-0.017328
0.181248
-0.073646
-0.092391
0.053131
0.098101
0.050817
0.151455
0.038362
0.098994
-0.071890
0.103833
0.280945
-0.191833
0.006372
0.008279
-0.047118
-0.230395
0.076219
-0.191962
-0.217436
-0.177827
0.039837
0.126307
0.000757
0.151086
-0.105582
-0.039882
-0.090023
0.125372
0.210604
0.122575
-0.016015
-0.042860
0.016314
0.051957
-0.138083
-0.166516
0.028486
-0.113614
-0.026483
0.165583
0.227513
0.078740
-0.064688
-0.199200
0.125559
0.057022
0.257922
-0.040317
-0.005973
-0.076670
0.138812
-0.001092
-0.030837
0.123260
0.050861
-0.238988
0.217350
0.144896
-0.043044
-0.191996
0.055944
0.042420
-0.171495
0.153711
-0.006303
-0.177862
-0.087855
0.059837
-0.169755
0.071255
-0.188060
0.143338
0.059894
-0.068948
-0.105709
-0.030999
-0.023172
-0.239495
-0.112096
0.238242
-0.036005
-0.050522
0.001089
-0.015514
0.160991
-0.064722
-0.042362
0.059675
0.077720
-0.052841
-0.091989
-0.021391
0.002167
-0.128019
0.098139
0.017331
0.049383
0.027479
-0.091538
-0.030061
-0.107697
-0.029876
-0.335389
-0.160535
-0.166202
0.047194
-0.033195
0.011774
0.145843
0.005711
0.110685
-0.226802
0.341254
0.143939
0.138835
0.542923
-0.121100
-0.078319
0.068537
-0.025543
-0.104130
0.187887
-0.195200
-0.022409
-0.063657
-0.028571
-0.063380
-0.345407
0.100759
-0.026090
0.041720
-0.282941
0.071156
-0.134030
-0.048861
-0.142269
0.177800
-0.135201
0.071405
-0.095830
-0.023943
0.010687
0.062339
-0.035516
0.066968
0.160190
0.076257
0.096563
-0.078279
0.180661
0.184086
0.139258
-0.094665
-0.124219
0.085576
-0.438234
0.008721
0.044414
0.130247
-0.133408
0.070916
0.087556
0.056687
-0.180525
-0.037654
-0.299820
0.005296
0.037421
0.107826
-0.092526
0.001904
-0.060479
-0.087624
-0.075613
-0.034879
-0.181617
-0.035105
-0.257930
0.077111
-0.033739
0.101998
-0.102072
-0.050837
-0.196529
0.071730
-0.010661
0.084268
-0.139633
0.001897
0.225982
0.165844
-0.013924
-0.000872
-0.108006
-0.079198
-0.058646
-0.051913
-0.218050
0.350423
0.093561
0.080081
0.135077
-0.237829
0.138034
0.281323
0.160463
0.052902
-0.296739
-0.100151
0.146549
0.087875
-0.069514
0.052352
-0.210936
-0.072241
-0.022881
-0.139392
-0.044731
0.088381
0.068255
-0.179966
0.040765
0.148813
0.104233
0.158152
-0.050034
0.043285
-0.070510
-0.022596
-0.285383
0.135009
0.214401
-0.070656
-0.069553
0.061842
0.200379
0.169137
-0.052250
0.159326
-0.052725
-0.163322
-0.025428
0.093632
-0.019632
-0.123121
0.181998
-0.072598
0.024709
-0.026907
-0.146927
-0.179237
-0.043970
-0.073617
0.115976
-0.053932
-0.142592
-0.142631
0.106847
-0.250142
0.224691
0.145364
-0.039588
0.034965
0.038378
-0.206585
-0.180143
-0.095302
-0.164803
0.112663
-0.032332
-0.125195
0.130794
0.125771
-0.028665
-0.072645
-0.089060
0.091850
-0.222396
-0.052880
-0.007612
0.001059
0.164391
0.256769
0.025105
0.128179
0.101116
-0.007317
-0.085144
0.007627
0.117758
-0.040764
-0.202708
0.154881
-0.113175
0.016653
0.039177
-0.149795
0.012574
-0.227904
-0.162307
0.075304
-0.005715
-0.139455
0.012091
0.007538
-0.006240
0.011712
0.164233
-0.105888
0.223200
0.064392
-0.198611
0.223935
-0.150374
0.260824
-0.011565
0.079327
-0.105305
0.096281
-0.138958
-0.054814
-0.170798
0.013637
-0.232721
-0.259735
-0.307854
0.061038
0.080034
0.063586
-0.120026
-0.302916
0.027018
-0.086554
-0.010008
0.158161
0.180219
0.180643
-0.135427
0.108698
-0.164795
0.196039
0.038554
-0.036319
0.195120
0.210711
-0.105429
-0.139692
-0.104773
-0.145468
-0.222108
-0.247059
-0.153464
-0.151700
0.157859
-0.040503
-0.097017
-0.108631
0.259836
0.115489
-0.296177
0.028182
0.254914
0.072680
-0.083958
0.066487
0.103044
-0.186019
0.143138
-0.061143
0.048974
0.035844
-0.076805
0.066944
0.062082
0.121722
-0.005529
0.325390
0.029386
-0.073093
0.046442
-0.075683
0.043500
0.324693
-0.049615
0.044206
-0.021512
0.015206
0.128845
-0.067051
0.094357
0.045687
-0.009235
0.081703
-0.104485
0.093005
0.028867
0.086481
0.020231
-0.159796
-0.045630
0.094591
-0.084683
0.247110
0.098264
-0.126009
-0.044600
0.158015
-0.184449
-0.168931
-0.177456
-0.098589
0.022678
0.147690
-0.065315
-0.139106
0.007441
0.205549
0.083354
-0.037132
0.114931
-0.026259
0.021438
0.034993
-0.106645
-0.156238
-0.231204
0.148000
-0.092548
-0.118235
0.082581
0.141805
-0.071420
0.217614
-0.199999
0.167291
0.098878
0.062463
0.137092
0.036234
0.173564
-0.021346
0.199329
0.143012
0.142502
-0.136438
-0.027789
0.031667
-0.424641
-0.062624
0.086267
0.187606
-0.174088
0.209044
0.031235
0.075335
-0.061717
-0.085312
0.156053
0.096568
0.160633
-0.148501
0.039746
0.097480
-0.008930
0.152305
-0.043579
-0.079606
-0.232736
-0.008331
0.153109
-0.299775
0.045613
0.035723
-0.024229
-0.001060
-0.035937
0.349329
0.050059
0.065250
0.106039
0.042153
0.044986
-0.136645
0.365538
-0.351111
-0.022217
0.094286
0.096167
-0.214303
0.031774
-0.033793
-0.175754
0.062534
-0.018595
0.031756
0.047969
0.178630
-0.015150
-0.029450
-0.238677
-0.116252
0.104122
0.142088
-0.183664
-0.215519
0.040781
0.023178
-0.099734
-0.035732
0.235893
-0.028052
-0.097383
-0.205519
-0.104013
0.123639
0.167158
-0.127397
0.346200
0.071934
0.042523
0.127576
-0.032512
-0.084639
-0.049531
-0.058104
-0.076060
0.218721
-0.178186
-0.021242
-0.108449
0.129400
-0.130777
0.100160
0.081671
-0.015323
-0.009054
0.065064
0.003597
-0.106141
-0.044041
0.034122
-0.105572
0.059319
-0.048799
0.027977
-0.029746
0.189538
0.009149
0.020148
0.076373
-0.110358
0.246767
-0.088104
-0.006870
-0.231469
-0.060715
-0.029964
-0.052299
-0.180856
0.032395
0.128157
0.076693
-0.031554
-0.030208
0.094574
-0.051065
-0.138440
0.341106
-0.094059
-0.058544
0.072064
0.126525
-0.033512
0.000017
-0.090072
-0.024945
0.306750
0.197097
-0.045130
0.091174
0.017627
0.105239
0.012802
0.052580
0.025237
0.240930
0.261914
0.072070
0.046088
-0.091829
-0.015425
0.028419
-0.083450
-0.164786
-0.092661
0.032057
-0.008678
0.148020
0.022898
0.133717
-0.151172
0.078501
0.008284
0.077589
-0.211734
-0.023857
0.103123
-0.007342
-0.007831
0.094892
0.010138
-0.120417
-0.019184
-0.065013
0.173643
-0.099502
0.143032
0.015771
0.006674
-0.131404
-0.194470
0.008267
0.060202
-0.039655
0.165032
0.228502
0.081126
0.111972
0.063135
-0.169397
-0.096199
-0.114450
-0.070100
0.053895
-0.011778
-0.052858
-0.223741
0.306811
0.017553
0.065770
-0.026684
-0.017286
0.178284
0.095789
-0.019046
-0.205696
-0.032167
-0.215196
0.048227
0.100416
0.238973
0.356059
-0.027354
0.226435
-0.038212
-0.060871
0.243210
0.122646
-0.023254
0.022613
0.005455
0.057377
-0.068009
-0.277684
-0.284435
-0.030645
-0.232208
-0.069432
0.196747
-0.054042
0.168912
0.140216
0.197916
0.071419
-0.070349
0.099196
0.058061
-0.220768
-0.060066
-0.027131
0.062741
0.235855
-0.246452
0.146057
-0.070497
0.058527
-0.192379
-0.097049
0.162167
-0.001934
-0.206211
0.010939
-0.102315
-0.117219
-0.009030
-0.019064
-0.058225
0.149135
-0.157177
0.070520
0.116473
-0.075691
0.075766
0.109666
-0.028302
0.142491
0.145117
0.137577
-0.014604
0.211024
-0.037994
0.093295
-0.465788
-0.158144
0.248303
0.060731
0.220964
-0.315460
-0.021808
0.260573
0.152226
-0.183467
-0.154118
-0.109700
0.218607
-0.124025
-0.000076
0.115186
-0.209319
0.057426
0.067255
0.049107
-0.184610
0.090769
0.009901
-0.029682
-0.225196
0.018473
-0.014958
0.032199
-0.051436
0.169699
0.144150
-0.118538
0.066051
0.092157
0.041671
0.174625
0.067946
0.004479
0.125177
0.234496
0.074129
0.167572
0.131019
-0.033314
-0.295373
0.094675
0.462981
0.042368
-0.020525
0.162246
0.224312
-0.023576
-0.032984
0.150930
0.025256
-0.030945
-0.049134
0.012913
-0.104077
0.040943
-0.048896
-0.015649
-0.228214
-0.132480
-0.054513
-0.083194
0.230517
0.026112
-0.057580
-0.075041
-0.052883
0.098567
0.094759
0.011052
-0.216456
0.234531
0.058381
-0.070804
0.099923
-0.060077
-0.036400
0.153254
-0.142733
-0.103785
-0.071293
-0.019121
-0.150082
0.220370
0.040380
0.070023
0.200699
0.074424
0.054536
-0.002049
-0.118175
-0.061136
-0.122977
-0.079057
-0.033084
-0.000163
-0.023096
-0.090230
0.024055
0.161292
0.044216
0.009581
0.130809
-0.128991
-0.271124
-0.129503
-0.120636
-0.136981
0.033316
-0.071434
-0.170226
0.078025
-0.155731
0.030784
0.145311
0.254421
-0.065036
0.073127
0.182397
0.109924
0.086943
-0.152788
0.086114
0.154575
0.191473
-0.087957
-0.177534
-0.182943
-0.021014
0.023721
-0.066844
-0.029933
-0.059981
-0.074987
-0.197923
-0.264388
-0.317794
-0.010158
0.190414
0.130726
-0.004464
-0.043504
0.233394
-0.143507
0.146609
0.218389
-0.195095
0.058047
0.049279
0.027366
0.053545
-0.045867
0.124158
-0.143517
-0.001759
-0.239923
0.084682
-0.085971
0.180405
-0.042842
-0.250552
-0.076817
-0.092159
-0.024630
0.042277
0.076728
-0.095267
-0.173512
0.128690
-0.098762
-0.067013
-0.041430
0.090234
0.019426
-0.033797
0.037022
0.248720
-0.044259
0.112386
0.045683
-0.164614
-0.053355
-0.057038
-0.072817
-0.125039
0.061077
0.099246
-0.039849
-0.022205
-0.081300
-0.075544
0.252437
-0.082976
0.043095
0.000403
-0.098041
-0.156778
0.191474
-0.035569
0.099941
0.147034
0.089556
0.072164
-0.241260
0.031240
0.024649
0.177963
0.068871
0.208565
0.068398
0.061650
-0.273173
-0.014323
-0.115531
-0.153551
0.110009
-0.036749
-0.199158
0.185021
-0.157036
-0.044636
-0.050369
0.023831
0.034299
0.095803
0.072979
-0.352869
0.020464
-0.287736
-0.154852
0.089779
-0.095289
0.083888
-0.208997
-0.173660
-0.076529
0.131602
0.132579
0.351996
-0.051095
-0.113872
0.068911
0.084885
-0.096277
-0.034606
-0.077380
-0.074379
-0.102046
0.060464
-0.076915
0.095883
0.153399
0.195533
-0.007424
-0.103869
-0.221433
-0.169206
-0.034031
0.099470
-0.182631
0.041455
-0.088912
-0.059493
-0.156238
-0.143562
0.174464
0.011102
-0.227330
0.218499
-0.011899
-0.091121
0.144638
0.031177
-0.042706
0.143347
-0.206064
-0.012143
-0.103797
0.055173
-0.130288
0.181376
-0.128423
-0.393904
-0.086264
-0.005674
0.041670
0.017748
0.086040
-0.045625
0.004256
0.173857
0.084775
-0.024860
0.006236
0.014947
-0.145819
-0.012172
0.090430
0.103710
0.056604
0.000419
0.307678
0.005371
0.206412
0.284308
-0.102714
-0.029498
0.033443
-0.045374
-0.050876
-0.063029
-0.089963
0.049481
0.001354
0.018687
0.084904
-0.117004
-0.219667
0.134936
-0.156881
0.090035
-0.040860
-0.035035
-0.013203
-0.201667
-0.176957
0.324202
0.072814
0.021500
0.086752
-0.020457
-0.018974
0.133118
-0.146922
0.138169
-0.208940
-0.099919
0.048117
-0.110108
-0.121894
0.192397
0.117707
0.060803
-0.040474
0.003856
-0.203095
0.158891
-0.030274
-0.210502
0.015646
-0.230483
-0.056621
0.409918
0.079848
0.058011
-0.077759
0.148525
-0.087568
0.058799
-0.079717
0.241939
0.309285
0.137491
0.031922
0.182716
0.129905
-0.075180
-0.012177
0.197842
-0.010519
0.182294
0.203432
0.256285
0.020405
-0.006199
0.043561
-0.051273
-0.068495
0.123394
0.031747
0.033421
-0.026678
-0.246202
0.352522
0.028149
0.023681
0.287024
0.083363
-0.041321
-0.148854
0.087522
-0.069695
0.199786
0.075202
0.025616
0.163228
0.079734
-0.180435
0.190091
-0.115167
-0.098169
-0.055490
0.075454
-0.057813
-0.078939
-0.004651
-0.065627
0.058246
-0.174162
-0.047893
-0.089848
-0.167363
-0.057000
-0.001989
0.360998
-0.103992
-0.045506
-0.093172
0.067653
-0.127646
-0.051479
0.106554
-0.200119
0.091400
-0.156555
0.231787
0.089205
-0.063715
-0.145065
-0.100090
0.241635
-0.063994
0.159436
0.125872
0.074383
0.144329
-0.167049
0.192923
-0.231024
0.270836
0.097204
-0.154090
-0.005770
0.050228
-0.114616
-0.043813
0.145652
0.137146
0.115124
0.000858
-0.036636
-0.173697
-0.141283
0.060833
-0.038937
0.108841
0.155496
-0.017511
-0.066013
-0.077326
0.101926
0.010584
0.033346
0.091351
0.082613
0.007510
0.016621
0.061460
0.281803
-0.027961
0.236595
0.007202
0.025168
0.150143
0.204038
0.001685
-0.134882
0.003894
-0.142929
-0.045571
-0.035169
0.008718
-0.105290
-0.005214
0.020024
-0.242355
-0.067789
-0.022558
0.025806
-0.134748
-0.180944
-0.203756
0.069137
-0.131790
-0.184077
-0.029882
-0.027496
-0.056454
0.232433
-0.181424
0.018041
-0.027616
-0.259510
-0.035200
-0.150638
-0.111275
0.072115
0.196318
0.074267
0.133168
0.174003
-0.020356
-0.193548
-0.347579
-0.138918
0.262940
-0.106031
0.000003
0.079668
0.166776
0.006893
0.006779
0.067678
0.165955
-0.065032
0.107818
0.074392
-0.145869
-0.197134
-0.139995
-0.353664
0.047707
-0.035814
-0.279513
0.104490
-0.081205
0.227420
0.232956
0.103744
-0.171531
-0.178921
-0.134422
-0.336366
-0.064654
0.008841
-0.062269
-0.087570
-0.037914
0.091833
0.201490
0.111838
0.045361
-0.010314
-0.124515
0.187917
-0.143560
0.011551
0.056986
-0.019265
-0.017101
0.238066
0.016936
0.107047
-0.088529
0.026134
-0.022462
-0.063045
0.125010
0.000174
0.126920
-0.038933
-0.229579
-0.043624
-0.103269
0.050395
-0.241646
-0.032699
-0.013943
0.168379
-0.081681
-0.035506
0.176256
0.001063
-0.025711
0.019218
-0.044722
0.234593
0.210040
0.046078
-0.088911
0.072705
0.158002
-0.051165
0.168549
0.046736
0.206545
-0.099519
-0.001014
0.173443
0.087154
-0.206449
-0.029729
0.151758
-0.016419
0.069537
0.068213
-0.001400
-0.134329
-0.084724
0.009079
0.070565
0.033089
0.021893
0.031018
-0.074381
0.050469
-0.071541
-0.025767
-0.035600
-0.148541
-0.011633
-0.034488
-0.152864
0.006701
-0.037271
-0.084923
-0.167221
0.060772
0.013226
0.318094
0.049248
-0.112395
-0.062465
-0.141973
0.137793
-0.020632
0.075477
-0.039788
0.009362
-0.139300
-0.040991
-0.353513
0.124906
-0.136266
-0.079000
-0.012953
-0.082563
0.057669
0.029033
-0.047854
0.262548
-0.076780
0.003622
0.135734
0.127776
0.101306
-0.069541
-0.067662
0.253641
0.014166
0.175050
-0.147187
-0.150237
-0.189491
0.035045
-0.046679
0.013102
0.170479
-0.014980
0.012896
-0.216711
0.077469
0.056989
0.006577
0.017556
-0.142500
-0.032770
0.081588
-0.075361
-0.066311
0.014043
0.013247
0.061222
0.001725
0.029192
-0.099462
0.106240
0.061839
-0.296676
0.287636
0.095525
0.006546
0.001291
-0.085980
-0.129791
0.297369
0.034742
0.017755
0.247887
-0.124960
0.136248
0.230387
0.152646
-0.053682
0.093270
0.156861
-0.269993
-0.132442
-0.065522
0.060418
-0.053244
-0.076538
0.031815
0.073327
-0.000394
0.039330
0.018978
-0.116474
-0.284772
0.008357
-0.079970
-0.009113
-0.019970
0.190289
0.005487
-0.116943
-0.011783
0.030338
0.002502
0.016582
-0.103971
0.085076
0.325854
0.012803
-0.025820
0.062785
-0.081140
-0.116018
-0.265603
0.057314
0.186716
-0.253543
-0.159192
-0.165209
-0.153061
-0.184016
-0.277786
0.168797
-0.089361
0.059036
-0.019430
0.119525
-0.020581
0.069972
-0.061635
-0.048255
0.133816
0.062776
0.098245
-0.072786
0.151291
-0.423809
0.092271
-0.174872
0.137059
0.104588
0.000532
-0.207600
-0.142335
0.137551
-0.029808
0.073786
-0.343664
0.070252
0.100599
0.230983
-0.107223
-0.385766
0.246079
0.138403
0.234922
0.019722
-0.039571
-0.184594
-0.018231
-0.111427
0.021033
-0.251750
-0.097876
-0.011451
0.038258
0.031857
0.150116
0.000921
-0.154671
0.138454
0.024633
0.005488
-0.075110
0.312575
0.026056
-0.168548
-0.182054
-0.187072
-0.168063
0.082665
-0.182089
0.015044
-0.358058
-0.027489
-0.117966
-0.131508
-0.126534
-0.073697
0.064032
0.096984
-0.013850
0.004951
0.111883
0.232392
-0.008483
-0.012484
0.009770
-0.033256
-0.194879
0.149414
-0.009595
0.003884
-0.050263
-0.086789
0.140595
-0.245646
-0.017246
-0.142690
0.038143
0.279473
0.091616
0.009622
0.089811
0.062493
0.189957
-0.161260
0.130308
-0.071087
-0.068119
0.030407
-0.162309
-0.119488
-0.061831
0.127157
-0.000297
0.125348
0.287544
0.002239
-0.109378
-0.093769
-0.086536
0.115828
-0.148139
0.075358
-0.053119
0.037547
-0.011770
-0.159203
-0.053420
-0.022464
-0.038463
0.125921
-0.067910
-0.153385
0.095172
0.097169
0.224918
0.000194
-0.017375
-0.292557
0.195616
-0.198990
-0.241005
0.206594
-0.111511
-0.180504
0.024623
-0.146537
-0.165160
-0.043669
0.097302
0.105419
-0.164411
0.223338
0.306433
0.207540
0.227128
0.177737
0.001257
0.128807
0.049298
0.188260
0.035435
-0.062404
0.187534
-0.239037
-0.033630
0.097822
-0.197089
0.107200
-0.104345
-0.032187
-0.018364
0.116765
-0.106633
-0.003532
-0.099696
-0.361333
0.065851
-0.070451
0.143572
-0.109546
0.118637
0.060676
-0.065203
-0.003211
-0.049798
-0.014058
-0.053700
0.031261
0.102167
0.137354
0.089917
0.054928
0.011130
-0.051660
0.160707
-0.256978
0.071376
0.100201
-0.208080
0.085860
0.066124
-0.220961
-0.187584
0.315045
-0.182075
0.020858
0.172251
0.154314
0.134334
0.185455
0.240074
-0.013853
0.149766
-0.152516
-0.384095
0.009815
-0.227482
-0.117050
-0.063165
-0.033665
0.050651
0.032680
-0.160073
-0.123126
0.021295
-0.222517
-0.163366
0.118100
-0.189795
0.007296
0.114988
-0.115240
-0.130252
-0.046927
0.116042
-0.066538
-0.022218
-0.027403
0.029484
0.388735
0.087957
0.043257
0.074000
-0.348459
0.174538
-0.020815
0.047207
0.032359
0.028153
-0.123490
0.023326
-0.031425
0.199381
0.248716
-0.172100
-0.183768
-0.108628
-0.086485
-0.033561
-0.066132
0.195579
-0.014192
-0.124036
0.081768
-0.028419
-0.137184
0.074774
-0.018375
0.031261
0.072225
0.083443
0.040625
0.077734
0.010273
-0.270003
0.022909
0.139460
0.063631
-0.002702
-0.111079
0.048812
-0.199320
-0.064389
0.038986
-0.044994
-0.062627
0.080617
-0.034156
-0.053707
-0.178797
0.103557
-0.037391
0.117303
-0.036482
-0.128706
0.047881
-0.090328
0.138386
-0.073975
-0.047297
0.010919
-0.016322
-0.078242
0.009307
0.196175
-0.073982
-0.038876
-0.149115
0.024929
0.097056
0.146984
-0.121022
0.065311
0.188080
-0.031140
0.126390
0.016514
-0.031817
-0.250852
-0.016473
-0.097174
-0.101466
0.214854
-0.143616
-0.195718
-0.164035
0.040990
-0.008421
-0.039196
0.114799
-0.067979
0.156543
-0.019545
0.007085
0.060773
-0.037853
-0.044311
-0.073310
-0.348282
-0.014874
-0.073788
0.073671
0.208917
-0.114569
0.210619
-0.054276
0.103062
-0.018342
-0.134075
0.217705
-0.083209
0.109785
-0.005344
0.017843
0.092473
-0.098842
-0.069389
0.072216
-0.087209
-0.190524
-0.147444
0.260170
0.133050
0.002250
-0.015362
-0.036812
0.146823
0.088483
0.061231
-0.213988
0.032491
-0.120615
-0.012970
-0.002556
-0.005119
0.155488
0.046429
0.120691
0.075436
0.199537
-0.056741
-0.018854
-0.065586
0.189648
0.157560
-0.001321
0.030606
-0.017236
-0.147480
-0.050907
-0.038755
0.102917
0.266675
0.133154
-0.013121
0.036224
0.153654
0.013292
0.254337
-0.129290
0.041958
-0.063064
0.026665
-0.013810
-0.087990
-0.051868
-0.131222
0.093593
0.024244
0.043686
0.074120
-0.024386
0.071020
-0.075048
-0.100064
0.324131
-0.121455
0.041756
-0.214319
0.061406
0.043731
-0.173345
-0.108426
0.033762
-0.028098
0.083679
-0.155584
0.101596
0.191345
-0.133092
-0.103320
-0.192249
0.105684
-0.035974
0.010308
-0.096659
0.064612
-0.248396
-0.114150
0.333846
-0.060511
-0.175929
-0.002775
0.224442
0.100200
0.116302
-0.068701
0.044967
-0.081113
-0.175841
-0.111803
0.058789
-0.205862
0.028356
-0.311135
0.041561
-0.112886
0.265246
0.007978
-0.133807
-0.116975
-0.109986
-0.115136
0.110471
-0.189657
0.015561
-0.032477
-0.124252
-0.007524
-0.059551
0.072269
0.108031
-0.159769
0.016089
0.113527
-0.158883
-0.088536
-0.018750
-0.050630
-0.168170
0.034401
-0.188374
-0.115759
0.081081
0.162798
0.093481
-0.215104
-0.019393
-0.216855
-0.280548
0.325329
0.027608
0.216572
0.092838
0.096735
0.052832
-0.213110
-0.088720
0.133673
-0.099668
0.187714
0.025504
0.027882
0.161328
-0.147632
-0.022566
0.137034
0.008369
-0.066966
-0.302499
-0.079151
-0.000705
0.273218
0.008077
-0.214870
0.017422
0.020616
-0.061566
0.022327
-0.127829
0.169997
0.019577
-0.216794
0.363519
0.076891
-0.199996
0.021527
