# 参数名称：backbone.features.7.conv.6.weight
# 参数形状：(64, 192, 1, 1)
# 参数数据类型：float32
# 参数值（保留6位小数）：
-0.006209
-0.195027
-0.060128
0.206213
-0.019027
-0.212092
0.085816
0.051389
-0.354033
-0.064238
0.155511
0.215081
-0.122084
-0.191257
0.166407
-0.075535
0.001948
0.059957
0.256289
-0.170917
-0.263518
-0.154039
0.159173
0.156380
0.085367
-0.095218
0.046562
0.274876
-0.111702
-0.118428
-0.026484
0.210956
0.021498
-0.027614
0.005221
-0.140020
0.065360
0.211294
-0.222168
0.063111
0.028361
-0.260739
0.055364
-0.052030
0.009734
-0.328219
-0.221530
0.338855
0.074228
-0.283337
0.248034
-0.234370
-0.217171
0.251820
0.069126
0.143586
-0.021096
0.079575
0.177753
-0.293552
0.275911
0.066234
-0.113643
-0.392047
0.145344
-0.011512
0.275167
0.062375
-0.257219
-0.074400
-0.101018
0.142982
-0.235826
-0.178400
-0.244222
-0.093013
-0.224906
0.179837
0.169910
0.152820
0.051486
0.240667
0.062399
-0.100183
0.073871
-0.092732
-0.044189
-0.125296
-0.136856
0.112394
0.036021
0.199018
0.118486
-0.253265
0.163373
0.249670
-0.037473
0.068942
-0.237620
0.015649
-0.334412
-0.104687
-0.171338
0.056942
-0.208936
0.052653
0.291128
0.187996
0.282779
-0.359819
-0.116484
0.109068
-0.112222
0.147854
-0.131143
0.156332
0.005346
0.101806
-0.258399
0.058463
0.292267
0.075330
0.188849
0.106369
0.071991
0.187936
-0.102679
0.080782
0.068955
-0.133011
-0.087641
-0.175165
-0.318655
-0.322048
0.186798
0.362388
-0.097804
-0.046800
0.178050
-0.015843
-0.008763
-0.246783
-0.232326
0.133881
-0.150858
-0.097754
-0.241096
-0.052318
0.021529
-0.202415
-0.174608
-0.043687
0.365068
-0.051349
-0.063838
0.059217
0.248822
0.201423
0.046135
0.202703
0.290987
0.027544
0.129643
0.061875
-0.132032
0.330763
-0.005170
-0.009560
0.035380
-0.482084
0.210875
-0.136518
-0.052615
-0.099740
0.306674
-0.036208
-0.060054
0.120227
0.318242
0.036802
0.036894
0.109903
-0.274596
-0.437011
-0.057477
-0.059907
0.196538
0.109635
0.150150
-0.122230
0.417915
0.174093
-0.233194
-0.107949
-0.084036
0.187249
0.014394
0.043001
0.309466
0.211622
-0.246901
0.043699
-0.241991
0.193306
-0.016700
0.007253
0.088611
-0.032962
-0.049324
0.149834
-0.254647
-0.107592
0.148453
-0.373504
-0.089157
-0.128113
-0.162841
-0.186798
0.100269
0.182978
0.164246
0.299194
-0.265874
0.244956
0.173938
-0.478291
-0.114739
-0.228467
-0.009370
-0.216320
-0.031671
0.238865
0.049353
0.227446
-0.026277
0.271141
0.015142
0.036554
0.041228
0.086834
-0.103667
0.021466
-0.038232
0.191893
0.112722
0.071697
-0.025370
0.288800
0.011703
0.154363
0.190429
-0.222485
0.047519
-0.284128
0.161190
0.277122
0.221765
0.054208
-0.047540
-0.009555
0.042770
-0.025545
0.230732
-0.081995
-0.184456
0.042034
-0.248646
0.108108
-0.090850
-0.105258
0.205840
0.118221
0.078293
0.264115
-0.131472
-0.161725
0.124891
-0.106628
-0.319772
0.004265
-0.138163
0.276488
0.049511
0.128557
-0.113086
-0.100420
-0.253210
0.146574
0.047412
-0.111930
0.323109
-0.038385
0.087675
-0.054184
0.033609
0.029351
0.085296
-0.010118
0.063302
0.053502
0.068924
-0.025713
-0.600978
-0.120544
-0.135772
-0.116864
-0.083557
-0.107686
0.238035
-0.382200
0.149795
0.117250
0.113621
0.141081
0.314322
-0.057094
-0.210157
0.137039
0.184821
0.014940
-0.372622
0.328990
0.083656
0.220149
0.056383
-0.168633
0.064471
0.088571
-0.074882
0.161992
0.093604
-0.028863
-0.001012
0.080723
0.216717
0.042457
-0.217264
-0.000602
0.020136
-0.505313
0.230404
0.018691
0.017604
0.061469
0.292057
-0.116177
-0.056009
-0.133718
-0.221667
-0.004960
-0.033341
0.194239
-0.182812
-0.123885
0.022188
0.111689
-0.032848
0.190787
-0.248558
0.409613
-0.088614
0.318760
-0.035866
0.042114
-0.160746
-0.035565
0.014506
-0.045182
0.137660
-0.201685
0.521336
0.253501
0.016268
-0.045083
-0.032632
-0.011105
-0.271975
-0.146954
-0.066766
0.215621
0.301588
0.144575
0.002306
0.106989
0.064062
-0.158186
-0.106446
-0.115248
-0.092680
0.064206
-0.089535
0.042440
-0.378480
0.195809
0.304748
-0.022679
-0.165173
0.085641
0.058153
-0.055666
0.087737
-0.220537
0.213330
-0.255422
-0.059614
0.159851
0.016107
0.109553
0.057163
0.042600
-0.186507
-0.027398
-0.101352
0.066913
0.139160
0.030675
0.152991
-0.069247
0.200869
0.213009
0.167145
-0.084662
-0.142493
-0.098840
-0.086642
0.414609
-0.009467
0.226556
-0.164088
0.166987
-0.203256
-0.037596
-0.400094
-0.242565
0.374431
-0.116494
0.021722
-0.078811
-0.102693
-0.130824
-0.137825
0.000903
0.124885
-0.116440
0.128535
0.111603
-0.122951
-0.359472
-0.013960
-0.019796
0.143687
0.243395
-0.010105
0.318651
0.067185
0.008366
-0.170815
-0.281388
0.008937
-0.123090
0.278720
0.043899
-0.200787
-0.053529
-0.068973
0.234895
-0.122126
-0.185472
-0.302547
0.182192
-0.079633
0.145214
0.317444
-0.244209
-0.405313
0.034598
-0.180287
-0.062660
0.075954
0.119274
-0.212031
0.178017
0.337045
-0.128052
-0.144532
0.070504
-0.118213
-0.053245
-0.215156
0.261108
-0.514734
-0.111629
0.027737
0.061516
0.218251
0.442071
0.125360
0.257665
0.030114
-0.416786
-0.013845
-0.261476
-0.108253
0.068307
-0.025898
-0.342348
-0.137488
0.260432
0.054170
0.389167
-0.017246
0.168509
-0.280874
0.111028
0.463868
0.270475
-0.193040
0.225186
0.194649
-0.414956
-0.111209
0.155648
-0.228644
0.345275
0.160619
-0.069617
-0.180617
0.127053
-0.229012
-0.019182
-0.069411
0.037698
-0.212021
-0.026114
0.174392
-0.147114
0.191641
0.071788
-0.007335
0.515203
0.136453
0.263927
0.144404
0.290999
0.067901
0.024061
0.031101
-0.019152
-0.229798
-0.170239
-0.021491
0.272606
0.041488
-0.097842
0.280894
0.153132
0.149460
0.191705
0.142080
0.172143
0.128857
-0.275480
0.310858
0.075603
-0.059648
0.002968
0.316821
0.110637
0.158357
-0.110890
0.280488
0.144545
0.362158
0.154053
0.063823
-0.042993
0.020924
0.132656
-0.158232
-0.136547
-0.388076
-0.128953
-0.014440
-0.193881
-0.385959
-0.030609
-0.164116
0.094964
-0.046846
0.081315
0.332165
0.016819
0.245708
0.036801
-0.053985
0.282002
-0.072495
0.075801
-0.245874
-0.359490
0.096177
0.062629
-0.081471
-0.077826
0.059597
-0.135172
0.042386
-0.225195
-0.087482
0.079987
-0.224120
-0.119580
0.103021
0.122295
0.108989
-0.160924
0.168722
0.104157
-0.210123
0.107175
0.033322
-0.173767
0.206202
-0.003920
-0.056688
-0.034271
-0.009077
0.275872
-0.156948
0.184450
0.024659
-0.101631
-0.048485
0.059813
0.069958
-0.027515
-0.216006
-0.111988
0.233715
-0.289859
-0.168289
-0.209585
-0.118741
-0.031036
0.220928
-0.183086
-0.107370
0.133380
-0.245222
0.157589
0.148024
-0.006359
0.054455
-0.066644
-0.202083
-0.131404
-0.275402
0.028252
-0.078900
-0.059137
0.160104
0.068773
0.214269
-0.172451
0.081100
0.281502
0.236798
-0.097490
0.006397
-0.077681
-0.135875
0.132119
0.024480
0.174497
-0.127500
0.342013
-0.037492
0.233985
0.301638
-0.082328
0.148323
-0.078287
-0.077743
-0.302028
-0.082555
-0.123812
-0.055661
0.019891
-0.058694
0.139882
-0.122700
0.280523
-0.168535
0.392166
-0.169085
-0.206529
-0.117639
0.001184
0.290633
-0.265503
0.103844
-0.285293
-0.135259
0.131877
-0.274649
0.027992
0.175582
0.122275
-0.237598
0.273517
0.038913
0.267223
-0.023985
0.049999
-0.178029
-0.322764
-0.032610
0.021379
-0.271081
0.024566
0.003281
-0.225064
0.369385
0.269360
0.068065
-0.065642
0.140813
-0.113750
-0.097854
0.223296
-0.196553
-0.226687
0.156243
-0.115153
-0.005903
-0.266042
0.165143
0.186629
-0.291090
0.443171
0.018581
0.016287
-0.176784
-0.077667
-0.331704
0.056208
0.122686
-0.081009
0.237913
0.179484
-0.106026
0.219577
-0.034700
-0.247741
-0.034365
0.045198
-0.098303
0.106445
0.093642
0.184226
-0.258091
0.183604
0.052059
-0.404309
0.034800
0.155313
0.074425
0.316254
-0.234788
-0.124949
0.016072
0.226438
-0.008012
-0.014691
-0.160818
0.326785
-0.012449
-0.226352
-0.138253
0.382201
0.102153
-0.391495
-0.071934
0.311544
-0.061244
-0.043536
-0.033126
-0.082614
-0.131027
-0.099283
-0.115564
-0.138372
-0.233367
0.065763
0.137242
0.170195
-0.287346
0.044913
-0.161118
0.412907
0.096696
-0.087125
0.141674
0.071354
0.071935
0.201276
-0.254299
0.213882
0.058409
-0.088000
-0.108921
0.174365
0.239507
-0.103530
0.097970
0.105748
0.271843
-0.007919
-0.115664
-0.073010
-0.398983
-0.133219
-0.249879
-0.112445
0.129743
0.019486
-0.231637
-0.061781
-0.355515
-0.004190
-0.023976
0.117074
-0.119523
-0.010035
-0.070183
0.015827
0.086347
0.236301
0.051343
-0.091132
0.232360
0.244430
-0.204568
0.037349
-0.223192
-0.091151
-0.099670
0.015651
-0.242916
-0.115619
0.188212
0.067416
0.090851
0.095722
0.207627
-0.012461
-0.030564
-0.154736
-0.145876
-0.029725
0.014029
-0.024665
-0.019690
0.137622
-0.163148
-0.024075
-0.233202
-0.099510
0.007971
-0.016549
-0.309707
-0.037108
-0.192783
0.182796
-0.006023
0.128463
0.034159
-0.113937
-0.054974
0.291392
0.232231
-0.211251
0.049188
0.180216
-0.010453
0.192856
0.086846
-0.079246
0.342564
0.208569
-0.103192
-0.073482
-0.445113
0.049575
-0.102347
-0.112592
0.020293
0.034914
0.029621
-0.009799
-0.006948
-0.082074
0.031746
0.003413
0.223516
0.212628
0.098471
-0.106521
-0.654766
0.241103
-0.118252
-0.058799
0.242955
0.091238
0.047392
-0.152326
0.091117
-0.011545
-0.126580
-0.028395
0.237779
0.147634
0.080336
0.158057
0.101406
0.266061
-0.060183
-0.121820
-0.075182
-0.270843
-0.020129
0.280702
-0.008190
0.213670
-0.166023
-0.066705
0.168665
0.344246
-0.344397
0.031910
-0.075186
-0.428392
0.168199
0.209037
0.254942
-0.067460
0.152952
0.082713
0.086652
0.040396
-0.033222
0.276621
0.113958
0.020407
-0.051693
-0.130950
0.140295
-0.130630
0.033113
0.007766
0.074300
-0.026591
0.443130
-0.129154
0.310461
0.164623
0.045683
0.186134
-0.115529
-0.107636
0.002626
0.159206
-0.053046
0.002651
0.167228
-0.021507
-0.292287
-0.107204
-0.185767
0.177216
0.078715
-0.056906
0.258806
-0.186904
-0.176189
0.000169
-0.068605
0.063960
-0.348863
0.261874
0.256309
0.213618
-0.115670
-0.009033
0.289048
0.184760
-0.061001
0.002898
0.025266
-0.094147
0.015261
-0.029872
0.241495
0.053443
0.103286
-0.196129
-0.015975
-0.127648
-0.031189
0.080354
0.207519
0.062396
-0.110060
-0.357557
0.411489
0.145704
-0.157180
-0.006560
0.023178
-0.132402
-0.212730
0.103017
-0.078077
-0.140142
0.077519
-0.156275
-0.112632
0.142136
-0.121938
0.111268
-0.058199
0.146784
0.193122
-0.104855
0.204978
-0.088765
-0.196433
0.083335
0.221774
0.063140
0.074088
0.197839
-0.289015
-0.269522
0.021090
0.078874
-0.059606
-0.025048
-0.176606
-0.043729
-0.124904
0.047204
0.115236
0.271350
0.024538
0.118299
-0.420424
0.370728
0.117521
0.408150
0.015616
-0.031587
-0.195378
-0.319798
-0.026035
0.083149
-0.093208
0.158954
-0.064176
0.355518
0.257001
0.325530
0.246665
-0.213858
0.003663
0.017334
0.136758
-0.131142
-0.203110
0.069061
0.072802
0.019346
0.177316
-0.210283
0.025844
0.174094
-0.055217
-0.087560
0.170958
-0.005089
0.266121
0.003392
-0.204575
-0.051800
0.090017
0.120590
-0.020109
0.068331
0.100606
-0.167689
0.352985
0.097544
-0.243651
0.278560
-0.101697
0.024132
0.014960
-0.053297
0.058147
0.127309
0.278978
0.089283
-0.087218
-0.214750
-0.197667
0.030151
-0.001844
-0.071347
-0.169875
-0.203197
0.285217
0.192232
-0.295513
-0.359347
-0.334807
-0.302866
0.145094
-0.355569
0.126678
0.090435
-0.033431
0.286935
0.109059
-0.205785
0.013288
-0.023334
0.223850
0.306629
0.038276
-0.353151
-0.004542
0.105973
-0.131341
0.009221
-0.199715
0.133608
-0.038373
0.050158
-0.126635
-0.263168
0.383000
-0.199581
0.471285
-0.178893
-0.251457
0.096153
-0.237980
-0.290862
-0.042742
0.144798
-0.141438
0.181604
-0.350751
0.277506
-0.005502
-0.349064
0.074963
-0.028104
0.068297
0.105112
-0.436420
0.152359
-0.046293
-0.084932
0.048039
-0.073092
-0.079454
-0.072497
-0.014535
-0.153967
0.292608
-0.183309
0.137173
0.139098
0.038107
0.000312
0.252649
-0.094403
-0.294899
-0.276403
-0.082457
-0.138329
-0.041306
0.079265
-0.217452
0.400048
-0.072252
0.142414
0.073248
-0.065397
0.084790
-0.164333
0.143681
0.268890
0.533070
0.196736
0.355346
-0.155565
-0.179688
0.010154
0.007347
0.143862
0.011337
0.114903
-0.117985
0.108170
0.116865
-0.212217
0.046364
0.393762
0.199089
0.020218
0.022679
0.061038
-0.182876
0.119032
-0.059914
0.069361
0.018713
-0.093923
-0.010003
-0.020475
0.154581
-0.024636
-0.073811
-0.150587
0.028885
-0.093277
0.211096
0.097233
-0.066176
-0.143936
0.346632
-0.037652
-0.046522
0.006866
0.025186
-0.292347
0.183428
0.211144
-0.123786
-0.220285
-0.134017
-0.467293
0.024568
-0.126648
0.016130
-0.146131
0.101944
-0.164865
0.020931
-0.001399
-0.039664
0.110151
0.079549
0.150714
-0.117953
0.258046
-0.008824
0.004696
-0.094469
-0.003147
0.001825
0.152360
-0.124606
-0.240454
0.111058
-0.100755
-0.306817
0.015975
-0.094823
-0.063135
-0.032532
0.004462
0.019636
-0.057281
-0.001586
0.079211
-0.005719
0.089506
-0.141211
0.123045
-0.105330
-0.184329
-0.136634
0.236483
0.188232
0.110046
-0.039147
-0.393568
0.268115
0.102266
-0.283942
-0.083099
0.088106
0.087774
-0.313057
-0.265408
0.351007
0.024565
0.158026
-0.286315
0.119842
0.053275
0.038000
0.228783
0.039618
-0.114786
0.015482
0.127128
-0.253128
0.189114
0.387558
-0.086856
0.185318
0.355429
0.122400
0.127781
0.032148
0.273532
-0.351852
0.193218
-0.358428
-0.112603
-0.133072
-0.188494
-0.271147
0.156986
0.204941
-0.128579
-0.010129
0.118435
-0.150831
0.003562
0.352225
0.049272
0.051223
0.442758
-0.164698
-0.101030
0.028989
-0.047337
0.316554
-0.061954
-0.250411
0.183023
0.054483
-0.239959
-0.159895
-0.178680
-0.035665
0.046138
-0.122537
0.150271
0.093033
0.010085
-0.249247
0.193819
-0.061033
0.179808
0.086236
0.120464
-0.432838
0.004036
0.037518
0.170182
0.123296
0.102134
-0.109112
-0.164125
-0.108897
-0.282532
-0.162279
0.130427
-0.152502
-0.006355
-0.207134
0.266725
-0.005516
0.015001
0.220133
-0.057842
0.043458
0.060389
0.176631
0.198858
-0.219734
0.342110
0.046651
-0.229770
-0.164084
-0.100868
0.272488
0.028716
-0.046466
-0.020945
0.147742
-0.055286
0.009202
-0.018126
0.011082
-0.185297
-0.161269
0.241245
-0.168235
0.119078
0.243225
-0.314245
0.092396
-0.250247
0.013594
0.150591
-0.071113
-0.058808
0.121381
-0.187496
-0.078881
0.469487
-0.003721
0.096500
0.087781
0.134805
-0.247595
-0.173661
-0.018104
-0.354193
-0.012014
-0.062964
0.120896
-0.363219
0.085334
0.303759
-0.110467
0.233468
-0.014360
0.130746
0.116596
0.157612
0.017547
0.267123
0.132739
-0.044588
-0.007025
-0.122422
-0.108541
-0.208971
0.080617
-0.133675
0.141620
0.186697
-0.046774
0.016215
0.089826
-0.134287
0.102916
0.107855
-0.165201
-0.299552
-0.216879
0.012790
-0.136355
0.015428
-0.093291
0.014856
-0.169652
0.042486
-0.078178
0.175390
-0.158355
-0.330324
-0.065089
0.155716
0.128568
0.319440
-0.039490
-0.016371
-0.100589
-0.006644
-0.114119
0.224712
0.042830
-0.189075
-0.316650
-0.136778
0.024065
-0.035323
0.062543
-0.092894
0.139811
-0.353528
0.147818
-0.105291
-0.030083
0.222422
-0.043143
0.015167
-0.127927
0.030082
-0.147518
-0.198883
-0.147106
0.007591
0.031121
-0.047548
0.020274
-0.028829
0.224586
-0.268530
-0.064438
0.052862
-0.191298
-0.088048
-0.189811
0.043547
0.242835
0.098474
0.071329
-0.038076
0.003234
0.140657
-0.144278
-0.116947
0.429509
-0.209677
0.004234
-0.242717
0.222211
0.007949
-0.166122
0.035027
-0.209583
0.270002
0.002823
-0.043977
-0.219697
-0.024551
0.149233
-0.009800
-0.024833
-0.308428
-0.054477
-0.218305
0.202937
0.028566
-0.235579
-0.143817
0.008695
0.142849
0.337462
-0.333784
-0.074915
-0.318715
0.217877
0.130651
-0.230023
-0.326056
0.236973
0.077781
-0.032463
0.112709
0.010576
0.246888
0.309746
0.267679
0.099305
0.048167
0.040540
-0.161692
0.294363
-0.145423
0.130994
-0.111261
-0.118295
-0.113599
-0.024612
0.200343
-0.001090
-0.094609
-0.271750
-0.159662
0.008473
-0.007658
0.048051
0.083675
0.049159
-0.307459
0.102260
-0.179767
0.255051
-0.166233
0.022126
0.051990
-0.270144
0.013258
0.299901
-0.258291
0.130385
0.259882
-0.005686
0.083422
-0.070176
-0.018804
0.389552
0.054171
-0.196854
-0.001438
-0.175965
0.236018
0.060279
-0.057230
-0.199681
0.136929
0.070396
0.313104
0.091073
-0.159170
0.049358
0.176301
0.336869
0.491582
0.216688
-0.390060
-0.109590
0.057842
-0.080082
0.041412
-0.157470
0.112960
0.160183
0.052621
-0.167195
-0.381893
-0.108895
-0.267977
0.244035
0.131575
0.040987
0.070350
-0.199111
-0.091441
0.294756
0.025718
-0.027270
0.326947
-0.341344
-0.108199
-0.219531
0.511128
0.035505
-0.099310
-0.169438
-0.109527
0.046327
0.000445
0.087552
0.086936
-0.012109
-0.175288
-0.277790
-0.036088
-0.012318
-0.418427
-0.104976
0.207555
0.132875
-0.078883
-0.158303
0.039792
-0.020129
-0.117802
-0.001043
0.384214
-0.203300
-0.057155
0.011480
0.033097
0.042373
-0.291545
-0.009099
-0.058111
0.062119
0.022007
0.037526
-0.128649
-0.086248
-0.086409
0.123920
-0.092919
0.056217
0.116319
0.189278
-0.002004
-0.148174
-0.245089
-0.296228
-0.097263
0.037514
0.086277
0.308757
-0.182183
0.104277
0.282192
-0.000545
0.031733
-0.255935
-0.126294
-0.074996
-0.105255
0.110980
0.049798
0.055804
0.089956
-0.170372
-0.291911
0.033523
-0.256504
0.004917
0.059617
0.348591
-0.011858
-0.241253
-0.256546
-0.181201
0.318072
0.390386
0.017735
-0.059790
0.033795
0.180970
0.039647
-0.056060
0.093484
0.059109
0.034025
-0.006510
0.118448
-0.048931
-0.102281
0.015244
0.086256
-0.229707
0.110512
0.178779
-0.181499
0.079907
-0.275764
-0.220075
-0.138440
-0.104973
0.371482
-0.220455
0.108079
-0.198334
-0.285248
-0.187303
-0.100151
-0.095357
-0.084355
0.058276
-0.000928
0.025821
-0.141863
0.000373
0.147054
-0.182645
-0.024354
0.203607
0.024071
0.047241
0.039682
-0.038308
-0.033629
-0.007033
-0.189685
0.083411
0.070624
0.143265
-0.071170
-0.344023
-0.187110
0.100301
-0.243524
-0.085769
-0.253594
-0.112119
0.096557
-0.016206
0.236853
-0.090102
-0.110754
-0.065014
-0.051492
-0.361206
-0.042035
0.059387
0.139551
0.360926
-0.059754
0.132193
0.199436
-0.003224
-0.120253
0.248783
-0.068330
0.135127
0.123432
-0.037141
0.198728
-0.141920
0.024630
-0.098426
0.130814
0.094773
0.121014
0.249046
0.034897
0.168201
-0.126833
-0.143364
0.104314
-0.251812
0.115607
-0.068585
-0.051540
-0.056993
-0.127698
-0.176653
-0.227904
0.211021
0.053614
0.141113
0.175843
0.346718
0.200861
0.054324
0.201702
0.245112
-0.157167
0.133594
-0.104430
0.036841
0.153444
0.045696
0.425509
0.176905
0.064282
0.349747
0.303503
0.201843
-0.073323
0.260313
0.131512
-0.286594
-0.357406
0.169002
-0.183615
0.078535
0.353857
-0.361834
-0.026275
0.418829
0.212130
0.185775
-0.223538
-0.088525
-0.122922
-0.068235
0.099069
0.073997
-0.218511
0.150533
0.380533
-0.023406
0.284139
-0.272019
0.236400
-0.218953
-0.097550
0.057754
0.063715
0.186178
-0.198271
-0.055796
-0.077916
0.094047
-0.330804
-0.193428
-0.284832
-0.263938
-0.067202
-0.019468
0.137142
-0.116097
0.139958
0.121144
0.230904
0.506205
0.276899
0.088723
0.148299
-0.056918
0.174431
0.312675
0.063246
-0.282608
-0.049066
-0.326420
0.155246
0.011846
0.133015
-0.132284
0.067833
0.054991
0.402342
-0.049097
0.045308
-0.117339
0.223390
0.108600
0.309463
0.017137
-0.298401
0.129729
0.386413
0.386514
-0.315450
0.056304
0.117867
-0.173986
-0.123081
-0.154345
-0.179920
0.191131
0.254048
-0.008848
0.024072
0.124861
0.187146
-0.155247
-0.238195
0.104550
-0.153831
-0.368110
-0.064476
0.101818
0.032505
-0.068885
0.157805
-0.199907
-0.145111
0.044919
0.074940
-0.264420
0.114984
-0.006956
-0.049978
-0.175253
0.139742
-0.417890
-0.037563
0.165619
-0.202889
-0.134101
-0.384562
0.509149
0.230464
-0.042224
0.051186
0.030437
0.000108
0.233635
-0.079342
0.149208
-0.240597
-0.055446
0.104702
0.019739
0.061692
0.181456
-0.049489
0.022561
-0.119549
0.036925
0.034363
-0.156914
-0.022324
0.010268
0.008476
-0.125963
0.225174
-0.100712
-0.043609
-0.140980
0.024671
-0.069558
0.002038
-0.113181
-0.091019
-0.103277
0.006701
-0.236820
-0.026934
0.273371
-0.364829
0.053426
0.138029
-0.006110
-0.019979
-0.021192
0.260840
0.048802
0.108699
-0.073455
-0.067984
-0.152217
0.175400
0.335295
-0.020135
-0.161569
-0.250414
0.151104
0.120415
-0.181670
-0.094438
0.096343
0.411055
-0.345786
-0.190798
0.137579
0.015283
0.215920
-0.351660
-0.039981
0.031622
0.144579
0.231752
-0.049156
0.029399
-0.168970
-0.169219
0.231994
-0.042418
-0.128947
-0.251368
-0.092519
-0.234109
0.104105
-0.018161
0.059964
0.066560
-0.097505
0.214427
-0.179490
-0.229052
0.224856
0.187037
-0.106438
0.071130
-0.050128
0.220435
-0.164613
0.190082
-0.213558
0.042252
-0.122744
0.159459
0.130984
-0.099173
-0.104851
0.421194
0.091590
0.170672
-0.002737
0.117277
-0.158723
0.246811
0.128356
0.169488
-0.050602
0.060322
0.270145
0.066447
-0.084268
-0.022327
0.071558
-0.130665
-0.218890
0.158274
-0.222662
-0.190356
0.051001
0.147692
-0.034950
-0.031099
-0.361284
0.415067
-0.157570
-0.082520
-0.205621
0.072381
-0.326860
-0.227494
-0.218641
-0.059780
0.040536
-0.106226
-0.132268
0.300637
0.185386
-0.072909
0.118213
0.139994
-0.393230
-0.035858
-0.265546
-0.304310
-0.165998
0.105599
-0.005806
-0.028123
0.082928
0.303770
-0.038945
-0.014862
-0.106270
0.087420
0.212276
-0.006194
0.072282
-0.116046
0.091789
-0.256388
0.295066
0.107836
0.143945
-0.187813
-0.006579
0.181585
0.097294
0.071154
-0.068273
0.044637
0.091598
0.304291
0.171480
0.013990
-0.020307
-0.259884
-0.097542
-0.012673
0.111036
0.069065
0.013793
0.177940
-0.253549
-0.335800
0.176637
-0.119985
-0.173892
0.289907
0.168110
0.039382
0.079910
0.380441
-0.101828
0.324106
-0.037075
-0.110028
-0.185360
0.036387
0.075468
-0.167813
-0.146013
-0.088224
-0.222822
0.334627
-0.081430
0.111818
-0.145186
-0.154325
-0.103201
0.025299
-0.023328
-0.044399
0.276584
0.134844
0.114825
0.063063
0.063484
0.177674
0.019584
0.202667
-0.062133
-0.375839
-0.176415
0.014229
-0.216893
0.357669
-0.457474
0.031114
-0.083528
-0.387685
0.357286
0.070167
0.098105
0.117289
0.140565
0.244409
-0.153781
-0.047926
-0.050896
-0.195149
-0.368194
0.042230
0.041796
0.132538
-0.039234
-0.059289
0.173160
0.502219
0.069164
0.116400
0.176461
0.095230
0.287222
-0.133892
-0.060031
-0.173660
-0.059329
-0.375923
0.012681
0.305139
0.311901
0.018619
-0.313693
0.034616
0.236899
-0.220510
0.276344
0.003386
-0.064104
-0.145442
-0.223168
-0.165864
0.278634
-0.065540
-0.249575
-0.191144
0.032267
0.268336
0.250668
0.154686
-0.222382
0.051257
0.178815
-0.103082
0.092815
-0.032742
0.170590
-0.370289
-0.176272
-0.013833
-0.114398
-0.306861
-0.345829
-0.016469
0.161819
-0.112650
-0.326828
-0.057308
-0.022665
0.057031
0.171252
-0.169313
0.164374
0.103330
-0.204930
-0.045317
0.191709
0.296209
0.162440
0.350433
0.380014
-0.187012
-0.025383
-0.194203
-0.020106
-0.217510
0.247517
-0.009833
-0.192632
0.099829
-0.118805
0.033499
-0.181232
0.003419
-0.243072
-0.068045
-0.324179
0.205173
-0.176608
0.287818
-0.152417
0.306588
0.170621
0.022480
-0.153386
0.026634
-0.098253
0.025536
0.062518
0.155853
0.252501
-0.070142
-0.141374
-0.181726
0.137294
0.094180
0.156200
-0.065623
0.195527
-0.219961
0.283260
0.363341
-0.034037
0.163981
-0.000265
0.214330
-0.157129
0.137175
0.307369
-0.346693
-0.065162
-0.290091
-0.188047
0.063242
-0.037554
0.246511
0.212299
0.183626
-0.017768
-0.075198
-0.127659
-0.242004
-0.131186
-0.130108
0.135525
0.016223
-0.032323
-0.051087
0.120889
-0.196925
0.063091
-0.199013
-0.072822
-0.015145
0.323827
0.161769
0.039221
0.246821
0.075373
0.042010
0.110409
-0.011342
0.014403
-0.236215
-0.066553
-0.068644
0.233565
0.105386
-0.170702
-0.198794
-0.059435
-0.370065
-0.246702
0.028150
-0.097123
0.247724
-0.334054
0.051105
0.295554
0.019274
0.188935
-0.189125
0.043029
-0.216450
0.002751
0.020083
0.311974
0.392052
-0.144226
-0.004987
0.071044
0.175370
-0.045979
-0.101956
-0.153757
-0.263857
0.537388
-0.101065
-0.090400
-0.303323
-0.167724
0.037709
0.225148
0.025013
-0.081161
0.165821
-0.070348
0.223690
-0.199443
-0.172653
-0.109999
0.181828
-0.164489
0.119973
0.197032
0.034610
-0.366169
0.121770
0.219227
0.034537
0.038701
-0.244817
0.046205
0.163036
0.247582
-0.128064
0.111006
-0.066450
0.058827
0.225504
-0.056001
0.014217
-0.000033
0.200781
-0.294238
-0.009164
0.288180
-0.130145
-0.121584
0.116103
-0.101029
-0.074832
0.110714
-0.240331
0.166583
-0.024435
-0.149970
0.095413
0.132190
-0.142311
-0.109662
0.075951
-0.042661
0.084538
-0.127989
-0.036976
0.220182
0.178541
-0.191963
0.264294
0.260433
0.073513
-0.078337
0.221864
-0.190672
0.149439
0.115537
-0.045649
0.044962
-0.020217
0.164193
0.115812
0.075556
-0.249578
0.193882
0.144302
-0.164990
-0.019380
0.170294
-0.143208
-0.151767
0.190337
0.092268
0.095489
-0.063723
-0.085125
-0.062324
-0.042781
0.327179
0.074905
-0.076514
-0.153694
0.189083
0.316371
-0.203277
0.094069
0.044774
-0.066239
0.098413
-0.085778
-0.026268
0.041146
-0.055004
-0.109052
-0.200234
-0.067571
0.045779
0.278686
-0.123631
0.525262
-0.158463
0.209452
-0.256131
0.155688
0.206699
0.029548
-0.404463
-0.140531
-0.122654
-0.028322
0.277963
-0.393171
0.263032
0.056242
0.189133
-0.047213
-0.111677
0.081637
-0.178788
-0.345338
0.083058
0.092363
0.287929
0.254509
0.242602
0.102951
0.039724
-0.066818
0.080670
-0.233766
0.202452
-0.200875
-0.044143
-0.004073
0.080931
-0.110751
-0.128506
-0.084796
-0.291471
0.019213
0.118152
-0.019466
0.216108
0.117914
0.151972
-0.187614
-0.074358
0.148454
-0.071821
-0.084747
0.094844
-0.049984
0.034121
-0.020460
0.257778
-0.161547
-0.084990
-0.224911
0.121354
0.112274
-0.201317
-0.165165
-0.167742
-0.016329
-0.170751
0.245245
-0.220695
0.099892
0.058927
-0.288492
0.262766
0.168055
0.177058
-0.428433
0.162984
0.174926
-0.179507
-0.105341
0.034604
0.168495
0.025033
-0.217036
-0.012125
0.006905
-0.302379
-0.028280
0.007065
-0.202433
-0.023838
0.323175
0.210178
-0.264802
0.551110
0.054018
0.015824
0.074144
-0.012122
-0.192671
-0.036736
0.128258
-0.111759
-0.231637
-0.088498
-0.150641
-0.078828
0.158895
0.270755
0.126433
0.037870
-0.007276
0.004675
0.423434
0.029641
0.342175
-0.065801
0.143231
0.197186
-0.083689
0.339580
0.325116
0.023482
0.223060
-0.199374
0.143617
0.023676
-0.023655
-0.132808
0.106524
-0.119315
0.324816
0.169910
0.025151
0.683028
-0.030346
-0.165870
-0.119872
0.235408
0.073138
-0.107807
0.232094
-0.162666
0.220907
0.025684
0.003665
-0.231944
-0.045698
-0.000293
-0.171684
0.403413
-0.021575
-0.137675
0.364807
0.006438
0.103910
-0.207152
0.058087
0.225010
0.179310
0.086291
0.216381
0.087865
-0.449213
-0.416701
0.017778
-0.179772
-0.017160
-0.198393
0.368465
0.076130
-0.107690
0.281277
-0.308269
0.200463
-0.207004
0.300758
-0.031213
0.033871
-0.153470
-0.133790
-0.337116
-0.131481
-0.211169
0.152052
-0.366061
0.112092
0.162689
0.031054
-0.415478
0.005670
0.145218
0.003591
0.117701
0.134294
-0.304478
0.259240
-0.220734
-0.137838
0.089328
0.114339
0.226456
-0.126477
0.021344
-0.334632
-0.006836
-0.097369
0.208281
0.099327
-0.046825
0.121292
-0.167088
0.146812
0.310425
0.470696
-0.085642
0.076090
0.048312
-0.099430
0.102210
-0.245610
-0.005250
-0.308276
-0.005565
0.216020
-0.009166
0.044827
0.183735
-0.204313
0.188234
-0.107732
0.051724
-0.155061
0.385157
0.102100
-0.170232
-0.080479
-0.238647
0.032216
0.084773
-0.131989
0.094986
0.208487
0.031149
0.289419
0.020622
-0.032708
0.117591
0.162365
-0.055038
-0.153905
0.091042
0.231659
-0.171240
0.113938
-0.209429
-0.185615
0.036547
0.142443
0.025910
-0.172538
-0.049573
-0.139360
-0.175496
0.091649
-0.095478
0.049221
0.284759
-0.140049
-0.009599
0.154460
-0.064166
-0.195433
-0.094695
-0.131805
0.088234
0.044675
-0.234825
0.130877
-0.129184
0.131360
0.141468
0.079442
-0.059949
0.146153
0.175091
0.387643
-0.161327
-0.031281
-0.124562
-0.138829
0.305395
0.024196
0.056665
-0.197944
0.088709
0.084728
0.110989
0.037215
0.076128
-0.117069
-0.020252
0.073374
-0.133280
0.122118
0.101200
-0.070636
-0.162739
-0.156692
-0.242395
-0.114983
0.474614
0.200903
0.166968
-0.227417
0.068095
-0.028076
-0.013902
-0.228490
-0.281592
-0.176692
0.070265
-0.179896
0.411678
-0.056872
-0.017232
0.035181
0.366441
0.169669
0.188660
0.198555
0.177849
-0.001441
-0.249829
0.108696
0.000657
0.280292
0.086687
-0.004081
0.158035
-0.137717
-0.009910
-0.040453
0.280685
0.237012
0.104197
0.000929
0.332677
-0.012596
0.058862
0.100749
0.211441
-0.113295
-0.041927
-0.061649
-0.042360
-0.141103
0.051468
-0.136190
-0.153633
0.058439
-0.041056
0.031923
-0.093346
0.009947
0.123045
-0.203519
-0.074474
0.206626
0.136262
-0.101327
-0.117490
-0.123476
-0.078925
-0.165025
0.019617
-0.149078
-0.115524
0.136463
0.062022
0.043140
-0.056673
0.057822
0.053940
-0.046224
-0.188216
-0.225519
-0.100996
-0.089965
-0.010904
0.232554
-0.051297
0.070587
-0.396371
0.156290
-0.191758
0.056090
-0.131780
-0.024287
0.023707
-0.031071
0.124334
-0.139685
0.208793
0.191876
0.166455
0.000499
-0.202910
-0.110080
0.180554
0.009952
0.164479
-0.059256
0.087422
0.119072
0.110491
-0.017911
0.026026
0.097708
-0.126593
-0.073357
-0.076624
-0.134262
0.072689
0.013159
0.032273
0.082764
-0.078157
0.207971
-0.203990
0.171757
0.145334
-0.125354
-0.028092
-0.095764
0.060164
-0.169808
0.332632
0.078317
0.003985
0.114662
-0.051538
-0.089471
0.276865
0.110432
0.051500
0.142964
-0.132803
-0.318065
0.000924
-0.034574
-0.145896
-0.007583
-0.142427
0.027609
0.134613
-0.211556
0.158990
-0.316264
-0.277297
-0.249169
-0.227651
0.010934
0.047138
0.118670
-0.059831
0.313184
-0.087301
-0.057635
-0.110345
-0.072968
0.213873
0.030722
0.212860
-0.243103
0.348128
0.017423
-0.247672
-0.154663
-0.028989
-0.154027
-0.182401
0.075656
0.044313
-0.058234
0.156049
-0.114450
-0.000622
0.037558
-0.030069
0.263764
-0.276333
-0.160031
-0.125078
0.272765
-0.239412
0.093838
0.173186
0.094330
-0.247091
0.142013
0.080377
0.129476
0.188603
0.101536
-0.042162
-0.231116
0.039611
-0.119193
-0.080117
0.180365
0.245052
-0.144914
-0.161817
-0.093070
0.316511
-0.008497
-0.078184
-0.030291
0.137660
0.057736
0.168586
0.183381
0.023772
-0.071684
-0.344304
-0.410509
0.099013
0.341647
-0.029233
-0.137510
-0.359962
0.270152
0.067953
-0.178103
-0.002988
-0.048991
0.168425
-0.313255
0.124171
0.242995
-0.121239
-0.098969
0.026165
-0.050747
0.431706
-0.205452
0.081464
0.016859
0.162954
0.119076
0.111224
-0.182787
0.103068
-0.000984
0.222999
-0.255612
-0.207141
0.252065
0.069982
0.315177
-0.212935
-0.065953
-0.170965
-0.008471
-0.084266
-0.185553
-0.038736
-0.289024
-0.017520
0.051780
-0.044260
-0.023240
-0.165961
0.153880
0.137840
0.270749
0.166966
-0.133400
-0.212113
0.079295
0.280452
0.303285
0.329950
-0.225732
-0.117025
-0.133253
-0.131169
0.037740
-0.035389
0.054329
-0.136743
0.115647
-0.023832
-0.023604
0.139366
-0.121209
0.066070
0.236995
0.097179
-0.115329
0.250209
-0.272813
-0.101734
-0.099412
0.200895
0.174215
-0.076735
0.249020
-0.016649
0.200246
0.591798
-0.073474
-0.002056
0.115177
0.102516
0.061291
-0.054764
0.004395
-0.097887
0.383713
-0.095337
0.238021
0.126488
-0.091080
0.290517
-0.096838
-0.065409
-0.171155
-0.100251
-0.076912
0.050940
0.111418
0.022604
0.047114
0.012444
0.151264
-0.150875
-0.144899
0.186708
-0.316633
-0.193488
-0.416355
0.053678
0.005007
0.415781
-0.082142
0.011559
-0.056671
0.021033
-0.047704
0.133352
-0.217937
0.075299
-0.181906
0.204571
-0.124134
-0.095830
0.013098
-0.057160
-0.242362
0.080295
0.245741
-0.172330
0.197355
0.053013
0.115406
0.009439
-0.051557
-0.253232
-0.177263
0.167451
0.125823
-0.189493
-0.166157
0.139697
-0.079264
-0.011903
0.237717
0.075370
-0.090974
-0.001330
0.013771
-0.063133
-0.265546
0.048368
0.108184
-0.087302
-0.059030
0.168005
-0.011781
-0.170250
0.002042
0.034452
0.065220
-0.078911
0.073642
-0.055653
0.237177
0.025183
-0.020268
0.054336
-0.138242
-0.154054
0.157775
0.262320
-0.046527
0.192554
-0.190394
-0.012845
-0.160520
0.140054
0.101749
-0.078232
0.187730
0.324928
0.052360
-0.499539
0.255234
0.118270
0.358577
0.000367
0.159032
0.159693
0.068075
-0.045086
-0.115454
0.270833
-0.074996
0.141775
0.099877
0.025590
-0.044690
-0.027741
-0.350859
0.038154
0.055379
-0.007872
-0.030912
-0.017773
-0.455179
0.139147
0.033735
0.274783
-0.172322
-0.248171
0.019004
0.433121
0.098821
-0.304343
0.028658
0.413061
-0.234789
0.249012
0.111427
-0.074796
0.204499
-0.352792
0.068420
-0.218456
-0.049508
-0.300721
0.062699
-0.026900
0.069704
0.200332
-0.073551
-0.144454
0.162952
-0.094966
-0.211773
-0.363435
0.060485
0.098363
0.006167
0.025719
0.115051
-0.036645
-0.083615
0.182944
-0.180586
0.085393
0.058663
-0.137694
0.149398
0.223271
0.136463
-0.049662
-0.274690
0.069640
-0.019480
-0.016139
0.114600
0.120635
0.001903
-0.220712
-0.405416
-0.368109
0.189305
0.055586
0.163810
-0.069284
-0.017148
-0.042468
0.074879
0.170849
0.160256
-0.159694
-0.013100
-0.145854
0.333055
-0.128755
0.233169
-0.526679
-0.089192
0.178760
-0.175678
-0.112321
-0.011775
-0.008527
0.086313
-0.471666
-0.312368
-0.322037
-0.118726
0.172342
-0.323150
-0.109229
-0.081176
-0.052494
0.003818
-0.269416
0.378344
-0.008574
-0.148794
-0.282499
0.079320
0.207700
0.292002
-0.165401
0.114364
0.239377
-0.080083
0.001483
0.069781
-0.096864
-0.041110
0.352202
0.372164
0.131245
0.054946
-0.119230
0.035787
0.335132
0.194445
-0.023857
-0.141282
0.066985
-0.045336
-0.121633
0.389705
0.150825
0.255166
-0.058855
-0.017980
-0.200477
0.027500
0.126687
0.105874
-0.119165
-0.264975
0.115754
-0.198451
-0.169488
-0.086271
-0.172933
-0.097657
-0.198345
0.038547
0.176382
0.182622
-0.292947
0.222794
-0.344844
0.136040
-0.066899
-0.100188
-0.052776
0.069038
0.219482
0.168659
0.494209
0.021771
0.025970
-0.127424
-0.047175
0.131160
0.220686
-0.016135
-0.098359
0.537419
-0.126441
-0.124544
0.118348
0.307109
-0.013411
-0.161331
0.155578
-0.259751
-0.005871
0.179128
-0.106809
0.273616
-0.206666
0.096564
-0.126095
0.066613
-0.024034
-0.124539
0.077706
0.031766
0.092967
-0.311555
0.079179
0.066317
0.055828
-0.100763
0.024271
0.200778
-0.070490
-0.128221
-0.231827
-0.106899
-0.325039
-0.233432
-0.213352
0.026197
0.154363
-0.035877
0.113002
0.104949
0.012387
0.227513
0.173785
-0.032037
-0.039646
-0.308329
-0.178923
0.030210
-0.044590
0.210699
-0.212341
0.149503
0.016624
-0.153150
0.180600
0.032778
-0.516676
0.010185
-0.109644
0.332458
0.186927
-0.360270
0.215147
-0.066740
0.034777
0.189494
-0.149336
0.127948
0.053556
0.046066
0.130735
-0.016313
-0.035501
-0.038467
0.100127
-0.100823
-0.134865
-0.040688
0.266500
0.293031
-0.399632
0.070596
0.222029
0.340852
0.044294
0.169844
-0.142894
0.185890
-0.017134
0.131213
0.121137
0.072817
-0.290248
-0.169559
-0.016389
-0.072011
-0.021602
-0.200352
0.078849
0.154545
-0.252305
0.031465
-0.088523
0.051813
-0.115449
-0.017833
-0.072195
0.176165
-0.270056
-0.033179
0.403033
-0.367127
-0.132185
-0.093941
0.032906
-0.310630
-0.266711
-0.069087
0.291106
0.149876
-0.109741
0.252765
0.257349
-0.061827
-0.018531
0.076418
-0.178697
-0.222887
-0.069446
-0.086678
0.045104
-0.075501
-0.138896
-0.039251
0.066890
0.102802
0.150456
0.100669
-0.079182
0.096990
0.285988
-0.259339
0.166585
-0.174672
-0.253956
0.169759
0.438662
0.120693
-0.038223
0.289509
-0.357678
-0.252434
-0.047988
0.024332
0.000131
0.062985
0.010320
-0.136332
-0.162245
0.082774
0.253842
-0.120250
-0.249341
0.069901
0.042758
-0.193698
0.268545
0.036919
-0.034019
-0.063734
-0.221847
0.159331
-0.292993
-0.079909
-0.028612
-0.060559
-0.189878
-0.010353
-0.296410
0.099011
0.194566
-0.060180
-0.266640
0.001870
0.071046
-0.394178
-0.220273
-0.113458
0.258973
0.085948
0.209248
-0.032701
-0.299048
0.110066
-0.224325
-0.286445
-0.319793
-0.025116
-0.099824
0.017526
-0.352384
-0.048300
-0.263505
-0.084007
0.057415
-0.269037
0.274891
0.025076
0.168130
-0.115760
-0.030659
-0.099593
0.144849
0.182901
0.026648
-0.110127
0.048636
0.101473
-0.150616
0.013669
-0.203458
0.091738
0.141231
-0.167804
-0.042758
-0.087076
-0.121033
-0.175258
-0.296276
-0.320545
0.077168
0.107922
-0.026181
0.080567
-0.241391
0.173720
-0.017313
-0.193496
0.007539
-0.123530
0.014431
-0.137836
-0.014670
-0.144012
0.087899
0.001559
-0.054328
0.279966
-0.230551
0.235987
0.121340
-0.350164
0.128577
-0.190328
0.346705
-0.198293
0.189256
0.089010
-0.212609
-0.055271
-0.270094
0.070478
0.166196
-0.128228
0.089452
-0.329684
0.042903
-0.120717
0.115671
0.211113
0.063016
0.325785
0.095230
-0.078353
0.163651
0.177733
-0.071544
0.103047
0.179751
-0.213686
-0.026257
-0.024224
0.156452
-0.327310
-0.033942
-0.102466
0.106224
0.481993
-0.345067
-0.075387
-0.052097
0.050109
-0.125841
0.168175
0.070529
-0.043981
0.316658
-0.050525
0.007528
0.076769
-0.439963
-0.204541
-0.009005
0.262458
0.009258
0.086026
0.046403
-0.187972
0.111196
0.064488
0.349195
-0.140209
-0.058563
-0.003595
0.191959
0.112480
0.012254
0.052505
-0.003694
-0.081705
-0.091957
-0.001982
0.053115
-0.026412
-0.329700
-0.014457
0.180762
-0.003164
-0.051641
0.015908
-0.045722
-0.163282
-0.024934
0.096866
-0.036485
-0.049079
-0.168933
0.278026
0.382660
0.065574
-0.164339
-0.023666
0.233773
-0.018934
0.174409
0.057091
-0.038084
-0.224396
-0.063642
0.141516
0.227572
-0.013952
-0.210902
-0.339290
0.124168
0.176220
-0.203665
-0.103091
0.234553
-0.080977
-0.167808
0.354429
0.090760
-0.154023
-0.184443
-0.012662
-0.244221
-0.143138
0.045633
-0.316069
0.077827
0.060632
0.251097
0.362711
-0.093987
-0.031330
0.052950
-0.243431
-0.072355
-0.258337
-0.255799
0.167164
0.295780
0.179866
-0.091680
0.257597
0.079643
-0.150079
-0.068365
0.041636
0.177343
0.021425
-0.158926
-0.158841
0.263824
0.022624
0.060561
0.228398
0.317181
-0.286184
0.073145
0.006763
-0.425850
0.299105
0.133471
-0.013523
0.059044
0.018898
0.007011
-0.031118
-0.231190
0.171224
0.338228
-0.281908
-0.037143
0.257170
-0.048774
0.077602
0.000153
0.043099
0.364604
-0.171523
0.287215
0.130277
0.117447
-0.046244
0.157071
0.076575
-0.256262
-0.186504
0.221277
-0.108473
-0.184270
-0.101904
0.270013
0.032981
0.067848
0.328688
-0.107053
0.165725
-0.025364
-0.125981
0.071574
-0.158457
0.460769
0.328643
0.237979
-0.229969
-0.150420
-0.101609
0.306332
-0.209749
-0.115989
0.456711
0.159400
0.191990
0.216071
-0.035271
-0.229146
0.282692
0.073682
-0.119909
-0.268378
-0.180438
-0.089101
-0.110643
-0.134169
0.084645
0.213605
-0.102531
0.058678
0.228650
0.028156
0.143153
-0.178559
0.271992
0.158861
0.023653
-0.084801
0.203002
0.074259
-0.128246
-0.117137
0.041101
-0.241202
-0.141834
0.537783
0.087308
0.160745
0.001203
0.260243
-0.318540
-0.038409
0.026004
0.188218
0.279673
-0.109760
0.164918
0.067872
-0.075330
0.091501
-0.094786
-0.122438
0.383846
0.018225
-0.262337
0.014410
0.078209
0.084787
0.185198
0.247333
-0.001160
-0.202705
0.062079
-0.104057
0.173835
0.019172
0.001132
0.280199
0.056389
-0.059735
-0.116190
0.041743
-0.109405
0.220093
-0.114997
-0.139514
-0.116631
0.189625
-0.033826
-0.185918
0.175490
0.078659
0.107031
0.239385
0.062006
0.098515
-0.183119
0.139528
0.106386
-0.233253
-0.351964
-0.031553
0.307820
0.215271
0.328685
0.281367
0.155188
0.109241
-0.069785
0.075553
0.158198
-0.263904
-0.158792
0.072583
0.099098
-0.424491
-0.173257
-0.058237
0.271900
-0.094461
0.088730
-0.203272
0.000458
-0.233515
-0.002194
-0.199196
-0.024133
-0.207607
0.177902
0.158316
0.074374
0.077767
-0.066503
-0.080807
-0.301665
0.138057
-0.221925
0.084476
-0.044303
-0.266418
0.171945
-0.143619
0.089474
0.112514
-0.238857
0.164696
-0.000364
0.090470
0.121742
-0.132145
0.247620
0.186126
-0.100311
-0.013491
0.198115
-0.101978
-0.082780
-0.038184
0.127037
0.487842
-0.187645
-0.179519
0.104924
0.110537
-0.299917
-0.252829
0.011645
-0.011404
0.321702
-0.195744
0.014879
-0.132770
-0.084381
0.025598
0.201478
-0.100709
0.049375
-0.400886
0.360125
-0.101804
-0.109240
-0.259597
-0.173744
-0.200279
-0.175723
0.243379
0.187938
0.022333
-0.159969
-0.084835
0.113135
0.077299
0.171838
-0.134927
0.077890
0.213154
-0.489850
0.324028
0.194195
0.045577
0.478307
0.373646
-0.042554
-0.043314
-0.117976
0.173329
0.058334
0.079578
-0.163091
-0.104435
-0.347931
-0.109364
0.020757
0.220929
-0.155282
0.103175
-0.233555
0.295028
0.014218
-0.180221
0.254656
0.336600
0.264511
0.000332
-0.413817
0.058317
0.034875
-0.207991
-0.097680
-0.483847
0.118675
-0.290462
-0.049035
0.272579
0.064394
-0.318234
0.236951
0.070146
0.375536
0.064500
-0.290696
0.060009
0.002285
0.221190
0.188359
0.188469
-0.106069
0.268641
0.134833
-0.238962
0.127991
0.243504
0.039933
0.093321
0.161170
0.175050
-0.045430
0.117636
-0.084159
-0.130034
-0.237560
0.109027
0.261642
0.316687
0.029173
-0.183922
0.039696
-0.290916
-0.015575
-0.299060
0.029334
-0.101122
0.136096
-0.223867
0.278402
-0.105579
0.151442
0.020457
0.033562
0.000955
-0.124044
0.071294
0.031818
0.093499
-0.141306
-0.208577
0.099157
0.253708
0.115908
-0.211710
0.052123
0.379859
0.200033
-0.128008
0.154983
-0.013893
-0.041739
-0.380461
-0.209694
0.031455
0.385394
-0.013868
-0.052821
-0.020291
-0.165041
-0.117168
-0.151570
-0.064913
0.033451
0.104572
-0.061944
0.079333
0.280648
-0.159578
-0.031204
-0.102763
-0.416110
0.030929
0.035422
0.276552
0.183602
-0.049190
-0.052273
-0.013421
-0.064695
-0.128192
0.184496
0.053495
-0.122994
0.101625
0.124503
-0.258629
-0.335763
-0.103684
0.115051
-0.363475
0.042644
-0.240961
-0.177203
-0.113616
0.044218
0.180495
0.191246
-0.162475
0.133325
0.241361
-0.125948
-0.075146
0.163091
0.326330
0.114526
-0.251097
0.232744
-0.248291
-0.142033
-0.255818
-0.111047
0.023766
-0.049146
-0.030456
0.150323
-0.208273
0.434343
0.180189
-0.002175
-0.405102
-0.022720
-0.006007
0.030531
0.059457
-0.123146
0.436628
-0.047846
-0.432721
-0.136226
0.041669
0.056377
-0.129254
0.100017
0.153717
0.172599
-0.094492
0.227543
0.243600
-0.363265
-0.296981
-0.219530
0.072554
-0.146057
0.030693
-0.130852
0.102082
0.189086
-0.131887
0.162598
0.100299
0.124847
-0.455834
0.162196
-0.237739
-0.082673
-0.186296
0.035607
0.209544
0.216113
-0.015417
-0.235215
0.208797
-0.098084
0.051509
0.167218
-0.333586
-0.047176
0.065459
0.143132
-0.153695
-0.004672
0.208530
-0.517008
0.436008
-0.178324
0.191112
0.110922
-0.257319
0.157737
0.476615
-0.117316
-0.222272
0.087120
0.008874
0.012792
-0.157335
-0.126159
0.037953
0.149193
-0.131164
-0.088088
0.020562
-0.032716
0.046094
0.158463
0.130317
0.123700
0.452432
0.176117
-0.244965
-0.131280
0.089444
-0.281604
-0.298977
0.043692
0.171110
0.089208
0.119741
-0.104941
0.019985
0.227850
0.116285
-0.210244
-0.129215
0.134768
0.014524
0.118360
-0.265441
-0.158410
-0.013921
-0.169517
0.161978
-0.364553
-0.254960
-0.151588
-0.194034
-0.238669
0.009886
-0.109986
0.070853
-0.012692
-0.320036
0.099436
0.075068
0.267464
-0.226138
0.179978
0.050545
0.223029
-0.228640
0.047426
0.094178
-0.060283
-0.047104
-0.206331
-0.291405
0.061865
0.104335
-0.176589
-0.291705
0.186086
0.252631
0.136766
0.212361
0.187283
0.224202
-0.097155
0.171396
-0.161916
0.059399
-0.201664
0.176125
-0.192284
0.013388
-0.065569
-0.222449
0.074912
-0.007075
-0.146732
-0.273998
-0.259761
0.088451
-0.157633
0.174159
-0.053475
0.186036
-0.010965
0.330449
-0.028466
0.272043
0.136233
0.100197
-0.100969
0.004623
-0.080935
-0.161771
-0.043913
-0.094411
0.103764
0.037919
0.001743
0.165317
-0.241870
-0.274368
-0.158132
-0.065173
-0.089362
0.070608
0.358799
0.238700
-0.063959
-0.089965
-0.066638
0.029669
0.100545
0.019914
0.120802
-0.141371
-0.108742
0.010493
0.077943
0.397828
-0.246744
0.139243
0.074032
0.112533
0.089466
-0.066317
0.292128
0.134260
-0.344528
-0.018983
0.175334
-0.014444
-0.177710
-0.221648
0.174248
-0.217193
0.322062
0.185164
0.026030
0.171368
0.168093
0.016553
-0.183870
-0.117308
-0.164164
0.036147
-0.076483
0.143579
0.114479
-0.085514
-0.100480
-0.268785
0.021508
-0.084664
0.194664
0.255440
0.225505
-0.148540
0.043481
0.007303
0.159794
-0.053623
0.129307
-0.292443
0.184240
-0.199810
0.011680
-0.074385
-0.208101
0.175993
-0.305071
0.110476
-0.096793
0.205854
-0.053515
-0.122149
0.014845
-0.048754
-0.003611
0.165016
0.299008
-0.068169
-0.156675
-0.099577
-0.038931
0.002338
0.010174
-0.171411
0.173216
-0.305770
0.081742
0.086648
-0.023068
-0.061963
-0.161326
-0.113437
0.015748
0.010091
-0.162667
-0.124597
-0.169881
-0.034590
0.068081
0.139455
-0.007425
-0.062959
-0.011088
0.161106
0.131215
0.021851
-0.403910
-0.289479
-0.246342
-0.068578
0.087026
0.297477
-0.162410
-0.081340
-0.005693
0.185151
0.312512
0.010725
-0.077573
-0.032762
0.361722
-0.210996
-0.246859
-0.188181
0.110334
0.190172
-0.007304
-0.127400
-0.153260
-0.035510
0.302600
-0.182758
-0.042221
-0.052029
0.017946
0.020957
0.158874
-0.016110
-0.224522
0.220038
-0.145046
0.104599
-0.039627
0.170057
-0.004419
0.248025
0.279767
-0.055930
0.038101
-0.209969
0.151176
0.132511
0.042879
-0.026760
-0.109495
0.171302
-0.043109
-0.140347
-0.041489
-0.235072
0.086189
-0.078926
0.144513
0.039711
-0.017905
0.009462
-0.096779
0.099597
0.166537
-0.332813
-0.006692
0.075963
-0.205611
-0.097438
0.146821
-0.075167
0.229795
-0.202148
-0.243847
0.198377
-0.062217
0.376084
-0.099143
0.038259
0.250475
0.283874
0.235024
-0.182271
0.203785
-0.089191
-0.098192
0.266658
0.360169
-0.081818
-0.131947
-0.172462
-0.116137
0.020380
-0.070105
0.177107
0.246513
-0.165915
-0.114106
0.064038
0.200335
-0.024744
-0.231163
-0.119110
-0.125908
0.116716
-0.036328
0.139618
-0.084522
0.039597
-0.078566
0.102245
-0.196542
0.295038
0.228084
0.170498
-0.154766
0.031802
-0.131000
0.023643
-0.124324
-0.166331
0.251428
0.141109
0.024817
0.291918
0.211398
0.057871
-0.156072
-0.331968
-0.058511
-0.078959
-0.063638
-0.040664
0.116046
0.205917
0.223957
-0.093177
0.133022
0.018038
0.087837
0.050806
0.158237
0.134501
0.017573
0.145529
-0.024903
0.158139
-0.141531
-0.199548
-0.188359
-0.115433
-0.138555
0.107186
-0.040808
-0.046684
-0.067877
-0.024840
0.369677
0.073208
0.128492
0.082091
0.014537
0.066112
-0.006160
0.152901
-0.112783
-0.272102
0.065884
0.256459
-0.171213
0.150447
-0.092893
-0.277301
0.169945
0.014265
-0.238968
-0.333842
-0.353056
0.041596
-0.328765
-0.099647
-0.242475
-0.103919
-0.270790
-0.171407
0.256993
-0.065677
-0.108369
-0.166693
-0.335215
-0.015329
-0.021088
-0.058761
0.205893
-0.334856
0.377751
-0.104258
-0.354420
0.052562
0.352392
-0.160917
-0.115759
-0.214485
0.091234
0.004892
-0.251733
-0.094689
0.295307
-0.187112
0.139179
-0.080414
0.109797
-0.137019
-0.047869
0.119326
0.324817
-0.094986
0.261434
0.135185
0.071684
0.183839
-0.053867
0.093221
-0.098150
-0.071249
0.197787
-0.000301
-0.222613
-0.022049
0.158710
0.088428
0.032511
-0.070010
-0.133855
0.054068
-0.019654
-0.314109
-0.330134
-0.036369
-0.095064
0.172350
0.121979
-0.143168
-0.308682
0.058191
0.278536
-0.114612
0.203909
0.167770
0.055679
0.265335
-0.213596
0.247446
-0.273516
-0.224547
0.054487
0.029942
0.079001
0.019873
-0.242567
-0.165764
0.065655
0.077632
0.079472
-0.311424
-0.122624
-0.157128
-0.021872
-0.271362
-0.007374
-0.137358
0.143812
0.010890
-0.061155
0.112927
-0.034363
-0.250176
0.116472
0.175668
0.246657
-0.163521
-0.083995
-0.179399
0.152508
-0.043739
0.149705
0.124065
-0.029108
0.234306
-0.134648
-0.028507
0.101259
0.131532
0.012554
0.069147
0.006631
-0.256621
0.025126
-0.103214
-0.172567
0.379035
0.056486
0.200289
-0.133190
0.076587
0.108711
0.127200
0.038093
0.310715
0.121609
-0.130119
0.026166
-0.294466
0.054125
-0.267121
0.320795
0.126301
0.008890
0.273362
0.194558
-0.093332
0.181716
0.216177
-0.067780
0.271762
-0.151753
-0.159802
-0.018201
0.207882
-0.274592
0.322070
-0.003593
0.241899
0.209211
0.098951
0.027722
0.353286
0.265236
-0.246634
-0.094228
0.100305
0.404372
-0.029843
-0.002608
-0.343544
0.055410
0.082331
-0.033076
0.109454
0.015041
-0.098256
0.362255
0.352203
0.121555
0.000466
-0.286871
-0.059945
0.170103
-0.018404
-0.237232
0.027277
-0.023202
-0.019165
-0.218420
-0.137127
-0.057347
0.108807
0.077497
-0.189493
0.095548
0.009870
0.173099
0.125179
0.164002
-0.279498
-0.135150
0.055227
-0.183760
0.024038
-0.024780
-0.324095
-0.133706
-0.137513
0.183571
-0.049015
0.244697
0.087328
0.246025
0.178001
0.057342
0.045734
-0.347595
0.081625
0.149179
0.138017
0.371025
0.201673
-0.313064
0.013312
-0.165661
0.017725
-0.057425
-0.079988
0.037104
0.161549
-0.088749
-0.159266
0.342935
-0.322927
0.024303
-0.052618
0.071847
0.290513
0.172292
-0.117751
0.083060
-0.014841
0.092827
-0.186135
0.071051
0.003736
0.034996
-0.282006
0.220186
0.286805
-0.125685
-0.121430
-0.051520
-0.062588
-0.162508
0.216861
0.119976
-0.259191
-0.006104
0.026515
-0.008341
-0.296433
0.269946
0.008906
0.070718
0.230416
-0.092210
-0.152262
-0.288123
0.160352
-0.129183
0.123608
-0.171580
-0.074616
0.268039
-0.157922
0.018695
0.051755
0.097835
0.045938
-0.006029
0.226178
0.055440
0.146317
0.037166
-0.099987
0.079098
-0.161562
-0.392623
-0.050241
0.062890
0.178275
0.292361
-0.004597
-0.189621
0.269945
0.195371
-0.011191
0.087689
-0.091792
-0.224138
0.109969
0.104962
0.074959
0.092947
0.016722
-0.006815
0.099094
-0.091833
0.094742
-0.146431
-0.369958
-0.009705
0.073047
-0.214162
-0.028106
0.032571
-0.240896
0.004304
0.119950
-0.075579
0.326202
-0.074898
-0.062602
0.160785
0.001674
-0.251650
0.178331
0.269871
-0.231488
0.062487
-0.112208
0.255619
0.007534
-0.160266
-0.150557
-0.144312
-0.190600
-0.131017
0.002349
-0.110376
0.149832
-0.104931
-0.174308
0.208191
0.097170
-0.337391
-0.061813
0.019030
0.256902
0.167501
0.182820
0.099919
-0.262302
0.223686
0.284214
0.051107
-0.103550
-0.171640
-0.122809
0.015372
0.060573
-0.248248
-0.227470
-0.093048
0.392244
0.410975
0.024662
-0.051264
-0.374630
0.160038
0.107675
0.203653
0.153274
0.275643
-0.046529
-0.291116
0.023895
-0.047537
0.381318
-0.289725
-0.051736
-0.025058
0.210783
-0.082344
0.079387
0.143125
-0.030319
0.017699
0.295883
-0.198354
-0.610080
-0.158813
-0.393899
-0.267936
-0.051972
0.021765
0.074683
0.045740
-0.010291
-0.157703
0.075805
-0.082897
-0.017861
0.089376
-0.078767
-0.407216
-0.086638
-0.005771
0.170850
-0.040603
0.011523
0.013232
0.049086
-0.056426
0.110096
-0.371512
-0.015291
-0.033800
0.213571
-0.201514
0.073436
-0.374505
0.281184
-0.190534
-0.225665
-0.034894
-0.200860
0.162115
0.127859
0.301965
0.063233
-0.063933
0.073303
-0.318991
-0.078652
-0.093280
0.147956
0.044599
-0.071565
-0.092990
-0.024387
-0.217891
-0.006750
0.022749
-0.080648
-0.011594
-0.163206
0.060602
-0.198355
-0.094426
0.025783
0.260328
0.266370
0.325282
-0.126055
0.123404
0.077028
-0.096230
-0.416990
-0.208046
0.027136
0.160810
-0.078142
-0.139004
0.288623
-0.266093
0.324908
-0.196029
-0.158554
-0.104262
-0.055710
0.182043
-0.043835
-0.111226
0.193323
-0.056110
-0.216850
0.111880
0.174454
-0.241848
0.101487
0.183873
-0.080192
0.227907
-0.013661
-0.105727
0.127655
0.285575
-0.185895
-0.040991
0.196631
-0.229306
-0.100541
-0.113669
0.099556
-0.113259
-0.035691
-0.172540
0.358264
0.002695
0.340205
0.076665
0.099633
0.195095
0.081958
0.000831
0.168926
-0.060084
0.081465
-0.022940
0.220460
0.112518
0.039320
-0.041690
0.002074
0.161542
0.105006
-0.113628
-0.179270
0.110209
-0.098575
-0.065956
-0.180662
-0.178004
-0.191996
0.040139
0.290092
0.230749
-0.028654
0.059744
0.088358
0.165011
-0.086416
-0.273639
0.137851
0.217096
-0.090532
0.240246
-0.185297
0.124589
-0.072711
0.138170
-0.000618
-0.214413
-0.222426
0.049161
-0.370436
-0.018375
-0.078869
0.003709
-0.167650
0.009873
-0.291828
-0.132046
-0.182542
-0.099814
-0.145018
0.402227
-0.110866
0.113718
0.055590
-0.053159
-0.017482
0.051198
0.096466
0.031460
-0.153397
0.263846
-0.091420
-0.134424
-0.049571
-0.150354
0.162699
-0.048557
-0.105514
-0.074361
0.309151
0.223352
0.160154
-0.063720
0.252840
0.214895
0.073086
0.020350
0.449623
-0.133299
-0.116186
0.080885
0.071063
-0.340424
-0.200396
-0.064749
-0.069983
-0.037631
-0.042869
0.042196
0.119450
-0.028401
0.103478
0.062489
-0.090172
-0.042886
0.019501
0.172305
-0.079734
-0.279838
0.132026
0.059839
0.045013
-0.105999
-0.107049
0.176596
-0.234036
0.085037
-0.110491
-0.163045
-0.120580
0.123517
-0.034713
0.072741
-0.013242
-0.242080
-0.092775
0.096281
-0.227876
-0.105695
0.304968
-0.147596
0.215650
0.038105
-0.211132
0.050514
-0.139410
0.067316
-0.186828
-0.209668
0.018779
0.007347
-0.019214
-0.433041
-0.026615
-0.229440
0.112819
-0.090060
0.083941
-0.256055
0.094371
0.223223
-0.054706
-0.185292
0.271707
0.008707
0.511731
0.105480
-0.248756
-0.119488
-0.034034
-0.162348
0.317252
-0.048672
-0.176762
-0.091946
-0.065431
0.068399
-0.129062
-0.035435
0.007885
0.066436
-0.202936
0.320205
-0.240127
0.018195
0.308531
0.031325
-0.242928
-0.048190
-0.083417
-0.143389
-0.488334
-0.043596
0.367893
0.231910
0.066012
-0.176690
0.044284
-0.167549
0.114189
0.334110
0.169109
0.093966
-0.024222
0.198066
0.233327
-0.216185
0.146243
0.053412
-0.099552
-0.016015
0.104175
0.072078
0.175666
0.340543
0.015605
-0.102754
0.217379
-0.070049
-0.021580
-0.234069
-0.082018
-0.342649
0.051267
-0.183089
-0.236387
0.130359
-0.365086
-0.173150
-0.304569
0.061048
-0.038083
-0.059373
-0.202463
0.111913
-0.300252
0.325830
-0.014899
-0.298424
-0.169232
0.108113
0.067696
-0.399252
0.328628
-0.012346
0.269523
0.184553
-0.225546
-0.107412
0.251889
0.083537
-0.149424
0.130521
-0.150195
0.146940
0.076949
-0.268810
-0.059219
0.025449
0.159262
-0.170597
0.325495
-0.177417
0.148914
0.052877
0.196611
-0.110685
0.215814
0.166222
0.104783
0.046719
0.108122
0.030390
0.014499
-0.038443
0.187451
0.209581
0.009489
-0.098787
-0.312016
0.019984
0.072881
-0.014845
0.347160
-0.049648
0.195884
-0.217019
-0.061919
0.154071
-0.197028
0.258058
-0.263985
0.176612
0.322211
-0.119487
0.112824
0.058196
-0.006123
0.136059
0.290854
0.045964
-0.225309
0.230857
-0.034126
0.166922
-0.081959
0.044556
-0.070908
-0.288166
0.091179
-0.216351
0.160395
-0.166629
-0.227665
-0.210379
-0.076100
0.072124
-0.338513
-0.146630
-0.092814
-0.094967
-0.073060
-0.336649
-0.184310
-0.042428
-0.107445
0.055866
-0.061406
-0.146167
-0.142377
-0.137346
0.247590
-0.121038
0.092089
-0.000430
0.260002
0.102377
-0.030248
-0.053155
-0.466131
0.025049
-0.105582
0.134621
0.364243
0.040327
0.037921
0.012774
-0.165313
0.192253
0.190157
-0.263815
0.031973
-0.035695
0.128204
-0.105524
0.263828
0.259247
0.266101
0.287419
0.007030
-0.218086
-0.183592
-0.091744
-0.233148
-0.193940
0.164548
0.239672
0.160273
-0.250738
-0.207651
0.075203
0.229489
-0.089554
0.433560
-0.090928
0.042132
-0.041473
-0.089287
0.308815
0.204373
-0.053867
0.160293
-0.150659
0.002896
-0.207648
-0.236211
0.167135
-0.057142
0.259776
-0.060656
0.185806
0.021557
0.222043
-0.316104
0.008677
0.377424
0.036174
0.201483
-0.079672
-0.034933
-0.113141
0.103255
-0.090875
-0.302925
-0.161745
-0.095514
0.428372
-0.220065
-0.341334
-0.150861
0.032157
-0.189617
-0.214954
0.171426
-0.113599
-0.098162
-0.002059
0.270350
-0.050165
0.081569
-0.096280
0.105604
0.098300
-0.170978
0.188269
-0.171502
0.016649
-0.063572
0.032812
-0.000488
0.151380
0.106170
-0.090143
0.044639
0.031942
-0.019138
0.251888
0.273318
-0.002583
-0.185272
0.021109
0.175833
0.265746
-0.091124
-0.120357
0.128771
0.002921
-0.034936
0.185624
0.052201
0.020260
-0.116439
0.051227
-0.239775
0.286545
-0.090988
0.052316
0.235753
0.143494
-0.170499
-0.404691
-0.394721
-0.240971
-0.238043
0.091270
0.135474
0.289575
-0.052802
0.245524
-0.378610
-0.337445
-0.070500
0.191218
0.111057
0.080730
0.040548
-0.313017
0.065284
-0.260812
0.102557
0.233722
-0.327152
-0.039967
0.230020
-0.015189
-0.153263
-0.023337
-0.098096
-0.281847
-0.444733
-0.225041
-0.260110
-0.035741
-0.049270
0.185297
-0.012451
0.066575
-0.117175
0.041263
-0.235533
0.114559
-0.010749
0.012023
-0.032088
0.153025
-0.216848
0.130253
-0.181426
0.036547
-0.092773
-0.058180
0.093419
0.318562
0.222750
-0.055520
0.172756
-0.090906
-0.296344
0.116053
-0.144887
0.085652
0.101489
-0.433982
-0.219626
0.083920
-0.176064
-0.001655
-0.048784
-0.183646
-0.013641
-0.144092
-0.071355
0.086985
0.253148
0.141523
-0.152977
-0.072469
0.212572
0.177112
-0.056037
-0.100860
0.166944
0.200863
-0.064353
-0.165327
-0.396212
0.019882
0.158938
0.044549
-0.062373
0.113820
0.048392
0.142528
0.042119
-0.119694
0.258775
-0.152341
-0.103501
-0.062590
0.001243
-0.255468
0.325399
-0.084617
-0.212778
-0.066828
0.059916
0.204949
-0.165851
0.066986
-0.068500
0.043809
-0.271794
0.029000
0.477601
0.051879
-0.014452
-0.173019
0.111836
-0.047552
-0.192303
0.045098
-0.065701
-0.045365
0.052940
0.029064
0.008846
-0.025524
0.350872
-0.055842
-0.067305
-0.045691
0.321304
0.252196
-0.288468
0.187374
-0.014837
-0.031966
-0.029273
-0.258477
0.327531
-0.115884
-0.044193
-0.260203
0.086675
-0.045616
-0.117346
0.157055
-0.136453
-0.090321
-0.170571
-0.154136
-0.347691
-0.272694
-0.202458
-0.116864
0.122662
-0.025813
0.069938
0.002265
0.236508
0.028689
0.147816
-0.232142
-0.054637
-0.111008
-0.086905
0.092642
0.076264
0.093264
-0.273900
0.165702
-0.118190
-0.147694
0.082862
0.177511
0.132365
0.024352
0.001908
-0.035111
0.062258
-0.024328
-0.127579
0.217397
0.253045
0.149226
0.180117
-0.429350
-0.025557
0.273568
0.094145
-0.225482
0.224414
0.048455
-0.132386
-0.037643
0.398364
0.018559
-0.288914
-0.222938
-0.114475
0.169292
-0.052985
-0.015785
0.176566
0.058541
0.116949
-0.151685
0.149812
-0.159333
-0.003527
0.047397
0.099816
-0.054013
0.133136
0.331233
-0.203827
0.101945
0.094847
-0.105836
-0.014756
0.105105
-0.203562
-0.238649
-0.147873
0.249503
-0.080320
-0.338426
0.035515
-0.011938
-0.174190
-0.037208
-0.112169
-0.011278
0.062822
-0.060622
0.088612
0.179310
0.078522
-0.032814
-0.022873
0.055131
0.069551
0.012269
-0.039121
0.155315
-0.233712
0.080605
-0.188105
-0.018405
-0.329101
0.159075
-0.319568
0.131217
0.027772
0.192802
-0.233369
-0.350526
0.127167
-0.023250
-0.289723
-0.145526
-0.278687
0.096290
-0.223679
0.147954
-0.048541
0.193498
0.092551
-0.306878
0.234543
-0.246265
-0.085462
0.143728
0.030335
0.219056
-0.132548
0.141254
-0.171235
-0.241078
-0.233721
0.276832
0.004867
-0.141321
-0.089693
0.231764
-0.061470
0.150072
0.226839
0.121222
-0.647292
-0.262316
-0.347915
0.238010
0.069806
0.004800
0.224689
0.006913
0.025095
-0.072677
0.041348
-0.242320
0.140519
0.041357
0.036404
0.071036
0.325671
0.224296
-0.086620
0.314050
0.075253
0.088778
0.099945
0.232553
-0.118732
0.008449
-0.116333
0.101684
0.068859
-0.112710
-0.400388
-0.187138
-0.234677
-0.061050
-0.049438
-0.198020
-0.291220
0.073524
-0.166848
-0.202907
-0.051935
0.087686
-0.037886
0.027544
0.027642
-0.142183
0.019549
0.037609
0.328780
-0.185231
0.160504
-0.087925
0.009465
-0.117240
-0.001332
0.107740
0.126422
0.057064
0.341056
0.311537
-0.021111
-0.328765
-0.132564
-0.030800
0.034676
0.278174
0.121470
0.098203
0.136408
-0.243616
-0.151445
-0.163085
-0.096005
0.077084
-0.139177
0.074655
-0.162242
0.010771
-0.028025
0.085498
-0.020885
-0.323510
-0.276549
0.240213
0.206651
-0.188727
0.037310
-0.180106
-0.565870
-0.052725
0.270616
-0.153026
-0.147219
0.008113
0.303215
0.255474
0.073808
-0.085097
0.003038
-0.162356
-0.069568
-0.297005
-0.010555
-0.050941
0.025376
0.052118
0.114112
0.067122
-0.004165
-0.008314
-0.231274
-0.065704
0.145804
0.075268
-0.338309
-0.129983
-0.110812
0.307485
0.114582
-0.338519
-0.110974
0.079245
-0.034891
-0.016760
0.047348
0.024865
-0.157296
0.062705
0.097663
0.162133
-0.024265
0.167726
0.065485
0.097777
-0.085647
0.096879
-0.174355
0.085945
-0.081845
-0.352406
-0.270735
0.250809
-0.163807
-0.036147
-0.230784
-0.229915
-0.037550
-0.060693
-0.130485
-0.024523
0.069769
-0.074596
-0.183222
0.202278
0.113993
-0.166001
0.075938
0.086623
-0.072518
-0.138810
0.209046
0.270133
-0.032989
-0.251548
-0.069814
0.052763
0.191044
-0.160316
0.094700
-0.007502
0.269120
-0.058208
0.059801
-0.031309
-0.010584
-0.188142
0.388942
0.058401
-0.138356
0.020875
0.057169
0.405512
0.044346
-0.222844
0.034757
-0.183422
-0.053878
-0.088609
0.320724
0.218929
-0.182887
0.371137
0.043827
-0.205224
-0.020708
0.332366
-0.021328
0.143824
-0.019175
0.071737
-0.027515
0.163703
0.097168
-0.285457
0.118389
-0.117766
-0.039810
-0.278796
0.309798
-0.566300
0.238493
0.254937
-0.041114
-0.029528
0.044054
0.193333
0.411960
-0.013648
-0.183467
-0.244579
0.235315
0.155341
0.033401
-0.044124
0.077129
0.237480
-0.059321
0.139725
-0.250469
-0.017164
0.145465
0.202692
-0.173743
0.081832
0.161367
0.225886
0.009334
-0.132370
-0.262533
0.094337
-0.018781
-0.078001
0.168323
0.090872
-0.115422
0.249621
-0.207692
-0.197307
0.113727
-0.023269
0.171352
-0.055292
-0.107934
0.048687
0.124230
0.107893
-0.064814
-0.079093
-0.067963
-0.112450
0.246092
0.053438
0.220470
0.104560
-0.000561
-0.128876
0.018215
-0.428125
0.066397
0.163078
0.040467
-0.141609
0.080231
-0.091001
0.160580
0.108646
-0.010244
0.206342
0.172623
-0.378353
-0.126543
-0.097143
-0.027193
-0.004958
0.178742
-0.094619
-0.065998
-0.068289
-0.075491
0.237812
-0.138376
0.118796
0.030207
-0.056588
-0.434086
0.029852
0.160148
-0.111340
0.057037
-0.212238
0.143705
0.161564
-0.255822
-0.075015
-0.133964
-0.002707
0.007149
-0.271304
0.201758
0.204405
-0.062026
-0.509163
0.196923
0.010718
-0.130910
-0.043583
0.064570
0.084788
0.198060
-0.017401
-0.009099
-0.045850
0.046641
-0.271785
0.182620
-0.021060
0.029698
0.291556
0.072531
0.115642
0.082439
0.237267
0.278695
0.232559
0.216504
-0.197597
0.154230
0.122702
0.337998
-0.389140
-0.031735
-0.120960
-0.051723
-0.323049
-0.094105
0.040346
0.160850
0.127441
0.169019
-0.183292
-0.063642
0.373086
0.077621
0.166852
-0.266457
-0.103491
-0.258811
-0.052516
0.006493
-0.054056
0.036782
0.042875
0.124425
0.155258
0.037513
0.368226
-0.079829
0.372716
-0.126451
-0.191310
-0.093033
-0.341368
-0.089202
-0.251022
-0.096249
-0.372632
0.137704
0.106375
-0.051391
-0.097566
-0.223678
0.257420
0.171167
-0.139016
0.030486
-0.132533
0.005404
-0.209601
-0.027694
-0.226448
-0.026047
-0.073584
0.174652
-0.129907
0.114657
0.226739
-0.082082
0.222280
0.029280
-0.054974
0.086980
0.051855
-0.195559
-0.009552
-0.374960
0.002339
-0.015507
-0.028513
0.104979
0.050102
0.048020
-0.251548
0.016300
0.248873
-0.043253
0.275227
-0.468925
-0.236025
0.151487
0.009746
-0.005408
-0.237105
-0.379019
0.152284
0.458390
-0.236674
-0.233407
0.140234
0.229248
-0.077101
-0.010517
-0.177451
-0.201899
0.126484
0.208850
0.132605
0.117419
-0.143231
-0.108782
0.054146
0.226555
0.013425
0.009099
-0.192633
-0.090381
0.329621
0.135275
-0.137577
0.080121
0.063733
-0.074713
0.008773
-0.049701
0.350774
-0.030843
0.218370
0.163788
-0.204706
0.452539
-0.135604
-0.597299
0.139053
0.177214
-0.398826
-0.183334
0.174162
-0.012396
-0.316159
-0.103854
-0.317354
-0.204754
-0.203944
-0.148198
-0.305283
-0.009565
0.116547
0.023593
-0.117115
0.242735
-0.191800
-0.169316
-0.046648
-0.097250
-0.027459
0.153354
0.328356
0.297620
-0.062547
0.089937
-0.145355
-0.453416
0.327621
0.020011
-0.021319
0.124837
0.075427
-0.122212
0.104247
0.099129
0.030748
-0.100083
0.060136
-0.028541
-0.027307
-0.411363
0.006287
0.108918
-0.107897
-0.039352
-0.003434
0.254588
-0.196395
0.066242
0.148367
-0.031309
-0.103855
0.323281
-0.053280
0.027591
0.077903
-0.159988
0.030356
-0.286349
0.088732
-0.120725
-0.018497
0.060603
-0.018067
0.186992
-0.126148
-0.205687
0.336919
-0.112526
-0.063348
0.110947
0.211157
0.178884
0.174916
-0.012733
-0.265082
-0.030748
0.014481
-0.090870
0.130221
0.042085
-0.582434
-0.067898
0.215680
0.140521
0.099124
0.233170
-0.142047
0.109207
0.070745
0.047754
-0.232092
-0.147067
-0.313463
-0.386436
-0.207768
-0.108472
0.030366
-0.005907
-0.100971
-0.012377
0.109430
-0.086769
-0.047858
-0.221855
0.317567
-0.060187
0.180748
0.260293
-0.031844
-0.116269
0.156730
0.082338
-0.384967
0.137733
0.132903
0.277898
-0.182293
-0.077799
0.103444
-0.270103
0.044854
-0.417380
-0.288750
-0.236952
0.128049
0.111417
0.039987
-0.061305
-0.087772
0.211015
-0.229326
0.023614
-0.089589
0.149174
-0.140292
-0.153192
0.015762
-0.083077
-0.052289
-0.056567
-0.025156
-0.126770
-0.060549
0.015962
-0.095508
0.007870
0.099633
-0.383589
0.093226
0.155794
-0.026689
0.054991
0.151556
0.046258
-0.024088
-0.132191
0.005260
0.030236
0.041468
0.027620
0.022570
-0.061482
0.060445
-0.092740
-0.074028
-0.113388
0.287714
0.403621
0.188616
0.264678
-0.326596
0.119497
0.008723
0.184528
-0.218993
-0.154586
-0.094471
-0.338901
-0.473466
-0.115693
-0.085340
-0.249924
0.121852
-0.087657
-0.115438
-0.011272
0.261011
-0.187756
0.019519
0.122024
0.080462
-0.080990
0.210565
-0.066265
0.392003
0.211172
0.097317
0.173512
-0.022253
-0.084756
0.100578
0.168917
-0.404700
0.233654
-0.149107
-0.062636
-0.020095
-0.026809
-0.516596
-0.013355
-0.164869
-0.051216
0.173932
-0.031395
0.111987
-0.085260
0.127632
-0.014142
-0.104760
-0.015309
0.070754
0.031748
-0.173470
0.054493
0.115875
-0.062336
0.168861
-0.052216
0.138434
0.406116
-0.113007
0.192333
-0.035424
-0.267009
0.104491
-0.273561
-0.177146
0.230317
-0.129280
0.004674
-0.017070
0.155851
0.127989
-0.157717
0.098599
0.063487
0.153890
0.010007
-0.014211
0.220817
0.091220
-0.005174
0.084803
-0.094771
-0.259767
-0.096142
-0.140956
-0.115501
0.074408
0.121079
0.006652
0.017202
0.224322
-0.028577
0.100713
-0.073623
0.325184
0.266438
0.282355
-0.084671
-0.246630
0.144219
0.155763
0.082960
0.015523
-0.068874
-0.316441
0.163989
0.248936
0.234494
-0.016392
-0.329024
0.047428
-0.086852
-0.153843
0.144022
0.084562
-0.124255
-0.073230
0.019051
-0.069268
0.022140
-0.070030
0.369845
-0.012911
-0.241503
-0.406782
0.091942
-0.113805
-0.082185
0.043077
0.276314
-0.081098
0.248654
0.083343
-0.181993
-0.236606
0.033610
0.203236
-0.007443
-0.150784
0.298965
0.165313
-0.098448
0.258291
0.312635
0.003798
0.048781
0.135634
-0.023227
0.131717
0.026976
-0.009068
0.286956
0.140631
0.007863
-0.166471
0.073132
-0.039569
-0.086052
0.070947
0.095312
-0.205239
0.033942
0.242204
-0.001212
0.057891
0.128703
0.158362
-0.105954
-0.193818
0.418722
0.150832
-0.134821
0.144296
0.120588
-0.173712
-0.271412
-0.030915
-0.155523
0.141182
0.168883
0.229881
-0.019665
0.335304
-0.290126
-0.006884
-0.214166
0.213343
-0.171022
0.195355
0.041361
-0.227820
0.309362
0.086683
-0.104164
0.005340
0.278003
0.077749
0.142726
0.239484
-0.226077
-0.030857
-0.056431
-0.143828
0.035848
0.030084
-0.229466
0.061075
-0.094378
-0.164631
-0.037103
-0.127488
0.124446
0.080930
-0.294450
0.116643
0.385632
-0.288957
-0.032492
-0.137677
-0.081417
-0.568010
0.133221
0.118755
-0.325407
-0.303901
-0.025763
0.176788
-0.219956
-0.129252
-0.102512
0.117125
0.165522
-0.077526
-0.005531
0.013597
0.052138
0.027594
-0.383521
-0.110708
-0.026157
-0.217427
0.240031
0.161189
0.035360
0.165197
0.058792
-0.062593
-0.095002
0.273916
0.021879
0.240652
-0.134377
-0.244097
0.003572
-0.160463
-0.096072
0.170894
0.062179
-0.236962
-0.442475
0.172775
-0.072433
0.214029
0.039531
0.322060
0.398503
0.205053
-0.071727
-0.245289
-0.029053
0.168212
-0.048714
0.416558
0.175999
0.095951
-0.119721
-0.242407
0.238968
0.210706
-0.235072
0.081684
0.159724
0.066403
0.287269
-0.181903
0.102778
0.148108
-0.257747
0.038476
-0.093099
0.169913
-0.010304
-0.181290
-0.144090
-0.423633
-0.149793
0.106505
0.093340
-0.080191
0.012841
0.194217
0.161101
-0.044847
-0.186611
-0.012830
0.014470
0.284508
0.366929
-0.097732
-0.117148
-0.087673
0.036615
-0.247330
-0.267134
0.008529
0.118015
-0.159961
-0.017876
-0.044264
-0.132780
-0.052346
0.068204
-0.256954
0.148791
0.059511
-0.154685
0.171718
0.077780
-0.027335
0.161788
0.172232
0.399332
0.108196
0.045059
0.027655
0.062984
-0.099419
-0.009313
0.005520
-0.034822
0.128447
0.190283
-0.281646
-0.294646
-0.079136
-0.154048
0.147837
0.034900
0.114531
-0.043504
0.053997
0.050754
0.056275
-0.254484
-0.201867
-0.111865
-0.101981
-0.064242
-0.005886
0.272657
0.097953
0.058163
0.142748
0.240020
0.055844
-0.024140
0.007850
0.103021
-0.124481
-0.135569
0.124373
-0.051683
-0.171533
-0.132104
-0.075548
0.215288
-0.009708
-0.050414
-0.173538
0.043707
-0.195613
0.102770
0.101227
0.010411
-0.031606
0.089868
0.290899
-0.176056
-0.074626
-0.060794
0.200935
0.093370
0.260618
0.122909
-0.231080
-0.057984
0.038366
0.220846
0.298833
0.116130
0.018311
0.267590
-0.066751
-0.236720
-0.041514
-0.068043
-0.590738
0.025307
0.596238
-0.062921
0.147578
0.023296
0.106732
0.066800
0.373606
-0.146052
0.039550
-0.145180
-0.043050
0.077911
-0.094793
0.140748
-0.124971
0.011260
0.149667
0.049432
-0.022216
-0.299508
0.232781
-0.210289
-0.209699
0.049039
-0.001826
-0.154824
-0.083633
-0.186985
0.055741
-0.026165
0.312143
0.108114
-0.191760
-0.361159
0.060212
-0.070382
0.128111
0.082559
-0.104046
-0.325275
-0.173438
-0.049768
-0.185326
0.181560
0.077657
-0.216229
-0.065815
-0.283608
0.128676
-0.136834
-0.153870
0.113213
-0.194654
0.195583
0.009524
0.217932
-0.082164
0.064499
-0.129198
0.062398
0.038430
0.059652
0.334928
-0.138432
0.094197
-0.238679
-0.172006
-0.067363
-0.113594
0.040935
0.404905
0.330853
0.418967
-0.115785
0.157643
0.260641
-0.246468
0.169901
0.153380
0.141081
0.052191
-0.050162
-0.042594
-0.242531
-0.059986
0.042699
-0.042929
0.252892
-0.054041
-0.235689
-0.107149
-0.014554
-0.028406
-0.007822
-0.251390
-0.202006
0.150089
0.046436
0.151570
0.203108
0.295280
-0.418729
-0.146449
-0.073511
-0.133065
-0.135173
-0.203039
-0.015890
-0.011394
-0.087053
-0.049635
-0.162883
0.125206
0.124387
-0.183643
0.100662
-0.123520
0.044161
-0.290058
0.151382
-0.065433
0.014986
-0.158434
0.094161
-0.048393
0.173073
0.163648
0.390153
0.163464
-0.009912
-0.062879
0.005310
-0.037909
0.219775
0.267619
-0.231179
-0.023799
-0.161730
-0.240646
-0.545612
0.058344
0.021934
-0.001884
0.101250
-0.279499
-0.098298
-0.084541
-0.081312
0.051242
0.086675
-0.044371
-0.060166
-0.139532
0.187211
0.281151
-0.065257
0.176562
-0.380073
0.003614
-0.062415
-0.176627
0.061172
-0.050569
0.129468
-0.126491
-0.052859
-0.242774
0.145453
-0.082785
-0.029926
-0.305377
0.032795
-0.148303
-0.087559
0.007281
-0.058042
-0.000387
0.098151
-0.032073
0.123935
0.162842
-0.194738
0.000669
-0.178340
0.073221
0.227803
-0.143353
0.243074
0.034928
0.149130
-0.017888
0.185924
0.065744
-0.135940
0.098233
-0.163910
0.179981
-0.011000
0.131448
0.019903
0.199154
0.129852
-0.015386
0.159326
0.044333
0.055273
-0.282970
-0.186487
-0.063767
0.280355
0.198528
-0.284168
-0.036122
0.075446
-0.046330
-0.094619
-0.160650
0.362165
0.364243
-0.292135
0.272673
0.013772
-0.070146
-0.125374
-0.323226
0.126168
0.048763
-0.011553
-0.059749
0.056957
-0.078516
0.110520
-0.093848
-0.304958
-0.011089
-0.126752
-0.311738
-0.101895
0.183728
0.011741
0.122234
-0.248195
-0.287487
-0.011145
0.053606
-0.033231
0.301721
-0.171534
-0.130048
-0.047803
0.121164
0.133273
-0.006592
0.038815
-0.021154
-0.381586
-0.309384
-0.168606
-0.296946
0.084961
-0.060833
-0.269858
0.191505
0.041583
0.182270
0.105235
0.014886
0.353684
0.128263
-0.050779
0.044723
-0.344574
0.153236
-0.343052
-0.262921
-0.089895
-0.026922
0.114088
0.041331
0.302233
0.136898
0.242545
-0.267277
0.096415
-0.209342
-0.058028
-0.144444
-0.202353
0.074025
0.060571
0.289966
0.416288
0.162782
-0.277986
-0.003600
0.257562
-0.050889
0.265528
-0.157719
0.257224
-0.006174
-0.176012
0.198432
-0.281685
-0.390411
0.058375
-0.115324
-0.240059
-0.047839
-0.264389
-0.130313
0.277363
0.035857
0.060686
0.160796
0.215478
0.157635
0.085451
0.357055
0.268475
0.104834
0.313979
0.332258
-0.092899
0.078495
0.197842
0.092954
-0.009189
-0.057336
-0.070957
-0.103519
-0.012702
-0.215619
0.074155
0.051461
0.179778
0.132634
-0.262869
0.469458
0.070189
0.063067
0.016865
0.065220
-0.053127
0.149692
0.108655
0.014141
0.080240
-0.181800
0.215674
-0.004951
-0.115352
0.031388
-0.187414
-0.043900
-0.052852
-0.034830
-0.040337
0.166478
0.076759
0.165309
0.193127
0.052814
-0.053890
-0.130402
-0.000079
-0.644247
0.266143
-0.109367
0.383732
0.019423
0.065674
-0.098985
-0.421965
0.083548
-0.043263
-0.226800
0.088309
-0.231043
0.130694
-0.050942
0.232713
-0.188858
-0.132160
-0.022664
-0.273398
-0.231366
-0.091624
0.079795
-0.061698
0.199136
0.224232
-0.093108
-0.111412
-0.228377
-0.069209
-0.090587
0.043924
0.065795
-0.104952
0.153786
-0.168704
0.203128
-0.028235
-0.124197
0.147808
-0.206233
-0.317665
-0.154802
0.359203
-0.004564
0.099148
-0.298678
-0.110861
0.250471
-0.125671
-0.016477
-0.259260
-0.115918
-0.019570
-0.150351
0.176179
0.139605
-0.196878
0.109010
-0.080888
0.031814
0.359899
-0.155443
0.104489
0.256768
-0.034263
-0.018174
-0.024564
0.231352
-0.154431
0.179485
-0.168118
0.173762
0.034226
0.014104
0.000131
0.160235
-0.100615
0.004264
-0.016180
0.226532
-0.251935
0.061653
0.229416
-0.134912
0.294617
-0.383544
-0.064904
0.027493
-0.058959
-0.002757
0.208046
-0.568472
0.126932
-0.098885
-0.160797
-0.102553
0.255545
0.021169
-0.161258
0.305641
-0.148479
0.099532
0.063095
0.239780
0.005315
0.241011
-0.109358
0.064953
0.172222
-0.004140
0.031490
-0.091161
0.197102
0.200929
0.055729
0.144249
-0.018945
-0.119594
-0.122993
-0.270200
-0.004739
-0.208384
0.066729
-0.146197
0.146934
0.209297
0.112145
0.278102
-0.086822
0.096671
-0.098116
0.248352
-0.186428
0.103769
-0.323207
-0.017460
-0.111282
-0.103768
-0.282788
-0.040308
-0.062252
0.266777
-0.056100
0.024798
-0.129632
-0.011455
0.167333
-0.256971
0.143247
-0.079306
0.000706
-0.158215
-0.100990
-0.244520
-0.130804
-0.100615
-0.231732
-0.163092
0.163810
0.229171
-0.044831
0.062467
-0.543375
0.026704
-0.035108
-0.073752
0.068560
-0.009368
-0.072601
-0.001719
0.386535
0.178044
0.173467
-0.182044
-0.087384
0.204060
-0.036691
0.027325
-0.065539
0.050175
-0.212452
0.214985
0.191711
-0.041600
0.212769
0.003214
0.253698
-0.000323
0.005018
0.076271
-0.115464
-0.046389
0.231648
0.018356
-0.495776
-0.074621
-0.121360
0.025334
0.115353
0.168940
-0.134612
-0.049485
0.184973
0.078339
-0.250337
-0.323151
-0.352814
-0.351330
-0.276366
0.352578
0.084288
0.353114
0.231922
0.315699
0.200418
-0.449787
0.054118
0.031275
-0.159496
0.179412
0.065391
-0.127795
-0.310281
0.074286
-0.228379
-0.298190
-0.019973
-0.299646
0.052025
-0.201472
-0.003531
0.012393
0.262607
-0.061987
0.269063
0.130940
0.062531
-0.096603
-0.097829
-0.110227
0.178302
0.285904
-0.197523
-0.371281
-0.236772
-0.177909
-0.046004
0.194393
0.073811
0.210627
-0.237378
-0.107195
0.363304
0.165048
-0.071874
0.244884
0.024409
-0.123180
0.262339
-0.139624
-0.073995
-0.260066
-0.040289
0.159749
-0.024638
0.361738
0.208831
0.225077
0.258473
0.004352
0.115262
-0.323065
-0.151070
-0.130583
-0.101053
0.192653
0.169747
-0.224526
0.068676
0.203813
0.101458
0.330120
0.083485
0.302276
-0.136011
-0.057314
-0.196968
0.105578
-0.177410
-0.148996
0.132324
0.018189
0.016193
-0.054505
-0.016480
-0.142927
0.004342
0.092157
-0.152839
-0.079813
-0.076040
0.238417
0.132314
-0.299190
0.041333
0.255384
-0.273965
0.249129
0.122978
-0.174427
0.071309
-0.106788
0.280532
-0.067388
0.277003
-0.130032
0.102629
-0.121291
0.065028
0.127722
0.098570
0.175192
-0.004646
0.049061
0.229841
0.168582
0.213531
0.173538
0.206463
-0.217530
-0.012405
0.250678
0.116238
-0.059300
0.066937
-0.173098
-0.230556
-0.076920
0.329303
-0.095962
0.134629
-0.033169
-0.227778
0.189345
-0.203117
-0.074562
0.157019
-0.011868
0.066223
0.060794
0.136657
-0.165570
0.165100
0.325278
0.052908
-0.183383
-0.031015
0.011686
0.128567
0.224015
-0.176166
0.079348
0.176198
-0.171138
0.238232
-0.075495
0.055698
0.425833
-0.016792
-0.122968
-0.013981
0.301455
-0.132331
-0.053733
-0.251558
0.240062
0.165223
0.072998
0.071112
-0.229300
0.039418
-0.070784
0.142426
-0.071798
-0.081311
0.261710
0.078322
-0.037157
-0.167856
-0.156684
-0.015995
0.001594
-0.119788
0.178455
-0.192673
0.008244
-0.105609
0.054918
0.085184
0.144375
0.135446
-0.045608
0.235649
0.069442
-0.099685
-0.204785
0.247799
-0.353528
0.031509
-0.369744
0.092251
0.045431
0.094077
-0.353001
0.307448
0.012825
0.124774
0.106657
-0.185450
-0.178499
-0.262223
-0.169178
0.117814
-0.008791
0.081762
0.024343
-0.107538
-0.219198
0.022344
0.025184
-0.178414
-0.308436
0.080433
0.222425
-0.020438
-0.056989
0.253789
-0.052915
-0.132254
-0.377851
-0.223335
0.364298
0.101939
0.064037
-0.208331
-0.055192
-0.149141
0.021026
0.140968
-0.073314
-0.195818
0.145933
0.041467
0.230413
0.259424
-0.069211
-0.086560
0.090518
0.288431
-0.088761
0.087126
-0.041436
-0.411381
-0.288754
0.152198
-0.200939
0.121029
-0.000100
-0.105264
0.019310
0.130466
0.268040
0.317411
-0.183191
0.008613
-0.079617
0.107047
-0.246870
0.171896
0.234033
0.026649
-0.036397
-0.154809
0.112965
0.028485
0.176545
0.055741
0.205956
-0.191718
0.106830
-0.022007
-0.120787
0.066489
0.214315
0.143233
-0.022796
0.128859
0.217289
0.011511
-0.204802
0.014988
-0.122422
0.240825
-0.250166
-0.169883
-0.026395
-0.144271
0.082846
-0.009235
0.378671
0.132822
0.210918
-0.341471
0.077348
-0.000319
-0.264017
-0.175419
-0.247437
0.182722
0.038259
-0.133933
-0.157961
-0.202773
-0.027099
0.179849
0.128661
0.249304
-0.108721
0.091134
0.130242
-0.127401
-0.168123
0.180741
-0.091785
-0.313161
-0.288195
0.099198
0.021335
-0.169780
0.205361
-0.000677
0.087747
0.035679
-0.083016
-0.243752
-0.106623
0.107127
0.042622
0.097742
0.099691
-0.274990
0.148719
0.191331
0.039799
-0.191862
-0.076878
0.046255
-0.209788
0.094433
0.073557
-0.295440
0.237108
0.261564
-0.244198
-0.064633
0.197502
0.097919
0.050706
0.041626
-0.039838
-0.006534
-0.192369
0.085228
0.092035
0.228281
0.288443
0.144760
-0.161380
-0.192262
-0.013113
0.087728
0.033821
0.036614
-0.112556
0.050087
-0.202426
0.266511
-0.012136
0.117650
-0.001949
-0.073693
-0.126575
-0.016744
0.158946
-0.194916
0.446774
-0.016635
-0.174077
-0.587406
-0.035681
-0.043262
-0.159940
-0.268010
-0.238385
0.040648
-0.141224
-0.131646
0.377238
-0.092873
0.129842
0.214310
0.128540
0.250763
-0.039883
-0.108979
-0.119994
0.303494
-0.073606
0.023028
0.066758
-0.008061
0.169771
-0.202468
0.397912
0.119046
0.216315
-0.153823
0.203946
-0.001559
0.198504
0.155581
0.218252
-0.034509
-0.113401
0.066103
-0.061029
0.008453
0.251858
-0.045701
0.293597
0.086460
-0.176043
0.038989
-0.039162
-0.408440
0.162958
-0.040660
-0.168529
-0.054033
-0.016002
0.044938
0.103977
-0.180373
-0.110309
-0.273207
-0.345397
0.166605
-0.178907
-0.225200
0.328605
0.359514
0.167175
-0.121758
0.325343
0.080613
0.055258
-0.124948
0.292286
-0.261130
0.271947
0.170382
-0.209046
-0.061058
0.032757
-0.054152
-0.242564
0.261930
-0.040349
0.024074
-0.357419
0.150326
0.046040
0.408907
0.001982
-0.022032
0.024660
-0.117523
0.180764
0.346828
0.394158
0.202478
-0.267636
0.034629
-0.101095
0.060257
-0.085488
-0.128801
0.254324
0.027564
-0.019322
-0.003718
-0.100251
0.023459
-0.124975
0.023222
0.174025
0.050988
0.036983
-0.230756
0.039786
0.039398
0.090293
0.144889
0.016009
0.234003
-0.206053
0.145128
0.135172
-0.078298
0.038600
0.034142
0.066315
-0.252270
-0.208600
0.073016
0.173265
0.013511
0.089314
-0.168118
-0.119744
0.158050
0.258200
-0.023984
0.277469
0.205660
0.268150
-0.321689
0.135864
-0.235230
-0.523953
0.247553
0.273676
0.122159
0.133741
-0.093658
-0.130787
0.159292
0.090295
-0.081001
0.105994
0.139145
-0.065691
-0.176082
0.091227
-0.486157
0.026891
0.004960
0.430942
-0.037769
-0.047403
0.229611
0.393558
-0.049606
-0.244942
0.130335
0.199694
0.119059
-0.042923
0.340378
-0.078713
0.033178
0.226665
0.155050
-0.020103
0.245488
-0.030582
0.353301
-0.062433
-0.094722
0.176543
-0.022466
-0.000819
0.054982
-0.230143
-0.287847
-0.048136
-0.085488
-0.032023
0.493087
0.012181
0.335591
-0.046697
-0.096106
-0.090981
0.123236
-0.159938
-0.002256
0.302828
0.063307
0.175601
-0.051212
-0.268789
0.147708
-0.281407
-0.065063
0.064202
0.096054
0.197492
0.111635
0.137618
0.170962
0.059448
-0.248775
0.141630
0.091975
-0.234686
-0.108150
-0.240194
-0.015744
-0.072721
0.126087
0.278389
-0.099129
0.109774
-0.120083
-0.028415
0.063468
0.071182
-0.074849
-0.141487
-0.113546
-0.066327
0.002287
-0.021956
0.202130
-0.155868
0.316443
-0.210380
-0.316081
0.120182
0.012441
0.177842
-0.143123
0.000372
0.058578
-0.020464
0.039057
-0.213017
0.055164
-0.040781
-0.195473
0.139788
-0.085112
0.201408
-0.118131
-0.194065
-0.342063
-0.001125
-0.110584
0.132589
-0.347638
-0.000837
0.019980
-0.004449
-0.045151
-0.168156
0.019896
0.097865
0.074222
0.225415
-0.034730
-0.139588
0.066532
0.085932
-0.328125
0.117287
-0.288626
0.011042
0.191811
-0.006059
0.022174
0.191399
-0.217287
0.309409
-0.085828
-0.370279
-0.061325
-0.070024
0.112921
0.088929
0.070622
0.050566
0.163091
0.251143
-0.490737
0.202045
0.016331
-0.062189
0.280412
0.000162
0.087075
0.282930
0.041098
0.248366
0.091576
0.285443
0.131697
0.129607
-0.237242
-0.298337
-0.152943
-0.033138
-0.000018
-0.178746
0.032038
0.048586
0.045615
0.130820
0.263054
-0.084013
-0.019918
0.003783
-0.099260
-0.027473
-0.026744
0.221082
0.019206
0.201071
0.031425
0.193426
0.081503
0.240748
0.005634
0.061512
-0.001021
0.172971
0.335233
-0.068490
-0.148512
-0.350269
0.224822
-0.205356
0.018372
-0.118426
-0.089128
0.050888
0.166156
-0.233788
0.132262
-0.075853
-0.053160
0.205058
0.152697
-0.418800
-0.238760
0.026309
0.183628
-0.036343
0.179272
0.260191
0.025610
0.045043
0.050920
0.088648
-0.234596
-0.097238
0.169582
-0.036548
-0.296504
-0.147296
-0.141305
-0.268821
-0.055923
-0.226638
0.110575
0.013624
-0.071948
-0.201011
0.067291
-0.012459
-0.025272
0.155577
0.273305
-0.086242
-0.308061
-0.171635
0.274181
-0.088252
-0.010493
0.022245
0.021731
0.001600
-0.190908
0.008799
-0.445148
-0.214236
-0.138064
-0.227705
0.096366
0.380090
-0.127901
0.062625
0.022131
0.076495
-0.100264
-0.038879
0.184999
0.004052
-0.190160
0.014927
0.210188
-0.153713
0.165314
-0.053669
-0.094118
0.157206
-0.106659
0.124874
-0.044342
0.049627
-0.107804
0.087470
0.163008
0.077128
0.156586
0.158188
0.094969
0.135573
0.104150
-0.108006
0.083483
0.086913
0.581812
0.145537
-0.074029
-0.307453
-0.071019
-0.060100
0.134506
0.190411
-0.267793
0.097722
-0.013350
0.064130
0.175192
-0.054575
0.126466
-0.023583
-0.032117
-0.102767
0.099476
-0.225261
-0.181765
-0.085707
0.013441
0.196845
-0.087785
-0.082126
-0.066051
0.011191
-0.230537
-0.011832
0.191983
0.292187
0.122192
-0.222231
-0.086030
0.109041
-0.024884
-0.091020
-0.345976
0.087753
0.023008
-0.405698
0.314854
0.092940
-0.210154
-0.121485
-0.156741
-0.145813
0.213951
0.087424
-0.138404
0.313022
-0.039110
0.066244
0.247273
-0.068732
0.111562
0.194433
0.330007
-0.029422
0.147230
-0.176529
0.172883
0.133969
0.025924
0.253627
0.283635
-0.367699
0.127290
0.210135
0.060540
-0.252049
0.101145
0.198299
0.037454
0.124420
0.088291
0.182147
-0.273026
-0.202137
-0.211968
-0.139967
0.163393
0.150109
-0.118382
-0.257616
0.160970
0.100134
0.047556
0.165345
0.205058
0.194484
0.188402
-0.060903
0.170760
0.161586
0.127305
-0.160251
0.170586
-0.011356
0.038369
-0.115182
-0.039121
0.131712
0.121817
-0.010685
0.081534
0.368442
-0.047120
0.043601
-0.095892
0.149320
-0.403004
0.033235
0.082522
-0.166106
-0.023737
0.044766
-0.053701
0.357233
-0.219455
-0.038943
0.088005
0.127095
-0.157202
0.104229
-0.076854
-0.145939
-0.335427
0.217524
-0.382530
0.299897
0.085581
-0.120569
-0.039659
-0.028117
0.108993
0.037920
-0.316329
-0.141131
-0.107722
0.148609
0.163456
-0.026529
-0.146786
0.041918
-0.020986
0.325554
-0.094848
-0.140043
0.046661
0.118958
-0.134822
-0.035384
0.095371
0.235590
0.127607
0.053301
-0.155236
0.074698
-0.224932
-0.136835
-0.139034
0.094326
0.079548
0.368732
-0.037266
0.134831
-0.010202
0.212735
0.152888
0.101060
0.132863
-0.204640
-0.124959
-0.121222
-0.128993
-0.083885
0.368723
-0.054519
-0.472276
-0.014423
-0.194472
-0.043466
-0.158899
-0.049025
-0.039892
-0.237648
-0.066736
-0.206456
-0.114570
-0.084914
-0.023920
0.071176
-0.078980
0.179313
0.136370
0.145515
0.094895
-0.323539
-0.094382
-0.048055
-0.009817
-0.001302
-0.084191
0.039279
0.011243
0.131607
-0.162101
-0.074644
0.156604
-0.256586
-0.009150
0.110314
0.101790
0.025263
0.152661
-0.169426
-0.127154
0.428837
-0.029781
0.169367
-0.065663
-0.139685
-0.062260
0.157495
-0.076888
0.031343
0.134984
0.136076
-0.272794
0.026781
0.204976
0.072414
0.184827
-0.074437
-0.062024
0.069471
-0.205412
0.047048
-0.032942
0.047557
-0.251245
0.049296
-0.054865
0.212564
0.073854
-0.004024
0.041384
-0.102628
-0.018377
0.005927
0.088021
-0.036051
0.144024
0.091482
0.430778
0.236106
0.044029
-0.190466
0.149120
-0.051635
0.111708
0.091699
0.181476
-0.103135
-0.330869
-0.126463
-0.035230
0.443307
0.153115
-0.357088
-0.126318
0.230047
0.032514
-0.078392
0.211981
-0.142467
0.157895
-0.214142
-0.116460
-0.062116
0.209024
0.237292
-0.151128
0.191497
0.226580
0.023479
-0.001512
0.263312
-0.191348
0.010093
0.160396
0.064616
-0.247420
-0.035975
0.371141
0.161085
0.093676
-0.022454
-0.037803
0.037277
-0.112223
0.143740
-0.015022
-0.047379
0.225944
0.062749
0.187979
-0.365124
-0.023286
-0.021479
0.228658
-0.055704
0.337374
-0.269522
0.178023
0.132465
0.068927
-0.352310
0.126002
-0.156408
0.196084
0.154997
0.211270
-0.212867
0.061713
-0.326526
-0.003027
-0.140465
0.288323
0.259900
0.115137
-0.010697
-0.066897
0.023506
0.157938
-0.312408
0.001263
-0.243064
-0.201954
0.064389
-0.065644
0.047271
-0.045151
0.182060
0.313272
0.258151
-0.209537
-0.030070
0.149260
0.087441
-0.092623
-0.085326
-0.469680
-0.102577
-0.078351
0.090943
0.084928
-0.112392
0.096129
-0.093627
-0.163434
-0.145678
0.113940
-0.080593
-0.312359
-0.006249
0.084163
-0.148535
0.182255
-0.087348
0.091929
-0.381322
0.012026
0.102233
0.126761
0.140168
-0.222595
0.039502
-0.238910
0.047999
0.104147
-0.188769
-0.002908
0.136813
-0.087454
-0.014793
0.116047
0.146159
0.281799
0.103706
-0.137965
0.174474
0.100358
0.176206
-0.238760
0.076185
0.286208
-0.203799
-0.172756
0.160357
0.007182
0.320317
0.086563
0.094887
-0.465460
0.103253
-0.145836
0.192693
-0.227752
0.063491
-0.023724
0.179914
-0.263292
-0.383039
-0.165272
0.022826
-0.041826
-0.063446
0.057313
0.331148
0.165941
-0.008641
-0.029313
-0.062957
0.050470
0.053668
-0.068364
-0.151539
-0.168528
-0.183193
-0.119149
-0.013164
0.221213
-0.031962
0.048786
-0.158893
-0.065163
-0.028631
0.149346
0.315821
-0.105125
0.072834
0.339076
0.014875
0.139537
-0.038808
0.254358
0.223165
-0.195322
-0.073150
0.256477
-0.125313
0.028495
-0.079217
-0.184976
-0.313271
0.178057
-0.433373
0.033973
-0.058833
-0.395227
-0.079930
-0.081513
-0.266728
-0.053174
-0.267344
0.186125
-0.043008
0.152899
0.068289
-0.311269
-0.160708
-0.070653
-0.063724
-0.104132
0.096089
0.125264
-0.333354
-0.058300
-0.030395
-0.071199
0.053847
-0.025219
0.029518
0.053990
-0.081157
-0.239605
-0.060985
0.126389
0.161331
0.304851
-0.005526
-0.036644
-0.106115
0.167012
-0.023234
-0.192935
0.016311
0.074920
-0.172440
0.145276
0.095142
0.184515
-0.220561
0.397771
-0.014250
0.019270
0.339644
-0.125176
-0.257824
-0.595681
-0.193168
0.186843
0.189007
0.192047
-0.048554
-0.010742
0.091441
-0.138850
0.018265
0.056078
0.132054
0.157718
-0.142484
-0.390885
0.443750
0.027807
-0.051897
0.183424
0.360806
0.154885
-0.106002
0.114533
-0.302425
0.320108
-0.221120
-0.347420
0.356828
0.227261
0.151479
-0.046806
0.036430
0.267836
0.126678
-0.157634
0.076332
-0.074287
-0.093401
-0.382213
-0.065215
0.239173
0.146509
-0.046556
0.178168
-0.224849
0.019239
-0.163886
0.316552
-0.020552
-0.019127
-0.171220
-0.136431
-0.119635
0.035046
-0.288361
-0.145156
0.204492
0.067788
-0.010725
-0.039760
-0.080104
-0.176002
-0.084675
-0.009573
-0.340830
-0.326318
0.142228
-0.025204
0.480754
-0.231138
0.213048
-0.060868
0.194365
0.103312
-0.059122
0.023248
0.047801
0.233382
0.068263
-0.071785
0.155434
0.169754
0.009444
0.194804
-0.060941
0.263946
-0.149354
0.246881
0.123122
-0.154384
0.376545
-0.021836
-0.124215
-0.022598
-0.065059
-0.007887
0.042394
0.305884
0.250974
-0.222580
0.091547
-0.003537
-0.057447
-0.230272
0.109947
-0.118797
0.068469
-0.227249
0.014277
0.003530
-0.078116
-0.099830
-0.044972
0.127672
0.134895
0.060575
-0.089545
-0.166811
-0.246795
-0.083801
0.230012
0.143896
0.026729
-0.130672
-0.130523
-0.182490
0.037578
-0.080505
-0.120039
-0.062122
-0.201400
0.179698
-0.062433
0.129578
0.022539
0.001434
0.178595
-0.057231
-0.011862
-0.094470
-0.233192
-0.044552
0.018579
-0.171339
0.092091
-0.140533
-0.151492
-0.046709
-0.183927
0.210051
-0.062979
0.164022
0.004788
0.161306
0.089125
-0.280142
-0.015629
-0.097204
0.146336
-0.198400
-0.030904
-0.211720
-0.143452
0.146357
0.164542
0.143608
-0.076818
-0.013523
-0.165487
-0.185417
0.038973
-0.070193
0.128650
-0.165391
0.064154
-0.081059
0.265474
0.086261
0.035379
0.204002
-0.252668
-0.021843
0.016972
0.240306
0.109261
-0.018879
-0.074134
-0.161093
0.510612
-0.275045
-0.201067
0.250337
-0.056671
0.128572
0.121263
0.077251
0.233445
-0.030339
0.035519
0.130077
0.189224
-0.094378
-0.178804
-0.108497
-0.296983
-0.055694
-0.458846
-0.155573
0.295384
-0.077370
0.064660
-0.222089
-0.261768
0.098263
-0.090481
-0.171688
0.143098
0.064485
0.128749
0.220945
0.147339
0.333425
0.163434
-0.176459
0.136040
-0.008304
0.159600
0.045910
0.132650
0.006353
-0.135033
0.089149
-0.072235
-0.037265
0.179061
0.198631
0.291842
0.026504
0.182154
-0.107388
-0.062627
0.095607
0.115573
0.218059
0.068448
0.104557
0.283623
-0.019266
0.075185
-0.140891
0.160080
0.074398
-0.008850
0.228237
-0.111548
-0.084851
-0.092574
-0.102609
0.105276
0.094193
-0.075645
-0.252611
0.072166
-0.014849
0.194654
0.110841
-0.302626
-0.165024
-0.324419
0.179212
-0.002368
0.144983
0.228996
-0.020502
-0.100005
0.128646
0.163272
-0.164843
0.056145
-0.061102
-0.053939
-0.118188
0.185376
0.091307
-0.056685
0.006860
0.263607
-0.293473
-0.421642
-0.039648
-0.206970
-0.085489
0.119992
0.098622
0.028891
0.189439
-0.145606
0.017834
-0.085456
0.005640
-0.093588
0.035725
0.024666
0.120143
-0.324438
-0.128718
-0.096845
0.137278
-0.046316
-0.016936
-0.079808
-0.177003
-0.134055
-0.150333
-0.155637
0.209226
-0.053109
-0.316178
-0.272190
-0.172731
-0.124578
-0.039650
0.106376
0.062029
0.013762
-0.200354
-0.337973
-0.148401
-0.078095
0.109952
0.181595
-0.199083
0.127097
-0.260777
0.211748
0.099527
0.018419
0.155582
0.144677
-0.087008
0.088986
0.156225
0.024962
0.143049
0.011308
-0.253103
0.122550
-0.083134
0.441594
-0.034205
0.158250
-0.098376
0.057374
-0.321281
0.089394
-0.448533
0.211280
0.285028
0.124479
0.142245
-0.021676
0.279429
0.115285
0.076511
-0.221078
-0.160333
0.280342
-0.006203
0.224116
0.146347
0.139590
-0.083353
-0.100855
-0.149597
0.023721
-0.153401
-0.147778
-0.419081
0.046035
-0.273899
0.232718
-0.165323
-0.252882
0.533682
0.363074
0.073894
0.176350
0.131447
0.090299
0.017966
-0.198073
-0.316807
0.068756
0.073133
0.290673
0.071471
-0.336084
-0.129462
-0.091499
-0.204031
0.164769
0.082271
-0.012791
-0.246912
-0.237674
-0.006234
0.175002
0.175754
-0.090260
0.503918
-0.199715
0.136199
0.022261
0.033503
-0.138289
-0.060268
0.179231
-0.083701
0.099580
0.239608
0.093546
0.059988
0.012778
0.008427
0.128949
0.081970
0.269977
0.064008
-0.243703
-0.256953
-0.106320
-0.153653
0.077684
-0.044864
-0.234078
-0.269754
0.246019
-0.099990
-0.162012
-0.258005
-0.120336
0.053519
0.165787
0.150265
-0.037258
-0.074385
-0.011808
-0.054571
-0.276724
0.295292
0.100026
-0.075104
-0.074060
-0.166994
-0.185667
0.065017
0.028282
0.099878
0.107686
0.102587
-0.265610
0.050245
-0.061144
-0.205063
-0.382432
0.168146
0.032686
-0.097794
-0.067348
0.147178
-0.032557
0.053765
-0.212341
0.040582
0.173360
0.214664
-0.036386
0.071813
0.084669
-0.312875
-0.203535
0.125297
0.177517
-0.032546
-0.053356
0.165837
0.044539
-0.287109
0.152550
0.246360
0.044118
0.298813
-0.119447
-0.192267
-0.273089
-0.380435
-0.336199
-0.093979
-0.284015
-0.057463
-0.180019
0.002978
0.274969
0.084320
-0.370268
0.348234
0.245700
-0.073249
0.036316
-0.061906
0.021438
0.255777
-0.325037
0.139085
0.056516
0.042922
-0.262450
-0.002778
-0.096897
0.048373
-0.253584
0.129027
-0.054979
0.034774
-0.171507
0.026427
-0.094174
0.294178
0.244290
0.170560
0.515045
0.133803
0.231382
0.025417
-0.065091
0.054522
0.017608
0.228159
0.053021
0.058809
0.194411
0.036304
-0.190980
0.253332
-0.140576
0.177660
0.046733
0.183373
-0.154299
-0.198023
0.097243
-0.079459
-0.184053
-0.480127
-0.074362
-0.061208
-0.253465
0.005129
0.105355
-0.185982
-0.181836
-0.234825
0.449526
-0.162744
0.316280
-0.108204
-0.243623
0.053231
-0.072652
-0.218736
-0.209797
-0.053313
-0.115190
-0.051031
-0.032231
0.031963
0.009813
0.106362
-0.064610
0.153560
0.022397
-0.061545
0.073657
0.223336
-0.078242
0.159764
0.207427
-0.207981
0.118399
-0.197067
0.250557
-0.014378
-0.174248
0.046765
-0.162080
-0.003333
-0.061752
0.066991
-0.285062
-0.269074
0.018122
0.112095
-0.128115
-0.006141
0.174482
-0.022106
0.078110
0.054629
-0.079692
-0.065620
0.079581
-0.044526
-0.110011
0.009371
0.117175
-0.200575
-0.169865
0.228797
0.154636
-0.004630
0.132183
0.007808
0.241087
-0.024746
-0.329805
-0.029990
-0.011932
0.354997
-0.289466
0.120445
0.454763
-0.218982
-0.077135
0.228907
-0.142195
0.113709
0.212409
0.107505
-0.073717
0.331651
0.100430
-0.106574
-0.195995
0.299626
-0.196547
-0.085858
0.241947
0.084687
0.029755
0.057634
-0.169173
0.031997
0.122788
0.012169
0.042789
-0.122930
-0.083774
0.190952
-0.053816
-0.053691
-0.307671
0.055017
-0.020295
0.216956
0.013030
-0.180934
0.152559
0.150233
0.120982
-0.068400
-0.236187
0.038549
-0.000048
-0.155505
-0.105209
-0.038320
-0.157484
-0.018351
0.023976
0.124935
-0.077207
-0.019133
-0.051806
0.024963
0.041518
0.068184
0.345862
-0.231655
0.244328
-0.206841
-0.072173
-0.070286
0.110887
-0.136438
-0.214926
-0.148678
-0.182480
-0.095873
0.032361
0.055529
0.247859
-0.177807
-0.036117
-0.016951
-0.021997
-0.277097
-0.297983
-0.210920
-0.101248
0.200806
0.150069
-0.301798
-0.215104
0.009985
0.202075
0.243296
-0.074930
-0.084379
-0.043919
-0.250890
-0.066456
-0.025505
0.073375
-0.228506
0.089605
0.035898
-0.291548
-0.142880
-0.096340
-0.061310
-0.117380
0.258453
0.239092
0.059571
0.063810
-0.018664
-0.135306
-0.063537
-0.196564
-0.139324
-0.190137
-0.047176
-0.069001
0.163150
-0.086539
0.042675
-0.133715
-0.082422
-0.132266
-0.001932
-0.177272
-0.075029
-0.128533
0.069331
-0.215750
-0.081900
0.004284
0.244054
0.050312
0.121115
-0.058252
-0.245086
-0.181579
-0.097384
0.052461
-0.413310
0.122036
0.031508
-0.041104
0.204564
-0.266627
-0.194132
-0.147005
-0.152427
-0.230960
0.100444
-0.029711
-0.040151
-0.036626
0.099303
-0.024574
-0.051366
-0.098556
-0.107014
0.056233
-0.110644
-0.172593
-0.144342
0.129214
-0.086256
0.076663
-0.222455
0.009498
-0.029770
-0.141919
-0.030415
-0.117847
0.169345
0.018637
0.323215
-0.285181
0.040849
-0.030753
0.222747
-0.262318
-0.499878
0.187967
-0.107452
0.074415
-0.019970
-0.015698
-0.149622
0.095904
0.355280
-0.134993
0.041749
-0.092252
-0.355469
-0.098723
-0.092868
-0.026998
-0.110255
0.101110
-0.057267
-0.161582
-0.005699
0.266272
0.011171
0.195585
0.077842
0.201912
-0.161354
-0.193125
0.415130
-0.216631
-0.057123
0.073111
0.237191
0.010606
-0.180835
0.025471
0.092264
0.015868
-0.031514
0.056458
0.250044
0.317026
0.200374
-0.029781
-0.086096
0.059001
-0.089340
-0.178631
-0.243447
-0.246329
0.055632
0.044098
-0.199815
0.115734
0.037619
0.134924
-0.052771
-0.116737
-0.035373
0.156892
-0.242174
-0.046796
0.261267
0.076754
0.033351
0.255887
-0.056959
-0.046324
0.120299
0.035293
-0.078288
0.066874
-0.211514
0.322596
0.001414
-0.022238
-0.415414
0.042455
-0.115681
-0.063393
0.501013
0.326576
-0.275744
-0.020680
-0.052376
-0.114066
0.498277
-0.112055
-0.148320
-0.343243
-0.212807
-0.201816
-0.280951
0.002363
0.078484
-0.073216
0.222915
0.373321
0.216770
0.226650
-0.308049
-0.032470
0.136393
-0.157011
-0.151384
0.026763
-0.153182
-0.049842
0.130473
0.000594
-0.038612
0.232022
0.272336
0.253492
0.167629
0.365763
-0.077782
0.117645
-0.108806
-0.229998
-0.106535
0.191912
0.203092
-0.264855
0.132465
-0.071797
-0.018586
0.051686
0.020469
0.053714
0.143428
-0.068375
-0.096669
-0.116943
0.462031
0.281519
-0.193381
-0.343896
-0.091740
0.009664
0.192960
-0.070670
0.311081
0.001691
-0.062611
-0.095883
0.052620
0.023721
0.250909
0.143030
-0.333523
0.181587
0.111691
0.270763
-0.007914
-0.225089
-0.149684
-0.218704
0.137210
0.006611
0.073107
0.274269
-0.247763
-0.216788
0.172810
-0.056709
0.017568
-0.093038
0.148297
-0.051190
-0.181002
0.271062
0.299849
0.301848
-0.182162
0.144560
0.138357
0.219034
0.101576
-0.020711
0.374422
-0.185150
0.304254
-0.293429
-0.400084
-0.249934
0.099433
-0.067842
0.144253
-0.024030
0.050071
0.079504
-0.071180
-0.054657
-0.096386
-0.036561
-0.247453
-0.191450
0.129391
-0.474942
-0.160164
0.086684
0.116213
-0.124769
-0.041757
0.116999
0.166767
-0.142426
-0.028373
-0.296814
0.049009
0.246665
-0.133369
-0.020171
0.027542
0.214766
-0.194291
0.218277
-0.315444
-0.043025
0.459432
-0.006331
0.184502
0.068232
-0.247332
0.240273
0.067938
-0.080712
0.206712
-0.282746
0.102904
0.252146
0.116007
-0.106931
-0.017956
0.062144
0.056662
-0.004103
0.228309
0.050654
-0.036315
-0.190270
-0.079264
-0.111753
0.163541
0.026454
0.297717
-0.262545
0.132279
-0.057942
0.474076
0.174414
0.123639
-0.050953
0.210242
0.184773
-0.213014
-0.225162
-0.302931
0.160759
0.006483
0.136349
-0.262830
0.043395
0.221131
-0.258118
0.136271
0.093088
-0.232198
-0.052069
-0.164439
-0.139912
-0.026880
-0.124665
0.002466
-0.080378
0.369595
-0.006195
-0.106808
0.077261
-0.423362
0.138085
-0.064866
0.237408
-0.016315
-0.062440
-0.131835
0.145942
0.124427
0.061668
0.163566
0.243881
-0.144163
0.061265
0.110540
0.154999
0.241107
-0.019446
-0.367559
-0.143390
-0.247592
-0.318579
-0.100719
-0.011230
-0.085384
0.056773
-0.266215
-0.062484
-0.021608
-0.164829
0.174813
-0.197645
-0.325680
0.095612
-0.032235
0.171356
-0.414985
0.218451
-0.101493
-0.170372
0.032039
-0.415295
-0.066408
0.208193
-0.076831
-0.000870
0.024566
0.030605
0.224567
0.282653
0.012273
0.017328
-0.100184
-0.179482
-0.102696
0.304901
0.102672
-0.083427
0.035468
0.091986
0.055227
0.113662
0.047249
0.239327
-0.088221
0.096483
0.077822
0.102104
0.242784
0.048327
0.228227
-0.124070
0.287958
0.157261
-0.322296
0.036226
0.018534
0.008693
0.136633
0.042871
-0.239102
0.178351
0.158021
-0.100675
-0.129443
-0.067524
0.197282
-0.149128
-0.236619
0.204774
0.240469
0.372722
0.130919
0.246938
0.067701
-0.249125
-0.120024
0.160074
-0.256390
0.039051
0.082342
0.008297
0.150129
0.004968
-0.054868
-0.095577
-0.105576
0.087946
0.262715
-0.152204
0.246112
0.203774
-0.054152
-0.097400
-0.044681
-0.003333
0.282067
-0.218207
-0.098593
-0.312534
-0.125800
0.296408
0.107314
0.145222
0.028671
0.226353
-0.391697
-0.172981
0.357796
0.081610
0.014258
0.065245
-0.006733
0.010724
-0.344864
0.217194
-0.046971
0.012703
-0.086365
0.073177
0.038239
0.358716
-0.078332
0.017732
-0.174945
-0.185030
-0.253744
-0.331883
-0.574732
0.250089
-0.057320
-0.074847
0.277111
0.235495
0.035795
0.337541
0.106372
-0.000171
-0.183645
0.206605
0.174598
-0.145083
-0.213063
0.363457
0.114152
-0.121620
-0.019874
-0.059888
-0.141638
-0.179225
-0.100340
-0.100491
0.139792
0.140012
0.007551
-0.084477
0.130103
-0.133740
0.273795
0.214199
0.313364
-0.158301
0.145123
-0.004444
-0.293392
-0.124879
-0.090012
0.138983
0.061549
-0.089359
-0.268194
-0.062212
0.191571
-0.385894
-0.114661
0.264622
0.093773
0.102313
-0.102734
-0.111451
-0.129628
0.097126
0.068857
0.163890
0.132695
0.106893
0.003372
0.033945
0.292336
-0.018790
-0.003533
-0.106260
-0.038123
-0.020747
-0.100652
-0.165943
0.090170
-0.194635
-0.231980
0.065196
0.129892
-0.150821
-0.007056
0.048015
-0.018553
-0.122232
-0.153535
0.124410
0.019519
-0.028293
-0.005564
0.057406
-0.056636
-0.286833
-0.014614
0.137842
-0.187811
0.091063
-0.217889
-0.174968
0.124703
0.040114
0.163692
0.374821
-0.033226
-0.100493
0.001950
0.009261
0.429264
-0.064473
-0.279661
-0.143881
0.248353
-0.278524
-0.376041
-0.212528
-0.117689
-0.011654
0.294522
0.000585
-0.095334
-0.110655
-0.006117
0.172518
-0.084940
0.133491
0.252246
0.090713
0.337748
-0.079884
-0.070621
0.003892
-0.063980
0.059667
0.143615
0.022455
-0.341639
0.039166
0.222714
0.136749
0.178543
-0.079698
-0.441147
0.014674
0.211063
-0.026781
0.161560
0.028709
0.045550
0.036353
-0.421867
0.169133
-0.091951
0.301485
-0.133087
-0.130529
-0.250605
-0.138078
-0.180038
-0.034438
0.284026
0.006981
0.040829
-0.026534
-0.183939
0.191683
0.123635
-0.038150
-0.136297
-0.174311
0.176341
0.144045
0.132874
0.314887
0.191739
0.194764
-0.087281
-0.237337
-0.026798
-0.059432
-0.146582
0.237325
-0.195454
0.116986
-0.068922
0.137622
0.011747
-0.020172
0.020365
0.065827
0.474185
0.165963
0.170407
0.027928
0.067995
0.034017
-0.097532
0.246571
0.087656
-0.098711
0.192411
0.071060
-0.129460
-0.318358
0.185966
-0.252731
-0.075358
-0.077714
0.013433
-0.132546
-0.124015
0.328306
0.072167
-0.075380
0.181445
-0.229976
0.383673
0.063632
0.111538
-0.217677
0.001056
0.143735
-0.099338
-0.231545
-0.340390
-0.033599
-0.230923
0.143295
-0.104715
0.161733
-0.047938
-0.209873
0.001602
0.120360
-0.026195
-0.197290
-0.017928
0.024890
-0.265065
-0.181043
0.203032
0.158949
-0.038157
0.120742
-0.285731
-0.076165
0.187755
0.031400
0.000813
0.029285
-0.112414
-0.008606
0.405488
0.152903
0.028095
0.169302
0.058812
0.132320
0.231458
0.191065
-0.098172
0.180613
-0.220415
-0.252421
0.114788
-0.020382
-0.029402
-0.126962
0.091021
-0.139249
-0.202323
0.115809
-0.003047
0.054698
0.076611
0.062042
-0.021670
-0.250612
0.127698
-0.079800
-0.077259
0.259305
0.073476
0.011345
0.019835
0.158942
0.084635
0.088188
-0.024874
0.544178
0.134822
0.019520
0.305426
0.276454
-0.055698
0.189661
0.039439
-0.074870
-0.033853
-0.194718
0.055368
-0.129503
-0.038369
-0.013758
0.000746
0.005818
0.216817
0.281911
0.179134
0.380499
-0.076663
-0.029159
0.116865
-0.269064
0.225318
0.060923
-0.058445
0.439137
-0.384897
0.143341
0.220696
0.154873
-0.085755
-0.325298
0.250942
0.041156
-0.093078
-0.271894
-0.055243
0.071898
0.253031
-0.212030
0.316382
0.085192
-0.340652
-0.109271
-0.173772
0.006960
-0.201174
-0.068978
-0.011853
-0.005408
-0.029333
0.364039
-0.033642
-0.186338
-0.156234
0.177431
-0.084336
-0.089438
0.264994
0.144286
-0.180142
0.043249
0.278193
0.084635
0.161507
-0.057119
0.033440
0.205163
-0.020819
-0.149694
0.054338
0.074669
-0.098129
-0.102512
0.156397
-0.084866
-0.069345
0.175534
0.074003
0.020416
-0.160713
-0.324456
0.030644
-0.391197
-0.069830
-0.122099
-0.211257
0.187717
0.212278
0.042459
-0.286896
0.037733
-0.399590
0.051060
0.202892
0.070320
-0.110318
-0.137497
-0.378044
0.248568
-0.075683
-0.130564
-0.098118
0.173793
0.132064
-0.104989
0.374736
0.038602
0.215935
0.094255
0.166354
0.159673
-0.041214
0.060648
-0.101793
0.073941
0.044516
0.125531
0.572133
-0.130933
0.303531
0.238628
-0.079894
0.091543
-0.283874
0.164967
0.222681
-0.013083
-0.022133
-0.032209
-0.135898
-0.225627
0.211144
0.267659
-0.008193
-0.195220
-0.308263
-0.397669
0.111410
0.204811
-0.026870
-0.243951
-0.301495
0.024311
0.027112
0.161950
-0.120459
0.025314
0.262812
-0.106184
-0.007437
-0.024003
0.225574
-0.130754
-0.025311
0.106011
0.112900
-0.177540
-0.277132
-0.374218
0.045708
-0.064741
0.022572
-0.126750
-0.135091
0.083908
0.003715
0.139424
-0.123391
-0.161815
0.308857
0.286528
0.073932
0.234724
0.154327
-0.024816
0.031002
-0.028787
0.243623
0.055904
0.114657
0.081215
-0.279298
-0.187065
-0.218480
-0.145780
0.097752
0.075281
0.065630
-0.086250
-0.226557
-0.162311
-0.052707
0.059391
0.008438
0.346214
-0.033520
-0.341651
-0.183890
-0.230959
-0.120697
-0.053531
0.113253
0.101689
-0.169182
-0.119685
-0.061559
0.003387
-0.028522
-0.100979
-0.012128
-0.338941
-0.027014
0.081949
0.127433
0.263677
-0.011945
0.061496
-0.334497
-0.154702
0.104174
0.175508
-0.107226
-0.255065
0.008137
-0.271643
-0.025410
0.018311
-0.024009
0.099465
-0.211735
-0.105274
-0.198709
-0.114147
0.028258
0.289145
0.091644
0.047694
0.026262
0.095581
-0.010598
-0.161923
0.148111
0.120236
-0.078741
0.078728
-0.096342
-0.148938
-0.100981
0.192556
-0.078956
0.127405
0.010635
0.037857
-0.046650
-0.110139
-0.289863
0.289971
0.261333
-0.254267
-0.164981
-0.161036
-0.076110
-0.191510
-0.097116
0.030507
-0.195402
0.278956
0.088916
0.156379
-0.329443
0.447816
-0.200412
-0.024830
0.178584
0.134730
-0.018808
0.185741
-0.057475
0.264148
0.015576
0.119955
0.014136
-0.249732
-0.349292
-0.076072
0.149707
0.181649
0.289662
-0.089166
-0.302396
-0.062224
0.066313
0.355380
0.197152
0.369742
-0.072937
0.207806
-0.204367
0.426776
0.114100
0.463592
0.326967
0.124372
0.128002
0.284290
0.163405
0.008558
0.034661
-0.061247
-0.005249
0.014986
-0.215503
0.039003
-0.144159
0.316798
0.050861
0.210952
0.117870
0.092321
-0.247025
-0.036156
-0.018744
-0.019655
0.220499
-0.183409
-0.093614
0.033568
-0.385807
0.196661
-0.081973
0.056608
-0.051870
0.215634
0.237085
-0.041613
0.119824
0.033704
0.140922
-0.088852
0.187450
0.190058
-0.212287
0.314179
0.008235
0.336272
0.299268
-0.119930
0.083207
0.170276
0.242631
0.223078
-0.160566
0.071418
-0.002915
-0.189430
-0.129513
-0.100069
-0.335640
-0.123155
0.025117
-0.174755
-0.106077
0.018345
-0.030941
-0.206723
-0.000962
0.111930
0.161556
0.094695
0.014072
0.361757
0.089487
0.433727
-0.102227
0.015432
0.161742
0.042057
-0.109979
-0.082273
-0.118651
-0.244087
-0.137755
-0.051919
-0.053296
0.042309
-0.164896
-0.043903
-0.303981
-0.087582
-0.090591
-0.040211
0.094144
-0.112560
0.212010
-0.197822
0.271036
0.035430
-0.121594
-0.097855
0.059461
0.243780
-0.016205
0.162655
0.129675
0.036791
0.250652
-0.001322
0.111593
0.327046
-0.070039
0.132177
-0.213898
0.298975
-0.206566
0.352669
0.082366
-0.260983
0.084488
-0.336276
0.118235
0.143584
0.256329
0.125838
0.307197
0.121066
-0.007832
0.160730
0.171572
-0.082409
0.002552
-0.305257
-0.140185
-0.130627
0.023216
-0.115877
0.105803
0.030217
-0.199710
-0.046486
0.260973
-0.173087
-0.059689
-0.029779
0.340604
0.070354
-0.355797
0.167043
-0.121725
0.072414
-0.043298
0.007621
0.086892
0.045990
0.146416
-0.101556
-0.114591
-0.133962
0.126226
0.102282
0.004640
0.056287
-0.171455
-0.007499
-0.167064
-0.023703
0.127039
-0.129801
-0.239705
0.305512
-0.098658
0.162220
-0.189224
-0.111190
0.365390
0.368540
-0.164758
0.060164
-0.048988
-0.155653
-0.219509
-0.090874
-0.091523
0.197073
0.033170
-0.029820
-0.200101
0.067598
-0.099241
0.238271
-0.177376
-0.009615
0.032968
0.149241
-0.364404
-0.094720
-0.051216
0.224477
0.101504
-0.054578
0.006885
0.143693
-0.005184
-0.011076
-0.157710
-0.079441
-0.071796
0.197961
0.065166
-0.122583
-0.013895
0.101213
-0.009752
-0.051458
0.053334
-0.063122
-0.005855
0.266569
0.034682
-0.102464
-0.117413
-0.271050
0.025977
-0.026307
0.035001
-0.054776
0.148559
0.109785
-0.255203
0.089731
-0.139398
-0.166541
0.137549
0.070149
-0.093097
-0.222973
-0.182943
0.031397
0.004143
0.135163
0.220378
-0.158699
-0.223632
0.295169
-0.042492
0.313389
-0.113268
-0.392592
-0.253226
0.178213
0.064569
0.082646
-0.007250
0.237340
-0.353697
-0.105903
-0.003589
-0.266128
0.303199
-0.003917
-0.304026
0.081800
-0.129085
-0.117842
0.063605
-0.142920
0.291510
-0.231781
-0.034962
0.007192
0.092865
-0.008336
0.022902
-0.314072
-0.024841
-0.240082
-0.057174
0.009660
-0.090726
0.238137
0.250030
0.173375
0.195266
-0.187391
-0.006678
0.006625
0.207106
0.049539
0.154045
0.206331
0.177247
0.014195
-0.162852
0.085649
0.206551
-0.028553
-0.378780
0.315945
-0.081637
-0.148036
-0.146466
-0.044756
0.138879
0.067824
0.027286
-0.150966
0.113839
-0.015368
-0.065506
-0.064587
0.009570
-0.186863
-0.040072
-0.299085
0.024093
-0.405122
-0.115275
-0.084574
0.059686
0.134983
0.035622
0.068948
-0.138696
-0.009957
-0.131119
0.087175
-0.286222
-0.109121
0.025814
0.276439
0.406609
-0.132840
-0.458587
0.016050
0.058661
-0.181410
-0.072407
0.092326
-0.347520
0.003572
0.126046
0.036303
-0.271046
0.079796
0.095941
0.257697
-0.004306
-0.039602
0.073775
0.074678
-0.044227
-0.118104
-0.186645
-0.297636
-0.031379
0.327644
0.022049
-0.153237
-0.028866
-0.307418
0.145806
0.055194
-0.170639
-0.009564
0.103033
-0.210713
0.114652
0.122323
0.108947
-0.001216
-0.148467
0.187371
-0.189518
0.016397
0.187994
0.164783
-0.422246
0.229060
0.243994
0.179905
0.269194
0.138174
-0.166147
0.156890
-0.157146
0.146176
-0.073344
-0.014397
-0.050240
0.030552
-0.027909
0.125107
-0.200364
0.114974
0.034188
-0.040971
-0.104025
0.297685
-0.075620
0.242666
-0.006796
-0.402393
0.099438
-0.136386
0.150433
0.231472
-0.221121
0.251019
-0.097667
0.280490
0.252576
-0.088959
-0.030031
-0.188495
-0.000795
0.014806
0.283082
0.179888
-0.282827
-0.064937
-0.136635
0.038294
-0.349469
-0.160540
-0.339844
-0.171469
-0.038128
0.066028
0.083266
0.157006
0.178512
-0.274281
0.185501
-0.200945
0.081955
0.291718
-0.095400
0.227176
-0.201866
-0.303206
-0.060600
-0.206810
0.156030
-0.222510
0.368772
-0.100356
0.117044
0.147559
-0.048738
-0.165890
0.334848
0.204896
0.122724
0.246987
0.095108
0.155898
0.057850
0.206406
0.052382
-0.226172
0.050119
0.152878
-0.005510
0.054326
0.271410
0.010353
0.275460
-0.159816
-0.087616
-0.283922
0.153449
-0.053487
0.080750
0.082867
0.168908
0.199734
-0.280022
-0.006423
0.180164
0.133372
0.170521
0.020832
-0.071186
0.293498
-0.019951
-0.003712
-0.100116
-0.153971
-0.186351
0.065672
0.087464
-0.073211
0.058614
0.120875
-0.173410
-0.084444
-0.113320
0.124062
-0.185817
-0.175165
0.049076
-0.000222
0.178312
-0.028220
0.128895
0.267140
-0.017222
-0.048951
0.382478
0.152706
-0.107600
-0.208023
-0.158908
-0.111294
-0.138973
-0.139951
-0.199646
0.288186
-0.189079
-0.214937
0.247994
-0.082353
0.085392
0.046882
-0.360871
0.405760
0.198061
-0.227886
-0.251585
-0.126230
-0.313799
-0.183826
0.078211
0.067917
-0.062900
-0.107362
0.381506
0.034684
-0.011448
0.031971
-0.092702
0.150731
0.086517
0.238553
0.293431
-0.109891
-0.175439
0.084552
-0.158021
0.332629
0.051374
0.297504
0.052145
0.188230
0.338215
-0.333679
0.073715
-0.008581
0.075831
0.084157
-0.142710
-0.202795
0.220362
-0.125768
0.068376
-0.123173
-0.099214
0.232208
-0.109103
-0.069232
0.204584
-0.024508
-0.089539
0.209156
0.331007
0.093968
-0.065982
0.019761
-0.051271
0.104727
-0.283727
0.207652
-0.138125
-0.174198
-0.021659
0.060438
-0.004818
0.194004
0.034844
0.139753
-0.083954
-0.328561
0.166468
-0.045872
-0.305833
-0.166843
-0.155418
-0.176550
-0.237314
-0.030858
-0.046811
0.059277
0.180919
-0.100115
0.075312
0.104338
-0.258161
-0.001611
-0.192319
0.257673
0.107208
0.190904
0.055211
-0.160871
-0.015215
0.638877
0.016656
0.103715
-0.143817
0.124640
0.420356
0.115756
-0.113715
0.016641
-0.046795
-0.266838
0.021236
0.010388
0.106680
-0.051476
0.040073
0.073476
0.162729
0.074233
0.132845
-0.293798
0.328788
0.284878
-0.091268
0.080661
0.162813
-0.371746
0.105506
0.387743
0.003467
0.190654
-0.039130
0.018009
-0.089023
-0.107196
-0.125190
-0.077133
0.150340
0.030902
-0.098452
-0.240763
0.105813
-0.044164
0.331904
0.004166
0.026646
0.123424
0.143460
-0.375966
0.332642
-0.302268
-0.085607
-0.115669
0.017047
0.241512
0.197529
-0.073097
0.216935
-0.178057
-0.075310
0.137084
-0.082101
0.141597
0.091039
-0.223419
0.029214
0.090941
0.037841
0.022746
-0.218143
-0.310759
-0.176683
0.111275
0.111116
0.026997
-0.282647
0.118507
0.136137
0.205566
-0.117870
-0.157709
-0.069682
0.259265
-0.164207
-0.097123
-0.035507
-0.062001
-0.074068
-0.115240
0.168414
-0.039298
0.099716
0.239094
-0.228278
-0.187145
-0.058995
-0.105130
0.009252
-0.023252
0.040366
-0.374745
0.175555
0.006622
0.089365
-0.215157
0.009334
-0.103456
0.181659
0.192938
-0.208498
0.133494
-0.150974
0.344659
0.047467
0.230907
-0.001171
-0.053560
-0.050845
0.133560
0.123501
-0.254662
-0.011655
0.074031
0.280644
-0.259316
-0.162920
0.028475
0.102796
-0.155324
-0.028615
-0.235727
0.321979
-0.048935
-0.237572
-0.206140
-0.212165
0.090623
0.045791
0.151602
-0.036294
0.001909
0.376483
0.347717
-0.194337
-0.023993
-0.042768
-0.004528
0.041737
0.085611
-0.087785
-0.090955
0.197618
0.266209
-0.434721
0.112798
0.363962
0.004734
-0.181294
-0.289567
-0.045688
-0.029829
-0.050413
-0.583414
0.113930
-0.179809
0.165324
-0.082943
-0.007344
0.091377
0.285783
-0.116852
-0.079778
-0.086094
0.107578
0.289923
0.037641
0.186552
-0.074730
-0.179964
0.037803
0.161095
0.010773
-0.247615
0.080584
-0.057109
-0.083204
0.119696
0.260805
-0.161670
-0.219832
0.132098
-0.142700
-0.271213
-0.057742
-0.074757
0.135497
0.235429
0.124692
-0.133200
0.124742
0.016099
0.105082
-0.330023
0.056466
-0.213050
-0.060270
-0.365327
0.171121
0.023590
0.131740
0.019843
0.093499
0.193720
-0.228555
0.132170
-0.254924
0.228235
0.263952
0.025555
0.245742
-0.177669
0.165503
0.057736
0.046245
-0.076062
-0.198596
0.016951
0.028434
0.046569
-0.001911
-0.061654
0.296812
0.046236
-0.189464
0.132212
-0.091716
0.032351
0.185944
-0.258684
-0.032921
0.224509
0.092586
-0.066416
0.023349
0.134562
0.197427
-0.179560
0.095065
-0.098029
0.244485
0.075419
-0.289558
0.131196
-0.015737
-0.071468
-0.326383
-0.057946
0.355407
-0.058284
-0.048194
-0.142369
0.037141
-0.080578
-0.043936
0.279347
-0.024967
-0.093497
0.061600
0.022844
-0.031576
0.279027
0.161123
-0.111998
-0.179948
0.031062
-0.084667
0.149983
-0.043697
-0.047823
-0.028773
-0.007578
-0.342442
-0.001729
-0.051939
-0.005931
-0.013697
0.108164
0.149840
-0.224508
-0.310805
0.168830
-0.079746
0.316940
0.033228
0.039398
-0.049870
0.259896
0.030047
0.030237
-0.005569
-0.090050
-0.217517
-0.477270
0.072406
-0.062209
-0.193259
0.060127
0.091878
0.309649
-0.363339
-0.009689
-0.392258
0.134784
0.040211
0.025457
-0.004657
-0.339752
0.065767
-0.077853
-0.034403
0.099433
0.226159
0.091130
0.028947
-0.133954
-0.341578
0.078761
0.302325
0.122996
-0.164922
0.088787
0.216865
-0.150717
0.048516
0.016963
-0.249271
0.159518
0.101794
-0.219246
0.088459
-0.207287
0.168100
0.262885
-0.001688
-0.070262
0.221936
-0.189064
-0.079552
-0.212834
-0.065290
-0.045718
0.254777
0.187922
0.042071
-0.178148
0.055379
-0.074757
-0.076568
-0.132814
-0.066491
-0.039508
-0.162604
0.276891
0.140563
-0.232228
0.455296
-0.043938
-0.246441
-0.015774
-0.068813
0.216113
0.201832
-0.030367
0.073531
0.100754
-0.065955
-0.198838
-0.110488
-0.033254
-0.000110
0.075703
0.229134
-0.354775
0.307359
-0.093942
0.087084
0.321401
-0.219290
0.106875
-0.059359
0.560036
0.086881
-0.181888
-0.067657
0.275712
0.241664
-0.042566
0.031345
-0.069261
-0.128013
-0.076215
0.151445
0.227742
-0.090254
-0.041748
-0.148371
-0.147661
-0.192001
-0.063272
-0.163996
-0.040749
0.264246
-0.066103
-0.078035
-0.053975
-0.242895
0.057752
-0.009866
0.048599
0.029678
-0.176368
0.038817
-0.039645
-0.103243
-0.073630
-0.052871
-0.242944
0.244205
0.256124
-0.187070
-0.030975
-0.100336
-0.087281
0.068277
0.065905
-0.314793
-0.055860
0.034327
0.253801
0.012937
0.140745
0.169214
-0.118161
-0.018587
0.010298
0.046762
0.402845
-0.020255
-0.020307
0.354673
0.188581
-0.131277
-0.064795
-0.150372
-0.178208
0.333286
-0.013370
-0.146755
0.009557
-0.013200
0.391784
-0.107494
0.004324
0.017407
-0.047187
0.070580
-0.101967
-0.025039
0.046957
0.342034
-0.171085
0.048550
0.228960
0.106357
-0.146594
0.059917
-0.221910
-0.061705
-0.010147
-0.180635
0.136018
-0.032313
-0.040945
-0.253536
-0.282005
0.256883
0.059395
0.162322
0.010239
-0.014855
-0.032830
0.170816
0.096442
-0.048324
-0.260892
0.273196
-0.231194
-0.038872
0.017720
-0.110907
-0.075119
-0.006875
-0.327024
0.262798
0.122130
0.043763
-0.478616
0.086226
-0.127696
-0.138641
-0.520094
-0.031316
-0.309687
0.381875
-0.296897
-0.285458
-0.032747
0.135899
0.225191
-0.152600
-0.235490
-0.319378
-0.462387
-0.137659
-0.045157
0.194306
-0.153304
0.154263
0.367019
0.343780
0.026413
0.236526
-0.054520
-0.074069
0.047142
-0.168886
0.033652
-0.127662
0.150330
0.024211
0.045749
0.248061
0.073885
-0.023357
-0.071017
0.079645
-0.010381
0.203802
0.141392
0.027176
-0.154263
0.307866
-0.131439
0.034414
0.062240
-0.014363
0.354331
-0.228555
-0.102270
0.118042
0.256233
-0.043451
-0.044769
-0.108641
0.173949
0.035586
-0.190326
0.300805
0.221019
0.015184
0.051944
0.158951
-0.138988
0.008896
0.003845
0.023268
0.073800
0.033961
-0.106622
0.039404
0.104182
-0.010015
-0.156371
0.048509
0.237617
0.108460
-0.208352
-0.171148
-0.038723
-0.145516
-0.072727
-0.171726
-0.091652
-0.010150
0.307418
-0.214600
-0.051683
-0.072087
-0.069345
0.333481
-0.284138
0.025284
-0.070811
0.288362
0.265208
-0.024079
0.012843
-0.098504
-0.199526
-0.044641
-0.038673
-0.148931
0.136686
0.065948
-0.089937
-0.010077
-0.092805
0.135714
0.159536
0.264074
0.133824
-0.047280
0.223901
0.058212
-0.381320
0.096795
-0.107495
-0.158365
0.152116
-0.038380
-0.233497
-0.064724
-0.197364
-0.070560
-0.086343
0.000598
-0.080122
0.064543
0.124497
-0.043811
-0.084381
-0.037155
0.005150
-0.148936
-0.234956
-0.249353
0.039178
0.124701
0.171296
-0.009771
-0.036595
0.071592
-0.361508
0.146462
0.004328
0.016687
0.052585
0.019254
0.089171
0.165063
-0.057801
-0.067789
-0.464846
0.135797
0.208749
0.122484
0.058969
0.083830
0.182111
-0.057079
-0.007288
-0.080322
0.276670
-0.096873
0.123046
-0.242902
-0.140945
0.171771
0.103652
-0.082263
0.015786
0.011379
0.197084
-0.040580
0.366596
-0.135842
-0.119617
-0.294709
-0.092806
0.097220
0.411293
-0.081198
0.196666
0.240220
0.056584
0.121627
-0.212094
0.130459
-0.063141
0.013764
-0.032972
0.036081
0.228623
0.102085
0.130235
0.101437
0.033751
-0.126237
0.247778
0.176729
-0.201704
-0.148225
0.018053
0.180487
0.177876
0.249013
-0.131400
-0.150443
-0.232752
0.074702
-0.070330
0.100420
-0.161486
-0.338431
-0.200755
0.099028
0.036835
0.309407
-0.013570
-0.037209
-0.337962
-0.091281
-0.001710
-0.085254
0.214667
0.186400
0.271111
0.121632
0.083885
0.108722
-0.086817
-0.049932
0.155260
0.464439
0.401886
0.155439
0.197799
-0.138297
-0.426543
0.056683
-0.159154
0.350348
-0.021444
-0.103448
0.142171
-0.167154
0.042376
-0.135695
-0.208766
0.192863
0.264353
-0.132960
-0.219731
-0.067789
0.066157
-0.179715
-0.085071
-0.033098
-0.328358
-0.018379
0.059539
0.082456
-0.038483
0.145679
0.157511
-0.084096
0.082206
-0.208471
-0.132532
0.034009
0.148725
-0.382336
-0.225812
0.232764
-0.114759
-0.216940
-0.095205
-0.019843
-0.064194
-0.068836
0.153197
-0.069992
0.015119
-0.220005
0.266669
-0.400398
-0.033162
-0.085184
-0.083390
-0.240085
0.324976
-0.043446
-0.279956
0.261202
0.049497
-0.100515
0.321250
-0.051115
0.189020
0.445900
0.196099
0.091044
-0.071782
0.101284
-0.183079
0.225216
-0.082046
-0.218293
-0.048947
0.033896
-0.309986
-0.448610
-0.022596
0.043465
0.098596
-0.020150
0.195673
0.347844
-0.084069
0.272769
-0.047649
-0.077193
0.178135
0.234194
-0.165084
0.131660
0.009603
0.402748
-0.093562
0.097831
0.112434
-0.286900
0.021596
-0.104600
0.025600
0.147040
0.136714
-0.093134
0.092411
-0.152879
-0.024630
-0.040186
0.009777
-0.062851
-0.107517
-0.312964
0.017669
0.243964
-0.111547
-0.389938
-0.114696
-0.053649
0.175776
-0.271712
-0.026405
-0.219195
0.129123
-0.168094
0.066018
0.179695
0.054384
0.069515
-0.016481
0.013297
-0.089314
0.079933
-0.019711
-0.046578
-0.110792
0.007885
0.130730
-0.122357
-0.190786
0.128113
0.134941
0.246657
0.197732
-0.113458
0.074413
-0.182363
-0.083541
0.019757
0.262831
0.247621
0.289247
-0.022713
0.180071
-0.093578
0.174545
-0.170530
0.073458
0.182497
0.014526
-0.110440
-0.049126
-0.147090
-0.132566
-0.374817
0.003655
-0.080586
0.010582
-0.002410
0.015856
0.124444
-0.139614
0.083527
0.047707
0.148526
-0.082913
0.220815
-0.069723
0.044222
0.252935
0.243396
-0.096956
-0.086271
-0.030274
-0.206866
0.069550
-0.188826
0.086491
-0.322866
0.135733
-0.272359
0.014786
-0.138590
0.006328
0.056539
0.243110
-0.132971
0.056680
0.284887
0.032499
-0.145520
0.244777
0.071587
0.146012
0.271790
0.035356
-0.102881
0.085155
-0.227210
0.200274
0.154142
0.369767
0.008410
-0.178382
0.263129
-0.085090
0.190447
0.172692
0.132645
0.050991
0.109380
0.522273
0.015319
0.198928
-0.079843
-0.010577
-0.116154
0.163980
-0.005464
0.241111
0.375867
-0.073007
0.027706
-0.354930
0.125717
-0.129374
