# 参数名称：dconv3.weight
# 参数形状：(32, 24, 4, 4)
# 参数数据类型：float32
# 参数值（保留6位小数）：
-0.046152 -0.033843 0.115477 -0.004344
0.036747 -0.034948 0.005014 -0.054880
0.047663 0.042424 -0.055232 -0.028872
-0.017679 0.044493 -0.020439 0.021809
0.000674 -0.032095 0.006440 0.029097
0.167316 -0.057060 -0.031194 0.090574
0.061731 0.101136 0.036159 0.055847
0.075338 0.080765 -0.035373 0.010643
0.103335 0.079915 0.171655 0.003525
-0.116173 -0.084695 -0.029583 0.055455
-0.061713 -0.011962 -0.172178 -0.089714
0.082559 -0.076724 -0.007487 0.038694
-0.023143 -0.134687 -0.038413 0.009082
-0.015405 -0.125099 -0.097093 -0.129454
-0.058546 -0.051400 0.142662 -0.033492
0.120097 0.011545 0.119483 -0.018695
0.028440 0.039201 0.016497 -0.009308
0.014170 0.039571 -0.039882 -0.002384
-0.074357 0.007599 -0.199791 -0.050710
-0.045087 -0.044975 -0.075250 -0.055387
0.127517 -0.043327 0.077105 -0.004318
0.040523 -0.001947 0.109716 -0.020469
-0.027228 -0.014255 0.074504 -0.001712
-0.175648 0.074471 0.183181 0.085166
-0.025643 -0.017938 0.014761 -0.043316
0.060439 -0.006278 0.023847 0.030047
-0.002612 0.068148 0.100831 0.052820
-0.106569 0.031245 0.001821 -0.036358
0.045431 0.078246 -0.099788 0.001082
0.028559 -0.069548 0.031075 0.051964
-0.085215 0.012050 -0.113151 -0.072609
0.103460 -0.045539 0.096931 0.000293
0.063397 0.006064 -0.091883 0.074799
0.123743 0.038321 0.127706 0.055502
-0.097331 -0.029622 -0.020844 0.110591
0.007221 -0.104784 -0.060918 -0.044500
0.103700 -0.177767 -0.025969 0.117828
-0.012441 0.025668 -0.132811 -0.111042
0.105609 -0.091993 -0.020603 -0.104168
0.031191 -0.016102 -0.001866 -0.017836
-0.124566 -0.045658 -0.000802 0.076360
0.020267 -0.120622 -0.051069 0.007005
-0.062274 -0.025254 0.028180 0.036345
-0.013123 -0.010054 -0.011681 -0.093023
0.083749 0.051120 0.060099 -0.070387
0.165352 -0.035849 -0.032627 0.058255
0.188232 -0.027298 0.083996 -0.088967
-0.020153 -0.003713 -0.094997 0.056683
0.091213 -0.148575 0.173788 0.099402
0.123804 0.071854 -0.056551 -0.026740
-0.055521 -0.079360 0.081554 -0.068746
0.054864 0.112351 0.039664 -0.051569
-0.102585 0.079619 -0.077174 -0.044539
-0.180903 -0.083459 -0.059274 0.004663
0.090159 -0.029464 -0.056772 -0.040375
-0.043160 0.089981 -0.056533 -0.033912
0.001383 0.048911 0.141122 0.094423
0.028064 -0.025264 -0.062365 -0.098399
-0.053810 0.065654 0.054902 -0.034686
0.045204 0.104429 0.063662 0.006699
0.105841 -0.012517 0.087922 -0.136843
0.081344 0.075043 0.109004 0.074077
-0.064161 0.064808 -0.039547 0.019354
0.144513 0.069931 -0.114315 0.035728
-0.100573 -0.089156 0.019471 -0.099861
-0.006813 -0.027965 0.086688 -0.055792
0.067595 0.112999 0.017342 0.082314
-0.060326 0.001102 -0.060824 -0.024074
-0.026490 -0.047202 -0.149719 -0.052016
-0.089645 -0.018350 -0.036544 -0.017421
-0.027332 0.017679 0.015225 0.072786
-0.088667 -0.094795 -0.063450 0.083675
-0.032699 -0.182473 -0.024614 -0.023133
0.069673 -0.002050 0.141946 -0.051961
0.025927 0.040252 -0.032184 0.098210
0.078347 0.023134 0.024802 0.057973
0.041554 -0.151406 0.009507 0.010669
0.018232 -0.059571 -0.064753 0.052580
-0.008525 0.059147 -0.065350 -0.068119
-0.008423 0.042365 -0.065340 0.188165
0.040506 -0.023039 -0.082455 0.025326
0.035247 -0.020318 -0.111354 0.002005
0.029111 0.021578 -0.103408 -0.092107
-0.054867 0.035876 0.013054 0.090593
0.052340 -0.013611 -0.095462 0.022505
-0.161418 -0.124150 0.017707 -0.045828
-0.111404 -0.101179 0.103088 -0.074661
-0.038447 -0.005409 -0.108250 -0.051230
0.011007 0.069703 0.098179 0.127406
0.150373 0.008863 0.029548 -0.031299
-0.088920 0.001740 0.035060 0.130258
0.031771 0.074852 0.016834 -0.129521
-0.058739 0.020556 0.035835 0.063767
-0.145952 0.044170 -0.058198 -0.024830
-0.092111 -0.066582 -0.114637 0.054512
-0.117032 -0.135434 -0.020786 0.057480
0.126590 -0.122750 0.028981 0.033631
-0.118705 -0.009714 -0.023567 0.088693
-0.026245 -0.075500 -0.024289 -0.104839
0.004259 0.073023 -0.063398 0.024850
-0.015548 -0.071200 -0.041791 0.022511
0.034203 -0.072254 0.069824 -0.029705
0.055178 0.066288 -0.075082 -0.106544
0.111762 -0.055300 -0.079573 0.042554
0.178332 -0.021355 0.009750 0.143832
-0.017388 -0.135627 -0.113339 -0.051684
0.051990 0.075182 -0.061919 0.105819
0.001515 -0.106584 -0.002985 0.032219
0.042009 0.163938 0.006856 0.064755
-0.031147 -0.084212 0.006666 -0.090820
-0.002898 -0.001029 0.038492 -0.098749
0.023739 0.181155 -0.021497 0.096257
-0.036763 0.031080 -0.015983 0.056158
0.055558 0.063855 -0.075745 0.129438
0.084798 -0.009425 0.009905 -0.034232
-0.046908 -0.005434 -0.111291 0.025948
-0.007500 -0.101554 -0.122662 -0.067071
0.062202 0.004999 -0.078527 -0.087193
0.042145 -0.082694 -0.056164 0.009164
0.036325 0.145542 -0.019369 0.042536
-0.039845 -0.007499 0.136511 0.037195
-0.034547 -0.022059 -0.156991 0.011942
-0.017696 0.126751 -0.014207 -0.031018
0.001270 -0.099249 -0.027460 0.001735
0.062823 0.024891 0.203950 -0.144554
0.051348 -0.067983 0.126084 -0.006614
-0.007164 0.017844 -0.169238 -0.077878
-0.095154 0.082069 0.075911 0.055785
0.104385 0.015629 0.005461 0.156432
-0.066512 0.070585 0.093192 0.122207
0.015181 -0.016128 -0.022461 -0.047936
0.005615 0.033068 -0.066609 -0.007238
-0.020004 0.116135 -0.016184 -0.001147
-0.003640 -0.078499 -0.117141 -0.130783
0.056788 -0.030764 0.056049 -0.075783
-0.029374 0.098636 -0.049448 -0.062363
0.038970 0.080207 0.046815 0.054986
0.003038 0.076808 0.095191 -0.146275
0.053756 -0.091045 0.029181 -0.093101
0.102177 0.030349 -0.060136 0.011380
-0.077485 0.045540 -0.021295 -0.078041
-0.122068 -0.069808 0.004593 0.042680
-0.022593 0.090675 0.110817 -0.013742
0.020802 0.023007 0.115067 -0.038978
-0.107094 0.045981 0.034472 0.153383
-0.067357 -0.038448 -0.064867 -0.036333
-0.033840 0.081575 -0.085988 0.023195
0.065248 -0.107367 -0.027647 -0.004681
0.048072 0.012323 -0.013774 -0.080592
0.018373 0.047955 -0.026486 0.059593
-0.005117 0.031279 0.021608 0.084996
0.106975 0.008660 0.146534 -0.028255
0.083853 0.054368 0.067064 -0.065978
0.091375 -0.039726 -0.066619 -0.161816
-0.097997 0.091550 -0.105803 -0.014732
-0.007777 0.091465 0.008285 -0.012059
-0.129915 -0.063361 -0.091451 -0.052510
0.046965 0.101434 -0.100815 0.024931
0.038153 -0.074500 -0.005122 -0.052475
-0.037575 -0.043398 -0.036398 -0.021504
-0.130103 0.011642 -0.011582 0.122961
0.038793 0.045414 -0.059443 0.006105
0.071339 0.058100 0.079621 0.114596
-0.014317 -0.026419 0.088206 0.034428
0.045481 0.093065 0.018118 -0.030014
-0.010723 0.017778 0.049210 -0.053590
0.178069 0.021991 -0.081953 0.060350
0.007259 0.096056 -0.122585 0.019275
-0.018818 0.014663 0.063031 -0.019895
0.078255 0.060530 0.054274 0.058264
-0.104685 0.174403 0.067291 -0.031562
0.068903 -0.029706 0.009726 0.026251
0.038254 -0.078600 0.136957 0.065964
-0.114471 0.069386 0.004771 0.013305
0.038869 0.023711 -0.062380 0.101745
-0.061451 -0.010366 -0.020254 -0.069454
-0.052870 0.078658 0.039368 -0.015080
0.047533 0.081612 0.038322 -0.075813
0.175217 -0.062047 -0.028656 -0.119257
0.047025 0.029818 0.021984 0.045493
0.073300 -0.083337 -0.015221 -0.065639
-0.002933 -0.039630 0.008311 -0.034272
0.125186 -0.044582 0.005811 -0.122360
-0.021618 -0.055135 -0.000403 0.015463
-0.108102 -0.085051 -0.106055 0.006229
0.053785 -0.043641 -0.090711 -0.017194
0.049932 -0.092187 0.044366 -0.067345
-0.018585 0.088585 0.086204 -0.156197
-0.002335 -0.061742 -0.084372 0.138231
0.039857 0.053920 0.033785 0.050140
-0.123714 0.077656 -0.009918 0.047111
-0.002959 -0.046894 -0.010679 -0.082553
0.038957 -0.089791 0.026831 0.040814
0.038711 -0.001652 -0.067531 -0.011166
-0.043350 0.031666 0.005601 -0.056636
0.060422 -0.065050 0.012737 -0.019347
0.080073 -0.014344 0.016708 0.186300
-0.054957 -0.016582 0.034575 0.057534
-0.048818 -0.120921 -0.103151 -0.131122
0.024051 -0.029028 0.008167 0.063813
-0.052380 -0.026027 -0.081056 -0.015450
0.061825 0.067968 0.081252 0.003675
-0.102343 0.058178 0.058238 0.047403
-0.153990 -0.050456 -0.029993 -0.079477
0.043392 0.030677 0.035720 -0.055497
-0.048492 0.131682 0.053528 -0.006507
-0.027772 0.019196 0.023915 -0.153951
-0.019450 0.042897 -0.087459 0.131456
-0.061307 0.110774 -0.026113 0.054459
0.036881 -0.006247 0.009109 0.108914
0.014013 -0.020813 0.124254 0.058024
-0.017159 -0.036708 0.031679 0.054033
0.069354 0.050333 0.094921 0.054480
0.019565 0.067495 -0.010684 0.041557
0.073299 -0.000223 0.012271 -0.020764
0.124001 -0.007913 -0.111054 -0.074887
-0.108391 0.012875 -0.110967 -0.001174
-0.086752 0.072480 -0.040261 -0.025798
0.104150 -0.044724 -0.014603 0.081430
0.040570 -0.114560 0.104861 0.090669
-0.166380 0.023105 -0.075722 0.014126
-0.092079 -0.004515 0.084910 -0.014118
0.005343 0.152443 0.148095 0.084382
0.029230 0.013716 -0.136603 0.019894
-0.067629 0.072361 -0.053159 0.068803
0.107280 0.028177 -0.230877 -0.014813
-0.034939 0.011832 -0.131133 0.088979
0.081558 0.160691 0.007178 0.075626
0.055771 0.063479 0.006809 0.129543
0.069664 0.149860 0.036313 -0.127920
-0.018400 -0.003002 -0.021318 -0.011205
-0.060724 -0.004582 -0.104433 -0.086274
-0.018332 0.096039 -0.004539 0.103848
0.006712 -0.012877 0.143081 -0.023052
-0.095500 -0.074448 0.046376 -0.022841
-0.068694 0.066335 -0.004463 -0.022468
0.066805 0.023919 0.080413 0.083490
0.042448 0.003833 0.045499 -0.063409
-0.000028 0.052046 -0.060753 0.021580
-0.096428 -0.038479 0.007916 0.047871
-0.076050 -0.159857 -0.148217 -0.104899
-0.122860 -0.107054 -0.048591 0.005168
0.023586 -0.174854 0.051968 0.007968
-0.010682 0.018672 0.067154 -0.179346
-0.001789 0.027987 -0.130226 -0.061763
-0.088454 -0.040582 0.009068 0.072145
-0.058855 -0.078972 -0.027617 -0.149230
0.080376 0.023204 -0.063526 -0.074973
0.065417 -0.079779 0.206288 -0.152309
0.024057 -0.006243 0.093606 0.048769
0.130654 0.036099 0.029570 -0.132433
0.037149 0.023980 0.043660 -0.147406
-0.115824 0.144148 -0.037833 0.049256
0.032601 -0.034230 -0.095581 0.017190
0.104390 -0.028288 0.071924 -0.051795
-0.003299 -0.004844 0.136995 0.012238
-0.107803 -0.012546 0.089841 0.155276
-0.094125 0.025195 -0.031334 -0.102539
0.034567 -0.012569 -0.116134 0.039324
0.060884 -0.067542 0.030851 -0.097288
-0.011763 -0.001718 0.024048 -0.237577
-0.015596 0.034284 0.047818 -0.068525
0.060894 -0.045279 0.038421 -0.007781
-0.013720 -0.020590 0.068023 -0.026695
-0.090172 0.050767 0.080412 -0.018917
-0.078559 -0.017011 -0.072650 0.019319
0.006053 -0.031035 -0.066680 0.006479
0.036289 0.026538 0.020418 0.031790
-0.047553 -0.079209 0.015018 -0.045213
-0.089262 0.131441 -0.138448 -0.014826
-0.040170 0.101368 -0.068414 0.080400
0.010265 0.033528 -0.016292 0.033149
0.038486 -0.047453 -0.072818 0.047174
0.043730 -0.083477 0.024528 -0.092436
-0.030381 -0.005784 0.021010 0.007077
-0.052596 -0.114867 -0.103823 0.157507
0.053727 -0.111454 0.031009 0.038330
-0.100389 -0.067581 -0.099730 -0.114415
-0.003775 -0.176446 0.037507 -0.052813
-0.044145 -0.063802 -0.013260 -0.041251
0.014857 0.053380 -0.012588 0.020962
0.094828 0.016814 0.110683 -0.015226
-0.004229 -0.002890 -0.075639 0.018387
-0.085981 -0.017348 0.089433 0.005965
0.042382 -0.088695 0.076036 -0.071461
0.112654 -0.106644 0.008735 0.006257
-0.021697 0.022528 0.117336 0.115898
-0.032502 -0.014062 -0.052076 0.083554
0.131778 -0.073746 -0.092422 0.030325
-0.034202 0.039660 -0.037587 0.008641
0.021137 -0.018578 -0.033666 0.049916
-0.082426 0.004448 0.128290 -0.070443
0.048120 0.037947 0.062102 -0.019066
0.073710 -0.073749 0.076958 -0.059149
0.048428 0.075205 -0.009483 -0.012409
-0.015102 -0.028953 0.099575 0.053194
0.189175 -0.023516 0.005919 -0.049280
0.004078 0.143038 0.010721 0.100310
-0.097935 0.104783 -0.010321 0.057041
-0.000560 0.000644 -0.103100 0.036498
0.069093 0.046223 -0.160747 0.006589
0.134483 -0.034780 0.039704 -0.030787
-0.036918 0.107352 -0.026938 -0.091848
-0.157601 0.024742 -0.027001 0.145290
0.128743 0.003840 0.065572 -0.022897
-0.100708 0.000143 -0.020373 -0.089377
-0.118290 -0.143531 -0.052968 -0.046819
-0.076437 -0.064069 0.089371 -0.086425
0.096609 -0.157521 -0.044820 0.050219
0.103834 -0.021846 -0.176621 -0.062577
-0.013549 0.007020 0.013385 -0.134930
0.061696 0.026626 -0.095250 -0.067675
-0.096118 -0.054096 -0.043929 -0.073442
-0.128767 0.029055 0.019964 -0.024358
-0.018416 -0.011369 -0.142841 -0.036712
0.015029 -0.009191 -0.024257 -0.035700
-0.044707 -0.017495 0.051633 0.028654
0.133577 -0.033039 -0.008073 -0.049201
0.052580 -0.031413 0.088366 -0.036587
0.079758 -0.035471 -0.009627 -0.053495
0.129706 -0.010933 0.058646 0.012493
-0.074825 0.028215 -0.199182 0.052227
0.020816 -0.124070 -0.095720 -0.174123
0.055490 -0.067160 0.116498 0.028192
-0.007654 -0.031657 0.120076 -0.159309
0.029738 0.177667 0.018988 0.069102
-0.004044 -0.011443 0.094560 0.055959
-0.017098 0.073494 0.006595 0.080777
0.045448 0.039639 0.127832 0.002140
-0.033478 0.006204 -0.021875 -0.016683
0.054731 -0.045017 -0.004015 0.065672
-0.083871 -0.131244 0.048322 0.080898
-0.023931 0.027405 0.083765 0.012797
-0.027212 0.102213 0.071123 0.052046
0.021963 0.052712 -0.049114 -0.087975
0.009557 -0.034135 0.058711 0.050839
-0.046821 0.021851 0.020372 -0.018175
0.036849 -0.041222 -0.127416 0.060010
-0.094266 -0.132369 0.079684 0.059025
0.116446 0.035352 -0.065119 0.020575
-0.047261 0.066280 0.069672 0.047717
-0.037688 0.090535 0.005965 0.105861
0.037974 0.060725 -0.020957 0.001375
-0.099742 0.111988 0.052321 0.022054
0.078767 -0.063202 0.043708 -0.011523
-0.098241 -0.062073 -0.045254 -0.095276
0.014196 -0.014318 0.205337 0.060574
-0.053585 0.117132 0.034803 -0.016905
-0.095457 -0.147698 -0.005420 0.076381
-0.008466 -0.003499 -0.132790 -0.124680
0.007596 -0.136821 -0.137274 -0.055469
-0.126224 -0.056859 0.093657 0.022784
0.040740 -0.013003 0.001595 0.112085
0.050667 0.128369 0.006723 0.110859
0.079045 -0.029551 0.107642 -0.020003
0.021522 -0.072489 -0.065020 0.020346
-0.045380 0.084449 0.074530 -0.036466
-0.011455 0.152723 0.107083 -0.033406
-0.086662 0.115356 0.049269 0.040571
0.018302 0.047826 0.056462 0.041109
-0.069641 -0.036391 0.011743 -0.017263
0.005250 0.015453 0.004866 0.149267
-0.014475 -0.103846 0.030328 -0.132365
-0.085646 0.028280 -0.010781 0.253191
-0.035797 -0.007512 -0.030079 0.063486
0.026015 0.005530 0.029012 0.036518
-0.039057 -0.016521 -0.010892 0.095074
0.041974 0.114013 0.001622 0.056540
-0.045645 0.061113 -0.007897 -0.034445
-0.096050 0.033737 -0.002297 0.031756
0.080678 0.103306 0.168142 0.095764
0.053493 0.107216 -0.031513 0.037828
-0.018069 0.182086 -0.029769 -0.009435
0.007581 0.115064 0.117248 -0.141626
0.065495 0.102369 -0.082656 -0.005455
0.068535 0.028994 0.197884 -0.001020
-0.101448 -0.015502 -0.028779 0.027236
-0.077614 -0.143331 -0.061333 -0.075658
0.037529 -0.036133 -0.095402 -0.007947
0.205025 -0.118483 -0.029609 -0.072182
0.134460 -0.051107 -0.085956 0.053493
0.126871 -0.118151 -0.077316 -0.030204
0.039688 0.065699 -0.052329 -0.085472
0.047910 0.034241 -0.022540 0.125040
0.041523 -0.014900 0.012560 0.122894
0.093745 0.030609 -0.045368 -0.064344
0.017493 0.021017 -0.013140 -0.191484
0.012973 0.048422 0.002511 0.099664
-0.011433 -0.034563 0.001402 -0.016270
-0.007378 0.043249 -0.042659 -0.070549
0.052455 0.056565 0.057554 0.035973
0.108768 -0.016224 0.099062 0.073553
-0.034555 0.004524 -0.005134 0.019798
-0.244531 0.075723 -0.071292 0.129764
0.134641 -0.096702 -0.080638 0.079021
0.008591 -0.168209 -0.054225 0.014213
0.032688 0.057029 -0.131836 0.018110
-0.029048 -0.129171 0.044433 0.017218
-0.043772 -0.059724 0.139010 -0.063576
0.070065 -0.139944 0.039139 -0.107468
-0.019233 0.053850 -0.089194 -0.003952
0.046304 0.076333 -0.022734 -0.050194
0.101399 0.056260 0.013330 -0.106322
-0.147250 0.124600 0.074011 -0.145452
-0.087620 -0.040103 0.099869 0.055796
-0.017526 -0.069623 -0.038485 -0.051545
0.004504 -0.078702 0.109236 0.115681
-0.000414 -0.182075 0.015805 0.098263
0.047264 0.039663 0.053745 -0.074600
-0.083447 -0.086660 0.111831 -0.015133
0.020193 0.236388 0.039274 -0.052331
0.027251 -0.084461 0.125064 -0.001403
-0.069494 -0.088525 -0.029798 -0.072268
-0.007251 -0.047908 0.087849 -0.022744
0.064227 -0.025162 0.079627 0.042974
-0.026835 -0.026813 0.077096 -0.225933
-0.029592 -0.010488 -0.055418 -0.014328
0.034050 0.056356 0.060216 -0.040428
-0.080753 0.047328 -0.010596 0.036417
-0.083690 -0.074462 -0.023385 -0.026254
-0.138498 0.046693 0.006670 0.041188
0.033057 -0.109288 0.086474 -0.019230
0.035462 -0.138823 -0.027447 0.098075
0.048324 -0.018215 -0.116547 0.059622
-0.037436 0.090338 0.048456 0.094121
0.002621 -0.101106 -0.028500 0.027649
0.150133 0.040691 -0.073010 0.044253
-0.000602 -0.045193 -0.105583 -0.040573
-0.038892 0.016948 0.001099 -0.025360
0.006082 -0.028391 -0.086174 -0.025695
-0.004460 -0.037726 -0.024355 0.071793
0.114120 0.107830 0.051626 -0.029885
-0.006174 -0.013403 0.002105 -0.001022
-0.068352 0.182465 0.064516 -0.018172
-0.052231 0.041961 -0.044263 -0.008899
0.016418 -0.116877 -0.030019 -0.090579
0.119805 0.006915 -0.077244 -0.082096
0.062999 -0.099901 -0.007454 0.099451
-0.091738 -0.078617 -0.060583 0.062469
-0.187381 -0.030142 0.054537 0.052751
-0.101705 0.140365 0.105584 -0.011063
0.039115 -0.057384 0.227553 0.173854
-0.093667 -0.045663 -0.104186 -0.024695
0.052972 -0.193482 -0.122021 0.082098
0.054478 -0.049060 0.010760 0.029389
0.040231 -0.005493 0.057915 0.048964
0.031004 -0.034845 0.120918 -0.164113
0.058306 -0.043229 0.089484 0.032810
0.091889 -0.061279 0.069890 0.036240
0.009486 -0.055654 -0.094360 -0.129016
-0.074053 0.029275 0.121885 -0.030614
0.058628 0.029510 0.021950 0.047547
0.003913 0.065999 0.097281 0.003785
-0.032557 -0.116487 0.026359 0.047226
-0.028985 0.073627 -0.150081 0.146554
0.017737 0.058321 -0.099151 -0.063875
0.113203 -0.057156 -0.167007 -0.071764
0.014007 -0.167275 -0.145512 0.003776
0.083776 0.012578 0.091301 0.028359
0.044241 0.022372 0.095198 -0.032822
-0.106631 0.086258 -0.081686 0.014419
0.018029 0.099797 0.015756 -0.057695
-0.100990 -0.042724 -0.007005 -0.056786
0.043037 0.019698 -0.063664 -0.111952
0.113323 -0.022076 0.012896 -0.038301
-0.068243 -0.084780 -0.021119 0.111821
-0.023023 -0.103895 -0.045721 0.041898
0.006577 -0.034612 -0.050442 -0.194402
0.061750 0.063865 -0.082996 -0.039815
0.097727 -0.019976 0.156239 -0.023598
-0.062073 0.003948 0.066148 0.209670
0.017771 -0.107308 -0.038260 0.131569
0.105565 0.111118 -0.008292 0.044520
0.044137 0.046315 0.081993 -0.035068
-0.074785 0.031504 -0.000166 -0.012521
-0.034257 -0.024386 0.025041 0.058353
-0.164405 -0.013401 -0.108336 0.071780
0.001356 -0.032143 0.009137 -0.061166
-0.007039 0.082871 0.018994 -0.029770
-0.013893 -0.019353 -0.009120 -0.016415
0.051900 -0.054791 0.002760 -0.095687
0.028497 -0.002115 -0.078547 -0.068696
0.047159 -0.091018 -0.017356 0.026984
0.008035 0.076591 -0.020419 -0.020245
-0.047172 0.022842 -0.098032 -0.079928
-0.040050 -0.013149 0.112605 -0.008225
0.013992 -0.041527 0.061235 0.091206
0.032941 0.063490 -0.052854 0.089241
0.086555 -0.050383 0.160588 0.085448
-0.016961 0.030867 0.043256 -0.098511
-0.024470 0.021758 -0.170286 -0.129587
0.002085 0.005619 0.004017 0.101675
0.049924 -0.112940 0.162507 -0.058307
0.170863 -0.169901 -0.102370 -0.100522
0.032747 -0.061948 -0.020058 -0.026646
0.054062 0.104024 -0.043190 0.050463
-0.035882 0.047288 0.009191 0.032941
0.144403 -0.021644 0.042632 0.087741
0.015550 0.069227 0.025799 0.040548
0.030626 -0.048750 0.031477 0.033582
0.073020 -0.056782 -0.085191 -0.012927
-0.094311 0.013056 -0.068440 0.009053
-0.021699 -0.027022 0.093813 -0.182473
0.077740 -0.021150 -0.063303 -0.040056
0.080212 0.137377 -0.028221 0.020711
0.006362 -0.097931 -0.014279 0.040672
0.044094 0.056944 -0.067863 -0.107188
0.071304 0.071881 0.005715 0.089298
0.035916 0.076733 -0.091239 0.113652
-0.081927 -0.051060 0.108087 -0.031581
-0.014999 -0.056652 -0.029951 -0.012942
-0.035579 -0.023277 -0.166136 -0.156787
-0.031254 -0.062757 -0.093605 -0.027535
0.032657 0.076900 0.096491 0.017919
-0.045295 0.085691 0.045649 0.062284
0.002207 0.029656 0.047151 0.015123
0.001841 -0.055077 0.013089 0.059736
-0.033972 0.000570 -0.093764 -0.105765
-0.015857 -0.209449 -0.051937 0.016329
0.122749 -0.018668 -0.027644 0.155927
0.063631 0.106616 -0.003787 0.033465
0.072172 -0.083824 0.052077 0.135649
0.027381 0.029769 0.058556 0.188773
0.123649 0.144984 -0.034388 0.005932
-0.035840 0.010088 0.157573 -0.064438
-0.057072 -0.032291 -0.038284 -0.095023
0.097547 0.043342 -0.058237 -0.041232
0.054447 0.016099 -0.039236 -0.016835
-0.032512 -0.015979 0.037999 -0.066320
0.008185 0.165781 0.046726 0.206061
-0.006905 -0.170157 0.089170 -0.013483
0.026855 -0.137000 -0.108356 -0.130867
-0.052155 -0.014986 0.072669 -0.026502
-0.112357 -0.038844 -0.097447 -0.013816
0.147464 -0.050840 -0.255203 -0.079345
-0.022479 -0.112827 -0.136565 -0.022124
0.005254 0.124631 -0.027561 0.113611
-0.012513 -0.013689 -0.001392 0.155791
0.012134 0.023357 -0.066585 -0.065485
0.155121 -0.009837 -0.142448 0.121106
0.034444 0.083694 -0.051087 -0.074757
0.134129 0.043287 0.001594 0.158360
0.061387 -0.010977 0.036192 -0.022347
-0.043811 -0.036978 0.082357 -0.032157
-0.043622 -0.035223 0.036824 -0.040954
-0.103478 -0.155091 -0.093168 -0.128248
-0.001451 0.008130 -0.020894 -0.105074
-0.055468 -0.066538 0.008809 0.064296
0.114192 0.015544 0.048580 -0.017730
-0.049734 -0.036204 -0.171204 -0.022498
0.048893 0.012919 0.026166 0.019265
0.024926 -0.022202 -0.190350 0.181826
-0.045946 0.011495 -0.072141 -0.080120
-0.014764 -0.057569 -0.017067 -0.136496
0.134550 0.099183 0.216086 -0.014033
0.107982 0.041175 -0.048709 -0.027951
-0.041203 0.075181 -0.029518 -0.030181
-0.084702 -0.051956 -0.102788 -0.031516
-0.077722 0.036666 -0.056452 0.033047
-0.076369 0.043096 -0.005963 0.047490
-0.056286 0.002435 0.040471 -0.076740
0.048753 -0.057397 -0.093881 -0.068150
-0.056701 -0.067863 -0.163554 -0.137945
0.029764 -0.088927 -0.196853 0.010611
0.018039 -0.020664 -0.163928 -0.081857
0.023701 0.020068 -0.020420 0.025181
0.029952 0.035721 -0.098428 -0.007756
0.158243 0.016057 -0.009173 0.021143
0.059072 -0.024186 -0.057020 -0.038146
-0.018185 0.116369 -0.060419 0.090619
0.164050 -0.112547 0.021627 -0.008960
0.097999 0.033841 0.057524 0.002202
0.065032 0.041201 0.024622 -0.052041
-0.104465 0.066594 0.083967 -0.010552
-0.152769 0.004787 -0.029443 0.011536
-0.034551 -0.058828 -0.063879 -0.091508
0.055800 -0.019567 -0.009974 0.025295
-0.010614 -0.001519 -0.034141 -0.080879
-0.005707 0.063970 0.029067 0.005708
0.077188 0.004010 0.038290 -0.064675
0.019874 -0.023973 -0.000564 0.177196
0.023967 0.067655 -0.127901 -0.082781
0.003149 -0.056153 -0.045058 0.131011
-0.094523 0.035675 0.024063 0.156777
0.019149 -0.032608 -0.081940 -0.042387
0.044030 0.096276 -0.066480 -0.134542
-0.179727 0.036073 -0.023017 -0.144385
-0.050306 0.065257 0.050047 0.030631
0.131382 0.073820 0.066434 -0.021291
-0.035815 0.035211 -0.058281 -0.179204
-0.049254 0.129303 0.106588 0.034061
-0.119904 0.002435 0.123681 0.038184
-0.032677 -0.066461 0.010460 0.018489
0.088145 -0.042956 0.057205 0.076752
-0.056048 0.086531 0.019204 -0.027939
-0.020418 0.027948 -0.065194 -0.001073
0.065802 -0.072563 0.046199 0.074466
-0.013788 0.070794 0.021131 0.086952
0.029814 0.029012 -0.010878 0.025166
0.024059 -0.036419 -0.113558 -0.053704
0.028197 0.064030 0.040739 -0.003159
-0.089945 0.078120 -0.063711 0.152026
-0.040713 0.014336 -0.171235 0.009498
-0.081791 0.172483 -0.057277 0.078366
0.061529 -0.001213 0.028654 0.051418
-0.054846 0.069007 0.037234 0.100740
-0.095284 -0.056423 -0.079300 -0.029817
-0.034894 -0.071169 -0.014023 0.020986
-0.078625 -0.027703 -0.027124 0.015963
0.072470 0.030469 0.045201 0.101408
0.066578 -0.105836 -0.115205 0.105591
0.025519 -0.012394 -0.067414 -0.022246
0.086047 -0.135248 -0.034233 -0.000735
0.000689 0.020211 -0.015625 -0.095631
-0.152079 -0.012995 -0.059803 0.033458
0.065775 0.078428 0.025760 -0.022483
-0.033539 0.050108 0.019661 -0.043463
-0.018780 0.030389 -0.027705 0.002561
0.006861 -0.035068 0.128573 0.025921
-0.013863 0.031312 0.029036 0.003011
0.030472 0.022176 0.148032 -0.042366
0.088045 0.042319 0.004564 -0.100732
0.029043 0.062338 0.033287 0.068658
-0.011433 -0.059776 0.033592 -0.077947
0.004326 0.077429 0.013121 -0.083766
-0.006774 0.007969 0.142789 0.064048
-0.029089 -0.015291 0.001765 -0.168970
-0.024902 -0.049055 -0.086986 -0.030091
0.056886 0.021387 0.051412 -0.063702
-0.087906 0.001602 -0.103903 0.043769
-0.105459 -0.038098 0.013426 0.095686
-0.012511 0.004410 -0.064026 -0.035458
0.112865 0.050346 -0.075264 0.002099
-0.026819 -0.208103 -0.002216 0.069908
0.013827 -0.136077 0.011766 -0.002741
-0.002128 0.055501 0.255156 -0.029239
0.023652 0.050325 -0.131168 -0.019116
-0.121980 -0.050042 0.111211 0.013635
0.034895 0.016800 -0.060202 -0.005912
-0.098722 -0.047073 -0.061819 -0.074422
-0.023169 0.044964 -0.110335 -0.056047
-0.021499 -0.103337 -0.046902 -0.094540
-0.172402 -0.068586 0.048746 0.047421
0.056719 0.029445 0.071921 0.044127
0.056502 -0.018158 -0.086967 0.038036
-0.066585 -0.044404 -0.111965 -0.125996
-0.082621 0.010510 0.043249 0.101646
-0.068939 0.062165 -0.040816 0.074099
0.031166 -0.090780 -0.022727 0.058564
-0.020578 0.015325 -0.011224 -0.016180
0.050685 0.093147 0.002463 0.059421
0.011177 0.038628 0.090226 -0.003697
-0.073300 -0.015538 -0.003382 0.020462
-0.016934 0.010681 -0.061607 0.013210
-0.120676 0.046362 -0.096837 0.094404
-0.023465 -0.038990 0.051683 0.081828
0.042085 0.181619 0.112609 0.063743
-0.008475 -0.124064 0.015101 0.022016
-0.085540 -0.114087 -0.052648 -0.121288
-0.012330 0.110984 0.115342 -0.019803
-0.068413 0.006720 0.122984 -0.087692
0.058558 -0.163870 0.165100 0.040127
0.084685 -0.125121 0.074087 -0.108634
0.047420 -0.018311 0.066924 0.028093
0.089322 -0.014319 0.067503 0.020856
0.002438 0.040573 0.124337 0.014158
0.019571 0.090172 -0.102898 -0.031878
0.024234 -0.082424 0.085479 -0.050961
-0.017201 -0.157251 -0.107489 -0.029962
-0.193398 0.072048 0.053625 -0.028861
-0.032023 -0.087207 0.009638 0.009555
-0.132791 0.075318 -0.071686 0.018150
0.074393 -0.025219 0.011994 0.104966
-0.036101 -0.068712 0.016499 0.017509
0.093771 -0.165124 0.004495 -0.046554
0.119060 -0.018891 -0.034747 -0.058763
0.065320 -0.091006 -0.073781 -0.158860
-0.167771 -0.018107 0.155047 0.034309
0.052538 0.121259 0.116890 0.017407
0.164711 0.079769 -0.038192 0.042647
0.139715 0.056958 -0.093464 0.085110
0.024542 0.138306 0.021829 -0.013054
-0.015571 -0.000043 -0.065825 -0.130659
-0.120030 0.027382 -0.043205 -0.033851
0.050064 0.034059 0.102339 0.006945
0.063198 -0.088024 0.026126 -0.027270
-0.082784 -0.108091 -0.045562 -0.154813
0.013432 0.055333 0.120568 -0.004395
-0.046763 -0.021761 -0.162982 -0.029679
-0.103161 -0.012557 -0.142488 0.059836
0.011234 -0.093978 -0.070889 0.062597
-0.060282 -0.013971 -0.066221 0.102575
0.027765 -0.016971 -0.026212 0.095700
0.050655 -0.043910 0.031412 0.133076
-0.003651 0.018042 -0.003920 0.002494
-0.047309 0.091173 0.065320 0.051232
-0.022895 -0.089842 0.005321 -0.020334
0.123889 0.027993 0.093605 0.101146
0.129302 -0.054577 0.093991 0.090168
-0.018633 0.042511 0.032819 0.028280
-0.026619 -0.072175 0.014093 -0.060775
-0.007191 0.074999 0.168387 -0.033594
0.057966 0.003935 -0.011942 0.043162
-0.062838 -0.028188 -0.215725 -0.044209
-0.023380 -0.082835 -0.056100 -0.073310
0.001377 -0.011022 -0.050444 0.108710
-0.012564 0.090659 -0.017320 -0.009755
-0.008702 -0.047094 -0.108843 -0.020038
0.050311 0.051724 0.144339 0.030363
-0.029725 -0.034569 0.004127 0.074688
-0.056473 0.005963 -0.052921 -0.190714
-0.085382 -0.135042 0.105211 0.043082
0.076555 0.057868 -0.007261 0.029151
-0.077585 0.286546 -0.045391 -0.016456
0.007429 -0.007744 0.109063 0.005885
-0.069046 0.071230 0.019927 0.000818
0.024148 0.096785 0.024062 -0.024939
-0.006027 -0.095759 0.079071 -0.066278
0.031695 0.012136 -0.041612 -0.050452
0.096050 0.018589 0.081091 0.085344
0.010997 -0.058482 -0.072435 0.025141
0.068631 -0.127014 -0.001493 0.058490
0.057547 0.053067 -0.056182 0.047111
0.064301 -0.005282 0.137138 0.083587
0.078986 -0.000327 -0.007394 0.028806
0.004080 0.122116 0.087276 0.038182
-0.057538 -0.024887 -0.190209 -0.013625
-0.084244 -0.111930 -0.075897 -0.029697
-0.087514 0.049200 -0.022061 -0.024274
-0.074727 0.131488 -0.022464 0.032951
0.017558 0.123101 -0.008445 -0.096386
-0.080914 -0.070605 0.100933 0.043050
-0.019346 -0.167859 -0.143283 -0.109355
-0.100553 0.080166 0.072953 -0.058487
0.103031 0.049342 0.038641 0.150200
0.016864 -0.057193 -0.047244 -0.022346
0.051816 0.085741 0.175528 0.058980
0.017495 -0.087871 -0.071636 -0.091632
0.096949 -0.045651 -0.094412 -0.039180
-0.037315 0.067624 -0.070352 -0.044868
0.036670 0.019342 0.093062 0.047422
-0.173152 0.102718 -0.007153 -0.029056
-0.114592 -0.066922 -0.085811 -0.165951
-0.117093 -0.027883 0.108302 0.017691
0.086031 -0.155452 0.042900 -0.073829
0.004774 -0.052085 -0.028291 0.059203
0.127589 -0.023009 0.108694 0.034681
0.141214 -0.057235 0.139019 0.116820
0.078769 -0.076307 0.043779 0.048007
0.050594 -0.055753 -0.042484 -0.009036
-0.014071 -0.024863 -0.005993 -0.037885
-0.024246 -0.002983 -0.013592 0.066890
0.072482 0.081824 0.165904 -0.043279
0.080488 0.132119 0.117100 0.089796
-0.118845 -0.069054 -0.032225 -0.261926
-0.124670 0.077102 -0.041135 -0.107295
-0.034296 0.064806 -0.088698 0.060759
0.100510 -0.015171 -0.159496 -0.018239
0.031269 0.023932 -0.032724 -0.009675
0.108829 0.090887 0.136075 -0.067877
-0.047270 -0.012932 -0.073887 0.136942
0.019787 0.011699 0.071958 -0.030826
0.083844 -0.051278 0.077603 0.047276
0.085232 0.086538 0.049941 0.056406
-0.096127 -0.068339 0.008492 0.044996
0.035685 -0.108268 0.009473 0.003993
-0.035263 -0.040442 0.018584 -0.029768
-0.011407 -0.013791 -0.099581 -0.022431
-0.071002 -0.043980 0.081646 0.041539
0.063455 -0.209974 -0.127143 0.008880
0.146550 0.044952 -0.076502 0.006136
0.059516 0.001242 -0.014126 -0.016638
-0.123408 -0.061974 0.046457 -0.083253
-0.079725 -0.087070 -0.125206 -0.088991
-0.040709 0.014029 0.005468 0.004476
-0.035065 -0.065765 -0.053616 -0.000646
0.134876 0.019137 -0.018010 0.065552
0.066733 0.007319 0.062769 0.070781
-0.039215 0.003825 0.093069 -0.029311
0.117602 -0.100443 0.098146 -0.094143
0.084701 0.150487 0.062237 -0.033955
-0.027366 -0.037965 0.131590 0.029745
-0.027819 0.023573 0.067801 -0.045789
0.007899 0.074563 0.023854 -0.136853
-0.029320 -0.058745 -0.043507 -0.084686
-0.004190 0.090244 -0.072374 0.125248
0.091159 -0.130252 -0.039835 0.055474
0.065453 0.025876 0.058707 -0.020082
0.138107 0.005470 -0.001821 -0.017075
-0.018996 0.096500 0.021960 -0.085316
-0.102837 0.105332 -0.116018 -0.029108
0.129002 0.108350 0.026825 -0.062477
-0.131240 -0.048014 -0.077225 -0.052180
-0.011193 -0.117202 0.060686 -0.175223
0.156340 -0.030027 0.001194 0.107756
0.067057 0.086619 -0.016025 -0.117005
-0.023145 -0.017662 -0.050842 -0.089736
0.076034 0.050439 0.086483 -0.028919
-0.063772 0.007859 0.064859 -0.049170
0.000786 -0.077499 -0.014145 -0.067135
-0.222999 -0.000992 0.046650 -0.039808
0.039509 -0.031326 0.024450 0.140142
0.225183 0.081890 0.094597 -0.022945
-0.006501 -0.080869 -0.080693 0.091117
0.218051 0.157223 -0.016277 0.035445
-0.057748 0.089582 0.056112 -0.077049
-0.055763 -0.036255 -0.014199 -0.086593
-0.176202 -0.045233 0.058470 0.095281
0.041865 0.196479 0.013871 -0.156857
0.014815 -0.146667 0.005450 0.078006
-0.161707 -0.132623 -0.048820 -0.001378
-0.060361 -0.032469 0.004856 -0.034643
-0.001669 0.111076 0.057242 0.004956
-0.130273 0.148993 0.000283 0.026681
0.002219 -0.083035 -0.083498 0.061375
0.050346 0.013416 0.064184 0.023087
-0.054381 -0.069401 -0.062573 -0.002543
0.112866 -0.128192 -0.089181 0.040616
-0.020568 -0.029382 -0.258395 0.056228
-0.041278 -0.076033 -0.061226 0.002843
0.172507 -0.085270 0.077165 0.139632
0.007174 0.041725 0.134824 0.111285
0.057497 0.010913 -0.030551 -0.088321
0.122139 0.164004 0.007356 0.000193
0.087366 0.092183 -0.027087 -0.019200
-0.016847 0.025736 0.010927 0.037505
-0.080920 0.118922 0.100410 -0.057069
-0.044237 -0.061747 0.020015 0.033381
-0.148515 -0.099816 -0.157233 0.068774
0.028210 0.001291 -0.015225 -0.021757
-0.017253 0.061095 -0.228788 -0.072870
-0.036907 0.028517 -0.009029 0.055252
-0.104577 -0.169240 0.097998 0.075329
-0.064973 -0.036022 0.030194 -0.070018
0.072673 -0.026898 -0.097716 -0.032810
0.037896 0.172082 -0.107152 -0.017473
0.146548 0.075533 0.007272 0.048261
0.034551 0.107541 0.145272 -0.111743
-0.014225 0.042506 -0.027239 0.007368
-0.053001 -0.018888 0.144185 0.040323
-0.083814 -0.060716 -0.076468 0.007327
0.037841 -0.038955 -0.031847 0.027204
0.106936 0.024515 0.131955 0.005150
0.039360 0.075945 0.034072 0.002940
-0.003025 0.052644 0.091211 -0.008172
-0.186586 -0.048099 0.070527 -0.071387
0.107943 0.044840 -0.044982 -0.014071
0.038180 0.012173 0.109467 -0.044756
0.086589 0.067660 -0.018253 0.019424
0.055586 0.172872 -0.019654 -0.023572
-0.180739 -0.073433 0.031640 0.013916
-0.007688 0.027416 0.031667 0.044095
-0.006506 -0.041518 -0.063659 0.019679
-0.057070 -0.014180 -0.116351 0.033956
0.021710 -0.004742 -0.055426 0.014931
-0.061498 0.047947 0.088109 0.020541
-0.061432 -0.091206 -0.016925 0.084268
0.030352 0.053822 -0.114411 -0.001215
0.077332 0.029514 0.010532 -0.127136
0.046903 -0.149521 -0.136579 0.019238
-0.036659 0.012991 -0.006026 -0.015791
0.040727 0.089756 -0.062836 0.089243
0.071989 0.043576 0.033989 0.055969
-0.091375 0.071966 0.056291 0.053925
-0.008824 -0.035906 -0.008738 -0.065715
0.094961 -0.033837 -0.065443 0.028139
0.044949 0.011610 0.079381 -0.015818
0.024931 0.014299 -0.029301 -0.124852
-0.014873 -0.056095 -0.162378 -0.009651
-0.091316 -0.061922 0.118524 0.143437
0.107606 0.216774 0.060857 -0.065842
0.028154 -0.205238 0.066866 0.010977
0.001175 0.094653 -0.074305 -0.006041
-0.010791 -0.057498 -0.035547 -0.126975
0.042107 0.014915 0.041020 -0.049285
0.037941 0.159220 0.047030 -0.044670
0.028559 -0.109862 0.042650 -0.072368
-0.142414 -0.035499 -0.007870 -0.118066
-0.178181 0.095394 0.063805 -0.134124
-0.035701 -0.050070 0.120027 0.011748
-0.008483 0.131758 0.009297 0.073869
-0.062131 0.095678 0.128470 0.018806
-0.054624 -0.067611 -0.133783 0.060579
-0.129821 -0.020554 0.066112 -0.089348
0.148326 -0.014936 -0.071795 -0.048713
0.112754 0.036753 -0.082076 0.114381
0.108328 0.112262 0.096732 -0.127041
0.084225 0.020258 -0.000944 0.002372
-0.002781 0.063685 0.106692 -0.109492
-0.050666 0.019912 0.221340 -0.025681
0.020232 0.067753 0.017874 0.029100
-0.069088 0.075861 -0.046390 -0.005651
0.062092 -0.003174 0.131385 -0.049116
0.002706 0.073808 0.014769 0.061474
0.014921 -0.124391 0.038607 -0.101335
-0.063591 -0.000736 0.068349 0.037159
-0.052031 0.188631 -0.055155 -0.014768
0.081470 0.001013 0.158105 0.162735
-0.128784 -0.135408 0.085931 -0.034367
-0.002515 0.018326 0.042934 -0.069129
-0.002334 -0.071657 0.049253 -0.000647
0.033453 0.067871 -0.205292 -0.020615
-0.070692 0.029771 0.048374 -0.127617
-0.022263 -0.082316 0.093682 0.039552
0.054453 -0.018829 0.113204 0.105204
-0.037814 0.060713 -0.024848 -0.163160
-0.051647 -0.031393 -0.002131 0.011508
-0.096557 0.081006 0.147838 -0.030367
0.094953 0.025876 0.097441 0.103293
-0.018953 -0.024815 -0.089925 -0.148029
0.034700 0.039005 0.058186 0.136019
0.056405 0.013750 0.053186 0.094655
0.078427 -0.041660 0.177530 0.061668
-0.113138 0.085699 0.067151 0.200355
0.043575 -0.082160 0.000897 -0.007386
0.089262 0.118817 -0.054936 0.048465
0.085164 -0.148711 -0.001059 -0.026923
-0.055852 -0.091975 0.021795 0.018781
-0.157367 -0.211568 -0.030741 -0.026539
-0.039694 0.008491 0.036168 -0.146656
0.031285 -0.026896 0.028601 0.071075
-0.013028 0.022062 -0.023932 -0.044056
0.017847 0.168101 0.002060 -0.128711
-0.022455 0.006906 0.103085 0.131433
0.133197 -0.004451 0.044490 0.041119
-0.049576 0.020335 0.079154 0.081081
-0.001577 0.179978 -0.036698 -0.021237
0.003711 -0.004008 -0.056371 0.012862
-0.023872 -0.061652 0.070891 0.009557
0.073376 -0.002798 -0.022840 -0.059000
0.022017 0.015418 0.036910 0.018698
-0.048696 0.021666 -0.005444 0.043033
-0.080084 0.061571 0.001768 -0.023025
0.014838 0.073193 -0.142030 -0.014329
0.018168 0.073272 -0.039845 -0.113735
-0.066387 -0.104443 0.035702 -0.111946
0.075930 -0.113120 0.027129 0.005394
-0.092426 0.123237 0.039118 0.051868
-0.063931 0.126034 0.165318 0.019585
0.054062 -0.057238 -0.079420 -0.015839
-0.034148 -0.029738 0.096300 0.092130
0.075263 -0.039663 -0.000532 -0.029447
-0.018687 -0.045883 0.013882 0.037902
0.001625 0.004728 -0.084583 0.015130
-0.041387 -0.021060 0.114244 0.038041
-0.037064 -0.016854 -0.030492 -0.041693
0.078975 0.092247 -0.047208 -0.032650
-0.149300 -0.017520 0.016289 -0.059611
0.030796 -0.075941 0.038155 -0.091971
-0.098659 -0.128124 -0.113290 0.094535
0.117394 -0.015995 -0.062895 -0.009625
0.109658 -0.019449 0.105015 -0.011650
0.060386 0.010182 0.166237 0.062344
0.053086 0.055859 -0.003669 0.073050
0.010520 0.091219 0.062862 -0.064306
0.028612 0.094817 0.096803 -0.020419
0.041354 0.062021 -0.125100 0.064140
-0.146584 -0.024289 0.051439 0.008269
-0.021450 0.027979 0.051918 -0.061111
-0.054331 0.054917 -0.079323 0.058687
-0.010028 -0.016745 0.029409 -0.123507
0.025963 0.018380 0.105145 0.068149
-0.048346 0.006382 0.087853 -0.005729
-0.010506 0.023860 0.023464 0.000588
0.108688 0.062215 0.027296 0.174171
0.097639 -0.094233 0.087249 -0.037854
0.003406 0.038673 -0.083630 -0.146830
0.134845 0.138190 0.040723 0.032407
-0.000503 -0.089998 0.009949 0.156644
0.143693 0.019739 0.074516 -0.013019
0.097299 0.036215 -0.103145 0.089733
-0.025002 -0.073406 -0.093173 -0.057641
-0.005213 -0.104660 0.017875 0.068182
0.084364 0.067598 -0.019058 0.022592
0.072196 0.027675 -0.180865 -0.102382
-0.175040 -0.007005 -0.040175 -0.040376
0.081731 0.053648 -0.058821 -0.115549
0.000338 0.020117 -0.060910 -0.108340
0.088849 0.061894 0.098195 -0.033869
0.090727 0.077213 0.183697 0.016950
-0.075954 -0.053048 0.020943 0.076164
-0.032166 -0.091687 0.182445 0.146776
-0.009408 0.109906 -0.043272 0.017986
0.046086 -0.023533 0.025285 -0.038213
0.029437 -0.065060 0.028495 0.003774
-0.017159 0.027734 0.164491 -0.066344
0.026843 0.117782 0.017294 0.031392
0.029565 -0.080227 0.019096 0.052407
0.085815 -0.042297 -0.063767 -0.026210
-0.000397 0.015625 0.036122 -0.090761
0.104248 0.135632 0.024925 -0.057820
-0.018920 0.199474 -0.126203 0.013123
-0.094293 -0.054752 0.239772 -0.007807
-0.043092 -0.094401 0.278069 -0.104729
-0.011238 0.013778 -0.035518 0.036224
-0.032060 -0.155001 0.085416 0.129295
0.031428 0.012318 -0.052272 0.018385
0.061666 0.028846 -0.091241 0.087486
0.109886 0.055287 -0.190034 -0.090412
0.031298 -0.046261 -0.006556 -0.049111
0.040171 0.021933 -0.098627 -0.079621
0.205846 0.115964 -0.082108 -0.047674
0.054345 0.140618 -0.088870 -0.117730
-0.004222 0.008974 -0.007877 -0.004800
0.032255 0.094396 -0.065358 0.125893
0.093732 0.076764 -0.007724 0.072234
0.084725 0.050670 -0.055944 0.028970
-0.052480 0.089788 0.089174 -0.007427
-0.019926 0.019727 -0.021236 0.065306
-0.086657 -0.070285 -0.026736 0.043573
0.025700 -0.078992 0.054723 0.092725
-0.045526 -0.074516 0.178418 0.048782
-0.052340 -0.010505 -0.017426 0.011745
0.000302 -0.083807 -0.085794 0.029829
0.035083 0.133570 -0.098706 -0.059223
-0.030198 0.052202 -0.008259 -0.068990
-0.064073 -0.071760 -0.107390 -0.052445
0.057387 -0.026633 -0.085372 -0.000935
-0.021950 -0.020120 -0.066200 0.082585
0.037896 0.046082 -0.039343 -0.056537
-0.021059 -0.011147 0.069384 0.050256
-0.087367 0.081995 -0.014011 0.032733
-0.009033 -0.047118 -0.029025 0.062630
0.168487 0.046426 -0.116191 0.103091
-0.061357 0.030522 -0.092675 0.107149
-0.013643 0.055131 0.010700 0.028591
0.016286 -0.123503 -0.015116 0.018091
-0.103188 0.029505 -0.078542 0.112350
0.065236 -0.057553 -0.059167 0.080978
0.056617 -0.049209 -0.093609 -0.073200
0.056528 -0.058051 -0.044423 0.010368
-0.021945 -0.029365 -0.176144 -0.003120
0.027942 0.004539 -0.057772 0.049529
-0.011398 0.055502 0.036023 0.055572
-0.003637 0.057328 -0.027996 -0.020902
-0.072396 0.085301 0.107769 0.012940
0.082430 -0.066047 -0.005347 -0.210105
0.006732 0.038949 0.084393 0.033695
-0.148457 0.102586 0.083625 0.034268
-0.100389 0.018299 0.075303 -0.091374
-0.127174 -0.026143 -0.065774 0.036283
0.189316 0.164810 -0.052092 0.058378
0.060690 0.037677 0.015674 0.005988
-0.018376 -0.038342 -0.089989 -0.216218
-0.079944 -0.015095 0.045684 0.085870
0.128974 -0.124183 0.094412 0.196329
0.012149 -0.056342 -0.138637 -0.090786
0.091880 0.088718 -0.009438 -0.035674
-0.033137 -0.020313 -0.009632 0.012542
-0.016152 -0.072129 -0.120515 -0.001481
-0.085016 0.093689 -0.150663 0.117565
0.044675 0.001300 0.020061 0.138868
0.115359 0.123358 0.064440 -0.009309
0.054498 -0.019898 0.023597 0.044475
0.050158 -0.070052 -0.029360 0.073225
0.095536 -0.083531 0.063005 0.023063
0.097446 0.055151 0.034031 -0.110208
-0.184005 0.079754 -0.064074 0.075843
-0.124743 0.031631 -0.022568 0.149293
-0.178195 0.027014 -0.088405 0.063440
0.088812 -0.001460 0.096521 -0.064577
-0.032074 -0.065391 -0.077348 -0.023550
0.048483 0.038517 0.085879 -0.059434
-0.026231 -0.062951 0.109473 -0.047600
0.125493 -0.024221 0.050456 -0.016610
-0.018238 0.007506 -0.072174 -0.038981
-0.039269 0.027401 -0.058679 0.077073
0.144301 0.053005 -0.033952 -0.153951
0.124585 -0.094436 -0.002460 -0.047852
-0.072937 0.080648 -0.072617 0.020046
0.061774 -0.009743 -0.075949 -0.098323
0.090566 0.067763 0.045381 -0.080801
0.038839 0.048396 -0.000544 -0.054066
-0.047718 -0.127962 0.110435 0.050308
0.047997 0.000308 -0.030037 0.056003
-0.002791 0.062372 0.003867 0.108285
-0.018044 -0.036800 -0.013498 -0.016826
0.166937 -0.180116 -0.108536 0.089727
0.076747 -0.006477 -0.199843 0.014707
-0.085101 0.032573 -0.109375 0.109814
-0.087580 -0.039165 -0.045161 -0.061287
-0.075237 -0.038096 0.014937 -0.044793
-0.115015 0.013109 0.056263 0.048051
-0.025582 -0.149974 0.064912 -0.047723
-0.001201 -0.089617 0.027727 0.039745
0.035959 0.122316 0.102798 -0.019206
0.046782 0.037553 -0.013091 -0.024707
-0.029808 -0.146538 0.028440 -0.082556
0.006939 0.010814 0.052986 -0.023968
-0.068179 -0.040285 0.231868 0.020073
-0.087907 -0.021628 0.020001 0.096597
-0.073431 -0.070987 -0.028730 0.015001
0.001896 -0.066951 0.033620 0.113073
0.028723 0.049250 -0.134681 -0.014346
0.039189 -0.039710 -0.114765 -0.005069
0.002033 0.137373 -0.026195 -0.080026
-0.127054 -0.049051 -0.130681 -0.007099
-0.029064 0.015925 -0.082532 -0.031270
-0.074823 -0.003075 -0.076655 -0.097757
0.103061 -0.005967 0.075810 -0.043355
0.105682 -0.061972 -0.049479 -0.044894
0.187288 -0.035214 -0.018165 -0.052636
-0.011185 -0.069063 -0.157531 0.007533
-0.055848 0.082741 0.080771 -0.005415
-0.031485 0.069786 0.023412 0.014082
-0.000315 -0.065872 0.045038 0.076807
-0.010126 -0.147450 0.075154 0.101783
0.077835 0.031154 0.039841 0.140123
-0.020753 0.078492 0.081273 0.164106
0.075741 0.148079 0.023961 0.023495
0.016304 -0.042192 0.068630 -0.115907
0.162962 0.051534 -0.007802 0.037549
-0.021713 0.007143 0.050914 0.004421
-0.014442 -0.011632 -0.085717 0.071362
0.030818 -0.018157 -0.087038 -0.074845
0.120390 0.078401 -0.131750 -0.022199
0.100976 -0.152707 0.084674 0.065856
-0.050059 -0.192123 0.027543 -0.111708
-0.048748 -0.028927 -0.069551 0.068066
-0.009052 -0.095459 -0.006376 -0.057577
-0.096307 0.059355 0.063437 -0.087717
-0.001669 0.073067 -0.026844 0.078138
0.049102 -0.040912 0.028401 0.051893
0.058901 -0.087293 -0.025276 -0.076694
-0.088648 0.072970 -0.070275 0.004744
0.134075 0.111049 0.043716 0.034320
0.059524 0.065344 0.024579 -0.110006
-0.036023 0.159213 0.113582 -0.031418
-0.071425 -0.024679 0.018759 -0.058794
-0.048717 -0.033624 0.077873 0.003238
0.012836 0.022178 0.045892 -0.036576
-0.000550 0.063313 0.083257 -0.048756
0.038956 0.084500 0.027231 -0.008248
-0.163897 0.045358 0.009391 0.046134
0.066675 0.104586 -0.000170 -0.054833
-0.069677 0.015396 0.068007 -0.050372
-0.068906 0.014192 0.153911 -0.029879
0.032996 0.022707 0.039917 0.010854
0.197873 0.048609 0.007002 0.017903
0.010183 -0.045200 0.133507 0.065800
-0.067323 0.084298 0.005587 0.120904
0.207858 -0.036428 -0.016716 0.223269
0.068114 -0.024815 -0.066877 0.035369
0.033254 0.027781 -0.070890 0.066139
0.053765 0.003733 0.091463 0.025294
0.105816 0.032270 -0.091038 0.097131
0.017374 -0.138050 0.015088 -0.036637
-0.042313 -0.073689 -0.049181 -0.075034
0.004371 0.110040 0.125764 0.024365
-0.024016 -0.046895 0.047465 0.084193
-0.098966 0.111484 0.039739 0.019416
-0.005781 -0.030603 -0.036936 -0.009163
0.171712 -0.074101 0.015770 0.070601
0.062773 -0.028889 -0.025712 0.048311
-0.066149 0.126771 -0.041368 0.056638
0.061691 0.131677 -0.114867 -0.002104
0.059835 0.044384 -0.055418 -0.013257
-0.009140 0.004648 -0.028710 0.031925
-0.044347 -0.027718 0.037253 0.069258
-0.102274 0.077602 0.043602 0.086392
-0.012827 0.022584 0.090770 0.011981
-0.063803 0.035306 -0.053563 -0.136716
-0.112352 -0.039675 0.111165 -0.023889
-0.036697 -0.015280 -0.050002 0.063004
-0.060534 0.004727 0.093125 -0.050732
-0.035998 -0.168678 -0.045181 0.002368
-0.020390 0.015592 0.137871 -0.094656
0.022419 -0.035602 0.189405 0.017396
0.019737 -0.044323 0.028745 0.006030
0.084000 -0.101457 0.105237 -0.002912
0.048009 -0.005405 -0.051073 -0.044842
-0.067787 0.016848 0.078010 -0.035520
0.089766 0.085225 -0.002315 0.069056
-0.081672 0.209182 0.044586 0.014736
-0.031868 0.043753 0.082832 0.026778
-0.048707 -0.078924 0.068786 0.016398
0.120952 0.069071 0.098648 -0.000053
0.007166 -0.022660 -0.028178 0.175714
-0.020778 0.131597 0.082663 0.056336
-0.053216 0.098585 0.076143 -0.104792
-0.026352 0.065898 -0.056943 0.158872
-0.065690 0.083849 -0.075529 0.035421
-0.058173 -0.126167 0.002971 -0.034886
-0.033153 0.039307 -0.074834 0.053089
-0.034491 -0.105134 0.010744 0.023425
0.020991 0.035651 -0.025959 -0.022503
0.123488 0.086310 -0.040297 0.032894
-0.056197 0.006924 -0.038637 0.010597
-0.031863 0.051905 0.058142 -0.066778
-0.114138 0.141153 -0.004703 -0.049049
-0.107713 -0.067990 0.076959 0.151858
0.070876 -0.115053 -0.053249 0.051287
-0.044725 -0.015008 0.012542 -0.013938
-0.010120 0.028069 0.030059 -0.018343
0.135957 0.016727 0.045002 0.037308
0.021845 0.028774 0.127402 0.041646
-0.165847 -0.060480 -0.048236 0.133757
-0.090131 0.058850 0.091318 0.018650
0.012185 -0.022297 0.093859 0.102662
0.026205 0.046403 -0.021313 -0.009334
0.000554 0.120348 -0.012273 0.020476
0.013025 0.003821 0.055204 0.015240
-0.049950 0.009838 -0.116242 0.046521
-0.038414 0.043747 0.017710 -0.041412
0.045954 0.062670 -0.083668 -0.091727
-0.001925 -0.103269 -0.001309 -0.213660
0.039889 -0.073999 0.061234 -0.055129
-0.018061 -0.048507 -0.046368 0.082025
0.048810 -0.077736 0.122957 -0.066738
-0.016519 0.099251 0.165423 -0.020885
-0.080820 -0.048409 0.025823 0.009066
0.116331 -0.041497 0.021109 0.053721
0.175016 0.074811 -0.006946 -0.014633
-0.121246 0.051105 -0.034314 0.119102
-0.068303 0.053456 -0.036202 0.007497
-0.048528 0.106345 0.061457 -0.017479
-0.020003 0.072121 0.033896 0.050740
-0.032352 -0.023147 0.087692 0.026516
0.192160 0.005657 -0.007840 -0.013071
-0.095400 -0.059074 0.026957 -0.122448
-0.014370 0.007982 0.030643 -0.048416
-0.111869 0.024178 -0.021165 -0.057916
0.009832 -0.245242 0.062901 0.167532
0.127158 0.029982 -0.096075 0.010720
-0.113956 0.010096 0.133182 0.103995
0.031789 -0.015470 0.076217 0.028281
-0.008466 -0.032613 0.011518 0.065612
-0.011864 -0.073389 -0.092122 -0.048178
0.027477 0.007032 0.052728 0.124692
0.038378 0.012513 -0.114157 -0.034630
0.039552 0.086626 -0.077197 0.018452
-0.071405 -0.011422 -0.035416 -0.083038
0.009218 0.093036 0.001705 -0.025268
-0.042709 -0.008714 -0.122709 -0.164504
-0.096797 -0.009035 0.013957 -0.051806
0.148776 0.048780 0.002388 -0.079391
-0.151393 -0.066355 0.009393 -0.151571
-0.032465 0.191836 -0.128314 -0.098138
0.049282 0.039887 0.072801 -0.141368
-0.164014 -0.124351 0.167228 0.048279
0.032998 -0.061739 0.097196 -0.110758
0.133822 0.085961 0.167428 0.143068
0.158698 0.108664 -0.035427 0.106131
-0.021274 0.124683 0.056759 0.178871
0.018261 -0.089478 -0.113826 -0.081446
0.047799 -0.048046 0.013358 0.000205
0.015607 -0.101739 -0.013498 -0.005380
0.016506 0.068854 -0.086697 -0.014384
0.073482 0.075624 -0.024717 -0.051200
0.043452 0.036843 0.062648 -0.034584
0.062340 -0.024856 -0.066740 0.123382
0.021425 0.002385 0.046666 0.143381
-0.014482 -0.048560 0.041739 -0.032917
0.008442 -0.079777 0.080001 -0.085033
0.030036 -0.086451 0.118697 0.079581
0.125957 -0.078246 0.038888 -0.112104
-0.038072 0.043504 0.168329 0.096435
-0.058036 -0.092926 0.115747 -0.043222
-0.113157 -0.106002 -0.045215 -0.000873
-0.021825 -0.036808 0.013469 0.071005
-0.147097 0.037165 -0.075760 0.159695
0.016779 -0.048473 0.097013 -0.092745
-0.066249 -0.039361 0.054484 -0.127136
0.098314 0.037358 -0.008651 0.020212
0.030026 0.004657 0.044763 -0.075689
-0.135286 -0.172061 -0.086726 0.084588
-0.038598 0.027649 -0.042022 0.007505
-0.032724 0.015420 -0.002745 0.025352
0.003096 0.070695 0.058213 0.006174
0.004620 -0.013710 0.020638 0.051197
0.064408 -0.178102 0.001888 -0.009640
-0.040351 -0.049482 -0.061699 -0.049124
0.028271 -0.036620 0.044872 -0.090761
0.036033 -0.038312 -0.053147 -0.040218
-0.028250 0.036607 0.048705 0.018797
0.092583 -0.043051 0.038084 0.011181
0.088962 -0.071226 -0.135862 -0.071235
0.039506 0.029942 0.098758 -0.115718
0.066689 -0.062076 0.084660 -0.117726
0.026861 -0.011315 0.076758 -0.054657
-0.014845 0.060646 0.085598 -0.123153
0.015031 0.079656 0.099961 -0.160296
0.024220 0.124761 0.004702 -0.022540
-0.067717 0.052831 0.033752 0.036206
0.021320 0.023801 0.046884 0.053286
-0.071377 -0.064225 -0.068684 0.019307
0.023959 -0.007753 -0.075704 -0.009433
0.053765 -0.125408 -0.168616 -0.025931
-0.154700 0.036544 -0.016754 0.029419
-0.004414 0.038412 0.012600 0.034754
-0.041574 0.004495 -0.146087 0.079513
-0.092429 0.038252 -0.081655 0.050065
-0.122367 0.046802 0.061650 0.069246
-0.006858 -0.001881 -0.145513 -0.084442
-0.061378 0.057735 -0.041533 -0.060541
0.000522 0.001261 0.056147 -0.160154
0.030865 0.121416 -0.079977 -0.038938
0.051849 -0.042160 0.034685 0.045240
-0.001500 0.021423 0.062905 -0.029131
-0.146963 -0.060177 0.168693 0.058720
-0.101715 -0.009767 -0.002152 -0.036836
-0.023769 0.016648 0.124476 0.114774
-0.086825 -0.026626 0.005933 0.003751
0.111170 0.015571 0.006372 0.114351
-0.125698 -0.179529 0.037110 -0.074787
-0.094766 -0.068404 0.022372 0.022328
-0.043711 -0.010519 -0.121815 0.146426
-0.082057 -0.004396 -0.084080 -0.047923
0.000980 -0.117842 0.034537 -0.066304
0.078988 -0.012904 0.054751 -0.004205
0.045999 -0.114628 0.045706 0.075772
0.036988 -0.001302 0.056269 0.071146
0.040779 0.064270 -0.081389 0.029041
0.093400 0.027339 0.119705 0.042743
-0.013423 0.002198 -0.006948 0.074779
0.060525 0.010060 0.102509 0.087900
-0.167070 -0.094412 0.011943 0.070824
-0.035704 -0.040139 -0.090331 0.092536
0.085262 -0.089127 -0.039339 -0.144079
-0.038142 -0.005200 0.009152 -0.035485
-0.071606 0.036067 0.051433 0.023526
0.139346 0.002731 0.073191 -0.061418
0.108842 0.012609 0.028549 0.107564
0.050854 -0.062911 -0.040048 -0.043619
-0.002329 -0.142610 0.078164 -0.048992
0.017641 -0.101652 -0.031511 -0.110140
-0.002893 0.066473 0.070318 0.007419
-0.033258 0.099220 -0.028731 -0.090072
0.001257 0.152785 -0.027226 0.021232
0.071284 -0.076325 -0.043233 -0.014010
0.045885 0.048829 0.030045 -0.074387
0.006612 0.041904 -0.010066 0.019227
-0.033323 0.004760 -0.014528 0.032863
-0.131945 0.119007 0.026360 0.114462
-0.021734 0.089128 -0.058928 0.106698
-0.036593 0.059420 0.033323 0.152268
0.009899 0.048154 0.056032 0.078696
-0.057072 0.027431 -0.052857 -0.161600
-0.048785 -0.161072 0.039816 -0.091736
0.097629 -0.077499 0.002906 -0.059841
-0.009713 0.011535 -0.061922 -0.088213
-0.011825 0.125615 0.006888 -0.025218
-0.090981 0.017209 0.131230 0.037038
-0.023837 0.009766 0.063055 0.008845
0.038886 -0.089441 -0.016652 0.072933
-0.028768 -0.010312 0.044137 0.039066
0.069875 0.009490 -0.065450 0.022910
-0.012853 0.026909 0.081295 0.030537
-0.018502 0.075319 -0.009922 0.022211
-0.033878 0.107000 -0.108887 -0.051752
-0.008828 0.137183 0.037787 -0.018679
-0.063585 -0.005089 -0.025768 -0.024094
0.015142 -0.034353 0.019649 -0.085795
0.006294 0.057209 0.014250 -0.011361
-0.011454 -0.014776 -0.003935 -0.044030
-0.072735 -0.114154 -0.077050 -0.049208
0.014925 0.106872 -0.032224 0.120574
0.060542 0.101563 0.065426 0.022424
-0.025102 -0.097723 -0.065262 -0.055782
-0.029019 0.170642 0.017325 0.035416
-0.000285 -0.108930 0.012595 -0.144455
-0.015047 -0.044453 -0.007236 -0.215115
-0.214888 0.027079 0.015140 0.033899
0.106225 -0.044797 0.027376 -0.016848
0.080324 0.140014 -0.062023 0.014446
0.082839 -0.013251 -0.184358 -0.028124
-0.067569 0.016070 -0.025177 0.117394
0.110503 -0.034885 -0.028378 0.028219
0.089693 -0.006953 -0.125858 0.034986
0.080400 -0.122951 -0.093096 0.077348
-0.040904 -0.168749 -0.087419 0.154619
0.005945 0.062934 -0.034286 0.151914
-0.079755 -0.119195 -0.041046 0.023402
0.019793 0.004481 0.056685 0.112787
0.058857 -0.036535 0.024697 -0.018585
-0.061222 -0.024580 0.110645 0.131324
0.012426 0.010187 0.090314 -0.024560
0.107503 -0.062101 0.015111 -0.063181
-0.090615 -0.024725 -0.092191 -0.038254
0.028839 0.010635 -0.062102 0.072367
0.030734 0.066962 -0.016816 -0.058621
-0.134376 0.152660 0.005609 0.057292
0.005450 0.030922 0.099945 -0.022416
0.063330 0.117015 0.048961 -0.042991
0.127133 0.073713 0.046954 -0.174140
-0.053917 0.029719 0.092686 0.105744
0.064384 0.024262 0.068447 0.100117
-0.065080 -0.148945 0.100114 0.014438
0.026534 0.048084 -0.025593 -0.034572
-0.120682 0.072583 0.003062 0.048767
0.023604 -0.159857 -0.295685 -0.048403
-0.040169 0.007907 0.009943 -0.010007
0.060212 0.054743 0.017567 -0.071686
-0.041044 -0.007910 0.089706 0.048437
-0.027970 0.091205 -0.089470 0.132714
0.044970 0.069007 0.045902 0.094941
0.074843 -0.072698 0.019287 0.042507
0.003721 0.025068 0.082068 0.023252
0.142671 0.016763 0.038856 0.097847
-0.028326 0.089255 0.054761 -0.070488
0.013390 0.020146 0.068573 0.001652
-0.165960 -0.023365 0.061277 0.043360
-0.054228 -0.032043 0.096584 0.054289
0.025135 -0.040361 -0.040959 -0.254133
0.054442 0.012733 -0.158142 0.044240
0.137969 -0.039653 -0.043864 0.111962
-0.042236 0.097826 0.050665 0.052926
0.043673 0.043512 -0.070451 -0.019496
0.046589 0.038561 0.120705 0.075341
0.047388 0.024287 -0.103519 0.127572
0.033875 0.013805 -0.196309 0.073813
0.131105 -0.027291 0.028100 0.100439
0.061453 0.003707 0.037762 0.003860
-0.042826 -0.029526 0.140672 0.045499
0.075755 -0.087366 0.110900 0.045686
-0.126125 0.042625 0.112766 -0.020575
-0.151555 -0.020246 -0.109075 0.045645
-0.055625 -0.061159 -0.071268 -0.004924
0.004518 0.086463 0.072600 0.042672
-0.016176 0.003085 0.029043 0.018279
0.042268 0.058615 -0.057827 0.089869
0.003354 -0.028022 -0.033555 0.064485
-0.003246 0.059413 -0.052839 0.057181
0.047802 0.010316 -0.072335 0.033012
0.067875 -0.033103 0.054807 0.085780
-0.062185 0.061676 0.058474 0.089774
0.040157 0.074241 0.144847 0.019396
0.131802 0.043259 -0.013672 0.109539
-0.076753 0.088278 0.026840 0.060196
-0.032956 -0.047382 -0.046527 0.005385
-0.078884 0.141117 0.022585 -0.034660
0.017119 -0.096768 0.052112 0.195760
0.044986 0.010855 -0.046159 0.002816
0.070325 0.033130 -0.010237 -0.042265
-0.111518 0.056363 0.034227 0.034505
0.058630 0.032354 -0.004050 -0.040922
-0.006613 0.175669 0.068488 -0.059495
0.131724 -0.022084 0.032661 0.053619
0.024565 0.077887 -0.030551 -0.025182
-0.060080 -0.036939 -0.036703 0.057893
0.006779 -0.016341 -0.040013 -0.072197
-0.053722 -0.055357 -0.061857 -0.161207
-0.003254 -0.086747 0.022239 -0.048782
0.004794 -0.020476 -0.023417 0.159620
0.039559 -0.075215 0.072336 -0.004593
0.011848 0.009384 0.099308 -0.026929
-0.153166 -0.201112 -0.007019 0.027314
-0.031204 0.011963 0.056846 -0.039230
-0.177879 0.014623 -0.024640 -0.032150
-0.111359 0.023073 0.070440 -0.139728
-0.064089 0.128603 0.032953 -0.087673
0.018617 0.040382 -0.074977 0.006311
-0.000975 -0.047863 -0.003524 -0.014505
0.119771 0.064112 0.251959 0.046780
0.027040 0.043098 0.118894 -0.075921
-0.083711 -0.016193 0.037455 -0.075892
-0.037644 0.062873 -0.096547 -0.069197
-0.040739 -0.121140 0.098022 0.029133
-0.035695 -0.034505 -0.021227 0.074665
-0.066120 -0.113792 0.099068 0.006241
0.024170 -0.034370 -0.005027 0.045968
0.139227 -0.037734 -0.044106 -0.079497
0.064221 0.044847 0.037503 -0.026509
0.010515 -0.101288 -0.007346 -0.026066
-0.155127 -0.034872 0.019159 -0.057569
-0.016062 -0.087953 0.063704 -0.079192
-0.045264 -0.009336 0.057104 -0.087384
0.097534 0.061992 -0.106103 0.077390
-0.059326 -0.111626 0.027613 -0.096403
0.069225 -0.134808 -0.048791 -0.100619
-0.062348 0.039010 0.026781 -0.091662
0.018256 0.098394 0.021790 0.030060
0.034609 0.020916 0.109006 -0.041214
-0.030124 -0.063892 -0.096689 -0.161289
-0.043370 0.034632 0.080539 0.040951
0.053229 0.007385 0.059946 0.065333
0.085920 0.075371 0.007278 -0.094824
0.068964 0.039773 0.024105 0.046827
0.068063 0.076473 0.049356 0.094267
0.021385 -0.072078 -0.059036 -0.085563
0.067739 0.062370 -0.030846 0.113193
-0.003526 0.047412 0.037576 0.078073
-0.146094 0.035987 0.005595 -0.068089
0.057430 -0.072304 -0.087376 0.046480
-0.018293 0.032786 -0.070905 -0.046306
0.155906 0.053377 -0.087157 -0.018016
0.008019 0.041862 -0.076913 -0.066161
0.105806 -0.101045 -0.087831 -0.028276
-0.087901 -0.067489 0.008695 0.042079
-0.049603 -0.073375 -0.062067 -0.119463
-0.149466 -0.012879 -0.033746 0.084913
0.027070 0.186466 0.114771 -0.060307
0.011722 -0.023556 0.031498 -0.052695
0.012112 0.032591 0.089984 -0.004424
-0.072793 0.063593 0.094149 -0.013157
0.091231 0.028817 0.120088 0.134351
0.085492 -0.054675 -0.124652 0.051359
0.078187 0.035386 0.048701 0.080076
-0.042528 0.125005 0.105813 -0.080224
0.057301 -0.045395 -0.095141 -0.088896
0.031697 0.056309 0.089997 0.092521
0.287491 -0.061856 0.078777 -0.075444
-0.006533 -0.075056 -0.183839 -0.131790
-0.065901 -0.063314 0.056489 0.099457
-0.005611 0.065196 0.020896 0.171603
0.057390 0.030131 0.156702 0.118746
0.050584 -0.026938 -0.039682 -0.143284
-0.042271 -0.040683 -0.044144 0.100400
0.037239 0.125076 -0.083851 -0.106280
0.026571 0.136196 0.112834 -0.146326
0.019424 0.121229 0.121445 -0.062375
0.012643 0.076270 -0.068639 -0.109457
0.087513 0.114031 0.029574 0.048154
0.055483 -0.135448 0.023278 -0.038224
-0.065463 -0.104553 -0.144690 -0.024220
-0.131374 -0.205012 0.038246 0.077688
-0.082450 0.005933 0.093083 -0.083436
-0.153758 0.030420 0.036749 0.105269
0.048631 -0.016461 0.058101 -0.033790
-0.027417 -0.073235 -0.012196 0.056221
-0.065693 0.055150 -0.092173 -0.179642
0.044703 0.160404 0.078512 0.016381
0.115138 0.214733 0.166015 0.019693
0.051945 0.060656 0.006841 0.033081
0.028381 0.003880 0.105185 0.080255
0.048819 0.087259 -0.168965 0.082277
0.010153 -0.035913 -0.029480 -0.086852
-0.032054 -0.062245 0.136312 0.025018
-0.141071 -0.002046 0.022204 0.088448
-0.049865 0.023982 -0.073571 0.037706
0.085259 0.048057 -0.023642 -0.024047
-0.018311 0.000335 0.099142 0.004264
-0.053839 -0.110377 0.043012 -0.001446
-0.113196 0.104621 -0.067793 -0.071699
0.027072 0.035074 -0.010515 0.035049
-0.042071 0.140531 0.126933 -0.109594
-0.119528 -0.049180 -0.099223 -0.067321
-0.089484 0.097330 0.102832 0.049342
0.058942 -0.065003 -0.034594 -0.057051
0.090098 0.115735 0.004804 -0.067278
-0.013588 0.130895 -0.007862 -0.185280
0.083411 -0.101359 -0.032950 -0.018393
-0.011985 -0.138130 0.065814 -0.042647
0.104898 -0.017760 -0.132758 -0.016956
0.076285 0.164685 0.040338 0.214412
0.072846 0.010872 0.022322 0.118455
-0.076335 0.076194 0.014354 0.143948
-0.093854 -0.029626 0.143616 -0.077523
0.010454 0.037645 0.076150 0.064111
-0.033845 -0.020836 -0.055215 0.033192
-0.071994 -0.037233 -0.062605 0.064009
-0.025645 -0.004796 0.058161 0.112085
-0.013572 -0.059029 -0.074062 -0.066369
0.022657 -0.068770 0.029709 0.040256
0.054678 0.090741 -0.182093 0.006171
-0.010178 -0.048499 0.022023 -0.040583
-0.114124 0.142670 0.047409 -0.091605
-0.002825 -0.021501 -0.085100 0.045345
0.223178 0.063380 0.038655 -0.013088
0.045170 0.103752 -0.076828 -0.019912
-0.008005 -0.052356 -0.043924 0.039028
0.055211 0.027230 0.084701 -0.106073
0.002360 0.018895 -0.012227 -0.094614
0.186695 0.041545 0.023243 0.043209
-0.081584 0.005135 0.046301 0.002105
0.083896 0.120195 -0.008175 0.053270
0.038048 0.026986 0.061420 0.012886
0.027911 0.013428 0.038845 -0.055105
0.055840 0.051332 0.000406 -0.056059
0.047949 0.046649 -0.156059 0.071231
0.042974 0.085984 -0.033657 0.020422
-0.024072 0.085650 -0.065905 -0.120893
-0.055595 -0.040151 0.170549 0.014776
0.025081 0.034341 -0.033607 -0.103670
-0.015082 -0.047840 0.055757 0.044806
0.060903 0.090319 0.065231 0.033106
-0.025473 -0.060782 -0.011387 -0.068986
-0.118024 0.077262 0.003708 -0.041536
-0.048207 -0.089249 -0.163848 -0.106549
0.084472 -0.063084 0.052196 0.029806
-0.059913 0.109850 0.035275 0.086160
0.099205 0.106609 -0.003131 -0.018188
-0.060309 -0.054525 -0.091540 -0.099571
0.041266 -0.036320 0.074101 -0.125536
-0.048971 0.090032 -0.080744 -0.038680
-0.027643 -0.049785 0.018096 -0.091396
0.126404 -0.049943 -0.015735 0.054172
0.021647 -0.099158 -0.064492 0.001583
0.113134 -0.003155 -0.033951 0.175463
0.056006 0.089981 0.042156 0.105885
0.057539 0.073706 0.138950 0.033853
-0.121709 0.110124 0.036206 -0.046725
0.126492 0.052060 -0.067888 0.076508
-0.127479 -0.081007 0.075020 0.078130
0.076226 0.016149 0.015116 -0.079502
-0.062047 0.006946 0.000986 0.045761
-0.057977 0.025179 -0.033316 -0.067386
-0.018927 -0.036292 0.097411 -0.143031
-0.007012 -0.045834 0.050567 0.065645
-0.004570 -0.014643 -0.157289 -0.020990
0.060355 0.135310 0.025131 0.034894
-0.031385 -0.051592 0.014775 -0.059087
0.037388 0.056723 -0.103105 0.030018
0.036169 -0.092981 0.082660 -0.092483
0.139479 0.104817 0.029124 -0.057790
0.069150 0.112472 0.017722 0.142687
0.089253 0.027309 0.000721 0.007280
-0.015753 0.140849 0.045019 0.070140
0.031279 -0.086777 -0.015249 -0.138627
-0.083320 0.034827 -0.039192 -0.090661
-0.002812 -0.000772 0.008796 0.023079
0.006418 0.008049 -0.032459 -0.046763
-0.031512 0.091689 -0.006174 0.016045
-0.064952 0.002425 0.079916 -0.071006
0.068641 -0.038281 -0.034910 -0.044313
-0.072807 0.003501 -0.047240 0.086506
0.039442 0.027767 0.104787 0.106305
-0.038902 0.063734 0.018223 0.045478
0.062471 -0.022321 0.068754 -0.007625
-0.112856 0.046542 0.163347 -0.009252
0.158635 0.000903 -0.070358 0.012548
-0.117903 0.024575 0.000034 -0.042590
0.081613 0.127253 -0.022138 0.115704
-0.048080 0.125240 0.012039 0.144066
-0.096722 0.092548 -0.046807 -0.044091
-0.007022 -0.146803 0.096170 0.029458
0.123331 0.073905 -0.061165 -0.049337
-0.000689 -0.074785 0.028428 0.026277
0.032596 -0.092726 -0.068728 0.017266
0.120037 0.059772 -0.049942 -0.020016
-0.053676 -0.089189 -0.027821 0.012484
0.059872 -0.107090 0.070068 0.055969
0.045873 -0.049348 0.035362 -0.046990
0.054625 0.041451 0.052138 0.105158
0.184970 -0.035880 -0.097259 -0.025011
0.102004 -0.034017 0.083200 -0.133246
-0.040728 -0.068903 -0.112703 0.002080
0.123224 0.087227 -0.158424 0.023748
-0.080938 -0.079666 -0.023822 0.087179
0.159359 0.052537 0.178505 -0.094187
0.071142 0.005026 -0.065806 0.021928
0.013766 0.038817 0.003145 0.011527
-0.006287 0.074332 0.174870 -0.061632
0.023090 -0.052101 0.072790 0.089982
0.116200 0.004215 0.018162 0.077938
0.024426 -0.060449 -0.017052 -0.019207
-0.086938 0.051348 -0.029249 0.000187
-0.070824 -0.081186 -0.021258 0.029021
-0.080087 -0.126765 -0.102401 -0.069831
-0.051954 0.062619 0.057624 0.060769
0.086811 0.022209 -0.006494 -0.012240
-0.021804 -0.060220 0.066234 -0.079805
-0.099444 -0.142862 0.066546 -0.103361
-0.001958 0.122336 0.015391 0.011993
-0.100429 -0.031626 0.072809 -0.020262
-0.010011 0.074801 0.030308 -0.002136
0.091438 0.105390 0.000012 0.019646
-0.014012 -0.066326 0.042952 -0.024362
-0.049211 -0.068435 0.033334 -0.104058
-0.010708 0.022767 0.080982 -0.089169
0.067094 -0.078613 -0.126854 0.061370
0.037149 -0.027338 -0.022005 -0.047986
-0.030028 -0.103339 -0.063876 0.052294
0.121356 0.008199 -0.048634 -0.080622
0.036280 0.044402 -0.046057 -0.014516
0.026203 0.093649 -0.124390 -0.032898
0.094631 0.066712 -0.041779 -0.159524
-0.013523 0.039391 -0.078925 -0.045334
0.072788 -0.020064 -0.048901 -0.124024
-0.067320 -0.165429 0.081494 -0.055994
0.027500 0.002221 0.064986 0.063230
-0.032386 0.043237 0.044625 0.030558
-0.050117 -0.001873 0.012752 -0.119914
0.009635 0.103802 -0.072929 0.139309
-0.024088 -0.054050 -0.068047 0.050677
0.019440 0.076073 0.012579 0.125267
-0.066358 0.049316 0.120542 -0.047091
-0.038606 -0.122998 -0.024369 0.082943
-0.009675 -0.018148 0.026096 0.046191
-0.052183 -0.054284 -0.021524 0.135560
-0.044554 -0.042073 -0.014931 -0.015957
0.119913 0.042842 -0.017365 -0.022754
0.081314 0.039208 -0.100143 -0.041304
0.017037 -0.028720 0.053965 0.001994
0.124300 0.069595 0.240192 0.004417
0.045339 0.074166 0.122720 -0.077687
0.021481 0.021397 -0.002420 -0.062456
-0.027150 0.059381 0.014077 0.002843
0.066508 -0.053476 0.046428 0.136030
0.080120 0.109469 -0.088579 -0.020304
0.001319 -0.045025 -0.105740 -0.025817
0.035017 -0.060657 0.111881 0.059538
-0.126884 -0.094962 -0.063622 0.018040
0.012058 -0.029712 -0.036978 0.089200
-0.011580 -0.020683 -0.111036 -0.042356
-0.074248 -0.070549 -0.166899 0.014252
0.005437 0.059587 -0.106788 0.011087
-0.032040 -0.058180 0.164570 0.101328
0.098312 0.014494 0.151250 0.104769
-0.088610 0.007585 0.066316 0.038733
0.184825 0.010463 0.039750 -0.049390
-0.087759 0.104224 -0.034316 -0.084053
0.080272 -0.003076 0.016314 -0.015898
0.135697 -0.071413 0.050846 0.064448
-0.064401 -0.165400 -0.092384 -0.083963
-0.050858 0.033049 -0.091658 -0.066019
-0.048243 -0.017923 0.023563 0.036779
0.018827 -0.032293 -0.093691 0.029340
0.003737 0.010517 0.035600 -0.053681
-0.072532 -0.070566 -0.011289 0.018638
0.168389 0.070087 0.043604 -0.088734
0.133373 -0.038363 -0.133915 -0.125899
0.095542 0.107331 0.049510 0.031759
-0.066508 -0.049237 -0.005976 0.249658
-0.128489 0.043989 -0.128478 0.057048
0.034516 -0.034459 0.077115 0.004067
-0.023524 0.120423 0.062783 0.001364
0.086762 0.053112 0.110995 0.082315
-0.124715 0.101862 0.065389 0.044649
-0.084564 -0.000952 -0.103027 0.104250
0.007696 -0.124162 -0.115120 0.017562
0.022797 0.010235 0.005312 -0.093974
-0.006096 0.025895 -0.061655 -0.065003
-0.194276 0.017206 0.128722 -0.080622
0.028604 0.022004 -0.036785 0.008352
0.018078 0.117115 0.005566 -0.017126
0.010909 0.167832 -0.080830 0.193380
0.038012 0.008947 -0.034365 0.015428
0.065364 0.022259 0.065966 0.025306
0.034740 0.007862 -0.149204 0.026485
0.050336 0.022557 0.012322 0.005369
0.035532 -0.011259 0.099376 -0.044720
0.096771 -0.101975 0.088153 -0.045239
-0.092519 0.112116 -0.029994 -0.074012
0.095629 -0.186694 0.035168 0.129361
-0.072063 0.012270 0.030966 -0.074471
-0.031546 0.012415 0.133608 0.020315
0.029359 -0.001665 -0.121516 -0.043598
0.030840 0.023236 0.109718 0.048245
0.044495 -0.036196 -0.005669 -0.044257
-0.089389 0.008249 0.025714 0.091174
0.061647 -0.047173 0.024868 0.078159
0.023400 0.029527 -0.220277 0.006627
0.033718 -0.176780 -0.111094 -0.004531
0.042116 -0.150897 -0.099580 0.030479
0.008732 -0.076342 0.001152 -0.051111
-0.026093 -0.077964 -0.087619 -0.037810
0.018054 0.038939 -0.060423 -0.011785
0.026393 0.060765 -0.043415 -0.068830
-0.174821 0.095611 -0.026760 -0.091016
-0.046733 -0.020719 0.100555 0.056708
-0.102476 0.039448 -0.129662 -0.075741
-0.042099 0.006435 -0.062495 -0.114260
0.061617 0.009588 0.110591 -0.004621
-0.016768 -0.011725 0.066329 -0.143876
0.041800 0.038833 -0.079650 -0.100763
0.090290 -0.035561 0.026690 -0.003746
-0.079709 0.044906 -0.046008 -0.042124
-0.027159 -0.119439 -0.005470 -0.077249
-0.048230 0.025718 0.070958 -0.052605
0.016401 -0.069471 0.006425 -0.037682
-0.006163 0.050802 -0.068238 -0.044466
0.077044 0.091556 -0.050416 -0.112691
-0.047287 -0.037815 -0.027009 0.126021
-0.034203 -0.043850 0.048336 -0.011407
-0.138020 -0.081984 0.088020 0.098860
-0.048677 0.003450 -0.061056 -0.014238
0.072291 0.022532 -0.095256 0.005311
0.006837 0.069563 -0.038654 0.081439
0.029278 -0.074915 -0.030635 0.082604
-0.017166 0.000337 0.021149 0.020952
0.077877 0.001887 -0.027279 -0.080131
-0.045686 -0.105016 -0.014529 -0.063860
0.052148 0.068983 0.082253 -0.014265
-0.142540 0.016452 0.001343 -0.001209
0.138770 -0.065189 -0.089772 0.084871
0.009730 -0.001281 0.044522 0.008795
-0.015444 0.132261 -0.050836 0.032212
-0.015419 0.053570 -0.023359 0.083596
-0.068425 -0.011678 0.117914 0.067096
-0.081186 0.026387 0.034768 0.145982
0.067395 0.034570 -0.116491 0.022779
-0.015606 -0.049345 0.082755 0.002699
0.023864 0.047997 -0.129994 0.025282
-0.068434 -0.030639 -0.039666 0.044708
-0.175298 -0.055427 -0.079727 -0.000233
0.036955 -0.091857 0.015666 0.125567
0.060590 -0.080678 -0.141857 -0.008056
-0.021013 -0.055588 -0.102669 -0.074518
-0.029116 -0.110112 -0.051574 -0.040922
0.017082 -0.007283 -0.095999 0.021997
-0.179186 -0.001447 -0.008490 -0.090684
0.036605 0.112076 0.079966 0.054943
0.144051 0.117767 -0.006320 0.092821
-0.055375 0.200784 -0.031033 -0.027430
-0.011241 -0.105607 0.002076 -0.019328
-0.098860 -0.081722 -0.051998 -0.001830
0.058143 -0.064090 0.045558 0.177480
0.034410 0.020669 -0.042263 0.035457
0.065431 -0.109173 -0.036179 0.021146
0.045888 -0.076220 0.035062 -0.026782
-0.030929 0.010699 -0.123068 0.057439
-0.038766 -0.119307 0.090965 -0.125653
0.058758 0.085214 -0.019842 0.184500
-0.014780 -0.044913 0.028039 -0.049399
0.072715 -0.014711 0.058434 -0.089960
-0.065118 -0.004361 0.040974 -0.045479
0.037450 0.055057 -0.030376 0.133478
0.052306 -0.070901 -0.000074 -0.200351
-0.054596 -0.045106 0.043281 0.078396
0.130310 0.051982 -0.024388 0.075039
-0.060451 0.019609 0.019906 0.005370
0.053273 0.085006 0.171378 -0.032129
-0.071149 0.109967 -0.049604 0.035863
-0.037718 -0.042952 0.013287 0.132605
0.000308 0.111843 0.085394 0.057940
-0.020756 -0.090323 0.006335 -0.009053
0.020776 -0.143552 -0.181796 0.020744
0.009411 -0.099523 -0.080842 0.072957
-0.013728 0.018267 0.066820 0.065717
0.102099 0.002747 0.011382 -0.009603
-0.032859 -0.001908 0.102638 -0.000769
0.019131 0.045620 0.123984 0.031427
0.196768 -0.013015 0.007783 -0.081598
0.080792 -0.092998 0.008212 0.014280
0.071097 0.105498 -0.097891 -0.003595
0.030191 0.012032 0.045012 0.027489
0.228735 0.130176 0.039560 0.018919
-0.015365 0.027320 0.091539 -0.102568
0.025480 0.004089 0.033853 0.078961
-0.012312 -0.062917 0.007984 -0.095160
-0.018740 0.013097 0.105411 -0.090261
0.000756 0.099768 0.022862 0.001414
-0.006902 0.052511 0.088604 0.095218
0.051389 0.086403 0.028525 0.025474
-0.015795 0.096615 0.000308 0.226374
-0.007363 -0.094747 -0.038520 0.068328
-0.043217 0.059675 0.058087 0.033111
0.001968 0.054799 0.031462 0.077663
0.098176 0.070877 0.080309 0.047678
0.019274 -0.037479 -0.175439 0.087632
-0.064009 -0.154360 -0.022023 0.030998
-0.000333 -0.132516 -0.135061 -0.117143
0.060911 -0.074323 0.043971 -0.137190
-0.006009 0.070952 0.011287 -0.075470
0.053643 0.063295 -0.074129 0.066941
0.001986 0.034056 -0.014448 -0.021263
0.032157 0.008752 0.049246 -0.080865
-0.075455 -0.033013 -0.109478 -0.040710
0.024138 -0.051358 -0.144940 -0.038816
-0.179157 0.122888 -0.092413 -0.020059
0.084378 -0.090282 0.014171 -0.041843
-0.105345 -0.182511 0.031640 0.008812
-0.040803 0.013428 -0.095809 -0.029575
0.041691 0.008854 -0.097681 0.028275
-0.042195 0.026760 -0.058866 -0.056588
0.007801 0.034301 -0.010570 -0.009286
0.046013 0.063068 -0.082009 0.012110
0.041688 -0.093573 -0.066175 0.072146
0.004375 0.039422 -0.125114 0.030995
0.053031 0.077592 -0.050994 -0.120445
-0.072857 0.063707 -0.083016 -0.033410
-0.012087 0.045766 0.130574 -0.070202
-0.087374 -0.144560 0.110752 0.024710
-0.141147 -0.088584 -0.012558 -0.100996
0.129527 0.030943 -0.058718 -0.005961
0.028749 -0.049087 0.068812 -0.037807
0.009368 0.082909 0.038030 -0.064112
0.084181 0.088158 0.079990 -0.019369
0.066753 -0.138152 -0.027522 -0.101335
-0.056357 0.053622 -0.099067 0.098820
-0.052406 -0.027401 -0.030634 0.046565
0.014970 0.033254 0.016593 0.157925
-0.009226 0.020454 -0.022230 -0.045844
0.134338 0.010164 0.075682 -0.105626
0.088766 -0.043929 0.058466 -0.023506
0.176274 -0.057871 0.050028 0.016381
0.056994 0.077748 -0.034125 0.072585
-0.119924 0.115610 -0.037243 0.063958
-0.014588 0.001191 -0.005530 -0.015372
-0.071310 -0.054723 -0.067056 -0.142286
-0.096020 0.027214 -0.031429 -0.013142
-0.040607 -0.032679 0.124650 0.021902
0.034507 0.091844 0.106120 0.013421
0.065491 -0.084935 0.032667 -0.102449
0.076739 0.050891 -0.016860 -0.008549
-0.037643 0.047826 -0.034679 0.003523
0.022840 -0.064120 0.007333 -0.097320
-0.074039 -0.084849 0.078938 -0.080741
0.044573 0.103594 -0.061050 0.066739
0.047985 -0.035692 0.068650 -0.032026
0.051436 0.036561 0.036010 -0.081165
-0.003130 -0.016932 -0.081340 -0.031490
-0.079542 0.143373 0.044119 0.057533
0.085719 0.129119 0.115770 0.066878
-0.036604 -0.030448 0.027774 0.200193
0.002992 -0.014742 0.068032 0.030041
-0.005723 -0.097966 -0.037417 -0.061721
0.027023 0.008085 0.024324 -0.038316
-0.004522 -0.010542 -0.102687 -0.045767
-0.079165 0.172054 0.050881 -0.066466
-0.236317 -0.032171 -0.147116 0.032232
-0.085389 0.000881 -0.087901 0.034660
0.064980 0.063953 -0.035185 0.015527
-0.104264 -0.001418 -0.079862 -0.006808
0.017144 0.035442 -0.059705 0.077877
-0.104919 -0.025088 -0.099095 0.042119
0.151326 0.063235 0.084412 0.144190
0.110089 0.062845 -0.033948 0.071624
0.161551 0.016436 -0.065788 0.032346
0.038957 -0.075766 -0.062018 0.027033
0.017635 0.086634 0.037429 0.099182
0.013497 0.011343 -0.091769 -0.125534
-0.009989 -0.040744 -0.087008 -0.080883
0.019824 0.052029 0.061628 0.006483
-0.027022 -0.123138 -0.029159 -0.161105
0.036630 0.020494 -0.000087 -0.050403
0.012388 0.149918 -0.020657 0.021112
0.005877 -0.032904 0.126226 0.031852
0.007184 0.151275 -0.029680 0.036704
0.007436 -0.162805 -0.119371 0.097953
-0.060839 -0.018461 0.110251 0.023512
-0.004557 0.046796 0.012830 -0.135161
-0.081873 0.132991 0.091860 -0.046385
-0.029455 -0.059614 -0.007173 -0.011611
-0.009995 -0.073438 0.037568 -0.014986
-0.055537 0.132715 -0.014720 0.035413
-0.028903 -0.104014 0.013100 -0.066430
-0.042973 0.085613 -0.074657 0.030030
-0.011920 0.063543 -0.136771 0.054232
0.006097 -0.050054 -0.127313 -0.071391
0.007731 -0.022684 0.165871 -0.002618
0.024950 0.093277 -0.033002 -0.042625
-0.058103 0.004850 -0.116510 0.074020
-0.037487 0.064486 -0.022665 0.003582
0.005941 -0.116339 -0.049601 -0.114360
-0.056185 0.005802 -0.010019 -0.000986
-0.030870 -0.116116 0.072227 0.119941
0.078409 0.157199 0.144609 -0.036333
-0.078043 0.027019 -0.071228 0.004879
0.140555 -0.112880 -0.009267 0.027355
-0.022114 -0.134291 0.083746 -0.070506
0.056805 0.009698 0.115520 0.060174
0.040359 -0.110202 0.189016 0.104836
0.092522 0.053956 0.080305 0.125072
-0.178350 0.011929 -0.098569 -0.071988
0.039488 0.081165 -0.067729 -0.001199
0.029479 -0.029792 0.059574 -0.088338
0.050314 0.045115 0.102266 -0.016524
-0.074140 0.100570 0.015729 0.215247
-0.023090 0.037752 0.023223 0.036243
-0.090345 -0.022363 -0.062107 -0.067104
-0.114339 0.000540 0.020892 0.022331
-0.042478 0.094145 -0.002173 -0.056477
-0.079484 -0.034466 0.094064 0.027527
0.031883 -0.021983 -0.025880 0.039154
-0.088060 -0.097803 -0.007864 0.044481
0.022760 0.026491 -0.155272 -0.084117
0.053009 0.006799 -0.161977 -0.069768
-0.016897 -0.008040 0.125647 -0.116413
0.058592 -0.058934 0.059030 -0.054889
-0.019910 0.038292 0.081943 0.041828
0.063489 0.021694 -0.076876 -0.116580
-0.058528 0.047874 -0.028940 -0.057897
0.044344 0.109616 0.121108 0.044882
-0.005081 0.002191 -0.096901 0.177628
0.019069 0.102572 -0.033910 -0.066809
-0.032355 -0.001628 -0.039368 0.054757
0.071019 0.049487 0.086807 -0.018132
-0.104166 -0.071057 0.086807 0.086494
0.137507 0.029772 0.097028 -0.075307
0.011128 -0.062130 0.096307 -0.000408
-0.002436 0.039953 0.120343 -0.016959
0.076175 -0.032622 -0.032088 -0.088606
0.018842 0.065956 -0.107140 -0.135528
0.016207 0.014279 -0.104011 -0.061521
-0.031807 0.056450 0.162291 -0.053854
-0.110797 -0.047851 -0.006855 -0.072594
0.042882 0.102059 -0.024698 -0.004048
0.037255 0.053941 -0.051940 0.021171
0.042630 0.038585 0.075216 0.027314
0.117997 -0.005966 -0.052372 0.081352
-0.000211 -0.059064 0.058465 0.172636
-0.012184 -0.033185 0.063649 0.005092
0.003660 -0.022333 -0.019553 0.059609
-0.066229 -0.142772 -0.126528 0.026717
-0.070176 -0.082461 -0.088822 0.030680
-0.125119 -0.025721 0.013779 -0.035664
-0.024755 -0.026383 0.064312 -0.030236
0.078664 -0.140713 -0.097312 0.096294
0.125180 -0.042790 -0.086304 0.138517
-0.026688 -0.014647 -0.055685 0.022428
-0.003121 -0.038487 -0.063595 0.111570
0.005448 -0.008888 -0.251461 0.068182
0.079755 0.086229 0.070231 0.008820
0.050238 -0.024284 0.019306 -0.124139
-0.055288 0.064965 -0.004709 0.104546
0.023864 0.031071 -0.042534 -0.002606
-0.096099 0.042681 0.059282 0.013821
-0.024022 0.001671 -0.061488 -0.059291
-0.000336 0.196789 0.018494 0.003553
0.063008 0.047704 -0.005743 -0.079953
-0.029232 0.031699 -0.096042 -0.119731
-0.011033 -0.094862 0.118204 -0.004365
-0.011899 -0.037278 -0.001433 -0.021301
-0.089770 -0.208234 -0.164696 -0.030615
-0.008781 -0.114043 -0.044331 0.156059
0.026256 0.098350 0.038583 0.040897
-0.004760 0.045393 -0.008335 -0.141906
0.000234 -0.121801 0.052512 -0.080088
-0.021261 0.089099 -0.070952 0.186299
-0.065211 0.072510 0.026658 -0.084546
0.005539 -0.038470 -0.122069 0.051581
-0.037111 0.116851 -0.081595 -0.062378
-0.092521 0.018955 0.072239 0.049999
0.050608 -0.044983 -0.015087 -0.013369
-0.031228 -0.036593 0.062883 -0.091383
-0.083900 -0.005049 -0.060218 -0.061126
-0.100646 -0.022138 -0.127142 -0.040374
-0.124046 0.010360 -0.014257 -0.056278
-0.027034 0.106794 -0.041061 -0.078485
-0.130191 -0.038869 -0.016835 -0.077648
0.086235 -0.052333 -0.016792 -0.227883
0.006246 0.102237 0.010617 0.021221
-0.053857 0.136397 0.048704 -0.014477
0.058207 0.118063 0.092114 0.074818
0.025003 0.085032 -0.018218 -0.031720
-0.050855 0.036696 -0.049776 -0.030248
-0.033706 -0.058943 -0.051738 0.158234
-0.030342 0.056218 0.070234 0.028407
0.042076 -0.077227 -0.047433 0.036061
-0.031165 -0.059983 -0.043725 -0.001641
-0.133155 0.072721 -0.096869 -0.106622
0.117603 -0.096566 0.023338 0.059665
-0.020897 0.018047 0.033218 0.034800
0.093382 0.108671 0.047118 -0.038853
-0.072363 0.086443 -0.087248 -0.005051
-0.194005 0.027167 0.057231 0.009043
0.017612 -0.045846 -0.037117 0.072677
-0.126657 0.013780 0.053574 -0.025517
0.144155 -0.190146 0.037255 -0.053401
0.065835 0.066679 -0.064725 -0.065124
-0.094509 0.005977 0.022086 -0.000407
0.009172 -0.068564 -0.076968 -0.164873
0.048031 -0.000522 0.032959 -0.083242
-0.039606 0.029904 0.001087 -0.088701
0.075275 0.120070 0.080364 0.141728
-0.014289 -0.012633 -0.006772 0.022249
0.013133 0.041765 -0.056609 0.046750
-0.049442 -0.048305 -0.072940 -0.090905
0.147499 0.067656 -0.014322 0.007707
-0.063143 0.213181 0.099618 -0.089286
-0.006123 -0.107343 -0.046713 0.033526
-0.016210 0.072411 0.085484 0.074044
-0.117868 -0.135773 0.096984 0.012298
-0.012064 -0.114671 0.037560 0.024751
-0.046217 0.009097 -0.058860 0.021479
0.005166 0.009229 -0.046579 -0.055214
-0.040560 -0.147304 -0.008322 -0.020635
-0.038230 -0.094292 0.031059 -0.012040
0.060251 0.048044 -0.002876 0.014533
0.015000 -0.039203 0.172680 -0.023280
-0.143228 -0.030484 -0.076400 0.075427
0.098844 -0.033658 -0.170642 0.015030
-0.141923 -0.053046 0.074749 -0.128400
-0.024086 -0.100350 0.074089 -0.131947
0.146646 0.018907 0.086963 -0.010077
0.003839 0.045091 -0.015163 -0.035807
0.101586 0.096490 -0.018808 -0.007768
0.005454 -0.127682 0.142067 0.055579
-0.007999 0.137009 0.003040 0.032010
0.024417 -0.069765 0.027201 0.011315
0.056666 -0.015012 0.018775 -0.039507
0.137034 -0.065974 0.070977 0.109329
-0.043411 -0.001979 0.064191 0.031482
0.003057 -0.095451 -0.079456 -0.047802
0.001979 -0.113777 -0.032969 -0.221052
-0.221728 -0.088835 -0.058971 -0.058712
0.108589 0.083366 0.020183 0.002737
-0.015683 -0.044283 0.021132 -0.062284
0.086113 0.108290 0.162392 0.080127
-0.012933 -0.012642 -0.070239 -0.063883
0.127697 0.009713 0.039914 -0.142026
0.008784 0.079522 0.045774 0.061514
-0.053230 0.105572 0.037145 0.130477
-0.004819 0.095871 0.023885 0.001469
-0.130283 0.008932 -0.087315 0.044861
0.009405 0.021965 0.057960 0.151988
-0.043324 0.141464 0.051144 0.093651
-0.110289 -0.175841 -0.030951 0.089954
-0.013724 -0.099299 -0.042448 -0.011404
0.119445 0.026526 0.006029 -0.058839
0.054012 -0.072029 -0.023334 0.021776
-0.048169 0.107874 0.115475 0.101866
0.009217 -0.032967 0.005579 0.021265
0.015584 0.042251 0.045887 0.023543
0.063286 -0.010675 -0.052272 -0.094005
0.087228 0.118578 0.061049 0.089051
-0.040743 -0.005969 0.050889 0.091295
0.008301 -0.066368 -0.145793 -0.066027
-0.105222 0.067715 -0.022956 0.124552
-0.059678 0.028131 0.082820 -0.028767
-0.027207 -0.015799 -0.024965 -0.036954
-0.156450 0.022016 0.049977 0.056958
0.047293 -0.068315 -0.001131 -0.033517
-0.076149 -0.181630 0.027000 -0.167849
0.170956 -0.100277 -0.051731 0.099331
-0.104020 -0.007174 -0.014602 0.003981
0.013829 0.043815 0.008086 -0.048508
0.044089 -0.055429 -0.000743 0.067049
-0.004295 0.035883 0.118504 -0.009212
-0.021032 0.060905 0.117140 -0.096975
-0.046078 0.034558 -0.040749 0.019958
-0.077471 -0.038018 0.103646 0.052015
-0.061835 -0.058134 -0.087899 0.080072
-0.182107 -0.132139 0.066256 0.100770
0.111535 -0.074484 0.090859 0.045607
0.008659 -0.005060 -0.024635 0.067530
-0.032586 -0.110094 0.113914 0.089290
-0.104715 0.023459 -0.026572 0.047227
0.055837 0.034598 0.045884 0.073762
-0.077266 -0.038862 -0.079225 -0.045732
-0.079614 0.055247 0.095995 0.073609
0.152230 0.042045 0.046003 -0.039598
-0.049210 -0.157944 -0.117991 -0.026849
-0.010079 0.051995 -0.096958 -0.077636
0.083290 0.103474 -0.044437 0.029747
-0.002004 -0.027635 -0.065180 0.071464
-0.067108 -0.012781 0.044458 0.046810
-0.149991 -0.140904 -0.161061 0.007730
-0.189010 0.082144 -0.071475 -0.022210
0.050364 0.000754 -0.045473 -0.054865
-0.088693 -0.098522 -0.036009 0.036006
0.060889 0.065495 -0.110599 -0.033621
-0.025798 -0.060377 -0.059716 0.116149
-0.088583 -0.052909 0.027828 -0.053200
0.003439 -0.007170 -0.009713 0.007338
0.141398 0.047281 -0.044603 0.036360
0.015802 0.075554 -0.072359 0.088523
-0.081353 0.091184 0.047525 -0.068592
0.088521 -0.007032 -0.181527 0.068147
-0.104242 -0.131234 -0.093636 -0.014768
-0.098500 0.029263 0.001322 0.043174
0.081920 -0.002391 0.050670 0.087229
0.038347 0.012282 0.000125 0.001265
-0.006871 -0.054205 -0.087775 0.181317
-0.046963 -0.083562 0.069377 0.065293
-0.060941 -0.149314 -0.017399 -0.085686
0.118258 0.098945 -0.093113 -0.062134
0.022227 0.088835 -0.051201 0.005339
0.149844 0.127273 0.042445 -0.134055
0.143663 -0.069919 0.006891 0.049642
0.050266 0.001822 -0.125790 -0.006549
0.027179 -0.028826 0.037373 0.003236
0.128477 0.006401 0.078014 0.069485
0.038976 -0.047672 0.019342 -0.044297
0.054155 -0.075473 0.078846 -0.134456
-0.020601 0.182961 -0.034729 0.030047
-0.058305 0.069267 0.001865 0.024024
0.007658 0.033185 0.065465 -0.007689
0.044280 0.018167 0.113065 -0.015255
-0.037279 -0.081460 0.024377 0.079368
-0.082494 -0.006837 0.140451 -0.090816
-0.017670 0.194799 0.014059 -0.015620
-0.038769 -0.015985 -0.017713 0.004461
-0.065705 -0.006951 0.125195 0.012745
0.041505 0.110072 0.050737 -0.033163
0.102141 0.064589 -0.028102 -0.047245
0.015618 0.118008 0.031377 0.086060
-0.048484 -0.041091 0.101319 -0.105607
0.023593 0.002295 0.094966 -0.138618
-0.059774 0.001561 -0.036000 -0.020915
-0.006945 0.172536 -0.131891 0.062933
-0.063907 0.034591 -0.047030 0.012803
-0.025987 -0.067843 0.086584 -0.023602
-0.091329 -0.127404 0.021233 -0.062850
0.041448 0.028649 0.070102 0.002514
-0.030313 -0.071784 0.049673 -0.051699
-0.019440 0.096224 0.054803 -0.034853
0.055461 0.033744 0.036192 -0.026360
-0.081244 -0.068070 0.017443 -0.061574
-0.011862 0.067349 -0.019954 -0.074936
-0.072179 0.107546 0.039223 -0.051304
-0.023578 -0.017770 -0.007512 0.123780
-0.092576 0.041556 -0.012908 -0.064772
-0.005526 0.102457 0.107201 0.019333
-0.089996 -0.053316 0.087228 -0.102412
-0.111624 -0.012453 0.017472 -0.044725
-0.190552 0.036806 -0.033347 -0.034632
-0.045615 0.067567 0.020217 0.033938
-0.158725 0.058131 -0.140462 0.082094
0.078061 0.119022 0.029230 0.061935
-0.058766 -0.014639 0.030775 -0.018537
0.009029 0.001247 -0.067042 -0.011047
0.069588 0.129330 0.017770 -0.016137
-0.008831 0.021465 0.048858 0.169043
0.028162 -0.019842 0.067638 -0.015643
0.110888 0.036671 -0.002534 -0.010576
0.063712 -0.071502 0.075763 0.000670
-0.098507 0.029310 -0.116079 -0.119379
-0.117239 0.023786 -0.083359 0.072898
0.040167 -0.049003 0.113901 0.059631
0.093705 -0.001714 0.023167 0.039461
0.066951 -0.118213 0.013290 -0.145995
-0.044085 -0.028830 -0.060343 -0.098358
-0.097035 0.036708 0.014115 0.018696
-0.145518 -0.038913 -0.093322 -0.057139
-0.017335 -0.047317 -0.069909 -0.152229
-0.090940 -0.152429 0.106264 -0.028820
-0.051415 0.051743 0.020671 0.055186
0.073154 0.064904 0.033932 0.053814
0.087130 0.028019 -0.019335 0.001085
0.126916 0.059969 0.030181 0.062977
-0.078619 -0.035253 -0.046475 -0.026966
0.032562 -0.061202 -0.072490 0.013719
0.068017 -0.047503 0.038589 0.040642
-0.076570 -0.008782 -0.004564 -0.005523
0.113855 -0.006283 0.031677 -0.075120
-0.054892 0.022636 0.111888 0.012306
-0.156728 -0.069127 0.049293 0.120011
-0.046532 0.069827 0.089305 -0.048863
0.047269 -0.023463 0.046878 0.103164
-0.008014 -0.005349 0.041423 0.009906
-0.003656 -0.021458 0.000468 -0.044886
-0.154487 0.061836 0.002079 -0.113426
-0.061776 -0.057613 -0.103946 -0.117989
0.026196 -0.095964 0.024569 0.060282
0.005283 -0.027143 -0.059171 -0.017524
-0.051850 -0.104880 0.058503 0.173713
0.071669 -0.022799 -0.146450 -0.090094
0.064739 0.046013 -0.111048 -0.087362
-0.024475 0.031709 0.105280 -0.142012
-0.040336 0.053459 0.084875 -0.017698
-0.068300 -0.047500 0.097158 0.030552
0.047489 0.027398 -0.022865 -0.009701
0.101723 -0.052477 -0.005597 0.037655
-0.082806 -0.088934 0.002466 0.067793
0.142816 0.040547 -0.020897 -0.010116
0.122122 0.071186 0.269668 0.022940
0.049880 -0.008374 0.016660 -0.086933
-0.051913 -0.015794 -0.004721 0.027026
-0.059350 -0.065160 0.019428 0.103602
0.105517 -0.123171 0.032582 0.068322
0.097422 -0.018548 0.023888 -0.002896
0.080010 0.188230 0.052278 -0.075040
-0.136172 0.052673 -0.019341 0.110165
-0.077287 -0.100627 0.013869 0.071870
0.085966 0.031081 -0.048432 -0.051589
0.031326 0.029907 0.046723 -0.086570
0.067393 -0.029889 -0.096499 0.018946
-0.149260 0.013755 0.005715 0.129582
-0.007826 -0.126751 0.067117 -0.007790
-0.012116 0.016204 -0.081507 -0.073998
-0.090708 -0.000542 0.069315 -0.061795
-0.186913 0.061170 -0.057327 -0.005425
-0.022532 0.041462 0.082189 0.023963
-0.078719 -0.137367 0.052855 -0.057987
0.021671 -0.025740 -0.101853 0.034265
0.091882 -0.003927 -0.002491 0.036080
-0.005899 0.023511 0.004372 -0.046041
0.032479 0.005614 0.009184 0.117977
0.042783 0.136084 0.041364 0.109116
-0.021533 0.145678 -0.053560 0.062309
0.175473 0.082286 -0.111943 0.066487
0.064973 0.050710 -0.039506 -0.141071
0.055428 0.001290 -0.125746 -0.047162
-0.046082 0.073196 0.023280 -0.060703
0.009624 -0.041430 0.101241 -0.002095
-0.077650 -0.054038 -0.087035 -0.019232
-0.050534 -0.030435 0.011283 0.008852
0.098076 -0.093284 0.073136 0.044887
-0.052201 -0.049934 -0.003844 0.079570
0.004076 -0.092233 -0.006994 0.061951
-0.123226 0.047682 0.182258 0.150843
0.013630 0.064076 -0.025039 -0.011145
0.115485 0.051783 0.003284 0.073758
0.140828 0.017586 -0.016270 -0.058645
0.040334 0.056983 -0.094892 0.083099
-0.089540 0.108251 0.058332 0.084802
-0.024924 -0.087397 0.021605 -0.043176
-0.023570 -0.104582 -0.015580 -0.028105
-0.012223 -0.067598 -0.011257 -0.064941
-0.063370 -0.126941 -0.115837 -0.070666
0.082693 0.050363 -0.051006 0.020178
0.020959 0.140076 0.055218 0.068439
-0.172496 0.109175 0.054945 -0.013148
-0.067507 -0.127674 0.065467 0.163259
-0.029019 0.056641 -0.151716 0.057663
0.018939 -0.041745 -0.087021 0.076929
0.120955 0.141738 -0.041610 0.086965
-0.010618 -0.113608 0.030185 -0.112182
-0.033235 -0.069463 -0.061806 -0.079490
-0.064945 -0.023560 -0.056129 0.023669
-0.024144 0.129173 0.060410 0.027991
-0.048371 0.067628 0.022873 -0.036983
0.140564 -0.008512 0.121140 -0.011252
-0.032064 -0.132477 0.013245 -0.091129
-0.017836 -0.113477 -0.161885 0.029258
-0.048678 -0.071426 0.011677 0.018319
-0.034517 -0.032154 0.019571 -0.048456
-0.071040 -0.023835 -0.029393 0.093795
-0.128914 0.015806 0.054798 0.076146
0.049892 0.048964 0.022895 0.153496
0.162503 -0.044540 0.026408 0.003336
0.052369 0.106065 -0.068007 -0.002544
-0.000513 0.040652 -0.016168 -0.054899
-0.102884 0.129202 0.058547 0.015826
0.017434 0.039487 -0.041914 0.069383
0.001743 0.067468 0.034888 -0.034780
0.153195 -0.011696 0.007253 0.003379
0.044602 0.036027 0.002984 -0.037026
0.033710 -0.017711 -0.116163 -0.004815
0.019601 0.032008 -0.030516 0.026154
-0.011258 0.054399 0.009183 0.091801
-0.158351 -0.070791 -0.020082 0.053194
-0.002762 -0.047749 0.037257 0.159007
-0.035767 -0.030987 0.098701 0.057568
0.015214 -0.094120 0.060389 0.091992
0.049200 -0.033294 -0.055891 0.067850
0.068698 0.095778 -0.107315 0.046394
0.126695 -0.015238 -0.114894 -0.036640
0.092701 -0.060933 -0.039330 -0.104637
0.009899 0.087369 -0.077895 -0.139389
-0.011199 0.077499 -0.049257 -0.057570
0.134431 -0.011226 0.129895 0.000646
-0.084534 0.043380 0.116149 0.012352
-0.136342 0.024852 0.090504 -0.026233
-0.068978 -0.135407 -0.074139 0.095444
-0.001180 -0.135196 -0.110892 -0.047647
-0.093983 0.095115 -0.099751 -0.125358
-0.073217 -0.069345 0.157665 -0.020914
0.044333 0.021072 -0.008399 -0.078343
-0.096539 0.010837 0.161458 -0.000535
-0.047805 0.019669 -0.085046 -0.083700
0.010589 0.061503 -0.093074 0.064426
0.129733 0.058540 0.034931 0.023721
0.100596 0.035366 -0.066816 -0.121375
0.018723 0.178038 -0.077904 0.026248
0.028512 0.003857 -0.030837 -0.145100
0.021028 -0.097313 0.129410 -0.065062
-0.002512 0.030705 0.017528 -0.056516
0.077254 0.012300 0.140849 0.050802
-0.021482 -0.162084 -0.016679 0.138743
0.123555 0.069067 -0.017204 -0.068350
0.020836 -0.106612 0.114337 0.027154
0.045522 -0.052515 -0.028832 0.186314
0.048712 -0.065161 -0.065378 0.040810
0.046645 -0.085065 0.086950 -0.030336
-0.036350 0.152561 0.016871 0.018738
-0.026706 -0.050258 -0.037612 -0.029040
-0.126625 -0.045377 -0.198323 0.053171
-0.118409 0.047073 -0.068803 -0.126073
-0.016813 0.047691 0.099258 0.028717
-0.127657 -0.020980 -0.135660 -0.118968
0.036800 -0.034992 0.059779 -0.084160
0.020438 0.066050 0.027272 0.023381
0.062142 -0.103423 0.177378 0.022711
0.002429 -0.182103 0.001769 0.103407
-0.027221 -0.037926 -0.014486 0.083811
0.038143 0.033627 0.090070 0.120674
-0.069381 -0.003821 0.065003 -0.030603
-0.068371 -0.043030 0.032241 0.091629
0.026934 -0.171812 0.022142 -0.015483
-0.047592 -0.026466 0.003423 0.049766
-0.038499 -0.044810 0.048010 0.011563
-0.041550 -0.009269 -0.061943 -0.127342
0.136815 -0.035771 0.128058 -0.020787
0.080155 -0.000486 0.058272 0.123876
0.046185 -0.019895 0.093775 0.156030
0.046600 0.030833 -0.000917 -0.063730
-0.060565 -0.019126 0.016334 -0.150059
-0.156876 0.023937 0.109754 0.071892
0.058283 -0.016268 0.051574 0.018614
0.019935 -0.014993 0.044428 0.039590
-0.034521 -0.177765 0.038193 -0.017173
0.002466 -0.021351 -0.060384 -0.017810
-0.040846 -0.020331 0.085995 0.023458
-0.031781 -0.028743 -0.015641 -0.088328
0.091989 -0.002451 -0.009681 -0.077539
0.006280 -0.025593 -0.046456 0.043615
0.001772 0.021514 -0.123772 -0.067883
0.061036 0.036067 -0.067878 -0.109211
0.014477 0.009412 -0.066146 -0.044634
-0.011074 -0.013644 -0.023716 0.014109
0.032660 -0.023828 0.041016 -0.055249
0.121273 0.074378 -0.085663 0.019231
0.014459 -0.004989 0.034442 0.081540
-0.060853 -0.041030 0.057660 -0.052064
0.017773 0.100159 0.187830 0.046158
-0.024245 -0.061506 0.109039 0.083506
-0.016141 -0.085880 0.205098 0.029304
0.031646 -0.027565 0.023976 -0.118983
0.124148 0.027401 -0.068796 -0.010680
-0.016291 0.099823 0.017316 -0.154690
0.010325 0.093698 0.067994 0.010462
-0.030190 0.029326 0.053263 0.108842
0.011280 -0.021650 -0.069225 -0.014093
-0.010226 0.109664 0.081438 -0.050030
-0.039429 0.045221 -0.013608 0.022076
-0.030135 0.146904 0.028120 0.032984
0.012467 0.067135 -0.052807 -0.083863
0.110327 0.027155 -0.011632 -0.112474
-0.025857 0.011427 0.010895 0.076345
-0.145394 0.091563 0.019401 0.070489
-0.029975 -0.157555 0.069303 0.034527
-0.017104 -0.013450 -0.021276 0.015148
0.111467 0.029235 -0.093337 -0.098142
0.030712 0.039292 -0.002731 -0.072250
0.132980 0.108067 0.162911 0.004561
0.134515 0.039257 0.083177 -0.004077
0.036453 0.015523 0.046745 -0.050213
-0.045248 0.055456 -0.096481 -0.074254
-0.046816 0.195515 0.066275 -0.007917
0.180014 0.037537 0.062271 0.018602
-0.172204 -0.027741 0.043036 -0.030512
0.042775 0.037315 0.122923 0.048767
-0.011241 0.024767 0.019841 -0.132350
-0.088678 -0.000692 0.034041 0.053964
0.077444 0.173367 0.135185 0.085636
0.102161 -0.011057 0.053959 0.092885
-0.034118 0.050393 0.050831 0.187790
0.048357 -0.147700 0.030434 0.028201
0.029701 -0.023339 -0.011005 -0.135937
-0.033830 -0.072979 -0.074900 0.040021
-0.025273 -0.079708 0.072638 0.051692
0.047025 0.015960 0.002649 -0.046725
0.045627 -0.033336 -0.041998 -0.021750
-0.140693 0.009541 -0.034134 0.040660
-0.015132 0.035610 0.048051 0.058914
0.087025 -0.042951 0.117608 -0.157052
-0.006759 0.000965 -0.043648 -0.029387
-0.097682 -0.014122 -0.146417 -0.025273
-0.030096 -0.099484 -0.007755 -0.192701
0.022817 0.061488 0.091262 -0.086323
-0.132100 0.043570 -0.015603 0.056706
-0.008559 -0.005693 -0.053940 0.001390
0.032952 0.092817 0.063019 0.041476
0.036175 -0.079400 -0.065007 0.146309
-0.057800 -0.048726 0.120934 -0.009702
0.128248 0.001926 0.072972 0.013045
-0.044901 -0.027234 0.064422 0.022632
0.076003 0.012261 -0.003054 0.002580
-0.027269 -0.153178 -0.005104 0.104055
0.042837 -0.000427 -0.032466 0.030296
-0.046299 -0.011552 -0.103992 0.062644
0.070343 -0.040538 -0.059883 0.027666
0.054631 -0.086367 -0.071197 -0.005707
-0.057542 0.035818 -0.026859 -0.015779
-0.082167 -0.053388 -0.077641 -0.024268
0.023768 0.051979 -0.106867 -0.030150
-0.120436 0.142714 0.035958 -0.106227
-0.110100 -0.046814 0.011612 -0.058914
0.013457 -0.005928 0.059363 -0.002399
0.114983 0.022948 0.097773 0.038743
0.100610 0.063338 0.032889 -0.083436
0.028409 -0.019690 -0.050604 -0.016305
0.034871 -0.001650 0.028541 0.196642
0.044695 -0.069449 -0.058284 0.056055
-0.036610 -0.072495 -0.048629 -0.055610
-0.005335 -0.037251 -0.119167 0.124310
0.032203 -0.140202 -0.162390 0.057463
0.010511 -0.012814 -0.044115 -0.032821
0.005963 -0.039309 0.051524 0.029603
-0.073753 -0.054199 0.003742 -0.159148
0.132552 -0.012760 -0.092591 0.095391
0.003251 0.041367 0.063145 0.106075
0.118109 -0.057756 0.063430 0.036978
-0.027617 0.039041 0.066875 -0.041692
-0.061161 0.083479 0.000454 0.060595
0.005752 0.074563 0.053687 -0.077606
0.053355 0.164898 -0.103640 0.041515
0.064624 0.079098 0.037305 0.063212
-0.002233 -0.076249 -0.113273 0.063208
-0.033605 -0.071463 -0.027832 -0.082403
0.008072 -0.001182 -0.021771 0.085444
-0.001093 0.173424 -0.068709 0.171185
0.018685 -0.104312 0.072510 -0.148828
-0.098902 0.114789 -0.006039 0.162685
-0.270214 -0.006302 -0.071661 0.036324
-0.158011 0.177107 -0.005436 0.091982
-0.016444 0.012085 -0.010172 0.094899
-0.032139 -0.000881 0.140931 0.149948
0.047267 0.040801 -0.073465 -0.073340
-0.116735 -0.020609 0.022019 0.082435
-0.119713 0.083528 -0.044213 0.120381
-0.081195 -0.043911 0.012623 0.072690
0.005750 0.002189 0.070535 0.053847
-0.031910 0.241216 -0.011462 0.076258
0.051108 -0.108251 -0.091679 -0.097648
-0.029309 0.021820 -0.070829 0.084880
-0.163999 0.019991 0.053866 0.021903
-0.047961 -0.116847 -0.068419 -0.023939
0.102080 0.030667 -0.077857 -0.094064
-0.126409 -0.045841 0.085072 0.036017
0.074622 0.088532 -0.057119 0.088037
0.026289 0.105078 0.062126 -0.034470
-0.127001 -0.046173 -0.138814 -0.001901
-0.069783 -0.112741 0.089195 0.039228
-0.164594 -0.085988 0.016846 0.066368
-0.087653 0.128692 0.025113 0.019710
-0.068620 0.014647 -0.111752 0.049155
0.043699 0.021256 0.062425 0.118015
-0.023230 -0.126652 0.083177 -0.114425
-0.003649 0.065118 -0.177918 0.084095
0.023536 0.033067 -0.024282 -0.014110
0.175469 0.040742 0.055852 -0.041115
0.170606 -0.022157 0.012799 0.024904
0.064940 0.051125 -0.097282 0.015838
-0.066761 0.156124 -0.019244 0.007082
-0.181755 0.043831 -0.101216 -0.156082
-0.036883 -0.053712 0.061862 -0.064893
-0.050383 0.118853 0.115069 -0.072017
-0.048909 -0.117865 0.014842 -0.045607
-0.016097 -0.011836 0.075909 0.082257
-0.033684 -0.079822 -0.078539 -0.074006
-0.022417 0.032159 -0.032306 -0.015547
-0.043831 -0.053972 -0.128271 -0.005527
0.059137 -0.117200 -0.152156 0.012663
0.047725 -0.190386 -0.193227 -0.109143
0.053472 -0.085490 -0.040993 -0.021475
0.137448 0.035623 0.027307 0.097720
-0.004353 0.004313 -0.012320 0.064057
-0.021478 -0.043886 0.054691 -0.030920
0.033109 -0.032425 0.053219 -0.105204
0.027142 0.020058 -0.074941 0.016058
0.021763 0.032697 -0.029084 -0.032661
0.069689 0.041574 0.056454 -0.106028
-0.091177 -0.073887 0.049606 0.016511
0.122550 0.009570 0.049777 -0.048480
-0.109279 -0.063042 0.104212 -0.045032
-0.003342 -0.113193 0.087636 0.100511
0.052544 -0.030976 -0.011986 0.053048
-0.005470 0.093845 0.025400 0.060311
-0.059742 -0.140274 -0.142590 -0.062036
0.009603 0.305028 0.028928 0.058179
0.071888 -0.016733 -0.022479 -0.237444
-0.086975 -0.072444 -0.055773 -0.099536
0.052622 0.064418 -0.072899 -0.104618
0.010820 -0.021761 0.010593 0.041766
-0.033152 0.043977 -0.036178 0.007488
0.028720 -0.117291 0.063521 0.119650
0.034223 -0.005155 -0.176348 0.032252
0.040553 -0.038461 0.048109 -0.006880
-0.048487 0.093933 -0.073304 -0.049017
-0.056832 -0.009768 0.100907 0.055646
-0.008013 0.008461 -0.033186 -0.072808
-0.116400 0.017274 0.071546 0.093123
0.009347 0.010952 0.017037 0.040782
0.022436 -0.009810 0.088365 0.045097
0.119391 0.082055 0.116944 -0.046689
0.034957 0.065995 -0.022515 0.074564
0.183313 0.097170 0.014698 0.029343
-0.096950 -0.096140 -0.001971 0.039431
0.069015 -0.048720 -0.006614 -0.006400
-0.046386 0.068014 0.011440 -0.048492
-0.061347 -0.049438 -0.040289 -0.118573
-0.137325 0.030631 -0.072090 0.057755
0.038475 -0.058560 0.021578 0.058856
0.015935 -0.140263 -0.089139 -0.069009
-0.005067 -0.080618 -0.021335 0.121268
0.052604 0.049839 0.047309 -0.027527
-0.048570 0.014174 -0.067095 0.091749
0.022250 0.069268 0.034724 0.012497
0.144166 -0.050123 -0.042373 -0.008823
0.004773 -0.027271 -0.035471 0.118124
-0.022832 0.135524 -0.135595 -0.049210
0.078529 0.017967 0.048736 -0.107482
0.017273 -0.005301 0.035661 -0.093532
0.026236 0.106934 -0.054651 0.045635
-0.095181 0.034604 0.020309 0.087387
-0.003652 0.050985 0.048417 0.102635
0.036462 0.010134 0.178143 0.086852
0.047020 0.168157 0.051955 0.015756
-0.094571 -0.012793 -0.138980 0.106747
-0.112803 -0.028804 0.048180 0.125052
-0.007414 -0.113325 -0.120674 0.033925
0.163951 -0.033314 0.047766 0.047248
0.099168 -0.161608 0.001367 -0.042580
-0.114658 0.021552 0.001940 0.042601
0.177047 -0.007929 0.120183 -0.117576
-0.133404 -0.062690 -0.100366 -0.065172
0.131096 0.061814 -0.027335 0.039673
-0.187418 0.084758 -0.120071 -0.136982
0.059573 -0.005833 0.095646 -0.030655
-0.089553 -0.006219 0.030165 0.034233
-0.107298 0.023670 0.057936 0.056525
0.025612 -0.071730 -0.039432 -0.069846
-0.080128 -0.064251 -0.030472 0.079788
-0.003464 0.065454 -0.063580 -0.116873
-0.009739 0.034663 0.043534 0.109766
0.155211 -0.040227 -0.070408 0.105738
-0.020816 0.096783 -0.087131 0.136298
-0.076291 0.015477 0.016127 -0.063753
0.067261 0.023573 0.102946 -0.056549
0.070524 0.052777 0.098497 0.092053
0.078361 -0.120742 -0.007217 -0.066269
0.057035 0.008429 -0.092218 0.072317
-0.151612 0.009781 0.077900 0.102903
0.062171 0.031374 0.131630 -0.013414
0.083895 -0.005993 -0.030182 0.035227
-0.030349 -0.036694 0.061429 0.017882
-0.002672 -0.182777 -0.080472 -0.109972
0.026339 -0.068771 0.003028 -0.053874
0.029423 -0.102736 -0.012103 0.094546
0.023654 0.003529 0.002625 -0.048252
0.109692 -0.065691 -0.033072 0.093987
0.036316 0.066646 -0.048304 0.005845
-0.123617 -0.000029 0.020196 -0.019582
0.037267 -0.077250 0.052361 -0.056307
0.051586 0.025542 0.057104 -0.042309
-0.020356 0.010663 -0.029250 0.079855
-0.104997 -0.074936 0.066316 -0.138150
-0.074933 -0.010635 -0.062131 -0.022961
0.003689 -0.106973 -0.088286 0.060280
0.079993 -0.031201 0.036922 0.122306
0.135595 0.087055 -0.109848 -0.107299
-0.105255 0.010694 -0.106742 0.107853
0.033133 0.035981 -0.036088 -0.045926
0.030833 0.048048 -0.078860 0.020132
-0.072863 0.009871 0.048895 0.045707
0.048784 0.046680 0.037701 0.109779
0.106715 0.029752 0.032832 0.031005
0.063369 -0.180975 0.030141 -0.147913
0.062857 -0.137312 -0.013629 -0.100416
0.005070 0.014182 -0.038838 0.038156
0.003979 -0.045316 0.039442 0.098568
-0.069361 0.016057 0.004775 -0.023450
-0.039472 0.026242 -0.039344 0.118084
-0.086789 0.133163 -0.104851 -0.031928
0.090698 -0.005389 -0.106978 -0.078686
0.021196 -0.152804 0.072129 0.110630
-0.025785 0.050123 0.073096 -0.021386
0.014463 -0.077619 0.115147 -0.048428
0.102571 0.106156 0.067940 0.002473
0.041618 0.135719 -0.013928 0.008276
-0.020056 -0.046956 0.081711 0.018487
-0.061192 -0.050339 -0.128691 -0.081113
-0.175920 0.101002 0.105705 -0.012114
0.012041 0.068343 0.007745 -0.003657
-0.035448 -0.010202 -0.042594 0.107175
-0.092887 0.018092 0.064588 -0.057009
0.037723 -0.001923 0.133149 -0.005391
-0.073251 -0.032391 -0.057339 -0.053161
-0.041133 -0.115797 -0.097364 0.015325
0.051617 -0.122935 0.108036 -0.074366
-0.005619 0.059461 -0.050691 0.025554
0.071153 -0.134718 0.000622 -0.207987
0.018109 0.040283 -0.021615 -0.124714
-0.039930 -0.069947 -0.034257 0.036787
0.047863 0.039503 -0.055674 -0.093326
0.155470 0.049418 0.015546 -0.090439
-0.016207 0.106626 0.130373 0.049784
0.037757 -0.047059 -0.094436 0.203809
-0.038268 0.046170 0.033337 0.179483
0.062741 -0.023629 -0.051811 -0.022284
-0.055245 0.014681 0.061024 -0.014026
-0.050703 0.066852 -0.016660 0.017599
-0.033987 -0.029063 0.009389 0.103868
0.013509 0.009734 0.100791 0.110207
-0.020390 -0.002126 0.002043 0.036805
0.020350 -0.066991 -0.108440 -0.062529
0.075380 -0.048464 -0.013282 -0.029324
-0.000073 -0.021365 0.007365 -0.131454
0.026593 -0.017978 -0.098044 0.081853
0.007401 0.057155 0.073966 0.065046
0.005890 -0.030764 -0.086960 -0.017218
0.164437 0.133661 0.047514 -0.013330
-0.013936 -0.044803 0.037776 0.035020
0.136273 0.059226 0.130216 -0.161431
0.026647 -0.069721 -0.095888 -0.117716
-0.074310 -0.059911 -0.058059 -0.003846
0.045724 0.013057 0.008273 -0.015902
-0.092317 0.007830 0.036209 -0.053140
0.058223 -0.002172 -0.161851 -0.141170
0.074304 -0.001222 -0.025436 0.033264
0.110306 0.033001 0.015038 0.001993
-0.138007 -0.135274 0.014214 -0.022016
-0.039297 0.004575 -0.117610 0.105655
0.010723 -0.025643 -0.102627 -0.094882
-0.032184 -0.035588 0.043571 -0.068278
0.032590 0.006783 -0.117443 -0.114411
0.081927 0.116567 0.050344 0.125744
0.003577 0.043323 -0.037535 -0.050421
-0.021896 0.003473 0.017688 0.015310
0.030429 0.090562 -0.012475 0.000579
0.062533 -0.082767 0.046081 -0.061713
0.074494 -0.058790 -0.051222 -0.063628
-0.041389 0.073057 -0.051542 -0.063304
-0.047636 -0.075509 -0.047105 -0.005064
0.024028 -0.097208 0.082082 0.092729
0.016950 0.004729 -0.021966 0.072636
-0.004135 -0.051211 0.013247 0.040581
-0.012960 -0.089800 -0.068032 -0.007494
-0.071391 -0.003886 0.056514 -0.123208
0.020237 0.014648 -0.051638 -0.125920
-0.060969 -0.061200 -0.009170 -0.100731
-0.099682 0.021009 0.031698 0.036102
-0.003575 0.071639 0.067616 -0.039346
-0.086941 0.059450 0.106063 -0.029747
0.032195 0.082953 -0.042808 0.064037
-0.215150 0.000172 0.043423 -0.018719
0.012758 -0.106816 0.045273 -0.071904
-0.112527 0.018177 0.032921 -0.016636
-0.137037 0.017888 0.006772 0.030685
-0.071549 -0.063476 -0.107693 -0.070547
0.061893 -0.038400 -0.096505 -0.001830
-0.137662 0.014057 0.020744 -0.144132
-0.075185 -0.063513 -0.125079 -0.067073
-0.020885 -0.018958 -0.117153 -0.121484
0.117952 -0.071085 -0.014657 -0.099900
0.040063 -0.060221 0.025533 0.068497
0.137939 -0.016811 -0.006839 -0.064580
-0.062872 -0.014698 0.110881 0.023959
0.054993 0.003427 0.016121 -0.087843
-0.062717 0.163492 -0.048136 -0.088035
-0.086838 -0.090769 0.061548 0.067847
-0.021337 -0.034049 0.014011 -0.097824
-0.025473 0.006109 0.040999 -0.037331
0.067903 -0.031422 0.065932 -0.000665
-0.000441 0.025011 0.048623 -0.162123
-0.006697 -0.136722 -0.094787 -0.007172
-0.043265 0.048660 0.021588 0.049172
-0.052524 0.160456 -0.071572 -0.101693
-0.088033 -0.089452 -0.075089 0.026767
0.032103 0.125762 0.017676 0.020970
-0.012207 -0.008996 0.164768 -0.071580
0.073129 -0.048879 -0.071112 0.071001
-0.083588 -0.005185 0.128233 0.136509
0.004952 0.084818 0.028570 0.106721
-0.109061 0.017769 0.125617 0.034184
0.029338 -0.027147 -0.111983 0.060790
-0.155284 -0.063099 -0.039483 -0.018119
0.012799 -0.070029 0.057103 0.088199
-0.002050 -0.023415 -0.023391 -0.064230
-0.140870 -0.022039 -0.054406 -0.017529
0.077516 0.063000 0.073128 -0.061978
0.023820 0.009612 -0.015844 0.027667
-0.027031 0.113104 0.000869 -0.046474
0.133689 0.090248 -0.004819 -0.059357
0.116385 -0.020660 -0.099656 -0.017530
-0.013113 0.214223 -0.085187 0.028146
0.065221 0.075081 0.113114 0.008190
0.117106 0.054572 0.122620 -0.002028
0.010383 0.059900 0.021700 0.089904
0.014954 -0.098437 -0.030497 -0.054308
-0.001412 0.041948 -0.065831 -0.038752
-0.067826 -0.023512 0.054066 -0.138609
-0.125221 -0.067593 -0.208997 -0.037969
0.007565 -0.064137 0.004313 -0.078754
0.060429 0.019302 -0.063542 -0.026040
-0.014125 0.095420 -0.058808 -0.025397
-0.037590 -0.034570 -0.069101 0.049414
-0.028311 0.030922 0.064742 0.118036
0.089751 -0.022481 -0.027513 0.071486
0.128810 0.076985 0.080520 0.029411
0.175847 0.079764 0.180777 0.063937
0.038116 0.115349 0.169822 0.031543
0.008504 0.108335 -0.104558 -0.147714
0.072880 -0.090894 0.035398 0.024737
0.082812 -0.114223 0.020674 0.067002
0.002522 0.151649 0.101410 0.135161
-0.015098 -0.025047 -0.026781 -0.024731
0.069771 0.169449 0.000738 -0.024925
0.013987 -0.039298 -0.105153 -0.010535
0.052959 0.041258 0.087340 -0.029109
-0.053634 0.000207 0.003674 -0.057893
0.002411 0.091038 0.017561 0.105966
0.016673 0.089654 -0.024086 0.017763
0.046860 -0.032424 -0.037996 -0.115942
0.012626 -0.062239 0.075346 -0.102684
0.006245 0.037135 -0.028426 -0.015128
-0.008171 0.048510 -0.067577 0.053122
0.015147 0.095322 0.033122 0.028407
0.008569 -0.103887 -0.031714 0.212840
0.073451 0.099364 -0.097879 0.017388
-0.037257 0.168116 0.034335 -0.061715
0.062168 -0.012362 0.125289 -0.083619
-0.046986 0.090541 -0.035299 0.017560
-0.034555 -0.077140 0.157701 -0.046258
-0.099046 -0.142922 -0.009880 -0.037804
-0.000781 0.106287 -0.121242 -0.039566
0.106158 -0.034236 0.062718 -0.072773
0.020511 0.025555 0.022785 -0.055453
-0.072593 0.029615 -0.073294 0.139951
0.127862 -0.006262 0.019150 -0.085473
-0.028308 -0.032729 0.126131 -0.129518
-0.075991 -0.049310 -0.054712 -0.056349
0.091313 0.187630 0.140468 -0.006576
0.025897 -0.068674 -0.041730 -0.023552
-0.033416 -0.007546 0.062192 -0.010924
0.103292 0.064325 0.029661 0.008568
-0.057932 0.108513 0.070100 0.003064
-0.094364 -0.017501 0.088536 -0.140088
-0.164542 -0.065639 -0.065327 0.072356
-0.017856 -0.113319 -0.011710 -0.174659
-0.132145 -0.165971 -0.061669 -0.061758
-0.093169 -0.055884 -0.008058 -0.040400
0.033913 -0.014665 -0.073475 0.126926
0.039203 0.029336 -0.055358 -0.069095
0.069184 -0.026899 -0.032880 -0.009245
0.104540 0.060518 0.016655 0.072759
0.081970 0.050148 0.015920 -0.138821
0.007460 -0.023607 0.154473 0.112552
-0.022209 0.019600 0.088667 0.111766
0.031556 0.235866 0.069645 0.031620
-0.161746 0.016417 0.020092 0.094582
0.018050 0.016613 -0.124788 0.039701
-0.058668 0.027201 -0.060888 -0.002950
0.020211 0.048345 -0.019521 -0.019402
0.083300 0.047738 -0.001791 0.033156
0.069967 -0.022708 -0.024897 0.055066
-0.179533 0.014485 0.076914 -0.000753
-0.006245 -0.133968 -0.045916 0.068947
0.012046 -0.051204 -0.042553 0.113369
0.135987 0.045687 -0.065313 0.009498
0.063702 -0.100505 0.018999 -0.022677
0.019254 0.110850 0.020696 0.146029
0.105369 -0.095600 -0.016781 -0.116827
-0.045037 -0.044282 -0.028842 0.036566
-0.088911 0.106350 -0.011079 -0.003482
-0.014705 -0.132742 -0.068198 0.043227
-0.134170 -0.071200 -0.026694 -0.011986
-0.127559 -0.017240 -0.016461 -0.157053
0.060699 -0.054688 0.004485 0.076051
0.034045 0.025893 0.088498 0.048780
-0.051970 0.083939 0.044250 0.065245
0.061317 0.029439 0.057885 0.066333
-0.055091 0.129919 0.027080 -0.006738
0.025342 -0.123210 -0.092615 0.025479
0.020416 -0.011195 -0.012002 -0.024576
-0.062805 0.142719 -0.025366 0.093089
-0.006175 0.064833 0.059025 0.156997
-0.005581 -0.014927 0.031781 -0.034055
-0.013684 0.036991 0.000059 0.017487
0.124254 0.036702 0.053905 -0.030703
-0.045256 -0.048599 -0.042961 -0.096668
0.007843 -0.225254 -0.123023 0.034143
-0.011542 -0.244687 0.056757 0.025891
0.004967 -0.000020 -0.142069 -0.034728
0.048104 -0.048927 -0.080356 -0.115230
0.105223 -0.055573 -0.061148 -0.116012
-0.003223 -0.018936 0.097447 0.088829
-0.051420 0.004271 0.000161 0.014929
-0.043479 0.039465 -0.056449 0.066052
0.171736 0.103133 -0.038261 -0.090732
-0.040521 -0.138595 0.042182 -0.173596
0.012854 0.096251 -0.018862 0.159504
0.047872 -0.067250 0.033078 0.029148
-0.078462 -0.067180 0.044338 0.001524
-0.095352 -0.014161 0.109440 0.013674
-0.058797 0.064841 -0.119686 -0.085491
0.073526 0.007155 -0.028781 0.155069
-0.033249 0.006445 -0.029872 0.026330
-0.095177 0.008037 -0.108493 0.018518
-0.112027 0.001717 0.020137 -0.045322
-0.033819 -0.045258 -0.128210 0.041675
0.117512 0.048637 0.021143 0.031598
0.030470 -0.037347 -0.088609 -0.135097
0.005732 -0.072698 0.032267 0.091396
0.046377 0.020273 0.059765 0.108147
0.060190 0.036181 -0.008952 0.059610
0.031397 -0.035628 -0.056747 0.046527
0.162710 -0.070305 0.003736 -0.026516
-0.022181 0.039458 0.036121 0.062881
-0.095213 -0.022325 -0.043764 -0.123339
0.048411 -0.101775 0.016689 0.091236
-0.147040 0.057472 -0.121351 -0.015681
-0.181409 -0.105430 -0.007332 -0.052718
0.028482 -0.005130 0.102806 -0.007127
-0.089411 -0.099703 -0.098352 -0.109120
-0.115467 0.041419 0.016095 0.009020
-0.096237 0.080504 0.008209 0.026617
-0.022412 -0.103937 0.035515 0.040166
0.074025 0.050844 -0.058128 -0.047684
0.008306 -0.005694 0.082135 0.093348
-0.036174 -0.028913 0.088039 -0.009841
0.001108 0.001423 -0.113100 -0.014100
-0.113553 0.034271 -0.148953 -0.013844
0.025946 0.050228 0.204386 0.133824
-0.062967 -0.041122 0.022790 -0.113380
0.025307 0.015717 -0.016921 -0.002718
-0.026514 -0.059232 0.078611 -0.054014
0.020978 0.030057 0.036952 -0.010950
-0.056590 -0.008951 0.057727 0.038268
0.054087 -0.054814 -0.125432 -0.027983
0.015679 0.047506 -0.035664 0.062949
0.069265 0.062033 0.057427 -0.080683
-0.039508 0.085568 0.028612 -0.020865
-0.119985 -0.028691 0.039169 0.046464
-0.076349 -0.115502 -0.105009 0.027052
-0.060647 -0.000377 -0.062069 -0.079481
0.101480 0.040397 -0.037661 -0.004838
-0.014710 -0.028326 -0.006000 0.058935
0.011542 -0.018492 0.096428 -0.009991
-0.008649 -0.119344 0.046393 0.059837
-0.083465 0.032406 -0.004829 0.115517
-0.008827 -0.000665 -0.015770 0.075929
0.215249 0.072104 0.074029 0.152400
-0.085190 0.023089 0.042958 0.056934
0.083087 -0.094593 0.044508 -0.103760
0.038507 0.065945 0.009144 -0.047809
0.059485 -0.043757 0.067884 -0.058930
-0.014124 -0.045550 0.042719 -0.063736
0.014751 0.021045 0.030401 0.012161
0.131208 0.080434 -0.000423 -0.044358
-0.007338 -0.010226 0.077495 -0.048051
0.043210 -0.033455 0.140537 -0.013810
-0.021241 0.039245 -0.006081 0.052616
-0.105387 0.014783 -0.152848 -0.005093
0.108974 -0.043881 0.056288 0.075695
-0.118736 -0.135764 -0.064568 -0.185511
-0.119868 -0.011568 0.074911 -0.023499
0.070809 -0.174907 -0.062647 0.088426
0.031795 -0.049661 -0.035338 0.081840
0.113601 0.222628 0.065486 0.088000
0.075998 0.162255 0.094707 -0.055314
-0.108782 0.083257 0.072048 0.072815
-0.096763 0.096578 0.153775 0.045650
0.079607 0.052397 -0.057378 0.044365
0.026655 -0.039296 -0.138197 -0.141247
0.042859 -0.021965 0.052441 -0.059683
0.081297 0.071365 0.065033 0.225608
0.103617 -0.082432 -0.005350 -0.054793
-0.008757 -0.012494 -0.017053 0.116123
0.109233 0.130795 -0.157352 0.007528
-0.099600 -0.117476 -0.155240 -0.074234
0.078084 -0.107657 0.019981 0.031834
0.072523 -0.040727 0.040675 0.002023
0.092140 -0.068010 -0.090696 0.172848
0.054485 -0.012351 -0.018462 -0.083149
0.064161 0.042906 0.069932 -0.059599
-0.163109 -0.014816 0.144397 0.036648
-0.081851 -0.034623 -0.015489 -0.027443
-0.055726 -0.024553 -0.149750 -0.098206
0.006184 0.032255 -0.046798 -0.200901
0.152859 -0.014551 -0.080062 -0.052070
0.031052 -0.006965 -0.005370 -0.121264
-0.016322 0.071895 0.005568 -0.005564
-0.105680 -0.153386 -0.067461 0.112628
0.183843 0.105610 0.005859 -0.048548
-0.027231 0.042185 -0.018743 0.014957
-0.138402 -0.007728 0.100308 -0.071322
-0.090398 0.093481 0.063169 -0.185177
-0.003705 -0.000521 0.049909 0.057858
0.005909 -0.046726 0.050241 -0.038690
0.007354 -0.102732 -0.027021 0.033569
0.112979 -0.017305 0.132398 -0.076456
0.031407 -0.139474 -0.058984 0.000990
-0.148325 0.021374 -0.037120 0.002561
0.040483 0.053430 -0.054286 0.087850
0.064899 -0.124478 0.054798 0.023423
-0.028316 -0.030254 -0.100519 0.058073
-0.093402 -0.084579 0.057050 0.056309
-0.003347 -0.129900 -0.005857 0.042351
0.074938 -0.029767 0.080614 0.044238
-0.029249 0.104200 0.017189 -0.108086
-0.048164 -0.109622 -0.058815 0.049776
0.018453 -0.055653 0.001635 -0.071925
-0.056295 -0.001481 0.028389 0.063458
0.008165 0.119400 0.031075 -0.132753
-0.010817 -0.046079 0.047359 0.034444
-0.227752 -0.092731 -0.098611 -0.068574
-0.056729 0.000822 -0.130797 0.114265
0.143969 0.026297 0.131934 -0.093911
-0.009186 0.049971 0.070213 -0.046839
-0.023893 0.102254 0.081974 -0.005643
0.081746 -0.123632 0.082552 0.016849
0.029554 -0.023174 0.002513 0.079076
0.102986 -0.039227 -0.070609 0.113622
0.047503 0.075907 0.169063 0.095481
0.105762 -0.019713 0.053546 0.024324
-0.087789 0.127274 0.051092 0.065962
-0.024886 -0.064172 0.017957 -0.066182
0.032615 -0.018943 -0.028158 -0.067050
-0.021555 0.083161 0.025244 -0.139506
-0.055041 -0.038981 0.069197 -0.131500
0.003919 -0.070632 0.097561 0.013311
-0.060274 0.008342 0.050668 0.047264
0.037940 0.228456 -0.087053 -0.074857
0.114609 0.080682 0.045707 -0.097707
-0.134736 -0.000252 0.019691 -0.034236
0.009993 0.012328 -0.019585 0.012523
0.036659 -0.059361 -0.005431 -0.031046
0.030627 0.073805 0.079683 0.027208
-0.039289 -0.008350 -0.093676 0.042893
0.005953 0.156627 -0.005907 0.166275
-0.056298 0.002611 -0.021433 -0.047115
0.078999 -0.122250 0.028784 -0.132171
0.233725 -0.005600 0.097762 0.026966
0.003368 -0.070407 0.055137 -0.070792
-0.026279 -0.037813 -0.018130 -0.054755
-0.000366 0.062292 0.022262 -0.058552
-0.073893 0.018204 -0.051436 0.013646
0.015868 0.106869 0.009759 -0.082243
0.129045 0.080956 -0.036421 -0.085107
-0.002504 -0.020688 -0.112911 0.134920
0.069013 -0.025284 -0.127851 0.139160
-0.023796 -0.028192 0.101504 0.058690
-0.027771 0.101564 -0.002580 0.102941
-0.010091 -0.182146 0.012297 0.015201
-0.059188 0.201997 -0.044978 0.005824
0.057603 -0.098902 0.016856 -0.054195
-0.016015 0.010575 0.040656 -0.050259
0.020711 0.102166 0.077522 -0.037144
-0.081752 0.097553 -0.119229 0.242094
0.035572 0.112220 -0.009427 -0.054665
0.110750 -0.016949 0.053275 -0.144141
-0.059073 -0.046513 -0.096199 0.021693
0.064906 -0.041029 0.057595 0.022634
-0.165894 0.102236 -0.016207 0.077729
0.073466 0.092453 0.047180 -0.028423
-0.023593 -0.003168 0.117773 0.017460
0.048059 0.039274 -0.038372 0.050691
-0.104619 -0.098483 -0.110611 0.100315
0.109344 0.037717 0.072761 0.036657
0.076586 -0.088409 -0.056711 0.072932
-0.032357 0.074021 0.086222 0.129750
0.013427 -0.133966 -0.054373 0.169841
0.048387 -0.067486 0.017384 -0.001414
-0.053957 0.074703 -0.084645 0.001755
0.020818 0.022175 0.030500 0.075165
-0.023751 -0.019750 -0.111584 0.080596
-0.033229 0.022718 0.040900 -0.080038
0.040191 -0.046070 -0.013504 -0.066859
0.026435 -0.159944 -0.013537 -0.001490
-0.069095 -0.027969 -0.080341 -0.015680
-0.082432 0.019952 -0.030002 -0.056216
-0.109974 0.032983 -0.010533 -0.054340
0.080654 -0.010046 -0.034473 -0.017721
0.041074 0.000331 -0.011307 0.069337
-0.075914 0.000736 -0.032219 -0.012127
-0.164416 0.041470 -0.030886 -0.037456
0.031399 0.084123 0.020443 0.075330
0.015919 0.028492 -0.038724 0.092618
-0.055736 -0.063026 0.027935 0.142771
0.118925 0.026820 0.138221 0.090830
0.056871 0.002916 0.081212 -0.009414
0.161850 -0.004849 -0.022050 0.059689
-0.022950 0.010055 0.102220 0.024038
0.099055 0.026623 0.049259 0.051692
0.041616 -0.044821 -0.012291 0.020742
-0.104580 0.042210 -0.033704 -0.078878
-0.096640 -0.016576 0.025635 -0.055965
-0.006891 -0.029438 -0.030824 -0.021790
0.038706 -0.046455 -0.056036 -0.010786
-0.015628 -0.102224 -0.104845 0.000791
0.100735 -0.090374 -0.020379 -0.073987
-0.043186 -0.060003 -0.095422 -0.098696
0.083630 0.000016 -0.066946 -0.083481
0.196743 -0.128673 -0.007593 -0.033325
0.039947 -0.004219 -0.070038 -0.078917
0.036125 0.056608 -0.087975 0.017138
0.028298 -0.006492 0.054230 -0.056501
-0.095491 0.005638 -0.060426 0.024251
0.149405 0.162955 -0.093203 -0.047838
-0.001970 0.038905 0.012843 -0.029039
0.060470 0.004171 -0.035172 -0.093490
-0.006997 -0.040050 -0.133351 -0.010947
-0.112774 0.006499 -0.048069 0.134208
-0.150721 -0.077409 -0.039501 -0.108836
0.000981 -0.060580 -0.094691 0.000355
-0.037569 -0.021102 0.002230 -0.065621
0.054293 -0.102242 0.002861 -0.069514
-0.040495 0.026483 -0.064266 0.069589
0.074978 0.009373 0.021994 -0.106053
0.060775 0.073984 0.007034 0.089903
-0.004150 0.030490 -0.005064 0.034465
0.143192 0.136023 0.080204 -0.057763
-0.046658 -0.039660 -0.061703 -0.076177
-0.125342 -0.126245 -0.067402 -0.068112
-0.072574 -0.060660 -0.022470 -0.008143
0.003557 -0.001647 0.011981 -0.007945
