# 参数名称：invres2.conv.0.weight
# 参数形状：(384, 64, 1, 1)
# 参数数据类型：float32
# 参数值（保留6位小数）：
0.055804
0.094039
-0.032357
-0.018262
-0.008417
-0.000095
0.056251
0.050786
0.114444
0.036961
-0.046269
0.023228
-0.030236
-0.009172
-0.151337
0.055352
-0.045677
-0.054217
-0.036490
0.074905
0.055979
-0.074820
0.055143
-0.079102
-0.030133
0.023010
0.032090
-0.059335
-0.080691
-0.009304
0.068998
0.035041
0.045838
-0.166844
-0.013127
-0.135622
-0.120312
0.078608
-0.067384
-0.017964
-0.174202
0.168865
0.038241
-0.066314
-0.204236
0.107421
-0.019946
-0.020537
-0.046849
-0.035303
-0.075387
0.018347
-0.003424
-0.019554
0.088714
0.098847
0.070731
-0.137940
0.004104
0.001300
-0.000331
0.139413
0.091776
-0.074910
-0.016239
0.015114
0.030214
-0.024591
0.003007
-0.061639
0.086704
-0.070025
0.187343
-0.132975
0.057371
0.029609
0.033075
-0.029399
0.057342
0.076105
-0.059464
-0.037762
-0.039938
-0.013400
0.042789
0.049762
-0.015995
0.008241
0.034808
-0.070826
-0.060943
0.067038
0.085158
0.003190
0.048185
0.001534
0.032636
0.044521
-0.011150
-0.036287
0.021450
-0.104752
-0.007383
-0.024348
-0.073556
0.042936
-0.000735
0.074860
-0.162205
-0.014075
0.044000
0.045353
0.135600
0.081641
0.010988
0.080793
-0.062555
0.023284
-0.028593
0.033949
0.035811
0.011761
-0.029258
0.037563
-0.070025
0.089733
-0.041176
-0.046576
0.023477
0.055883
-0.028563
0.052014
0.052393
0.009682
-0.040720
-0.031150
-0.014705
-0.004625
0.115106
-0.112153
-0.053349
-0.016612
0.001343
-0.086695
0.039720
-0.082673
0.011741
0.088626
-0.034863
-0.078922
-0.032932
0.084076
-0.000629
0.029028
0.013265
-0.145082
-0.076571
-0.036696
-0.077197
0.102341
0.028924
-0.004366
-0.011505
-0.102382
-0.113818
0.057397
-0.079819
-0.047073
-0.024960
0.038178
0.047811
0.002243
-0.068676
0.038834
-0.073014
-0.097303
0.021493
0.118350
0.062153
0.016011
-0.021152
0.010682
0.089110
-0.049934
0.145777
-0.052714
0.057736
0.063094
-0.048877
0.013373
-0.089598
0.009442
0.073113
-0.024217
-0.088971
-0.046985
0.072876
-0.032301
0.127863
0.028657
-0.007229
-0.060718
-0.099464
0.020398
-0.139696
0.119335
0.008219
0.038922
-0.093516
-0.062128
-0.038797
-0.001463
0.047207
-0.033311
-0.047384
-0.116912
-0.030288
0.023234
-0.079394
0.035107
-0.035571
0.053969
-0.015046
-0.097965
-0.030186
-0.000769
-0.066464
0.051612
0.046352
0.060883
0.058353
-0.176455
-0.066553
-0.021320
-0.009295
0.044714
-0.069724
0.054354
-0.029850
0.102971
0.001271
0.106800
-0.090927
0.085176
-0.035899
-0.028496
0.090723
0.012826
0.119699
0.162769
-0.049425
0.132182
0.050649
-0.069947
-0.083400
0.130103
-0.162254
-0.120532
-0.003788
-0.062686
-0.102320
0.053388
0.037646
0.054556
0.150588
-0.047794
-0.002011
-0.196016
0.128548
-0.070443
0.152030
-0.071482
-0.052286
-0.065321
-0.000026
-0.015493
0.001018
0.031635
0.011415
0.062294
-0.063277
-0.010327
-0.024234
-0.095949
0.026041
0.037413
0.052550
-0.033969
-0.033211
0.110893
0.152668
-0.060112
0.047145
-0.045118
0.007735
-0.090881
-0.079125
-0.064339
-0.126804
0.056148
-0.027144
0.011595
-0.031642
-0.075234
0.133572
0.010858
-0.160917
0.118316
-0.133886
-0.049009
-0.042791
-0.034191
-0.015381
-0.131148
-0.169364
0.019451
-0.061343
-0.030141
0.008421
-0.034484
0.064651
0.056434
0.030101
0.035060
0.016965
-0.007309
-0.021128
-0.009236
-0.087100
-0.070270
0.006970
0.066021
-0.031151
0.071172
-0.015475
0.018812
-0.040102
-0.033874
-0.004392
0.000294
-0.083601
-0.032364
0.047841
-0.085962
-0.041736
-0.011572
0.049584
0.040235
-0.014849
-0.004880
-0.074393
0.027055
-0.043843
-0.018823
-0.188452
-0.112533
0.010578
0.125446
0.005476
0.015741
0.014046
-0.005251
0.017338
0.094309
0.016241
0.035088
-0.103621
-0.042050
0.006358
0.023604
0.090386
-0.024980
0.073909
0.019725
-0.246761
-0.030207
0.035583
0.061800
-0.007813
0.047804
-0.031461
0.052262
-0.041634
-0.038893
0.063615
-0.110646
0.030877
0.037726
0.038311
-0.103382
-0.005713
-0.063048
-0.028018
0.040280
0.107534
-0.088131
0.000813
-0.084299
-0.029581
0.074274
0.045805
0.051245
0.022707
0.059352
0.069318
0.020273
0.119624
0.135750
-0.065112
0.088650
-0.007237
0.006582
0.005990
0.049688
0.015144
-0.042352
0.137007
-0.001419
0.185044
-0.147231
0.010166
-0.018798
0.028672
0.055108
-0.076245
0.040240
0.063385
-0.044725
0.130537
0.068790
-0.053839
-0.088487
-0.148735
0.050995
0.025352
0.166249
-0.102389
-0.031339
0.035560
0.054104
-0.011579
-0.031627
-0.004114
0.064738
-0.099837
0.081346
0.003829
0.101980
-0.026933
0.062500
0.031464
0.013541
0.075746
-0.156010
-0.005177
-0.009854
-0.032154
-0.018846
-0.033496
0.002949
-0.030496
0.027871
0.021760
-0.112898
-0.046415
-0.117000
0.038282
-0.053249
-0.123737
0.013634
0.020697
0.009481
-0.015233
-0.004157
0.011010
-0.036213
0.062237
0.061861
-0.000532
-0.048377
0.000717
-0.105059
-0.010916
0.066588
-0.116731
0.105696
0.013630
-0.076734
-0.050361
-0.026563
-0.113803
0.017599
-0.042623
0.082237
-0.007977
0.027465
0.002751
-0.014685
-0.019546
0.105876
-0.059776
-0.015452
0.041642
-0.052637
0.103700
0.149259
0.034422
0.079027
0.001550
-0.116007
-0.070574
0.035855
0.108022
0.034815
-0.017561
0.019848
0.049563
-0.038669
-0.054442
-0.130389
0.043809
-0.010620
0.103514
-0.065029
-0.000840
-0.040453
-0.044696
-0.046976
0.024544
0.005991
0.005879
0.095370
-0.011464
-0.078796
0.053644
-0.062086
0.033880
-0.021740
-0.015060
-0.142454
0.082599
0.028677
-0.037178
-0.027356
0.053947
-0.121188
-0.169036
0.102432
0.044548
-0.030881
0.051785
-0.090659
-0.136038
-0.102075
-0.044354
-0.138847
-0.048205
0.024963
0.026929
-0.042188
0.085989
0.029921
0.024562
-0.036075
0.050221
0.140553
-0.130344
-0.003902
-0.041271
0.196787
-0.027902
0.007156
0.017786
0.039016
0.240543
0.060707
-0.014573
0.008570
-0.002574
0.159774
0.012460
-0.005481
-0.149919
-0.003178
0.035148
-0.059131
-0.090290
-0.076921
0.103121
-0.075347
0.022399
-0.115186
0.013145
-0.002359
-0.062221
0.086320
-0.029824
-0.068434
0.037825
0.052097
0.021899
0.029765
-0.006764
-0.048515
-0.049303
-0.144350
-0.043613
0.011798
-0.079710
-0.014958
0.005593
0.018540
-0.097165
-0.026120
0.063277
-0.050808
0.039497
0.059563
0.069205
0.035391
-0.070926
0.035124
0.020433
-0.042981
0.071271
0.054577
0.056591
0.068996
-0.046037
0.083331
0.111417
0.002161
0.049463
-0.018001
0.018780
-0.058611
0.111814
-0.000971
-0.067190
-0.005316
-0.071536
0.012945
0.042093
-0.108213
0.069351
0.025014
0.071135
-0.065841
0.016653
0.178850
-0.035555
0.000980
0.072155
-0.065268
-0.088132
0.035580
0.065305
0.036082
0.009661
-0.099323
-0.013184
-0.111872
-0.010856
-0.061973
-0.014221
-0.129449
-0.136254
0.032561
0.000998
-0.025417
0.027489
-0.043186
-0.046353
0.073449
0.166202
0.047025
-0.054044
0.203265
-0.005862
0.019559
0.056030
0.035038
0.107693
0.152406
0.001127
-0.009128
0.109092
0.072046
0.054895
-0.005569
0.089122
-0.065151
-0.015528
-0.067993
-0.016721
0.095012
-0.077220
0.072351
0.070348
-0.029095
0.052338
0.008159
-0.050994
0.001340
-0.021534
-0.024202
-0.098767
0.015333
0.031483
-0.155785
0.110577
-0.009282
-0.014839
0.026182
-0.119215
0.007928
0.068064
-0.009106
-0.019967
-0.059286
-0.041232
-0.087566
-0.097051
-0.071496
-0.059215
0.018973
0.023169
0.036281
0.018605
0.138328
-0.084499
0.119458
0.055948
-0.015540
0.028677
-0.022950
0.007255
-0.086373
0.078035
-0.069016
-0.032543
-0.037986
-0.075499
-0.034983
-0.092739
-0.176682
-0.047987
-0.049067
-0.054631
-0.067901
-0.028746
-0.039231
-0.003100
0.037337
0.049809
-0.008215
-0.146997
-0.155402
0.122527
0.035870
0.188486
0.076470
0.009404
0.037989
-0.065435
0.029251
-0.083330
-0.001140
-0.073355
0.041082
0.053102
0.023920
0.013041
-0.017581
-0.102778
-0.126454
-0.026440
0.017171
-0.028334
-0.093019
0.009367
0.045112
0.069559
-0.148478
0.049452
0.058061
0.057777
0.030409
-0.014075
-0.049198
0.043915
0.066098
-0.085197
0.025557
-0.003036
0.136148
0.007959
0.023267
-0.014618
0.035925
-0.045925
0.076811
0.041114
-0.113258
0.056000
-0.200388
-0.003931
-0.137181
0.062150
0.103635
0.009057
-0.044291
0.162763
0.001278
0.111894
-0.032302
-0.007462
-0.058650
0.103183
0.128680
-0.047287
0.053825
0.165756
-0.124803
0.001064
0.174986
0.028077
0.006099
-0.000813
-0.011892
0.061516
0.021745
0.066846
0.045044
-0.042440
-0.069176
0.041758
0.000426
-0.048075
0.137781
-0.051540
0.011553
0.142398
0.031671
-0.013682
0.054440
-0.026119
-0.036976
-0.048022
0.133095
-0.001192
0.040603
-0.047269
-0.006937
0.005881
0.040955
-0.052510
-0.043418
-0.124174
0.027720
0.002711
0.078082
-0.009980
-0.045174
0.028030
-0.037321
-0.022898
0.087707
-0.040408
-0.169459
-0.094149
0.077407
0.075300
0.009306
0.059590
0.089617
0.169533
0.073389
0.095319
-0.046696
-0.014595
0.087024
-0.087666
-0.074835
-0.098569
0.056976
-0.187397
-0.051700
0.011269
-0.123548
0.077435
-0.010901
-0.011471
0.035729
-0.043094
-0.085060
0.021018
0.007082
0.051503
-0.075779
-0.031607
0.064416
-0.079300
0.061593
0.066505
-0.074151
0.117846
0.033447
0.073933
0.034924
-0.086971
-0.078354
0.027702
-0.014153
0.079085
0.103070
-0.063671
0.109831
0.090230
0.023948
-0.002663
0.042736
0.079649
0.057911
0.095629
0.076212
0.026962
-0.040520
0.109208
0.253922
-0.203693
-0.104717
0.032242
-0.069000
0.034466
0.078637
-0.014867
0.123583
0.039594
-0.071685
-0.044103
0.114676
0.121975
-0.104628
-0.148993
-0.007513
-0.052853
0.059924
-0.038767
-0.085350
-0.081618
0.096728
0.072551
-0.001604
0.117681
0.085554
0.025513
-0.143775
-0.023915
0.011053
-0.066823
0.047287
0.036822
-0.017811
0.015942
0.061847
-0.005822
0.031221
-0.026835
0.019042
-0.042914
0.006761
-0.019919
-0.002777
-0.009483
0.019822
0.046787
-0.004964
-0.035933
0.124342
0.064568
0.127290
0.101296
-0.001947
0.013170
0.017470
-0.027462
-0.021720
-0.032567
0.048290
0.054526
-0.058554
0.031913
-0.043902
0.023256
-0.063243
-0.054387
0.128490
0.000720
-0.088943
-0.071013
-0.024894
-0.088975
0.005823
-0.025133
-0.091241
0.003075
0.093668
0.103759
0.113856
0.020459
-0.049213
-0.080184
0.020199
0.134975
-0.103208
0.116509
-0.010377
0.055037
-0.073861
0.009988
-0.053411
0.019407
-0.016685
-0.134434
-0.023974
0.023071
0.035950
-0.007684
0.018135
-0.054097
-0.004050
-0.028774
0.006213
0.099120
-0.012178
-0.058285
0.145902
0.001854
-0.122892
-0.056575
0.035262
0.077286
0.072529
0.081352
-0.048923
-0.096528
0.016496
0.062588
-0.092169
-0.076402
-0.027492
0.077098
-0.028323
-0.047814
0.024540
0.111886
-0.008360
0.019313
-0.028702
0.027695
-0.021190
0.036887
0.142461
-0.031677
0.006134
-0.018331
-0.036788
0.099300
-0.056575
0.000525
-0.039131
-0.054932
0.015281
0.040903
-0.042080
-0.110559
-0.011738
0.037101
0.007148
-0.013559
-0.001286
0.046420
0.058054
0.043252
0.048300
0.041877
-0.164771
0.146814
0.035573
0.052475
0.038703
-0.030440
-0.035447
0.044733
-0.030933
-0.048758
0.074915
-0.014803
0.025857
-0.087620
-0.020644
-0.091968
0.021222
0.000957
-0.052095
-0.017366
-0.094464
-0.027501
-0.088233
-0.054608
-0.049001
-0.091656
-0.037500
0.053420
0.034749
0.014684
-0.046382
-0.007596
0.062251
-0.084304
0.072329
0.069623
0.039881
0.232313
-0.024413
0.042076
0.245098
-0.017155
0.070197
0.047857
0.032496
-0.021987
0.101850
-0.073210
-0.082950
0.051696
0.150331
-0.071511
-0.009195
-0.039098
0.070472
0.168319
0.154788
-0.010326
0.038220
-0.000808
0.143879
-0.011290
0.137362
-0.055331
0.012407
-0.066606
-0.061867
-0.055445
-0.064967
-0.000546
0.035973
0.050076
-0.014870
-0.000185
-0.003366
-0.000501
0.081404
0.061974
0.001988
-0.095598
0.010056
0.025839
0.037858
-0.014254
-0.048840
-0.075456
-0.084658
-0.108378
0.125650
0.002752
-0.047531
0.011022
-0.027040
-0.116369
0.180628
0.132563
-0.046632
-0.101723
0.101915
-0.131374
0.037343
0.043710
0.121543
0.025955
-0.033017
-0.011740
-0.026852
-0.056415
0.015833
-0.030449
-0.016437
-0.175923
0.017237
-0.058674
-0.051275
0.052921
0.034320
0.036488
-0.005151
-0.064702
-0.009255
0.107098
-0.017467
-0.000863
0.062836
0.040441
0.098664
-0.067695
-0.010110
-0.017429
-0.100581
0.020712
0.045495
-0.177168
0.056649
-0.064479
0.043102
-0.016332
0.083450
-0.039221
0.031277
0.018307
-0.064436
-0.121475
0.039188
0.018541
0.046213
0.060339
-0.008549
-0.093167
-0.024433
-0.021131
0.008537
0.021485
-0.078307
-0.067206
0.023140
-0.121861
0.025332
0.061741
0.046594
0.055969
0.057697
0.031512
-0.050887
-0.066442
0.054391
0.002165
0.083272
-0.022360
0.008063
-0.115399
0.043586
-0.094902
0.045721
0.024746
-0.113695
-0.022848
0.046070
-0.071138
-0.004618
0.026669
-0.084252
0.049742
-0.035455
0.136951
0.127748
-0.042195
-0.213200
0.085304
-0.030791
-0.053873
-0.089832
0.041883
-0.043330
-0.030801
0.033877
0.054049
-0.071847
0.018556
0.080721
0.029277
-0.054477
-0.044910
-0.071493
0.082132
0.069479
-0.097208
0.036701
-0.015112
0.048743
0.050655
-0.109972
0.075908
-0.017681
-0.020233
-0.024313
-0.181334
0.017150
0.110112
0.026898
0.058460
0.026124
0.024562
0.007616
0.029471
0.011214
-0.014214
-0.049915
-0.070809
0.121692
-0.057787
0.015248
-0.067245
-0.085304
-0.024934
0.027629
-0.009732
-0.147560
0.058730
-0.153633
0.032572
-0.069510
-0.061939
0.050481
0.067828
-0.160084
-0.140665
-0.081492
-0.074892
0.020998
0.048178
0.046432
-0.063638
0.144724
-0.065965
-0.126497
0.057447
0.144880
0.111957
0.003695
0.048432
-0.028700
-0.041187
0.001904
0.096973
0.002538
-0.046886
-0.011240
0.054100
-0.100284
0.060785
-0.086873
0.057096
0.068850
0.072039
0.057601
-0.021358
-0.037648
0.064539
0.003060
-0.046000
0.092946
0.099445
0.023915
-0.003878
-0.053026
-0.171005
0.013715
0.011694
-0.019172
-0.089067
-0.053012
0.082237
-0.090006
0.006151
-0.134746
0.064186
-0.067807
-0.033256
-0.012686
0.032096
0.127681
0.058927
0.022872
-0.039696
0.017911
-0.003638
0.085359
-0.016492
-0.013760
-0.047267
-0.129959
-0.072898
-0.000626
0.032363
-0.035644
-0.116652
0.194572
-0.001289
0.141513
0.049114
0.067857
0.152610
-0.073985
-0.071816
-0.094412
-0.003566
-0.029914
0.089230
0.005268
0.043411
-0.071771
0.028399
0.057086
0.008924
0.150045
0.039408
0.085283
-0.109640
0.067441
0.013616
0.025781
-0.004349
0.055584
-0.036024
-0.040053
0.158157
-0.111940
0.047912
-0.083707
0.052479
0.057928
-0.032520
0.055021
0.127980
0.006462
-0.066259
0.009672
0.035285
0.095344
-0.069292
0.056677
0.051653
-0.061970
-0.179126
-0.066851
0.011665
-0.033355
-0.069792
0.018974
0.008055
-0.016379
-0.029813
0.020648
-0.075553
0.160255
-0.006094
0.209519
0.056845
0.142532
-0.027536
0.193646
-0.054591
-0.088336
-0.088709
0.041408
0.019491
0.055478
0.074745
0.037757
0.115922
0.014986
-0.101279
0.054656
-0.046751
-0.043896
0.023696
-0.001969
-0.078261
0.085167
-0.089314
0.007250
0.002727
0.025651
-0.005543
0.135028
-0.064208
0.090383
-0.026562
-0.051528
-0.094725
-0.045419
-0.005879
-0.007345
0.111156
-0.054418
-0.069620
0.083530
0.015040
-0.123892
0.058876
-0.029940
0.041565
0.069925
-0.018626
-0.113090
-0.096673
-0.019044
0.041498
0.056537
0.138118
0.056685
0.051420
0.086586
0.194730
-0.025854
-0.055581
-0.192902
-0.149208
-0.049179
0.127055
0.108479
0.076618
-0.026218
-0.061769
-0.036888
-0.052641
-0.078856
-0.017669
0.062898
0.041444
0.005910
-0.044606
-0.011296
0.027799
0.049610
0.007615
0.063460
-0.090388
0.024210
0.097815
0.024996
-0.050119
-0.044731
-0.019996
0.014953
-0.066286
-0.061627
0.115817
-0.105764
0.093489
-0.070788
-0.012532
0.145234
0.043607
-0.010432
-0.018809
0.021228
-0.004859
0.042511
-0.038281
0.096785
-0.109068
0.014694
0.095154
0.030186
0.178418
0.139500
0.015992
0.005055
0.080788
0.036843
0.045284
0.020867
0.066516
0.061220
-0.050739
0.138265
-0.052827
0.096289
0.111704
-0.011836
-0.075406
0.018840
-0.007899
0.172285
0.099756
-0.085885
-0.083350
0.027764
0.148838
0.164256
-0.063985
0.109579
-0.105348
-0.014315
0.022775
-0.149916
0.047974
-0.059966
-0.069408
-0.082927
-0.008743
-0.028121
-0.166744
-0.017502
-0.048038
-0.041111
0.076103
-0.024471
0.040545
-0.028399
-0.042059
0.042377
-0.027634
0.037991
0.068078
-0.081431
0.039775
-0.017635
0.090702
0.016971
-0.058778
0.011076
0.028671
-0.061588
0.064681
0.096526
-0.101521
0.070953
0.045902
0.012205
-0.097601
-0.044295
0.133231
0.031713
0.081741
0.014572
-0.003458
0.045808
0.122548
-0.099947
0.123750
0.005900
0.069765
0.066187
0.075252
-0.045889
-0.003616
0.025766
-0.009964
-0.079468
0.094260
0.146395
0.183133
-0.034809
-0.021260
0.044302
0.048576
0.043485
-0.036191
-0.074410
0.029304
0.004092
0.047836
0.172213
-0.027543
-0.098894
-0.035534
0.024803
0.029108
-0.075580
0.046529
0.078206
-0.023340
-0.024876
-0.033562
0.047866
-0.033422
0.036158
0.060388
-0.027065
-0.108707
-0.028105
-0.023584
0.097666
-0.070801
-0.029865
-0.036248
0.065304
0.014735
-0.134177
-0.019584
-0.043059
0.002593
0.079372
0.152728
-0.068488
0.056899
0.093941
0.048994
-0.080549
-0.050476
0.140748
-0.077909
-0.140374
0.020429
0.067016
-0.003110
-0.004464
0.150904
0.001379
-0.046684
-0.147599
0.085554
-0.113462
0.058901
0.088903
0.012518
-0.037310
0.089560
-0.022188
-0.029454
-0.008911
-0.067054
-0.008358
-0.066117
0.140865
0.066458
-0.027294
0.113803
-0.067231
0.152896
0.077003
0.012411
-0.009684
0.042942
-0.041581
0.046134
0.098745
-0.093547
0.079239
-0.013567
0.119034
-0.059926
-0.037373
-0.072285
-0.038722
-0.092242
0.059440
-0.056103
-0.001968
-0.005382
-0.156062
0.056221
-0.001819
0.010215
0.003716
0.008418
0.045235
0.040659
0.067952
0.026957
-0.003893
0.008308
-0.043653
-0.044850
0.031931
-0.046721
0.117577
-0.022801
-0.058133
0.000359
0.041244
-0.000576
-0.076716
0.001174
0.041531
0.092126
-0.058678
-0.076742
0.121246
0.026910
0.025537
0.054080
-0.045739
-0.081586
-0.103015
0.035832
0.029249
0.036486
0.009103
-0.030275
-0.044997
0.116333
0.073551
0.027787
-0.005517
-0.023932
0.041795
0.104876
-0.045867
-0.083310
-0.031169
-0.102839
0.054593
-0.042486
0.052154
-0.067741
0.057400
-0.089519
0.021249
0.007867
0.051905
0.075048
-0.015231
0.017501
-0.165149
-0.062025
0.024494
0.055766
-0.010498
-0.195888
0.042984
-0.059603
-0.035102
-0.060056
0.035268
0.025842
0.093634
0.104524
0.042445
0.099180
-0.008381
-0.040398
0.017759
-0.011691
-0.007926
0.037506
0.078929
0.062332
-0.000576
0.050241
-0.120503
-0.022439
0.047650
-0.043590
0.057353
0.009414
0.056596
0.023215
-0.025828
0.057437
0.099765
-0.046266
-0.040276
0.064953
-0.164618
-0.085577
-0.076735
-0.029737
-0.158212
-0.075605
0.073616
-0.052502
0.110901
0.043415
-0.018100
-0.109262
-0.062217
-0.049822
-0.124194
-0.075012
0.062902
-0.054024
0.084832
0.089487
0.000714
-0.048907
0.004264
-0.071723
-0.031873
0.041318
-0.002811
0.065883
-0.042010
-0.094738
0.031015
-0.066621
0.142616
-0.036468
-0.006381
-0.004034
0.024048
0.148521
0.036675
-0.087663
0.000579
0.071464
-0.095801
-0.050250
0.037750
0.048569
-0.004624
0.026935
0.043175
0.085244
-0.076249
0.152040
0.120934
-0.054314
-0.126561
-0.128669
0.101500
0.127983
-0.025686
0.001974
-0.012233
-0.026618
0.060496
-0.045225
0.074530
-0.010144
0.006188
-0.087313
-0.013464
0.046013
-0.141180
0.049402
0.028461
0.074694
-0.024593
-0.030453
0.047265
-0.014909
0.013930
0.027382
-0.045241
-0.065553
-0.042249
-0.036646
-0.028858
-0.085004
0.032098
-0.032460
-0.051917
-0.050332
0.006262
0.054378
0.094745
-0.099050
0.115316
-0.023618
0.157867
-0.131690
0.079985
-0.154532
-0.120038
0.022110
-0.045520
-0.030962
0.041780
0.099792
0.071319
-0.073537
-0.261674
-0.044322
0.229831
0.014841
-0.081356
0.019083
0.102662
0.037101
-0.017173
-0.015612
-0.036932
-0.053373
0.011390
-0.116046
0.008298
0.017906
0.019090
-0.055764
-0.007942
0.050715
0.081845
0.046160
-0.028643
-0.017860
-0.031090
0.013849
0.067885
-0.099232
-0.010735
0.045626
-0.192644
-0.035737
0.079093
0.011212
0.018929
-0.101889
0.061862
0.040361
-0.025404
0.024511
0.070565
-0.140076
-0.023685
-0.014666
-0.038508
0.094381
0.003819
-0.105105
-0.064321
-0.071620
-0.069395
0.108566
-0.093074
0.024925
-0.045258
-0.000454
0.086422
0.035568
-0.094988
0.021003
0.079203
-0.065433
-0.020306
0.000397
-0.072677
0.159392
0.083724
0.020692
0.018710
-0.019905
-0.066482
0.053271
0.011293
0.114925
0.046097
0.025952
0.008904
-0.018015
0.041526
0.056587
0.088536
-0.128537
-0.023293
-0.066696
-0.078527
0.046615
-0.063145
0.022880
-0.005350
0.031171
-0.002596
0.057249
-0.049549
0.020243
-0.045328
-0.070213
0.005107
-0.014287
-0.011241
-0.095016
0.004239
0.014504
0.080512
-0.029626
-0.027051
0.035085
0.064833
-0.000570
0.049957
0.140918
-0.092011
-0.044154
-0.017464
-0.107964
-0.103324
-0.142020
-0.022591
0.005170
-0.073976
-0.069344
-0.031542
0.013109
0.042721
0.068881
-0.018729
-0.076017
0.060749
-0.084250
-0.020166
0.083028
-0.100546
-0.034453
0.087108
0.113523
-0.133761
-0.010926
0.119431
-0.101419
0.023012
-0.001930
0.049438
-0.010495
-0.001608
0.166883
-0.014546
0.047605
-0.082698
-0.000729
-0.032737
-0.050201
-0.044733
-0.110979
-0.191754
0.015421
-0.076925
-0.085032
0.034240
-0.041839
-0.037681
-0.112275
-0.022043
-0.004195
-0.088557
-0.126581
-0.006749
0.072935
-0.047142
0.032561
0.007714
-0.039516
-0.127204
0.007835
0.062313
-0.020567
-0.118541
-0.048145
0.066144
-0.192377
-0.033901
-0.032190
0.026939
0.096697
-0.073332
-0.170941
0.209862
-0.074941
0.054009
-0.014757
-0.073267
-0.046437
0.128053
-0.077105
-0.030150
0.046138
-0.090933
0.111256
0.021770
0.062764
0.057230
-0.043412
-0.007212
0.003143
-0.080502
-0.079650
-0.030112
-0.034319
-0.029695
0.000179
-0.128815
-0.052344
-0.051156
0.052791
0.027174
-0.066447
-0.030360
0.075345
-0.016706
-0.018348
-0.003408
0.043281
0.094505
0.041299
0.001931
-0.125112
0.009385
-0.070790
0.018948
-0.035500
0.044991
-0.001885
0.068324
-0.091036
0.034707
-0.114780
0.052685
-0.012584
-0.164669
0.082301
-0.006632
0.105053
0.005070
-0.014754
-0.085093
0.026287
0.062921
0.111599
0.061613
0.112149
0.099584
-0.010532
-0.036481
-0.095025
0.041419
-0.027304
-0.031132
-0.025522
-0.025152
0.089253
0.099760
0.115819
-0.049096
-0.041442
-0.054697
-0.174988
0.032207
0.049824
0.060689
0.061433
0.037516
0.072673
0.094170
-0.030412
-0.052376
0.056057
0.079430
0.034455
-0.042043
0.026256
-0.025182
-0.070010
0.018021
0.001231
-0.067701
0.021126
-0.013487
-0.075584
0.023309
-0.034379
-0.118658
-0.056512
-0.090022
-0.084993
0.048272
0.043009
-0.026312
0.019116
-0.025328
-0.023221
0.070402
0.050840
0.007000
0.074329
0.076411
-0.052569
-0.009360
-0.007864
-0.001124
0.107575
0.057393
-0.021367
0.099419
0.058848
0.116160
0.025098
-0.080881
-0.046651
-0.052190
0.009673
-0.027708
-0.003165
0.039924
0.026412
0.051043
0.060070
0.149726
0.164489
-0.131276
-0.044009
0.107893
0.039987
0.072523
-0.103807
-0.032934
-0.004602
0.063908
0.047132
0.057209
0.068422
-0.005256
0.125445
0.099896
-0.027341
0.005791
-0.042701
-0.019653
0.024936
-0.001008
0.022396
-0.032840
0.003350
-0.016413
0.010760
0.064920
-0.066735
-0.006099
0.029036
0.005791
0.097314
0.103492
0.034502
-0.090228
0.032025
0.028144
-0.014135
0.016531
0.076794
-0.185845
-0.000868
0.082753
-0.172288
0.046813
-0.005352
0.084829
0.067713
0.082803
-0.124029
0.137451
0.070307
-0.050490
0.084830
-0.014145
-0.080725
-0.006016
-0.032663
0.035948
0.043075
0.016122
-0.002497
-0.005554
-0.014797
0.020413
-0.025275
0.108672
-0.032242
0.102557
0.020161
0.085727
0.025659
-0.012997
-0.015576
-0.019429
0.044829
0.044894
-0.063468
-0.111378
-0.032866
0.024867
-0.015857
0.063275
-0.005283
0.027687
-0.060168
-0.013277
-0.131544
-0.033183
-0.037747
-0.022846
-0.135851
0.038393
0.039568
0.024437
0.071572
0.036621
0.023629
0.021413
-0.060622
-0.091154
0.148929
0.014054
-0.113493
-0.044522
0.095942
0.093717
-0.029155
0.023470
-0.117888
0.029374
-0.111475
-0.028286
-0.101730
0.132085
-0.088354
0.001015
0.143901
-0.000106
0.140641
0.017357
0.026397
-0.058747
0.037655
-0.015520
-0.066178
0.057312
0.001954
0.024719
-0.017866
-0.088970
0.045606
0.063337
-0.147744
-0.116308
-0.065665
-0.035209
0.031472
0.042475
-0.113933
-0.033345
0.008662
-0.026052
0.095592
-0.082446
0.014404
0.047374
-0.089670
-0.136559
-0.093781
-0.066723
-0.091367
-0.012699
-0.102660
-0.088341
-0.015612
0.123812
0.005770
-0.052895
0.008504
-0.002886
-0.045300
0.037627
-0.014044
0.040175
-0.035433
0.047697
0.057476
0.135098
0.011695
-0.084412
-0.004076
-0.076342
-0.059000
-0.036368
0.004030
-0.095480
-0.091019
-0.052810
0.128850
-0.072531
0.073029
0.123088
0.131923
0.056562
-0.075837
-0.275793
-0.090709
-0.024089
-0.062685
0.114982
0.081336
0.018493
0.161234
0.073822
-0.051658
-0.031776
0.031924
-0.003742
-0.066196
0.114044
-0.011164
0.005459
0.045824
0.044544
-0.032856
0.026506
0.068804
0.105623
0.046205
-0.113155
0.034164
0.045354
-0.011994
0.094407
-0.087270
0.046779
-0.011160
-0.032107
0.097337
0.034429
0.014777
-0.036519
0.016691
0.041719
0.045207
0.009758
0.016397
-0.097006
-0.029750
-0.088055
0.107120
0.092629
0.045246
0.150450
0.151587
0.006564
-0.098702
0.054682
-0.051162
-0.088928
0.103061
-0.014423
-0.007380
0.019478
-0.090109
0.034782
-0.051081
-0.110575
-0.027733
-0.054731
-0.060181
0.117444
-0.017074
-0.006073
0.070684
-0.083997
-0.034096
-0.117784
-0.044332
-0.024559
0.006407
0.002273
0.105767
-0.034688
-0.065949
0.044450
0.096741
-0.045086
0.009124
-0.008083
0.022434
0.020413
-0.120253
-0.036427
0.067788
-0.031449
-0.009906
-0.136282
-0.051865
0.075888
0.103193
0.030909
-0.167674
0.133148
-0.167619
0.013181
-0.083064
-0.024991
0.048670
-0.081809
-0.007056
0.102181
0.083991
-0.100852
-0.019819
-0.011678
-0.017742
0.045782
-0.064042
-0.007199
-0.024746
0.019399
-0.062096
-0.033021
-0.006401
-0.031456
-0.037738
-0.075572
-0.019903
-0.007262
-0.002495
0.013467
-0.054488
-0.010564
0.072765
-0.022116
0.132060
0.141997
0.076811
-0.047348
-0.100980
0.155338
0.054681
0.041705
0.054693
-0.049885
-0.004527
-0.151290
-0.012013
0.064404
-0.004211
-0.126226
-0.068643
-0.083136
0.024788
-0.007877
0.119425
0.047900
-0.041472
-0.012610
-0.026960
0.037291
-0.129216
-0.033513
0.063473
-0.019275
-0.018543
0.050629
-0.006839
-0.010770
-0.000508
0.058910
-0.043353
-0.013835
-0.064370
-0.003707
-0.065395
-0.163891
-0.001617
0.122044
-0.174992
0.224268
0.060677
0.028798
-0.038384
0.039206
0.070222
0.035821
0.022870
0.169367
0.064831
-0.022725
0.040658
0.011940
-0.103551
-0.085597
0.033361
-0.010131
0.001340
-0.002384
0.107184
0.038692
-0.223642
0.018651
-0.012529
0.047892
0.113987
0.119751
-0.012735
0.024807
0.050576
0.086235
-0.093611
0.117879
-0.058854
-0.028622
-0.042214
-0.008999
0.021315
0.025883
0.090584
0.073600
0.038523
0.090883
0.062665
0.122809
-0.078660
0.048765
0.071229
0.013675
0.031102
0.166147
0.042631
-0.041344
0.049554
0.060184
0.084697
-0.109126
0.038570
0.036540
-0.010297
0.049204
0.036516
0.006106
0.196109
0.006430
0.067687
0.081501
0.002835
0.022185
-0.014105
-0.067825
-0.106148
-0.082366
0.068687
0.009749
0.089880
-0.075967
-0.098958
0.032644
-0.176304
0.021988
-0.028736
-0.172020
-0.008527
-0.080931
0.034179
-0.006064
-0.032280
0.004507
-0.027756
-0.066526
-0.073319
-0.051295
0.044700
0.068446
0.119740
0.126778
0.033818
-0.006591
-0.023812
0.046409
0.017796
0.053883
-0.004930
-0.017446
-0.034330
-0.035065
-0.110454
0.018972
0.014161
-0.075769
-0.071896
0.161516
0.051333
-0.084236
0.035317
0.000863
-0.043325
-0.011645
0.051427
-0.067264
-0.007190
-0.003471
0.152834
0.021619
-0.009312
-0.024845
-0.111049
0.049750
-0.058893
-0.040304
0.013431
-0.072549
0.077955
-0.016320
-0.051141
0.012113
0.127877
-0.077003
0.054596
-0.074744
0.039861
-0.074760
-0.037485
0.105258
0.082537
-0.048162
-0.102409
-0.005736
0.024093
-0.098997
0.077871
-0.144604
-0.115631
0.033468
0.004466
-0.036880
0.135762
0.058527
0.035925
0.011539
-0.063256
0.006421
0.016226
0.015700
-0.049750
-0.083594
-0.132006
0.066842
-0.059288
-0.090126
0.062561
-0.077056
-0.156509
0.056180
-0.055661
-0.057349
-0.036168
-0.040225
-0.008569
0.037330
-0.064221
0.025362
0.092505
-0.099340
0.005742
0.087179
-0.074981
0.017473
-0.020196
0.024928
0.014719
-0.030533
0.077535
0.066328
0.074584
0.005289
-0.033180
-0.070450
0.107085
-0.015282
-0.058700
0.049036
0.033483
0.105880
-0.051439
0.040843
0.093773
-0.133572
0.127830
-0.062458
-0.020826
0.004940
0.025225
-0.077509
-0.080629
-0.096064
-0.113970
0.020741
0.170894
0.018866
-0.069151
-0.011699
-0.074490
-0.002196
0.014471
0.035959
-0.079504
0.042859
-0.007100
-0.051191
-0.017139
-0.042290
-0.008257
0.074431
0.036376
0.154351
0.094258
-0.031804
-0.012582
0.014521
-0.063091
-0.018766
-0.002238
-0.013773
0.075616
-0.093910
-0.084411
0.027395
0.016989
0.026140
-0.109120
0.016383
0.043208
-0.009149
0.115346
0.072029
-0.014704
0.042361
-0.022245
0.014644
-0.051418
-0.039017
-0.163490
-0.018248
-0.184517
0.154510
-0.113775
0.001615
0.051631
0.096337
-0.015144
-0.017464
-0.031947
-0.167594
-0.006806
0.047598
-0.036731
0.065683
-0.120375
0.004906
0.026169
-0.044527
0.062443
-0.033076
0.030724
-0.023936
0.008528
-0.056612
0.083742
-0.131400
-0.102827
-0.009123
0.017845
-0.049939
0.178446
-0.006113
0.101447
0.006819
0.040438
-0.076473
0.029574
-0.003992
0.053378
-0.011710
0.038389
-0.041708
0.135759
0.133859
-0.167172
-0.093196
-0.065594
0.094628
0.082214
-0.100764
0.109270
-0.059266
0.029876
0.010193
0.021179
-0.119407
0.031375
-0.006763
0.003444
-0.120618
-0.134639
-0.019726
-0.007408
-0.052924
0.174519
-0.038729
0.005892
-0.010414
-0.037049
-0.019521
-0.092016
-0.038660
0.015667
0.061345
-0.059553
0.117831
0.098631
-0.100137
-0.154986
0.024909
-0.024032
-0.072545
0.073382
0.016007
0.021267
-0.060019
0.011135
-0.002202
0.046542
0.063338
0.036747
-0.047326
0.003594
-0.151584
-0.118345
0.011729
-0.010393
0.017298
-0.125698
-0.041108
-0.074158
-0.151373
0.084097
0.137093
0.028957
-0.027489
0.148862
-0.022660
-0.013150
0.035002
0.076828
0.007524
0.002080
0.037086
-0.062348
-0.064416
-0.041595
0.011708
0.037238
0.019273
-0.115184
0.038834
-0.121542
0.142790
0.008051
0.047921
0.195210
0.090663
-0.011512
-0.069911
-0.068058
-0.150902
0.053343
-0.114908
0.054208
0.163206
0.030484
0.007422
-0.120254
0.055807
0.080086
0.084789
-0.043202
0.027582
-0.121393
0.026568
0.133745
0.008543
0.050788
0.115496
-0.035858
-0.035518
-0.031381
-0.081168
0.057568
0.048436
0.024005
-0.129722
-0.040946
-0.035554
0.011794
-0.140314
-0.006011
-0.140259
-0.027869
0.021540
-0.074374
0.066746
0.116228
-0.088362
-0.018624
0.099362
-0.053432
-0.026614
-0.091217
0.044137
-0.023850
0.034941
0.072278
-0.047355
0.055315
-0.077216
0.007872
-0.012517
-0.009654
-0.046145
0.053070
0.198316
0.021502
0.073668
-0.054139
-0.108612
0.077644
-0.074727
0.175682
-0.010744
-0.057137
0.030497
0.124020
-0.071209
-0.058536
0.030693
-0.021940
-0.006184
-0.081166
-0.009915
0.058160
0.076362
0.085433
0.028076
-0.086468
0.053721
0.049488
0.028058
-0.069565
0.029937
-0.127423
-0.000976
-0.051620
0.073190
0.020306
0.042942
0.048692
-0.096160
0.053404
-0.071514
-0.021221
-0.041694
0.060727
-0.033569
0.037167
-0.025297
-0.081177
0.147881
-0.026241
0.169128
0.065615
0.034116
0.104158
0.077951
-0.019016
-0.114606
0.032778
-0.009138
0.121983
-0.004843
-0.057588
-0.014637
0.042706
0.046380
-0.008627
-0.034130
-0.126922
0.030068
0.019944
0.006501
0.076433
0.086761
0.037486
-0.035065
-0.087970
-0.027478
-0.068719
0.062279
0.061449
0.083714
-0.151617
-0.027730
-0.013880
-0.017553
0.059127
-0.020396
-0.153312
0.050577
-0.004222
-0.078423
-0.095768
0.014083
0.012747
-0.028147
0.110433
-0.060018
0.073330
0.079293
0.052212
-0.025707
0.009513
-0.124515
0.013465
0.089460
0.053839
0.003839
-0.061514
-0.025212
0.013638
-0.023180
0.022263
0.014388
-0.006562
0.067204
-0.035272
0.075681
0.028848
-0.009056
-0.011841
-0.127229
-0.003064
0.047193
0.060552
0.021059
-0.085342
0.085272
0.099833
0.101833
0.062435
0.052643
-0.048354
-0.079272
0.005221
0.049732
0.054910
0.044729
-0.051886
0.077225
-0.016155
0.155839
0.156012
-0.009306
0.037678
0.033347
-0.024514
-0.060761
0.031264
0.063191
0.053336
-0.050033
0.053924
0.061106
-0.080930
0.071856
-0.006921
-0.046955
0.099018
-0.029418
0.101687
0.025634
-0.010864
-0.011396
-0.010217
-0.009529
-0.019588
0.049210
-0.030073
-0.035651
0.039544
-0.067828
-0.008637
-0.012649
0.024791
-0.123167
-0.088244
0.064086
-0.045647
0.070895
0.004675
0.050953
-0.105363
0.056224
0.050507
-0.123848
-0.014221
-0.050820
-0.009639
0.090830
-0.000794
-0.014795
0.038103
0.102107
0.105884
-0.050839
0.095500
-0.090394
0.022404
0.134906
0.099593
-0.006723
-0.011649
0.014598
-0.080357
0.065982
0.065305
-0.063501
0.075954
0.075957
-0.054323
-0.030903
0.056798
0.063480
-0.016288
-0.083876
0.104656
-0.032693
0.014333
-0.106033
0.006427
0.026876
0.034807
0.178708
0.001728
0.081827
0.052342
-0.107163
-0.007346
-0.005674
-0.057271
0.146404
-0.015095
0.027068
0.036486
-0.032012
-0.079321
-0.005614
-0.082981
0.059504
0.022376
0.045231
0.017340
-0.072594
-0.076493
-0.039261
-0.082751
0.008293
0.087119
0.008158
-0.043307
0.035043
-0.050455
-0.059952
-0.027577
0.028390
0.090367
-0.014526
0.088976
-0.066828
-0.018176
0.056863
0.060926
-0.122727
0.051324
0.078486
0.015784
-0.125878
-0.024528
0.020139
0.078599
0.077786
-0.009707
0.012470
0.060664
-0.072724
-0.155088
0.093173
-0.031300
0.071289
0.094363
-0.088102
-0.058040
-0.079179
-0.072600
-0.093451
-0.055358
0.013626
0.048135
0.147920
0.132677
0.038363
0.092657
-0.067002
0.039385
0.073451
-0.154129
0.009473
0.046756
-0.037114
0.014491
-0.019241
0.025991
0.030010
0.042352
0.023753
0.047640
-0.052016
-0.000479
-0.002019
0.012138
0.073159
0.059384
-0.099276
-0.136661
0.080158
0.017931
-0.048385
-0.012780
0.005756
0.045302
-0.090498
-0.069321
0.142170
0.005698
0.158988
0.032176
-0.038614
0.099479
-0.101459
0.006695
0.022463
0.029047
-0.039374
0.160224
-0.051881
-0.061304
0.073503
0.081834
0.034783
-0.122655
0.094528
-0.020590
-0.025235
-0.055414
-0.002870
-0.031019
-0.093843
0.021358
-0.033677
-0.053779
0.021309
0.035407
-0.065452
0.078941
-0.135627
-0.063623
-0.120807
-0.015067
-0.026520
-0.009562
-0.065239
0.138161
-0.040243
-0.001607
0.023306
0.098466
0.073522
-0.062730
0.005174
-0.047839
-0.030237
-0.159273
-0.052999
-0.000386
-0.021653
-0.001936
0.052589
-0.124392
-0.104356
0.079292
0.194166
-0.094072
-0.086231
-0.068208
0.128800
0.106924
0.147191
-0.059659
-0.040986
0.064892
-0.046288
-0.019972
-0.122169
-0.056659
0.065687
-0.038193
0.115359
0.037263
0.012817
-0.054132
0.062216
-0.100734
0.055236
-0.017223
0.049653
-0.003220
-0.033114
-0.013368
-0.091331
0.037540
0.026786
-0.114325
-0.052156
-0.098638
-0.037349
0.102399
0.002997
0.108590
0.024750
-0.023309
0.075102
0.030358
-0.096006
-0.060568
-0.006655
0.030064
0.049687
0.090343
0.137449
0.050395
-0.030810
-0.002869
0.037064
-0.110536
-0.082708
0.029963
-0.156794
-0.014474
0.148075
0.032310
0.012559
-0.126611
-0.043138
-0.060682
0.025364
0.051466
0.156712
-0.000362
-0.049196
-0.117556
-0.064970
-0.096305
-0.046080
0.034160
0.069045
-0.024752
-0.028649
0.053070
-0.128992
-0.092502
-0.140273
0.103101
0.055972
0.057800
-0.033242
0.136425
0.051288
0.048416
0.018369
-0.070025
-0.099606
0.094733
0.130509
-0.072152
-0.107613
0.031715
0.020049
0.014106
-0.040781
0.044709
-0.087882
0.030323
-0.033648
-0.119144
-0.051928
0.041988
0.004629
-0.013191
0.039721
-0.037811
0.111305
0.025032
0.027323
-0.039761
-0.036157
0.055827
-0.006825
0.065407
0.000220
0.039625
0.023703
0.019752
0.026945
0.034792
-0.086979
0.028591
-0.066901
0.040848
0.079985
-0.000978
-0.127222
-0.035754
0.066387
-0.046120
-0.023913
-0.047607
-0.039268
0.079171
0.064048
-0.018630
0.009713
0.002447
-0.003915
0.099754
0.003868
-0.088977
-0.175919
0.084530
0.082933
0.049017
-0.000872
-0.001091
0.003033
0.029240
0.017110
-0.090522
0.198255
0.045249
-0.060071
0.010509
-0.027343
0.008797
0.079238
0.090619
-0.150103
-0.040376
-0.003709
0.102997
-0.032217
0.010175
-0.065748
-0.090373
-0.015628
0.004883
0.038697
0.041995
0.077576
-0.022528
-0.031892
0.003959
-0.015387
-0.036830
-0.089102
-0.064091
-0.058027
0.061400
0.013443
0.068139
0.009175
0.120956
0.099284
0.043691
-0.095562
-0.029912
-0.027884
0.032833
0.149611
-0.006363
-0.070788
0.130213
-0.086877
0.051703
-0.080265
0.008311
-0.034522
-0.151143
0.034638
-0.042330
0.029234
-0.028203
0.088961
-0.039687
-0.089424
0.040348
0.037585
-0.158599
0.013271
0.051219
-0.054068
-0.152938
0.071296
-0.005969
0.092340
-0.028227
-0.074996
-0.146675
-0.025340
-0.068762
0.045953
-0.007506
0.022945
0.060923
0.119984
0.033684
0.043353
-0.038034
0.020524
0.089025
-0.008821
-0.034693
-0.013156
0.032560
-0.039139
-0.073079
-0.008957
-0.015349
0.043360
0.020739
-0.055595
0.031278
0.027997
-0.108319
0.016769
0.027779
0.066011
0.050836
-0.027388
0.028740
0.039068
-0.024760
-0.105062
0.224886
-0.017931
-0.064118
0.069237
-0.003919
-0.136280
-0.063996
-0.002578
-0.002584
-0.000317
-0.156589
0.115282
-0.013601
-0.004518
0.062652
0.132131
0.108577
0.010556
-0.022963
-0.051936
-0.069570
0.123523
0.045438
-0.065239
0.090136
0.097241
0.011425
-0.116892
-0.068751
0.011899
0.140555
0.069049
-0.003233
0.069538
-0.059295
0.033018
-0.091967
-0.042128
-0.013059
0.071747
0.008321
-0.057354
0.061391
0.042586
-0.064134
0.012408
0.002989
-0.123245
-0.020276
0.010900
-0.031816
-0.031927
0.086858
0.082775
-0.051115
-0.089951
0.062438
0.023142
0.049543
0.051477
-0.028323
0.141882
0.126672
0.009835
0.080076
-0.071094
0.040272
-0.084673
-0.075883
0.024318
-0.010122
0.018323
-0.080957
0.054574
0.087415
0.029048
0.191302
-0.020606
0.047759
0.071713
-0.124017
-0.053423
0.088851
-0.048721
0.048520
0.015308
0.019781
-0.004759
-0.104416
-0.041310
-0.091047
-0.029695
-0.093946
0.110654
-0.159343
-0.033239
-0.257519
0.005099
-0.053347
0.023542
-0.177200
0.099298
0.048714
0.166423
-0.036527
0.069073
-0.090439
-0.048428
0.007151
-0.125669
-0.017586
-0.063149
-0.096595
0.032914
0.004242
0.087473
-0.004865
0.055323
-0.015885
0.024684
0.022023
-0.084143
-0.013454
-0.069139
-0.075627
-0.077500
-0.047497
0.002843
0.021262
-0.074173
0.047676
-0.097010
0.084420
0.043376
-0.044273
-0.080846
-0.025743
0.105489
0.050345
-0.072037
-0.133336
-0.061088
-0.062215
0.164126
0.033150
-0.068342
-0.023294
0.085930
0.014033
0.053807
0.024960
-0.032923
-0.057597
-0.071340
0.044736
-0.056109
0.001105
0.019680
-0.051240
-0.055634
0.163794
0.013048
-0.022102
-0.038643
0.130004
-0.106300
-0.002130
0.067348
-0.043076
0.038892
0.063284
0.069239
-0.048836
-0.092214
-0.120600
-0.026718
0.096934
0.078419
-0.040059
-0.076316
-0.012085
-0.031270
0.020907
-0.045612
-0.071218
0.047188
-0.075866
-0.010039
0.093995
0.040248
0.055793
0.084123
-0.030596
0.000803
-0.160074
0.067853
-0.090554
-0.138519
-0.017994
-0.074460
0.120589
0.088616
-0.188107
0.036287
0.126579
-0.045018
-0.056918
0.042532
-0.039871
-0.053675
0.039334
0.023716
-0.030930
0.038276
-0.015055
-0.150563
0.000445
0.009936
0.047217
-0.020398
-0.057755
0.087378
-0.096648
0.057658
-0.123726
0.141161
0.026975
0.053397
-0.000319
0.037667
-0.109829
-0.051723
-0.056790
-0.077769
-0.031084
-0.012789
-0.042199
0.014172
0.032440
-0.027579
0.080108
0.054159
0.017636
0.001448
0.064209
-0.037252
0.048482
0.049338
-0.067749
0.079930
0.105681
0.067231
-0.028225
-0.079169
0.125360
-0.151893
-0.119697
0.055870
-0.015041
-0.029875
-0.052042
-0.075008
-0.029285
-0.231539
-0.045106
0.042496
-0.033170
0.118283
0.004940
0.048284
0.056490
0.037683
-0.084184
0.022489
0.095648
-0.071894
-0.001454
-0.013808
0.047834
-0.035274
0.007230
0.109851
-0.012578
0.000997
0.116265
0.053422
-0.053487
-0.083285
0.089611
0.006468
0.031694
-0.025474
-0.016469
-0.034078
-0.023083
-0.022245
0.026337
0.058587
0.152313
0.114632
-0.025766
-0.035759
0.009283
-0.036663
0.039703
-0.026212
0.111665
0.077110
0.057788
-0.163013
-0.022996
-0.190603
0.105968
-0.001451
-0.055075
0.142214
-0.033999
0.069433
0.068694
-0.014966
-0.160204
0.040376
-0.006502
-0.093519
-0.022719
-0.131268
0.005880
0.060794
0.069173
-0.000198
-0.052271
0.013009
0.021018
-0.001313
-0.108620
-0.050711
0.010894
-0.059046
-0.022012
-0.048233
0.022448
0.088203
-0.077050
0.085826
0.079104
0.034052
-0.014368
0.005273
-0.044231
-0.001099
-0.025243
0.073359
-0.013378
-0.024729
0.034406
0.044391
-0.021613
-0.019669
0.007341
-0.040816
0.032246
-0.053686
-0.094442
0.031725
-0.007498
-0.034259
-0.022007
-0.047462
0.014002
0.068615
0.013251
-0.075206
-0.055375
0.044899
-0.012475
-0.004499
0.023705
0.008914
-0.039625
-0.001870
-0.003184
-0.105804
-0.057121
-0.052604
-0.010046
-0.119859
-0.047634
0.139504
-0.029355
0.060459
0.047840
-0.011028
0.091942
0.142061
-0.015392
-0.135307
-0.018263
-0.040592
-0.033376
0.061989
0.103223
-0.025596
0.083790
-0.048209
0.080000
0.042490
-0.073744
0.199180
0.026946
0.004251
-0.051041
0.024199
-0.081188
-0.099156
0.000533
-0.080208
-0.077294
0.140802
0.002607
0.046552
-0.001613
-0.056536
-0.006825
0.056133
0.066738
0.095547
0.034822
-0.045175
0.015820
-0.034868
0.061864
0.090268
-0.022170
0.032604
0.049630
0.030392
-0.024312
0.057953
-0.042427
0.063172
0.095897
-0.053429
-0.004035
-0.175116
0.031377
0.110928
0.207638
0.035757
0.053567
-0.084512
0.029721
0.091890
0.083386
0.135852
0.013299
0.057120
-0.064912
0.051235
-0.106493
-0.010110
-0.061848
-0.188939
0.002503
-0.205294
0.050818
-0.079958
-0.073422
-0.126138
-0.110920
-0.062099
-0.046455
0.067648
-0.038537
0.039800
-0.084718
-0.024664
-0.013095
-0.053386
0.048853
-0.040757
0.061673
0.012574
0.129282
-0.011011
-0.094203
-0.010237
-0.040680
0.058928
-0.034203
-0.053494
0.051017
-0.069826
-0.007416
0.176375
-0.033142
0.050838
0.015992
-0.053191
0.080704
0.030935
0.163586
0.052971
-0.074112
0.112521
-0.125726
0.072966
0.008001
0.077808
-0.005039
-0.105736
-0.035902
0.029631
0.041641
0.120976
0.008937
-0.026922
-0.022746
0.097923
0.088960
-0.025845
0.052569
0.149886
0.033256
0.024924
-0.022355
-0.034074
-0.075568
-0.011138
0.146869
-0.021871
-0.037848
-0.017162
0.095450
-0.017405
-0.013953
0.028562
-0.052936
-0.045102
-0.037617
0.030574
0.031105
0.055633
-0.105403
-0.056167
-0.034644
-0.071230
-0.077612
-0.020683
-0.080710
-0.063238
0.047875
-0.065502
-0.055935
0.079613
0.033313
0.034171
-0.062663
0.018034
-0.031430
0.014571
-0.089547
-0.015343
0.031550
0.055759
0.041258
-0.008819
0.045266
-0.011660
0.069056
-0.152264
0.029770
0.022576
-0.063947
-0.058910
-0.019640
0.088278
0.053239
-0.003866
-0.109876
0.020772
-0.032365
0.026132
-0.010157
0.051391
0.012296
-0.085835
0.056093
0.021265
-0.066661
-0.141779
-0.104941
0.141523
0.014648
-0.079833
0.058068
-0.046599
0.095984
-0.062000
0.013968
-0.114534
0.014511
-0.019284
-0.087379
0.028890
0.008359
0.074638
-0.014557
0.088858
0.077929
0.030921
-0.021772
0.030991
0.068827
0.016154
-0.005727
0.021899
-0.108828
0.000728
-0.101952
0.045551
-0.017781
-0.066454
-0.049128
-0.043668
0.046871
-0.003046
-0.074770
0.012875
0.037003
0.056311
-0.054542
-0.114116
0.011075
-0.008568
0.016673
-0.125904
0.109013
0.046845
-0.148384
0.054999
0.020090
-0.162429
0.093939
-0.081789
-0.090947
0.152592
0.070121
-0.014162
0.031736
0.103515
-0.102121
-0.032926
-0.057257
-0.172439
0.022386
-0.002560
0.083562
0.084230
-0.012494
-0.037951
0.045859
0.115560
0.038621
-0.055360
-0.118687
0.035822
0.022215
0.013777
-0.065745
0.023856
-0.019100
-0.094995
0.040836
-0.055985
-0.096189
-0.029045
0.084269
-0.126833
-0.013281
0.100710
-0.018603
-0.058645
-0.002021
-0.069920
0.075692
0.057093
-0.023168
-0.066450
-0.106997
-0.178700
-0.089682
-0.077655
0.021737
-0.031699
-0.028222
-0.079479
-0.069495
0.055128
0.067372
0.006178
0.021976
0.069783
0.018063
-0.019743
0.017809
0.132342
-0.031460
-0.027466
-0.052047
-0.001772
0.007802
-0.114710
0.000461
0.049611
0.075536
0.046745
0.135966
-0.021198
-0.021268
-0.077681
0.009244
0.046653
0.057059
0.011702
-0.051061
0.082055
0.034997
0.015344
-0.017662
0.039991
-0.083922
0.081822
0.039640
0.056881
0.077408
-0.026989
0.066049
-0.096393
-0.040471
-0.002839
-0.083040
0.016476
0.023823
0.001463
0.037763
0.083760
0.041977
0.039878
0.026089
-0.072500
0.143608
0.104209
-0.005954
0.097861
-0.078523
0.105419
-0.006896
-0.070025
0.059183
-0.060215
0.064198
-0.176172
-0.066955
0.074142
0.066013
0.015367
0.071356
0.011962
-0.050700
-0.063654
0.103176
-0.026122
0.144604
0.057071
0.147707
0.055240
0.070441
0.009349
-0.054912
-0.044703
-0.130902
-0.039461
0.001389
0.109744
0.058021
-0.099340
0.017678
-0.023134
-0.141588
0.069557
-0.026214
-0.112172
-0.072814
-0.046207
0.053657
-0.016077
0.011168
0.025911
-0.110110
0.003895
-0.035804
0.087966
0.057795
-0.024824
0.061787
-0.049100
-0.000873
0.050152
-0.014295
-0.066213
-0.030221
-0.019441
-0.041396
-0.040052
0.006965
0.039388
-0.018894
-0.014117
-0.023490
-0.085298
-0.010193
0.015390
-0.009674
0.115758
-0.058775
0.053756
-0.096290
-0.120805
0.020129
-0.075950
0.049281
0.009604
0.111304
-0.080162
0.016468
0.108645
0.094464
-0.105137
0.049827
0.053083
-0.038854
-0.134794
0.113607
-0.033585
0.013450
-0.006750
-0.040834
0.044145
-0.090272
0.020131
0.060701
-0.014907
-0.118513
-0.014302
-0.206115
-0.000279
-0.061220
0.082622
0.082669
0.064805
-0.096568
-0.038328
-0.039951
-0.006578
-0.062818
-0.003398
0.083103
-0.087604
0.082650
-0.041653
-0.056850
-0.056404
0.013389
0.190209
0.064964
-0.039573
0.017032
-0.032052
0.017445
-0.090096
0.017439
0.040882
0.007038
0.075298
-0.060050
0.051253
0.072580
0.009048
-0.042079
0.019519
0.083406
-0.082014
-0.003879
-0.028474
0.068667
-0.082515
0.026741
0.153280
-0.150644
0.064769
-0.088314
0.017605
0.025624
0.050876
-0.054228
-0.010906
-0.056573
-0.023144
-0.056692
-0.128293
-0.059348
-0.057357
0.023562
0.016840
-0.060816
0.032369
-0.069440
0.049311
0.032290
-0.033138
0.033640
0.141254
-0.021498
0.024706
0.012188
-0.101102
0.044346
0.007419
0.078466
0.084391
0.019675
0.118700
-0.016461
0.012777
0.083583
0.074489
-0.029386
-0.056656
-0.018466
0.049625
-0.131680
-0.037782
-0.001065
-0.096954
0.078490
-0.047574
-0.070223
-0.063411
-0.028259
-0.045490
0.021754
0.122575
-0.077939
0.028330
-0.025407
0.024708
0.068948
-0.011492
-0.034500
-0.033871
0.007430
-0.091109
0.125036
-0.024447
0.025403
-0.018388
-0.014186
-0.083201
-0.103708
0.141158
-0.089704
-0.068665
0.059257
-0.213482
-0.017026
0.059645
-0.037708
-0.016462
0.091751
-0.052445
0.016179
0.008489
-0.003137
-0.035440
0.119331
0.129957
-0.113709
0.007066
-0.063255
-0.047236
0.050593
-0.006226
-0.002167
0.036715
-0.025409
0.125466
-0.061052
-0.055537
0.019195
0.069993
-0.059428
0.065801
-0.026053
-0.082725
-0.043471
-0.008939
0.014033
-0.024787
0.062686
0.000103
-0.096533
-0.001905
-0.048620
0.035124
0.015208
-0.076909
0.051039
-0.207032
-0.020445
-0.027972
0.040729
-0.105297
-0.058722
-0.010344
0.066193
0.070868
-0.177401
0.088852
-0.001152
0.081963
0.096366
0.042235
0.012310
-0.075574
-0.016166
-0.236579
-0.002734
0.094487
0.126367
0.047410
-0.010157
0.093271
-0.208289
-0.101718
-0.059095
0.035031
-0.066790
-0.093951
-0.004604
0.077592
-0.013703
-0.005836
-0.045121
-0.074895
0.029195
0.008709
-0.052433
0.062969
-0.073996
0.055995
-0.010734
0.013413
0.101113
-0.013688
0.070661
0.088396
0.051199
0.019843
0.049965
-0.032374
0.007669
0.092503
-0.008516
0.024094
0.053062
-0.074832
-0.051520
0.012214
-0.121697
0.000381
0.104656
-0.156150
-0.073310
0.080757
0.155052
-0.012136
0.063088
0.008717
-0.018839
-0.017250
-0.015606
0.141850
-0.066651
0.045405
0.002946
0.087218
-0.041750
-0.026511
0.017105
0.038959
0.043223
0.033111
-0.171797
0.032854
0.034047
0.052290
0.066377
-0.059223
-0.014233
0.046789
-0.031198
-0.093124
0.081415
0.035501
-0.034336
-0.026437
0.102162
-0.000527
-0.031002
-0.093885
0.075198
0.205808
0.123223
-0.077151
0.067109
0.063743
0.037540
-0.019835
-0.069985
0.006483
0.094335
-0.087171
-0.000177
-0.031735
-0.082517
-0.071229
-0.035826
0.058696
-0.089338
0.123114
-0.000243
0.046918
-0.068496
-0.141860
0.132445
-0.029316
-0.073446
-0.103962
-0.062983
-0.044534
-0.030396
0.005031
-0.264230
0.050610
-0.000116
0.058483
0.121078
-0.062155
-0.096940
0.095441
-0.037984
-0.070223
0.133370
-0.002004
-0.065888
0.023556
0.122450
-0.053396
0.053193
-0.151182
0.052246
0.210868
-0.127026
0.065845
-0.040299
0.011181
-0.094643
-0.113358
-0.048851
0.035036
-0.020314
-0.066926
-0.003694
0.021460
0.019940
-0.054620
0.045557
0.035729
0.010050
0.113489
-0.079551
-0.012326
-0.005295
-0.075832
-0.157897
0.052223
0.060163
0.041911
-0.055545
0.049329
-0.027107
-0.074816
-0.116436
-0.062369
0.036737
0.026617
0.052426
0.048474
-0.033666
0.035049
0.090009
-0.036028
0.121158
0.025558
-0.079791
-0.150465
0.040434
-0.018301
-0.051245
0.078341
0.039700
-0.148607
-0.143865
-0.016932
0.088891
0.014390
0.147580
-0.026809
-0.019290
0.024202
0.115441
0.140169
0.019554
0.029616
-0.109909
-0.110362
0.045120
0.022001
-0.061696
0.026938
-0.124712
0.077574
0.085016
0.013712
-0.018753
0.009495
-0.077540
-0.025859
-0.047873
0.074669
0.007577
-0.023813
0.019056
-0.110636
-0.125356
0.006420
0.025296
0.103332
0.033658
0.002922
-0.045431
-0.023363
-0.032663
-0.033624
-0.059089
-0.113776
-0.054224
-0.181770
-0.092000
-0.117110
-0.054872
0.053225
0.022803
-0.164679
0.006861
-0.019223
-0.011273
0.026353
-0.106450
-0.007022
-0.086585
0.054840
-0.141485
0.098770
-0.118114
-0.064828
0.041475
-0.012135
-0.136025
-0.004201
0.019973
0.129745
-0.042925
0.071042
-0.021433
0.120916
0.057686
-0.022212
-0.147889
0.044094
0.055221
-0.086875
-0.031122
0.041584
-0.012139
0.019426
-0.031786
-0.076528
-0.027413
0.101983
0.068278
0.075720
-0.028020
0.044029
0.018366
-0.045192
-0.136697
-0.035643
-0.009919
-0.000872
-0.001819
0.039722
0.039813
-0.070496
0.003267
-0.025021
0.048164
-0.140624
-0.051094
-0.098731
-0.092194
0.045368
0.044381
0.009574
0.012796
0.159200
-0.029641
-0.091119
0.049051
-0.025500
-0.076693
0.038011
-0.008602
-0.133430
0.131037
0.103685
-0.078295
0.019858
-0.035211
0.098095
-0.154943
0.123363
0.036396
0.046300
-0.083557
0.053205
0.052836
-0.018790
-0.017026
-0.023651
-0.040523
0.004277
0.003836
-0.075106
-0.058149
-0.117804
-0.099302
-0.084624
-0.033504
-0.191311
0.088385
0.003450
0.062044
0.120374
0.061401
0.002484
-0.035009
0.069426
-0.038004
-0.052727
0.066580
-0.044491
0.053295
-0.181960
0.045210
0.096290
-0.001628
0.051203
0.009356
-0.069190
-0.002766
0.005619
-0.044975
0.100305
0.009551
-0.088664
-0.032019
0.005148
-0.038381
0.039947
-0.172932
0.014990
-0.102794
0.046619
0.026329
0.094933
-0.015752
-0.060757
0.050995
0.104715
0.013244
-0.054866
-0.054210
-0.007641
0.031102
0.226204
0.092109
0.127859
0.006037
0.043769
0.105510
-0.072315
-0.147502
0.032808
0.080152
0.014224
0.042888
0.013724
0.015694
0.060517
0.078097
0.065161
0.170475
0.029152
0.038072
0.062342
-0.010424
-0.021150
-0.013746
0.025617
0.061907
0.016789
-0.012993
0.088822
-0.126341
-0.029144
-0.094762
-0.036594
0.051805
-0.095327
0.052382
0.009909
0.075351
0.113042
-0.022795
-0.040470
0.109295
0.053781
-0.050276
0.003998
-0.093722
-0.058963
0.014718
-0.040014
0.092765
-0.147018
0.037851
-0.104085
-0.034667
-0.040271
-0.074377
-0.099707
0.002553
0.062854
-0.137224
0.011899
-0.021967
-0.038051
-0.020866
-0.028245
0.151129
0.005526
-0.095985
0.081504
-0.049928
-0.058948
0.091750
0.122239
0.027218
0.070636
-0.110521
-0.041622
-0.096813
0.038146
-0.035242
0.080494
-0.089320
0.015184
0.059126
-0.010117
-0.009611
-0.097959
-0.145265
0.119697
-0.021215
-0.037165
0.030383
-0.077693
-0.036236
0.019088
-0.059372
-0.140683
0.040620
0.007236
0.032775
-0.077808
-0.118408
0.130424
-0.080313
-0.055928
-0.040256
-0.066338
-0.035699
-0.104322
0.020759
-0.088782
-0.062098
0.033825
-0.114144
0.015852
-0.089823
0.028712
-0.073200
0.003527
0.011624
-0.081131
-0.112637
-0.015034
-0.217876
-0.042415
0.021958
0.050685
-0.086344
0.025178
-0.031796
-0.167383
0.085982
0.195347
-0.034090
0.017229
-0.010198
0.114000
-0.094138
0.079472
-0.103202
0.011217
0.071693
0.007283
-0.180614
-0.021511
-0.021856
-0.124124
-0.046081
0.028541
-0.016908
0.002453
-0.032373
0.045330
0.085687
0.136202
0.027062
0.065241
-0.097381
-0.067732
0.028742
0.005839
0.113006
-0.135197
0.107033
-0.015610
0.055150
-0.062991
-0.061537
-0.007563
-0.119072
0.033607
0.006401
-0.012002
-0.100198
-0.192322
-0.013639
0.017781
-0.115043
0.052764
-0.104153
0.190997
-0.040194
-0.038548
-0.001355
-0.046790
0.166227
-0.022654
-0.044196
0.038108
0.082406
0.121188
-0.011235
-0.007796
-0.034187
0.064440
0.122788
0.073588
-0.090662
0.055583
0.042685
0.089172
-0.044112
-0.030389
-0.194820
-0.047385
-0.001861
0.186602
0.152915
0.090239
-0.048744
0.083216
0.017514
0.052774
0.020505
0.002345
-0.042845
-0.052568
-0.039371
-0.075999
-0.008248
-0.065966
-0.019013
-0.020791
-0.028506
-0.033086
-0.053951
-0.041179
-0.031218
0.053722
0.084090
-0.057586
-0.038981
0.027580
0.027606
0.057556
0.010130
-0.044328
0.032563
0.076897
-0.045664
0.079002
0.053854
-0.086570
0.084713
-0.104627
0.198520
0.030670
-0.097042
-0.007539
-0.153665
0.058999
0.075239
-0.043984
-0.011799
-0.026742
0.119561
-0.087690
-0.046613
-0.013356
-0.013272
0.053631
0.058234
0.183045
0.050856
-0.108476
-0.124802
0.111562
0.062722
-0.022689
0.026621
0.080384
-0.052999
0.022772
0.003366
0.063849
0.076141
-0.068723
-0.033357
-0.115117
-0.010234
-0.013297
-0.123141
0.080262
-0.058128
0.000650
-0.028395
0.035085
0.043152
-0.025225
-0.001502
0.052867
0.002604
0.000006
0.057172
-0.009389
-0.006393
-0.052317
-0.004848
0.025020
-0.129701
0.000207
0.033052
-0.109447
0.088954
0.010869
-0.099088
-0.087363
0.033253
-0.125122
0.041750
-0.012664
-0.016229
0.123643
-0.003083
0.006106
0.050556
-0.094772
-0.039877
0.042667
-0.002083
0.011748
-0.043043
-0.040478
-0.062921
-0.091579
-0.098142
0.035125
0.054289
0.023452
0.065429
-0.080077
-0.100615
-0.011949
0.067791
0.015427
0.007299
0.177299
-0.076122
-0.051487
0.049023
0.012539
-0.011251
0.063215
0.080110
-0.001604
0.103821
0.001010
0.040168
-0.049827
-0.048447
-0.026438
-0.031276
-0.000945
-0.003057
-0.007560
0.034642
-0.022674
-0.101508
0.042775
0.104186
-0.039959
-0.006964
0.065217
-0.035095
0.020645
-0.028693
-0.046872
-0.101276
0.114719
0.014813
0.182473
0.054150
-0.023982
0.074889
0.021544
-0.074785
-0.006931
-0.071199
-0.016034
-0.106421
0.144616
-0.098438
-0.007878
0.021124
-0.015612
-0.060371
0.165821
-0.022503
-0.029088
0.120339
0.042200
0.057140
-0.026217
0.025321
0.002942
0.041377
-0.011182
-0.084867
0.014010
0.134097
0.046441
-0.017345
0.108268
-0.010592
-0.094463
-0.068358
0.005156
-0.007659
-0.073543
-0.012567
0.099319
0.045726
0.089903
-0.020507
0.049419
-0.087393
0.083580
-0.033757
-0.019837
-0.018496
-0.068205
-0.043986
0.014599
0.072905
-0.028809
0.035585
0.057431
-0.048422
0.003672
0.005687
-0.020418
-0.004939
0.008836
-0.031078
0.043535
-0.046514
-0.055451
0.031890
-0.040953
0.094957
0.019985
-0.030463
-0.003871
-0.022123
-0.023468
0.064390
-0.008194
-0.042273
-0.055513
0.061804
-0.051923
-0.089202
0.019558
-0.028778
0.051992
0.050081
0.104497
0.101579
0.029492
0.119176
-0.118357
-0.042251
0.153370
0.014985
-0.014433
0.045670
-0.164236
0.035503
0.035109
0.098623
-0.014572
-0.148651
0.036507
-0.032617
-0.081943
0.067864
-0.008311
-0.074853
-0.026188
-0.103279
-0.038154
-0.028520
-0.028083
-0.048762
-0.005636
-0.142710
-0.013346
-0.032567
-0.034138
-0.098218
0.015129
0.040316
0.006282
0.046904
0.087897
0.019008
0.018857
-0.072046
-0.022175
-0.053620
0.053237
0.061613
0.033627
-0.091828
0.175165
0.036225
0.042026
0.114751
-0.018580
0.017265
-0.074373
0.071251
0.014188
-0.050904
0.031666
0.041501
0.033880
0.005037
-0.041627
0.063581
-0.044024
0.071906
0.044658
0.033935
-0.083939
-0.048971
-0.012370
0.049163
0.077664
-0.040829
-0.012832
-0.017302
-0.054528
0.091082
0.016838
0.026104
-0.110835
-0.073547
0.087097
-0.160938
0.114158
-0.000103
0.074842
-0.031526
-0.021106
0.026498
-0.001032
-0.035403
0.124321
0.128366
0.041853
0.022255
-0.056284
0.047004
0.074644
0.100575
0.135489
0.021527
-0.087412
0.027706
0.101939
-0.058073
0.004582
0.021861
0.078754
-0.027103
-0.056169
0.050921
-0.048430
0.006673
0.138029
-0.013131
-0.012157
-0.008612
-0.008537
0.070148
0.021959
0.067893
0.025376
-0.047839
0.105693
-0.127350
0.091951
0.068117
-0.031902
0.082888
-0.046279
-0.011335
-0.086361
-0.094216
0.070003
-0.057155
-0.005884
0.104339
0.003246
-0.113642
-0.020487
-0.021752
-0.122123
0.001209
-0.020030
0.041247
0.039188
0.113301
0.104162
-0.013144
0.087001
0.072158
-0.025739
-0.083567
0.130465
-0.079458
0.041223
0.033573
0.022842
-0.077772
-0.048978
-0.020709
0.110440
-0.006930
-0.032757
-0.131904
0.061428
0.033463
0.068040
-0.058962
-0.035935
-0.102406
0.072264
-0.028510
0.013054
-0.160093
0.078190
0.030924
0.076850
-0.047184
0.024924
-0.134805
-0.056026
-0.058602
-0.030150
-0.077956
-0.074844
0.092857
-0.012286
-0.013311
-0.112400
0.028008
0.022777
-0.026064
0.078490
-0.064953
0.052339
-0.048854
-0.102291
0.099461
0.025976
-0.019987
0.001982
0.075542
0.042010
-0.036540
0.084011
0.053520
-0.031975
-0.130137
-0.021878
0.013431
0.121059
0.193464
0.074462
-0.025635
-0.000250
0.057412
-0.046094
0.035938
-0.046789
0.062979
0.045518
-0.047335
0.021641
-0.158984
-0.048926
0.084063
0.125599
-0.072799
0.099775
-0.035030
-0.019555
-0.000148
0.064429
0.072310
-0.010677
0.043248
-0.015523
-0.049264
-0.158438
0.054152
0.037002
-0.019921
-0.048827
-0.080207
0.012764
0.022996
0.025801
-0.104804
-0.076639
-0.008137
-0.001358
-0.007541
0.031306
0.001096
0.118241
0.010913
-0.014695
-0.086562
-0.043654
-0.042574
-0.017024
-0.042705
0.039161
0.016857
0.052753
0.112023
0.016471
0.060273
-0.016068
0.062789
-0.117200
-0.011255
0.084257
0.023156
-0.030315
-0.028350
-0.059670
-0.069851
0.068824
-0.075152
0.076630
0.056725
0.030512
-0.022479
0.019694
0.058915
-0.104745
0.035709
-0.067819
-0.023693
-0.012303
-0.219978
-0.022243
0.080849
-0.021525
0.057949
0.065498
-0.021620
-0.084070
0.009111
0.016665
0.019270
0.049167
0.034059
-0.059255
0.150252
0.068541
0.009998
-0.080370
-0.010031
0.018438
0.070515
0.007679
-0.156281
-0.007792
0.112785
-0.039736
-0.159827
-0.009073
0.027029
-0.008026
-0.001977
0.045272
-0.104622
-0.008101
-0.044993
0.062145
-0.037309
-0.052753
0.113042
0.074906
-0.055049
0.037834
0.009574
0.044448
-0.018178
-0.104680
-0.048696
-0.098811
-0.117862
-0.053804
-0.013070
0.011962
0.088270
0.017321
0.010698
0.101854
-0.082635
-0.070234
-0.132351
-0.089259
0.070812
-0.014539
-0.000741
-0.015685
0.092413
0.090930
-0.079190
-0.034206
0.033808
-0.020501
-0.055053
-0.006577
0.092264
0.068955
-0.253974
0.191936
-0.017912
-0.062024
-0.054693
-0.098103
0.079489
0.011390
0.156315
-0.047313
0.088844
0.026440
0.028295
-0.052107
0.049226
-0.015917
0.023780
0.073939
0.064200
-0.100131
0.080861
-0.046384
0.084722
0.078499
0.115248
-0.008976
-0.043837
0.008428
-0.021276
-0.024089
-0.053888
0.091693
0.040699
-0.087733
0.009936
0.094331
0.036898
0.065812
0.039506
-0.086128
0.030978
-0.033573
0.126011
0.100133
-0.121829
0.012241
0.001905
-0.043591
0.118899
0.078989
0.018889
-0.005840
-0.004274
-0.171458
-0.090141
0.038471
0.031677
-0.111102
0.000957
0.052652
-0.048597
0.072115
-0.090751
-0.011251
0.010693
-0.026513
-0.117084
-0.090680
0.048596
-0.070353
0.069321
-0.062761
-0.079081
0.016176
-0.009961
0.048306
-0.020596
-0.129555
-0.012308
0.028952
0.036906
-0.061290
-0.128857
-0.147481
-0.016064
0.121463
0.068169
0.105306
0.023166
0.019268
-0.059197
0.109191
0.033272
-0.046689
-0.054370
0.007135
-0.022638
-0.074344
-0.007994
-0.021319
-0.056138
0.012360
0.059747
-0.023837
-0.010523
0.001404
0.085914
-0.128101
-0.033406
-0.028421
0.010818
-0.032449
-0.027770
0.010441
0.032226
0.138200
0.145652
-0.046356
-0.021921
-0.014153
-0.013649
0.022260
0.000569
0.020078
-0.066018
0.062024
-0.082884
-0.101403
-0.005704
0.020877
0.056573
0.029539
0.148610
-0.022950
-0.014860
0.040666
0.051033
0.012276
0.076911
-0.064600
0.066134
0.074147
0.067527
-0.093991
-0.019255
-0.030907
-0.005626
0.079760
-0.085442
0.047589
0.120845
0.032551
0.147899
0.175402
0.021493
0.048240
0.012926
-0.052432
-0.022803
-0.040546
0.012017
0.075695
0.032567
-0.024016
0.132158
-0.104484
-0.011439
-0.107494
-0.122807
-0.010264
-0.039382
0.068397
0.067664
-0.091783
-0.011969
0.043327
0.177972
0.007499
0.048804
-0.062536
0.001077
0.009806
-0.067487
-0.011531
0.120709
0.033492
0.032476
-0.117492
0.013854
0.069806
0.113428
-0.160560
0.040908
0.021954
0.023351
-0.053155
-0.019616
0.139577
0.072195
-0.010398
-0.040491
0.013325
0.020239
-0.016591
0.107101
0.017888
-0.021224
-0.022734
-0.103670
0.063444
0.093268
0.048290
0.011540
-0.083668
-0.131734
-0.096701
-0.094369
0.023948
0.157503
-0.050839
-0.041409
0.006210
0.140073
0.075145
0.010659
-0.058608
0.050962
0.015779
0.063848
0.090308
0.057197
0.031527
-0.035933
-0.007882
0.034177
0.029620
0.081131
-0.059425
0.024223
-0.158691
0.086642
-0.022446
-0.082931
-0.134534
-0.078626
-0.022460
0.013115
0.038802
0.023072
-0.006169
-0.060785
-0.021620
0.021204
-0.043990
-0.124569
-0.030033
0.063845
0.022904
-0.018636
0.010050
0.066364
0.081577
-0.009817
-0.032717
0.007348
-0.014391
-0.015437
-0.121788
0.021908
-0.197261
-0.063038
0.089078
-0.141153
0.108937
-0.034116
-0.058431
0.004600
0.041400
0.007727
-0.107938
-0.246388
-0.043740
-0.029872
0.050643
-0.001710
0.147574
-0.003043
-0.049763
0.001013
0.100879
-0.166308
-0.064262
-0.141558
-0.045432
0.026330
-0.106758
-0.002185
0.036129
0.039141
-0.017823
-0.006502
-0.034209
-0.012862
-0.035235
-0.028344
0.071523
-0.015395
0.015955
-0.077360
-0.039347
-0.048506
0.016303
-0.067256
-0.066607
-0.035092
0.119393
-0.062881
0.215059
-0.046419
0.004254
-0.098037
-0.002746
0.091917
0.095450
-0.004356
-0.005576
0.015593
0.142438
-0.013372
-0.140774
-0.098861
-0.019129
-0.070751
0.041594
-0.157657
-0.116935
-0.023203
-0.076278
0.032029
0.125966
0.009210
-0.153348
0.024573
-0.028314
-0.043107
-0.048142
-0.030741
0.060794
0.007160
0.095681
-0.011139
-0.071985
-0.022986
0.068259
-0.017383
0.080492
0.033534
0.055129
-0.058161
-0.087343
-0.021951
0.009646
0.043124
-0.007115
-0.041666
-0.052500
0.038420
-0.036150
0.085140
-0.024797
-0.003864
-0.071576
-0.068929
0.066853
-0.068557
0.069960
0.040895
0.006122
0.061735
-0.011115
0.072045
0.094345
0.100035
-0.014524
-0.191580
0.068365
0.071809
-0.043494
0.046396
0.067839
0.045771
0.048689
0.088097
0.053655
0.166692
0.131409
-0.015518
0.029440
-0.026251
-0.058266
0.125599
0.012445
0.042690
0.044276
-0.017289
0.019700
0.032085
0.015889
0.144381
0.016116
-0.080548
-0.088337
0.047739
-0.092759
0.053650
0.021621
-0.055024
-0.007119
-0.061769
0.034901
0.008035
-0.009985
0.112420
0.037926
0.077317
0.077947
0.009211
-0.096761
0.035733
-0.072267
0.014687
0.132645
-0.061603
0.100882
-0.117252
-0.054981
0.042179
0.074939
0.106697
0.037003
0.030392
0.016686
-0.057944
-0.012933
0.051403
-0.022390
-0.025358
0.126326
0.014283
0.038345
0.091390
0.100430
0.051279
0.052048
-0.003640
0.020691
0.096581
-0.078210
-0.062808
-0.027087
-0.053282
0.010576
0.013053
-0.029716
-0.018801
0.005058
0.006284
0.101901
-0.047893
-0.126104
-0.025250
0.084742
0.067105
0.064902
-0.006533
-0.016388
0.015450
-0.013196
-0.127984
-0.034014
-0.026279
0.100933
0.028567
-0.021299
0.074495
0.055686
-0.021696
-0.087602
-0.114176
0.001744
-0.129957
-0.093933
-0.061792
0.021263
0.032656
0.003563
-0.076910
0.017011
0.003536
-0.021282
-0.029083
-0.002786
-0.009822
-0.121199
-0.065470
0.004800
-0.022665
0.079086
0.009826
0.021344
0.056870
-0.191241
-0.154608
-0.080414
-0.071222
0.009669
0.009040
0.035111
-0.056978
-0.054797
-0.022440
-0.010742
-0.115200
-0.109404
0.037194
0.078283
-0.089526
-0.105641
0.041421
0.092930
-0.057803
0.129807
0.013501
0.078342
0.019242
-0.052665
0.028200
0.099198
0.097918
0.034540
-0.000983
0.160363
-0.014605
0.011335
0.040866
-0.002321
-0.008682
-0.008425
-0.003034
-0.107086
0.009285
0.058514
0.017160
-0.070055
0.017655
-0.048175
-0.003534
0.060610
-0.005486
-0.008942
0.015708
0.019724
0.060601
0.114217
-0.077640
-0.086662
-0.006626
-0.006192
-0.012469
-0.110968
-0.005834
-0.184658
-0.031787
-0.047715
-0.027659
-0.006627
0.017486
0.121858
0.047508
-0.181771
-0.017073
-0.039378
0.196325
-0.065023
0.032309
0.073703
-0.086930
-0.079791
0.030062
-0.106531
0.056742
0.068430
0.099868
-0.106669
-0.094705
0.139151
0.021727
-0.229466
0.069271
0.064338
0.030121
-0.089960
-0.103193
-0.098086
0.027175
-0.036546
0.063744
-0.019560
0.037019
0.000984
0.132836
0.072727
0.032124
0.029707
0.013265
-0.049189
-0.015583
0.048735
-0.065909
0.093073
-0.009962
-0.009415
-0.009514
0.042931
-0.024788
-0.055774
0.072593
0.008488
0.009284
0.055796
-0.016427
0.019096
0.029856
0.081405
-0.076228
-0.054141
-0.046344
0.104384
0.037484
0.115856
-0.088554
0.004247
0.000855
-0.084787
-0.101116
0.041859
-0.004161
0.017586
0.039113
-0.072332
0.008532
-0.014806
0.095718
0.082410
0.010609
-0.035997
-0.015086
0.085149
0.129344
0.052992
-0.012443
-0.040341
-0.040816
0.029467
-0.133633
0.047640
0.086016
0.107781
-0.137444
0.028740
-0.077962
0.004224
-0.019295
0.028163
-0.052696
0.000605
0.087607
-0.057082
0.051362
-0.023789
0.027577
-0.036530
0.033033
0.001827
0.011780
0.020707
-0.064752
-0.019546
-0.111257
-0.008209
0.056818
0.118148
-0.148776
0.089924
0.031009
0.106951
-0.035866
-0.065541
0.010047
0.021173
-0.044851
0.044561
-0.134033
-0.073301
0.038051
0.037100
0.172571
-0.064696
0.038630
0.013918
-0.032895
-0.015789
0.058560
0.040991
0.083238
-0.052716
-0.044126
0.125468
-0.125370
-0.006430
0.037489
-0.105299
-0.017883
0.063840
0.005221
0.111830
-0.161015
-0.050678
-0.055673
-0.063480
0.145287
-0.001800
0.050846
-0.078168
0.062274
-0.002855
0.099844
0.125738
0.051862
-0.086114
-0.055364
0.027712
-0.028753
-0.034662
-0.099632
-0.007345
-0.015362
0.024288
0.141406
0.010581
0.021408
-0.009733
0.004750
0.110490
-0.079233
-0.036815
-0.084620
-0.020852
-0.092301
-0.084755
-0.036540
-0.027858
0.073780
0.030893
0.017445
0.168814
0.078071
0.067185
0.059062
-0.065472
-0.093501
0.009744
0.018091
0.169565
0.066450
-0.039008
-0.045407
0.098035
0.109180
-0.004885
0.008173
-0.035577
0.050492
-0.044959
0.065869
-0.040819
0.041953
-0.036200
-0.031309
-0.029924
-0.099013
-0.039256
0.025781
0.177715
-0.021834
0.152013
-0.069845
-0.062738
-0.031423
0.060494
-0.047603
0.110769
-0.083727
0.036326
-0.006188
0.114802
0.095345
0.005363
0.052285
0.053704
-0.007820
0.080172
-0.077252
0.015145
-0.107935
0.074728
0.070272
0.147659
0.025347
-0.004458
-0.086316
0.084679
-0.058405
-0.122054
0.054053
-0.054410
-0.121576
-0.005147
0.037545
0.081300
-0.019036
0.031761
0.093302
-0.098717
0.092174
0.058149
-0.049916
-0.002732
0.036914
0.096168
-0.114828
-0.016285
-0.099708
-0.017482
-0.100818
0.034780
-0.037740
-0.103673
0.052928
-0.031388
0.087055
0.054696
-0.038446
0.035376
-0.048706
-0.169920
-0.058746
-0.055440
-0.067114
-0.028449
0.022820
-0.008296
-0.026526
0.021113
0.089748
0.022389
0.056553
0.166762
0.086205
-0.111855
-0.007586
-0.100875
0.101750
0.040816
-0.040561
-0.057221
0.094843
-0.035605
0.110778
-0.008791
0.072784
-0.015704
-0.086835
0.046718
0.062277
-0.035847
-0.017165
0.124563
-0.090035
-0.031609
0.006240
-0.086901
0.222415
-0.084225
0.003051
0.188907
-0.171023
-0.144785
0.039619
-0.023614
0.003861
0.012812
0.032027
0.072809
0.112656
0.025507
-0.085553
0.002833
-0.149571
0.066157
0.114712
-0.070080
0.041796
-0.094020
0.022835
-0.049700
-0.100655
-0.012844
-0.065890
0.175349
-0.048271
-0.011630
0.141941
0.150447
-0.086881
0.010246
-0.008998
-0.001792
0.034730
-0.074369
-0.023194
-0.061148
0.187812
0.117402
0.074999
0.020111
-0.040003
-0.050914
-0.008785
0.082332
0.056761
-0.165634
-0.028127
-0.139428
0.109326
-0.027405
-0.052446
-0.024903
-0.040452
-0.027515
-0.017552
0.051442
0.009557
-0.036681
-0.016750
0.137134
-0.179739
-0.073457
-0.130588
0.006833
-0.056472
0.080527
-0.004407
-0.200922
-0.191351
-0.080892
0.096919
-0.013938
0.002292
0.071517
-0.019553
0.042811
-0.007732
0.016990
0.015005
-0.069820
-0.004979
-0.003908
0.051823
0.055733
0.033052
0.033033
0.132595
-0.091550
-0.032635
-0.028025
0.041968
-0.008393
-0.025329
-0.084277
-0.006831
0.081135
0.040394
-0.101442
-0.128603
-0.007269
-0.012448
-0.088896
-0.052529
0.101524
-0.051921
-0.020736
0.000377
0.034160
0.033438
0.068509
0.084373
0.045195
0.024450
0.056407
0.040254
-0.014546
0.042902
-0.121476
-0.056068
0.083933
-0.015397
0.043086
0.049532
0.062747
0.028076
0.055827
0.073265
0.019591
0.007065
0.016256
0.045414
0.203636
-0.191375
0.008195
0.040869
0.099190
-0.047866
-0.054473
0.089659
0.117981
0.062990
0.034840
-0.138603
0.039602
0.052361
-0.019295
-0.096188
-0.047792
0.016564
-0.075638
-0.021421
-0.042407
0.097231
-0.043963
0.015046
0.004458
-0.065322
0.015235
-0.028111
-0.043141
-0.000160
0.019613
0.029016
-0.045672
-0.063792
-0.000095
0.028790
0.076244
-0.000608
-0.030683
-0.006905
-0.060953
0.013870
0.018054
0.016776
-0.070187
-0.072162
0.009955
0.067631
-0.056699
-0.009257
0.086837
0.086901
-0.028431
-0.045105
-0.036997
-0.166575
0.027001
0.068633
-0.020270
-0.155383
-0.017349
-0.011841
-0.010696
0.003662
0.010354
0.062748
-0.081156
0.045760
0.013947
-0.094775
0.002481
-0.014876
0.011163
-0.035582
0.047397
0.045041
0.139610
0.018292
0.236587
-0.119597
0.023122
-0.032665
0.024027
0.131801
0.052486
-0.029952
-0.067018
-0.019284
0.000799
0.103241
-0.082681
0.139422
0.065311
-0.060795
0.022145
0.031170
0.042312
0.015139
-0.042222
0.029097
-0.101507
-0.013620
0.012340
0.112621
-0.030867
-0.141145
-0.032728
-0.010637
-0.048519
-0.155960
0.085637
-0.049722
0.139661
0.032259
0.055949
0.019878
-0.002109
0.055175
-0.104076
0.067259
-0.022826
0.023369
-0.026464
-0.041478
0.046848
-0.011890
-0.251764
-0.078867
0.005076
0.038428
-0.068368
-0.012347
-0.130711
0.098279
0.053095
-0.002639
0.072596
0.027484
-0.022702
0.016818
-0.111721
0.078068
0.030362
0.103770
0.007871
0.075958
0.086980
-0.029474
-0.181120
0.055736
0.051276
0.088171
0.041660
0.042995
-0.016898
-0.072956
-0.035998
-0.084920
0.014549
-0.006641
0.087222
0.009870
0.009819
-0.011565
0.063410
-0.210118
0.067398
-0.060748
0.060825
-0.038599
-0.004959
-0.078552
-0.038332
-0.014075
0.064062
0.064805
-0.026706
-0.138656
0.002180
0.076316
-0.017068
-0.173159
-0.065050
0.066633
-0.002068
0.010110
-0.060170
0.081906
0.057054
0.003273
-0.016800
-0.038876
-0.093091
0.036015
0.037414
-0.178793
0.152081
-0.071924
0.071405
-0.023039
0.116794
-0.016793
0.162836
-0.158725
0.084964
-0.004953
-0.028956
-0.052093
0.008974
0.066712
0.055406
0.024234
-0.053424
-0.017241
0.003702
-0.124149
0.000048
-0.031582
0.009724
-0.062659
-0.102431
-0.023307
-0.117529
0.035395
-0.027505
0.055827
-0.112165
-0.057920
0.001304
-0.042149
-0.060855
0.023114
-0.058852
0.092526
-0.041302
0.086665
0.087198
-0.055344
-0.031670
0.072785
-0.039274
-0.004875
0.067785
0.104041
0.075006
0.030277
0.042464
-0.037261
0.029453
0.161137
-0.052280
-0.062913
0.041580
-0.027442
0.115699
-0.115466
0.086503
0.047961
0.009554
0.027662
0.008878
-0.018744
0.070776
0.078913
0.075871
0.026423
0.047636
-0.070757
-0.092805
-0.016747
0.076246
0.046688
-0.000507
-0.024353
0.009996
0.061069
0.037249
0.077868
0.090705
0.042047
0.048988
0.122230
0.073996
0.036475
-0.014445
0.049588
-0.019552
-0.057074
0.064477
-0.165453
-0.022209
-0.018336
0.082617
0.001017
-0.042197
0.024532
-0.136758
-0.098254
-0.096548
0.074409
0.083954
0.073866
-0.095633
-0.065915
-0.055267
-0.086199
0.017322
0.086811
-0.088688
0.133936
-0.022351
-0.051990
0.083625
-0.050992
0.045629
-0.025496
-0.006819
-0.090977
0.012979
0.014596
-0.079486
0.024949
0.119720
-0.027966
0.037547
0.087045
-0.008991
-0.048465
-0.073288
0.119783
-0.000706
0.073714
-0.098016
-0.123961
0.015062
0.009549
-0.067484
-0.093251
-0.011938
0.020986
-0.048775
-0.000472
-0.005452
-0.020853
-0.044534
-0.114272
0.126695
-0.079208
0.065996
-0.006187
-0.061399
-0.092086
0.015286
-0.037812
-0.125271
-0.107514
0.003974
-0.009209
-0.048353
0.003863
0.020085
-0.006315
0.119467
0.062735
-0.050200
0.062775
-0.055407
-0.120371
0.007682
-0.044945
0.039004
-0.097401
0.042012
0.002954
-0.040976
-0.013960
0.032364
-0.015614
-0.055812
-0.163268
-0.030184
0.077481
0.021437
0.054622
-0.123425
0.136227
0.033651
-0.019546
0.072491
0.145972
0.099216
-0.055478
0.094039
0.015456
0.101146
0.003903
0.000654
0.195718
0.063728
0.012751
-0.020485
-0.054856
-0.130044
0.050346
-0.001884
-0.055263
0.005148
-0.035936
-0.025506
0.046635
0.038227
-0.049499
-0.035300
0.022293
0.107745
0.009099
0.041031
-0.041501
-0.015037
0.056683
0.075383
-0.008662
-0.047475
-0.028631
-0.031777
0.092373
-0.113214
-0.071508
0.156840
0.019936
0.017358
-0.012755
0.077925
0.067772
0.032710
-0.014407
0.249212
-0.021771
0.054347
0.087791
-0.064643
0.053797
-0.011678
0.055919
0.030587
-0.091889
0.045154
0.092271
0.011735
0.014984
0.039822
0.037230
0.047394
-0.048319
-0.006107
-0.163141
0.004558
0.104711
-0.116043
-0.135389
-0.011482
-0.043930
0.005200
-0.074436
0.016630
0.012489
0.050845
0.001557
0.133532
0.159685
0.004992
0.106007
-0.038334
0.038331
0.046922
-0.079647
-0.037446
-0.009153
0.098111
0.010856
-0.041991
-0.138308
0.045919
0.043865
0.157663
-0.053805
-0.010789
0.038119
-0.120346
-0.004703
0.023075
0.012774
0.024071
0.029576
-0.014140
0.056179
-0.034057
0.033758
0.094579
-0.013611
0.052011
-0.016312
-0.093461
0.016602
-0.054777
0.149464
0.020797
-0.065484
0.038000
-0.065146
-0.036374
0.001614
0.055975
0.076968
0.045531
0.063579
0.074463
0.114590
-0.042475
0.016606
0.034900
0.010011
-0.075370
-0.019811
-0.041311
-0.017002
0.030329
-0.083630
-0.062434
0.124282
-0.027643
0.127375
-0.034994
0.088602
-0.090803
-0.034475
-0.057342
-0.112820
0.037488
0.048557
-0.095096
0.026462
-0.010526
-0.088023
0.014784
-0.008596
0.100539
-0.029432
0.005816
0.043273
0.008427
0.001749
-0.075777
-0.036239
0.098977
-0.062768
0.000685
0.014003
-0.015508
-0.041545
-0.038636
0.025314
0.113617
-0.067480
-0.036619
-0.015353
0.017674
0.041174
-0.022231
0.011334
-0.028799
-0.079411
0.075528
0.043714
0.014849
-0.009010
0.009616
-0.029501
-0.038534
-0.202535
0.008791
-0.006911
0.030128
-0.013255
0.185803
-0.115086
0.220997
0.006303
0.057514
0.025034
-0.029640
-0.083068
0.112420
-0.039287
0.063907
-0.142295
-0.057448
0.132917
0.038762
-0.016076
0.048941
0.032998
-0.081523
0.055464
-0.145118
-0.099343
-0.072301
-0.041736
-0.073755
-0.013541
-0.021613
-0.059636
0.070330
-0.050274
-0.076504
-0.115391
0.019043
-0.075362
-0.103322
-0.008648
0.054756
0.001303
0.085181
0.009901
0.000392
0.012345
0.145543
-0.103649
0.090761
-0.086751
0.043227
-0.017891
-0.051554
0.074864
-0.167250
0.096420
0.011529
-0.012530
-0.092512
0.026050
0.001478
0.010383
0.095824
0.026980
-0.085292
-0.055222
-0.092687
0.055726
0.141856
-0.024680
-0.021476
-0.136937
-0.002932
-0.077427
0.055330
-0.090321
-0.112324
-0.128970
0.004869
0.067631
-0.061294
0.007963
0.086300
0.015558
-0.048765
0.016738
0.025834
0.067736
-0.013977
-0.134015
0.034776
-0.010298
-0.012009
-0.013285
-0.108384
-0.076624
0.042400
-0.031146
0.040846
-0.026363
0.103856
0.029268
0.065644
-0.131804
-0.052944
-0.038295
0.059494
0.003539
0.100173
0.115716
0.152942
0.120683
0.020239
-0.035549
-0.143144
0.078947
0.106863
0.009076
0.065432
-0.008820
-0.069109
-0.062803
-0.058834
-0.014486
0.010436
-0.029827
-0.005651
-0.078434
0.043726
-0.000322
0.013928
0.059578
0.060142
-0.056607
-0.013350
-0.074261
-0.030286
-0.095527
0.074587
0.055343
-0.035057
0.031530
0.155716
0.184419
-0.030231
0.068194
0.103547
0.128594
0.011782
-0.018762
-0.026179
-0.040644
-0.057852
-0.059998
-0.110506
0.032471
-0.029342
0.001486
-0.048258
0.081602
0.071859
-0.118505
0.103288
0.126997
-0.020230
-0.047753
0.058211
0.039927
0.012483
-0.055453
-0.037525
0.082536
-0.023897
0.032874
-0.044108
-0.174060
-0.144224
-0.079949
0.012919
0.027798
-0.081705
0.007964
0.036254
0.052870
0.091488
-0.033922
0.017150
0.017171
0.007102
0.137478
-0.125169
0.048699
-0.059859
0.056968
-0.114937
0.008018
-0.012142
0.071121
0.077384
-0.003422
-0.060046
-0.013292
-0.082787
0.007662
0.075514
-0.078938
-0.060438
0.005337
0.043329
0.007421
0.072078
-0.024386
0.037477
0.113554
0.010015
0.076597
0.024765
0.019757
0.026391
0.067232
-0.048433
-0.078234
-0.148432
0.101877
0.086394
-0.025482
-0.012915
0.061544
0.072689
0.015200
0.032094
0.020249
0.032368
-0.091212
0.162663
0.016604
0.008993
0.010608
-0.143109
-0.068167
0.023448
-0.027731
-0.115846
0.137101
-0.103904
0.076301
0.062232
0.061252
0.056414
-0.025106
-0.070734
-0.201326
-0.021259
-0.005599
-0.019368
0.106799
-0.064918
-0.025135
0.190805
-0.001518
-0.033427
-0.036430
-0.071900
-0.139752
-0.085042
-0.015888
-0.000360
0.061520
-0.033028
0.105969
-0.017013
0.015968
0.096153
-0.039852
0.119865
0.046455
-0.068478
0.072237
-0.028607
-0.073479
0.030288
-0.012879
0.011872
-0.070677
0.073822
0.016313
-0.004995
-0.043215
0.037824
-0.145669
0.009281
0.008804
-0.061423
-0.006118
-0.070088
0.065092
0.063982
-0.064176
0.073873
-0.027023
0.055499
-0.092530
-0.048575
-0.042595
0.045010
0.044689
0.053731
-0.041566
-0.033906
-0.036309
-0.079941
-0.087142
-0.163465
-0.074021
0.058166
-0.063265
-0.072826
-0.113901
0.048670
0.039574
0.109382
0.140144
-0.067363
0.019931
-0.032565
-0.091987
0.032190
-0.121514
0.098900
0.009626
-0.091424
-0.001933
0.032659
0.049393
-0.043673
-0.086962
0.037893
-0.033000
0.046842
-0.033711
-0.018574
-0.024446
0.023473
-0.042061
-0.028840
-0.066727
-0.056028
-0.014850
-0.006191
-0.044996
0.063733
-0.008978
0.013363
-0.058363
-0.050279
0.016723
-0.024711
0.005309
0.011054
-0.016832
0.034557
-0.005308
-0.027368
-0.038488
-0.085989
-0.047513
-0.065627
-0.072868
0.055240
0.024120
0.095403
-0.129121
-0.112842
-0.020122
-0.018120
0.030915
-0.017424
-0.055491
-0.112477
-0.004269
-0.048252
-0.010130
-0.139377
-0.083353
0.070455
-0.044857
0.031577
0.030981
0.140056
-0.044486
-0.167612
0.039105
0.055656
0.104608
0.057373
-0.028244
-0.135717
0.004884
0.146401
0.127950
0.113650
0.035907
0.060012
0.015895
0.008607
0.046135
0.107764
0.059318
0.040181
-0.016390
0.073039
-0.038807
-0.073442
-0.021120
-0.000751
-0.015696
-0.009599
0.091146
-0.047211
0.025077
0.009908
-0.052307
-0.088157
0.028881
0.124613
-0.073007
-0.146352
-0.020720
0.026503
0.019229
0.103223
0.049355
0.084605
0.014608
0.048564
0.052319
0.016739
0.023010
-0.031705
-0.005488
0.043951
-0.084400
0.102993
-0.056791
0.021569
-0.051750
-0.002783
-0.022887
0.054191
-0.075825
0.028564
0.178331
0.063564
0.037220
-0.009084
0.003065
-0.031661
-0.060077
-0.011250
0.031952
0.080933
0.093585
0.075178
-0.079529
-0.057100
0.098825
0.010004
-0.030750
-0.016740
0.115625
-0.069330
-0.064153
0.117545
0.000090
0.019822
-0.001849
0.056524
-0.016208
0.137017
0.022242
0.080088
-0.033140
-0.049258
-0.093669
-0.043926
-0.058339
0.000170
0.107140
0.148301
0.004261
-0.033997
-0.094806
-0.019811
-0.008760
-0.086295
-0.076224
0.045652
-0.082354
-0.038219
-0.101672
-0.046988
-0.024429
-0.013098
0.139723
0.010678
-0.031059
0.016304
-0.091624
-0.038505
0.000240
0.135910
0.024338
0.084721
0.060944
-0.002691
-0.058583
0.007725
0.022695
-0.036895
0.036102
0.117305
-0.008358
-0.014220
0.055407
0.128531
0.057158
0.127768
-0.157586
0.096956
0.127630
0.018946
0.010631
-0.021020
0.100806
0.029752
0.100377
-0.025225
0.043721
0.049089
0.077489
-0.024957
0.074191
-0.109698
0.014172
0.088042
-0.060840
0.096446
0.071450
0.034858
0.065917
0.036688
0.178061
-0.002375
-0.000214
0.102292
-0.039780
0.034659
-0.021043
-0.002856
0.032231
0.081207
0.019327
-0.061916
0.031358
-0.100950
0.031612
-0.049224
0.076265
0.036407
-0.039661
-0.063211
0.031175
-0.041723
-0.046760
0.075812
0.065515
-0.025450
0.041906
-0.209352
-0.050465
-0.059706
0.019711
-0.016734
-0.057093
0.096212
0.008392
-0.019960
0.111269
0.111860
0.003512
0.059001
0.027949
-0.093926
0.044225
-0.192558
0.070015
-0.007810
0.071279
0.058622
0.010664
0.092279
0.022746
-0.055174
-0.048805
-0.016059
0.032502
0.039106
0.019763
0.018825
-0.016445
-0.029055
0.045514
-0.001678
0.053639
0.092697
0.063177
-0.033148
0.046495
0.000948
-0.014148
-0.020819
-0.033041
0.050991
0.017484
0.050527
-0.024354
0.016046
-0.078238
-0.082619
-0.110167
0.007619
0.005250
0.055587
0.037171
-0.036706
-0.011792
-0.079552
0.013063
0.110342
-0.049551
0.031747
-0.065635
0.028886
-0.066769
0.029405
-0.047496
-0.006277
0.096798
-0.075022
0.050775
-0.138204
-0.081960
-0.091432
0.027049
0.057023
-0.022360
-0.005143
0.024065
-0.012421
-0.065581
0.040958
0.013348
-0.049859
-0.019225
-0.131834
0.026810
-0.006714
0.201504
0.085739
-0.147161
-0.038038
-0.138977
-0.019394
-0.002778
-0.027718
0.036308
-0.056498
-0.115739
0.072514
0.085364
-0.109465
0.051062
-0.097893
0.010433
-0.132146
-0.045089
-0.017456
-0.007221
0.083910
0.030288
0.040185
0.017962
-0.035549
-0.001310
0.015082
0.013734
0.127986
-0.068312
-0.036567
0.104761
-0.055145
-0.107452
-0.097671
-0.112709
-0.093050
-0.113390
0.020672
0.101968
0.037173
0.021943
0.042243
0.139036
-0.125988
0.098698
0.065853
0.058380
0.056438
0.093170
-0.073975
-0.091471
0.021344
-0.083490
0.001453
-0.015643
0.052461
0.073609
0.077090
0.072926
0.043232
0.062199
-0.079444
0.021280
-0.075700
0.120905
-0.080923
-0.044678
0.041760
-0.073000
-0.013618
-0.064448
-0.077655
0.145385
-0.029543
-0.009344
-0.060852
0.000374
-0.079428
-0.127861
0.101435
-0.040092
-0.009887
-0.127880
0.012715
0.006324
0.024351
-0.057761
0.016110
-0.132894
-0.064372
0.082080
0.012710
-0.070442
-0.047550
-0.082680
0.021281
-0.036554
-0.067499
-0.115715
-0.012989
-0.064220
-0.049262
0.009865
-0.168181
-0.118245
0.028354
-0.051259
-0.027972
0.050908
-0.092357
0.046057
-0.019904
-0.000456
0.182065
0.125204
-0.036127
-0.030489
0.132747
0.009426
0.097251
0.008518
0.027128
0.009631
-0.037686
-0.004382
-0.026821
-0.057122
-0.021160
-0.061647
0.068796
0.001362
-0.130597
0.029600
0.082745
0.024233
0.028636
-0.029742
-0.096305
-0.081421
-0.024301
0.015611
0.036504
-0.023958
-0.011906
-0.041231
-0.059992
-0.055572
0.078101
0.045087
-0.012180
0.139893
-0.158515
-0.001542
-0.029544
0.025596
-0.113920
-0.007362
-0.005611
0.045893
0.123844
0.041115
0.159364
-0.147191
0.038827
-0.016230
-0.078185
-0.021541
0.049567
-0.050026
0.045477
0.000401
-0.094796
-0.012607
0.025813
0.060408
0.014765
-0.010101
0.001627
-0.019240
-0.002683
-0.058509
0.038999
0.031548
-0.103607
-0.051894
-0.028439
-0.138094
-0.091588
-0.033379
-0.124960
0.119051
-0.063252
0.062695
-0.072286
-0.043579
0.104811
0.123478
0.025129
-0.047716
0.051666
0.036743
-0.027466
-0.069653
-0.043819
-0.092433
-0.150320
-0.080034
0.002831
0.062406
0.016812
-0.084840
0.069411
0.100981
0.057577
0.138491
0.049012
0.104283
0.044279
-0.014748
0.127731
-0.086728
-0.003264
0.034335
0.063339
0.048423
-0.022267
0.075837
-0.029122
-0.029440
0.051301
0.059103
0.006606
0.037935
0.068486
-0.027999
-0.183573
0.131075
-0.149876
0.089269
0.017235
0.023081
0.019168
0.087406
-0.098131
-0.012546
-0.101686
-0.018656
-0.079995
-0.048531
0.043727
-0.063812
-0.051253
-0.048648
-0.069976
-0.144221
-0.018302
0.007821
-0.072720
-0.124384
0.001645
-0.089723
0.057978
-0.044813
0.078123
0.116281
0.043393
0.036551
0.020755
-0.019599
0.056396
-0.105383
0.006731
-0.038075
-0.046577
0.061532
0.013592
0.052749
0.003590
0.129798
0.097493
-0.091751
0.099547
0.129088
-0.095566
0.015418
-0.005190
-0.036998
0.031711
-0.088561
0.026316
0.025452
-0.136310
-0.010798
-0.087146
-0.205126
-0.091918
-0.010101
-0.086183
0.064241
0.088534
0.017922
-0.041447
-0.022306
0.027811
-0.008709
-0.062351
0.130575
0.053624
-0.121090
0.034800
0.031446
0.072676
0.020888
0.017521
-0.038942
0.140780
0.168718
0.070826
0.037192
-0.010519
-0.097236
-0.051055
-0.069915
-0.019180
0.007091
-0.063294
0.026438
0.101442
-0.008249
0.118442
-0.034951
0.013167
0.036571
0.002018
-0.024611
0.011914
0.025785
-0.062324
-0.070253
-0.038056
-0.116484
0.041148
0.081591
0.036793
-0.112686
0.125452
0.056552
-0.018709
0.170361
-0.034618
-0.132055
0.089855
-0.133994
-0.032891
0.021594
-0.148381
-0.060218
0.029281
-0.018320
-0.042917
0.088472
0.106853
-0.055695
0.024418
-0.092281
-0.042674
-0.096209
-0.014584
-0.015772
-0.058931
0.053150
0.040695
0.067856
-0.059037
0.123872
-0.038681
0.037570
0.037326
-0.022354
0.006114
-0.016514
0.064107
-0.135027
-0.092540
-0.101404
0.006273
-0.031268
-0.063152
-0.086869
0.130298
-0.122646
0.141561
0.014945
-0.032070
0.011455
-0.008049
0.065408
-0.073338
-0.040053
-0.030634
-0.038896
-0.105322
-0.080485
-0.036476
0.035149
-0.079235
0.081171
-0.123610
-0.038548
-0.046838
-0.019748
0.010470
-0.072408
-0.001363
0.050984
0.022333
-0.021291
0.028749
0.046079
-0.049291
-0.003064
-0.088241
-0.008597
-0.091206
0.041432
0.100787
0.025990
-0.003209
-0.074583
-0.016603
0.032430
0.028880
0.055606
0.055088
-0.069495
-0.032323
0.088640
0.015552
-0.050074
-0.032569
-0.087115
-0.024395
-0.095668
0.049703
0.033884
-0.029016
0.001105
0.063712
0.017688
0.124895
-0.014420
-0.041510
-0.134264
-0.063499
-0.062454
0.141352
-0.014561
-0.022384
0.030672
-0.066624
0.046601
-0.069445
0.091860
0.120005
-0.125308
-0.026414
0.026364
0.073912
0.008134
-0.069252
-0.049675
-0.108884
0.117579
-0.005041
-0.083446
0.024352
0.191969
0.025122
0.045024
-0.032397
-0.031238
0.055833
0.030836
0.165161
0.092687
-0.020621
0.010515
0.141779
-0.036210
0.119462
0.020741
-0.002946
-0.053877
-0.044427
0.051196
-0.031063
0.094282
0.066873
0.043668
0.044358
0.073176
-0.167346
0.048938
0.142734
-0.071737
-0.012592
0.093721
0.104287
-0.017625
0.030886
-0.016293
-0.171605
0.061770
-0.020030
0.005124
0.130195
-0.008436
-0.015643
0.124448
-0.002640
-0.057588
-0.009267
-0.058777
-0.045297
-0.003956
0.001655
-0.086646
0.092899
-0.014184
-0.015425
-0.026481
-0.110084
0.118014
0.086677
0.066850
0.027832
0.084504
0.015114
0.067299
-0.034605
-0.033073
0.037348
-0.011804
-0.055204
-0.002866
0.003089
-0.041174
-0.027247
0.150729
-0.007017
-0.028737
0.062921
-0.012240
-0.023096
0.098695
-0.037432
-0.030745
0.131889
0.006900
0.032910
-0.070400
-0.001312
0.051452
0.011478
0.014213
0.026857
-0.120480
-0.037659
0.061004
0.116839
0.061667
-0.043413
-0.060700
-0.085069
-0.029881
-0.014439
0.058988
0.039361
0.061226
0.126092
-0.070580
0.034090
-0.025370
0.089753
-0.097352
-0.069474
-0.031865
-0.001151
0.036599
0.023866
0.024899
-0.000396
-0.059216
-0.007396
-0.017005
-0.018864
0.000300
0.056591
0.095673
0.090783
0.024168
-0.128841
-0.037307
0.134981
0.019330
-0.049230
-0.038892
-0.114015
0.100506
0.090884
0.003520
0.058420
-0.150716
0.063159
-0.060918
0.062969
-0.027093
-0.054750
-0.049725
-0.052864
0.098087
0.175061
-0.001011
-0.078944
-0.028137
-0.108534
-0.029660
0.062436
0.061348
0.016160
-0.023905
0.059031
0.056721
-0.122858
0.005779
-0.029514
0.035422
-0.136583
-0.010747
0.039175
0.104700
-0.030283
-0.004151
0.185078
-0.084142
-0.009325
-0.039631
0.041284
-0.005601
-0.068715
-0.046433
-0.013280
-0.039123
0.100935
-0.016720
0.109108
-0.133083
-0.054895
0.018475
0.077419
0.063842
0.029562
0.058878
-0.059682
-0.009755
-0.029162
-0.001365
-0.040099
0.041035
-0.094075
-0.075644
-0.119500
0.071879
-0.044154
-0.092675
0.048773
0.029279
0.028104
0.060779
-0.119115
0.040914
-0.010058
-0.019560
0.161789
0.029654
0.046834
-0.076416
-0.124807
-0.042304
0.128621
0.013433
-0.139589
0.042502
-0.010739
-0.080448
0.079926
0.021643
-0.027482
0.009398
0.021512
-0.062122
-0.096515
0.041464
0.091060
0.027230
-0.088282
-0.028055
-0.083495
0.092203
0.017489
0.021159
0.023197
0.056621
0.048810
0.041069
-0.000244
0.011486
-0.023960
0.009011
-0.050399
-0.009893
-0.032196
0.057760
0.051639
-0.045412
0.034063
-0.038491
-0.083804
-0.003213
0.037197
0.050149
-0.097242
-0.036859
-0.092799
0.061628
0.101019
-0.077084
-0.131102
0.134837
-0.065525
0.075841
-0.132785
-0.043925
0.011499
0.088807
0.114919
-0.079008
0.069955
0.180039
0.046292
0.004464
-0.034422
0.000662
-0.109852
0.017977
-0.107643
0.105304
-0.025696
-0.067310
-0.052320
0.012505
-0.109561
-0.075840
0.047876
0.034967
-0.126030
-0.085996
0.025911
0.002221
0.183796
0.003436
0.040901
0.022122
0.054200
-0.122644
0.001325
0.045667
-0.164853
0.029442
0.012426
-0.023327
-0.004955
-0.003166
0.054419
-0.010234
0.147278
-0.092429
0.055990
0.021408
0.046211
0.055716
-0.061282
-0.046524
0.013480
-0.022861
0.053317
0.085672
-0.044505
-0.059845
0.160967
-0.003039
0.019398
-0.083143
0.021225
0.112826
0.088959
0.018313
-0.033756
0.001765
-0.002180
-0.006671
0.030460
-0.062187
-0.017222
0.028228
0.045441
-0.088224
0.044621
0.117727
0.042291
0.011350
-0.017635
-0.073864
0.034145
0.062929
-0.087158
0.007950
-0.020435
-0.064147
0.030394
0.057392
-0.058595
0.016969
-0.058834
0.072276
0.008755
-0.084820
0.054201
-0.047376
-0.018229
-0.010641
-0.032399
0.038558
-0.043929
-0.175470
-0.005509
0.017165
-0.046642
-0.057741
-0.039498
-0.004545
-0.001817
0.029415
-0.003168
0.017447
-0.064197
0.155058
0.156231
0.105677
-0.000360
0.023405
-0.029812
0.018714
-0.134503
-0.020077
-0.012769
0.025295
0.036718
0.093748
-0.036959
0.030823
-0.136046
-0.111722
-0.075611
-0.078727
-0.143747
0.076323
0.010653
0.027504
0.040744
0.159356
-0.057570
0.066609
0.107438
-0.063937
0.004986
-0.069324
0.056343
-0.055012
0.033701
-0.081709
0.126923
0.028991
0.065478
0.027402
-0.051309
0.042126
-0.074217
-0.061629
0.001647
-0.021109
-0.055392
0.015797
0.157663
-0.019016
-0.020524
-0.054159
0.131890
0.107753
-0.083345
-0.068975
0.047366
0.001939
-0.002248
-0.061898
-0.017124
-0.005882
-0.056822
0.056990
0.083843
0.009542
-0.092049
0.076547
-0.056490
-0.015273
0.017027
-0.085481
-0.005687
-0.042310
-0.089687
0.014946
-0.069377
0.125511
-0.060932
-0.032311
-0.118049
0.020504
0.027046
-0.112079
-0.002053
-0.119737
0.035394
0.088321
0.032564
-0.039006
-0.088920
0.111980
0.178006
-0.037469
0.077848
0.070993
0.032443
0.004607
0.045328
0.045022
-0.066181
-0.018659
0.021656
-0.026273
-0.121197
-0.028497
0.041677
-0.009921
0.040490
-0.040858
0.033744
0.096642
-0.051264
0.111941
0.016468
0.078687
0.000453
-0.009372
0.024269
-0.028398
-0.058733
-0.065326
-0.056224
0.006651
0.034625
0.024838
-0.069240
0.147179
0.054546
-0.005704
-0.085351
-0.040622
0.030181
0.035033
0.044641
0.039720
0.015315
0.066884
-0.049906
-0.038551
-0.137012
-0.045550
-0.116933
-0.028805
0.077054
0.018243
-0.013202
0.015297
-0.017185
-0.020054
-0.106761
-0.030264
0.216657
-0.010062
0.073347
-0.213413
-0.083526
0.097910
0.039165
0.020599
-0.040744
0.030038
-0.060280
-0.101368
-0.059562
0.046574
0.019144
-0.080638
0.055188
-0.063673
-0.009098
-0.017141
0.076776
0.024615
-0.102521
0.078564
-0.131779
-0.069369
0.039024
0.071580
-0.083014
-0.075031
0.047377
-0.048332
0.140200
0.043908
-0.055533
0.126428
-0.003444
-0.061373
-0.038896
0.118939
-0.011656
0.086988
-0.100954
-0.081501
-0.071956
-0.043913
-0.070616
-0.016267
-0.141095
-0.044512
-0.014283
0.083741
0.104656
-0.024421
-0.148185
-0.021248
0.145792
-0.039836
-0.013229
-0.009360
-0.144227
0.066018
0.049659
0.051180
0.038657
0.037270
-0.009841
0.055683
-0.069092
-0.093376
-0.117104
0.012210
-0.056431
-0.073591
-0.065860
0.017672
0.010531
0.018481
-0.002900
-0.142591
0.042461
0.034428
0.042454
-0.014141
-0.052200
-0.036359
-0.062823
-0.089451
-0.092275
0.100570
0.030997
-0.044215
-0.005014
-0.119802
0.097512
0.016020
-0.100447
-0.073941
-0.049268
-0.049108
-0.022470
-0.063467
-0.033246
0.021962
-0.070281
0.084502
-0.014171
0.095892
-0.099726
0.044429
-0.020191
-0.104214
-0.076521
0.064278
0.112247
0.082519
0.104562
0.073245
0.047193
0.001795
0.027715
-0.050953
-0.034504
-0.076066
-0.020222
0.066496
-0.089621
0.115910
0.050447
-0.041761
-0.089181
-0.103856
0.076616
-0.021601
-0.020680
0.023192
-0.010469
0.002565
-0.003068
-0.053819
-0.055591
0.125629
-0.021386
-0.066022
-0.024390
0.027598
-0.037212
0.043591
0.067021
-0.020787
-0.019106
0.060194
-0.013917
-0.113347
0.190454
-0.068998
0.042537
-0.131873
-0.010581
-0.016317
-0.110776
-0.056095
0.031691
-0.059581
-0.085912
-0.027752
0.018999
0.188616
-0.179031
0.136044
0.092393
-0.088972
-0.085480
0.061112
-0.177148
-0.058376
0.033169
0.022969
-0.090343
0.061354
0.094687
-0.076715
0.005638
-0.018239
-0.058308
0.066621
-0.016679
-0.063986
-0.024244
-0.093641
-0.054621
-0.126328
-0.125970
-0.107551
0.055021
0.166114
0.061271
-0.036732
-0.116824
-0.060757
0.024281
-0.073002
-0.112171
0.011902
-0.017551
0.059222
0.137654
0.074513
-0.048813
-0.000526
0.031586
-0.013126
0.108000
0.050339
-0.052296
-0.078155
-0.108595
-0.027014
-0.158400
0.104700
-0.035637
-0.062628
0.008096
-0.078241
-0.018321
-0.011069
-0.044702
-0.075204
-0.003144
-0.000003
-0.015563
0.056903
-0.045055
-0.089036
-0.007879
0.002985
-0.154972
0.055719
0.120062
-0.026738
0.045722
0.045420
-0.101359
0.049814
0.096297
-0.059303
-0.047198
0.060178
-0.064293
0.060653
-0.008302
0.017047
0.005776
-0.064383
-0.027087
0.004270
-0.074902
-0.150182
0.082660
0.073817
-0.021811
-0.039314
-0.038287
-0.001246
0.060759
0.055607
0.014532
0.003921
-0.028921
0.020414
0.162669
-0.104205
0.029982
-0.008704
0.132490
-0.007034
0.033599
0.002530
-0.008038
0.047888
0.077541
-0.076181
-0.000602
0.009273
-0.011270
-0.110811
-0.006124
0.005149
0.089525
0.040286
0.006109
0.005030
-0.017153
0.032324
-0.093761
0.120195
0.053158
0.218191
0.067402
0.119826
0.029421
-0.070517
-0.079737
0.019765
0.103224
-0.035574
0.001224
-0.066098
-0.043915
0.063761
0.016366
-0.051148
0.095976
0.038438
0.017201
-0.114566
-0.142011
0.129941
0.025217
0.011741
0.086511
-0.181498
-0.097218
0.035090
-0.007125
-0.027852
-0.021366
-0.019064
-0.070331
0.006303
0.053815
-0.034518
0.055383
-0.094220
-0.015595
0.087587
0.054595
-0.098416
0.127115
-0.000460
-0.024441
-0.070308
0.042884
0.079678
-0.032947
0.127204
0.008726
-0.025501
-0.010445
-0.032359
-0.015458
-0.000233
0.043400
0.003359
-0.001999
-0.036204
0.016702
-0.031443
-0.093203
0.060526
-0.106152
-0.055253
0.071225
-0.101223
0.127857
-0.026977
-0.100253
0.032739
-0.007036
-0.019644
-0.083949
-0.025665
-0.086332
0.122985
-0.073780
0.045715
0.022105
0.043561
0.041346
-0.148243
0.012529
0.016127
-0.187921
0.095432
-0.042630
-0.065634
0.122295
-0.075957
0.095522
-0.030421
-0.009440
0.096107
0.027617
0.010527
0.094852
0.021545
-0.011299
0.025628
0.122355
-0.107064
0.037159
0.060365
0.060557
0.040462
-0.011295
0.008391
-0.158357
0.023639
0.014833
0.050299
-0.033572
0.006945
0.045191
0.098354
-0.059455
-0.032252
-0.011984
0.070120
-0.044733
0.005852
0.003178
0.032882
0.142866
-0.019639
0.020813
-0.185059
-0.028773
0.100797
-0.009984
-0.025480
-0.043968
-0.004894
-0.110394
-0.030085
-0.034187
0.040184
0.085181
0.052998
0.109237
0.030753
0.023417
-0.105241
-0.061394
-0.090454
-0.093349
0.069103
-0.063948
-0.028194
-0.041409
-0.102612
0.073742
-0.015266
0.008988
-0.066826
-0.000129
-0.027040
-0.096113
-0.045051
0.055198
0.107301
-0.041821
0.103437
0.007793
0.018163
0.023501
0.046021
0.057034
0.089276
-0.061337
0.056431
-0.048927
-0.012224
-0.016041
-0.072901
0.015917
0.108837
0.007915
-0.127258
0.012672
-0.018133
-0.041540
0.033644
0.043390
-0.000554
0.041400
-0.012543
0.001821
0.088766
-0.072308
-0.032402
0.018463
-0.100199
-0.008426
-0.028956
-0.030830
0.031680
-0.090418
0.033368
-0.059301
-0.045919
-0.067712
-0.030771
0.036707
-0.026518
0.035354
0.038275
0.067355
-0.031899
0.110681
-0.033902
-0.052755
0.072905
0.083699
-0.053834
0.020884
-0.106456
-0.073500
0.039562
0.048251
-0.000332
-0.139945
-0.050791
0.000699
-0.058932
0.012388
-0.038536
-0.040773
0.115985
0.009185
0.011238
-0.080202
0.076138
-0.051116
0.104244
-0.021486
-0.012801
0.007986
-0.009479
-0.084484
0.068406
0.038541
-0.056213
-0.042503
-0.048086
-0.062408
-0.010380
0.078900
0.017900
-0.011507
0.026757
-0.009234
-0.044717
-0.238143
0.014620
-0.075031
-0.000877
-0.041299
0.013551
-0.018535
0.004256
-0.065671
-0.004640
0.000909
-0.038075
0.077570
0.085252
-0.091999
-0.051334
-0.072082
-0.035097
0.108145
-0.041303
0.039210
0.092883
0.076578
-0.072493
-0.068668
0.075713
-0.113081
-0.020432
-0.035881
0.034600
0.061821
0.004602
-0.013334
0.114398
0.026957
-0.066947
0.009978
0.036927
0.072184
-0.092224
-0.046936
0.101768
0.018290
0.045635
0.128463
-0.019322
0.107949
0.094104
0.021024
0.023869
-0.061369
-0.129329
0.157895
0.108550
-0.046774
-0.027563
0.129703
-0.047642
0.024097
-0.113737
0.122575
0.046236
-0.079504
0.065857
0.047073
0.045771
-0.028437
0.111640
0.047862
0.021050
-0.025031
-0.075673
-0.057517
0.129576
0.029743
0.043313
0.112845
0.011021
-0.100480
-0.121802
0.020565
0.061686
0.003593
-0.100701
-0.052638
0.051522
0.055919
0.039528
0.041779
-0.137020
-0.150810
-0.130934
0.085885
-0.052259
0.093318
-0.010395
-0.122251
-0.032729
-0.030057
0.060934
0.029532
-0.097813
0.107339
0.164612
0.123204
-0.109220
0.053336
0.081047
-0.073953
0.005885
0.000468
0.081681
-0.020870
0.052367
-0.065790
-0.016851
-0.026566
-0.069834
0.108627
-0.094464
-0.032936
0.074754
0.081448
-0.094609
0.024416
-0.141722
-0.000381
-0.018242
0.007830
0.055582
-0.034604
0.100115
-0.016289
0.066409
0.094317
-0.053532
-0.127769
0.054751
-0.077937
0.057561
-0.037621
0.037398
0.060650
0.023607
0.022505
0.078227
0.014335
0.051886
0.161104
0.049590
0.022924
-0.094717
-0.037308
0.047994
-0.032240
0.012458
-0.074570
-0.015979
-0.029036
0.118263
0.047277
-0.060119
0.057821
0.028915
-0.039056
-0.014371
-0.000608
-0.068809
-0.067252
-0.123487
-0.017102
-0.054719
-0.006080
0.001348
-0.058432
0.089126
-0.070746
-0.142363
0.072069
0.012659
0.006581
0.028819
0.007052
-0.066489
-0.069422
0.040903
-0.054186
0.004641
-0.081989
0.081649
-0.079084
-0.110373
0.048778
0.050454
0.020485
-0.025284
0.102785
-0.004238
0.005795
0.014988
0.027447
0.029944
-0.015833
-0.100246
0.110733
0.075199
-0.127652
0.140516
0.108729
-0.022355
-0.061953
0.009155
0.103389
0.068708
0.073845
0.107664
0.054565
0.075285
0.047734
-0.087144
0.076038
0.038472
-0.099985
0.105395
-0.078779
0.026301
0.018523
-0.018253
0.044237
-0.019875
0.067966
0.021773
-0.039229
0.054417
-0.039401
0.044563
0.045373
0.060933
-0.044682
0.033849
-0.004232
-0.028941
-0.077124
0.045148
0.122403
0.113418
0.046986
-0.059767
-0.059498
-0.155657
0.007353
-0.002813
-0.010495
0.023922
-0.087726
-0.002360
0.098689
0.022265
-0.035966
0.045252
-0.065808
0.125711
-0.013958
-0.060770
0.048475
-0.077181
0.127299
-0.043194
-0.033666
-0.007024
0.086318
-0.082581
-0.031253
-0.090129
0.141573
-0.004401
-0.104925
0.075269
-0.007766
0.031905
0.066040
0.019071
0.010640
-0.057259
0.040374
0.057795
0.090642
-0.028994
-0.038072
-0.005418
-0.013331
0.001144
-0.036096
-0.118977
-0.030353
0.051145
-0.018015
-0.087062
-0.008570
-0.011957
-0.088001
-0.041627
-0.054641
-0.018826
-0.012486
-0.011620
0.076961
0.010284
-0.018112
0.010070
0.045892
-0.051974
0.062333
0.010024
0.038848
-0.048385
0.091562
0.019921
-0.152540
-0.067032
-0.071417
0.082181
-0.097484
-0.003089
0.088738
0.010509
0.088512
-0.033478
-0.028922
-0.011597
0.153910
-0.134953
-0.008444
-0.009085
-0.070723
0.104911
-0.055837
-0.095318
-0.090718
-0.023551
0.026013
-0.032975
0.112849
0.065516
0.087102
0.100506
-0.063889
0.009074
0.019244
-0.013319
0.062490
-0.038482
0.006153
0.011757
-0.026597
-0.048047
-0.020160
0.024386
-0.007948
-0.049208
0.079662
0.019526
0.033170
0.035846
-0.077049
-0.073061
0.069479
0.017874
-0.080402
0.029161
0.049133
0.017028
-0.041500
0.016469
0.023382
0.023689
0.064291
0.059816
-0.089209
-0.042598
0.028942
0.030951
0.048430
-0.099383
0.022797
0.070206
0.057658
0.069307
-0.110488
0.131302
-0.048781
0.018377
0.036803
-0.031202
0.038782
-0.073877
0.055294
0.050502
0.018667
-0.015473
-0.038672
-0.108982
0.026280
0.042989
0.007035
0.092373
0.040533
-0.085495
0.075041
0.013111
-0.022879
0.010968
-0.079506
-0.074144
-0.027130
-0.133291
0.065685
-0.021839
0.098958
-0.031693
-0.024372
-0.010680
-0.039128
-0.018650
0.038121
-0.039825
-0.014856
-0.088138
-0.129459
-0.139025
-0.093430
-0.037499
0.118998
0.020051
0.008265
-0.000915
0.009175
-0.037890
-0.009175
0.104603
-0.082216
-0.060423
0.122689
-0.026585
-0.008883
0.102720
-0.038247
-0.068729
0.084504
0.029420
-0.130931
-0.103435
0.044761
-0.032922
-0.053546
-0.015878
0.089526
-0.101020
0.054513
0.073890
-0.039485
-0.120508
-0.010240
0.002099
-0.028979
-0.038798
-0.011609
-0.073597
-0.019833
-0.033144
0.007655
-0.117857
-0.037407
0.035010
0.077828
-0.055090
0.060496
-0.064190
0.083595
-0.090062
0.082452
-0.034326
-0.070217
-0.136383
-0.065022
-0.001607
0.097718
-0.024986
-0.067985
-0.026277
0.128996
0.094845
-0.130665
-0.009487
0.007965
-0.013117
-0.057861
-0.005294
-0.057337
0.090537
0.022100
0.020553
-0.095829
0.078056
0.015153
0.020950
0.047703
-0.089197
-0.009898
0.010087
-0.121165
-0.044244
0.000225
0.069844
0.008447
-0.032900
-0.023859
-0.027553
-0.131946
-0.026010
0.002226
0.179732
-0.014544
0.125182
-0.059022
-0.019575
-0.058962
0.058500
-0.067717
0.022225
-0.149573
0.036116
0.131447
0.007026
-0.045825
0.093963
0.057735
0.009074
-0.070916
0.027888
0.012929
0.154729
0.023216
-0.091940
0.040941
0.001748
0.076955
-0.051592
-0.014523
0.102693
-0.108490
-0.047329
-0.018137
0.016448
-0.195977
-0.085808
-0.044716
0.104421
-0.094280
-0.001210
-0.013372
0.000206
0.010222
0.117510
-0.086959
0.006474
0.035469
-0.063037
-0.024291
-0.037917
-0.001980
0.011323
0.091307
-0.009529
-0.063743
-0.059883
0.093817
-0.018840
-0.017344
-0.005901
-0.047269
0.038386
0.007382
0.004140
-0.092200
-0.130600
-0.044842
-0.022969
-0.022721
0.045086
0.018634
-0.021243
0.067482
0.053864
-0.149163
-0.027220
-0.057094
-0.000813
0.093383
0.017668
-0.115048
-0.059061
0.049093
0.038439
0.075687
0.035289
-0.011484
0.107915
-0.000638
-0.026009
-0.056580
-0.026685
0.003047
0.018363
-0.012877
-0.018778
-0.043050
-0.051154
-0.087563
-0.018064
-0.039050
0.055193
0.029838
0.051850
-0.055767
-0.062246
-0.008638
-0.086327
0.040602
0.139683
-0.014440
0.041578
0.083418
0.072725
-0.029896
0.083356
0.067351
0.014109
-0.060604
0.192448
0.104823
-0.005313
0.144470
0.063928
-0.125193
-0.053250
0.099615
-0.148845
0.013840
-0.132328
0.056680
0.012911
-0.158946
0.097196
-0.010316
0.111640
-0.054711
0.015241
0.006971
-0.017400
-0.186174
-0.033912
0.050079
0.043104
0.103294
-0.012839
0.027437
-0.054552
0.085713
0.064789
0.009155
0.049278
0.026263
-0.000380
0.048195
0.099306
-0.002696
0.002583
0.000278
-0.047727
-0.084714
0.038340
0.074200
0.002869
-0.129322
-0.061165
-0.045127
0.001305
-0.103565
-0.053203
0.033961
0.097966
-0.101400
0.037358
-0.027270
-0.128682
-0.121915
0.017271
0.024837
-0.036295
-0.104103
0.000868
-0.085271
0.044410
0.086127
0.103800
0.036247
-0.007948
-0.010951
0.056321
0.122314
-0.031568
0.265950
0.019056
0.036413
-0.000207
0.064201
0.008154
-0.111947
0.115137
-0.013299
-0.029094
-0.016832
0.078092
-0.013219
0.097937
0.039558
-0.173557
-0.013362
-0.048441
0.032926
-0.051878
0.020253
-0.039851
0.086269
-0.001745
-0.066287
-0.002077
0.064295
-0.022884
0.038592
-0.027055
0.050671
-0.029927
0.079558
0.038748
0.080080
-0.047311
-0.042958
0.034470
0.044114
-0.023618
-0.049916
-0.136954
0.054049
0.011993
0.044586
0.089961
-0.003045
-0.108112
-0.040863
0.092553
-0.014716
0.014766
-0.026187
-0.034424
0.017505
-0.120790
-0.078460
-0.035573
0.035979
0.025461
-0.057411
0.010246
-0.084702
0.026713
0.116906
-0.144937
0.121794
-0.041674
0.014478
0.024168
-0.020921
0.118304
0.059843
0.033016
-0.004096
-0.187897
0.066105
-0.021264
0.072684
-0.028077
-0.012453
-0.037851
-0.050500
-0.009603
0.085346
0.087986
-0.002061
0.060538
-0.045112
0.003779
-0.062249
0.016356
-0.012217
0.052995
-0.024165
0.059355
0.099739
0.005235
0.046439
0.017290
-0.031630
-0.023834
-0.035072
-0.078480
0.137593
-0.006806
-0.043792
-0.009925
-0.022819
0.125422
-0.074319
0.063739
0.090397
0.027179
0.005293
-0.005546
-0.027842
0.030975
0.021621
-0.073052
0.023820
0.059682
0.088264
0.045301
0.000580
0.090757
0.051931
0.000113
0.030590
-0.143292
0.012038
-0.051842
-0.064114
-0.026068
-0.117177
-0.027600
0.046968
0.037823
0.018841
0.069939
-0.137398
0.058904
-0.002690
-0.161180
-0.017712
-0.060673
-0.130313
-0.127299
-0.057208
-0.015791
0.046908
-0.004272
-0.099084
-0.079718
0.008221
-0.025429
-0.108105
0.077928
0.023515
0.007695
-0.101757
0.074959
-0.116580
0.065639
0.022340
0.041559
-0.056005
0.139417
-0.048621
0.046911
0.069315
-0.088845
-0.052176
0.110100
-0.092066
0.041403
0.095950
-0.050331
-0.012910
-0.004444
0.066344
-0.066283
0.058698
-0.029836
-0.118441
-0.003824
-0.110053
-0.002761
-0.037956
-0.034393
-0.087267
-0.084280
0.119634
0.005474
0.037848
0.067671
-0.114678
-0.147237
0.104223
-0.019085
-0.017183
-0.095994
-0.091824
-0.062693
-0.125827
0.051167
-0.038789
0.051092
-0.014389
-0.041116
-0.107078
-0.089046
-0.014965
-0.050942
0.049303
-0.064020
0.039590
0.037936
-0.027895
0.008178
0.018734
0.094641
0.048509
-0.052749
0.044745
0.040966
-0.021165
0.035243
0.067101
-0.050260
-0.068980
-0.123866
-0.032772
0.143727
0.103109
-0.068118
0.026949
0.019079
-0.011741
0.093286
-0.037606
-0.048992
0.023141
0.020041
-0.073880
-0.103979
0.001210
0.059156
0.023959
-0.040092
-0.024999
0.002130
-0.052860
0.179565
0.022078
0.049306
0.061016
-0.030635
0.059767
-0.119544
0.035977
0.029487
-0.025813
0.068222
0.003170
-0.001636
0.033848
-0.132266
-0.037209
0.047597
-0.032559
0.025195
0.019102
-0.030269
-0.069248
-0.128414
0.114371
0.007330
-0.097095
0.045371
0.015412
-0.090969
0.021710
0.004393
0.001648
-0.068125
-0.009475
0.003154
0.081098
-0.052562
0.120714
0.018685
0.043129
0.023271
0.037959
0.052242
-0.191862
-0.000723
0.007148
-0.035647
0.122044
0.026316
0.010013
0.003898
-0.036508
0.001614
0.040398
0.053021
-0.013546
-0.191930
0.034479
0.082870
0.030491
0.071414
-0.154047
-0.123239
0.014978
-0.004916
-0.121372
0.137163
-0.155528
0.060696
-0.002601
0.054259
0.033882
0.050186
0.018022
0.116848
-0.043030
0.010704
-0.024356
0.038818
-0.020011
0.009422
0.022967
0.058619
0.112016
0.036593
-0.108487
0.115918
0.035648
-0.047466
0.027682
-0.022872
-0.025130
0.148791
0.054820
-0.103629
0.014051
0.015596
-0.041344
-0.024894
0.011926
-0.161065
-0.002008
-0.071857
0.093341
-0.086277
-0.022743
0.031175
-0.013090
0.056227
0.020342
-0.030758
0.091970
0.135106
-0.005795
-0.048946
-0.054814
-0.004988
-0.050882
-0.004521
0.006400
0.021764
0.019822
0.060082
-0.032064
0.004802
-0.085512
-0.061417
-0.031410
0.030436
-0.015797
-0.020412
0.008678
-0.040185
-0.110357
0.015984
0.023854
-0.092450
-0.103591
0.120067
0.063903
0.024316
0.028508
-0.073154
0.019747
-0.049080
-0.099489
0.001929
-0.034323
0.052532
-0.019229
0.045253
0.020680
-0.095084
0.161090
-0.066101
0.172857
0.078914
-0.032597
0.058646
0.001556
-0.018404
-0.211299
0.048223
-0.057819
-0.070764
-0.034147
0.009006
-0.031766
-0.050005
-0.014196
-0.119894
0.076878
-0.036186
0.026589
0.067004
0.019970
0.021285
-0.034645
-0.050820
-0.025261
-0.023081
-0.035804
0.047850
0.055215
-0.019450
0.007234
-0.060329
0.041477
0.013752
0.038935
-0.021147
-0.041649
-0.113664
0.026390
-0.011117
-0.089275
-0.078181
0.120411
0.145854
0.014673
-0.008301
0.071335
0.159317
-0.012965
0.078320
0.045394
-0.000277
0.046601
-0.008345
0.077124
-0.061428
-0.033246
0.115826
-0.086409
0.067062
-0.099372
0.040171
0.107345
0.121190
0.022814
-0.016808
-0.119125
-0.062052
-0.075684
-0.038231
0.004142
0.143388
0.030315
0.034203
-0.066823
-0.053574
0.003136
-0.036138
-0.026811
0.050431
0.055973
-0.050045
0.019756
0.029969
0.012546
-0.027443
0.058812
-0.057379
0.036823
-0.009897
-0.147363
-0.130588
-0.014619
-0.050403
0.038025
0.014233
-0.149972
-0.006745
-0.039926
-0.154215
-0.013375
0.090497
0.007770
-0.061627
-0.053015
-0.042933
0.167197
0.006608
0.053087
-0.118426
0.083439
-0.038241
-0.045447
0.112310
-0.001356
0.032881
0.057061
-0.038118
-0.000145
0.045431
0.054779
-0.044099
0.016249
-0.063878
0.041458
-0.055648
0.019389
-0.084178
-0.022608
-0.018605
0.027657
0.015412
-0.023688
-0.076208
-0.111505
0.008228
-0.086558
-0.008146
0.034712
-0.037775
-0.001826
-0.103611
-0.031381
-0.132781
0.003651
-0.020464
-0.061182
-0.027041
0.047164
-0.077888
-0.015021
0.000683
0.016858
-0.038570
0.053644
-0.023793
0.079154
-0.049711
-0.119651
-0.046278
-0.051442
0.042561
0.004357
0.035605
-0.023854
-0.021089
-0.080271
-0.006163
0.000758
-0.005230
-0.077404
0.067570
0.102392
0.035661
-0.054839
-0.080174
0.097947
-0.199466
-0.019939
0.019302
-0.046366
0.202854
0.032359
0.054276
-0.007801
-0.077977
0.033899
0.019048
-0.157743
0.007774
0.064042
-0.012877
0.031902
0.056574
0.042507
0.019306
0.044477
-0.039234
0.062842
-0.072145
0.077875
-0.051295
-0.023603
-0.061963
-0.033926
-0.040305
-0.138579
-0.038580
-0.003034
-0.052874
-0.113129
-0.015528
-0.076924
-0.018049
0.067567
0.107256
0.007493
0.031700
-0.002646
0.026043
0.021645
0.021624
-0.052583
-0.050153
-0.049917
-0.013307
-0.005195
-0.070849
-0.063464
0.027560
0.043263
-0.009535
-0.049537
-0.020433
0.139243
0.012402
-0.004067
-0.004326
0.078318
-0.051114
-0.093309
-0.030298
-0.064118
0.135233
-0.051837
0.057025
0.009579
-0.021047
-0.023574
0.065923
0.083883
-0.002735
0.052415
-0.104887
0.036068
0.120437
0.005389
-0.011065
-0.052087
-0.009866
0.065479
-0.063885
-0.022264
0.011633
0.011311
-0.114532
0.032227
-0.039442
-0.128887
0.129108
0.147134
-0.049952
0.153821
-0.088839
0.053242
-0.035694
-0.040987
-0.133407
-0.027033
-0.061308
0.164316
0.020694
0.029638
-0.086914
0.003588
-0.041610
-0.071366
-0.012570
0.032552
0.051411
-0.073453
0.206042
-0.121013
-0.024653
0.137185
-0.040439
0.086116
-0.073130
-0.070374
0.047559
-0.006011
-0.014117
-0.039149
-0.044913
0.083672
-0.082681
0.109751
0.099345
0.013369
-0.068578
0.005596
-0.040945
0.154988
0.046995
-0.025924
0.046056
0.050010
0.036324
-0.000521
0.052355
-0.040305
-0.065353
-0.162724
0.054906
-0.025363
-0.067908
-0.037091
-0.040055
0.001410
-0.123564
0.096447
-0.004204
-0.024881
0.038427
0.040018
0.092739
0.013883
-0.089991
0.025356
-0.078454
-0.097328
0.082959
0.049503
0.133436
-0.053387
0.015345
-0.030214
0.060510
0.015639
0.013004
0.018741
0.097894
0.070322
-0.056848
0.031433
-0.046945
-0.072486
0.181081
-0.005466
-0.060154
-0.000012
0.068473
-0.116564
0.050100
0.020953
0.113859
0.071671
-0.048281
-0.077701
-0.062261
0.036536
-0.044800
0.099812
-0.118899
0.056633
-0.060280
0.110736
0.058896
-0.090291
0.065530
-0.066901
0.087354
0.134272
0.035377
0.006145
-0.025382
-0.009411
0.009355
-0.012910
-0.062332
0.101717
0.012130
-0.057480
-0.063546
-0.002795
-0.023780
-0.081719
-0.018373
-0.056928
-0.000777
-0.087073
-0.150185
0.006892
-0.014324
-0.091810
0.087639
0.033221
-0.063039
-0.027807
-0.066084
0.007398
-0.070207
0.032615
-0.039423
0.010242
-0.057028
0.092372
0.021970
-0.179143
-0.082395
-0.117598
-0.043555
0.070935
0.036209
-0.005610
0.043913
-0.013747
-0.177159
0.009242
-0.009535
-0.106719
-0.011638
0.040333
-0.063967
0.035260
-0.020183
0.004239
-0.008379
-0.049776
0.180506
0.068612
0.085585
-0.070247
-0.046447
0.077024
0.006183
0.042542
-0.072721
-0.057498
0.079496
0.093394
0.027842
0.043681
-0.044975
0.097950
-0.009095
-0.131966
-0.048472
-0.011419
0.001687
-0.119096
-0.071355
0.067697
0.031390
0.049870
-0.112685
-0.060732
-0.078193
0.058115
-0.144938
-0.021769
-0.107812
-0.062893
-0.055842
-0.024573
0.007561
0.111730
0.030164
0.129665
0.006196
0.019350
-0.134027
0.006883
0.065179
0.092581
-0.026698
0.053402
-0.133503
-0.048380
-0.242034
-0.006555
0.058854
0.058837
-0.044790
0.073661
-0.065664
0.072125
-0.022915
-0.045682
-0.159030
-0.061693
-0.059211
-0.068889
0.067242
0.043688
0.063702
-0.022833
0.097025
0.000475
0.005308
-0.023858
0.168975
0.206263
-0.072672
0.005010
0.090052
-0.045572
-0.094311
0.005929
-0.095359
0.080907
-0.016563
-0.004865
0.087230
-0.038758
0.077070
0.051524
0.007736
0.044599
-0.097545
-0.051946
-0.031871
0.125900
0.037275
0.014465
-0.050450
-0.066495
-0.077850
0.054913
0.078667
0.003644
-0.003884
-0.076324
0.114805
-0.133316
0.134238
0.031356
0.019765
-0.030592
0.091002
-0.064917
0.025098
0.068194
-0.042447
-0.020740
-0.064492
-0.029907
-0.144589
-0.007371
-0.010168
0.104206
-0.024257
-0.044317
0.077099
-0.151373
0.072260
-0.093728
-0.116619
-0.081037
0.152549
-0.090241
-0.103906
0.035150
-0.025255
-0.079682
-0.135807
0.062654
-0.113427
-0.006775
0.050864
0.079338
-0.114067
0.084174
-0.106553
-0.083600
0.015270
0.076224
-0.040723
0.099647
0.096092
0.041484
-0.070054
0.056481
-0.074276
-0.044700
-0.004082
0.094355
0.074747
0.109560
-0.011022
0.004237
0.031359
-0.019961
0.010819
0.058396
-0.015019
-0.087621
0.079383
-0.069687
0.178769
-0.002888
-0.015435
-0.007497
-0.043734
-0.081317
-0.041122
-0.098788
-0.056314
0.092569
-0.069725
0.094146
0.000592
0.006094
0.090331
0.198567
-0.046300
-0.011477
0.029033
-0.047652
-0.051213
0.007766
0.020866
-0.075479
-0.018168
-0.057463
0.017476
0.042440
-0.030677
-0.084406
0.004856
0.084986
0.097807
0.043649
0.053039
-0.041966
0.125905
-0.073041
-0.037480
0.035188
-0.070771
-0.020173
0.041349
-0.086975
-0.116343
0.077612
-0.169996
0.085355
-0.033743
-0.028174
0.029602
0.053738
0.066623
0.078043
-0.073963
-0.040092
-0.102209
-0.004864
-0.091362
0.004775
-0.125582
-0.009217
-0.091348
-0.055647
-0.026002
0.041255
-0.067033
-0.018426
0.017331
0.110166
-0.034951
-0.047460
0.093188
-0.014129
-0.090538
0.034824
-0.014670
-0.033566
0.114148
0.102630
0.037640
-0.004819
0.118318
0.016293
-0.071432
0.001404
-0.017526
-0.059435
-0.104521
0.037384
-0.032024
0.085418
0.034536
0.034020
0.030865
-0.064244
-0.020613
-0.003902
0.044051
-0.039899
-0.019001
-0.065604
-0.121991
0.033005
-0.005963
-0.023514
0.043183
0.045189
-0.025629
0.156207
-0.051210
-0.016086
0.029361
-0.036361
-0.060782
-0.004364
0.004547
0.000482
0.063616
0.015507
0.003961
-0.044446
-0.080288
-0.003409
0.088105
-0.009210
-0.006477
-0.043830
0.120128
0.005263
-0.082858
-0.038193
0.037839
-0.076784
-0.146879
0.107343
0.022607
0.134507
-0.011453
0.134092
-0.148113
0.046949
0.113518
0.014326
-0.135539
-0.022630
-0.102746
-0.111237
-0.012621
0.020395
-0.062731
-0.004844
0.078955
-0.097411
-0.013217
0.064894
-0.079874
0.048593
-0.023565
-0.058406
0.120281
-0.030031
-0.023763
-0.011370
-0.110614
-0.032044
0.076161
-0.030236
-0.224220
0.101709
0.032725
-0.051849
0.030845
-0.066136
-0.054036
0.026730
0.052818
-0.019213
0.003298
0.037980
0.099780
-0.022993
0.045037
-0.052024
-0.105590
0.018176
-0.025541
0.019551
-0.063068
0.082937
0.040126
0.111083
-0.116291
0.223840
0.001648
0.189971
-0.031383
0.008768
-0.098312
0.002230
0.069044
0.106214
-0.024467
-0.012702
-0.064633
0.011870
0.021769
0.028295
0.045844
0.039420
0.086580
-0.005225
-0.137052
-0.100337
-0.141874
0.076518
0.092162
-0.045005
0.044715
0.057161
-0.004077
-0.010124
-0.059637
-0.162069
-0.033977
0.016256
-0.002803
-0.047051
-0.098936
-0.018361
-0.070150
-0.048083
0.098106
-0.035466
0.053600
-0.113020
0.091739
-0.088234
-0.029949
-0.038139
0.052596
0.001673
-0.048608
0.009028
0.086251
0.092277
-0.003651
-0.018749
0.012558
-0.054640
0.019353
0.091048
-0.093353
-0.046264
-0.174918
-0.038685
0.032858
-0.135883
-0.041458
0.195441
-0.052673
0.017281
0.048877
-0.032973
-0.020384
-0.015738
0.058479
0.064163
-0.048591
0.126458
-0.018129
-0.084424
-0.105596
0.025169
-0.030909
0.121179
0.059488
-0.068635
-0.134591
-0.052038
0.034289
-0.068538
0.021980
0.046748
0.033830
-0.069885
0.075405
0.009927
0.003339
-0.106522
0.072738
0.093655
-0.083346
-0.016343
-0.076860
0.133570
-0.101115
0.146837
0.016243
-0.076059
-0.030472
0.071127
0.010994
0.000313
0.063639
0.047219
0.061943
-0.110954
-0.061124
-0.038891
0.031956
0.088374
-0.084754
0.103693
0.038464
-0.133506
-0.062684
-0.098214
-0.085404
0.009602
-0.046606
0.089780
-0.046182
0.121167
-0.024494
-0.001985
-0.033304
0.081683
0.058124
0.016350
-0.146915
-0.062065
-0.149196
-0.094120
0.122597
-0.016931
0.214289
0.071216
0.106462
0.062308
-0.084397
-0.068719
0.041499
-0.032070
0.045180
0.123885
-0.034830
0.062631
-0.014624
0.096417
0.012263
-0.068304
-0.096245
-0.020612
-0.065627
-0.068401
-0.023622
-0.056723
0.027329
0.035425
-0.015828
-0.047247
0.065391
-0.035367
-0.049408
0.033148
0.110528
0.018523
-0.013615
0.081532
0.040148
0.063387
-0.031766
0.029012
-0.131028
0.059408
0.036502
0.047663
0.045126
0.070229
-0.072489
0.010414
-0.048721
0.063513
-0.092007
-0.042107
0.110164
-0.059726
0.074191
0.042652
0.068062
0.027576
-0.019981
-0.020200
0.110531
0.049963
-0.021864
-0.077117
-0.039821
0.060317
0.107846
-0.104867
-0.110344
-0.045178
0.054522
-0.076159
0.082429
0.039294
-0.013605
-0.008408
-0.023718
0.114263
-0.018897
0.069458
-0.031417
0.174089
0.075712
-0.054386
-0.002810
-0.004301
0.033449
-0.018531
-0.022524
0.023657
0.058822
0.105306
-0.030477
0.126246
0.059760
0.010900
-0.027059
0.026214
0.014224
-0.044827
0.018334
-0.021116
0.027664
-0.020903
-0.085273
-0.075454
0.111114
-0.008372
-0.033546
0.044011
-0.131285
0.077888
-0.009611
0.052285
0.185585
-0.196295
-0.174905
0.008218
-0.019026
0.081697
-0.062610
-0.060945
-0.008578
0.033307
-0.009624
-0.020581
0.042421
-0.051214
-0.048418
-0.060793
-0.017813
0.123167
-0.035509
0.189846
0.035540
0.003524
-0.077045
0.121194
-0.071657
0.048907
-0.095701
-0.108573
0.060683
0.036536
0.077144
-0.067178
0.021437
-0.051675
0.013313
0.021688
-0.062683
0.044008
0.010928
-0.065947
0.091898
0.030340
-0.043696
0.021183
0.041118
0.000045
0.001487
0.033277
0.069121
-0.000789
0.088241
0.014202
-0.085694
-0.055174
-0.092724
0.015081
-0.064369
-0.156589
-0.011593
0.010283
-0.036364
-0.157628
-0.025110
-0.006852
0.045860
-0.051082
-0.131358
0.009754
-0.078090
-0.062034
-0.194846
-0.171410
-0.054353
-0.027308
0.149760
-0.108385
0.071423
-0.060566
-0.032200
-0.067548
-0.016629
-0.102868
0.008418
0.023679
0.062532
-0.076573
0.011022
0.105910
0.004400
0.035701
-0.029307
-0.005516
-0.008458
0.060874
0.006774
-0.084212
0.029461
0.186495
-0.010818
0.105529
-0.140380
0.056769
0.105796
0.041600
-0.035147
-0.024832
-0.132693
0.063462
-0.094085
0.007740
-0.222544
0.038681
-0.030718
0.135793
0.005687
0.083691
0.045997
-0.084077
-0.043041
-0.083824
-0.055229
-0.035632
0.030282
0.109438
-0.089177
-0.021730
-0.006723
0.035840
0.067045
-0.040767
0.163845
-0.031626
0.070960
-0.093804
-0.013805
0.144759
-0.211192
-0.007912
0.058980
0.033931
-0.015814
0.010101
-0.128181
0.028838
-0.032341
0.010289
0.110122
-0.033805
-0.023304
-0.003805
0.009296
0.073041
0.033432
0.019503
-0.083988
-0.099758
0.000221
0.081519
0.166603
0.176473
0.001513
-0.021645
0.037150
-0.046385
0.017021
0.078395
0.016408
-0.095120
0.024889
-0.055118
-0.020293
0.244279
-0.019705
0.058218
0.020471
0.023832
-0.021350
0.069868
-0.110489
-0.028389
-0.046526
0.015522
0.105899
0.039344
0.010125
-0.010520
0.091912
0.010121
0.030826
0.084582
-0.099307
0.101240
-0.143635
0.169927
-0.023778
0.128833
0.015344
0.005287
-0.039962
0.207562
0.122366
-0.001511
-0.130256
0.023525
0.053815
0.067521
-0.031712
-0.078801
-0.075535
-0.040456
0.034844
-0.080077
0.075282
0.032040
0.041741
-0.008372
-0.026613
-0.019159
0.022421
-0.052951
0.101691
-0.203615
0.000864
-0.061577
0.094970
0.061435
0.085974
-0.156919
-0.007731
-0.055102
-0.123592
-0.117228
-0.180359
-0.062220
0.061934
-0.040746
-0.093017
-0.060777
-0.027122
-0.009832
0.000007
0.038912
-0.051271
-0.117207
0.023249
-0.052248
0.054599
-0.046973
0.020840
0.027304
0.059726
0.031725
0.012856
0.015570
0.014083
-0.107483
-0.215255
-0.123467
0.102732
-0.086950
0.048099
-0.001283
-0.104890
0.014539
-0.019568
-0.091392
-0.071524
-0.065605
-0.013300
0.028023
0.127284
-0.061025
0.019421
0.002835
-0.068134
0.032605
-0.219073
-0.100285
0.052758
0.028932
-0.036304
0.061182
-0.007797
0.052965
0.026208
-0.027439
0.016887
-0.023451
0.036065
0.015104
0.039818
-0.094368
0.014112
0.052120
-0.067868
0.094925
-0.090559
-0.042534
-0.042698
0.079085
-0.047559
0.019358
-0.000687
-0.024489
0.018383
-0.062849
0.095184
0.013181
0.036704
-0.103218
-0.035552
0.160688
-0.062743
0.009906
0.132643
-0.059665
-0.073966
-0.087341
-0.041403
-0.137738
-0.015027
0.072181
-0.009558
0.046044
-0.029350
-0.043664
-0.033247
-0.045597
-0.013551
0.087909
0.057520
0.080971
0.080921
-0.002794
0.025546
-0.171535
-0.026869
-0.016840
0.037910
0.019481
-0.065828
-0.097149
-0.091223
0.055245
-0.077155
-0.029841
0.121593
0.096684
-0.020714
-0.031872
0.083278
-0.003322
-0.069271
0.023683
-0.024362
-0.079917
0.075546
-0.021099
0.091564
-0.040784
-0.067616
0.015094
0.056012
0.018102
0.070923
0.099836
-0.143158
0.028279
-0.022618
0.029434
0.163909
0.011725
0.179352
0.090023
-0.001639
-0.057320
-0.040908
0.009571
-0.019638
0.078455
0.158432
0.027509
0.023821
-0.068643
0.048712
-0.076033
-0.018607
0.120765
-0.046172
-0.031917
-0.041036
0.079735
0.095275
-0.042612
0.013765
0.100142
-0.001126
0.041395
0.184968
0.044235
0.192170
0.062205
0.008009
0.070790
0.141252
0.061817
-0.004332
-0.078441
-0.061269
-0.066642
-0.086673
-0.046629
0.067088
0.022918
-0.050133
-0.072955
-0.043478
-0.004272
0.137698
-0.048179
0.031536
0.063387
0.005972
0.009047
0.057123
-0.053647
-0.044972
-0.016444
0.014292
-0.002445
-0.119783
0.035592
-0.001610
0.083263
-0.045962
-0.056450
-0.023905
-0.078432
0.024744
-0.157436
-0.078018
0.068222
-0.044761
-0.085914
0.029894
0.117262
-0.031984
0.027097
0.061916
0.036722
-0.016963
0.053474
0.060554
0.098980
0.026650
0.009834
0.067227
-0.065313
-0.110339
-0.093413
-0.027484
0.215268
-0.109587
-0.089534
-0.005446
0.108694
-0.055413
0.051090
-0.018175
-0.008425
0.003366
-0.046416
-0.002219
-0.015505
-0.068083
0.156253
0.012617
0.062773
-0.029188
-0.051367
0.086462
-0.101989
0.166075
0.030155
0.027796
-0.013019
-0.135875
-0.054452
-0.036536
-0.041209
-0.013508
0.024655
0.038945
-0.026288
0.081912
-0.058008
0.001093
0.004103
-0.153510
0.039853
-0.024303
-0.005906
0.022826
-0.013819
0.074625
0.089110
-0.096462
0.096802
0.008195
-0.094018
-0.097303
0.065202
0.014946
-0.008247
0.175904
0.089563
-0.082904
-0.077163
-0.206970
0.020423
-0.042088
-0.026596
-0.041917
0.085960
0.004444
0.016366
-0.049144
0.008219
0.024075
-0.086227
-0.017073
0.128792
-0.083337
0.006824
-0.083288
0.124121
0.093929
0.082320
-0.085794
0.114493
0.189483
-0.054511
-0.077504
-0.149112
0.036756
-0.105576
0.062728
0.031470
-0.015121
0.018385
0.083880
-0.077864
-0.053145
0.077576
0.051425
-0.141681
-0.037314
-0.066349
-0.008426
0.072286
0.060174
0.098738
-0.069197
0.092836
-0.098415
-0.065749
0.072233
-0.093186
0.214470
0.083389
-0.113399
0.042902
-0.056442
0.036723
-0.057906
0.054831
0.046840
0.024888
-0.024317
0.074245
0.058126
-0.005713
0.108926
-0.069158
-0.084537
-0.196119
0.027962
-0.012573
-0.062101
0.007844
-0.182727
-0.034561
0.012688
0.075193
0.060698
0.000735
-0.051070
-0.009227
0.022546
0.062742
0.049362
0.113074
-0.054273
-0.063891
0.049171
-0.124151
0.076308
-0.019749
0.094605
0.030869
-0.010378
0.102369
-0.051487
0.020617
0.020388
0.005085
0.003214
-0.009019
0.042307
-0.026407
0.016726
0.109639
0.080615
0.051106
-0.024405
0.002198
0.057394
-0.109230
-0.038764
0.020958
-0.087828
-0.057928
-0.060780
-0.063578
0.050374
0.089000
-0.031716
0.001852
-0.039874
-0.054792
-0.131551
-0.132318
0.150347
-0.027684
-0.049303
0.048819
-0.061641
-0.069097
-0.006563
-0.025240
0.060369
-0.060697
0.023010
-0.004472
0.113603
0.050073
0.050205
-0.058987
0.012350
0.147111
-0.008033
0.085877
0.050038
0.081310
-0.096440
-0.006273
-0.173155
-0.138638
0.067489
0.022020
0.060953
0.109288
-0.128782
-0.040990
-0.083670
0.069396
0.010883
0.010322
-0.096842
-0.081630
-0.027390
-0.023925
-0.059390
-0.090369
0.058996
0.030086
-0.142880
-0.034880
-0.011127
-0.001556
0.016190
0.019427
-0.120594
-0.061342
-0.101591
0.026995
0.063220
0.008167
0.044416
0.027053
0.001603
0.032676
0.007019
-0.031563
0.060269
-0.069187
-0.018512
0.047105
0.071017
-0.072994
0.100598
-0.058015
-0.049983
-0.004783
-0.092084
0.008204
0.039649
-0.038949
-0.058416
-0.045861
0.101866
-0.090613
-0.018470
-0.015826
0.026018
-0.000711
0.023909
-0.023064
0.042774
0.175741
-0.115505
0.125968
-0.123766
0.039675
0.052132
-0.001556
0.071679
-0.044574
-0.013952
0.021276
-0.033723
0.005511
0.033839
-0.053595
-0.024987
0.081486
0.027848
-0.021137
-0.007831
0.068514
0.018926
0.028427
0.044844
0.120099
-0.017901
0.123954
-0.003168
0.041746
-0.036328
0.061470
-0.058025
0.038384
-0.010333
-0.045130
0.050919
0.024296
-0.070323
-0.121739
-0.025535
-0.005107
0.030099
0.140129
-0.205362
-0.077886
-0.045970
-0.022409
-0.073599
0.182311
-0.058760
0.024302
0.049927
0.091587
-0.044067
-0.011249
-0.009238
0.089473
0.037524
0.153950
-0.014256
0.140169
-0.024629
0.001439
-0.127819
-0.022337
-0.070043
-0.050108
0.059735
0.002436
0.064219
0.101279
0.072713
-0.194457
0.041571
-0.021937
0.078642
-0.054150
-0.052692
-0.052701
-0.062838
0.025294
0.012666
-0.008906
0.063867
0.055103
-0.060504
0.121263
-0.092541
0.026756
0.023130
0.075257
-0.026992
0.017022
0.065657
0.021162
0.082956
0.114813
0.076987
0.084157
-0.160825
0.019238
-0.109781
0.073015
-0.063997
-0.166023
0.230120
0.004644
0.032187
-0.036291
0.073435
0.081246
0.033978
0.017383
-0.021818
-0.012088
-0.035746
-0.099856
-0.038290
0.073367
0.003914
0.010604
0.133209
0.002054
0.123912
0.006394
0.079799
-0.177805
-0.040557
0.134907
-0.068521
0.069851
0.094496
-0.025034
0.056478
-0.018793
0.104698
-0.026607
0.122688
0.076926
-0.103619
0.092994
0.002784
0.065671
-0.016652
0.078486
0.004498
-0.020029
0.036676
-0.076285
-0.008741
-0.026295
-0.011508
0.028864
-0.045247
-0.046601
-0.146314
-0.047506
-0.023871
0.020625
-0.012660
-0.016696
-0.121942
-0.128969
0.005233
0.049439
-0.018182
0.127105
-0.071051
0.043301
0.092134
0.034933
0.004337
0.099482
0.103550
0.034986
-0.134092
0.048222
-0.012245
-0.122130
0.056087
0.075125
-0.032448
0.111193
0.077888
0.041065
0.105966
-0.017249
0.013369
0.136784
0.042532
-0.016340
0.013359
0.094565
0.168842
0.029670
-0.028207
-0.083338
-0.031352
-0.073274
0.126767
-0.055721
-0.087855
0.012361
0.014906
-0.008055
0.030711
0.071377
-0.159946
-0.102882
-0.016204
-0.047155
0.006535
0.030147
-0.133486
0.002087
-0.035907
-0.057128
-0.037441
0.065702
0.047896
0.036924
0.049045
0.002202
0.001274
0.023792
-0.027579
0.046302
0.064731
-0.014408
-0.064007
0.054751
-0.016331
-0.062571
0.008503
0.017132
-0.130020
0.039147
-0.011755
0.075155
-0.142502
0.087243
-0.089472
-0.015351
0.055499
0.066447
0.033577
0.100987
0.002331
-0.069785
-0.093773
-0.067699
0.076361
-0.007712
0.101921
0.035313
-0.137435
-0.025826
-0.080071
-0.009746
-0.011894
0.058162
-0.023266
-0.041170
0.041577
0.045489
0.088485
-0.036223
-0.051457
-0.042550
-0.039154
-0.033484
-0.068833
-0.023975
-0.007269
0.023279
-0.024286
0.055485
-0.039886
0.068259
-0.064357
0.135802
-0.065692
-0.040027
-0.073751
0.008220
-0.059133
-0.062514
-0.113973
-0.078322
-0.108566
0.046373
-0.075035
0.040149
-0.091276
-0.023376
-0.051620
-0.017144
0.106169
-0.030989
0.210942
-0.217822
-0.037745
-0.018847
-0.028808
0.014147
0.013774
-0.185501
0.055179
-0.036257
0.066103
0.058943
0.011324
0.066650
-0.035736
-0.080016
-0.091958
-0.098906
-0.045474
-0.019756
0.030761
0.085167
0.031237
-0.008432
-0.133659
0.021174
0.075375
0.043935
0.048745
0.060473
0.007649
-0.039345
0.007809
0.069673
-0.023122
0.054578
-0.027978
-0.025131
0.022171
0.019538
-0.082426
0.045480
-0.010710
-0.054511
-0.041175
0.037485
-0.083743
-0.034016
-0.070840
0.025686
0.059807
-0.082303
-0.025902
-0.188220
0.109152
-0.012028
0.041602
-0.029645
-0.024120
-0.036862
0.000233
0.016018
-0.032271
0.144152
0.082976
-0.069075
0.032622
0.091228
0.080624
-0.056013
0.026579
-0.079027
-0.000135
-0.068188
0.064662
-0.033365
0.087497
0.022272
0.077546
-0.087849
0.019307
0.042190
-0.069313
0.057485
-0.116457
0.052835
-0.036567
0.066651
-0.131824
-0.029401
0.003602
-0.006444
-0.057438
0.081445
0.091299
0.061766
0.028024
-0.050150
-0.026232
0.007773
-0.003995
0.037420
-0.158551
-0.085194
0.036843
-0.086919
0.063815
0.165702
0.013810
0.003293
0.000668
-0.014907
-0.000512
0.022936
-0.038388
-0.016455
-0.014699
0.011611
0.049565
-0.069003
-0.058382
0.072900
0.058757
0.107841
0.008880
0.139145
0.056165
-0.123130
0.079021
-0.109561
-0.085527
0.039997
-0.041612
0.069438
0.023109
0.000226
0.103685
0.088665
-0.042221
0.121784
0.096668
-0.039997
0.073439
-0.063954
0.040824
0.007788
0.131568
-0.088759
0.045472
0.076142
0.048258
-0.036769
-0.165312
-0.059509
0.026658
0.061808
-0.019143
0.039697
0.048831
-0.009310
0.035334
-0.064575
-0.037165
-0.030669
-0.003786
-0.076334
0.026557
0.111058
-0.085276
0.122198
0.021559
0.033640
0.014984
-0.090286
-0.114951
0.099110
-0.015541
-0.004375
-0.040179
0.012528
0.015857
-0.062571
0.047028
0.019429
-0.030174
-0.152100
0.026555
0.024649
0.106895
0.140695
0.066702
0.059992
-0.094776
0.008343
-0.048641
0.035647
0.047346
0.048085
-0.067769
-0.089570
-0.055390
0.112712
-0.068265
-0.065066
0.190496
0.012694
-0.059766
-0.002971
0.008649
0.041287
0.053294
0.107424
0.052602
0.000949
0.128532
-0.022595
-0.089129
0.112480
0.123914
0.101763
-0.103256
0.007301
-0.146999
0.018962
0.025864
0.147775
0.076749
0.152089
0.054977
0.038728
0.005112
0.005664
0.008957
0.071716
-0.015637
0.023006
-0.075952
0.105139
-0.089276
-0.141022
0.043487
0.013702
0.029297
-0.024721
0.000399
0.004500
0.013834
0.153806
-0.016135
-0.058363
0.003945
-0.064033
-0.011854
-0.051275
0.004295
-0.000551
-0.085805
0.005035
0.035170
0.013085
0.024909
0.036568
-0.017377
-0.029228
0.001852
0.044608
0.115806
0.045870
-0.058316
-0.026984
-0.051505
0.057833
0.011042
0.000006
0.132330
-0.005994
-0.075033
-0.076744
0.034534
0.068452
0.158621
0.018679
0.064161
-0.069382
-0.064891
0.027298
-0.001882
-0.080954
0.020461
-0.049805
-0.002141
0.105305
-0.092083
0.011385
0.068109
0.025054
-0.013550
-0.068634
0.021392
-0.167176
-0.032654
-0.014609
0.012023
0.029116
0.045121
-0.023342
0.014658
-0.060588
-0.037269
0.175605
-0.106987
-0.002173
0.100390
-0.072045
-0.028245
0.038862
0.063735
0.066762
-0.086967
0.021411
0.191989
0.048712
0.033466
-0.040096
0.050328
0.037432
-0.010246
-0.079960
0.051036
0.037062
0.022170
-0.025153
0.086554
0.018091
-0.043361
-0.026336
-0.092364
-0.050264
-0.033027
-0.122960
-0.084726
-0.083380
0.047514
-0.087200
0.050402
-0.083753
-0.013147
-0.010643
0.052614
0.059762
0.100325
0.003230
-0.161465
0.103983
-0.063993
0.022337
0.034272
-0.058452
-0.009609
-0.096448
-0.090165
0.113050
-0.040219
-0.034922
-0.038859
-0.010771
-0.007043
-0.023676
-0.082949
0.043852
0.015487
0.004847
-0.049954
0.011381
-0.051225
-0.036432
-0.091999
0.023858
-0.063129
0.012949
-0.023082
-0.021036
-0.060636
0.121589
-0.085322
0.056103
-0.004872
-0.011647
0.039549
-0.071174
-0.008316
0.016511
0.020323
0.013064
-0.086591
0.089993
0.003436
-0.098116
0.053311
-0.082055
-0.005251
0.009704
0.000824
0.000224
0.033349
-0.167503
-0.067680
-0.001053
0.003236
-0.071913
0.091801
0.037289
0.018885
0.051740
-0.041912
0.086245
0.045452
0.092805
-0.032162
0.008627
-0.076222
-0.016673
-0.053188
0.003483
0.016704
-0.034375
0.015819
0.058875
-0.078180
0.045091
0.067991
-0.077864
0.025587
-0.022218
-0.147689
-0.057369
0.007703
0.068070
-0.070002
0.030641
-0.008545
-0.017060
0.067737
0.005125
-0.141880
-0.104906
0.085151
0.014232
0.131975
-0.056964
-0.029083
0.106872
-0.075055
-0.065571
0.039851
0.089405
-0.019856
0.101877
-0.024353
0.088416
0.015934
-0.001630
-0.068040
-0.054541
0.090281
0.085952
-0.123047
-0.065471
0.049820
0.000650
0.063711
-0.061032
-0.005746
0.002128
0.000989
0.087220
0.043929
-0.019956
-0.057292
-0.054567
0.101781
0.025243
-0.047514
0.119058
0.085016
0.041838
0.029870
0.007944
-0.001003
-0.006381
0.052804
0.018462
-0.068623
-0.091371
-0.048845
-0.043770
-0.111786
-0.062646
-0.096535
-0.028551
-0.000432
0.034670
0.011437
-0.029250
0.062193
-0.058384
0.118658
0.130254
0.017007
0.019575
0.164249
-0.053896
0.057724
-0.092738
0.038183
0.015079
-0.076504
0.083810
0.059719
-0.008059
0.096029
0.040498
0.080472
-0.046967
0.032814
-0.045298
-0.022618
-0.040496
-0.018099
0.145259
0.126650
0.125308
-0.059383
-0.054775
0.114859
-0.062909
-0.075861
-0.000836
-0.052689
0.077874
-0.061837
-0.104220
0.136289
0.083942
-0.038494
-0.001256
-0.165027
-0.045119
-0.002110
0.101161
0.047119
0.056797
-0.098761
0.035945
-0.042010
0.060501
0.040788
-0.056385
0.044398
-0.142170
-0.022892
0.041507
0.076335
-0.006696
0.016159
-0.024014
-0.109013
-0.062924
0.039904
-0.039624
0.042484
0.069437
-0.004741
0.059083
-0.007544
-0.097025
-0.021534
-0.043747
0.011117
0.027132
0.072226
-0.042804
0.049903
0.111635
-0.025678
0.005567
-0.060290
0.007992
0.109284
-0.013300
-0.024903
0.120031
0.084573
-0.138903
-0.036115
-0.054888
-0.013357
-0.072146
-0.111298
-0.046100
0.114271
0.026626
0.045226
0.029364
0.105173
0.061498
-0.049444
-0.034592
0.014333
0.091207
-0.051353
0.082423
-0.037723
-0.050951
-0.019097
0.024160
0.031777
0.029628
0.009455
-0.036072
-0.027247
-0.030328
0.038028
0.027794
0.050263
-0.051489
-0.028782
-0.127128
0.034657
0.013268
-0.009502
-0.081174
-0.080205
0.059414
-0.006722
-0.051774
-0.013866
0.087715
0.150254
-0.136794
0.048938
-0.110851
0.018914
-0.016861
0.052565
0.165840
0.003396
0.125942
0.161948
-0.053163
-0.038881
-0.074830
-0.086423
-0.001765
0.006077
-0.016573
0.150207
-0.059813
-0.054506
0.012295
-0.037554
-0.008157
0.152880
0.069180
0.035996
0.106335
-0.047948
0.020325
-0.025620
0.021362
-0.070884
0.060880
0.020608
0.007759
0.109986
-0.067296
-0.007813
-0.007583
0.102739
0.074051
0.007311
-0.103830
0.016474
-0.096597
0.037046
-0.049586
-0.071502
0.056858
0.024145
-0.034771
-0.067350
0.103621
-0.014819
0.018070
0.020641
0.085553
0.085715
-0.055007
0.003210
0.076428
0.082575
-0.072208
-0.007506
-0.117446
0.031520
0.059723
0.018873
0.008177
0.149669
0.049930
-0.118554
-0.078733
-0.021740
-0.110563
-0.050778
-0.088151
0.019627
-0.091157
-0.066096
-0.154048
-0.198547
-0.064599
-0.066313
0.055147
-0.032012
-0.044969
0.005801
-0.036622
-0.049924
0.029937
0.032274
0.020472
0.024600
-0.087358
-0.069525
-0.045997
-0.031898
-0.048940
-0.070509
-0.062489
0.044160
-0.054231
-0.137370
0.132670
0.040137
-0.058144
0.033862
-0.046279
-0.032199
-0.030791
0.123207
-0.007522
-0.067588
0.032274
-0.161211
-0.021616
0.030432
0.051467
0.038234
-0.097460
0.057059
0.078316
0.098752
-0.083220
0.074476
0.052696
-0.029114
-0.187337
0.029809
-0.001765
-0.022827
0.077972
0.159878
0.048886
0.120200
-0.055433
-0.119082
-0.003113
-0.084854
0.001219
0.064386
-0.001797
0.147496
-0.066947
-0.047417
-0.106943
-0.054845
-0.047090
-0.065852
-0.049534
0.025067
-0.037328
-0.003128
-0.036486
-0.082947
-0.019876
-0.004993
-0.003598
0.067780
-0.014416
-0.043262
0.111308
-0.065848
0.084703
-0.003760
-0.016723
0.100938
-0.042910
-0.056719
-0.006430
0.097331
0.020861
-0.035109
0.054550
-0.045665
-0.014063
-0.069553
0.032082
-0.031934
-0.034540
0.117202
-0.006744
0.025558
0.033326
-0.143958
-0.003455
0.039369
0.027099
-0.034859
-0.046476
0.061459
0.016966
0.098308
-0.120216
-0.006774
-0.111636
0.044936
-0.009956
-0.121011
-0.100861
-0.132503
-0.037378
-0.030187
0.015040
0.142205
0.042454
0.024773
0.110417
-0.004289
0.016740
-0.107164
-0.124171
0.006990
0.054403
0.023271
-0.005374
-0.018587
-0.147304
0.006787
-0.020597
-0.059836
0.078015
-0.039235
0.110001
0.021903
0.031840
-0.026872
-0.039106
0.005105
-0.013522
0.077193
0.075357
-0.022293
0.000131
0.036426
0.105862
0.035843
0.108752
-0.030767
0.017017
0.013083
-0.027914
0.048624
0.087997
-0.007527
-0.008275
0.000811
-0.021780
0.059143
-0.107817
-0.088207
0.144895
0.069851
-0.040473
-0.068086
0.108894
0.024599
0.051976
0.004022
0.025118
-0.054730
0.086415
0.020786
0.001261
0.007742
0.096721
0.093013
-0.015441
-0.038934
0.057532
0.112824
0.088946
-0.037508
0.064895
-0.047035
0.103592
0.050937
0.081181
0.096639
0.050681
-0.068838
-0.101192
0.086252
-0.022720
0.013035
-0.060309
-0.030171
-0.067626
0.073134
-0.069551
0.112835
0.082451
-0.002654
0.076088
-0.019368
-0.032636
0.001889
-0.034323
0.001699
-0.087413
0.028680
-0.013044
-0.168680
-0.022495
-0.018610
0.024836
0.004882
-0.027513
-0.010610
-0.057933
-0.015814
0.019309
0.034186
-0.047493
-0.029192
-0.129047
-0.111289
-0.081533
0.018225
-0.062702
-0.004808
0.003857
-0.090958
0.003411
0.028710
-0.127033
0.057465
0.079916
0.055010
0.016542
-0.022541
-0.009159
-0.075570
-0.060234
-0.118247
0.013957
0.053896
-0.088346
-0.074460
0.056766
-0.101100
-0.036265
-0.038319
0.024264
0.108817
0.019493
-0.032277
0.044746
0.070858
-0.012088
0.017104
0.069206
-0.018941
0.045774
-0.009022
0.012130
-0.015254
0.044491
0.085206
0.032733
-0.059605
-0.010712
0.020579
0.023113
-0.005878
0.124377
-0.097039
-0.032199
0.001201
-0.003249
0.039069
0.129169
0.002805
-0.026351
0.050964
-0.012877
0.001587
-0.008895
0.051674
-0.056730
0.004849
0.075755
0.002973
0.077016
0.102640
0.035649
-0.044838
-0.117625
0.071499
0.114733
0.029349
-0.056300
0.066010
0.082861
-0.037107
0.000700
-0.137803
-0.101178
-0.057758
-0.170597
0.141497
0.140123
0.073608
-0.057587
-0.047297
0.044195
-0.073064
-0.172229
0.077362
-0.041388
-0.072085
0.009510
-0.045768
-0.020269
-0.041444
0.068318
-0.092515
0.014824
-0.019389
0.028485
0.010681
-0.094088
-0.009569
0.034465
0.064689
-0.135001
-0.059945
-0.147692
0.010635
-0.023035
0.054710
-0.028544
0.010542
-0.017728
-0.120597
-0.163234
-0.011742
-0.086310
0.047881
0.041030
0.067694
-0.009981
0.077745
-0.037908
0.041658
-0.000874
-0.068157
0.049627
-0.037588
-0.073430
-0.067467
0.016141
-0.055098
0.010445
-0.004813
0.104156
0.000152
0.135138
0.129368
-0.108351
0.021651
0.227500
-0.039321
-0.046429
-0.094316
-0.008075
0.050938
0.022467
-0.067681
0.067156
-0.064965
0.095368
-0.065801
0.087328
0.021125
-0.050111
0.022339
-0.010954
0.089935
0.082872
-0.054842
-0.039720
-0.066668
0.033638
-0.001161
-0.036269
-0.075057
0.021982
-0.095553
-0.085838
-0.003957
-0.050083
0.007098
0.002343
-0.020126
-0.009316
0.013538
-0.034541
0.049495
0.017862
-0.080649
-0.013288
-0.021300
0.019943
0.025499
-0.033225
0.101463
0.024831
0.000840
-0.151125
-0.004801
-0.129498
0.112912
-0.173073
0.109818
-0.012210
-0.079101
-0.065208
0.099192
-0.043342
0.104468
-0.011452
-0.164804
0.057903
0.130459
-0.047441
0.025914
0.080286
-0.025125
-0.077195
-0.039816
0.063829
0.072743
-0.074891
-0.062968
0.122033
-0.094301
-0.180526
-0.027179
-0.002775
0.014585
0.062438
-0.102965
0.020202
-0.008007
0.065158
-0.026965
0.005688
-0.064375
0.040478
0.042964
0.099871
0.112127
0.033302
-0.039400
0.102308
-0.007628
-0.063511
-0.116980
0.073725
0.049488
0.038305
0.006115
0.106374
-0.068821
0.119127
0.025917
0.102741
-0.137864
-0.086318
0.051980
0.072368
-0.093139
-0.012683
0.001212
-0.133996
-0.037357
-0.027903
0.078292
-0.094911
-0.002995
-0.014036
-0.064717
-0.015020
-0.054432
-0.011613
0.203835
-0.024014
-0.023534
0.077419
-0.034225
0.013292
-0.098323
0.059326
0.069044
0.033969
-0.092151
-0.123606
0.088920
0.082125
0.199533
-0.048458
-0.069887
0.065895
-0.008507
0.039069
0.105025
-0.017745
-0.075509
-0.064997
0.000412
-0.034837
-0.018701
-0.011247
-0.075867
-0.058966
0.111802
-0.085455
-0.048553
0.091797
0.065733
-0.091807
-0.019450
-0.163485
-0.009636
0.079719
-0.099338
-0.035831
0.041588
-0.012817
-0.073992
0.040680
-0.055662
-0.038269
-0.039500
0.037127
0.043742
0.044973
0.104453
-0.147925
-0.078147
0.012759
0.134502
-0.121052
0.009408
0.100975
-0.018453
0.003689
-0.050568
-0.021447
-0.045685
-0.009254
0.085684
-0.151764
0.016647
-0.003542
0.008519
0.015128
0.066300
-0.011717
-0.088741
0.033358
-0.115397
0.100450
-0.037175
0.050810
0.037912
-0.019762
0.033887
0.071361
-0.074999
0.055219
-0.055495
0.019759
0.009787
-0.053029
-0.012870
0.062278
0.033853
0.002484
0.086373
-0.110793
0.050880
-0.068310
0.086875
-0.037942
-0.037443
0.084876
0.012145
0.096773
0.055937
-0.106296
-0.007401
-0.014750
0.097318
0.045486
-0.013834
0.000945
-0.131164
-0.088775
-0.139628
0.036263
-0.080155
0.041181
0.021579
-0.018076
0.065875
0.031477
-0.170910
0.041526
0.040898
0.027119
-0.065580
-0.088965
-0.108524
-0.048938
-0.002906
0.100799
-0.091046
0.075812
-0.106321
0.115364
0.006347
0.092276
-0.044654
0.048420
0.050523
-0.033741
0.055871
-0.011637
-0.023717
0.076920
-0.141917
0.046048
-0.081259
0.018950
-0.040410
-0.087780
0.060216
-0.023354
-0.088660
-0.107660
-0.088960
-0.013255
0.067581
0.076897
-0.088619
0.081733
0.023847
0.039407
-0.097941
0.055347
0.027527
0.011923
0.020873
-0.015533
-0.036067
-0.033392
-0.001636
0.045397
-0.004433
0.140717
-0.074054
-0.058200
-0.013132
0.030988
0.014053
0.018495
0.025607
0.038472
0.031321
0.073409
-0.003920
-0.005183
0.071903
0.029703
-0.089837
-0.117753
-0.049073
0.101733
0.061585
-0.091602
-0.131040
0.049678
-0.072922
0.066984
0.001253
-0.057084
0.046354
0.031764
0.053783
-0.117102
-0.012579
-0.195718
0.073982
0.097075
0.086976
-0.063651
-0.049555
0.068910
0.042305
0.100422
-0.027537
-0.023865
0.012926
-0.075553
-0.077329
0.034902
0.084296
0.062674
0.103720
0.147968
-0.071724
0.133698
0.075015
-0.025587
-0.005786
0.032104
-0.047543
-0.061047
-0.054273
0.047339
-0.038679
-0.059188
0.012867
-0.043027
-0.013205
-0.012296
0.077236
-0.012739
0.014111
0.003547
0.007875
0.151455
0.022169
-0.034059
0.011114
0.041528
-0.102584
-0.009622
0.009163
0.013843
0.042805
-0.009918
0.025581
0.033699
-0.065260
0.048932
-0.103677
0.143887
0.147578
-0.004603
-0.073077
-0.074631
-0.088468
0.044870
0.094614
0.087339
-0.009206
0.048400
0.061550
0.064789
-0.051996
0.035937
0.035316
0.112223
0.029652
-0.086306
-0.086507
0.052403
-0.074127
-0.036686
0.105667
0.029441
0.052602
-0.076163
-0.081461
0.010387
0.067048
0.061304
-0.025462
-0.077864
0.025613
-0.158936
-0.051338
-0.003550
0.029684
-0.074730
-0.038716
0.037485
0.139391
-0.091521
0.129440
-0.038461
-0.027673
0.076032
0.043721
0.002419
-0.064795
-0.092457
-0.024274
0.028756
-0.055747
-0.018601
-0.052099
-0.081485
0.033577
-0.091323
0.071477
-0.021928
0.005695
0.015410
0.001142
0.063479
-0.040707
-0.083574
-0.035471
-0.037882
-0.025372
-0.055135
0.037353
0.023984
-0.041735
0.043189
0.004615
-0.012977
-0.025135
-0.095784
-0.043664
0.080709
0.061217
-0.156468
0.064416
0.014140
0.042805
-0.059564
-0.077266
0.056721
0.028435
0.029239
0.046525
0.033362
-0.030247
-0.058253
0.049293
-0.066773
0.066144
0.040090
-0.054176
-0.148069
0.033456
0.012883
0.059208
-0.080479
-0.073299
-0.074100
-0.198225
-0.038447
-0.024812
0.049032
-0.092325
-0.000259
-0.079417
-0.075623
0.184106
0.058685
0.005578
-0.079914
-0.054534
0.132342
-0.068937
-0.074647
0.048519
-0.032604
0.092299
0.016773
-0.101614
-0.105472
0.026434
0.008874
0.112931
-0.035865
-0.083758
0.101024
-0.061140
0.086805
0.050680
-0.086894
0.022311
0.016853
-0.063688
0.160288
-0.024880
-0.075422
-0.050701
-0.086923
-0.028372
0.010184
-0.013159
-0.008862
0.124471
-0.074281
0.088778
0.042709
0.059553
-0.113090
-0.096028
0.064723
0.067044
0.061771
-0.059300
-0.044151
0.075135
-0.082744
0.005917
0.034378
0.091625
0.095907
-0.127964
0.074504
-0.049267
-0.028961
-0.106433
0.084455
-0.008603
0.107715
0.009443
-0.052912
-0.043433
-0.101563
-0.098992
-0.024318
0.042770
0.115075
-0.002244
0.196858
0.046824
-0.165791
0.018870
-0.058981
0.052612
-0.095579
-0.009310
-0.009584
-0.004549
-0.030467
0.095904
-0.014334
0.052747
-0.039298
-0.083935
0.155257
-0.102440
0.057454
-0.060484
-0.053704
-0.081224
-0.013852
0.035565
-0.048665
-0.039692
-0.063991
-0.058030
0.057475
-0.109562
-0.047452
-0.099304
0.007808
0.008804
-0.047602
0.089076
-0.041599
0.080489
0.074495
0.058812
0.003531
-0.150860
-0.061256
-0.114643
0.050028
-0.028269
-0.102881
-0.129149
0.035781
-0.026250
-0.017809
0.046158
-0.088854
-0.055123
-0.015961
0.045508
0.055323
0.066653
0.093792
0.084453
0.039708
0.011999
-0.093320
-0.015169
-0.057230
-0.027627
-0.068793
-0.057909
0.023522
0.039894
-0.053514
0.131910
-0.066890
-0.105871
-0.006357
0.008380
0.031088
0.064522
0.000514
-0.012171
0.018295
0.093323
-0.124776
-0.055494
0.036738
-0.069933
-0.007796
0.016929
-0.084807
-0.004082
0.057460
0.007167
0.011143
0.058982
0.083849
-0.101945
0.034537
-0.025168
-0.012585
-0.095456
0.178976
0.018984
0.054379
0.012210
-0.005352
-0.120574
-0.007744
0.039459
0.048342
0.098987
-0.065353
0.029184
-0.083370
0.038261
-0.131199
-0.105415
0.047140
-0.012344
0.057077
0.031791
-0.030914
0.052849
-0.121608
0.053230
0.012662
0.061258
0.117771
-0.045745
0.112331
-0.095701
0.097593
-0.088407
0.048527
-0.049269
-0.019765
-0.037517
0.017972
0.076994
-0.096129
0.027451
0.168110
0.023457
0.000629
0.028712
0.046073
-0.054208
0.051301
0.056078
-0.086050
0.005349
-0.064451
-0.021118
0.020918
0.153165
-0.016920
-0.012240
0.099562
0.014400
0.008937
0.069655
0.002503
-0.007720
-0.086248
-0.031188
-0.071060
0.137220
-0.015241
-0.082036
0.018670
-0.100570
0.030530
-0.043776
0.051779
-0.029174
0.044223
0.092716
0.034381
0.088301
-0.069709
0.071415
0.010236
-0.085299
-0.045390
0.114964
0.177098
0.082513
0.029994
-0.075981
-0.056979
0.042699
-0.057949
0.018691
0.074400
0.011382
0.071977
0.033889
-0.083809
0.258830
-0.090609
0.008253
-0.042259
0.015413
0.003617
-0.082413
-0.051327
-0.219687
-0.086824
0.028502
0.073222
0.026543
0.206785
-0.060198
0.050151
0.037513
-0.013532
0.021098
0.032102
-0.024751
-0.027569
0.066748
0.037996
-0.070857
-0.018417
-0.041731
-0.003972
-0.007889
0.043929
0.017649
-0.041107
0.006098
-0.066840
0.003359
0.018963
-0.105554
-0.040533
0.058935
-0.141126
-0.109224
0.052490
0.020169
-0.025673
-0.136305
-0.088474
-0.123717
-0.089843
0.037232
0.002851
-0.035327
-0.081688
-0.037753
0.033867
0.084802
-0.038602
-0.087829
-0.012512
-0.121972
0.052570
-0.054960
-0.018958
-0.027821
-0.115407
0.137413
0.110419
-0.066502
-0.079756
-0.007558
-0.037171
0.019299
-0.085626
-0.107439
0.081321
-0.011425
0.093769
-0.041219
-0.014907
0.026826
-0.056667
0.012998
-0.060365
0.040599
0.032241
-0.101970
0.019027
0.048093
0.032686
-0.076336
0.028769
-0.022223
0.112246
-0.017990
-0.120654
-0.044001
-0.010906
-0.008050
0.024477
0.110853
0.109735
-0.123821
0.018054
-0.032945
-0.046141
0.040540
-0.040126
0.081520
-0.105120
-0.058893
-0.199730
0.085218
0.095267
0.013314
0.047740
0.082167
0.070549
-0.067335
0.119188
-0.026988
-0.145679
-0.056592
-0.085453
-0.029665
0.031557
0.087094
0.038057
-0.012922
-0.124210
0.131504
0.024915
0.016506
0.082802
-0.072137
-0.115465
0.082396
-0.023470
-0.118367
0.007443
0.070052
-0.011895
0.082455
-0.005887
-0.143929
-0.015305
0.011264
0.104816
-0.012251
0.123406
-0.101765
-0.022346
-0.128260
0.018538
-0.020600
-0.014371
0.083617
-0.000795
0.037533
0.016852
-0.052629
0.095711
-0.009411
0.078587
0.100983
0.145461
-0.009179
-0.024769
0.030914
-0.020446
-0.035079
-0.045133
-0.044612
-0.012993
-0.071374
-0.023680
0.036775
0.062457
0.081813
0.127111
-0.003293
0.013082
0.050760
-0.123432
-0.061207
-0.018211
-0.041620
-0.162464
0.075270
-0.048499
-0.109460
0.117508
-0.016469
-0.087735
0.109505
-0.073596
-0.109275
0.078076
-0.013923
0.088741
-0.081101
0.018795
0.051628
0.090025
0.086880
-0.079878
-0.014688
0.013670
-0.122022
0.006666
0.025609
0.026564
0.041455
-0.054118
-0.093351
0.005529
-0.043167
0.020738
-0.097795
-0.007976
0.065722
-0.101398
-0.102117
-0.039895
0.054960
0.007217
0.017996
0.058111
-0.032499
-0.055349
0.050360
-0.067933
-0.025000
-0.021324
-0.044246
-0.101600
0.045313
0.022161
0.015672
-0.004482
0.034271
0.012147
0.052915
-0.058138
0.007581
0.002220
-0.031497
0.022437
0.007818
-0.041397
0.092905
-0.035387
-0.064178
0.036536
-0.125685
0.152020
-0.050901
-0.042434
0.081360
-0.020221
-0.098386
-0.004224
0.135671
-0.033463
0.096467
-0.028320
0.239237
0.026430
0.025706
-0.064376
-0.095055
0.089297
-0.052276
-0.046341
0.073352
0.037220
-0.070186
0.008076
-0.006925
-0.090222
0.116853
-0.082995
-0.091528
-0.021851
0.002182
0.053386
-0.045384
0.111611
-0.008203
-0.025570
-0.080604
-0.022181
0.006650
-0.005681
-0.011619
-0.114319
-0.150454
-0.049798
-0.084706
-0.055009
0.121225
0.088155
-0.002553
-0.012616
-0.037586
-0.094635
0.142569
-0.122869
0.002594
0.132184
0.006407
0.113664
0.062318
-0.015871
-0.068551
-0.016979
-0.051891
-0.022281
-0.095477
-0.061153
0.055196
-0.060078
0.005107
-0.013381
-0.045086
-0.139985
-0.006856
-0.174615
-0.036227
-0.018645
0.078842
0.042249
0.050670
-0.020418
-0.037119
0.006659
-0.059423
-0.065211
0.022249
0.022700
-0.037710
-0.086357
0.126315
0.133588
-0.143615
-0.011455
0.033805
0.027914
-0.151527
0.019512
-0.029686
0.044778
0.113548
-0.075172
0.113623
0.002553
-0.022516
0.008045
0.035391
0.046505
-0.062349
0.157223
0.002194
-0.033429
-0.017418
-0.015850
-0.029630
-0.024140
0.053321
-0.023472
0.163555
-0.065190
-0.053622
-0.025394
0.048228
-0.143773
-0.097211
-0.011408
-0.049833
0.083698
-0.069140
-0.026762
-0.071578
-0.053176
-0.105601
-0.098003
-0.030968
-0.000742
-0.090477
-0.086351
-0.005108
0.006737
0.118733
-0.045239
0.038589
0.115233
0.021189
0.008411
-0.015522
0.059952
-0.021141
-0.107144
-0.067846
0.026047
0.018288
0.110297
-0.036579
-0.029187
-0.025492
-0.001543
-0.015859
0.101613
-0.004183
0.020862
0.078513
-0.092794
0.042849
-0.061398
0.114595
-0.076256
-0.004315
0.033312
-0.110163
0.074300
-0.093923
0.048114
-0.000919
-0.076098
-0.030579
-0.117839
-0.065513
-0.050023
0.009848
-0.023660
-0.025318
-0.045823
0.096493
0.066654
0.030482
0.059053
0.007672
0.078434
-0.057692
-0.003058
-0.041317
-0.046368
-0.066085
0.021862
-0.020053
-0.010642
0.073634
0.037351
-0.053624
0.046830
0.032083
-0.093063
0.048998
0.026520
0.101730
0.009815
0.080378
0.016295
0.100681
0.051601
-0.046997
-0.109119
0.017622
0.029481
-0.051429
0.054937
-0.028166
-0.047605
-0.034161
-0.008920
0.035861
0.076884
0.025918
-0.104815
0.055933
-0.035532
-0.125811
0.011714
-0.072173
0.035142
0.075960
0.041674
0.019645
0.117478
-0.019257
0.046085
0.033105
-0.027950
0.032858
-0.065715
0.090974
0.010655
0.028535
-0.010058
-0.032281
-0.122402
0.000888
-0.094693
-0.104814
-0.058946
-0.072431
0.023214
0.168668
0.092746
0.098938
-0.005142
0.114408
0.006355
-0.027001
0.029746
0.115994
0.069894
0.039130
0.081429
0.047139
-0.038615
0.045048
0.019674
-0.070821
-0.044725
0.089731
0.006519
0.072466
0.043073
-0.088372
0.021813
-0.084823
0.007250
-0.050127
0.066071
0.039462
-0.056688
0.005943
0.029509
-0.033254
0.058326
0.042105
0.104289
-0.058921
0.104475
-0.043915
-0.031940
0.033688
-0.057448
-0.108615
-0.042497
-0.017213
0.015003
0.079009
-0.082132
-0.056098
-0.078993
-0.025518
-0.104890
-0.046052
-0.070326
0.013218
-0.004737
-0.001519
-0.071102
0.006890
0.059420
-0.024502
0.074964
-0.054005
0.061476
0.027037
-0.260084
0.104801
0.073254
-0.017867
0.057838
-0.001972
0.002788
-0.098402
0.113564
-0.056115
0.063918
0.018875
0.063648
0.067828
0.057270
0.027695
-0.065810
0.043592
0.022588
0.118598
-0.000772
0.014057
0.007957
-0.032102
-0.044340
-0.019100
0.125173
-0.039628
-0.013307
-0.053602
0.112727
-0.019378
0.086272
-0.061091
0.115391
0.051595
0.082713
-0.030994
-0.039035
-0.082891
-0.104732
-0.030968
-0.013111
0.082203
0.021048
0.003233
0.048963
0.111576
0.005918
0.075819
0.067807
-0.109114
-0.114035
0.023502
-0.143738
0.029197
0.030252
0.065549
-0.010947
-0.060546
0.022225
-0.054397
-0.001904
-0.091309
0.012379
-0.070389
0.005708
-0.021681
0.091752
0.056891
0.061707
-0.105708
0.059905
0.032907
-0.041256
0.072867
0.052167
0.003941
-0.065945
-0.027363
0.080114
0.034137
0.049924
-0.007829
-0.094129
-0.089484
-0.038079
-0.076974
-0.089814
-0.035038
0.047678
0.121851
-0.046870
0.083024
-0.042661
-0.070474
-0.143489
0.109322
-0.023976
0.032858
-0.018602
0.102754
-0.066686
-0.039889
0.133982
-0.040741
-0.002570
-0.008919
0.007165
0.134443
-0.091907
-0.062672
-0.048333
-0.030723
-0.024603
0.006478
0.032871
0.147602
0.050236
0.019002
-0.003818
-0.208336
-0.024569
0.123455
0.071359
0.131202
-0.025706
0.112081
-0.014316
-0.007596
0.044881
-0.067715
-0.122004
-0.069965
0.016098
-0.039785
-0.029234
-0.011338
0.071121
-0.067127
0.018799
-0.017630
-0.066110
0.056375
0.004129
0.008010
-0.010509
0.080552
-0.064880
0.006257
0.062767
-0.018990
-0.016789
0.047878
-0.124661
-0.022870
0.105050
-0.007971
-0.015607
-0.073528
-0.028572
0.046718
-0.017930
0.013264
0.099953
0.081846
0.079771
-0.066941
-0.038205
-0.117903
0.027129
-0.067990
-0.048350
-0.084843
0.037934
-0.026709
-0.138656
0.015114
-0.043722
0.072243
-0.140616
0.022893
0.028204
-0.017457
-0.105371
0.121651
0.091159
-0.046397
0.016715
-0.052078
-0.121942
-0.151139
-0.159390
0.041291
0.098529
-0.026648
0.008739
0.020590
0.053256
0.021039
0.049145
0.005751
-0.005603
-0.017672
0.002768
-0.136255
0.097840
-0.115425
-0.028901
0.013357
0.078792
0.043928
-0.029676
-0.049978
0.058622
0.098114
-0.022198
-0.004412
0.091144
-0.023972
-0.116964
0.084816
0.007391
-0.036035
0.134428
0.161962
-0.048351
0.018128
0.069352
-0.124389
-0.046792
-0.032392
0.118928
0.037718
0.065374
-0.100992
0.049074
-0.072576
0.025934
0.146921
-0.005121
0.076414
0.057819
-0.075550
0.054403
0.017914
-0.000626
-0.082898
0.031030
-0.032018
0.000927
-0.045807
0.063688
0.108481
0.062321
-0.025385
-0.179036
-0.122904
0.063665
0.064985
-0.004449
-0.064306
-0.000244
0.119308
-0.040002
-0.007635
0.020607
-0.052531
0.027735
-0.079953
-0.065879
0.039740
-0.072733
0.086780
0.148574
0.081725
-0.012940
-0.097625
0.079173
-0.084189
-0.148260
-0.137733
0.120949
-0.024052
-0.037559
-0.010424
0.026793
-0.032002
0.032945
-0.079646
-0.083544
-0.081766
0.107206
-0.030286
0.010312
-0.067180
-0.094752
0.058951
-0.017251
-0.070792
0.006764
-0.040817
-0.006589
0.024284
0.040183
0.029206
-0.142793
-0.187878
-0.163141
-0.044708
-0.026587
0.058390
0.136224
0.003434
0.117552
-0.022133
-0.049674
0.014770
0.011107
0.041678
-0.072738
0.027091
-0.038535
0.188856
-0.000930
0.005111
-0.000410
-0.054658
0.055849
-0.004075
-0.063456
0.000229
-0.096215
0.077464
-0.060292
-0.016003
0.077766
-0.008239
0.047730
-0.019324
0.048591
0.039561
0.090342
0.100962
0.023181
-0.076031
0.087998
0.068162
-0.140118
-0.047220
0.043241
0.145545
-0.088369
0.045823
-0.056346
-0.033707
0.058073
-0.083758
-0.020192
-0.195249
0.034813
-0.070347
-0.082470
-0.026580
0.017178
0.053676
0.016011
0.134815
-0.050817
0.001561
-0.060474
-0.050475
0.009842
0.021797
0.042566
0.107672
0.016663
-0.030670
0.016699
0.078212
0.036364
0.018721
-0.028108
0.018073
-0.071582
0.076410
0.050212
0.087336
0.023561
0.045414
0.043773
0.015411
0.033810
-0.156064
0.019029
0.035661
0.153724
-0.110059
-0.055270
-0.072132
-0.083388
-0.066181
0.011094
0.063403
-0.038688
-0.069852
0.052052
-0.008646
0.058577
0.011184
-0.070242
0.013932
-0.087486
0.062265
-0.031455
0.003994
0.067918
0.161020
0.053080
-0.006772
0.066314
0.095313
-0.131998
-0.031288
0.029445
0.010345
0.085111
0.138729
0.116661
-0.059695
-0.047126
-0.011474
-0.087919
-0.130713
-0.063157
-0.007180
0.087165
0.032587
0.079149
0.130937
0.052628
0.036626
0.079039
0.069594
0.016360
-0.079537
0.039658
0.144974
-0.084862
0.025111
0.028901
0.029311
0.125895
-0.167689
0.064857
0.051862
-0.129808
-0.104067
-0.044048
0.017936
-0.030100
-0.026605
0.049519
-0.163744
0.014815
-0.006530
0.058160
-0.038854
-0.024017
-0.051912
-0.045728
0.012747
-0.121000
0.014233
-0.007623
-0.037517
-0.010254
0.000136
0.078900
-0.023833
0.123476
0.089507
-0.090263
0.052754
0.098884
-0.035277
-0.070724
0.061331
0.045243
-0.013898
0.113036
-0.029512
0.042919
0.013461
-0.010702
-0.015855
-0.036055
-0.021875
0.007211
-0.000948
-0.071598
-0.106814
0.066553
-0.123111
0.036319
-0.192603
-0.070146
0.027115
0.059256
-0.182343
0.082644
-0.090965
0.175328
0.082862
0.093989
0.093544
0.006488
-0.026809
0.042505
0.038537
0.040283
0.048531
0.184400
0.024788
-0.112783
-0.066008
0.061189
0.006874
0.083130
-0.084513
0.007785
-0.156281
-0.113749
-0.036698
-0.028060
-0.070193
-0.107289
0.079680
0.042442
-0.031498
-0.056358
-0.038593
0.109555
0.058510
-0.122366
-0.113041
-0.012781
0.030533
-0.038254
0.025471
0.041405
0.070865
-0.046710
0.003881
0.035654
0.077463
-0.097655
-0.043795
0.037261
-0.021617
-0.039933
0.063616
-0.073832
-0.048985
-0.110053
0.029648
0.041462
0.017675
0.080968
0.104108
0.096355
0.014682
0.097318
0.076281
0.117085
0.015471
0.205050
0.035871
-0.098064
0.064090
0.023924
0.000910
-0.150913
0.043965
0.061901
-0.068854
0.023850
0.030287
-0.150313
0.097875
0.018067
0.037232
0.048643
-0.077779
-0.034678
0.028119
-0.058486
-0.084553
-0.100999
0.082105
0.185841
0.035838
-0.051362
0.022771
0.150310
-0.117607
-0.022651
-0.013325
0.071247
0.056524
-0.129424
-0.070426
0.028978
-0.025010
-0.047804
0.039455
-0.031475
-0.005592
-0.096029
0.156551
0.036769
-0.021809
0.000937
-0.051613
-0.039049
-0.027964
-0.050619
0.069833
-0.011241
0.049694
-0.006507
-0.024366
-0.079434
0.004980
-0.031439
0.110973
-0.034971
0.078670
0.085189
0.052346
0.243218
0.126036
0.132731
-0.162314
0.018928
0.002540
0.080411
0.005332
-0.029037
0.049337
-0.060706
0.215363
-0.060280
0.049101
0.003841
0.091189
0.059080
-0.064136
0.097858
0.117982
-0.068870
-0.035821
0.015795
-0.133175
0.053064
0.035573
0.058165
-0.037666
-0.039959
0.010043
0.012593
-0.049763
-0.029447
-0.022547
-0.084895
0.067574
0.045225
-0.056886
-0.040193
0.034796
0.049240
-0.118716
0.040366
0.052647
-0.025094
0.070289
0.039822
0.120844
0.085817
-0.009811
0.050255
-0.150297
-0.121390
0.063090
0.025158
0.040962
0.067105
0.002983
0.110835
-0.009088
0.015149
0.010816
-0.021003
-0.116533
-0.083125
-0.080901
-0.149844
0.056093
0.070915
-0.162314
0.161995
-0.124437
-0.003105
-0.016866
0.081983
0.026662
-0.128510
-0.061879
0.011703
0.061942
0.042130
0.029479
-0.089487
0.030799
-0.007328
0.033750
-0.044892
-0.037745
-0.052419
-0.030157
-0.057309
-0.040815
-0.090626
-0.084806
0.092087
-0.000713
0.016462
-0.067396
-0.015619
-0.013411
-0.034730
0.120582
-0.064658
0.081189
0.004793
-0.009607
-0.021924
0.056459
-0.103264
-0.044009
-0.061535
0.083822
0.008965
0.082157
0.078958
0.003599
-0.043156
0.083457
-0.097288
0.015183
0.082831
0.034737
0.002367
0.070522
-0.088911
0.000100
0.103258
-0.087118
0.019540
-0.090968
-0.013154
0.064315
0.035475
-0.057613
-0.116669
0.044693
0.091019
-0.068049
0.020269
0.088557
-0.014301
0.029924
-0.097249
-0.043180
-0.058380
0.018861
-0.060045
-0.097915
0.013410
-0.011312
0.020538
0.065438
0.031950
-0.096827
-0.016392
-0.027640
-0.010189
0.001015
0.032044
0.033466
0.023116
0.069805
0.102239
-0.046850
0.004778
-0.032466
0.054891
-0.016257
0.068476
-0.002105
0.018880
0.000541
0.074155
-0.036806
-0.055308
-0.179963
-0.005920
-0.035264
-0.070133
0.030667
-0.052901
0.011818
-0.012203
0.038643
0.132349
0.039294
-0.031869
0.052490
0.002988
0.201968
-0.034286
0.073327
-0.013678
0.006421
-0.050188
-0.014394
-0.021678
-0.067383
-0.129497
-0.074293
0.146485
0.082002
0.034919
-0.081032
0.047809
-0.078989
-0.044235
0.031021
0.139928
-0.022019
0.040547
0.010403
-0.026392
-0.018059
-0.113039
-0.065951
-0.020978
-0.046991
-0.067127
-0.004923
-0.010579
-0.002529
-0.022948
-0.002012
0.128270
0.065581
0.024364
-0.020704
-0.003926
-0.088061
-0.074614
0.014229
-0.027301
0.072161
-0.083804
-0.052230
0.075827
0.017148
-0.020752
-0.020195
-0.015105
0.092137
-0.010330
-0.002580
0.011699
-0.103373
0.025134
-0.008149
-0.180647
0.102385
-0.002147
0.034158
0.060528
0.085126
0.050948
0.059587
0.001820
-0.037636
-0.108354
-0.088996
-0.001424
0.025470
0.053144
0.077000
-0.048911
-0.184569
0.068484
0.078686
-0.032822
0.036389
0.112491
-0.057890
-0.015853
-0.010348
0.084570
-0.029861
-0.039214
-0.020708
-0.054916
-0.130376
-0.048931
0.111505
-0.092838
0.193916
-0.038094
0.007630
0.002111
-0.142694
-0.127526
0.001579
0.023891
-0.076679
0.104920
-0.002339
-0.269221
-0.030907
-0.023418
-0.116238
-0.123964
-0.128579
-0.062208
0.033777
0.145987
0.053625
-0.000764
0.120073
0.046703
0.002344
0.003970
-0.042868
-0.053278
0.082784
0.002865
-0.049337
0.049708
-0.023851
-0.071798
0.025300
0.061582
0.100909
-0.024156
-0.024934
-0.015035
-0.144536
-0.097359
0.097549
0.018965
-0.090033
0.043423
-0.034174
0.039053
0.054435
0.093940
0.101796
-0.068534
-0.156165
0.015012
-0.103190
-0.084273
-0.054883
0.006301
0.019538
-0.070409
-0.065781
-0.112996
0.044878
0.010992
0.029741
-0.031349
-0.010019
-0.023222
0.029202
-0.061526
-0.128315
-0.150027
0.028411
-0.038705
0.110752
0.016476
-0.005824
-0.049503
-0.007018
-0.092357
0.020324
0.089185
0.098131
-0.156314
-0.049739
0.004391
0.072816
0.044669
-0.008414
-0.046138
-0.019995
-0.002870
-0.097323
0.032492
-0.032529
0.009274
-0.069302
0.089874
-0.051628
0.013182
0.060032
-0.004144
-0.003717
0.142010
-0.005072
-0.079011
0.017174
-0.017911
-0.127358
-0.101069
0.068562
0.016817
0.021669
-0.033870
-0.154354
-0.014495
-0.024217
0.027961
-0.104289
-0.081158
-0.102380
0.013928
-0.008589
0.040415
0.031936
0.106665
-0.041868
0.039853
-0.071557
-0.124001
-0.037520
0.004292
-0.042904
0.139377
-0.020365
0.002672
-0.066049
0.057290
-0.033537
0.075692
0.017513
-0.168459
-0.222875
0.024752
0.002822
0.005851
-0.070589
-0.051255
0.108685
-0.008339
-0.080799
0.040726
-0.045873
-0.063969
-0.026725
0.052727
-0.071495
0.046863
-0.155485
-0.071246
0.027493
-0.003113
-0.117762
0.060972
0.024094
0.044300
0.032045
-0.027460
0.023765
0.016556
0.094784
-0.101113
-0.034954
-0.061781
0.077860
0.030118
-0.053409
0.059778
0.123876
0.009423
-0.115274
0.042486
0.008950
-0.090875
-0.014845
-0.068158
-0.109513
-0.024539
-0.012287
-0.184857
-0.170135
-0.013160
-0.022088
0.001688
-0.071169
-0.023368
0.007183
-0.037139
0.001438
0.018983
0.032204
-0.037741
0.025784
-0.004702
0.108843
0.069280
0.016667
-0.056646
0.087077
0.010871
0.036204
-0.090098
-0.067153
0.044458
-0.010522
-0.059191
-0.091305
0.168808
0.080736
0.068479
0.069558
0.102898
-0.037793
-0.079334
-0.019843
0.085504
-0.129192
0.003874
0.072216
-0.028037
0.035954
-0.101515
-0.120202
-0.045412
-0.008633
-0.016131
0.031305
0.084757
-0.007460
-0.053759
-0.037593
0.025759
-0.084425
0.004429
0.024478
-0.014695
-0.013590
0.018671
0.046280
0.084355
0.066887
0.053204
-0.081913
-0.068123
-0.014056
-0.004514
-0.007123
0.135289
0.048223
-0.026107
-0.054631
0.070566
0.044858
-0.001343
0.026730
0.060267
0.012285
0.111356
0.048057
0.101323
-0.019829
0.047282
0.075188
-0.058723
0.028539
0.103317
-0.008073
-0.103225
-0.011140
0.048577
-0.083246
-0.008088
-0.014464
-0.029488
0.007216
-0.046213
-0.013025
-0.082144
0.037741
-0.004613
-0.068359
0.052075
-0.005605
-0.074609
-0.148380
-0.052919
-0.167503
0.054534
0.169271
-0.026110
0.064776
-0.124331
0.015991
-0.083210
-0.032155
0.039662
-0.083163
-0.116979
0.023930
0.130579
0.095192
-0.034069
0.131869
-0.015187
-0.133663
-0.038178
-0.049919
0.056892
0.110242
-0.031732
0.054675
-0.004464
0.044580
-0.025048
-0.040831
0.075850
0.005659
-0.005262
-0.056023
0.092975
0.027210
-0.012270
0.045897
0.009929
0.066822
-0.046248
0.032684
-0.007486
0.045188
0.021356
-0.117177
-0.013101
-0.028618
-0.074151
0.009952
0.015657
-0.045844
-0.059039
-0.098435
-0.104162
-0.116860
0.044281
-0.108009
-0.021979
-0.252581
-0.065464
-0.069439
-0.047299
0.024794
-0.100552
-0.000051
0.001022
0.083772
-0.034107
0.042839
-0.065901
-0.096677
0.107926
0.059359
0.096429
0.033150
0.134781
-0.134955
0.026141
0.048858
-0.097771
0.022943
0.094478
-0.022511
0.095285
0.074353
-0.067087
0.019499
0.001211
-0.108118
-0.006491
-0.093027
0.142164
0.047633
0.048719
-0.008458
-0.069614
-0.003493
0.021113
0.127184
0.155756
0.047538
0.088429
-0.018659
-0.037240
-0.015980
0.065038
0.013422
0.066491
0.040469
-0.073502
0.111207
-0.031039
0.133927
-0.038338
-0.005351
-0.087985
-0.204875
0.071380
0.017284
0.047051
0.012443
0.018577
0.136396
-0.073334
-0.045171
0.018253
-0.095657
0.071574
0.101328
-0.067068
-0.187592
0.092770
-0.014388
-0.012825
-0.163511
0.163572
0.126993
-0.087943
0.016979
-0.004415
-0.099369
0.098513
0.003044
-0.008303
0.068647
0.015457
-0.065025
0.047820
0.136458
0.036895
0.001558
0.089903
-0.044389
-0.004108
-0.097839
0.026158
0.095632
-0.001003
0.014747
0.032687
-0.041416
0.023491
-0.023012
0.077559
0.062197
-0.067751
-0.051756
-0.014356
-0.071038
0.067618
-0.003136
0.043020
0.147603
-0.011192
-0.089294
-0.019411
0.058094
0.059834
-0.004280
-0.061033
0.001393
-0.020074
-0.140967
-0.060510
0.082077
0.011006
-0.019950
0.167460
0.095502
0.024386
-0.139434
-0.092366
-0.192712
0.023183
-0.129401
0.110292
0.137942
0.047131
-0.073380
-0.067735
0.036410
-0.059439
-0.011259
-0.090119
-0.015434
0.087505
0.066352
-0.086399
-0.029322
-0.073953
-0.018419
0.018262
-0.089172
0.072791
0.208453
0.076752
0.061042
-0.035539
-0.024384
-0.045383
-0.119317
0.026512
-0.000648
-0.150397
0.006262
0.045379
0.047494
-0.024186
0.059608
-0.049050
-0.083746
0.042193
0.039679
0.088178
0.034052
-0.102621
-0.000110
0.009880
0.001546
0.023682
0.034472
-0.135976
-0.068050
0.065700
-0.041574
0.053555
-0.232691
0.021615
-0.019062
-0.017870
-0.163595
-0.022654
0.124234
0.098094
0.025791
0.004177
0.076999
0.056458
0.110918
-0.019104
-0.013424
0.037127
-0.016292
0.044658
-0.020905
-0.006098
-0.099862
-0.007151
0.058041
-0.100269
0.086682
0.017843
-0.066673
-0.010299
0.042638
0.005138
-0.013214
0.027408
-0.082037
0.072862
-0.106187
0.012883
-0.035744
-0.038510
0.004946
-0.041094
-0.025695
0.053616
-0.019945
0.039968
-0.117822
0.048239
0.100301
0.071139
-0.023547
0.024352
0.008855
-0.092046
0.069177
-0.066768
0.103089
-0.073512
-0.058991
-0.120635
0.131890
-0.092929
-0.078120
-0.040332
-0.004932
-0.076674
-0.048694
-0.005065
-0.082001
-0.016408
-0.041672
0.027828
0.018267
0.044530
0.007632
-0.041321
0.045167
-0.079420
0.028160
0.015463
-0.035007
0.130438
0.058414
0.128746
0.028806
0.030836
-0.020781
0.117473
0.127244
0.013959
-0.009455
0.038018
0.026830
0.001436
0.032803
-0.048235
0.060557
-0.006426
-0.020141
0.022737
-0.070111
0.015703
0.046046
0.065670
-0.062977
0.137785
0.007695
0.039058
-0.089177
-0.016316
-0.024475
-0.106586
0.028096
-0.053443
0.100551
-0.002992
0.148179
0.022091
-0.060226
0.000585
-0.015477
0.025793
0.053000
-0.009111
-0.032191
0.056084
-0.102276
0.078274
0.097087
0.042500
-0.110401
-0.029539
0.019298
0.075198
-0.120830
-0.206581
-0.034884
-0.110739
-0.031673
-0.048894
-0.028317
0.013844
-0.028750
-0.093675
0.118244
0.014062
0.004567
-0.038782
-0.082545
-0.069848
-0.098717
0.113421
0.003942
-0.022987
0.018902
0.004825
0.008751
-0.039151
0.063836
0.066145
0.092663
-0.047348
0.104087
-0.043791
0.096157
-0.068194
-0.025427
0.024254
-0.015194
-0.071742
-0.141949
0.000473
0.107193
0.074484
0.055311
-0.027910
-0.000464
0.025551
0.099521
0.001008
0.050793
0.009887
0.063492
0.066550
0.085151
-0.106257
-0.025215
-0.081229
0.008759
-0.005602
-0.001444
0.088905
-0.032706
0.041316
0.025185
-0.130053
-0.121006
0.013681
0.034622
-0.015405
0.003007
-0.144407
0.012695
0.039627
-0.075328
-0.029987
0.041308
0.021124
0.038291
0.000557
0.013712
0.042975
0.063808
-0.186136
0.014112
-0.020334
0.188461
-0.080278
0.041916
0.008553
0.138163
-0.028817
-0.085991
-0.017043
0.032804
0.042666
0.094557
-0.007223
0.022740
-0.044830
0.153066
0.065135
0.064295
0.014380
-0.009068
0.050062
-0.052827
0.247424
-0.008674
0.032168
0.006639
0.109887
-0.117906
0.083961
-0.089484
0.033138
0.006529
-0.071859
0.026377
0.084131
-0.050834
0.033927
0.076039
0.063574
-0.010167
-0.113361
-0.068914
0.075512
0.048881
0.108980
-0.047458
0.015460
0.129599
0.048672
-0.015882
-0.039464
0.061502
-0.014216
0.085178
-0.021033
-0.003456
-0.198232
0.020106
-0.080576
-0.002340
0.016598
-0.146250
0.068367
-0.101960
0.030162
0.107491
0.012811
-0.049611
-0.010682
0.058155
0.046091
-0.012391
-0.069781
0.084771
0.053258
0.015525
0.009849
-0.006863
0.066376
0.037932
0.088932
0.028386
-0.101484
-0.080564
-0.070994
0.028685
-0.035594
0.111339
-0.113586
0.010071
0.046491
0.008369
-0.055565
-0.146670
0.029938
0.107350
0.028963
-0.025138
-0.014221
-0.047408
-0.113860
-0.062705
0.039873
0.055868
0.115105
-0.025803
0.055353
-0.138917
-0.013327
-0.091718
-0.084505
0.003472
-0.033356
0.066167
-0.004106
-0.119056
-0.003330
-0.013841
-0.047644
0.032132
-0.045615
-0.027453
0.053390
-0.080461
0.114673
-0.058703
0.031957
0.113897
-0.134731
0.056355
0.052249
0.006771
0.145242
-0.072645
0.164040
0.125515
-0.058235
-0.099913
0.042286
-0.031263
-0.017863
0.071792
-0.090416
-0.047934
0.007378
0.054324
0.016188
0.040900
-0.070854
-0.030817
0.052594
0.071619
0.060128
0.041775
-0.133946
-0.111044
-0.125947
0.017564
-0.024807
0.064647
-0.062251
0.091077
-0.062838
0.098131
0.056861
-0.025548
0.175307
0.063627
0.088310
-0.049261
-0.033626
-0.030109
-0.084261
-0.057970
-0.029829
0.020677
-0.025985
-0.051138
0.040431
-0.045413
0.024370
-0.019791
-0.088836
0.092078
-0.037226
0.010267
0.067944
-0.095176
-0.058690
-0.027438
0.154437
-0.101769
0.043201
-0.042148
-0.099883
-0.128522
0.048588
-0.083796
0.105360
0.012166
-0.097085
0.035050
-0.006733
0.055238
-0.083338
0.109199
-0.024207
-0.074448
-0.039271
0.000990
-0.154513
0.011025
-0.100734
0.034165
0.090805
0.083710
0.000864
0.010014
0.007027
-0.022728
-0.040859
0.060196
0.031192
0.016592
0.084825
-0.011815
0.069545
-0.120906
0.059368
-0.194378
0.021090
0.000090
-0.002245
0.026801
0.022711
-0.020262
0.041363
0.092955
0.039725
-0.173389
-0.006497
-0.009513
-0.013950
0.152330
-0.066040
0.125665
-0.079913
-0.063210
0.071617
-0.015714
-0.088081
0.154605
0.004716
-0.028989
-0.038403
0.148135
-0.042554
-0.030574
-0.001641
0.091498
-0.010364
-0.042428
0.009366
-0.049545
0.017412
-0.008439
-0.013887
-0.020859
0.060849
0.082399
-0.042764
-0.012296
0.062735
0.005007
-0.006308
-0.013936
0.046601
-0.032784
-0.094095
-0.111580
0.069453
-0.046994
0.018675
-0.093821
-0.058823
0.101677
0.050797
-0.045259
-0.014989
-0.022560
-0.040081
-0.125286
-0.129507
0.034295
-0.028477
0.035970
0.001838
-0.003956
0.003498
-0.010461
-0.044509
-0.107058
0.003094
0.022064
-0.036558
0.119393
-0.052800
0.046556
0.005307
0.086645
-0.003187
0.019279
-0.116189
0.041081
0.100519
-0.019305
0.111516
0.104341
0.006671
-0.031869
-0.062800
0.077458
-0.104987
0.046999
0.058121
0.004028
-0.004327
-0.078225
-0.020064
0.073908
0.024076
-0.030734
0.020933
0.093177
-0.025833
0.033675
-0.011214
0.017766
0.004742
-0.063982
-0.028549
-0.055231
0.057896
0.022288
0.030805
-0.041115
0.018688
0.025433
-0.014902
0.003799
-0.156052
0.010378
-0.039430
0.029287
-0.074376
0.050715
0.117781
-0.058649
0.111854
-0.006483
-0.197014
-0.079666
-0.038965
0.124823
-0.177535
-0.044785
-0.019351
-0.064753
-0.085547
0.013694
0.024688
-0.034134
0.003263
-0.083469
0.114002
-0.121104
-0.074475
0.006641
-0.068957
-0.046093
0.042782
-0.141034
0.044064
-0.085366
-0.004931
0.000186
-0.026623
0.071763
0.064342
-0.124102
0.025906
0.005537
-0.009526
0.061193
-0.002533
-0.000127
0.056049
-0.145191
-0.020182
0.059639
0.003810
0.050509
-0.072842
-0.143857
-0.070334
-0.021120
0.047554
-0.013543
0.042817
0.001301
-0.048005
-0.040100
-0.053970
0.071524
0.046410
-0.005275
-0.058053
-0.090989
-0.069359
0.037717
0.009689
-0.054637
0.058814
-0.029806
0.142862
0.050623
0.050311
-0.004502
-0.020626
0.105962
0.174772
-0.011852
-0.006629
0.051405
-0.000781
0.052418
0.017336
-0.005966
0.070897
-0.079205
0.094490
0.030003
0.030778
0.027076
0.024111
0.122232
0.032377
-0.001645
-0.115886
0.017651
0.013763
0.167967
-0.055309
0.056179
0.070256
0.073505
-0.039293
0.013568
-0.018510
-0.019871
-0.148018
-0.078908
-0.159958
0.025699
0.022737
-0.064733
-0.030639
-0.044524
0.070377
-0.149654
-0.018386
-0.086066
0.042499
-0.096168
0.013225
0.048195
0.001048
-0.025002
0.006708
0.043441
0.081590
0.030130
-0.016349
-0.009506
0.102392
0.033822
0.011510
0.080830
0.024239
0.104703
0.012292
0.000125
0.097056
-0.010187
0.073012
0.045228
-0.107470
0.180546
-0.131107
0.016913
0.078934
0.044936
0.032771
0.113276
0.046081
-0.070733
-0.063806
0.241394
0.179758
-0.028464
0.117600
-0.070437
-0.029617
-0.003363
0.080564
-0.002979
0.009340
0.009351
0.017679
-0.065214
0.000473
0.058432
0.087182
-0.051247
-0.008805
0.030356
-0.029745
0.001718
0.067881
-0.068642
0.016635
-0.038744
0.032485
0.074654
-0.125838
-0.083970
-0.055856
0.056475
-0.012595
0.053610
0.058643
0.025327
-0.134506
0.006847
-0.038776
0.080237
0.079822
0.063246
0.066951
0.027681
-0.003608
-0.074705
0.115009
0.082255
0.020976
0.071710
0.011435
-0.183191
0.018024
-0.015145
0.012806
0.066657
0.039199
0.026153
0.113826
-0.066353
-0.079988
0.006545
-0.126118
-0.050796
-0.106086
0.013667
-0.160928
-0.050970
-0.057037
-0.017235
0.049850
0.019866
-0.041122
-0.115439
-0.088180
0.027479
-0.029442
-0.022543
0.021843
0.029595
0.146800
-0.119082
-0.042209
0.024288
-0.048815
-0.116095
-0.088681
-0.105447
-0.048429
-0.086672
-0.092833
-0.033973
-0.066862
0.073882
-0.012280
0.040916
-0.074024
-0.054703
0.081703
-0.018431
0.049093
-0.122590
-0.011543
0.017401
-0.089323
0.096424
-0.034881
-0.001199
-0.107259
-0.170143
-0.076055
0.056042
0.152767
-0.013064
-0.032774
0.148051
0.025031
0.078164
0.027217
0.083529
0.032081
0.066490
0.023974
0.018611
-0.122177
0.083327
-0.093015
-0.110976
0.004050
-0.039133
-0.025338
-0.063654
-0.036805
-0.016329
-0.146041
-0.155604
-0.109908
0.088006
-0.090343
-0.093911
0.004812
0.024387
-0.024840
0.169298
-0.047695
0.037252
-0.001662
-0.034776
-0.015464
-0.000352
0.093632
-0.027104
-0.040164
0.024263
0.018289
0.018678
-0.141171
-0.089269
0.120448
0.137735
0.033668
0.026503
-0.023124
-0.057267
-0.102681
0.030589
0.092109
0.012372
0.010206
0.066163
0.048165
0.043132
0.115432
-0.014550
-0.015534
0.037427
0.044512
-0.130502
0.059665
-0.132162
-0.128590
-0.056427
0.141564
-0.062521
-0.034829
-0.072440
0.145561
0.075758
-0.063701
-0.083734
-0.043519
0.005057
-0.076244
-0.079355
0.057725
0.033040
-0.136511
-0.062501
0.092598
-0.038384
-0.049005
-0.021581
0.020448
-0.007182
0.055016
0.085438
0.064541
-0.065346
0.008728
-0.005276
0.004851
0.027927
0.014051
0.048439
0.010421
-0.012094
-0.053924
0.010529
0.005527
-0.029905
-0.085573
-0.065738
-0.075705
0.085364
-0.086472
-0.014257
-0.055067
-0.001790
0.038057
-0.074439
-0.005076
0.101638
0.125895
-0.021342
0.097137
-0.161418
-0.011180
-0.040354
0.001484
0.064242
0.154795
0.076212
0.165936
-0.036598
-0.079370
0.060250
0.047513
0.048344
0.082730
-0.058129
-0.218826
0.085942
0.059048
0.008611
-0.070145
-0.092237
0.077519
0.017416
-0.039299
-0.049737
0.062121
-0.056726
0.024061
0.019093
0.030812
0.018354
0.045328
0.177895
-0.073555
0.015175
-0.165997
0.012909
-0.049163
0.013218
0.006817
-0.083955
0.069336
0.078625
0.078055
0.050538
-0.052215
0.047896
-0.000463
-0.042708
0.153708
0.028267
0.057498
0.033607
0.001110
0.086339
-0.005962
-0.020898
0.086698
-0.113332
0.042511
-0.061457
0.052304
-0.116071
0.009117
0.006670
0.051649
0.011855
-0.133262
0.018834
0.019215
-0.006249
0.020328
0.035756
-0.005639
0.001215
-0.064940
-0.007572
-0.028890
-0.072282
0.001716
-0.039517
-0.003866
-0.032875
0.002348
-0.014520
0.042272
0.028122
-0.072021
-0.082948
0.033750
-0.076864
0.079493
0.019085
0.001923
0.086047
-0.007810
-0.006890
0.025487
0.086890
-0.068107
0.054760
-0.010763
-0.009224
0.081608
0.019943
0.074757
-0.059001
0.144857
0.008022
0.081013
-0.064583
0.037906
-0.118566
-0.101840
-0.024398
-0.008374
-0.036241
0.042816
-0.035475
0.031248
-0.101482
0.024964
-0.005437
0.025628
0.127720
0.056180
-0.007385
-0.030745
-0.013359
0.026229
0.020772
-0.010120
-0.017279
0.026360
-0.099063
0.089524
-0.030567
0.044691
0.110029
0.077340
0.052461
-0.022012
0.099229
-0.065094
0.014110
0.005907
0.018726
0.105070
-0.048827
0.030481
-0.041370
-0.082825
-0.067203
-0.093448
-0.040452
-0.134658
0.019189
-0.076012
-0.048470
-0.040207
0.046748
0.018369
-0.086069
-0.013839
0.000856
0.014764
-0.067868
0.038159
-0.018275
-0.044425
0.030135
0.034027
-0.088605
0.075338
0.049726
0.070646
0.087940
-0.111639
-0.047043
-0.057148
0.064990
0.048258
-0.022259
-0.038443
-0.055954
0.036385
-0.012065
0.022609
-0.111656
-0.048991
0.083189
-0.067676
0.015854
0.010967
0.115903
-0.075614
0.036100
0.097275
0.159192
-0.024332
-0.043439
0.066972
-0.060473
0.084358
0.171399
0.117593
0.030936
0.046609
0.047168
0.042584
0.110842
0.023130
-0.110891
0.069134
0.084816
-0.004690
0.093682
-0.008104
-0.035433
-0.154444
-0.056276
-0.057478
0.142554
0.073572
-0.034193
-0.042149
-0.149338
0.084811
0.061783
0.003668
0.031278
0.026251
0.098513
-0.024173
-0.001588
0.035463
0.094641
0.067377
0.002342
0.045705
0.132149
0.067030
0.051442
0.051229
0.028621
0.073729
-0.045449
0.034113
0.008507
-0.047820
-0.153596
0.041072
0.014469
-0.014663
0.046211
-0.016499
-0.017206
-0.123269
-0.005523
0.038626
-0.090492
-0.032308
0.094559
-0.090139
-0.016107
0.013601
0.047561
-0.073235
0.025442
-0.065621
-0.026193
-0.073376
-0.018452
-0.038012
-0.039442
-0.064256
0.090037
-0.057397
0.068773
-0.010127
-0.061922
-0.087706
0.008028
-0.014869
-0.056294
-0.007887
-0.066191
0.025607
0.040788
0.019938
-0.011756
-0.032798
-0.009386
0.001528
-0.048634
0.052867
-0.102779
-0.045670
0.006628
0.165711
-0.051960
0.076232
-0.021660
0.029836
-0.101848
0.014042
0.104964
-0.092953
0.013028
-0.104935
0.051493
-0.042261
-0.026724
0.098411
-0.045366
-0.061030
-0.028956
-0.104221
-0.031926
0.011604
-0.076780
0.066938
0.046430
-0.061388
0.026045
0.054688
-0.029342
0.111324
0.077582
-0.017890
0.018063
0.122478
0.098126
0.020552
-0.024632
-0.159487
-0.042729
-0.097510
-0.080498
0.096044
-0.011088
0.109282
0.090177
0.152458
-0.107917
0.141830
0.080123
-0.023914
0.052597
0.001335
-0.048330
0.065424
0.039085
-0.155220
-0.000975
-0.016812
-0.015985
0.057865
-0.058337
0.062961
-0.034848
-0.032636
-0.037724
0.037505
-0.154736
-0.030227
-0.010585
-0.025817
-0.009119
0.206057
-0.086725
0.032745
0.021727
0.076925
0.025713
0.004369
-0.021042
-0.049880
-0.040116
0.043585
0.049573
-0.039984
0.042867
-0.071601
0.103531
-0.070523
0.067523
0.107094
-0.029732
0.103241
-0.037170
-0.025337
0.015209
-0.041244
-0.010661
-0.030309
0.023302
0.183491
0.066806
0.001050
0.106114
-0.074360
0.104264
0.087061
0.030096
-0.060982
0.042721
-0.080407
0.015201
-0.069796
-0.152493
0.147054
-0.064683
-0.034807
-0.020173
-0.113442
-0.008061
0.025687
0.021409
0.049751
0.014611
-0.046201
-0.028055
0.040658
-0.026950
-0.070351
0.024406
-0.009193
0.004918
-0.000713
0.058298
-0.059588
0.008140
0.070121
-0.039127
0.056632
0.043487
-0.007805
0.009900
0.024622
-0.120161
0.053535
-0.067199
-0.087815
-0.098698
0.069983
-0.081824
-0.009753
-0.050010
0.050246
0.023538
-0.019851
-0.039009
-0.010025
0.136060
0.017287
-0.058464
0.046582
-0.036294
0.033771
0.002290
0.142936
0.060583
-0.098313
0.158999
0.018548
-0.018772
0.024621
-0.106423
0.233550
-0.019417
0.045135
-0.074034
-0.003820
0.102493
0.042580
0.047943
-0.005435
0.079894
-0.026374
0.030320
0.013690
-0.089262
0.062097
-0.020450
-0.012669
0.077176
0.008223
0.017813
0.046386
0.026609
0.009660
0.044344
-0.081918
-0.061764
0.024039
0.050921
0.038047
0.029032
-0.007110
-0.078454
-0.095930
0.111675
0.000491
-0.031140
-0.054342
0.025186
0.003506
0.006064
-0.158333
-0.060269
-0.081736
-0.079996
0.061069
-0.047446
-0.128736
0.046044
0.046048
-0.004252
-0.002904
-0.057903
-0.093741
-0.102843
0.055047
-0.142086
-0.045410
-0.026249
-0.045753
0.013974
0.014561
-0.017443
-0.002284
-0.050124
0.157390
0.042589
-0.055721
-0.023311
0.050074
0.052802
-0.062278
-0.145317
0.078401
0.062999
0.007049
-0.048479
0.069099
-0.070134
0.030966
0.094354
0.000580
0.014583
-0.031896
0.062863
-0.044675
0.132967
0.054129
-0.026067
0.096785
-0.041539
-0.100016
-0.084988
0.095767
-0.051080
-0.124928
0.004687
-0.028453
-0.014003
0.022179
0.056423
0.113939
0.004274
0.018085
-0.121320
0.038993
-0.118044
-0.007732
-0.044872
0.170379
-0.102978
0.123031
0.086493
0.068820
0.107667
0.039359
-0.038328
-0.100826
0.028622
-0.023391
-0.026008
-0.060889
0.026491
0.079144
0.005397
-0.018531
0.057410
0.076090
-0.024733
0.042120
0.128419
-0.033820
0.010085
-0.099745
0.130962
0.099381
-0.017834
-0.004262
0.048632
-0.120167
-0.055799
-0.031912
-0.092259
0.059864
-0.013992
0.010813
-0.121349
0.050111
-0.033337
-0.009024
-0.015621
-0.083731
-0.002216
0.032896
-0.057308
0.010936
0.023066
0.028682
-0.035727
-0.107310
-0.116381
-0.008132
-0.023951
-0.088679
-0.016867
-0.006974
0.014521
0.010515
-0.021360
-0.032038
-0.098875
0.052079
-0.030020
0.028602
-0.066063
-0.142730
0.036471
0.098237
-0.007303
0.023820
0.118485
-0.197744
-0.088755
-0.044880
-0.056146
0.070109
-0.076694
0.000569
-0.035152
0.141421
-0.021287
-0.131959
-0.044010
0.028202
0.079869
-0.004291
0.018568
0.049882
0.018816
0.021505
0.053067
0.021780
-0.105791
0.017511
-0.063852
0.001648
0.050686
0.090097
0.198241
0.061868
0.086960
-0.035340
0.106242
0.065661
-0.111768
-0.077801
-0.008736
0.208332
-0.074148
-0.087765
-0.038510
-0.042967
-0.035235
-0.014024
-0.169148
-0.087640
0.001621
-0.061378
0.006541
0.004887
0.025076
0.001741
0.036367
0.051736
-0.021674
-0.119304
0.008416
0.097341
0.010857
-0.139414
0.012733
-0.080146
-0.035705
-0.096541
0.018790
-0.013113
0.072146
0.024873
-0.041004
0.023580
-0.051418
0.000981
0.004901
0.055568
0.019271
0.023725
-0.029161
-0.067371
-0.071869
-0.163732
-0.028959
0.105634
-0.178130
-0.035590
-0.067826
-0.097324
0.003156
-0.009632
0.057424
-0.026957
-0.081971
0.002262
0.057590
0.064644
0.016755
0.073460
-0.012802
-0.051686
-0.019793
0.020735
-0.130020
-0.088199
-0.024806
0.027670
0.034242
-0.020337
-0.063872
-0.041171
-0.024730
0.073784
0.028949
-0.048403
0.072081
0.011926
-0.044410
0.026355
0.051370
-0.024930
0.005803
0.111793
-0.030319
0.043262
0.028050
0.054080
-0.061439
0.083333
0.064598
-0.058334
0.000544
0.131791
-0.001008
0.049985
0.034499
-0.055737
-0.013990
0.118489
0.051094
0.094097
0.067675
-0.033389
0.054645
0.054367
-0.076370
-0.231124
0.128822
0.029616
0.050344
0.073667
0.088641
0.131121
-0.040217
0.002099
0.056272
-0.095818
0.083068
-0.160747
-0.019894
-0.093782
-0.162813
-0.159503
-0.049140
-0.048359
0.035985
0.036152
0.042773
0.024102
-0.058581
-0.034142
-0.123759
0.083428
0.084751
0.034060
0.000699
-0.033383
0.034648
0.031839
0.105469
-0.014220
0.021677
0.074357
-0.003543
0.151407
-0.001354
0.159354
0.013501
-0.012313
-0.121065
-0.050235
-0.063809
0.013447
0.070273
-0.041800
0.072001
0.082093
0.130117
-0.159545
0.054143
-0.068903
-0.006521
-0.121547
-0.008831
0.065701
0.062081
-0.084469
-0.138450
-0.123379
0.052140
-0.015105
-0.039858
-0.116196
-0.080678
-0.103960
-0.115314
-0.084148
-0.045008
0.079579
-0.127161
-0.129234
0.001173
-0.052413
0.010906
-0.013976
0.039202
-0.042842
-0.049021
0.036684
0.038508
0.057882
-0.028409
-0.010172
-0.042581
-0.053450
-0.089547
-0.043305
0.070245
0.082585
0.107137
0.030721
-0.098213
-0.021174
0.000467
0.033789
-0.007801
0.058774
0.116593
-0.014735
0.058800
0.051622
0.024841
-0.024679
-0.016985
0.082447
-0.103441
0.021507
0.094972
0.027873
0.091957
0.014318
0.139626
-0.075154
-0.013942
0.017039
-0.117700
0.089413
0.034593
0.060997
0.019882
-0.083666
-0.082546
0.006815
-0.009087
0.007178
-0.031562
-0.028214
-0.099266
0.081740
0.029517
-0.025191
0.005284
0.081136
0.077912
-0.025652
0.013534
-0.035770
-0.027510
-0.023641
-0.026636
0.043756
-0.032641
-0.015791
0.103966
-0.028790
-0.017654
-0.103830
0.047850
-0.036524
0.013534
0.013456
0.023395
-0.085332
-0.051327
0.022969
-0.074275
0.005471
-0.072941
-0.102417
0.032085
0.044554
-0.007300
-0.068491
-0.021040
-0.063369
-0.021135
-0.033851
0.037269
0.105255
0.078765
0.103927
0.118991
-0.062093
0.099728
0.114821
0.028969
-0.015078
0.020061
-0.080321
-0.008207
0.055494
-0.000545
-0.006704
-0.026997
0.022586
-0.015591
0.109298
-0.032931
0.001741
-0.059331
-0.058021
-0.114024
-0.079337
-0.065755
-0.037829
0.096149
-0.018169
0.071793
0.107002
-0.012790
0.032713
0.062815
-0.107988
0.210092
0.015064
-0.087400
-0.016053
0.020468
0.035958
0.073498
0.075351
-0.059532
-0.063095
-0.013973
-0.029770
-0.074147
-0.026298
0.007820
0.034318
0.026123
0.020564
0.005419
-0.072197
-0.068012
0.047781
-0.036164
0.098770
-0.080270
-0.017876
-0.067208
0.027771
0.214070
0.040034
0.037140
-0.025051
0.036148
0.056335
-0.129251
-0.024252
-0.071977
0.068457
0.027021
-0.212486
-0.019118
0.065602
-0.088869
0.019601
0.013643
-0.082171
-0.179897
0.077451
0.091402
0.149447
-0.016944
0.020040
-0.062678
-0.012862
-0.040204
0.038350
0.080861
-0.059877
0.081324
-0.066632
0.121050
-0.013401
0.071430
-0.035892
0.041489
0.017405
0.120594
-0.014719
0.018310
0.116268
-0.017489
-0.005758
-0.036662
0.026645
0.005610
0.088536
0.013533
-0.038308
0.021239
-0.018063
-0.007113
0.037001
0.037819
0.099996
0.031072
-0.007191
-0.007156
-0.038978
0.121447
-0.130558
0.104620
-0.167135
0.033549
0.047754
0.047316
0.075727
0.108812
-0.067609
-0.116549
-0.008927
-0.020272
0.023861
-0.005025
-0.007820
0.072733
0.151414
-0.109611
-0.055167
0.093931
-0.042343
0.038635
0.054098
-0.066761
-0.050928
0.035306
-0.072332
-0.065543
-0.100856
0.054278
0.084179
-0.000438
0.048298
0.079369
-0.014743
0.081393
0.007003
-0.052102
0.066649
-0.026800
0.027804
0.076027
-0.001121
0.029800
0.019058
-0.022975
-0.049180
-0.018134
0.086650
-0.045755
-0.018129
-0.015025
-0.007631
-0.065849
-0.075231
0.017523
-0.077893
0.084981
0.044725
0.054366
-0.063674
-0.059563
0.011017
0.012225
-0.012787
-0.099936
-0.141410
0.045262
-0.023755
0.002059
-0.030786
0.046218
0.074438
-0.105786
-0.026647
-0.081201
0.065026
0.122020
-0.007064
0.117190
0.022200
-0.058306
0.027514
-0.010983
-0.019880
0.005619
-0.008625
0.024244
-0.086083
0.020502
0.127754
-0.094931
0.032366
0.094532
0.121283
-0.121941
0.012410
0.067749
-0.042944
0.093942
0.039323
0.056804
-0.046675
0.170575
-0.037725
0.101922
0.057971
-0.019212
-0.126256
0.015226
0.030804
0.029990
0.085072
-0.037585
0.068558
0.099622
0.121906
0.055468
-0.039913
-0.090859
-0.050672
0.011894
0.062379
-0.018559
-0.060759
0.072342
-0.015688
-0.067312
-0.063781
0.048666
-0.124471
0.059061
0.034581
0.007554
0.003407
0.106908
0.013937
0.095513
-0.091366
-0.060320
0.052724
-0.061798
0.135326
0.019362
0.081779
0.048296
0.156492
-0.026613
-0.097684
0.000687
-0.054343
0.091455
0.060833
-0.029978
0.033122
0.007887
-0.061791
0.053159
0.099725
-0.085367
0.003997
-0.116555
0.062037
0.075103
-0.000973
0.044738
0.071461
-0.101704
0.052439
-0.106356
-0.014562
-0.100461
0.040027
0.088364
-0.030513
0.012441
-0.140562
0.014414
0.025153
0.093956
0.010277
0.047260
-0.063674
-0.004065
-0.033795
0.030059
0.026644
-0.128944
-0.043038
-0.033489
-0.100212
0.035953
-0.047608
-0.102491
-0.035052
0.029040
-0.090344
-0.048644
-0.014136
-0.011218
-0.022120
0.039385
-0.004234
-0.065028
-0.082564
-0.001783
0.047165
-0.138169
-0.051360
-0.077359
0.180040
0.067598
-0.072569
0.051998
-0.096184
-0.037937
0.035071
0.012391
0.048093
-0.051286
-0.024717
-0.040246
-0.024984
0.052014
0.085707
-0.005726
-0.055890
0.080142
0.020552
-0.031228
0.035931
-0.061759
-0.016287
0.039895
0.094140
-0.042637
-0.065463
0.075711
-0.032666
0.099731
0.068652
-0.001873
0.107822
0.053641
0.058538
-0.031799
0.060882
-0.010466
0.042804
-0.021734
-0.080175
0.010680
-0.043940
-0.040065
-0.092768
0.051288
-0.022978
0.008186
-0.109832
0.091742
0.082225
0.011715
-0.099250
0.083907
-0.024593
0.031826
-0.057348
-0.111829
-0.119637
-0.053277
-0.032615
0.009513
0.015575
0.052205
-0.075180
0.126261
-0.013387
-0.133472
0.026131
-0.015602
-0.003084
0.182471
-0.157361
-0.090336
0.114550
0.043891
0.103537
0.026578
0.010741
0.144628
0.043576
-0.050772
-0.058033
-0.069817
0.018991
0.023292
0.072793
0.049336
0.096943
0.052548
-0.025073
-0.049759
-0.006041
0.017207
-0.056968
0.018319
0.014275
-0.051873
-0.038063
-0.023433
-0.173566
0.017730
-0.163785
0.067440
0.058756
0.009919
-0.027797
-0.090013
0.102507
0.086657
-0.180464
0.002647
-0.125759
0.122279
-0.012987
0.162068
0.041144
-0.050430
0.083896
-0.048995
-0.149080
0.051080
0.037903
0.044087
0.025065
0.082124
-0.072499
0.062171
-0.059382
-0.084813
-0.064938
0.049437
-0.021379
0.045064
0.048823
-0.052972
0.061919
-0.106336
-0.024433
0.010704
0.011996
-0.118473
-0.040071
0.020873
0.086178
-0.031517
-0.027592
-0.090745
-0.050241
0.001055
-0.016787
-0.076541
-0.130898
0.034638
0.043653
-0.011750
0.013540
0.012322
-0.027872
-0.112501
-0.001635
0.041024
-0.030030
-0.035436
0.068473
0.162289
-0.077220
0.041049
-0.063582
-0.017408
-0.003765
-0.035775
0.092993
-0.039564
0.089561
0.024621
-0.150159
0.065238
0.022382
-0.171786
0.049985
-0.070751
-0.075476
0.041351
0.024980
0.006469
-0.101373
0.039684
0.050397
0.048349
0.087353
-0.044847
-0.050069
-0.178178
0.119557
0.008366
0.024931
-0.176457
0.013341
-0.017224
0.077870
0.094723
0.093585
0.031707
0.140709
-0.103395
0.019968
-0.066082
-0.000661
0.059048
-0.048085
-0.016634
0.039369
-0.065467
-0.123675
-0.065467
0.098981
0.012310
0.006055
0.080261
0.017704
0.032300
-0.023240
0.069679
0.082093
-0.020831
0.027057
0.015449
-0.019275
0.028848
0.081571
0.041876
0.074044
0.009162
0.067227
0.047468
-0.051376
-0.066395
-0.064403
-0.031918
0.089866
0.129896
-0.056182
-0.031134
0.136646
0.099531
-0.007532
0.003163
-0.026031
-0.052480
0.064612
0.208831
-0.089608
0.028211
0.061573
0.046976
-0.091508
-0.000952
-0.067162
-0.049756
-0.008171
0.089031
-0.098752
-0.058017
-0.044958
-0.029526
0.102636
0.065449
-0.029092
0.141363
-0.057650
0.003509
-0.026598
-0.030527
-0.009198
-0.083693
0.047332
0.025737
-0.099330
0.029966
0.118468
0.028458
-0.021306
-0.088349
-0.003752
-0.128141
-0.123625
-0.014293
0.131898
-0.079873
0.021720
0.053994
0.138812
-0.079031
-0.034824
0.035734
0.103517
0.117186
0.041371
-0.039649
0.072198
0.038537
-0.166498
-0.079245
-0.011505
-0.162481
-0.060003
-0.021528
0.119302
-0.058171
-0.217461
-0.022283
-0.015935
0.022689
-0.019395
-0.053613
0.026875
-0.103652
0.081754
-0.017848
-0.053195
0.069546
-0.001579
-0.000951
0.108237
-0.079353
-0.028190
0.012661
0.071236
0.017854
0.059312
-0.040614
-0.026141
0.054458
0.045773
-0.075705
0.011431
0.075024
0.012312
0.049148
-0.029180
-0.066791
-0.026083
0.018352
0.052399
0.058400
-0.060515
0.000439
-0.062154
0.060558
-0.058065
-0.097654
-0.059092
0.017658
0.032128
-0.055444
0.044050
0.014628
0.059334
-0.041188
0.031510
-0.032968
-0.029441
0.069220
-0.078386
-0.024531
-0.102520
-0.009020
0.068632
0.063201
0.007190
0.006366
-0.066606
0.043328
0.024678
0.232430
-0.003158
-0.042304
0.001350
0.110262
-0.033137
-0.023447
0.051482
-0.147411
-0.086082
0.043557
0.057517
0.046889
0.030798
0.042161
0.093467
-0.110153
0.124251
-0.058332
-0.166157
0.052880
0.119028
-0.159482
-0.055191
0.032303
-0.014491
0.065320
-0.027505
-0.061757
-0.036336
-0.032401
-0.046827
0.016124
-0.072688
-0.051379
0.055852
-0.098415
-0.089953
-0.035578
0.005414
0.043746
0.134515
0.060079
-0.034289
0.015236
-0.021887
0.118796
-0.071638
0.054746
-0.026405
-0.151958
-0.072310
0.115128
0.012867
0.013677
-0.045480
0.037671
0.135286
0.005009
-0.152385
-0.048633
-0.157526
0.020280
0.025550
0.128792
-0.106051
-0.107225
0.164053
0.079778
0.005680
-0.093484
0.034515
0.032514
-0.079166
0.015626
-0.106324
-0.076044
-0.089431
-0.055682
-0.029019
0.032028
0.083854
0.003600
-0.006184
0.066158
0.117188
-0.031399
0.004743
0.111498
0.032585
0.103973
-0.049530
-0.011915
-0.092324
-0.039089
0.092663
0.013907
0.047644
0.091405
0.057485
-0.007738
-0.063888
-0.039361
-0.026977
-0.082556
0.089874
-0.093048
-0.043196
0.123880
-0.006174
-0.088293
0.096070
0.010253
0.050192
-0.018060
-0.110983
-0.033757
0.051707
-0.079915
0.004144
-0.085523
0.131358
-0.023159
-0.016405
0.032195
0.111207
-0.092722
0.025484
-0.019898
0.115465
-0.029024
-0.052440
0.173401
0.008868
0.105477
-0.062547
0.059657
0.071907
-0.009072
0.053797
-0.046783
-0.020353
0.057509
0.153572
0.012147
-0.133138
0.064326
-0.008431
0.012280
0.169475
-0.028266
-0.041187
0.019597
0.010250
0.092209
0.049198
-0.018861
-0.051982
0.060301
0.017518
-0.000404
0.022319
-0.049196
0.033042
-0.025159
0.019049
0.003130
-0.072227
0.128039
-0.014790
0.145030
-0.031040
-0.107637
0.023967
0.122037
0.058275
-0.055720
-0.083691
-0.007390
-0.000084
0.003733
-0.034802
0.066377
0.080378
-0.019095
-0.018575
0.034761
-0.029204
-0.009811
-0.002036
0.091278
-0.032020
-0.055497
0.076416
0.032742
0.035213
0.019287
-0.019906
-0.020838
0.062972
0.079018
0.147101
-0.119795
-0.157380
0.014914
-0.137662
-0.001076
0.100972
0.031863
0.153760
-0.124233
0.114526
-0.065953
-0.135300
-0.057885
0.090151
-0.053838
0.045712
-0.026606
0.158118
0.005265
0.052255
-0.132203
0.007840
-0.001832
-0.015242
0.055890
-0.019609
0.086209
0.005133
-0.019119
0.118855
-0.025595
-0.077263
0.108835
0.038698
0.012464
-0.034090
0.064616
-0.031422
-0.008833
-0.056681
0.019105
-0.020355
-0.048410
-0.024398
-0.074204
0.172608
-0.063337
-0.049456
0.060108
-0.033655
-0.128792
0.091146
-0.010747
0.056109
0.075871
0.151915
-0.071446
-0.017771
0.115100
0.017000
0.092256
0.055529
-0.005527
0.000465
0.017049
0.098068
-0.085836
-0.003170
-0.130510
-0.050462
0.021021
0.000312
0.097460
0.076149
-0.028153
-0.033771
0.028016
-0.010176
-0.110714
-0.078407
-0.091387
0.050632
-0.080074
0.107376
-0.047343
0.190435
-0.022977
-0.112512
0.045741
0.158408
0.032637
0.023841
-0.043617
0.022850
-0.005533
0.034630
-0.079447
-0.018339
-0.165880
-0.016530
0.146501
-0.006673
-0.071369
-0.017760
-0.132560
0.027048
-0.001990
-0.111793
-0.004714
-0.028992
-0.021059
0.055909
0.017216
0.089685
0.156111
0.034343
0.001944
-0.031553
0.004959
0.009102
-0.070568
-0.031881
0.053334
0.138726
-0.024846
-0.100194
-0.098871
0.022036
0.086820
-0.002920
0.062422
-0.036918
0.023270
0.034308
0.023098
-0.028895
0.121872
0.063823
-0.038800
-0.141135
0.039344
0.061909
-0.128359
-0.014816
-0.005482
0.052437
0.000985
-0.002931
0.121379
-0.038773
0.008254
-0.208552
-0.048132
0.134553
0.047167
0.011502
0.100603
0.097418
0.050539
-0.012328
-0.020677
-0.018590
-0.034602
0.038429
-0.011370
0.026694
-0.036011
-0.068783
-0.014860
0.022373
-0.111237
0.070339
-0.004172
0.010596
0.059949
0.027959
-0.088227
-0.105164
0.003998
-0.082646
0.155187
-0.000298
0.096605
0.048632
-0.080766
0.045814
0.023542
-0.040785
-0.136187
-0.029414
0.026454
0.018544
0.029006
-0.079143
-0.028002
0.112919
0.070356
0.176466
-0.033112
-0.049644
-0.077291
-0.111378
-0.010870
-0.068400
0.031360
-0.033525
0.024697
0.073214
-0.032648
-0.062022
-0.035011
0.165077
-0.041690
0.038917
-0.070207
0.016522
0.045661
0.087394
0.079545
-0.100391
0.059816
0.117904
0.014304
0.086969
0.056428
0.071344
0.023939
0.015362
0.076079
0.041189
-0.013486
0.036609
0.042302
-0.011303
0.001505
-0.032297
0.016864
-0.029360
-0.057251
-0.034990
0.004592
0.051143
0.078909
-0.048090
0.023747
0.086220
-0.080833
0.007292
-0.003524
-0.022483
-0.062352
0.078196
0.127740
0.067956
-0.119017
0.064916
0.001405
-0.054549
0.064966
0.083254
0.068267
-0.081950
0.026187
0.033977
0.037377
0.101526
-0.019122
0.090232
-0.003840
0.073814
0.060177
-0.081339
-0.053649
0.084670
-0.138417
-0.044672
-0.036672
-0.025000
0.041835
-0.004275
-0.061473
0.008238
0.050460
-0.015653
0.110000
0.079531
-0.003942
0.027215
0.095565
0.048610
-0.057263
0.035444
0.149046
-0.131656
0.055249
-0.123286
-0.001644
0.082504
-0.031752
0.045466
0.010058
-0.112735
-0.042569
-0.040640
0.072345
-0.071530
-0.106392
-0.048793
-0.039843
-0.051436
-0.042639
0.006560
-0.076864
0.009951
-0.147454
-0.042469
-0.019908
0.008408
-0.084035
0.022394
-0.111504
0.032084
-0.111969
0.030140
-0.049007
0.030816
0.004967
-0.043804
-0.167362
0.059408
0.057908
0.005550
0.022768
0.049110
0.061824
0.011350
-0.010925
-0.063083
-0.004966
0.039510
-0.001275
0.003586
-0.054625
-0.043112
-0.045297
-0.155594
0.046825
-0.021323
0.071603
-0.019945
0.053111
0.020616
-0.073240
-0.063332
-0.014950
0.109226
0.001048
-0.086531
0.054106
0.085241
-0.083806
-0.096053
0.031172
-0.021795
-0.058001
0.004980
0.113627
-0.004103
0.036421
-0.015095
-0.010148
0.038296
-0.025454
0.062481
0.081431
-0.128203
-0.056417
-0.028896
0.082947
-0.066717
0.012264
0.022738
0.173935
0.205641
0.038866
0.098111
-0.070550
0.008414
-0.044051
0.075232
-0.010138
0.075457
0.047351
-0.027050
0.098025
0.011061
0.088942
-0.069918
-0.032119
0.059495
-0.024476
-0.090994
0.033279
-0.168363
-0.011747
-0.045817
-0.025911
0.020370
-0.055709
-0.012611
0.078619
0.020883
-0.083579
-0.004608
-0.008167
0.052383
-0.067191
-0.098233
-0.012180
0.048513
-0.054414
0.010646
0.102921
-0.025892
-0.030301
0.080190
-0.017459
0.010311
-0.083099
0.087761
0.057906
0.021434
0.015915
0.063444
-0.074360
0.028818
-0.090653
0.091995
-0.008772
-0.023366
0.089127
0.132986
-0.008279
0.103445
0.084859
-0.085105
-0.032645
0.025917
0.086375
-0.050994
0.024728
0.050977
0.067005
0.024411
-0.118259
0.097709
0.059125
0.037465
-0.001698
0.046559
-0.028655
0.037301
0.122339
-0.024547
0.040764
-0.023839
-0.039498
-0.074734
-0.066594
-0.078692
-0.069567
-0.141383
-0.024975
-0.065897
0.009838
0.035050
0.012656
-0.035109
-0.134324
0.010429
0.005453
-0.061116
0.080016
0.040652
-0.068192
-0.018612
-0.097237
-0.014575
-0.042002
0.051325
0.071949
-0.020831
0.052968
-0.097747
-0.013278
0.094283
0.060202
-0.105290
-0.005879
-0.021468
-0.018957
-0.014959
0.021631
-0.002928
-0.080649
0.060423
0.151604
0.004252
-0.064938
-0.084770
-0.050184
-0.043781
0.048815
0.080507
0.034859
-0.027371
0.048208
0.065314
0.009440
0.019557
-0.133086
-0.013843
-0.016975
-0.042934
0.008533
-0.180970
0.043075
0.043164
-0.075316
0.004112
0.012426
0.075254
0.095940
-0.086235
-0.045691
0.013097
-0.133674
-0.123054
0.014380
-0.017189
-0.025564
-0.012171
0.051125
0.083266
0.028720
-0.057362
0.072615
0.155421
-0.022133
0.011368
0.094131
0.052181
-0.025396
-0.120308
-0.042945
0.039364
-0.014825
0.001801
0.019058
-0.127086
0.036388
0.107460
-0.085012
0.086418
-0.013811
0.040581
-0.050293
-0.104608
0.056303
0.067004
0.001928
-0.098701
-0.043685
-0.008758
0.032343
0.093160
0.072177
0.065282
0.099453
0.042144
0.059375
-0.020640
0.136361
-0.049248
0.029879
0.001273
-0.055048
-0.061046
0.052715
0.050229
0.129526
-0.094313
-0.006897
-0.134553
-0.162166
-0.018791
-0.009550
-0.052720
-0.109204
0.082664
-0.005343
-0.053460
0.026562
0.039058
-0.016701
0.049179
0.101513
-0.093955
0.033153
0.098827
-0.006014
0.119219
-0.009510
0.096070
0.024677
0.008711
-0.020127
-0.056562
0.018817
-0.016115
-0.069055
-0.056603
-0.005822
0.012780
-0.160593
0.009707
0.014650
0.029119
0.028477
-0.002541
-0.140667
0.013192
0.035960
0.004595
-0.027773
-0.079672
0.014704
-0.017794
-0.038952
-0.182086
-0.081019
-0.001902
-0.027304
-0.023682
-0.094275
0.025586
0.071003
0.028586
0.058721
-0.075118
0.040699
-0.090678
0.081098
-0.006865
-0.020123
-0.048941
0.011001
0.036955
0.024450
-0.076358
-0.060011
0.116007
0.038874
-0.084885
0.044131
-0.011498
-0.104700
-0.081065
-0.034977
0.019077
0.030645
0.058752
-0.017811
0.040420
0.033243
-0.130839
0.074870
0.022502
0.087766
0.026168
0.052504
0.001081
0.022744
0.048165
0.220445
-0.206181
-0.057174
-0.081742
0.167775
-0.006630
-0.110202
0.119127
-0.079185
0.035645
-0.030243
-0.130512
-0.025026
-0.018311
-0.107621
-0.014752
-0.044253
-0.095064
-0.012132
0.021416
-0.149631
-0.104527
-0.022457
0.008294
-0.041892
-0.018013
0.078155
0.017274
-0.023541
-0.029298
0.043167
0.103868
-0.051517
-0.057653
-0.127865
0.102785
-0.043684
0.056032
-0.017318
0.016742
-0.038587
-0.054148
-0.061621
0.086715
-0.008087
0.039244
-0.063642
0.070770
-0.167034
0.038693
-0.070951
0.056902
-0.048791
0.126038
-0.044949
-0.054190
-0.068124
0.023067
-0.076259
-0.087048
-0.055303
0.057197
-0.081790
0.100130
0.152098
0.086609
-0.121993
-0.119461
-0.041752
0.066316
0.046085
0.069142
0.024784
0.191641
0.115927
0.159650
0.161296
0.002667
-0.076482
-0.070330
-0.051253
-0.049953
-0.120662
0.025390
-0.071943
-0.079901
0.020407
0.008368
0.037332
0.010996
-0.014266
-0.100103
-0.051874
-0.002728
-0.150984
0.020176
0.074181
-0.008682
-0.029807
0.072063
0.013807
-0.123887
0.065427
-0.015815
0.071671
-0.013913
-0.005728
0.057003
0.052560
-0.003951
-0.094576
-0.086461
0.042172
-0.170255
-0.110129
0.005123
0.090892
-0.069827
0.077032
-0.027890
0.032243
-0.069622
-0.021149
-0.024654
-0.010438
-0.071155
-0.034006
-0.017543
-0.020967
-0.088075
0.036295
-0.149396
0.033478
0.056309
0.139508
0.000195
-0.046142
0.010606
0.018569
0.050736
0.029024
0.083979
0.094820
-0.038461
0.059996
0.190356
-0.087888
0.014423
-0.064982
0.036636
-0.068233
-0.016712
0.015514
0.040502
0.028934
-0.136813
0.064349
-0.105270
-0.021928
-0.030359
0.007784
0.069429
0.128361
-0.036416
0.032162
0.132214
-0.101313
-0.044230
0.043670
0.009268
0.040379
-0.154697
-0.061310
-0.095708
-0.010055
0.087397
0.061884
-0.060311
-0.101152
-0.095993
0.077008
-0.076300
-0.091071
0.033539
0.099346
-0.096751
0.155774
-0.017507
-0.089098
-0.072124
0.030360
-0.087828
0.014052
-0.018947
-0.050103
-0.114589
-0.069724
-0.039937
-0.023787
-0.077031
0.009762
-0.041968
-0.086968
-0.120304
-0.090027
-0.054888
-0.060144
-0.142000
0.006869
0.030465
-0.111662
0.037787
-0.102564
0.010514
0.064554
0.124216
0.031228
-0.012159
0.054065
-0.003344
-0.040114
0.053209
0.118128
0.075312
-0.115697
-0.054388
-0.052857
-0.034205
-0.068283
0.005080
-0.034315
0.004045
0.082198
-0.030639
-0.002900
0.010012
-0.046836
0.070135
0.071025
-0.065435
0.045001
-0.004186
0.090851
-0.011514
0.018302
0.039708
0.095875
-0.063596
0.029901
-0.043077
-0.038021
0.120151
-0.042467
0.052823
0.007545
0.038151
-0.115538
0.150292
-0.046695
-0.021641
-0.048446
0.002235
-0.024234
0.042305
0.124305
0.059132
-0.021608
-0.057257
0.010250
0.087855
-0.079366
-0.015660
0.110712
0.069717
0.109585
-0.049746
-0.113134
-0.003912
0.057881
-0.017233
-0.034093
0.027160
0.047111
-0.050043
0.116407
-0.078267
0.004243
0.075892
0.008649
0.047067
0.016989
0.051435
-0.036490
-0.061802
-0.032117
-0.047543
0.057151
0.066111
0.013995
0.031768
-0.032310
0.121292
0.051764
0.010086
0.002968
0.036194
-0.057496
0.043766
0.023147
-0.043283
-0.043671
0.150393
0.047596
-0.027298
0.014703
0.037681
-0.002562
0.102926
-0.093912
0.041586
0.040317
0.061975
-0.034480
0.041206
0.038102
-0.005545
-0.019838
0.029447
-0.014313
0.048515
-0.061876
0.007327
-0.109629
-0.146991
0.013893
0.068470
0.163057
-0.035626
-0.052114
0.062950
0.010527
0.020339
-0.018555
0.018762
-0.032865
-0.059379
0.027837
0.051455
0.031299
0.006931
-0.051736
0.045659
-0.063484
-0.028122
0.086364
-0.124541
-0.044332
-0.063763
-0.010547
-0.022761
0.029545
0.054159
-0.028969
0.019072
-0.077390
0.049247
0.080979
-0.027400
-0.004420
-0.018449
0.009450
-0.027714
0.061519
0.025001
0.026253
-0.031863
-0.036903
0.055841
0.034516
0.094349
-0.201909
-0.027035
0.039312
0.020143
0.027461
0.059796
0.032863
-0.100914
0.026701
0.156439
0.022660
0.067578
0.058945
0.093923
0.026086
0.016594
-0.111461
-0.170039
0.027504
-0.109106
-0.042418
-0.016963
-0.014332
-0.057724
0.016284
-0.082943
-0.016755
0.053603
-0.038516
-0.070608
-0.027049
-0.201887
-0.032714
0.016578
-0.016899
0.145148
0.127640
0.006888
-0.045203
-0.112738
-0.026311
0.049869
0.039615
-0.090079
0.032866
-0.010390
-0.089121
-0.052044
-0.019193
-0.070980
-0.037839
-0.011332
0.000532
0.054571
0.016311
0.053931
-0.091630
0.041110
0.100764
0.077338
0.037525
-0.056576
-0.005400
-0.014075
0.038175
0.034442
0.032182
-0.054873
0.045623
-0.036441
0.055374
-0.041602
0.118698
-0.068729
-0.085667
-0.065015
0.081376
-0.020812
0.016109
-0.003651
-0.132636
-0.145037
0.031229
-0.008316
0.127314
0.105740
-0.105453
-0.002662
0.032040
-0.063671
0.021126
-0.145053
-0.001916
0.085823
0.020388
-0.086185
0.063065
0.088107
-0.029788
-0.051836
-0.011409
-0.020325
-0.029419
0.067003
0.004619
-0.054838
-0.021220
-0.026296
-0.062974
0.146099
-0.044779
0.061311
0.040715
-0.046284
0.037217
-0.068307
0.047209
-0.024085
-0.040891
-0.080551
0.031601
-0.045153
-0.024839
-0.062740
-0.008714
0.085687
0.035384
0.035707
-0.005189
0.025631
-0.078425
0.043981
-0.069596
-0.096892
-0.157594
0.002882
0.053272
0.111972
-0.003208
-0.046987
-0.152427
0.153732
0.143468
0.031430
0.102714
-0.131620
-0.072601
0.087134
-0.057578
-0.029368
-0.018938
0.053090
0.055868
-0.062484
-0.109420
0.088869
0.070251
-0.108591
-0.066626
-0.038170
-0.041313
-0.047285
0.119169
0.112498
-0.001669
0.013821
-0.000198
-0.076372
0.061486
-0.054143
-0.004853
-0.055610
0.015987
0.002433
-0.066357
0.031349
-0.025496
0.051038
0.038489
0.007843
-0.119035
-0.069624
0.014865
-0.040378
-0.033151
0.045318
-0.021298
-0.007189
0.028261
0.104926
-0.031618
0.014786
0.097836
-0.083024
-0.038974
-0.069665
0.083805
0.129709
0.010062
0.058825
-0.052011
0.005535
0.071449
0.006832
0.045073
-0.012777
0.102552
-0.026265
-0.032024
-0.086075
0.003648
-0.036103
0.020451
0.072971
0.063024
0.049007
-0.010698
-0.071399
0.071758
-0.048420
-0.001520
0.010392
0.055944
-0.191973
0.002411
-0.036312
0.033757
-0.091651
0.036493
0.012721
0.019043
-0.080012
0.034959
-0.018934
-0.077946
-0.009637
0.019007
0.022876
0.102854
0.053246
0.014207
0.103077
-0.105935
0.037355
-0.103675
0.064106
0.054135
0.020420
0.044896
0.073867
-0.029879
0.049442
0.003442
0.008041
0.069509
-0.085526
-0.044793
0.082540
-0.031697
0.006789
-0.070579
0.035787
-0.079020
0.121206
0.140248
0.080616
0.095252
0.037870
0.081905
-0.038079
-0.010011
-0.050210
0.019089
-0.041829
-0.004444
0.052457
0.054597
-0.058352
-0.053703
-0.020816
-0.025404
0.019979
0.095401
-0.166921
0.029210
0.024126
-0.132464
0.002402
0.001228
0.078497
0.021439
0.056427
0.054117
-0.014787
0.098508
-0.047626
0.033293
0.042182
0.013628
0.148464
-0.003051
-0.013240
0.031695
0.005369
0.166912
-0.072670
-0.021403
0.011499
0.049920
0.019306
-0.119648
0.014765
0.063748
-0.079469
0.087586
0.097095
-0.053386
-0.064243
-0.007197
-0.122243
0.068766
-0.038365
-0.067022
0.025369
-0.079452
0.045657
-0.022159
-0.102144
0.123429
0.011914
-0.072612
-0.050290
0.034778
0.082118
-0.031200
0.125921
0.004836
-0.014839
-0.026453
0.139249
0.079320
0.033654
0.074742
-0.097250
0.114462
0.053995
-0.034239
-0.076795
-0.225833
0.062560
-0.022352
-0.097750
0.047040
0.196625
-0.080463
0.105088
0.049773
-0.002779
0.042039
-0.122677
0.129666
-0.051751
0.002763
-0.030912
0.044034
0.077364
-0.013609
0.123705
0.007149
-0.072075
-0.095830
0.067135
-0.117628
0.069738
-0.086017
0.009736
-0.049638
0.104580
-0.006638
-0.102038
-0.019722
-0.058264
-0.030141
0.025497
-0.033115
-0.033581
0.047522
-0.069805
-0.054129
0.040603
0.015203
0.094545
0.186811
-0.126102
0.098066
-0.013165
-0.066319
-0.123288
-0.001302
0.071101
-0.028232
-0.174748
-0.064783
-0.004612
-0.052035
0.013068
-0.112967
0.035986
0.033539
0.002197
0.012732
-0.027104
-0.045158
0.093085
-0.064016
-0.112950
-0.088563
-0.112765
0.030787
0.016887
0.117780
0.062574
-0.015320
-0.081187
0.029033
0.007817
-0.051646
-0.003803
-0.057796
0.094544
0.014105
0.024115
0.035280
-0.037449
0.109145
-0.028119
0.023170
-0.062503
-0.080577
0.066213
-0.079677
0.012300
0.033230
-0.059240
-0.076270
0.050792
0.032599
-0.026361
-0.012329
0.075474
0.046122
-0.013916
-0.058124
0.048687
0.037140
-0.134576
0.037138
-0.016255
-0.037908
-0.034246
0.160917
0.062161
-0.091369
0.110604
-0.053517
0.058320
-0.044476
-0.090994
0.026807
-0.069499
-0.055257
0.017957
-0.169388
0.046116
-0.051164
0.068058
0.023075
-0.065019
0.005648
-0.040162
-0.040711
-0.031312
-0.027019
0.041691
-0.011125
-0.031731
0.013183
0.019655
0.063176
0.038449
0.071684
0.066850
-0.036611
0.122581
-0.075255
-0.010888
0.068541
0.012762
-0.092519
-0.055922
0.006190
0.050567
-0.126532
0.046397
-0.006252
0.001634
0.112693
0.043179
-0.085975
0.060556
0.006570
0.036122
-0.011539
-0.023071
0.053175
0.068413
0.010424
-0.091864
0.044768
-0.073084
0.063771
-0.089383
0.040077
-0.113927
0.010626
-0.124254
-0.011995
0.055697
0.005522
0.169797
0.034706
-0.117364
-0.053872
-0.011911
0.105355
-0.009513
0.023902
-0.059443
0.017753
-0.037264
0.079951
0.036494
-0.042099
-0.027021
-0.127178
-0.125880
0.011831
0.084154
-0.059622
-0.077206
-0.010695
0.134137
-0.018253
0.074205
-0.142465
-0.109197
-0.063197
-0.123700
0.183038
-0.013446
-0.084125
0.046694
-0.015265
-0.096830
-0.108614
0.125638
0.051050
-0.034645
0.149190
-0.016268
0.081840
-0.030984
-0.069381
-0.041867
0.066290
0.012583
-0.017688
0.016980
-0.110076
-0.002830
-0.014299
0.020139
0.033820
-0.035188
0.123215
-0.064739
-0.066581
-0.029334
0.171451
-0.032619
-0.128818
-0.031911
0.116524
0.047065
0.127985
0.049360
0.022295
-0.015236
0.048810
0.052645
-0.108850
-0.128602
0.046087
0.061733
-0.019020
0.001811
-0.108788
-0.001049
0.072977
0.037441
0.008630
0.013865
-0.023724
0.024377
-0.044370
-0.014056
-0.025862
-0.097462
-0.054961
0.008980
-0.107452
-0.065743
-0.071728
-0.026856
-0.036634
-0.037424
-0.080383
-0.007302
0.046200
-0.041888
0.040548
-0.048156
0.076514
0.007582
-0.060907
0.012616
0.048941
0.107191
-0.017454
-0.074021
-0.045859
-0.184654
0.035157
-0.029243
-0.082097
-0.118429
0.002225
-0.078445
0.072150
0.043311
-0.094355
-0.059889
-0.149408
0.001872
0.106680
-0.016527
0.079702
-0.037284
-0.006170
-0.012703
-0.061494
-0.041155
-0.180415
0.071021
0.057333
0.027993
-0.018758
0.060457
-0.046817
0.013905
-0.012560
0.087777
0.014361
-0.081036
-0.022684
0.027912
-0.061903
-0.026131
0.015489
0.054097
-0.045195
-0.017406
0.015143
0.131904
-0.062510
-0.086831
0.090900
-0.009741
0.006415
-0.090994
0.042642
0.082622
0.099808
-0.038604
0.054627
0.090340
0.052397
-0.034258
-0.016644
-0.140692
-0.047379
-0.014229
0.023301
0.018249
0.008571
-0.071317
0.015808
-0.091855
-0.018915
-0.047667
0.040304
0.070149
-0.096035
-0.065494
-0.031866
0.020230
-0.065762
0.021534
0.000519
-0.022577
0.077893
-0.054593
-0.065028
-0.041525
-0.071839
-0.046841
0.066605
0.077636
-0.005251
0.065388
-0.064691
0.085592
-0.104469
-0.151684
0.043621
0.136788
0.131686
-0.043509
-0.018202
0.086180
-0.078498
-0.018546
-0.005559
0.011942
0.021058
-0.011575
-0.022645
-0.042184
0.033194
0.010872
-0.137810
-0.082701
-0.031300
0.031986
0.007068
0.034072
0.008586
0.124436
-0.021235
0.045994
-0.043936
0.045366
0.008355
0.041708
0.012546
0.057960
0.004251
0.012679
-0.057215
-0.101510
0.002621
-0.029828
0.041370
0.007147
0.043012
-0.122123
0.002376
-0.059446
0.078361
0.014341
-0.079764
-0.087048
-0.064766
0.022946
0.069303
0.035978
0.089608
-0.031554
-0.078941
0.101458
0.029127
-0.074473
-0.071435
-0.076241
-0.055764
0.065884
0.093976
0.112090
-0.047483
-0.006222
-0.002147
0.135581
-0.085911
-0.071502
-0.013769
0.041131
0.070870
-0.010332
-0.072076
0.016615
-0.047391
0.069139
0.121050
-0.078861
-0.029281
0.068275
-0.007781
-0.010140
0.028263
-0.055287
0.012430
-0.022209
0.008640
0.050847
-0.081104
-0.026033
-0.122990
-0.080964
0.072772
-0.037753
-0.014284
-0.060646
0.052693
0.044117
-0.128612
-0.004114
0.006421
0.039356
0.017716
0.099407
-0.084930
0.001052
0.010468
0.073549
0.019750
-0.041139
0.004155
0.170133
0.095458
-0.039921
0.117275
0.063500
-0.053475
0.025851
0.041944
0.027043
-0.010267
-0.090971
0.153020
-0.001210
-0.072673
-0.019074
0.047064
0.034677
0.026895
0.042557
-0.150172
0.102813
-0.079634
-0.041526
-0.051089
0.035308
-0.031393
0.003252
-0.007672
-0.086629
0.007052
0.064929
0.008922
0.015947
0.006445
-0.042838
-0.031102
-0.049344
-0.104571
-0.007245
-0.091010
-0.092685
0.017345
-0.027312
0.073613
0.074965
0.059041
0.078733
0.005662
0.011756
-0.087105
0.070691
-0.091513
-0.014669
-0.118723
-0.166896
0.013369
-0.104808
-0.018109
0.145308
-0.117581
-0.006820
-0.030351
0.017633
-0.033240
-0.005063
-0.014734
0.095987
-0.026544
-0.052523
0.031615
-0.099257
-0.064125
-0.041156
-0.119813
0.049558
-0.009872
0.018274
-0.050212
-0.105917
0.009493
-0.102435
-0.018253
0.062157
0.071189
0.028418
0.000665
0.023093
-0.053971
-0.000971
-0.108307
0.020310
-0.048474
-0.055297
-0.095674
0.017254
0.072843
-0.046746
0.014002
0.047003
0.040316
0.027482
-0.070703
0.075739
-0.038716
0.033889
0.047257
0.034731
-0.038531
-0.000318
0.091809
0.030665
-0.085915
-0.122754
-0.002651
0.125925
-0.079924
0.131023
-0.082467
-0.017042
0.068352
-0.051438
0.080308
0.033174
-0.002327
0.026323
-0.023018
0.007483
0.054548
0.010091
0.028694
-0.072738
0.000453
0.024980
-0.049539
-0.002948
0.009144
0.014094
0.021690
0.044801
0.150082
0.082529
-0.037132
0.041133
-0.047412
0.188931
0.052085
0.104710
-0.009549
-0.124189
-0.063676
-0.021690
-0.165446
0.033007
0.050295
0.131949
-0.053234
0.064724
-0.110886
-0.022442
0.002614
-0.008192
0.036532
0.005320
-0.047416
-0.046356
-0.017631
0.054959
-0.056867
0.044968
0.053832
-0.050706
0.080027
0.094981
-0.064122
-0.020899
0.028073
-0.076000
-0.007173
0.032090
0.009036
-0.136399
-0.017698
0.021427
0.043396
-0.002641
0.154608
0.043351
0.069531
0.033195
0.005234
-0.105745
-0.034192
-0.120062
-0.048771
0.043671
-0.071185
0.112504
-0.037400
0.000235
0.002721
-0.031127
-0.048289
0.116842
0.000959
-0.003590
-0.036414
-0.072848
-0.021500
-0.026124
0.021331
-0.022399
-0.024510
-0.032184
0.008883
-0.022799
0.038081
-0.039705
-0.068800
-0.015963
0.038647
0.059520
0.100797
0.087828
0.051869
0.064734
-0.035986
-0.007591
-0.149497
-0.003618
-0.064750
-0.062837
0.015221
-0.003548
-0.174661
0.031327
-0.123161
0.042426
-0.059104
-0.053817
-0.138767
-0.070729
0.034590
-0.105339
0.018589
-0.000485
-0.050678
0.155402
0.048531
0.112226
0.149786
-0.021610
-0.064866
-0.009990
-0.085937
-0.042806
-0.045683
-0.033160
-0.122828
-0.077076
0.131305
-0.063657
-0.045472
0.003335
-0.010559
-0.000881
0.014347
-0.175174
-0.017289
0.048383
0.007902
0.053428
-0.061548
0.088352
-0.022826
0.042344
0.066653
-0.071735
0.043947
-0.004277
0.068668
0.072032
-0.030008
0.014464
-0.037971
0.051384
0.054730
-0.108744
0.048320
-0.159871
0.036567
-0.060813
0.069999
0.004792
-0.094285
0.179906
-0.045201
0.016937
0.034253
-0.029672
-0.054622
-0.004181
-0.054041
0.076965
-0.006882
-0.095681
-0.060647
-0.056572
0.090352
0.009122
0.062455
-0.018482
0.110432
-0.019517
0.022902
0.085035
-0.033413
-0.078021
-0.006322
-0.112633
-0.052113
0.043888
0.091760
-0.093107
-0.080608
0.069595
0.002705
0.075621
0.031115
0.161640
-0.020629
0.101916
-0.037425
0.004782
0.011143
0.126392
-0.038764
0.066835
-0.000038
-0.068293
0.106670
0.009867
-0.049324
-0.015740
0.040038
0.074866
-0.027056
-0.061221
-0.109209
-0.039515
0.076946
0.041948
-0.000636
0.058754
0.010682
0.143795
0.012454
-0.085663
-0.101187
0.034558
-0.159809
-0.030186
0.040529
-0.115007
0.007793
0.087903
-0.045291
-0.063996
-0.061004
0.025037
-0.076113
-0.168761
0.123337
0.081695
0.047000
0.059178
-0.027033
0.022163
0.035445
0.043652
0.097468
0.067547
-0.011362
0.135452
0.003379
-0.013460
-0.159385
-0.046563
0.075145
0.124033
0.040889
-0.025148
-0.151916
0.041982
-0.131526
-0.117180
-0.003815
-0.002005
-0.114453
0.082943
-0.084859
-0.067898
0.044161
-0.049680
0.066644
0.029247
-0.001159
0.074024
0.053122
0.085241
-0.069362
-0.096907
0.037423
-0.076005
-0.051650
0.011478
0.063705
0.026819
0.000504
-0.080924
0.038285
0.050964
-0.025103
-0.057126
-0.102188
-0.014051
-0.036131
-0.152303
-0.025401
0.085032
0.096447
0.029971
0.032654
-0.110631
0.107030
-0.019323
-0.027263
-0.034946
-0.089953
0.086687
-0.119988
0.045176
-0.147840
-0.110544
-0.069773
-0.087854
0.056779
-0.078379
-0.019410
0.070346
-0.004693
0.019125
-0.131129
-0.095055
0.087281
-0.128338
0.018712
-0.076495
-0.132823
0.023601
0.045016
0.008739
0.009016
-0.033999
0.077025
-0.059429
0.067251
-0.033946
0.095490
-0.069121
0.110267
-0.007900
0.009325
-0.018966
0.006097
-0.016809
0.059193
0.047221
-0.024429
0.019375
0.121671
0.023680
-0.086017
-0.043440
-0.005483
-0.136315
-0.072562
-0.021063
0.088097
-0.035796
0.015119
0.062319
0.048973
-0.026187
0.000406
0.069248
-0.013377
-0.033568
-0.015807
0.015576
-0.072748
0.037563
-0.076134
0.032236
0.170511
0.072900
-0.051848
0.016468
-0.004638
0.067648
0.073225
0.117029
-0.020552
-0.066523
-0.026417
0.191779
0.137324
-0.146713
-0.057876
0.059232
-0.027635
0.045386
-0.016041
0.048811
0.117802
-0.093789
0.084115
-0.045533
-0.100352
-0.004660
-0.036477
-0.010883
-0.128319
0.018896
0.077517
0.046269
0.101973
-0.081529
-0.099116
0.123404
0.034738
-0.002747
-0.060103
0.027504
0.036698
0.063332
-0.132346
0.026995
0.151230
0.011592
-0.051999
-0.174672
0.030519
0.143397
-0.085875
0.007411
-0.056289
-0.030172
0.040756
-0.007963
-0.120223
-0.065622
-0.081950
-0.043931
-0.059200
-0.049307
-0.095892
-0.057074
-0.014297
-0.001664
0.005450
0.033224
-0.111345
-0.022172
0.080965
-0.034926
0.008895
-0.149328
-0.105785
0.051113
-0.029660
-0.026229
-0.094239
-0.048497
-0.021067
-0.099585
-0.008544
-0.039766
0.082547
0.051257
-0.034891
-0.085331
-0.026404
-0.032379
0.034098
-0.143978
-0.013021
0.157155
-0.038312
-0.052335
0.058655
0.013124
-0.155191
-0.009931
0.048161
0.030651
0.109259
-0.062495
-0.028141
-0.077901
0.094015
0.003245
0.060928
0.093356
-0.000461
0.094070
0.010974
0.002692
-0.112491
0.063191
-0.051627
0.016217
0.024397
-0.005266
-0.006564
0.064149
-0.001590
0.080149
-0.070425
0.037960
-0.020102
0.039538
0.079815
-0.040298
-0.042906
0.057380
-0.182056
0.043685
0.105540
-0.107913
-0.048103
0.162925
-0.101263
0.016125
0.028802
-0.097127
-0.000007
-0.135915
0.024006
-0.012741
-0.035132
0.050909
0.105399
0.021472
0.047464
0.002217
0.030603
-0.029546
0.047336
0.043903
-0.025963
-0.058664
-0.045112
-0.072025
0.095924
0.054381
0.044572
-0.062815
0.115750
0.001406
0.129459
0.024960
-0.102038
0.070900
-0.010157
0.031099
-0.025559
0.000007
0.063881
0.001244
-0.008550
0.004075
0.065530
-0.089217
-0.037749
-0.029182
0.038723
-0.055873
0.032906
-0.025535
-0.060419
0.002471
-0.074116
-0.067874
-0.090170
-0.057531
0.001464
-0.065390
-0.048100
0.035757
-0.041830
-0.156812
0.123233
-0.023775
0.025577
-0.088570
0.009936
0.021168
-0.181985
-0.167662
0.136776
-0.001301
-0.112301
0.016411
0.075973
-0.102172
0.024417
-0.067814
0.137862
-0.075764
0.066448
-0.025369
0.008863
-0.079909
-0.060541
-0.026427
0.049928
-0.009806
-0.038730
-0.081021
0.000497
-0.011949
-0.083441
0.117563
-0.053243
0.079698
0.097887
0.032514
-0.002230
-0.013396
-0.008970
-0.023338
0.025344
-0.003958
-0.028439
0.049559
-0.072341
0.016657
0.070451
-0.037424
-0.022597
0.029575
0.030964
0.055337
0.015429
0.037279
-0.008015
-0.087992
0.042898
-0.005328
-0.043876
-0.130545
0.001063
0.030641
-0.106033
0.062263
0.023448
-0.019483
-0.000844
0.163846
0.019862
0.151917
0.043558
0.022617
-0.016844
0.143941
0.011927
-0.039229
-0.032920
-0.004213
0.157741
0.024166
-0.071740
-0.010522
-0.082039
-0.049339
0.044095
0.037313
-0.044488
0.005893
-0.014205
-0.037056
-0.022171
0.077854
-0.127490
0.021238
0.098830
-0.052706
-0.022705
-0.059855
0.002204
0.044425
-0.113761
-0.081151
0.019062
0.130366
-0.055418
-0.194522
0.055011
0.001861
-0.160639
-0.092929
0.067088
0.083432
-0.071752
-0.117565
-0.044295
0.031663
-0.134942
0.017346
0.025938
-0.002364
-0.073500
0.051158
0.041253
0.013374
0.151238
0.041304
-0.022728
0.049399
-0.219340
-0.048773
0.078056
0.040347
-0.043315
-0.045185
-0.124788
0.069454
0.000776
0.024228
-0.039856
0.113628
-0.124339
-0.028958
-0.011133
0.065923
0.105058
-0.118840
-0.112036
-0.005484
-0.076639
-0.077959
0.006941
-0.069209
0.013977
0.029255
0.042108
0.004675
0.057368
0.002346
-0.086378
-0.090679
0.001543
-0.008208
0.063517
0.065416
-0.053265
-0.043454
-0.025442
-0.092539
0.079700
0.053266
-0.049837
-0.006325
0.083822
-0.043115
0.047486
0.021139
-0.014574
0.047356
-0.007912
0.045581
0.008314
0.065493
-0.151278
-0.051625
0.043412
0.098624
-0.049509
0.055732
-0.065999
0.013847
-0.004626
-0.106774
0.113211
-0.115423
0.036650
-0.011662
-0.017299
0.162387
0.081216
0.015361
-0.044138
0.145310
-0.070804
0.070074
-0.137779
-0.040820
-0.056307
0.016002
0.070685
0.000699
-0.085900
-0.051998
-0.101067
-0.113900
0.023680
0.075865
0.090566
0.078267
0.060592
0.008527
0.085229
-0.028355
0.084651
0.040968
-0.109314
0.038929
-0.061726
-0.062855
-0.027238
-0.019073
-0.103054
0.015931
-0.025177
0.083025
0.021348
0.061014
0.008020
-0.051992
0.143015
0.061173
-0.019239
0.085375
0.011081
-0.013789
-0.027969
0.002079
-0.001841
0.058129
0.057836
0.023039
0.154751
0.009731
-0.062574
0.078062
-0.065076
0.001470
-0.135293
0.072670
-0.040969
-0.048188
0.107260
0.034114
0.044059
-0.010514
0.178574
-0.057160
-0.018945
0.040526
-0.107362
0.106392
0.071403
0.088330
0.060266
0.023663
0.134969
-0.075993
-0.036051
0.090218
0.077766
-0.025504
-0.047059
0.070008
0.028247
0.007118
-0.053342
-0.027253
0.037627
-0.053289
-0.010211
0.087245
0.086585
-0.063991
0.020356
0.070258
0.025799
0.072401
0.043744
-0.034687
-0.092301
0.027774
0.014252
-0.139105
-0.045612
-0.073578
-0.035775
0.003275
-0.027523
-0.123316
0.057640
0.055900
-0.035980
-0.055673
0.041576
0.046179
-0.052724
0.070158
0.015346
0.084075
-0.087490
-0.014915
-0.018012
-0.079705
0.015432
-0.035430
-0.110166
-0.071144
0.067854
0.085504
0.030185
0.018128
-0.066415
0.012897
0.124102
-0.118727
0.090232
0.040996
0.018225
-0.016699
0.074532
-0.007085
0.065175
-0.087011
-0.020985
0.028321
0.049335
-0.036322
0.105763
0.012881
-0.016661
0.008696
0.043074
-0.005389
0.107408
-0.056910
-0.037247
-0.024014
-0.024092
0.116340
-0.059504
0.125341
0.113132
0.067229
0.069983
0.041428
0.023092
0.067900
0.053809
0.063857
-0.010910
0.102398
-0.013869
0.000242
-0.037412
-0.011534
-0.083368
-0.008037
-0.100244
0.125596
-0.061621
0.009281
-0.027736
-0.032822
-0.023306
0.122144
0.032064
-0.060284
0.216708
-0.056292
0.076847
-0.051012
0.030889
0.040140
0.104702
0.047084
-0.012140
-0.004934
0.019133
-0.034040
0.027570
0.121031
-0.031111
0.093438
0.070050
-0.056847
0.110414
0.037556
0.107986
-0.036719
-0.018841
-0.081298
-0.098845
-0.048608
-0.044960
0.101613
0.021034
0.005429
-0.147070
0.015835
-0.046066
-0.062125
0.058871
0.030411
0.062818
-0.096260
0.059020
0.061062
-0.143292
0.021398
0.111882
-0.043144
0.182655
-0.080890
0.017193
0.061759
0.043699
0.095699
-0.043539
-0.001512
-0.077003
-0.166774
-0.022842
-0.041065
-0.024088
0.083275
-0.020889
0.084667
0.080554
0.021607
-0.000577
0.008266
0.073617
-0.080100
0.091666
-0.062328
-0.076850
0.017632
0.046581
-0.073277
-0.071576
-0.091338
0.031078
0.023500
0.039660
-0.073368
-0.024920
0.001914
0.007428
0.038574
-0.090871
-0.081714
0.018762
-0.039474
-0.062188
-0.078188
0.014996
0.046557
-0.029038
0.058604
-0.000263
0.080784
-0.041640
0.106289
-0.075156
0.089092
-0.037994
-0.160518
-0.126655
0.009370
-0.182154
0.029218
0.004513
-0.022936
0.095569
0.019744
0.042433
0.054372
-0.150589
-0.011577
0.039732
-0.101507
0.025982
0.112238
-0.039304
-0.008990
0.002877
-0.003939
-0.052476
-0.034818
0.086803
0.080299
0.016374
-0.206678
0.050288
-0.036666
0.031254
-0.100647
-0.007390
0.016052
-0.125532
-0.009296
-0.092106
-0.010765
-0.048298
-0.050367
0.040468
-0.066527
-0.011256
0.110723
-0.049723
-0.053736
0.010877
-0.049175
-0.083127
-0.000221
-0.066197
-0.036418
0.050331
0.032841
-0.007603
-0.115018
-0.067495
0.123143
0.056201
-0.011611
0.028273
-0.000523
0.012800
0.053606
-0.069957
-0.147872
0.110411
-0.039237
-0.006910
0.021196
0.049545
-0.024638
-0.072957
0.027481
-0.008299
-0.081992
-0.090587
0.021959
-0.041493
-0.066400
-0.000282
-0.024383
-0.019622
-0.081227
-0.132830
0.057338
0.052425
0.033114
0.141535
-0.025709
-0.014966
0.037675
-0.055374
-0.010128
0.030806
0.029875
-0.052336
0.030484
0.102505
-0.072041
0.039544
0.037052
0.036602
-0.047766
0.029682
-0.035160
0.013118
0.091832
-0.064370
0.042123
0.048655
0.088037
0.018304
0.109101
-0.060208
-0.020260
0.026574
0.088443
0.017941
-0.061704
0.065543
0.130485
-0.046798
0.089805
-0.016506
0.025443
0.041335
0.050823
0.030181
0.021918
-0.114489
-0.042741
0.005946
0.039531
0.074792
0.002847
-0.045730
-0.113829
-0.014199
0.044775
-0.140945
0.021011
0.035953
0.080786
-0.084472
-0.026063
-0.023776
0.020434
0.020527
0.024274
-0.191160
0.068856
0.098923
-0.166799
-0.026115
0.030168
-0.025589
-0.010582
-0.055319
-0.040479
0.025999
-0.118997
0.079547
-0.085725
0.015770
0.010018
-0.050785
0.031401
-0.031026
-0.090235
-0.039161
0.056318
0.080782
-0.083310
-0.148190
0.009114
0.023135
-0.073582
0.026983
0.030030
0.025462
0.088078
-0.120363
-0.145003
0.032157
-0.085475
0.052556
-0.020753
0.024070
0.072064
-0.040695
0.044657
-0.009355
0.058235
-0.041892
-0.051011
-0.021618
-0.079432
0.019387
-0.046604
-0.063949
-0.063930
-0.077524
-0.104220
-0.028725
-0.017644
-0.049833
-0.031659
0.119133
0.097297
-0.077435
0.014911
0.046521
-0.027910
-0.015381
0.082702
-0.043669
0.041804
0.025345
0.064678
-0.138554
-0.020141
0.149687
-0.017225
0.078532
0.013149
0.117953
-0.024158
-0.007833
-0.065557
0.022330
-0.012630
0.015362
-0.026832
0.100088
0.107781
-0.133253
-0.177813
0.116736
-0.098571
0.173766
0.026545
0.168986
0.006664
-0.047290
-0.046679
0.025807
-0.063450
0.060755
0.044097
-0.017002
0.057973
-0.043260
0.184834
-0.104569
-0.055257
0.051881
0.044815
0.053953
-0.038255
0.073478
0.096575
-0.151941
-0.002906
-0.056776
-0.067415
0.006715
0.109878
-0.076217
-0.013084
-0.010905
-0.069654
0.057243
-0.013486
-0.132452
-0.023640
-0.013295
-0.115374
0.105057
0.172747
-0.131899
0.144580
-0.176264
-0.000146
-0.082219
-0.079515
-0.030622
0.021825
0.046823
-0.026223
0.004904
0.006711
-0.060372
-0.112893
-0.045749
0.041148
-0.058783
0.053035
-0.014504
0.001869
-0.144377
-0.005186
-0.018725
-0.088618
-0.031491
0.024268
0.102560
-0.057754
0.032889
-0.026628
0.138018
0.070770
0.001304
-0.139855
-0.043272
-0.163845
0.023473
-0.046020
-0.051933
0.000102
-0.027925
-0.055607
-0.046354
0.027935
-0.031168
-0.120846
0.022593
-0.098065
-0.035071
-0.018210
0.021850
0.050601
-0.108911
-0.024547
0.024750
-0.102855
-0.031912
0.042653
0.102647
0.012943
0.011942
-0.104264
0.069524
0.024318
-0.008158
-0.062238
-0.060445
0.069086
-0.010282
-0.000755
0.026767
-0.045855
0.002463
0.023944
-0.077271
-0.065977
-0.020493
0.060191
0.003171
0.020382
0.001738
0.072427
-0.031774
0.134276
-0.054568
0.090643
0.038331
-0.204365
-0.007781
-0.014732
-0.100579
-0.106040
-0.020120
-0.042784
0.049367
-0.113466
-0.032517
-0.033407
-0.136633
-0.006010
0.024629
-0.131100
0.037657
-0.077632
-0.069667
-0.017705
-0.033343
0.012019
-0.080217
0.015030
-0.154672
-0.094938
0.010562
-0.070008
0.150227
-0.053225
-0.037834
-0.039359
0.110738
0.000222
-0.057273
0.107801
0.021230
-0.005909
0.070460
0.106368
-0.016096
-0.001861
0.075751
0.111609
-0.070711
0.064101
0.143496
-0.068538
0.056838
0.102280
-0.114857
0.153408
0.064220
0.067239
0.115603
0.016173
0.049223
-0.008388
-0.007796
-0.025445
-0.033124
-0.008953
-0.111680
0.089097
-0.095816
-0.007038
-0.224707
0.082107
0.034482
-0.112081
-0.024536
-0.033759
0.018758
-0.031574
-0.002453
0.063255
0.009573
0.174493
0.063855
0.042329
0.035056
-0.061758
-0.037870
-0.049226
-0.005459
-0.048697
0.119986
-0.037208
0.173579
0.019528
0.093596
-0.079055
0.077449
0.076406
0.043559
0.051941
0.051170
0.054755
0.053861
-0.046874
-0.131789
0.025416
-0.018476
0.072907
0.065697
-0.006140
-0.037696
0.089928
0.037792
-0.127223
-0.049384
0.125887
0.044032
0.043173
-0.123404
-0.055285
0.098174
0.042053
0.106021
0.021784
0.108774
0.028674
-0.069258
0.044486
-0.061619
0.052301
0.026684
-0.008041
0.176589
-0.096409
-0.051012
0.009493
0.002140
0.106928
-0.036486
-0.042442
-0.042633
0.015655
-0.085931
0.048137
0.036505
0.037778
-0.030048
-0.020359
-0.084967
-0.033027
0.014047
0.000720
-0.002392
-0.056260
-0.098862
0.008917
0.015478
0.056580
0.035262
0.014735
0.022822
0.121248
0.000196
0.052134
0.102580
0.063509
0.090700
-0.029100
0.078978
-0.001736
0.036854
-0.004576
0.064883
-0.014331
0.214995
0.014672
-0.078814
0.118090
0.036986
-0.042325
-0.027853
0.000385
0.050817
0.084251
0.028926
0.010104
0.063395
0.005328
0.081296
-0.101127
-0.072526
-0.049385
-0.007160
-0.017242
-0.052737
0.109625
-0.062763
0.046770
0.120378
-0.117818
-0.011748
-0.035911
0.067482
0.060983
-0.092024
-0.001807
0.067205
-0.092652
0.096513
0.032418
-0.037847
-0.016763
0.013198
-0.047058
-0.026370
0.043530
0.013825
-0.012110
0.005620
-0.075279
0.066729
0.023255
0.019076
0.002489
0.032395
0.004566
-0.073039
-0.008753
0.073952
-0.148771
-0.070913
0.029537
0.011898
-0.007531
0.158978
-0.074796
-0.024339
-0.060660
0.040164
0.019382
0.030306
0.111332
-0.045622
0.067174
-0.035021
-0.082998
-0.043416
-0.112950
-0.077818
0.122880
-0.079242
0.035537
0.089621
-0.125848
-0.058284
0.035840
0.100846
-0.086009
-0.028115
0.114523
-0.109407
0.097974
0.036740
0.044784
0.032296
0.049536
0.019328
0.042381
-0.072338
-0.069136
0.051527
0.077926
0.095935
-0.036007
-0.099156
-0.126040
0.010019
0.153293
0.026346
0.065707
0.037533
-0.084056
0.051495
-0.027829
0.082032
-0.108892
-0.006480
-0.029804
0.025532
0.002311
0.007034
-0.071743
-0.083865
0.137638
-0.073963
0.017537
0.031234
-0.061901
0.049257
-0.012668
0.108453
-0.033946
-0.065547
0.090381
0.076484
0.003117
0.000183
-0.219055
-0.003435
-0.123793
-0.061015
0.030117
0.037859
-0.094777
0.114550
0.075363
0.016886
0.028296
-0.099015
-0.094450
-0.031106
0.034695
0.020894
-0.164933
-0.011533
0.109748
0.116057
0.085563
-0.058306
0.057081
0.078282
-0.032275
0.153026
-0.078857
-0.020194
-0.005583
-0.057271
-0.007881
-0.098722
0.087925
-0.067886
0.017081
-0.028940
-0.017817
-0.070889
-0.064609
-0.022879
0.121079
0.097132
-0.034494
-0.021884
0.062232
0.003631
0.004901
-0.024714
-0.063903
-0.045773
-0.013618
-0.020932
0.061231
0.037881
0.041635
-0.080838
0.110100
0.073843
-0.034098
0.059796
-0.003102
-0.046398
-0.081202
0.067908
0.036039
0.002495
0.004649
-0.099996
0.077947
0.049611
-0.044947
0.037812
0.005004
0.021491
-0.036981
-0.007561
-0.002328
0.088045
0.033000
-0.000046
-0.066648
0.056266
-0.125601
-0.048990
0.054752
0.059314
0.039888
0.062018
0.041932
-0.129057
0.000208
0.122609
0.030436
-0.041990
-0.012182
0.024517
0.118306
0.025431
0.149651
-0.025744
0.055606
-0.056368
0.224217
0.152837
-0.038351
-0.054451
0.108966
0.018525
0.032890
-0.082135
0.014745
-0.094136
0.079728
-0.041990
0.038999
0.069148
0.037241
0.005634
-0.013868
-0.072340
-0.089814
-0.038001
-0.119027
0.024825
-0.039192
0.012030
-0.056137
0.029994
0.012337
-0.005864
0.071239
0.033681
0.008069
0.041482
-0.022623
-0.057091
0.093046
-0.069414
0.113928
0.124907
0.025564
0.104358
-0.052559
-0.098682
0.057705
-0.046013
0.064923
0.089288
0.081883
-0.095243
-0.031551
-0.026581
0.099768
-0.156254
-0.109957
-0.048400
0.083217
0.020960
-0.018377
0.014415
-0.025990
-0.020406
0.027967
0.003569
0.093806
0.092789
0.135356
0.156318
-0.008443
-0.002254
-0.194665
-0.020664
0.026590
-0.105858
0.066035
0.012065
-0.039090
0.085347
0.014313
-0.010587
-0.053294
0.089433
-0.030708
-0.036706
-0.024992
-0.058839
-0.020143
-0.033566
-0.015339
0.096574
0.028392
0.044433
0.012585
0.040613
0.179504
0.044067
0.057654
-0.023036
-0.054446
-0.022960
0.066234
0.005350
0.150909
0.063250
-0.058278
-0.037642
-0.060139
-0.053386
0.047123
0.066647
-0.008662
-0.192970
-0.057550
-0.100045
0.052377
0.036427
0.075310
0.017387
0.021169
0.120338
0.129291
0.064432
-0.005465
0.088485
0.023498
-0.001011
0.093007
0.064048
-0.004430
-0.034119
0.022658
-0.003682
-0.080055
-0.007495
0.018985
0.086623
-0.110335
-0.052755
0.011574
-0.007540
0.047975
0.059479
-0.099086
0.016106
-0.024250
0.029943
0.000016
-0.041843
-0.038944
0.020456
-0.153802
0.066274
-0.092452
0.108149
-0.009569
0.082598
0.132892
0.121612
-0.012952
-0.028186
0.006710
0.091603
0.031118
0.048697
0.042948
-0.151454
0.048723
-0.057070
0.030140
0.077781
0.107918
0.078028
0.081955
-0.035578
0.018316
-0.066030
-0.000567
-0.052258
-0.011786
-0.040576
-0.055457
-0.067431
-0.174556
0.110085
0.060159
0.021536
-0.078084
0.009378
-0.020699
0.055847
0.128210
0.031914
0.110749
0.121119
0.097804
0.139359
-0.014329
0.069363
0.042346
0.011771
-0.027135
0.029272
0.158800
0.098293
-0.173020
-0.033305
0.073667
0.039455
0.088396
0.086472
0.120179
-0.057131
-0.081028
0.001216
0.022589
0.128933
-0.085070
-0.039281
0.021577
-0.110616
-0.069194
-0.103978
-0.175512
-0.076233
-0.012294
0.133509
0.000304
-0.029693
0.079692
-0.082649
-0.001875
-0.043983
-0.136547
0.037595
0.095064
0.023485
-0.035278
-0.017503
0.025404
0.041162
0.200667
0.007323
-0.117579
0.020691
-0.018403
0.009606
0.106580
-0.199755
0.048154
0.098130
-0.010305
0.009243
0.113285
-0.035966
-0.053351
-0.046188
0.045336
-0.029681
-0.102611
-0.021097
-0.068408
-0.052227
-0.051252
0.040691
0.028171
0.053109
0.036320
0.016798
-0.031753
0.000434
-0.070353
0.026009
-0.093633
0.032607
0.039756
-0.002824
-0.035526
0.078403
0.101735
0.070409
0.039475
0.107963
0.018973
-0.012726
-0.005694
-0.049730
-0.004053
-0.130182
-0.000153
0.169398
0.010790
0.060441
-0.044427
0.129332
-0.062432
0.007661
-0.088008
-0.015989
-0.126796
0.005756
0.004999
0.104940
0.034505
-0.087636
0.121358
-0.016491
-0.052043
-0.100926
0.009986
0.009050
-0.032517
-0.063121
-0.002534
0.066527
-0.110110
0.058914
-0.015626
0.046895
0.049041
-0.100689
0.089930
0.053590
0.057373
0.056165
-0.017442
-0.075268
0.112039
0.003796
-0.035827
0.069736
0.026260
0.046182
-0.015053
-0.089762
0.051630
-0.013370
-0.032675
0.000591
0.007686
0.145575
-0.029077
0.067039
-0.151855
0.009850
-0.023009
0.035263
-0.048766
-0.022309
0.018124
-0.047075
-0.003715
-0.006334
0.065833
-0.128171
-0.117593
0.088772
-0.089663
0.300802
0.066086
0.005984
0.097676
0.101824
0.013823
0.024015
-0.055181
-0.034900
0.076193
-0.080073
-0.007419
0.106480
0.027261
0.059551
-0.144196
-0.035081
0.031002
0.030054
0.034790
0.056275
-0.044590
0.075683
-0.012798
0.027015
0.024555
-0.000386
-0.072775
0.035719
0.034742
-0.002917
0.071849
0.042453
0.128344
0.022268
-0.044571
-0.011630
0.024156
0.005727
0.103766
-0.037491
0.023252
0.020377
0.027884
-0.042434
0.035930
0.003681
-0.026374
0.016258
-0.062822
0.012746
-0.086704
-0.049950
0.005110
-0.030251
0.111061
0.141392
-0.006853
0.060616
0.088636
-0.018340
-0.008191
0.035231
0.136554
0.054079
-0.043939
0.149255
0.028836
-0.131680
0.022649
0.008589
0.168870
0.101036
-0.008173
0.022016
0.002096
-0.033747
0.019671
-0.036316
0.027396
-0.201684
-0.007778
-0.025025
-0.027002
0.073365
0.061653
0.056655
0.081311
-0.049326
-0.005751
-0.051096
0.042296
0.028975
0.049907
0.055555
-0.023317
-0.036055
-0.026142
0.041331
0.032292
-0.002272
0.085339
0.029141
0.006053
0.025700
-0.002029
0.053670
-0.085874
-0.079638
0.062596
-0.009737
-0.043369
0.095450
-0.033605
-0.092217
0.083434
-0.075318
-0.080302
-0.036397
0.060258
0.043812
-0.095203
-0.000189
-0.106294
-0.000604
-0.076218
-0.046679
0.156747
-0.094616
0.001086
-0.097555
-0.077111
0.006901
0.002775
-0.051600
-0.000568
-0.023523
-0.045710
-0.052695
0.026460
0.031943
-0.129414
0.051205
-0.032894
0.079214
0.078223
-0.006189
0.011038
-0.005234
-0.070206
-0.024999
0.034418
-0.044288
0.037189
-0.065241
-0.036143
-0.161303
-0.048899
0.007071
0.029025
0.023996
0.069944
0.010150
0.017354
0.001779
-0.000529
0.056469
0.088058
0.094620
0.011201
0.081596
-0.110006
0.065353
-0.099512
-0.014627
0.108693
0.025946
-0.023843
0.013136
0.045526
0.058339
0.106040
0.026856
0.024112
0.063936
0.035286
0.036214
-0.009339
-0.019029
0.039686
-0.072705
-0.054153
-0.008615
0.009860
0.075296
0.055087
-0.067487
-0.030375
0.012531
0.001923
0.006984
-0.053088
-0.137161
0.018320
-0.070260
-0.043015
-0.070583
-0.039647
0.028965
-0.023772
-0.027685
0.019966
-0.012890
-0.022178
-0.013348
0.071229
-0.070557
-0.002938
0.065961
0.028387
0.019290
-0.038056
-0.083723
-0.088725
-0.007026
-0.030301
-0.077521
0.079873
0.013784
-0.032428
-0.091144
0.062249
-0.132756
0.066789
-0.039772
-0.012078
0.054323
0.087730
0.036070
-0.007943
0.133816
-0.007085
0.021530
0.031550
0.023809
0.132329
-0.052588
0.027555
0.042249
-0.039673
-0.048460
0.108697
0.035927
0.050090
0.006842
0.074785
-0.096561
-0.123827
0.000192
-0.099134
0.123179
0.043139
0.008822
0.029238
0.009400
-0.057949
0.062925
-0.008345
0.081795
-0.055403
0.044452
0.003113
-0.075776
0.092914
0.088926
-0.030071
0.028168
0.066092
0.049876
-0.126425
-0.022230
-0.026698
0.019076
-0.116733
-0.047059
0.012169
0.070997
-0.041884
-0.112720
-0.057130
0.067574
-0.031351
-0.002554
-0.005729
0.169824
-0.144818
-0.016582
-0.111766
-0.131074
0.000860
-0.079540
-0.055861
0.153309
-0.126949
-0.003629
-0.090199
-0.004321
0.029386
-0.083637
0.029034
0.073536
0.080361
0.015363
-0.113614
-0.066592
-0.082383
0.029224
-0.159135
0.095650
0.093526
0.185386
-0.049036
0.111921
-0.136007
-0.115237
-0.019986
-0.053514
0.134753
-0.022526
0.043652
-0.040256
-0.059082
0.012998
0.063331
0.054784
0.020207
0.115333
-0.016138
0.119202
0.000035
0.014591
-0.018302
-0.001535
-0.117389
-0.031330
-0.006561
-0.099908
0.065916
0.059963
-0.071078
0.088500
0.058582
-0.009789
-0.031324
-0.072201
0.077320
0.051403
-0.053628
-0.000913
-0.062299
0.031019
0.094469
0.022619
-0.017458
0.060267
-0.025595
0.124529
-0.060851
0.030049
0.032321
-0.144904
-0.009105
0.077537
-0.070021
-0.107256
0.134258
-0.030209
0.011363
0.134300
0.021504
-0.035438
-0.011192
-0.064395
-0.026214
0.013443
0.069406
-0.049790
-0.056370
0.011482
-0.085063
-0.088764
0.003310
-0.001837
0.059374
-0.100138
-0.036375
-0.034248
-0.038204
-0.138827
0.183257
-0.126220
0.028373
-0.015766
0.000773
0.004910
-0.022669
-0.056278
-0.054359
0.025435
-0.043861
0.021730
-0.041936
-0.057241
-0.078266
0.124108
-0.048183
0.003378
0.085616
0.001573
0.070157
0.036779
0.081838
0.094292
0.071191
-0.023579
0.050534
-0.041689
0.022001
0.050799
-0.006977
0.091525
-0.052821
0.024353
0.037691
-0.022173
-0.037093
0.008431
0.059469
0.005578
-0.039908
0.000526
-0.093298
-0.089776
0.037774
0.034956
-0.044832
0.038404
-0.081829
-0.071020
-0.191923
0.119453
-0.006023
0.035837
-0.020100
0.031478
0.044056
-0.020222
0.069543
-0.016353
-0.038814
0.051808
-0.043187
0.126044
-0.138945
0.112988
0.004640
-0.056062
-0.139947
0.025667
0.042742
0.025898
-0.051376
-0.079937
0.012388
-0.000114
0.043246
0.039682
0.005097
-0.061850
-0.056141
0.044303
0.009496
0.034326
-0.072144
-0.013851
0.041790
0.064795
-0.070315
-0.067523
0.092526
-0.062291
0.059876
-0.091726
0.021166
-0.038226
-0.076791
-0.011950
-0.013983
-0.064575
-0.063818
-0.016206
0.140875
-0.000143
0.116760
-0.049867
0.019008
0.032038
-0.042551
0.032886
-0.096894
-0.019649
-0.043211
0.075023
0.011008
-0.009955
-0.054354
0.010656
0.135174
0.016712
-0.128339
-0.028748
-0.083510
0.060861
-0.038623
0.072837
-0.024896
0.139753
-0.063522
-0.068148
-0.032347
-0.022693
-0.035317
-0.006598
0.012854
-0.067346
0.057071
-0.042611
0.019988
0.032686
-0.012051
0.072411
0.034507
-0.026084
0.029764
-0.014773
-0.061765
0.000574
-0.027335
0.056036
0.011279
-0.067237
-0.014399
-0.114201
0.020729
0.054080
-0.082570
-0.052745
0.048446
-0.062277
-0.046467
-0.029960
-0.093251
-0.010488
0.006620
0.003909
-0.063301
-0.032376
0.007575
-0.031352
-0.101477
0.019832
0.048519
0.070366
-0.007229
-0.046135
0.101134
0.028805
0.172391
-0.054888
-0.078282
-0.023737
0.055311
-0.037792
0.089646
-0.079895
0.039264
-0.055723
0.005748
0.035673
0.127719
