# 参数名称：invres2.conv.6.weight
# 参数形状：(32, 384, 1, 1)
# 参数数据类型：float32
# 参数值（保留6位小数）：
0.079589
-0.126512
-0.037674
-0.062358
-0.037939
-0.060296
0.310062
0.173866
0.064289
-0.114448
-0.125734
-0.144732
0.557006
0.176794
-0.068731
-0.227509
0.351773
-0.330811
0.039072
-0.140191
-0.105196
0.278563
-0.156070
0.184710
0.000920
-0.091107
-0.030983
-0.055640
-0.171929
0.195203
0.419136
0.260264
-0.138456
-0.246539
-0.062143
-0.080653
-0.213723
0.097012
0.109582
0.412786
-0.051159
-0.018888
-0.176078
-0.247375
0.123553
-0.101827
-0.024568
-0.004604
-0.428639
-0.100487
-0.087228
0.031668
0.071930
-0.122749
0.443027
0.003374
-0.133308
0.054402
-0.119401
-0.410134
-0.225789
-0.108536
-0.148170
0.130534
0.420780
0.074806
-0.063065
0.203289
-0.099598
-0.286526
-0.348975
0.118737
0.186156
0.047072
0.060035
0.008859
-0.324054
-0.331513
0.171500
0.036928
-0.032448
0.052373
0.372956
-0.503911
0.201489
-0.352030
-0.307665
-0.111243
-0.077524
0.026200
0.058655
-0.467408
-0.139636
-0.241138
0.412565
-0.065154
-0.240542
0.381908
-0.488596
-0.024264
0.210621
-0.448276
-0.127136
-0.042146
-0.110427
0.126472
0.040202
-0.192892
0.348333
-0.044114
-0.303183
-0.207939
0.189949
-0.020880
0.240861
0.163134
-0.006166
-0.166192
0.330012
0.346532
-0.206842
0.081354
-0.020279
-0.155059
0.370957
-0.107814
-0.235432
0.131956
0.224845
-0.077749
-0.195434
0.346903
0.094034
0.279714
0.298644
0.214828
0.089255
0.295284
0.233419
-0.214164
0.269425
0.176301
0.031095
-0.113853
0.099438
-0.348589
0.149145
-0.139703
-0.064736
0.384311
0.081600
-0.217619
-0.271850
-0.314579
-0.016215
-0.087949
-0.031052
-0.096205
-0.313247
0.086955
-0.161756
-0.115688
-0.111769
-0.086894
0.127087
0.081194
-0.061172
-0.172135
0.395365
-0.122506
0.182744
0.297613
-0.118465
-0.089676
0.056920
-0.289043
0.290512
0.250756
0.015539
-0.132876
-0.115689
0.329822
-0.028137
0.294746
0.414072
0.102650
-0.146301
0.444444
0.055191
-0.228994
0.058718
0.103291
0.289767
0.188044
0.352489
-0.041345
-0.181968
-0.270878
0.029009
-0.155977
-0.630211
-0.269879
-0.206493
-0.017443
0.064330
0.019888
0.247299
-0.320297
-0.122176
-0.035249
-0.044489
-0.159526
-0.140430
0.272769
-0.047273
0.196352
-0.499697
-0.050161
0.004332
0.122254
-0.008371
-0.104887
-0.498743
0.052226
0.200068
0.017253
-0.037786
0.088127
0.736396
0.401269
-0.152019
0.171793
0.042657
-0.091416
0.213809
0.109704
0.387350
-0.028872
0.069895
0.283930
-0.148484
0.165503
-0.509861
0.041389
-0.109340
0.372151
0.318470
0.214043
0.404399
0.298677
-0.295655
0.033094
-0.012577
-0.110336
-0.125172
-0.192223
0.101325
-0.433721
-0.051266
-0.174985
0.288621
0.278003
-0.153975
-0.492025
0.186277
-0.080879
-0.334759
-0.431957
0.362618
0.354579
0.172375
0.074318
0.149653
-0.195949
-0.006596
0.242760
0.200505
-0.105214
0.165125
0.176362
-0.333802
0.016219
0.015958
-0.377425
0.129718
-0.378522
0.160409
-0.070340
-0.021196
-0.464843
0.163494
-0.166565
-0.216736
-0.030359
0.139139
0.138141
-0.039100
-0.184104
-0.345920
0.192535
-0.290888
-0.332103
-0.236617
0.030217
0.302638
0.270187
-0.039781
-0.244918
0.011995
-0.325831
-0.155316
0.084223
-0.101556
-0.036249
0.243277
-0.120257
-0.419476
0.104865
-0.282491
-0.222984
0.146603
-0.376188
-0.341761
0.023857
0.078222
0.131846
-0.133420
0.450199
-0.295160
0.139987
-0.110617
0.305919
-0.181315
-0.527972
0.001196
-0.129130
0.067107
-0.073739
-0.223731
-0.093796
0.437627
-0.179670
-0.009188
-0.009040
0.049041
-0.137676
0.157003
-0.021029
0.257367
0.017927
-0.004360
-0.266093
0.391218
-0.006846
-0.025533
0.004114
-0.308019
0.354692
0.082478
0.104509
-0.263208
-0.310900
0.163256
0.355101
-0.369509
-0.021770
-0.346342
-0.181895
0.212084
-0.044725
-0.062103
-0.030350
0.122082
0.150237
-0.073178
-0.031526
-0.225949
0.122906
-0.329419
-0.402585
-0.081706
-0.217269
-0.095090
-0.003150
0.019517
-0.321296
0.134299
0.298880
-0.074556
-0.474983
-0.119541
0.213469
0.156927
-0.063212
-0.111676
-0.059527
-0.003650
-0.173365
-0.096386
0.253742
0.038112
-0.074596
0.075266
0.062204
-0.187232
-0.082527
0.391461
0.192268
0.120097
0.276477
-0.036711
0.227451
0.177539
-0.093453
0.170862
-0.015679
0.045870
0.105844
0.165574
-0.280140
0.187857
0.107335
-0.216562
0.272665
0.122157
-0.066504
0.361318
0.380323
0.258994
0.086249
0.010425
0.038070
-0.146959
-0.293476
0.089393
-0.362861
0.140691
0.019703
0.075513
-0.239807
-0.198927
-0.279599
-0.239910
-0.251390
-0.464846
-0.081300
0.173099
0.014879
0.067630
-0.121599
0.077570
0.336338
0.027070
0.004697
0.156916
0.001524
0.065693
-0.348047
0.211723
-0.028246
-0.056648
-0.181752
-0.071239
-0.045296
0.249502
0.318018
-0.204547
0.016327
-0.292222
-0.130142
0.259697
0.002878
-0.344110
0.137925
0.019797
-0.024384
0.073100
-0.380371
0.016831
-0.191691
0.026366
0.069946
0.131192
0.115480
-0.044607
-0.245325
-0.088747
0.033045
0.213510
-0.046184
-0.359470
0.407652
0.326938
-0.278010
-0.001845
-0.017559
0.008021
-0.290859
-0.099856
-0.366133
0.350161
-0.268413
-0.111443
-0.691774
0.438158
-0.070278
0.309442
0.035018
0.672280
-0.212792
0.128648
-0.320914
0.421626
0.002663
0.157763
-0.047780
0.421933
0.132247
-0.097780
0.019868
-0.151355
0.410035
-0.140700
0.182027
-0.265460
0.080071
-0.240336
0.004240
-0.389776
-0.093713
-0.121534
0.076730
-0.123349
-0.571887
-0.250876
0.102099
-0.216329
-0.172978
0.161975
-0.347650
-0.295224
0.049910
0.593756
-0.044140
0.081333
-0.036439
0.315316
-0.045888
0.171743
0.121806
0.073070
0.151103
0.233113
-0.479169
-0.018149
0.082947
-0.075545
-0.043275
-0.515287
-0.039983
-0.190588
-0.156398
-0.394995
-0.061761
0.113834
0.005436
0.252428
-0.321845
0.234884
0.081583
-0.205825
-0.406872
0.126344
-0.017208
-0.101574
-0.096977
0.392195
0.002712
-0.055035
-0.218647
0.301148
0.107691
-0.023293
0.457047
0.036551
0.406544
-0.349413
0.041263
0.425025
0.167158
-0.086460
-0.098931
0.124029
-0.179513
-0.147951
0.077643
0.265261
-0.236248
0.542501
-0.316803
-0.105369
-0.103258
-0.326336
-0.068182
-0.433604
0.003749
-0.100273
-0.072010
0.343001
0.005058
-0.160944
0.165088
0.182230
0.001111
-0.283631
0.104335
0.006483
0.402605
0.261928
-0.206119
-0.008252
0.047603
0.080185
-0.088525
0.085842
0.128434
0.310808
-0.176429
0.119003
0.008008
0.033960
0.208306
-0.121088
-0.079924
0.245846
-0.117652
0.129071
0.206999
0.091742
0.179685
0.124134
0.021337
0.015489
0.067869
-0.066140
0.157888
-0.334250
0.109367
0.294342
-0.057325
0.065551
0.040169
0.020080
-0.119701
-0.003517
0.219663
0.047968
-0.133397
-0.269166
0.168160
-0.074481
-0.016279
0.419783
0.267130
0.361316
0.140263
0.223269
-0.048867
-0.134431
0.411149
-0.197793
0.100499
-0.035659
-0.003668
-0.002785
-0.451171
-0.173634
0.234752
0.151447
0.248716
-0.020227
-0.152781
-0.264119
0.241047
-0.068611
0.318740
0.007620
0.150616
0.069872
-0.163857
0.318142
-0.152885
-0.109426
-0.033790
-0.310808
0.105229
-0.033574
-0.153933
-0.098585
0.008376
0.031011
0.517931
0.371930
-0.272161
0.149909
0.064788
0.087271
0.035858
-0.444490
0.171688
0.220599
-0.337216
-0.036281
0.158600
-0.389918
-0.087151
0.037399
-0.069443
-0.337418
-0.033574
-0.288246
-0.166702
-0.354803
0.070538
-0.096018
0.032763
-0.316677
0.131617
0.202935
-0.010252
-0.035997
-0.446892
0.065975
0.007283
-0.177276
-0.029233
0.304209
0.072979
0.129795
0.094650
-0.108854
0.270902
0.139409
0.131701
0.255824
0.211400
0.093237
0.286746
-0.047383
-0.019547
-0.053655
0.047417
-0.236750
-0.127722
-0.184094
-0.079969
0.215811
-0.245941
-0.222470
0.121802
-0.103473
0.027179
-0.252298
-0.158333
0.020052
-0.207593
-0.174922
-0.252993
0.026585
-0.318115
-0.047111
-0.143979
0.243773
0.264899
-0.003146
-0.183871
0.103295
-0.382076
-0.558489
-0.170282
-0.137668
0.084273
0.012177
0.026428
0.214557
0.390900
0.101635
-0.074845
0.377708
0.196689
0.036757
-0.001387
0.092930
-0.147047
-0.020923
-0.120072
-0.115052
-0.087780
0.349129
0.081162
-0.086433
-0.193502
0.680654
-0.311684
-0.039150
-0.142488
0.284425
0.097226
-0.149177
-0.134452
0.186530
-0.292499
0.084744
-0.155032
0.059074
-0.037334
0.201356
-0.112033
-0.021374
-0.235922
0.120960
0.515278
-0.300315
-0.285912
-0.383508
-0.025926
0.036303
-0.247729
0.087921
-0.536673
-0.416680
0.264441
-0.167338
0.311081
-0.157513
-0.062378
0.432187
-0.135087
-0.654310
0.021742
-0.232677
0.149481
-0.136420
0.124973
0.210494
0.185381
-0.297623
0.067560
-0.359437
-0.158815
-0.050228
0.159420
-0.225341
0.053603
-0.095336
0.081054
-0.513663
-0.300118
0.101281
-0.203169
-0.083258
-0.575307
0.270983
-0.222001
-0.225779
0.064843
0.097764
0.257205
0.052059
0.345999
-0.003522
0.071928
-0.307156
-0.161031
-0.055443
-0.139774
0.216396
0.000401
0.061302
-0.285915
-0.188993
0.173278
-0.114879
-0.336378
-0.174893
0.158099
-0.227924
-0.375046
0.056800
-0.240293
0.079358
-0.103399
-0.151052
-0.146502
-0.286461
-0.004896
-0.091232
-0.001913
-0.212652
0.146036
0.223397
-0.176074
0.125903
0.126792
-0.247511
0.092643
-0.208732
-0.193695
0.311429
-0.188057
0.256825
0.093948
-0.155520
0.062356
-0.116618
0.081138
-0.082339
0.013526
0.159655
-0.054261
-0.349252
0.031405
0.087292
0.222759
0.101643
0.258853
0.086266
-0.035355
0.097725
0.005059
0.234971
-0.193934
0.287432
0.074319
-0.091847
0.238290
-0.105223
-0.104689
-0.244186
-0.208307
0.103420
0.266981
-0.369779
-0.071106
0.064691
0.334267
-0.158584
0.299176
0.017319
-0.281280
-0.035473
0.343357
0.004395
-0.040303
-0.151539
0.155735
0.613259
0.314040
0.539498
0.236922
-0.105998
-0.341366
0.030610
-0.534991
-0.437641
-0.323182
-0.246265
0.103862
0.252137
-0.038191
0.075377
0.615295
0.096873
0.023254
0.026893
-0.300142
0.218566
-0.022422
-0.003742
0.683854
0.233612
-0.069854
-0.304891
-0.153627
0.359454
-0.486928
0.427986
-0.058731
0.061298
-0.272518
-0.084574
-0.202902
0.030251
0.063371
-0.229177
0.059072
-0.146585
0.055539
0.204542
0.116680
-0.002124
-0.023581
0.008935
-0.466691
-0.202900
0.064090
0.323680
-0.036178
0.156550
0.047496
0.094449
0.151769
-0.253905
0.043725
0.304537
-0.063834
0.069224
-0.194717
-0.054447
-0.320426
0.137584
-0.143509
-0.207641
0.374944
0.009103
-0.264824
-0.008196
-0.170588
0.095432
-0.096240
-0.206951
-0.645714
-0.059277
0.038157
-0.237373
0.411106
0.055582
0.664365
-0.078145
0.128205
-0.012324
0.052414
0.360541
-0.016204
0.009367
0.227188
0.266638
0.034943
0.412235
-0.064749
0.286676
0.206897
-0.171858
0.026322
0.039300
0.046061
-0.296899
0.112129
0.031961
0.163008
0.539144
0.071423
0.280693
0.356402
-0.428125
0.029640
0.122508
0.173643
-0.074102
-0.489473
-0.259178
0.054729
-0.238338
0.187315
-0.196383
0.317893
0.556624
-0.049304
-0.180175
-0.211879
0.157559
0.217430
-0.263597
-0.064154
0.027652
-0.102671
0.425101
-0.582692
0.532410
0.073993
-0.237882
0.010246
0.261832
0.196468
-0.335556
-0.360839
-0.075569
-0.272684
0.142665
0.306473
-0.632879
0.083978
-0.033847
0.038920
-0.584845
0.056433
-0.201313
-0.012117
0.233249
-0.270741
-0.306287
-0.149992
0.224323
-0.054898
0.289035
-0.165359
0.222245
-0.482938
0.535756
-0.143163
-0.051718
-0.220431
0.011126
-0.585185
-0.126642
-0.167450
0.465813
-0.508107
0.478955
-0.093394
-0.001820
0.257798
-0.560055
0.255031
0.347513
-0.411886
0.321443
0.204885
-0.033092
0.324411
-0.196921
-0.434021
-0.000716
-0.233125
-0.049058
0.178479
0.051857
0.244669
0.153622
-0.090933
-0.312002
-0.071605
0.132800
-0.350979
-0.395570
0.350660
0.014323
0.383201
0.463300
0.283672
-0.030461
0.291339
-0.043004
-0.167717
-0.053781
0.047339
0.325956
0.101288
-0.207314
-0.291697
-0.215491
-0.546412
0.026661
0.269829
-0.249808
-0.523164
-0.182528
0.188005
-0.303546
0.357543
-0.245534
0.402296
-0.284577
0.098301
0.304816
0.248624
0.006863
-0.285704
0.113068
-0.031269
0.166762
-0.211405
-0.341819
-0.346518
-0.618986
-0.348156
-0.126126
0.312544
0.044937
-0.399749
0.122074
-0.119810
-0.185666
-0.216144
0.307210
0.191431
0.283628
0.086835
0.242076
0.304398
0.114790
-0.374693
-0.117289
-0.031206
0.213443
0.477567
-0.305103
0.375901
0.016005
0.044513
-0.293163
-0.002237
0.082279
-0.000358
0.127582
0.010904
0.025547
-0.102939
-0.211976
-0.289382
-0.078356
0.162052
-0.004248
0.425519
0.088978
-0.020705
-0.061543
0.039784
0.314354
0.724395
-0.015898
-0.317414
-0.079092
-0.063149
0.203433
0.185394
-0.100288
0.463165
0.113729
0.358113
-0.395956
-0.025534
0.120518
0.036297
0.320280
0.244717
-0.071370
-0.132523
-0.306675
-0.041549
-0.253362
-0.125975
0.016687
-0.071937
-0.175956
0.049770
-0.026864
0.046323
0.031016
0.138153
-0.169118
-0.059345
0.153693
-0.009602
-0.390643
0.163759
0.148071
-0.241416
-0.056449
-0.170972
0.160639
0.014376
0.187957
0.145530
-0.332177
-0.336850
-0.129993
-0.140680
0.041079
-0.110240
-0.012468
0.059879
-0.044515
-0.010459
-0.016471
0.234733
-0.066883
0.272664
-0.008700
0.203314
-0.180732
-0.205158
-0.016491
-0.329951
0.039793
-0.019629
0.175496
0.366641
0.112908
0.295024
-0.286546
-0.231036
-0.126558
0.067385
-0.076693
0.055108
-0.092911
-0.238476
0.085001
-0.037732
-0.008490
0.102011
0.454537
0.042719
-0.092240
-0.185465
-0.766210
-0.263263
-0.018286
0.008621
-0.058424
-0.008071
-0.171644
-0.003587
0.117716
-0.086420
-0.110062
0.081273
0.387744
0.099007
-0.126216
-0.151954
-0.254799
0.228352
0.149916
-0.028333
0.206239
-0.133410
-0.590286
0.062407
-0.050687
-0.138612
0.467719
-0.316322
0.178392
0.009496
0.084794
0.181629
0.036144
0.053964
-0.341928
0.009645
-0.294700
-0.141587
0.051269
-0.110370
-0.392565
0.163705
-0.106834
0.120152
-0.076480
-0.040135
-0.515940
-0.499671
0.009059
-0.175046
0.013501
-0.126803
0.263185
-0.398678
-0.007701
0.123624
-0.263723
-0.119599
0.018681
-0.050602
-0.019026
-0.080214
0.081565
-0.005243
-0.281592
-0.136436
0.183596
0.199790
-0.026477
-0.267929
0.133916
-0.260578
0.147798
-0.043736
0.363579
0.030174
-0.102084
0.323123
0.736233
-0.182951
0.405547
0.181126
0.149528
0.104330
-0.243683
0.097441
0.735367
-0.158572
-0.343006
-0.336688
0.079240
-0.086546
-0.208521
0.177909
-0.001211
-0.107248
-0.058116
0.076942
0.249332
0.409794
0.253200
-0.153720
0.071100
0.046110
0.245262
0.287229
0.217259
-0.121325
0.247936
-0.253998
0.005989
-0.073310
0.378600
0.198896
0.219154
0.143734
0.174953
0.162417
0.018890
-0.052137
0.217075
-0.146699
0.140671
-0.160852
-0.197176
-0.056588
-0.093781
0.241345
0.207635
0.177243
0.234034
0.440706
0.397080
0.388086
0.336521
0.285697
-0.313634
-0.405720
0.241178
-0.041988
-0.325118
0.125371
0.195393
-0.042968
0.235045
-0.420699
-0.154821
0.180238
0.322634
0.214514
-0.007598
-0.039668
-0.142501
0.091557
0.052912
-0.054410
0.147146
0.217162
0.209315
0.270880
-0.067635
-0.333511
0.341639
-0.173264
0.113695
0.425941
0.185828
0.021004
-0.270671
0.059231
0.140262
0.058862
-0.548695
-0.245968
-0.006450
-0.155516
-0.072344
-0.044139
-0.139398
0.187366
0.083751
-0.006116
0.177603
0.124101
0.468864
0.028301
-0.292686
-0.196768
-0.531276
-0.149298
-0.279176
-0.127221
0.115397
0.241156
-0.221663
0.251849
0.262519
0.131352
0.172466
0.133717
-0.145764
0.027772
0.055496
0.127397
0.216500
0.367001
0.214693
0.125927
-0.295789
0.017456
0.101603
0.158185
0.023711
-0.126864
0.107584
0.128588
-0.107893
-0.333589
0.327307
-0.123567
-0.430523
-0.336692
0.228475
-0.471553
-0.042588
0.389933
0.141240
-0.156179
0.117017
-0.036261
0.109409
-0.068318
-0.468153
-0.156257
0.410566
0.234150
-0.033749
0.203841
-0.147561
0.050680
-0.563681
0.300595
-0.243783
-0.374832
0.151763
0.357768
-0.078679
-0.071114
-0.062403
0.090745
0.058930
0.013870
0.123276
-0.029398
-0.050131
0.277908
-0.194338
-0.085952
0.220854
0.269215
-0.071271
-0.339868
0.325795
0.160912
0.113084
-0.121867
0.110900
-0.294881
0.323863
-0.059268
-0.110526
-0.229274
0.073971
-0.164129
0.404663
-0.197005
0.424130
0.265014
-0.163209
-0.127871
0.017569
-0.199194
0.052651
-0.073931
0.025146
0.053067
0.045106
-0.051342
0.387605
-0.118218
0.110311
-0.035100
0.076382
-0.146381
-0.194706
-0.291630
0.047455
0.062200
-0.293688
0.005137
0.086069
0.004413
-0.177548
-0.365446
-0.259666
-0.058155
0.122257
0.243765
0.237402
-0.110557
0.081561
-0.229842
0.094088
-0.218309
-0.247902
-0.009035
-0.062930
0.150189
-0.238313
0.326360
-0.215450
-0.059073
-0.381136
0.585172
0.226405
-0.074038
0.129211
0.144510
0.151685
-0.193762
-0.125258
0.811376
-0.164186
-0.096580
0.081320
-0.043966
0.085405
0.340884
-0.087811
-0.074820
-0.089541
-0.125609
0.107578
-0.006406
0.268359
0.079816
0.014783
-0.026964
-0.003371
0.118618
0.187720
0.052431
0.359470
0.038994
-0.122986
0.158210
-0.301583
-0.531744
-0.434645
0.109890
0.059212
0.412115
0.098421
0.210993
0.364679
0.407168
0.458852
0.240554
-0.258027
0.414513
0.167909
0.171303
-0.141947
-0.017934
-0.287175
-0.179615
0.237854
-0.479477
0.028548
0.062604
-0.140852
0.553571
0.301577
-0.217372
0.156154
-0.054061
-0.074979
0.140642
0.085906
-0.148862
0.356336
-0.037317
0.503312
-0.401116
0.117606
-0.215826
0.327039
0.185285
-0.040340
0.086974
-0.235155
-0.095571
0.075826
0.194926
0.149210
0.198850
-0.445854
-0.241600
-0.131528
-0.232563
0.035990
-0.019162
0.036426
-0.122426
-0.216754
0.311731
-0.204897
0.286879
0.373536
0.363085
0.325053
0.277019
-0.267101
0.294681
0.061107
-0.258903
-0.161760
-0.048524
0.204630
-0.119673
0.218483
0.582214
0.007804
-0.144185
-0.288979
-0.322713
0.251641
-0.148302
-0.157688
0.049277
0.309108
0.056025
0.134181
0.190101
-0.260674
0.691274
-0.169214
-0.593436
0.218015
0.046381
-0.002631
-0.316581
-0.065824
0.035385
0.321217
0.233110
0.148558
0.044887
0.006260
-0.072698
0.097514
0.230340
-0.219756
0.073477
-0.469628
0.445948
-0.128646
-0.243255
-0.072533
-0.179792
-0.400163
0.181723
-0.016022
-0.058066
0.151013
0.032328
-0.036544
-0.066404
-0.289273
-0.102795
0.150591
0.316403
-0.357423
-0.219155
0.025244
-0.134731
0.206200
0.105903
-0.209177
-0.009761
0.041451
0.121742
-0.018112
-0.047768
-0.332029
-0.103197
-0.189467
0.119430
0.061718
-0.212625
0.107993
-0.403714
0.052118
0.005045
-0.057013
-0.129732
0.291831
-0.116251
0.138141
-0.354210
-0.201036
-0.012596
-0.231743
-0.051196
-0.041722
-0.271222
-0.140645
0.204758
-0.166607
-0.047178
0.080542
-0.289948
-0.130250
0.087385
-0.104502
-0.142485
-0.296042
0.010892
-0.110862
-0.132573
0.249237
0.210663
0.032976
0.388420
0.096183
0.123757
-0.143668
-0.042983
0.158606
0.307001
0.393365
0.024229
0.230284
0.122113
-0.233786
-0.482449
-0.154436
-0.129642
0.304047
-0.069712
0.092410
-0.042739
0.150753
-0.411175
0.205789
0.024544
0.017077
0.176344
-0.267961
0.612109
-0.038405
0.072565
0.058302
-0.267570
-0.303149
-0.098738
-0.097555
-0.113513
-0.132045
-0.028352
0.197109
0.146826
-0.306355
-0.221795
0.354881
0.164033
0.030725
-0.285756
-0.320706
-0.152265
0.189817
-0.190379
-0.204635
0.316188
0.181555
0.249395
0.018737
0.276230
-0.096366
0.395266
-0.148767
-0.201764
0.272556
-0.270230
-0.161696
-0.204310
-0.678491
-0.478172
0.156105
-0.334464
0.302979
-0.101865
0.093915
-0.147726
-0.050501
0.044423
-0.103272
0.293898
-0.097124
0.046183
-0.156101
-0.250207
0.093481
-0.305061
0.175415
-0.184994
-0.407823
-0.044616
0.006066
-0.242441
0.102442
-0.082447
0.191830
-0.044514
-0.474938
-0.506433
-0.288230
-0.215485
0.079696
-0.061609
-0.335812
-0.050923
0.063300
0.243139
-0.179314
0.325557
-0.341336
0.494561
0.105656
0.026321
0.022399
-0.134985
0.056110
0.151799
-0.177193
-0.570145
-0.023068
-0.234770
0.068890
0.054118
0.001301
0.102901
0.045713
0.291838
-0.088510
-0.296272
0.229457
0.096246
-0.140526
0.399017
-0.258210
-0.214020
0.189496
0.160460
0.168264
0.265831
0.036048
-0.386503
0.138995
0.019654
0.021375
0.143268
0.099977
-0.351570
0.507464
-0.172777
-0.476270
-0.208842
-0.030871
-0.267377
-0.233263
-0.210021
-0.451801
-0.278218
0.089970
-0.546846
0.047352
-0.110183
-0.018479
-0.029381
-0.017539
0.044340
0.055453
-0.427424
0.029387
0.126365
-0.146131
-0.011334
-0.156134
-0.409493
-0.121220
0.017900
0.200049
-0.368559
-0.025372
0.197338
-0.169679
0.016148
0.124825
-0.330836
0.053041
0.231690
0.076459
-0.122163
0.019308
0.087287
0.284765
-0.167846
0.340480
0.227891
-0.184622
-0.176493
0.115777
-0.032960
-0.126797
0.435304
-0.372544
0.633081
0.216710
-0.172857
0.164172
0.444328
0.390268
-0.021603
0.049816
-0.051711
0.239024
-0.273729
-0.244059
-0.177985
-0.069700
0.080934
0.054700
-0.036984
0.156605
-0.018991
-0.023580
-0.159964
0.182257
0.247801
-0.487727
-0.081987
0.208061
0.246808
-0.302880
0.401016
0.334800
0.198014
-0.034188
-0.234261
-0.102654
0.128879
-0.156108
-0.545497
-0.121402
0.018277
-0.328469
-0.343753
-0.240995
-0.113637
0.062665
0.086141
0.202500
-0.054589
0.385329
0.494459
0.040268
0.133604
0.087075
0.363907
-0.219818
0.001046
-0.271980
0.519991
-0.114064
0.137882
0.409955
0.142010
0.236535
-0.082945
-0.087385
-0.216186
-0.198623
0.153528
0.201779
-0.405510
0.088283
0.516014
0.228023
-0.225003
-0.047984
-0.228613
0.077076
-0.145657
0.059096
-0.042329
-0.390725
0.062802
-0.329079
0.193078
0.145786
0.378979
-0.127541
0.015150
-0.179835
-0.277580
0.192024
-0.203549
0.324597
0.014228
-0.079732
0.196336
0.105681
0.272105
0.091741
0.024901
-0.006749
0.101969
-0.040741
0.177402
0.440014
0.020215
0.207394
0.060629
-0.214053
0.373526
-0.086315
0.178329
0.194511
-0.123298
0.304944
0.045566
-0.142665
-0.304088
0.556056
0.405178
0.410949
-0.154441
-0.034368
0.434350
0.235159
0.034155
0.157321
0.351587
-0.075287
0.175656
0.382155
0.063121
0.110657
0.285622
0.036466
-0.172241
-0.269732
0.120557
-0.047401
0.200805
0.060177
-0.746252
-0.199812
-0.238299
0.267552
-0.207809
0.275743
0.124698
0.115194
0.123942
-0.238299
0.106797
-0.374989
0.154153
0.091709
0.158178
-0.239848
0.180911
0.087768
-0.211159
-0.385320
-0.194945
-0.009157
-0.272146
0.102067
0.297287
-0.439175
-0.209315
-0.138265
-0.374185
-0.047549
0.332498
-0.112476
-0.128838
-0.256817
0.024755
0.114601
-0.115942
0.044941
-0.294115
0.148545
-0.229647
0.237859
0.140073
0.143806
0.147756
0.144339
-0.143395
0.324927
0.098733
0.126112
-0.039999
0.317422
-0.417555
-0.192926
-0.401276
0.263501
-0.052453
-0.572742
0.085794
-0.039282
-0.536612
-0.430691
0.016288
-0.003106
-0.236080
0.634470
0.124568
0.156489
0.349138
-0.473139
-0.375135
0.281773
0.327612
0.153396
0.095954
-0.345339
-0.346883
0.207609
0.356783
0.261453
0.077324
-0.182511
-0.219397
-0.394798
-0.217581
0.310722
-0.513117
0.556830
-0.154317
0.034942
-0.075929
-0.029387
-0.224580
-0.075889
0.110422
-0.032647
0.343644
0.173028
0.019904
0.247533
-0.357083
-0.324554
-0.114551
-0.400129
-0.019813
0.256400
-0.126758
-0.230296
0.314987
0.216653
-0.014898
-0.085679
-0.356609
-0.061086
-0.283709
-0.155606
0.118586
-0.063093
-0.289671
-0.259606
0.095067
0.036191
0.455620
-0.048550
0.043830
0.015835
0.104097
-0.155847
-0.186275
0.222996
-0.054052
0.131964
-0.172038
-0.250888
-0.304715
-0.237135
0.356063
-0.138062
-0.379272
-0.046845
-0.091946
0.654785
0.169391
-0.579033
0.040244
0.031165
0.065177
0.282243
0.389710
0.095257
-0.335102
-0.303743
-0.286899
0.019999
-0.204389
-0.141753
0.070594
-0.032975
0.014256
-0.102801
-0.256207
0.063443
0.373366
0.323885
-0.454968
-0.014517
-0.116905
-0.192419
0.040264
0.019912
-0.006001
0.230666
-0.088616
-0.389004
0.263311
0.120659
-0.155740
0.168738
0.382896
0.084779
0.021723
0.151753
0.022773
-0.070503
0.223950
0.023286
0.261624
0.329335
0.053895
-0.153205
-0.135396
0.013865
0.108448
0.060187
-0.109517
-0.276178
-0.061695
-0.004097
0.185921
-0.402827
-0.164575
0.441599
0.092970
0.319384
0.185219
-0.117305
-0.138057
-0.147687
0.277192
0.285678
0.195287
0.171906
0.358796
0.365341
0.008321
-0.019507
0.341061
0.054034
-0.085034
-0.189759
-0.161316
0.032709
-0.089981
-0.101561
0.402898
0.336495
-0.347056
-0.128972
-0.013812
-0.266764
0.125271
-0.221742
-0.180252
-0.047253
0.129226
0.217070
-0.171085
-0.149109
0.433066
-0.463253
0.247413
-0.101336
-0.186413
0.086527
-0.114166
-0.293913
0.005337
-0.494193
-0.131074
0.443855
-0.309294
-0.103790
-0.059301
-0.132511
-0.549292
0.397291
-0.452597
0.130076
0.071034
0.183624
0.050169
0.280339
0.116204
0.391911
0.070874
0.312849
0.273978
-0.071290
-0.180248
-0.217448
-0.106322
-0.197610
-0.054623
0.053317
0.340479
0.371972
0.018671
0.109457
0.348610
-0.117039
-0.165857
0.023127
-0.375381
-0.090235
-0.006047
-0.171302
-0.102202
0.035855
-0.152478
0.106890
0.187922
0.056862
-0.132776
-0.031491
0.495296
0.175155
0.094986
0.059383
-0.210765
0.065789
-0.082813
-0.206865
-0.128598
-0.104351
-0.272653
0.135967
-0.366917
-0.069673
-0.015707
-0.086864
0.218560
-0.121879
-0.099891
0.381748
-0.207496
0.557010
0.117411
-0.134790
0.040475
0.263695
0.008309
0.111200
-0.000797
0.051471
-0.004154
0.188944
-0.327146
-0.079582
0.154669
0.071701
-0.265983
-0.163482
-0.159824
0.034398
0.153109
-0.121774
0.032854
0.116892
-0.239680
0.440755
0.075450
0.161588
-0.107663
0.005576
-0.030328
-0.057546
0.116973
-0.093673
-0.611502
-0.039955
-0.114071
-0.288421
-0.114617
0.301903
0.361872
-0.150925
-0.310245
-0.143741
0.371428
-0.473077
0.320587
0.216812
-0.023434
0.364462
-0.152902
0.191800
-0.590575
0.504695
0.311525
-0.050032
-0.179762
0.265134
0.314977
0.312984
0.151926
-0.046791
0.135790
0.118004
0.247408
0.177068
-0.086189
0.043769
-0.252109
-0.117387
0.322181
0.121499
-0.366342
-0.211002
0.405004
-0.283051
0.122107
-0.586303
-0.014538
0.240764
0.109530
-0.288552
0.052472
0.104925
0.094928
-0.335961
0.286540
0.108679
-0.072020
-0.388890
-0.038677
-0.298753
0.044360
0.229638
-0.048493
-0.047478
0.017739
0.114232
-0.068412
0.213404
0.332438
-0.077701
-0.076561
0.061132
-0.133185
0.347438
0.137234
-0.068768
-0.133719
0.207008
0.439886
-0.119493
-0.090460
0.051541
0.027466
0.158137
0.315417
0.219311
-0.272227
-0.085539
-0.195867
-0.533439
0.054344
0.170335
-0.057264
-0.000157
0.316605
0.031278
-0.025859
-0.036309
0.037443
0.176977
0.284160
0.125778
-0.092734
-0.299287
0.144693
-0.281063
-0.103946
-0.179619
-0.227740
0.149688
0.179351
0.098830
0.012572
0.098585
0.094170
-0.171149
-0.220438
0.064782
-0.235953
0.510303
-0.375790
0.357610
0.019850
-0.473231
-0.298312
0.339709
0.128768
0.025294
0.251758
-0.168065
0.080756
-0.008979
-0.199318
0.394134
0.096931
0.245584
0.062539
-0.023517
-0.028115
-0.344068
0.055772
0.130449
0.110673
0.170836
0.223257
-0.282138
0.265962
0.027115
-0.493427
0.081633
0.145434
0.151057
0.165140
-0.005269
-0.131596
-0.454275
0.221888
-0.415693
0.167177
-0.190228
-0.160807
0.229986
0.309313
-0.418165
-0.215381
-0.449988
0.235609
-0.363106
-0.073189
0.298633
0.191913
-0.326974
0.243646
-0.005038
0.083258
0.169935
-0.018163
-0.194114
0.186929
0.078986
-0.073032
0.219206
0.536830
-0.091075
0.422661
0.012573
0.301218
0.344186
-0.061980
0.107167
-0.314955
-0.092481
-0.096638
-0.156157
-0.110959
0.060765
-0.028921
0.453950
0.005041
-0.070709
-0.056101
-0.132197
-0.008375
0.046944
-0.168159
0.153819
-0.228504
-0.261520
0.073754
-0.264492
0.129315
-0.103130
-0.344970
0.121358
-0.045140
0.206218
0.216324
-0.035474
-0.125225
-0.162082
0.260662
0.443844
0.034663
-0.185717
-0.126949
0.105597
0.089120
-0.200202
-0.017503
-0.124086
-0.224963
0.424125
-0.021591
0.150311
0.338942
-0.014134
-0.220313
-0.104837
-0.458053
-0.030529
-0.037543
-0.221188
-0.078158
0.284266
-0.007808
0.070657
-0.117565
-0.038880
0.022987
0.039439
-0.192122
-0.091722
0.215149
0.383467
-0.057880
0.037711
0.115293
0.117707
0.023291
0.178357
-0.293742
0.294171
0.383952
0.437859
-0.303533
0.062937
-0.429403
0.256521
-0.277258
-0.105884
0.356529
-0.062014
0.090060
0.242070
-0.461237
0.080951
-0.014908
0.219615
0.263993
-0.037141
-0.046446
-0.158118
-0.052058
-0.028779
0.269058
-0.234824
0.125265
0.164106
-0.002430
-0.204575
0.002529
-0.055871
0.036013
-0.196070
-0.159185
-0.043967
-0.552671
0.065644
0.062878
-0.395631
-0.319940
-0.309054
0.029067
-0.525282
0.220097
-0.155067
0.130762
0.465118
0.076748
-0.094508
0.416658
0.045940
0.165816
0.300051
0.218484
-0.171260
-0.254839
0.367929
0.120610
0.185408
-0.147183
0.087662
0.430961
-0.025236
0.120179
-0.243679
0.306963
0.299603
-0.049562
-0.418181
0.022491
0.137654
-0.229021
-0.325532
-0.167870
-0.008898
-0.183582
0.009092
-0.350845
0.291022
-0.239114
-0.069832
-0.050572
-0.237877
0.027622
0.121522
-0.021868
-0.149725
-0.117964
-0.007433
0.101265
0.225830
0.257596
0.067641
0.201399
0.024713
-0.457892
-0.197047
-0.270388
-0.364371
0.005580
-0.030059
0.472929
0.239149
0.280091
0.045167
-0.043360
0.175739
-0.244769
0.403460
-0.051061
-0.228364
-0.410762
0.110027
0.019938
-0.156666
0.184852
0.285369
0.091081
-0.132673
-0.221226
-0.349789
0.017067
-0.155232
-0.460636
-0.076457
0.251492
0.474575
0.175239
-0.048218
-0.598046
0.060851
-0.407699
0.005060
-0.019341
0.310377
0.052324
-0.118364
-0.276329
0.105565
-0.234905
0.036394
0.173634
0.084530
-0.007040
-0.034222
0.148496
-0.281580
0.102695
0.021890
0.437451
-0.430927
0.262821
0.179767
0.553472
0.117674
0.153195
-0.162183
0.587768
0.080162
-0.484011
0.028356
-0.737171
0.282042
0.381755
0.029825
-0.168949
-0.143326
-0.142807
0.421060
-0.095921
0.087026
0.179597
0.049684
-0.289857
0.610908
0.338147
-0.092181
0.659186
0.090428
0.430923
0.001322
-0.404729
0.039718
0.258853
0.546225
-0.236324
0.108786
-0.046514
-0.083228
-0.115801
0.332843
-0.101588
0.310293
-0.160417
0.051000
0.584462
-0.381790
-0.148061
-0.268404
-0.424332
-0.072778
-0.033049
-0.190963
0.159036
0.072543
0.066412
-0.014699
0.018566
0.173378
0.100876
0.074763
0.080226
0.102598
-0.001784
-0.172201
0.450279
-0.505333
0.534943
0.238160
-0.152434
-0.111916
0.069553
0.349533
0.384925
0.199796
0.271647
-0.126622
0.352614
-0.146646
0.608518
-0.151462
-0.172743
0.265768
-0.361848
0.396136
-0.087854
0.380720
0.015020
0.244218
-0.416694
0.343269
-0.109411
-0.027401
-0.140134
-0.087335
0.459505
0.059969
0.031351
0.174999
0.084067
-0.366366
0.159902
0.363040
0.112553
-0.038013
0.030706
-0.081383
0.325708
-0.278377
0.000277
-0.197459
-0.078633
0.201925
0.139478
-0.177248
-0.061941
0.069198
-0.167854
-0.120829
0.167501
-0.301404
0.482349
0.334433
-0.261018
0.268764
-0.010759
-0.058667
0.149568
0.252420
-0.181400
-0.212321
0.347324
-0.115223
-0.087379
-0.082703
-0.048692
0.131380
-0.070322
-0.247533
0.046654
0.388435
0.073246
0.064706
-0.293038
0.121340
-0.052736
-0.145982
0.303240
0.047129
-0.336351
0.074218
-0.237931
-0.289175
0.181597
0.023551
0.130146
0.043041
0.070623
0.286089
0.143864
-0.260787
0.247291
0.258705
-0.015697
-0.292243
0.076549
-0.312393
0.094543
-0.122493
0.081504
-0.114329
0.192633
0.363229
-0.313503
-0.230539
0.227369
-0.149515
-0.028283
-0.096975
-0.310125
-0.608024
-0.077828
-0.287029
-0.459845
0.106963
-0.087131
-0.123168
-0.019440
0.138312
-0.451763
-0.140064
-0.058028
-0.351959
0.147043
-0.118964
0.505197
0.053699
0.363873
0.036404
0.143613
-0.310060
-0.197845
-0.148551
-0.147709
-0.504217
-0.029749
0.105163
0.060915
-0.132610
-0.152319
0.207284
-0.077076
0.060257
-0.167315
0.377484
-0.112172
-0.045121
0.475026
-0.306830
0.135421
-0.335093
-0.309964
0.054826
0.395858
0.024822
0.229986
-0.104786
0.048606
0.394905
-0.133282
0.680851
-0.129607
0.307137
0.006796
0.161435
-0.062335
-0.028246
-0.146777
0.211440
0.393677
0.056807
-0.110825
0.202701
0.486792
0.204748
0.397434
0.102476
0.255619
-0.428535
0.431236
0.184593
0.286830
0.016748
0.069290
-0.078986
0.543017
-0.251976
-0.361841
-0.112161
0.212559
-0.033301
-0.187908
-0.118570
-0.509126
0.166906
-0.107960
0.187397
0.026820
-0.147754
-0.152998
-0.181975
0.017546
-0.303014
0.295845
-0.109918
0.043002
0.088577
-0.366437
-0.151253
-0.134215
0.492263
0.033807
-0.078244
0.379370
-0.156531
0.037221
0.103427
-0.196369
0.116398
0.158647
0.291407
-0.222579
-0.020461
0.459445
-0.230471
-0.086554
-0.352162
0.251748
-0.246837
0.085705
0.507137
0.283320
-0.428418
0.122398
-0.186713
-0.000531
0.194500
-0.037637
-0.124964
0.178661
-0.169069
-0.259409
-0.296966
0.486524
0.259168
0.010431
-0.047953
-0.308693
0.082454
-0.309824
-0.725772
-0.518310
0.013284
-0.183414
-0.147559
-0.009959
-0.564059
0.062889
-0.274458
0.252593
0.156548
-0.170782
-0.042774
0.048157
-0.405886
-0.031617
0.021782
-0.236884
0.347336
-0.269684
0.198232
0.337520
-0.087132
-0.749940
-0.284022
0.282280
0.182866
-0.335599
0.101060
0.091116
-0.287031
-0.066112
-0.186865
-0.444592
-0.073403
0.138090
-0.036175
-0.558129
0.033002
0.084459
0.082893
0.061229
-0.215335
-0.112280
0.353459
-0.231727
0.550915
-0.040561
0.084957
-0.161560
-0.126433
0.027432
0.085835
-0.322640
-0.229854
0.197875
0.242732
0.365021
-0.204391
0.084023
-0.034714
0.002308
-0.300059
-0.225997
-0.172681
-0.322571
-0.249160
0.320753
0.614905
0.001718
-0.130354
-0.423119
-0.160381
-0.221966
0.003148
0.105308
-0.064558
0.438524
-0.094448
0.093355
-0.036202
0.080952
0.078597
-0.039026
-0.263951
0.334255
0.430773
-0.541144
0.313672
0.091525
-0.172903
0.335537
-0.160679
0.079027
0.312390
0.270960
0.203109
0.018449
0.257323
0.294111
-0.007991
-0.510566
-0.041767
0.128880
-0.055025
-0.500782
-0.000044
-0.118950
-0.236124
-0.120726
0.280916
0.107092
-0.046699
-0.095845
0.328953
-0.168883
0.004984
0.115436
-0.124409
0.085439
-0.082777
-0.447344
0.434263
0.213555
0.132812
0.522003
0.215215
-0.402087
0.001720
-0.180402
0.236701
-0.234115
-0.030940
-0.347393
0.162240
-0.678367
-0.401683
0.222783
-0.317787
0.145104
0.031190
0.537012
-0.501932
0.175225
0.077612
0.306285
0.070270
0.161891
-0.133155
0.114548
0.163518
0.381996
-0.238959
0.047889
-0.132502
-0.036432
0.029971
0.343776
-0.108099
-0.209326
0.431818
0.007008
0.472058
-0.121533
-0.086719
-0.118558
-0.010845
0.008450
-0.126325
-0.129534
0.141425
-0.426464
-0.178295
-0.342430
0.273221
0.388992
0.044961
0.029104
0.451134
-0.135328
-0.214184
-0.342378
-0.269596
-0.151662
0.242119
0.083522
0.192367
-0.021466
0.003685
-0.310421
-0.221947
-0.093170
-0.235534
-0.106034
0.063348
-0.427299
0.330490
-0.054637
-0.028724
-0.260994
0.013932
0.054945
0.184155
0.106332
-0.166017
-0.009450
-0.279647
0.060136
-0.021382
-0.148867
-0.219569
0.071024
-0.022923
0.187944
-0.053048
0.078362
0.309730
-0.050579
-0.150690
-0.011926
-0.144192
0.312129
0.160127
0.163591
0.278482
0.480531
-0.277470
-0.225952
-0.213103
0.239545
0.101520
0.257039
0.078026
0.158562
-0.219036
0.098044
-0.075249
-0.079288
-0.296070
0.156488
-0.078899
-0.090906
0.011308
0.043806
0.039719
0.140726
0.395140
-0.333997
0.124848
-0.185792
-0.278464
0.060744
-0.274554
0.161128
-0.385885
-0.127789
0.079930
-0.187587
0.027699
-0.310268
0.126119
-0.169119
0.283637
-0.346681
0.111043
0.276885
0.134542
0.202185
-0.151941
-0.323417
0.081362
-0.324600
0.457318
0.050333
0.341852
-0.374778
0.174368
0.086161
0.125831
-0.166269
0.024757
-0.181100
0.418771
0.396573
-0.006926
-0.415182
0.099521
-0.075479
-0.040648
0.069857
0.195540
0.089317
0.379953
-0.158663
-0.150221
-0.042311
0.142498
-0.248833
-0.781993
-0.054080
0.201525
-0.272244
0.325057
0.160106
-0.324363
-0.002771
0.270934
-0.121619
-0.425496
-0.187451
0.072241
0.055564
-0.042998
-0.240247
0.143808
0.036390
-0.229267
-0.148874
0.088092
-0.457847
0.089264
0.101703
-0.126463
0.031306
-0.225778
0.141581
0.085329
0.368176
0.109937
-0.246076
0.068294
0.405893
0.112426
-0.323046
-0.395873
-0.023523
0.315032
0.031019
0.077074
0.118392
-0.258187
-0.086968
0.127084
-0.068517
-0.267939
0.211087
-0.232817
0.283870
0.013843
-0.124317
0.010802
-0.227433
0.015381
-0.286818
0.274200
-0.340808
0.323279
0.414791
-0.502538
0.123577
-0.109576
-0.261066
-0.088293
0.438297
0.040132
0.020130
-0.416325
-0.422644
-0.050603
0.223338
0.146300
-0.018502
-0.249914
-0.170002
-0.140836
-0.305253
0.256311
-0.186870
0.103859
0.008152
0.072882
0.203374
0.058728
-0.342745
-0.284465
-0.163813
0.081296
0.227633
-0.047768
0.122482
0.415611
-0.219257
-0.159802
-0.556784
-0.096278
0.056482
-0.297691
-0.080032
-0.131483
0.323250
0.103327
0.047228
-0.129129
0.023138
0.390455
-0.042924
-0.194779
-0.062302
0.212328
-0.343217
0.032469
0.362458
-0.009320
0.204190
-0.211004
0.066099
-0.266664
0.045062
0.098709
-0.188461
-0.231320
0.043876
0.195974
0.074588
-0.306300
-0.137763
0.013871
-0.263537
0.289336
-0.116274
0.067698
-0.555937
-0.304166
-0.038783
0.009858
0.147020
-0.162205
-0.334680
-0.433630
0.342156
0.339424
-0.098976
-0.263080
0.149980
-0.252382
0.276460
0.383362
0.123859
-0.162076
0.216221
-0.204149
0.013501
0.389317
-0.153508
-0.186490
-0.404065
-0.000413
-0.106421
0.088162
-0.512908
0.595032
-0.053944
0.125311
0.148313
0.081882
-0.074905
-0.064783
-0.231428
-0.274790
-0.057156
-0.288233
-0.343350
-0.265209
0.078436
-0.610156
0.046712
0.108745
0.232131
-0.243332
0.191222
0.103429
-0.400589
-0.091971
0.252657
0.238529
0.221023
-0.195571
0.165530
0.389306
0.110665
-0.267381
0.009097
-0.022480
-0.150309
-0.062932
-0.110746
-0.049072
-0.187257
0.325280
0.292578
-0.191260
-0.030887
-0.341824
-0.015672
-0.135215
-0.263801
-0.207106
0.118628
0.072018
-0.029037
-0.333467
0.338135
0.167443
0.181848
-0.127862
0.337858
0.103863
0.119908
-0.109941
0.157255
-0.004172
0.199751
0.374534
0.024940
0.158706
0.085389
0.065435
-0.147686
-0.426542
0.103249
0.160191
0.341341
-0.115099
0.006812
0.069882
0.299995
0.610720
0.004918
0.153501
0.021945
-0.013626
-0.561213
-0.206683
-0.163026
0.552108
-0.627430
0.198910
-0.156756
-0.137362
0.438154
-0.566164
-0.179773
-0.076523
0.161577
0.013843
-0.411581
-0.216158
-0.173095
0.158179
-0.400152
-0.526130
-0.013150
0.266746
-0.525113
0.143425
-0.282066
-0.074138
0.181279
0.037215
-0.339066
-0.243007
0.015219
-0.026358
-0.033558
-0.078962
-0.014509
0.072807
0.092046
0.023089
-0.161785
0.275806
0.006941
-0.307231
0.218382
0.020138
0.083977
-0.132703
-0.256012
-0.332218
0.301929
0.081955
0.191423
0.086057
-0.166980
0.000710
-0.039110
0.193228
0.035916
0.060674
-0.208410
-0.316340
-0.189168
0.064386
-0.059370
0.033512
0.222465
-0.305061
-0.134042
0.034022
-0.282704
0.339178
-0.248419
0.248769
0.329368
0.089441
0.140928
-0.341561
0.280810
0.240930
-0.200022
0.123191
0.024361
0.145953
-0.046692
-0.013896
0.104892
-0.080904
0.158996
0.259871
-0.178296
0.604167
-0.053281
-0.088570
-0.183194
-0.080710
0.199503
-0.149407
0.025575
-0.208938
-0.262563
-0.119761
-0.564758
-0.103016
0.312974
0.026915
-0.164305
-0.025538
0.095844
-0.232445
-0.009865
0.260732
-0.108739
-0.631737
0.179264
0.020267
0.317200
0.015689
0.097098
-0.140123
-0.438020
-0.213786
0.107052
-0.392912
-0.070880
-0.128860
-0.085918
0.204880
-0.356972
-0.133307
0.335788
-0.541391
0.189357
-0.227033
-0.083831
0.121390
-0.017064
-0.049113
-0.356290
0.334587
0.221981
0.228098
0.184365
0.071901
0.198962
0.006419
-0.139553
-0.055003
-0.269107
-0.165601
-0.345375
-0.284353
0.302028
-0.192633
-0.316531
0.289422
0.235013
0.320184
0.302275
0.153920
-0.221691
-0.332582
-0.179086
-0.082531
-0.119733
0.322381
-0.211982
0.328198
-0.330879
-0.195504
0.188526
0.225033
0.181768
0.225301
-0.041574
-0.754044
-0.424906
-0.214921
0.121494
0.014166
0.077945
-0.061155
-0.059207
-0.264384
0.321595
0.268686
0.443745
0.349422
-0.034791
-0.108969
0.143635
0.167851
-0.263934
-0.163563
-0.127486
-0.075032
-0.122669
0.133384
0.341012
-0.118228
0.067684
0.171879
0.268801
-0.200398
0.079501
-0.300173
-0.069775
-0.181419
0.064911
0.124012
-0.419780
0.357881
0.383509
0.056943
-0.164611
-0.242358
-0.245122
0.185175
-0.108402
-0.081001
0.400919
0.036568
-0.014896
-0.302374
0.141175
-0.092099
-0.177455
0.230512
0.568723
0.127331
0.430517
0.162320
-0.069402
0.077304
-0.134271
0.015332
-0.466151
-0.123951
-0.328484
0.206859
0.538102
-0.113018
-0.201750
-0.127916
0.358489
-0.061172
-0.180995
0.003781
-0.051648
0.011159
0.008251
-0.089674
0.219330
0.177130
0.048166
-0.163632
-0.151464
0.235265
-0.242919
0.086807
0.198663
0.205569
0.352497
-0.270386
-0.107786
0.105040
0.022943
-0.181351
-0.254910
-0.263441
0.233212
-0.230277
0.104939
0.373928
0.118337
-0.298354
-0.200381
-0.209267
0.209494
0.136934
-0.020662
-0.016934
0.158498
-0.195144
-0.412063
0.453232
0.302558
-0.020408
-0.128670
0.185574
0.010218
0.101588
-0.068825
0.324825
-0.175685
0.061182
-0.149915
0.046933
0.183230
-0.062097
0.272303
-0.671978
0.486379
-0.341928
-0.334276
0.176092
-0.014794
0.186121
-0.230037
0.042229
-0.304293
-0.053197
0.074380
-0.348600
0.155783
0.408825
0.334857
-0.080575
-0.240960
0.222353
-0.063064
0.027181
0.168088
0.107907
-0.102296
-0.484712
0.039355
0.510826
0.192139
0.067196
-0.004585
0.763777
0.247923
0.375094
-0.161985
0.004069
-0.411203
-0.120062
-0.330544
-0.051659
-0.187876
0.210521
0.053929
0.046550
0.408531
-0.157731
-0.070538
0.211431
-0.281091
0.055365
0.387218
-0.229213
0.063355
0.281720
-0.206988
0.380013
-0.263738
-0.191781
-0.188870
0.324885
0.246437
-0.269088
-0.010104
0.063591
-0.001635
-0.132138
-0.404100
0.000242
0.021284
0.151412
0.126749
0.200086
0.078068
-0.028438
0.009275
-0.006325
-0.109764
0.158049
0.316491
0.306013
0.086849
0.117835
0.058814
0.143106
-0.400955
-0.339189
0.097456
0.011996
-0.119038
-0.229447
-0.298913
0.339083
-0.443476
-0.488878
0.576625
-0.013925
0.040201
0.140895
0.019868
-0.299012
0.108108
0.302372
0.354537
0.153964
-0.511098
-0.149208
0.357093
0.329866
-0.050316
-0.029124
-0.122636
0.354914
0.453668
-0.462652
0.233483
0.554420
0.071515
0.316595
-0.413358
-0.233330
-0.075218
0.114895
-0.104232
-0.374844
-0.169739
0.462840
-0.049567
0.018943
-0.067285
0.110891
0.175448
-0.307749
-0.670360
0.105273
0.130446
0.103304
-0.501463
-0.262474
0.148551
-0.141898
0.093731
0.257845
0.181851
-0.192578
0.306998
-0.415106
0.661426
0.185323
0.288364
0.289880
-0.210047
-0.015546
0.273750
0.377113
0.436647
0.224253
-0.181744
0.092854
-0.117386
0.080037
0.009217
0.365896
0.144648
-0.136053
0.299544
0.288171
-0.027669
-0.143573
0.040401
-0.201170
-0.006913
-0.150763
0.000023
-0.227104
0.005619
-0.030676
0.221985
0.385542
0.044479
0.125811
0.143667
-0.465554
0.423753
-0.346673
-0.109537
0.067137
-0.528036
0.098444
-0.351084
0.499230
-0.006172
0.170180
-0.241792
0.245571
-0.550384
-0.224741
0.004885
-0.012583
0.078734
-0.020049
-0.576099
-0.265397
-0.230253
-0.286734
0.650514
-0.066172
-0.318964
-0.156407
-0.151142
-0.375798
-0.126366
-0.587980
0.071576
0.037020
-0.453644
-0.035935
0.253468
-0.278858
-0.125409
-0.318439
-0.571805
-0.000541
-0.012356
-0.006780
0.357028
-0.187682
-0.050062
-0.340770
0.371298
0.204619
0.084662
0.203920
0.174839
-0.148175
-0.054515
-0.161247
-0.171696
-0.197918
0.106355
0.109155
0.282845
-0.354843
0.197712
0.179425
-0.158500
0.064826
0.377048
-0.116632
-0.127812
-0.214935
0.302794
-0.040405
-0.235444
-0.120347
0.220547
-0.184007
-0.247463
-0.451001
0.119919
0.134484
-0.290200
-0.819269
-0.007104
-0.294517
0.030849
0.147654
-0.267491
-0.106349
-0.010802
-0.268566
0.473410
0.240832
0.108022
-0.233109
0.196450
0.117860
-0.263037
0.219984
-0.484112
0.080525
0.393633
0.245364
-0.174202
0.035632
0.465703
0.026416
0.226306
0.081602
0.454045
-0.344764
0.346816
0.436824
0.149418
-0.072397
-0.832091
-0.231501
-0.084691
0.028940
-0.193967
-0.225725
0.179195
-0.134952
-0.292770
0.149264
0.326814
-0.150181
0.446347
0.100051
0.055848
-0.077280
0.019312
0.300625
0.274686
-0.489188
-0.138084
-0.028486
0.637456
-0.103644
0.177257
0.336606
0.288463
-0.178994
-0.381919
0.184059
-0.171684
0.264572
-0.005084
-0.193637
0.207149
0.006039
-0.031789
-0.100887
0.129176
-0.039785
-0.330846
-0.086787
0.111919
-0.205474
0.132548
-0.069893
-0.118522
0.136495
0.322621
0.165271
0.088843
0.199968
-0.010150
0.085724
-0.031134
0.037165
-0.308142
-0.255544
-0.181382
0.034127
-0.069832
0.177331
0.224770
0.163622
-0.456985
0.067175
-0.213444
-0.013910
0.528375
0.113403
0.371256
0.233580
0.179617
0.236824
0.112729
-0.137444
-0.211867
0.011455
-0.259209
0.117933
0.025813
0.251711
0.027155
-0.414831
-0.315497
-0.090176
0.200398
0.027538
0.146242
0.593265
-0.342256
0.453730
-0.001205
0.212774
0.363394
-0.096235
0.179885
0.297746
-0.098224
0.109668
0.354681
0.083169
-0.237975
-0.309754
-0.275787
-0.043189
0.207918
0.100813
0.040114
-0.386546
0.234003
-0.429292
0.054442
0.055944
0.331473
-0.231096
-0.132369
-0.188135
0.457149
-0.119737
0.490378
-0.051896
0.556460
-0.040626
0.110298
-0.338191
-0.448893
-0.344939
0.281260
0.207873
-0.293907
0.203583
0.213659
0.033859
0.003970
-0.461713
0.498790
0.242157
-0.156420
0.125503
0.316482
0.015591
-0.027872
0.232218
-0.043033
0.276733
0.076995
0.117836
0.337013
0.162164
0.195318
0.084545
-0.206571
-0.149667
0.033552
-0.100724
-0.386154
-0.257021
-0.165523
0.093565
0.235664
0.170695
0.312591
-0.075560
0.146690
-0.128506
0.055514
-0.098343
0.110667
0.325158
-0.030939
-0.014366
0.490962
0.095193
-0.113496
0.115531
-0.175620
0.201638
0.157654
-0.111134
-0.094813
0.110791
-0.309125
-0.435785
-0.019016
0.203555
-0.051417
-0.049321
-0.003646
-0.384829
-0.179878
0.219758
0.197709
0.311238
0.020036
-0.130454
0.400869
0.282170
0.092084
0.388062
0.271818
0.178970
0.139619
0.082468
0.296201
-0.006108
0.302939
-0.254170
-0.223999
-0.096406
0.041696
0.095543
-0.348439
-0.066229
0.072836
0.287335
0.081068
-0.227750
0.134339
-0.101307
-0.000841
0.188918
-0.156934
-0.143082
0.106781
0.301818
0.031894
0.013184
-0.115805
0.033519
0.014748
-0.167590
0.000004
-0.126348
0.652257
-0.323932
-0.231422
-0.002407
-0.259371
-0.198909
0.172643
0.200662
0.139427
0.402977
-0.019832
0.374245
0.064186
0.014727
-0.098396
0.101452
-0.272039
0.241038
0.043605
-0.221719
-0.110757
-0.142485
0.127295
-0.050191
0.008360
0.311620
-0.439351
-0.146875
-0.206016
-0.058617
-0.135058
-0.131015
0.032315
0.256801
-0.456454
-0.025812
0.407841
-0.295847
0.364448
-0.171554
-0.242925
0.612548
0.141101
0.205029
-0.469785
0.346101
-0.165853
-0.014027
-0.517739
0.164326
-0.118698
0.357880
0.117693
0.096597
-0.185984
0.067509
0.087822
-0.554593
-0.278226
-0.148573
0.122072
0.125592
0.088395
-0.089940
0.134628
-0.036753
-0.344792
-0.323067
-0.325080
-0.109402
0.198208
-0.824395
0.092182
-0.216343
0.141587
-0.221646
-0.445546
-0.318652
0.075259
0.086492
-0.071517
0.179362
0.244480
0.259227
0.126286
-0.026302
-0.159887
-0.212516
0.392467
-0.315365
-0.245791
0.610195
0.144634
-0.089218
-0.111814
-0.228042
-0.376981
-0.108055
0.082328
-0.210595
0.484712
0.295933
0.192741
0.054553
0.433009
0.282372
0.022497
0.200321
0.077280
-0.008909
0.204523
-0.188966
0.392973
0.151011
-0.374005
-0.158958
0.212428
-0.309956
-0.007530
0.633747
0.407598
-0.329155
0.021605
0.297465
-0.180180
0.036465
0.085985
0.159717
-0.237087
0.127978
-0.112379
0.267113
0.158118
-0.546703
0.462389
0.314535
-0.419180
-0.066428
-0.188785
0.229137
-0.054182
0.258935
0.330980
0.342495
-0.251211
-0.080375
-0.192022
-0.196124
-0.028168
0.043399
0.227714
-0.499826
-0.122047
-0.264244
0.254315
0.000058
0.139065
-0.250107
0.467022
-0.171357
-0.118326
0.000043
0.340724
-0.133868
0.199776
-0.018513
0.209970
0.028050
-0.177890
0.135802
0.238020
0.238658
-0.044725
0.019403
-0.102301
-0.640384
0.125603
0.029358
0.162966
0.248111
0.444387
-0.161168
-0.200366
0.060128
-0.010286
0.253222
0.212219
0.156590
-0.135559
0.245679
-0.233424
0.186943
-0.125043
-0.048759
0.403057
0.285800
-0.276860
0.435656
-0.058401
0.192020
-0.061179
-0.252746
0.182651
-0.201441
0.213748
0.110045
0.081611
-0.252992
-0.105647
0.129913
-0.358955
-0.280762
-0.482969
-0.544490
-0.073796
0.378395
0.190272
-0.211370
0.081342
-0.059164
0.206875
-0.268860
-0.367676
-0.001056
-0.310751
0.404639
0.018762
0.407921
-0.105446
-0.240139
-0.098711
-0.378551
0.369834
0.125256
-0.068762
-0.145754
-0.453560
-0.107524
-0.219970
-0.028619
-0.267875
0.019193
-0.024019
-0.174296
0.144000
0.206891
0.000957
0.022075
0.267624
0.086507
-0.287191
0.349491
0.013399
-0.208822
0.274219
0.007723
-0.005767
-0.044680
0.185291
0.220701
-0.200136
-0.076787
-0.115761
0.157263
0.239159
-0.038048
-0.184526
0.037651
-0.061811
-0.069894
0.057482
0.059279
0.030135
0.111643
0.256409
-0.014809
0.267253
0.439434
-0.337988
-0.445240
-0.079831
0.118007
-0.106474
0.152185
-0.446083
0.490997
-0.062272
0.217618
-0.231683
-0.158513
0.185370
0.127260
-0.140837
-0.147798
-0.082561
-0.292580
0.206934
0.153097
0.000889
0.245099
0.276254
-0.020407
-0.096264
0.187677
-0.582046
-0.311730
-0.387115
-0.191759
0.474001
-0.112455
-0.097396
0.179584
0.060578
0.131816
0.145230
-0.162741
-0.097720
-0.191727
0.079751
-0.154850
0.201367
0.113270
0.017961
0.053208
-0.294117
0.196360
0.022610
0.302154
-0.232943
-0.219053
-0.182239
0.321929
-0.004106
-0.184068
0.343649
-0.221008
-0.266314
-0.037527
-0.376925
-0.196371
0.294820
-0.255072
0.255536
-0.155843
-0.063603
0.027140
-0.373500
-0.019051
0.017164
0.192631
-0.030551
0.149149
0.238592
0.237332
-0.140500
-0.210740
-0.635444
-0.072192
-0.358666
-0.012933
0.031612
0.182123
-0.193392
-0.010433
-0.194297
0.204633
-0.138975
0.139638
-0.008576
-0.422957
-0.069354
0.197909
0.245240
-0.103012
-0.285931
0.302042
0.172436
0.071943
-0.212196
-0.230251
0.133437
0.147958
-0.077107
0.186549
0.256824
0.091966
0.039356
-0.427057
0.015136
0.209741
0.165176
0.328013
-0.060936
-0.385027
-0.072767
0.122142
0.384718
-0.318575
0.400249
0.154248
0.263210
-0.305212
0.199167
0.668794
-0.378261
-0.050310
0.104289
-0.080181
-0.077716
-0.146472
-0.620358
0.146126
-0.271801
-0.150362
0.192660
0.101994
0.132263
0.008328
-0.023336
-0.102154
0.304933
0.036668
-0.367498
-0.108151
0.071069
0.071304
0.175362
0.073901
-0.011948
0.333001
0.107401
-0.044658
-0.010702
-0.019590
0.243416
0.040933
0.063118
-0.074312
0.129282
0.424738
0.118251
0.307570
-0.006075
-0.140340
0.135480
0.137459
0.012316
-0.047630
-0.315719
0.200738
-0.157111
0.091249
-0.302859
-0.094531
-0.046037
0.023597
-0.032920
-0.171142
0.141112
-0.168687
-0.496430
-0.193411
-0.024191
-0.132454
-0.012467
-0.125443
0.286351
-0.384048
-0.192321
-0.235645
-0.036492
-0.215765
0.237354
0.078678
-0.133909
-0.521874
-0.027312
0.177403
0.131180
0.328846
-0.073850
0.518846
0.250124
0.273674
-0.275947
0.164761
-0.022288
0.078488
0.541841
0.332708
0.044597
0.162466
0.630419
0.272027
-0.249760
0.551147
-0.082450
0.209500
0.266819
-0.196138
-0.329303
0.010333
0.161317
-0.220858
-0.141501
-0.199785
0.181591
-0.149649
-0.163912
0.211701
-0.327953
-0.200505
-0.365986
-0.062526
0.446804
-0.133106
-0.208729
0.137749
-0.241068
0.094553
-0.004956
0.061490
0.032733
-0.033190
0.220382
0.009143
0.045509
0.030716
-0.260732
0.113948
0.413242
0.096602
-0.142656
0.104353
-0.280655
-0.303664
0.117835
-0.325555
0.142572
-0.157660
0.432931
0.067510
-0.017961
-0.024188
0.131961
-0.369668
0.000186
0.237291
0.245853
-0.028267
-0.183328
-0.106874
-0.195222
-0.394239
0.306588
-0.077757
0.092860
0.134903
0.136727
-0.519660
-0.368942
-0.068620
0.225147
-0.177542
-0.273088
-0.222922
0.078725
0.033539
0.201641
-0.144074
-0.073217
-0.069414
-0.169300
-0.053756
-0.050004
-0.379107
0.568381
0.136572
0.168115
0.167840
0.024797
-0.407458
0.398629
0.042397
-0.119348
0.196542
0.164674
0.280818
0.404982
0.148861
0.341722
0.047470
-0.045589
-0.109256
-0.206891
-0.106083
0.290830
-0.072289
0.081325
-0.346167
-0.189800
0.061062
0.069937
0.197243
-0.523653
0.212985
-0.359496
-0.074102
0.029834
0.245195
0.825844
-0.138131
0.307453
0.130770
0.146343
0.217770
-0.149271
-0.102347
-0.330191
0.207141
0.090811
-0.365184
-0.363996
0.164684
0.295113
0.210194
-0.065627
0.137151
-0.254320
-0.019735
-0.092996
-0.031718
-0.299233
-0.008611
0.265254
0.036053
-0.374988
0.271356
0.250472
-0.049421
-0.662844
0.064481
0.199259
-0.074668
-0.333348
0.095920
0.041933
-0.296761
0.297590
-0.193718
-0.151863
-0.415688
0.016389
0.422648
0.032365
-0.176411
-0.096587
-0.020400
-0.183894
-0.053062
-0.257162
0.367254
0.153502
-0.136450
-0.644754
0.111114
-0.037570
0.056408
0.246289
-0.058929
-0.408729
-0.232625
0.057916
0.182762
-0.119121
0.287162
0.033937
-0.125485
0.114148
-0.071730
-0.421589
-0.226119
-0.203722
-0.042013
0.020699
-0.081048
0.040376
0.144452
0.201784
0.224191
0.111694
0.219472
0.304768
0.384796
0.464611
0.097122
0.383066
-0.156240
-0.203559
0.407622
-0.165241
-0.402001
-0.016672
-0.261642
0.203906
0.072108
0.111767
-0.144669
0.057361
0.312208
0.479228
-0.357150
-0.107382
-0.045566
0.542774
0.509405
0.330262
0.073607
-0.068843
-0.036082
-0.248235
-0.041560
0.305684
-0.024222
-0.175581
0.644523
0.040765
0.255397
-0.284394
-0.191783
0.242324
0.129501
-0.047401
-0.003569
-0.309379
0.184105
0.223080
-0.209487
0.154226
0.118593
-0.384516
0.365388
-0.208519
-0.013262
0.308404
-0.166087
-0.120191
-0.286682
-0.044778
0.009183
0.623962
-0.250867
-0.236394
-0.175836
0.515453
0.006500
-0.019048
0.073450
-0.233886
-0.470733
0.762954
-0.073317
0.238487
0.123288
0.121725
0.075964
-0.124559
-0.442914
-0.079234
0.080994
0.278425
0.139047
-0.148311
0.245804
-0.215947
0.402292
-0.092173
-0.187556
-0.187491
0.128763
-0.367162
0.289393
0.276766
0.245833
-0.173418
0.475124
0.086120
-0.232305
0.094183
0.538283
-0.222728
-0.553507
0.013174
-0.215259
0.463616
0.136208
-0.347875
0.033574
0.105686
0.242573
0.138486
0.097153
0.018132
0.238571
-0.009332
-0.126866
0.189092
-0.049262
-0.138879
0.112820
-0.002749
0.361098
0.046935
0.133678
0.244314
0.246932
0.129435
-0.353983
0.175764
0.374523
0.075688
0.032517
0.094426
0.283991
-0.026613
0.261830
-0.111462
0.203714
0.059196
0.062513
0.001628
-0.180337
0.172287
0.184485
0.150105
0.161305
0.292238
-0.350538
0.112591
0.147105
-0.263082
0.097475
-0.027137
0.159439
0.015704
0.004366
-0.041072
-0.425735
0.029169
0.263419
0.167952
-0.213807
-0.069532
0.193279
-0.271170
0.229140
0.060133
0.004747
-0.092225
-0.448275
-0.216225
-0.176939
0.111718
-0.269110
-0.161349
0.513067
-0.439012
-0.015155
-0.032923
0.397490
0.107892
0.330530
-0.438595
0.076555
0.197655
-0.009010
0.689864
0.169746
0.175020
0.211745
0.281298
0.466026
0.084966
-0.003075
0.262133
-0.152082
0.340265
0.145827
0.328609
-0.062740
-0.009619
-0.009252
-0.074485
-0.317744
0.207499
-0.095722
-0.089178
-0.129582
-0.052340
-0.002013
0.081853
-0.243046
-0.189556
0.238591
0.044619
0.023334
0.012022
-0.248967
-0.014337
-0.012834
-0.149854
-0.341738
-0.047756
0.472696
-0.033329
0.158990
0.114859
-0.203899
0.060509
0.146409
-0.222811
-0.062743
-0.179292
-0.264747
0.120745
-0.080030
0.218747
0.328537
-0.109728
0.561633
-0.142733
0.109475
0.302815
-0.003172
0.387233
-0.149677
0.389862
0.193802
-0.255140
0.100246
0.056813
0.085172
0.031562
-0.159445
0.109719
-0.378101
0.129109
-0.200345
0.179334
-0.515855
0.050483
-0.017932
0.406019
0.121111
0.145885
-0.029200
0.116887
0.467512
0.164066
-0.079481
-0.118657
-0.136828
0.143329
-0.043740
0.661516
0.542990
0.359582
-0.177648
-0.026316
-0.067794
-0.035323
0.065948
0.077672
-0.084063
-0.417315
0.017949
-0.592691
0.043296
-0.005884
0.160121
0.009287
0.282470
-0.113030
0.044751
0.048526
0.438641
0.135870
-0.184964
-0.453844
0.105893
-0.253867
0.186499
-0.294490
0.740406
0.356998
-0.215604
-0.004417
-0.134992
-0.190678
-0.060813
-0.492281
0.175268
-0.055072
0.494217
-0.199082
-0.077729
0.185536
0.230039
-0.135834
-0.237033
-0.428306
0.071683
-0.205656
0.197819
-0.255234
-0.390310
0.066212
-0.092037
0.459927
0.354656
0.039840
-0.330832
-0.112459
-0.031263
-0.210892
0.004353
0.152421
0.157362
-0.257609
0.026231
0.035582
-0.124775
0.064366
0.119303
-0.606090
0.123579
0.484318
-0.068338
0.110929
0.034085
-0.240344
0.088532
-0.105186
-0.517540
0.262914
0.032406
0.115000
-0.382461
0.290268
-0.139814
0.048390
-0.024542
-0.175228
-0.141081
-0.083240
-0.335364
0.120207
0.410435
-0.337464
-0.063939
-0.184249
-0.349739
-0.097489
-0.071410
-0.275574
0.372914
-0.252234
-0.022635
0.093322
-0.219995
-0.119452
-0.703701
0.239802
-0.461550
-0.216929
0.240976
0.158198
0.183566
-0.080834
-0.118174
-0.459503
0.143207
0.545047
-0.017920
-0.077324
-0.006370
-0.391372
-0.194916
-0.009548
-0.257196
0.146552
-0.174694
-0.278713
0.106551
-0.112991
-0.001122
-0.069092
0.280516
-0.091763
0.535218
-0.094522
0.089390
-0.424644
0.114950
-0.324934
-0.163232
-0.025884
0.148986
-0.126896
-0.174878
0.233293
0.277933
-0.470123
-0.006618
0.272461
0.050894
-0.205571
-0.428115
-0.093432
0.212744
0.241089
0.014314
0.426776
0.190678
0.098693
0.348736
-0.096863
0.581700
-0.018840
0.072891
0.178925
-0.037313
0.057627
-0.056808
0.090420
-0.069906
-0.021558
-0.047842
-0.061126
0.117906
-0.378748
-0.056163
0.228224
-0.234345
-0.033428
0.132729
0.191754
0.022734
-0.019825
0.252319
0.384327
-0.156367
0.182604
0.223563
0.243081
-0.116978
0.239567
-0.351768
-0.178030
-0.161594
-0.090820
0.155480
-0.096300
-0.171150
0.067571
0.138539
-0.200515
0.202246
-0.081869
0.057329
-0.386124
-0.144119
-0.129810
-0.025366
0.084109
-0.178061
-0.058815
-0.626745
-0.211511
-0.155681
-0.355425
-0.177698
-0.152422
0.163097
-0.470697
0.071725
-0.195996
0.060086
-0.182476
0.425352
-0.369565
0.139032
0.130284
-0.222553
0.394350
-0.526360
-0.039221
-0.275800
0.218953
-0.149759
0.274723
-0.053541
-0.109365
0.145856
-0.404116
0.136292
0.484825
0.067766
-0.278881
0.044258
0.311297
-0.044111
0.170302
0.097352
-0.214682
0.208856
0.072171
-0.035011
0.006218
-0.143185
-0.110953
0.274492
0.446997
-0.274525
0.149647
-0.154832
0.061100
0.168552
-0.294068
-0.226748
0.223500
-0.160866
-0.389429
0.304628
-0.146833
0.374378
0.298813
-0.099298
-0.040029
-0.079883
0.495278
-0.087061
0.165828
-0.184413
0.038397
-0.146639
0.348784
-0.042064
0.294417
0.319815
0.215433
0.371473
-0.254031
-0.472415
-0.071117
-0.544925
0.057132
-0.181191
-0.179988
0.039080
0.068787
-0.062510
-0.275754
0.393385
0.173464
-0.209709
0.319225
-0.200421
0.006472
-0.337744
-0.310073
-0.144871
0.236077
-0.239749
-0.212268
-0.346531
0.026640
-0.110233
0.493312
0.235975
-0.293816
0.054179
-0.344855
0.494376
-0.356137
0.002892
0.027087
-0.003315
-0.030291
-0.438868
-0.253483
0.284379
-0.463457
0.240775
-0.274216
-0.116887
-0.062900
0.207784
-0.023797
0.516383
-0.569063
-0.220800
0.008517
0.073604
0.056844
-0.186500
-0.089012
0.323804
-0.286661
0.167747
0.028413
0.068961
-0.205374
0.060437
0.031466
-0.205757
-0.134170
-0.117838
-0.065992
0.207984
0.236732
0.228328
-0.118347
-0.067488
-0.048388
0.338575
0.155075
-0.277655
0.071681
-0.106697
-0.448689
-0.259931
-0.116894
0.148842
0.466638
-0.241019
-0.123932
-0.189863
-0.312664
-0.083667
-0.168054
-0.151214
-0.056813
-0.085911
-0.227260
0.190002
0.381755
-0.141157
-0.216157
-0.162457
-0.086764
-0.383413
0.131132
0.242643
-0.107428
-0.546673
0.187417
0.239843
-0.142575
-0.142420
0.296805
-0.236215
-0.111943
0.013104
-0.356072
-0.083964
-0.356526
-0.447675
0.036216
0.369393
0.056239
0.436279
0.276916
0.133716
0.308265
-0.350395
-0.031268
0.217038
0.237836
0.038504
-0.027097
0.201486
0.027892
0.029648
0.154708
0.167534
-0.417399
0.150457
-0.114550
-0.064052
0.168678
0.392860
0.052059
-0.081389
-0.220108
0.093499
0.223780
-0.228873
0.024735
-0.088440
0.232833
-0.086524
-0.129641
-0.135991
-0.053552
0.099850
0.062305
0.147935
-0.314136
-0.416544
0.321884
-0.100447
-0.220108
0.003264
0.245471
0.370656
0.512852
0.038664
0.180274
-0.068042
-0.054809
0.012821
0.044076
-0.306714
0.007895
0.348827
-0.098520
0.326208
0.710628
0.162971
-0.368681
0.086057
0.304165
-0.033159
0.038447
0.083862
0.009047
-0.057648
-0.337336
-0.475337
-0.031716
-0.021608
0.248700
-0.241292
0.074912
0.179182
-0.375139
-0.033443
-0.102355
-0.219360
0.268671
0.161176
-0.004910
0.210125
0.067852
-0.028036
0.170139
0.100763
-0.232800
-0.312200
0.363519
0.539806
-0.126197
-0.312700
0.417007
0.287695
0.212006
-0.125541
-0.247027
-0.056698
-0.072265
-0.256681
0.097861
0.260227
-0.091715
-0.089836
0.188729
-0.033770
-0.167795
-0.114601
0.521968
0.351317
-0.242483
-0.020028
-0.101847
-0.208580
0.025470
-0.093182
0.196703
-0.038341
-0.239438
0.279312
0.051747
0.057451
0.384064
-0.198748
0.211268
-0.071087
0.056916
0.157470
-0.003281
-0.310717
-0.027406
-0.116182
-0.271482
0.021504
0.179067
0.396602
-0.168164
0.166471
0.181420
-0.313195
0.001438
-0.454831
0.091620
0.306234
0.069627
0.599510
0.272194
0.084060
-0.041758
0.077663
0.038772
-0.339809
0.257334
-0.291565
-0.027872
-0.154003
-0.599735
0.384617
0.078320
-0.014580
-0.107288
0.259837
0.009787
0.028079
0.012861
-0.348135
-0.003021
0.090152
0.215096
-0.081771
-0.058118
0.249046
0.348585
-0.260117
0.532594
0.540103
0.276129
0.061376
0.286388
-0.161786
0.440426
-0.196732
0.128204
-0.263411
0.044749
-0.207075
-0.295838
-0.229787
0.177918
-0.184550
-0.134330
0.396769
-0.241921
0.110411
0.264429
-0.030472
-0.005115
-0.122025
-0.251802
-0.077874
-0.052093
0.020819
-0.135683
-0.373640
-0.022523
-0.069494
0.238137
0.157517
-0.092318
0.156124
-0.060893
0.275062
0.073703
-0.212368
0.251038
-0.319331
0.028405
0.164764
-0.553772
-0.465882
0.092540
0.077515
-0.011048
-0.496273
0.301479
-0.019620
-0.299135
0.276083
0.015505
0.205293
0.216676
0.273630
0.154988
0.034055
0.043753
-0.317910
-0.122039
-0.423166
0.417257
-0.214643
-0.132943
0.169763
0.419186
0.033701
0.157907
0.105818
0.075487
0.486057
0.133685
-0.410649
0.387124
0.096638
0.095041
0.015016
0.123940
0.232301
-0.201315
-0.315783
0.051238
0.083104
-0.150425
-0.091936
0.161462
0.093598
-0.089353
-0.138842
-0.500890
0.065005
-0.216841
-0.176776
-0.327898
0.238986
0.044427
0.266258
-0.212396
-0.077460
0.152477
0.106700
0.231406
-0.456002
-0.161773
0.098827
0.263546
-0.293271
-0.350329
-0.114923
-0.429514
-0.119823
0.142138
0.087949
0.287884
-0.048616
0.036716
0.065135
0.496638
-0.123342
0.145906
0.321100
-0.563781
-0.278223
-0.027835
-0.256226
0.268898
0.461960
-0.218376
0.470224
0.158944
-0.259625
-0.171120
-0.029032
-0.236202
-0.051919
0.315463
0.001800
0.004189
-0.148857
0.639367
0.341028
-0.183103
-0.082462
-0.198830
0.122168
0.263886
-0.317996
0.245509
-0.352701
0.416645
-0.115291
-0.293097
0.007493
-0.194373
-0.349258
-0.032815
-0.195132
-0.080165
-0.194861
-0.071544
-0.236492
-0.304780
-0.029744
0.083301
-0.666966
0.135691
-0.132544
-0.342785
0.025225
0.487251
0.272592
0.225084
0.034411
0.091842
0.026441
0.071633
0.120824
-0.331886
-0.226726
0.276997
0.040784
-0.114279
-0.255897
-0.062380
0.147454
-0.049092
-0.128614
0.045424
0.041338
0.237773
-0.024475
-0.116479
-0.689010
-0.424944
-0.010844
0.038568
-0.114796
0.254498
0.059878
0.151352
0.053792
-0.122923
0.209893
-0.055331
0.091300
0.113855
-0.161091
-0.306768
-0.092228
0.178756
0.308753
-0.125269
0.227221
-0.084429
0.121957
-0.054782
-0.552269
0.141285
-0.037152
0.048504
0.159615
0.198318
0.232446
0.444001
0.130495
-0.010006
0.612984
-0.037309
0.203508
-0.026171
0.147658
0.029410
0.304556
0.102714
0.255367
0.114677
0.457577
-0.041802
-0.157349
-0.139500
0.097957
0.221865
0.251031
-0.166934
0.122464
0.048566
-0.120701
0.444271
-0.207474
-0.222509
-0.011711
-0.215251
0.086353
0.142358
-0.504724
-0.541383
0.175254
-0.195877
-0.309622
-0.234475
0.097900
0.369750
0.032089
0.446483
0.033769
-0.177592
-0.171987
-0.159108
-0.125704
-0.031173
-0.018948
-0.336467
-0.212668
-0.331447
-0.432426
-0.113183
-0.023428
0.178188
0.013027
0.113875
-0.047695
-0.352959
0.209944
0.067246
0.135814
-0.437748
0.126497
0.363519
0.509659
0.215617
-0.047442
-0.213186
0.167460
-0.164695
-0.434786
-0.100291
-0.067335
0.026463
0.079501
-0.074719
-0.230084
0.077578
0.039422
-0.033851
-0.209471
0.033041
-0.340387
0.361344
0.030972
-0.066234
-0.454978
-0.398504
-0.000520
-0.091765
0.339219
0.037183
-0.124001
-0.123256
-0.244124
-0.064742
-0.079925
0.126616
-0.260128
0.252720
-0.110069
-0.281635
-0.387036
-0.032454
0.110055
-0.282589
0.293271
0.114131
-0.326049
-0.006304
0.128677
0.352057
-0.174326
-0.118096
0.171851
-0.193768
0.037006
-0.229835
0.348077
0.205090
-0.063268
-0.014491
0.222772
-0.042854
0.166748
-0.021460
0.139117
-0.190278
0.094259
-0.011772
0.357413
0.040527
-0.568934
0.056432
0.246107
-0.634146
-0.158871
-0.017672
0.121988
-0.136455
-0.111137
-0.019703
-0.241249
-0.154523
-0.787913
0.034925
-0.111621
-0.417354
0.290019
0.008897
0.176956
-0.513408
0.275589
-0.121240
0.240653
-0.033109
-0.663495
-0.107793
-0.147724
0.213921
0.095272
0.222634
-0.091692
-0.115351
0.229915
-0.286681
-0.234354
0.106007
-0.181922
-0.368359
-0.148829
-0.193823
-0.035510
-0.233254
-0.213004
-0.077320
-0.071815
-0.225292
0.043967
0.401185
0.329919
0.116756
0.207854
-0.172206
0.397146
0.050362
-0.104800
0.061818
0.049122
0.313888
0.278578
-0.004970
-0.125735
-0.108675
0.045365
0.236059
-0.484769
0.277194
0.026623
0.260119
-0.443467
0.162737
-0.467605
-0.476763
0.010438
-0.049188
0.199274
0.145041
-0.105997
-0.115253
0.052395
0.298202
-0.129274
-0.255326
0.144302
-0.353268
0.451379
0.467341
0.029892
0.288385
-0.014343
0.199256
0.293574
0.156095
-0.111659
0.247444
0.016929
-0.505851
0.077976
0.302896
-0.123163
-0.050558
0.562800
0.444495
0.042209
0.258042
0.081364
0.112240
0.022847
0.168625
0.698585
0.238812
-0.207788
0.177385
0.018404
0.055812
0.230467
-0.086419
0.123365
0.114350
0.091867
-0.115195
0.385155
0.091084
-0.038250
0.125490
0.050221
-0.209763
-0.140868
0.314401
-0.171679
-0.035318
0.711770
-0.400001
-0.096312
0.083253
0.006686
-0.101750
0.011657
-0.421128
-0.082827
-0.088376
0.527864
-0.039831
0.294833
0.063805
0.151006
-0.045204
0.059634
0.148148
-0.020915
-0.397922
-0.272952
-0.185815
0.139251
-0.120112
0.216960
-0.501141
-0.259776
0.049084
-0.088772
-0.126687
0.108796
-0.184945
0.210387
-0.125256
0.359830
0.077276
0.222195
-0.018443
-0.079916
0.288814
-0.165071
0.123028
0.015919
0.263049
0.047839
0.314892
0.210983
0.335188
-0.126931
-0.079301
0.382197
0.024076
-0.187664
-0.194105
-0.335299
-0.322779
-0.252047
0.095113
0.000611
-0.253250
0.131995
-0.084984
0.325111
0.160411
0.435564
-0.012629
0.091819
-0.005142
0.002379
-0.355383
-0.060883
0.126192
0.024245
0.104652
0.021607
-0.090791
0.132196
0.297492
0.311653
0.022484
-0.214955
0.092683
0.135078
-0.030987
-0.017484
-0.069497
0.035508
0.020674
-0.328772
-0.135225
-0.035778
-0.064827
0.081110
0.149886
0.058381
-0.491290
0.125848
0.206407
0.308728
0.074021
-0.214162
-0.312584
-0.433004
-0.240057
-0.746784
-0.088994
-0.059960
0.350859
0.050094
0.251872
0.529718
-0.034551
0.249733
-0.171276
-0.295334
-0.251994
-0.177718
-0.021958
0.264324
-0.036008
-0.196850
-0.190613
0.351499
-0.264575
0.015396
-0.404655
-0.024079
0.007838
0.037168
0.044446
0.353720
-0.388349
0.378805
-0.080075
0.229155
-0.051792
-0.302523
0.243562
-0.234889
0.038784
0.129724
-0.207311
0.048569
-0.471636
-0.205175
0.176495
-0.062502
-0.133678
-0.071678
-0.143418
0.186021
0.017651
-0.026969
-0.251104
0.374317
-0.392417
-0.382626
0.002500
-0.188176
0.042741
0.323493
-0.179957
-0.100907
0.168349
0.521176
0.276856
-0.434375
-0.012618
0.274011
0.101300
0.527779
0.155390
-0.184619
0.241734
-0.071687
-0.059122
0.160607
-0.306233
-0.095604
0.152351
0.029919
-0.112990
-0.634894
-0.024917
0.316719
-0.045633
0.289975
-0.228125
0.287074
-0.106984
0.230970
0.222748
0.204934
-0.137517
0.335212
-0.291189
-0.084068
-0.214092
-0.061066
-0.120884
0.102409
0.023193
0.071648
-0.087953
0.405016
-0.134417
-0.367463
-0.022392
0.173561
0.590278
0.025405
0.192579
-0.069841
0.295632
-0.163908
0.005902
0.299475
-0.050393
-0.048748
0.109250
0.199917
0.140083
0.142756
0.192287
0.423602
-0.182913
-0.114481
0.223212
0.302206
-0.061344
-0.046986
0.459416
0.174743
0.103969
-0.216469
-0.286530
-0.064522
0.065135
0.278822
-0.068165
0.129388
-0.185283
0.014714
0.259317
0.528769
-0.138035
0.181561
-0.082614
0.297402
0.123095
0.091452
0.029551
0.052801
0.265863
-0.427472
0.165909
-0.009668
0.114907
0.123614
-0.130445
0.335013
0.228033
0.322069
0.154005
-0.177772
0.037668
0.012611
0.528567
0.211737
0.055085
0.322751
0.559961
0.606270
-0.176425
-0.051857
0.197882
-0.197879
-0.021240
-0.166841
0.193620
-0.023882
-0.112156
-0.032566
0.175013
-0.730257
0.269403
-0.476254
0.228293
-0.174995
-0.165991
-0.163325
0.044320
-0.138154
0.296262
0.118726
-0.285596
0.020968
0.204111
0.316280
-0.011809
0.140093
-0.179092
-0.155179
-0.358712
-0.031561
0.364524
-0.597589
0.035078
-0.125208
0.415055
0.166044
-0.013425
0.064865
-0.094974
0.120959
0.027778
0.284406
0.077211
-0.111920
0.159088
-0.364374
-0.164391
-0.289319
-0.137419
0.383433
-0.159754
0.034270
0.165813
-0.306933
0.021244
-0.057778
0.074260
0.240697
0.211939
-0.006749
-0.130018
-0.155831
-0.052112
0.238556
0.090596
0.354279
-0.013573
0.078514
0.077099
-0.187620
-0.333117
0.349569
-0.224705
0.191712
0.595181
-0.012409
0.278427
-0.334954
-0.130363
-0.046802
-0.200459
0.442003
-0.237487
0.256777
0.235602
-0.023304
0.176877
0.271204
0.265135
-0.469612
-0.074354
0.040835
0.306457
-0.347851
0.110821
0.169007
-0.149400
-0.298604
-0.307424
-0.042470
-0.072800
0.206598
0.174437
-0.146597
0.243803
0.410024
0.263315
0.308514
0.101774
-0.152958
0.353001
-0.037117
0.143916
0.104258
0.319821
-0.007523
-0.200291
-0.011666
-0.017229
-0.091240
-0.131668
0.059533
-0.057385
-0.206946
0.025070
0.187894
-0.059834
-0.040130
-0.197073
-0.191074
0.525838
0.326642
0.196274
0.129255
0.120842
0.098611
-0.134100
0.522256
0.005826
0.011654
0.136554
-0.429317
0.212130
0.007172
-0.217591
0.104325
-0.424431
-0.445792
0.329946
0.077659
-0.279857
-0.232096
0.022487
0.237651
0.026211
-0.249193
-0.016919
0.513763
0.275509
0.270594
-0.224385
-0.151356
-0.030024
0.012185
-0.384394
0.355496
-0.085814
0.070526
-0.423564
0.192333
0.137827
-0.210309
0.190772
-0.220854
-0.232507
-0.034343
0.081269
-0.287618
0.189716
0.422919
0.098155
-0.001989
0.298402
0.197768
0.249874
0.135814
0.490291
0.261149
0.089476
-0.298911
-0.072989
-0.541425
0.114944
0.099551
-0.234913
-0.046299
-0.360791
-0.183903
0.191631
0.136656
-0.096215
0.067132
-0.426339
0.040602
-0.029483
0.166719
-0.161291
0.394477
-0.092638
0.036887
0.122719
0.075141
0.074544
0.174594
0.004727
-0.147473
-0.040737
-0.182396
-0.066420
-0.438941
0.076926
-0.152441
-0.126100
-0.398806
-0.021013
-0.259189
0.180408
0.477151
-0.130415
0.042839
0.064842
-0.181761
-0.128680
0.142789
0.123812
-0.150648
0.026719
-0.219574
0.218799
0.099594
-0.434662
0.067827
-0.257917
0.226376
-0.014863
0.165331
0.184764
0.071957
-0.097290
0.051552
0.141759
0.040728
-0.242861
0.026160
-0.181558
-0.087852
-0.155772
-0.143597
0.489867
-0.328617
0.389681
0.206730
-0.282467
-0.046910
0.400890
0.386728
0.035915
0.077758
-0.074670
-0.075762
-0.167489
0.162077
-0.452728
0.221204
0.507802
0.046285
-0.206871
-0.032821
-0.131512
0.249230
0.125131
0.126316
-0.065197
-0.443201
0.260394
-0.088879
-0.123080
0.263746
-0.016680
-0.076714
-0.015462
0.117132
0.077794
-0.037495
-0.344406
0.089064
-0.024960
-0.217518
-0.221811
0.080277
-0.092861
-0.051835
0.025496
0.223562
-0.036936
0.282525
-0.428591
0.356020
-0.136388
-0.155368
-0.002957
-0.045005
0.118283
-0.195892
-0.193792
-0.308969
-0.010069
0.328827
-0.011352
0.170615
-0.268086
0.181655
0.085037
-0.330790
-0.262291
-0.041032
0.030796
-0.012540
0.013250
-0.207711
-0.290717
-0.066187
0.010321
0.033738
-0.024474
-0.120406
-0.325522
-0.165465
0.140917
-0.166915
0.084963
0.465331
-0.111499
-0.148507
0.141091
0.381352
0.396324
0.252138
0.108227
0.332049
-0.018069
0.156419
0.351078
-0.094210
-0.390374
-0.107479
0.421244
0.011823
0.047685
-0.154673
-0.059552
0.329511
-0.045455
0.296920
0.077579
0.297393
0.040019
0.304474
-0.036139
-0.142465
-0.574897
0.352043
-0.056781
0.093908
0.093432
-0.198373
0.090763
0.100720
-0.298826
-0.302882
0.346039
-0.177502
-0.013308
-0.506772
0.258755
0.214412
0.073271
0.224257
-0.064983
-0.331442
-0.010907
0.056729
-0.161092
0.168964
0.109330
-0.013450
0.291121
-0.239743
-0.042914
0.095441
0.086255
0.045350
0.061223
0.040352
0.225379
-0.046294
0.176878
0.389065
-0.522408
-0.184111
-0.158417
0.140093
0.462482
0.139743
-0.704046
-0.061268
0.420388
0.178957
0.428027
0.043510
-0.125114
-0.313990
0.193201
-0.309618
0.182154
0.034597
-0.091466
-0.250534
0.013523
0.410800
0.233992
0.062104
-0.260727
-0.042044
0.038831
-0.233523
0.233914
0.031189
0.015224
0.393897
-0.325181
-0.553957
0.302055
-0.041609
0.335247
0.127557
0.074190
0.505215
0.186752
0.291820
0.380624
0.125468
-0.097412
-0.131832
0.040679
-0.055042
0.022383
0.140827
0.314621
-0.210269
-0.576450
0.017557
-0.250174
0.009518
0.020323
0.150355
-0.101633
0.133125
0.164087
-0.157777
0.845185
0.036757
0.093522
0.115312
0.246507
0.103191
-0.065974
-0.159277
0.602576
-0.224090
-0.219391
0.263401
0.108458
0.235115
-0.064447
0.010247
0.221292
-0.262675
-0.316468
-0.365202
0.062943
-0.035485
0.365002
0.254653
0.345672
-0.079139
-0.463911
-0.161314
0.187734
0.274526
-0.147363
0.519928
-0.013400
-0.077847
0.190077
-0.579663
0.210840
0.643605
-0.064549
-0.232417
0.427350
-0.018972
0.127502
0.135335
-0.082197
0.098546
-0.079638
0.228336
-0.161531
-0.116276
0.026263
0.053330
0.374308
-0.154265
-0.304261
0.113136
-0.013706
-0.118363
0.304217
0.057426
-0.612944
0.254878
0.012729
0.275568
-0.155700
-0.354318
0.329749
-0.185789
0.220288
-0.339287
-0.398373
-0.173485
-0.032260
-0.233882
-0.126508
0.075291
-0.063262
-0.368861
0.179485
-0.022100
0.223724
0.010245
0.639304
0.012733
0.271781
0.045714
0.242021
0.027212
0.406181
-0.125725
-0.188894
0.120366
-0.082358
-0.145295
-0.120103
-0.092971
0.099388
-0.148441
0.087650
-0.209649
0.207336
-0.005929
-0.244694
-0.059864
-0.013845
0.473465
-0.359316
-0.052443
0.443420
-0.099227
0.193577
-0.014756
0.134424
0.299020
-0.179185
-0.447346
-0.412200
-0.281925
0.184531
0.059528
0.062139
0.263942
-0.208982
0.165128
-0.314490
-0.246381
-0.047682
0.145798
0.153285
-0.390805
0.122504
-0.177052
0.111006
0.245517
-0.474755
-0.146213
-0.051268
0.043670
-0.148718
0.003857
-0.111742
-0.103367
0.106567
0.064248
-0.082611
-0.033631
0.277523
0.125992
-0.027639
0.241937
-0.330432
-0.058031
0.169710
-0.175646
-0.382091
0.033065
-0.058660
-0.237451
0.062040
0.242360
-0.171488
0.045056
-0.553068
0.098857
-0.444215
0.292613
0.436135
0.167169
0.059650
-0.033335
-0.349646
0.110880
0.029297
0.142718
0.124262
0.184507
-0.038117
-0.338705
-0.069814
0.171115
0.259207
-0.478540
-0.512230
-0.011070
0.562992
-0.136678
0.228304
-0.031173
0.023072
0.149386
-0.337824
0.205944
-0.187392
-0.026345
0.287816
0.206752
0.338048
-0.000890
0.045271
-0.037563
0.230621
0.222432
-0.275276
0.149931
-0.212910
0.216871
0.160739
0.178500
0.079810
0.346685
0.287189
0.263491
0.191276
0.220578
-0.326108
-0.253969
0.136962
0.091411
0.169659
-0.324116
-0.438799
0.112591
0.122246
0.193658
-0.129316
0.688398
-0.216178
-0.591500
0.417721
0.265901
0.430354
0.009972
-0.099773
-0.037499
-0.164016
0.017673
0.631740
0.081738
0.116766
-0.267723
0.129987
0.025312
-0.121261
-0.144942
-0.121832
-0.056009
0.081507
-0.005781
-0.274423
0.388997
0.262610
0.111078
0.027459
-0.276482
-0.000095
0.149750
0.131828
-0.017311
0.487744
0.140327
-0.015527
0.467621
0.086756
-0.162927
0.002978
0.140311
-0.023106
0.439895
0.211766
-0.158304
-0.213342
-0.436868
-0.192300
-0.254006
-0.344095
-0.058991
0.296947
0.193540
0.090620
0.378747
0.001037
-0.005412
-0.363693
0.092319
0.247783
-0.113342
-0.332863
-0.162561
0.457111
-0.181706
0.110222
0.016695
0.253729
-0.229387
0.045318
-0.062690
-0.133854
0.156796
0.068286
0.123436
0.036692
-0.041069
0.011829
0.101905
0.346038
0.075327
0.016385
-0.007255
0.183116
-0.054859
-0.143390
0.054731
0.221733
-0.405885
-0.111611
0.431489
-0.311832
-0.097434
-0.261643
0.179964
0.280830
-0.004610
0.241774
-0.265852
-0.170508
0.079069
0.042009
0.532678
-0.071377
0.239337
0.313982
-0.333550
0.043507
-0.097277
-0.182574
-0.423627
-0.236227
0.213064
0.234633
-0.166982
0.264325
0.187040
0.320154
-0.239653
-0.472631
-0.175503
0.060222
-0.653649
-0.327099
0.166693
0.523013
-0.166037
0.093733
-0.091627
0.038448
-0.115528
-0.241203
0.210815
-0.212137
0.144531
0.168535
-0.360157
-0.036759
-0.153823
0.274406
-0.244917
0.434365
0.066670
0.388621
-0.122589
0.125726
-0.142163
-0.323849
-0.290205
-0.034288
0.045120
0.316470
0.461709
-0.138361
0.176283
0.094834
-0.028708
-0.669460
0.327244
0.322757
-0.076370
0.009404
0.188015
-0.035260
0.175874
0.094848
0.007781
0.495050
-0.093663
-0.079916
-0.054642
0.198541
0.049824
-0.057375
0.093487
-0.086364
0.107251
0.840522
-0.204956
0.278287
0.235927
-0.322258
0.031944
0.060294
-0.457694
-0.186888
0.222378
0.269556
0.002938
-0.078480
-0.333475
0.250858
-0.233244
-0.044397
-0.237808
-0.175548
-0.083743
-0.461849
0.037513
0.065830
-0.076312
0.105595
0.010032
-0.286867
0.169331
-0.170398
0.061959
-0.013239
-0.052448
0.217571
0.468556
0.150105
0.253354
0.188226
-0.165795
-0.061824
0.378686
-0.402272
0.097279
0.399140
0.304747
-0.409104
-0.049487
-0.019173
0.225639
0.044454
0.011971
0.293373
-0.231296
-0.030248
-0.107140
-0.163998
0.095023
0.259911
0.183538
0.066200
-0.273540
-0.329184
0.240969
-0.085929
0.193439
0.323827
0.158990
0.349704
0.045226
-0.076080
-0.166471
-0.266590
-0.223222
-0.037794
0.422555
-0.054706
-0.111025
0.209261
0.290247
0.100591
-0.285945
-0.183340
-0.320440
0.193537
0.296358
0.275638
-0.068437
-0.279150
-0.312540
0.309553
0.075334
0.285374
0.069624
-0.014437
0.239260
-0.252652
-0.328195
0.197925
-0.225500
-0.725554
0.108977
-0.302003
0.592479
-0.133775
0.133138
0.072514
0.029729
-0.444554
-0.392016
-0.211259
0.134745
0.036607
0.479568
0.121737
0.025277
-0.004794
0.167533
-0.013205
-0.010560
-0.225565
0.011319
0.490306
0.086514
0.207699
0.242137
0.281150
0.228475
-0.215979
-0.339322
0.061564
0.294049
0.027244
-0.229615
-0.409659
0.419300
-0.074642
0.215645
0.355367
0.071100
-0.043519
0.063904
-0.055896
-0.003706
-0.351186
0.374937
0.612270
-0.019673
0.636753
0.470580
-0.073984
0.447527
-0.197857
0.131007
-0.283341
-0.188141
-0.382811
0.206503
-0.427971
0.055621
0.424185
0.442510
0.352649
-0.275915
0.131306
-0.353044
-0.089038
0.084388
-0.046564
-0.242967
0.166146
0.020048
0.075302
0.530470
-0.055454
0.334999
0.075338
0.180096
0.200000
0.041313
0.155580
0.070191
0.064471
0.250047
0.029161
0.007992
-0.312536
-0.147622
0.055053
-0.167035
0.049790
0.401412
-0.271495
0.251215
-0.003182
-0.024792
0.153277
0.142758
-0.234612
0.329154
-0.190312
-0.221652
-0.364769
0.024413
-0.202270
-0.145476
0.005863
-0.470176
0.458501
0.140040
-0.076130
-0.277258
-0.297898
-0.126814
0.112766
0.092021
-0.040678
-0.147892
-0.319848
-0.106231
-0.151523
0.044620
0.054898
-0.297212
-0.636285
0.154877
-0.063500
-0.033166
-0.162831
0.271087
0.011606
0.149077
0.111966
-0.280440
-0.110088
-0.074139
-0.227424
-0.242654
-0.030128
-0.361671
-0.029627
0.092118
-0.024591
0.198494
-0.112155
0.204575
0.060669
0.403267
0.145465
0.559279
-0.058965
0.196895
-0.465489
0.004358
-0.327931
0.021413
-0.072488
-0.046096
-0.090625
0.207214
0.090351
0.052781
-0.286516
-0.039718
-0.147438
-0.178770
0.273956
-0.100029
0.161361
-0.175821
-0.187019
0.110248
0.010649
-0.214381
-0.465498
0.012516
-0.027728
0.006046
-0.070304
0.232605
0.105238
-0.061297
-0.172266
0.087985
0.436818
0.283809
-0.100320
-0.150032
-0.304958
0.352329
0.019391
-0.015143
0.071815
-0.476142
-0.516114
0.089363
-0.016229
-0.120510
-0.140459
0.277318
0.095977
0.174817
0.068538
0.465223
0.298665
-0.562823
0.467600
-0.461202
0.292402
-0.319404
0.463034
-0.043293
0.187572
-0.032858
-0.167813
-0.011316
-0.088379
0.080599
0.165178
0.519789
0.165347
-0.169504
0.111892
-0.188425
0.405363
-0.395530
0.007273
0.153161
-0.173647
0.185656
-0.376381
0.261609
-0.264075
0.027975
-0.190640
-0.090725
0.026580
0.329445
-0.228524
-0.671442
-0.311366
0.307427
0.027731
-0.315061
0.093407
-0.067433
-0.043491
-0.153392
0.042132
-0.334478
-0.044234
0.198554
-0.150752
0.166959
0.530810
-0.331298
-0.273837
-0.003933
0.383177
-0.015575
0.058551
0.088818
-0.053300
-0.161562
-0.037155
0.088832
0.017523
0.165411
0.152690
0.140139
-0.197842
-0.633406
0.095843
-0.083934
-0.081290
-0.320896
-0.199040
-0.172959
0.071484
-0.061372
-0.118412
-0.092596
0.110253
-0.189124
-0.193029
-0.139145
0.045134
0.369219
-0.065922
0.053054
-0.487741
0.364199
0.320530
-0.484589
0.593924
-0.076958
0.051577
0.472255
-0.143487
-0.287803
0.250558
-0.204188
0.109218
-0.258203
-0.037995
-0.061914
-0.000342
0.127154
0.055387
-0.454893
0.144471
0.348568
0.176451
0.344699
0.220370
0.091783
-0.026439
-0.041661
-0.174753
-0.270064
-0.203998
0.328511
-0.007731
0.026718
0.044215
0.250701
-0.095806
-0.076642
-0.061645
-0.601224
-0.220041
0.083411
-0.360424
0.294141
0.005077
0.283643
0.240904
0.367205
-0.162018
-0.177875
-0.297797
0.042089
-0.115247
0.140116
0.285132
0.312060
0.036126
0.151796
-0.219751
-0.488200
0.017537
0.230480
0.377109
0.240948
0.246184
-0.028041
-0.426048
0.235686
0.169368
-0.285765
0.032128
-0.036503
-0.706102
0.042597
-0.332746
0.017683
0.130544
-0.298500
0.005449
-0.033727
0.032000
-0.561478
-0.077871
0.194891
-0.295960
-0.384412
-0.083602
0.092432
0.175965
0.195353
0.298417
0.105036
-0.118415
0.121175
-0.086693
0.007496
0.017226
0.052313
-0.191386
-0.154414
0.244858
0.023776
0.060589
0.422419
-0.144214
0.130635
0.030434
-0.274949
-0.038742
0.265906
-0.073403
0.314602
0.122963
0.200667
0.078079
-0.019651
0.070403
0.176471
-0.151942
0.043063
0.477089
0.144674
-0.122001
-0.047635
0.039173
0.345733
0.233889
-0.037428
0.038540
0.244052
0.014853
-0.070948
0.753044
0.181693
-0.222355
-0.181592
0.637998
0.241754
0.324186
0.111044
0.250716
-0.257415
-0.133677
0.002791
-0.233361
0.072597
0.232159
-0.406980
0.052553
-0.369080
-0.186453
-0.074171
0.335094
-0.270343
-0.110020
0.251100
-0.407267
0.089080
0.018381
-0.357012
-0.031242
0.531451
0.032711
-0.088344
0.175429
-0.033880
0.016301
0.046567
-0.054315
-0.059878
-0.151995
0.144433
0.536247
-0.382283
0.309534
0.549383
-0.176279
0.283296
-0.007664
-0.014980
0.461371
0.193336
-0.182393
-0.105780
-0.329337
-0.538713
-0.192855
-0.058617
-0.097272
-0.025537
0.019637
0.348965
-0.058410
-0.166792
-0.094710
0.352609
-0.002411
-0.033314
0.222570
0.250820
0.078874
-0.044858
0.007532
0.343427
0.084403
-0.149031
-0.365870
0.047589
0.360932
0.514354
-0.263795
-0.206031
0.085851
0.009820
-0.312344
-0.151533
-0.441670
-0.373437
0.145291
-0.238107
-0.265189
-0.130635
0.187021
0.230079
0.099593
-0.211877
-0.036960
0.226587
0.186519
0.017687
0.390588
0.193659
0.060697
0.118230
-0.337682
0.059780
-0.009675
-0.184986
-0.024511
-0.213973
-0.063998
0.142929
-0.116871
-0.167914
0.239898
0.002445
0.131767
0.186796
-0.118773
0.018150
-0.024545
0.008902
0.126025
0.036132
0.154274
-0.093662
-0.342896
0.290224
-0.343583
0.288401
0.367225
0.098270
0.321193
0.126255
0.143098
-0.683111
-0.203195
0.301784
0.385284
-0.388073
0.224866
0.208912
0.240129
-0.079333
0.449193
0.096173
-0.193052
-0.011993
0.271981
0.206513
-0.191575
-0.216863
-0.003620
-0.349366
-0.062760
0.444593
-0.021540
0.439621
-0.062007
-0.002326
0.048087
0.147674
-0.252115
-0.161547
-0.189836
-0.154545
-0.135586
0.361090
0.210175
0.125817
0.155713
0.285281
0.090607
0.339989
-0.198252
0.050179
0.017394
0.432795
0.036774
0.034864
-0.065601
-0.046590
-0.192303
-0.077518
0.087550
0.306607
0.194102
0.018401
0.096390
0.039801
0.008133
-0.095536
-0.000061
-0.050029
0.056218
0.123322
-0.045794
-0.244719
-0.051750
-0.016471
-0.223284
0.145871
-0.105840
-0.032738
0.227442
-0.285988
-0.136275
-0.397970
0.302197
0.416888
0.473617
-0.035752
-0.103930
0.622647
-0.312164
-0.270369
-0.144347
0.115605
-0.358618
-0.301147
0.250786
0.148178
0.216337
-0.034908
0.173694
-0.003932
0.137353
0.010366
-0.276102
0.432690
0.131292
-0.252889
-0.139279
-0.186723
0.197761
0.142627
-0.213901
0.167244
-0.061361
0.030033
0.223336
-0.087361
0.397269
-0.123208
-0.158222
-0.148198
-0.067529
0.033466
0.152050
-0.089254
0.155136
0.315022
-0.006434
-0.204577
0.040370
0.470095
0.065117
-0.044899
0.273995
0.166282
0.222834
-0.402794
-0.136146
-0.030672
-0.476009
-0.012944
-0.126948
0.114048
0.206956
-0.085472
-0.109749
0.083067
-0.272749
-0.002177
-0.131439
0.229709
0.012488
0.339285
0.143979
0.261681
-0.382524
0.305895
-0.199685
-0.231264
-0.096058
0.135072
-0.427268
0.309545
-0.048585
-0.204087
0.260386
0.121211
-0.013639
0.349203
0.133810
-0.028208
-0.059764
-0.230825
0.133213
0.366069
-0.231197
-0.080234
-0.167587
0.148719
0.289285
0.135710
-0.141576
0.099623
0.082968
0.162909
0.174807
0.090556
-0.026269
0.405906
0.538427
-0.252125
0.632242
-0.062647
-0.159893
-0.242805
-0.439971
0.598969
-0.388553
-0.033838
-0.052441
-0.060173
-0.089649
0.008471
-0.075123
-0.103401
-0.137946
0.106935
-0.063907
0.002871
0.162419
-0.072455
0.249262
-0.077489
-0.082648
0.369726
0.045174
0.177474
-0.221391
0.096486
-0.240823
0.233933
0.049352
-0.118930
-0.071129
-0.250918
-0.070247
0.319807
-0.011261
0.204188
-0.191627
-0.118785
0.207754
0.045347
0.037287
0.013970
-0.027978
0.223104
-0.408911
-0.020708
0.034788
-0.135397
-0.394199
-0.169427
-0.280437
-0.208861
-0.496768
0.260739
0.151451
0.045754
0.042671
-0.124302
-0.019155
-0.098246
0.082318
0.039929
0.405898
0.063679
0.156928
-0.246482
-0.396343
0.223884
-0.128331
-0.159894
0.047116
-0.323159
-0.005110
-0.108327
-0.305700
-0.099783
-0.027946
-0.021788
-0.243594
0.069500
0.336618
0.426375
0.384383
-0.003896
0.152258
0.210718
-0.115739
0.045591
-0.177360
-0.129743
0.022985
-0.152624
0.217293
-0.199664
0.000233
-0.101099
0.270385
-0.161615
0.076490
0.079411
0.284867
-0.026859
-0.093340
0.156189
0.182531
0.184808
-0.358235
0.021714
-0.270209
0.948906
0.134132
-0.316973
0.361835
-0.028532
-0.054602
0.308457
-0.261970
0.564840
0.414938
-0.440244
-0.079477
-0.209122
-0.064280
0.158632
0.027762
0.015780
0.138614
-0.497955
0.315387
0.177892
-0.013813
-0.106209
-0.111735
-0.090810
0.385336
0.184408
-0.419374
-0.250560
0.057536
0.128906
0.003683
0.381094
-0.338321
0.021022
0.270635
0.279204
0.241510
0.284403
-0.256754
0.057333
-0.120137
0.028771
-0.016102
0.104754
0.098117
0.182059
0.082789
0.068204
0.105804
0.249625
-0.063245
-0.109084
0.061971
0.118964
0.037950
0.050833
-0.248726
0.001951
-0.536276
-0.095313
0.001001
-0.321217
0.157837
-0.018885
0.220835
-0.338526
0.157966
-0.198531
0.091665
-0.157818
0.461428
-0.304234
-0.228448
0.250347
-0.256144
0.052080
-0.106718
-0.010406
0.045808
-0.252167
0.146134
0.145312
-0.011526
-0.039855
0.072981
-0.061368
-0.151657
-0.168685
0.279011
-0.518667
-0.135053
0.279705
-0.191199
-0.323001
-0.230508
0.074977
0.292041
-0.160356
-0.302847
-0.030014
0.201583
-0.097025
-0.160554
0.253599
0.562734
-0.040614
0.216142
-0.245063
-0.514494
0.319864
-0.115128
-0.085768
-0.093130
-0.393653
-0.383320
-0.516386
0.102463
0.262511
0.000826
0.239857
-0.162973
0.085993
-0.156974
0.207108
-0.281330
-0.192421
0.127380
-0.047255
0.308392
0.334078
0.120013
-0.182901
-0.262652
-0.021638
-0.098167
-0.162058
0.633593
-0.088037
-0.683965
0.344921
0.467662
-0.376976
-0.224651
0.234318
-0.328871
-0.312095
-0.067695
-0.165887
0.064194
-0.132691
-0.162820
0.083956
-0.120326
0.356487
-0.327455
0.174687
-0.055217
-0.215130
0.191590
-0.095483
-0.199853
0.014200
0.091152
0.140494
-0.010807
-0.053600
-0.130246
-0.186151
-0.146941
-0.128508
-0.109691
0.091640
0.017877
-0.301689
0.329705
-0.121787
0.305765
0.292869
-0.529758
0.288220
-0.081958
-0.091745
0.124858
0.093004
-0.052088
0.230847
0.159332
0.168291
0.020635
0.009879
0.049039
-0.019465
0.018814
0.262759
-0.519118
0.047116
-0.150111
-0.323896
-0.136513
0.313094
0.471565
-0.124089
-0.118409
0.085223
0.009580
-0.076634
-0.234239
0.169098
0.033092
-0.087773
-0.016672
-0.044727
0.411535
-0.366045
-0.221145
-0.106634
-0.285723
0.076224
-0.557002
0.397393
-0.301330
0.424958
-0.244259
0.140038
-0.311956
-0.079201
-0.063724
-0.061620
0.146190
0.040000
-0.072146
-0.010506
0.127109
-0.102182
-0.061706
-0.052303
-0.404383
0.239565
0.199847
0.025118
0.355197
0.469099
0.188261
-0.451670
0.423010
-0.179493
0.170662
-0.169922
-0.151826
-0.240052
0.218009
0.262255
0.150701
-0.519756
-0.058478
0.039641
0.139143
0.126614
-0.348737
0.142768
0.397708
-0.440019
0.680087
0.044417
0.463126
0.251234
-0.437069
-0.115126
0.363763
-0.116622
-0.259455
0.434735
-0.238162
0.145555
-0.318181
0.250946
-0.064165
0.336397
0.279719
-0.139614
0.065653
0.003346
-0.415607
0.041912
0.274661
0.331187
-0.195260
0.037388
-0.244125
-0.147747
-0.373907
0.203698
-0.327351
0.200144
0.164231
-0.171280
-0.078294
0.255789
0.334547
-0.351935
-0.170430
0.290275
-0.134076
0.319592
-0.538547
-0.121611
0.034324
0.031816
0.261223
0.159932
0.117660
0.059762
0.208546
-0.247266
0.193781
0.432507
-0.060726
-0.078057
-0.167046
0.100708
-0.062525
-0.023193
0.324022
0.360512
-0.219983
0.033000
-0.295555
-0.189214
-0.029290
0.282427
0.071846
0.154992
-0.040950
0.371081
-0.242515
0.228786
0.346834
0.016427
-0.055537
0.263043
-0.133699
-0.146150
-0.043479
0.476056
-0.317210
0.069359
0.252308
0.280613
-0.178939
-0.158775
-0.357892
-0.407336
-0.120308
0.323734
0.388927
0.066880
-0.142070
0.047875
0.137028
0.058166
-0.235213
-0.699858
0.261594
0.260709
-0.116980
0.122926
-0.259805
-0.097756
-0.292301
0.087125
0.009152
-0.458063
0.001683
-0.079012
0.409506
0.036426
-0.109893
-0.500357
-0.119980
0.051983
-0.038611
0.159027
0.414047
-0.328914
0.275985
-0.248971
-0.233739
0.151144
-0.020226
-0.188520
0.229529
0.007358
0.098877
-0.285586
-0.245079
-0.155535
-0.184267
0.189840
0.092769
0.095989
-0.029889
0.398281
-0.129686
0.240723
-0.293396
-0.156300
-0.085719
0.187811
-0.141102
-0.100078
0.097806
0.280116
-0.009806
-0.110690
0.064827
-0.031952
0.247484
0.345854
-0.302412
-0.076815
-0.071832
-0.166004
0.129627
-0.144165
-0.007357
-0.525015
-0.195661
0.051187
0.354980
-0.202159
0.220406
0.266465
0.021362
0.380304
-0.226262
0.080948
-0.154983
-0.144194
0.188373
-0.288150
0.298329
-0.131766
0.308159
-0.025386
0.315112
0.295845
0.031361
-0.484472
-0.037963
-0.124710
-0.246953
-0.039457
0.059455
0.183477
-0.116886
0.119145
0.297167
-0.184343
0.369372
0.239469
-0.224324
0.032331
0.089853
-0.140997
0.021081
0.120831
0.238581
-0.147149
-0.020928
0.057193
0.093246
0.261280
-0.046876
-0.014982
0.045280
0.052729
0.302304
-0.034731
0.081706
-0.234060
-0.107146
0.307575
0.118207
0.363846
-0.157181
0.133096
0.112446
0.008001
0.419699
-0.121892
0.019250
0.153377
0.547492
0.087826
0.281881
-0.163327
-0.146296
-0.029527
0.287267
0.056147
-0.129936
0.018090
0.030902
-0.069378
-0.434638
0.156096
-0.245538
0.047266
-0.076861
-0.124358
0.139748
-0.213687
-0.370357
0.273939
-0.012508
0.067940
0.301183
-0.153070
-0.324837
-0.245655
0.219253
-0.192029
0.269788
0.306888
0.312440
-0.556839
-0.001914
0.047043
0.468107
-0.034336
0.105083
-0.275953
0.084495
0.032607
-0.300476
-0.393323
0.358997
0.079255
-0.048012
-0.002203
0.129930
-0.053621
-0.135111
-0.133337
-0.355344
0.086118
0.181152
0.022298
-0.336745
-0.087955
0.003343
0.047645
-0.137828
0.012330
-0.394633
0.075389
0.444933
-0.244405
0.549545
0.077456
0.272685
-0.347348
0.017550
0.011406
-0.060251
-0.002741
0.297979
-0.182312
-0.072361
0.085974
-0.038968
0.055159
0.082886
-0.414420
0.046095
-0.021367
0.230439
-0.010314
0.393359
-0.011936
-0.395562
0.205669
0.121864
0.104678
0.052202
-0.087112
-0.191822
0.007146
0.162628
-0.064830
0.249490
-0.043977
-0.230082
0.061377
-0.006582
-0.317937
0.035644
0.261112
-0.008281
-0.226338
-0.432732
-0.205182
-0.117105
0.340969
0.092554
0.093929
-0.400730
0.352945
0.098264
-0.212011
-0.229039
-0.137026
0.215195
0.274689
-0.375101
-0.053517
0.160336
0.113744
-0.134052
0.026454
-0.445946
-0.013644
-0.184479
-0.136452
-0.032681
0.087939
0.184678
-0.044950
0.014111
-0.144032
-0.196957
-0.068145
0.078258
-0.320640
-0.125394
0.068481
0.029602
-0.267480
-0.191074
0.295869
0.181305
-0.202027
-0.009674
0.115652
0.135707
0.000787
-0.159731
-0.253026
-0.504901
0.161871
0.331865
0.249057
0.177787
0.277440
-0.249598
0.078767
0.195087
0.094532
-0.153646
-0.116560
-0.146377
0.623718
0.006223
-0.066060
-0.172791
0.186853
-0.035781
0.077296
-0.193425
-0.365825
0.314147
-0.140792
0.346796
-0.206087
-0.085882
0.149067
-0.365402
-0.340435
0.286314
-0.531753
0.064359
-0.227649
0.178794
0.417633
0.304615
-0.264706
0.373357
0.146258
0.183637
0.154539
0.042823
-0.058217
0.315276
0.070503
-0.328159
-0.198160
-0.169051
-0.251003
-0.205846
0.042034
0.385923
-0.165474
-0.368330
0.042142
0.169443
0.391009
-0.251670
-0.150449
0.154973
0.280456
-0.083443
0.085421
0.105365
0.250059
0.531011
0.101685
0.153396
0.514621
0.007262
-0.609869
-0.193339
-0.308563
-0.112194
-0.087326
0.108659
-0.120770
0.064791
-0.332348
0.131154
0.072701
-0.013049
0.131155
-0.020391
-0.236530
-0.163331
-0.307644
-0.040589
0.242268
0.463367
-0.272817
-0.373860
0.099101
0.390633
0.384299
0.137426
0.187987
0.208845
-0.151745
0.103563
0.388194
-0.118295
-0.048834
-0.363153
0.451665
-0.298999
0.011862
0.383047
-0.277986
-0.046825
-0.353709
-0.167571
0.008164
-0.257772
0.168907
0.079379
-0.084599
0.480083
0.200885
0.068645
-0.623623
-0.049174
0.059032
-0.236788
-0.103537
-0.095907
0.279885
-0.327067
-0.086828
-0.394589
-0.322325
-0.034531
-0.469647
0.226063
-0.138421
0.511156
0.047069
-0.208830
-0.165066
-0.355233
-0.317329
-0.054258
-0.418062
0.270387
-0.038027
0.053455
0.263438
0.581787
0.257768
0.203909
-0.321629
-0.164358
-0.076610
0.067090
0.069065
-0.163728
-0.176105
0.090440
0.115361
0.056410
-0.256900
-0.155334
0.140733
-0.192439
0.235154
-0.045247
0.095836
-0.041554
0.247861
-0.371201
-0.063923
0.357198
0.008272
0.056180
-0.131916
0.461950
0.192849
0.141691
0.066621
0.357144
-0.314357
0.248292
-0.325751
-0.232122
0.131270
0.015153
-0.200799
-0.136691
0.429089
-0.268165
0.105785
0.676947
0.284062
-0.149496
-0.345845
-0.314792
-0.295941
0.063765
0.107781
0.238288
0.150146
-0.315438
-0.251403
-0.286883
0.111348
-0.002924
-0.027756
0.002498
0.287568
-0.410243
0.201316
0.010198
0.096731
0.241126
0.098651
0.316750
-0.457425
-0.068142
-0.038239
-0.235203
0.020293
-0.248706
0.107044
0.123955
0.262060
-0.271981
0.316250
0.346258
0.298844
0.231014
-0.467925
-0.017001
0.174011
-0.425826
0.042101
0.055544
0.117622
0.013696
-0.090583
-0.104522
0.119132
0.078831
-0.129169
0.330548
-0.203272
-0.293067
0.325525
0.075977
-0.192947
0.349727
-0.068300
-0.074152
0.173851
0.141486
-0.151716
0.062132
-0.060959
-0.333412
0.048429
0.423018
0.204705
0.102924
0.335818
-0.220509
-0.047668
-0.325966
-0.086952
0.225537
-0.233222
0.215101
0.382037
0.095210
0.424777
-0.223309
-0.373536
-0.096062
-0.228146
0.158552
-0.423138
0.160515
-0.000781
0.306381
-0.054290
0.112429
0.041645
0.190746
-0.052617
0.211159
0.102292
0.271416
-0.175985
-0.170981
0.091039
0.019572
-0.213764
0.844769
0.391076
-0.149974
0.065479
-0.247340
0.023682
0.409595
0.042788
0.295124
-0.107144
-0.040504
0.544180
0.412426
-0.457508
-0.202152
0.658590
0.036306
-0.187060
0.425767
-0.007510
0.253770
-0.132676
-0.028730
0.259874
0.273215
0.039131
-0.168853
-0.193584
-0.452102
0.295912
0.064756
-0.193831
-0.047979
-0.367319
0.145934
-0.083935
0.187147
0.257185
-0.080293
0.073483
-0.349466
-0.121058
0.341444
0.133616
0.223247
0.035888
-0.071590
-0.347042
0.123054
0.681969
-0.479969
0.111279
-0.130853
0.113261
-0.190564
0.134694
0.187806
0.208963
-0.024788
-0.051064
0.255235
-0.380313
-0.106291
-0.179632
0.010756
-0.181653
-0.273944
0.002353
-0.272790
-0.160030
-0.096791
-0.023977
0.258142
0.003236
0.076609
-0.039998
0.171571
0.022864
-0.283543
0.208257
0.083915
-0.352298
0.385044
0.057650
0.248689
0.133885
0.358640
0.050735
-0.217955
0.106529
-0.216755
-0.413224
0.219772
0.142218
0.219825
0.060854
0.336625
0.009850
-0.058969
-0.486636
-0.266432
-0.148768
-0.099693
0.837664
0.133225
-0.202455
0.051522
0.090301
-0.346238
-0.291540
-0.185789
-0.591007
0.127954
-0.442069
0.323874
-0.374748
0.137810
-0.335267
-0.058321
-0.047816
0.221399
-0.056519
0.106160
0.050153
0.421259
0.095438
0.526193
0.092259
-0.556927
0.038386
0.393840
-0.144283
-0.242673
-0.218140
-0.058520
0.448105
-0.231879
-0.348926
-0.300545
0.033699
-0.010345
0.189103
0.079635
-0.207956
0.147705
0.152254
-0.033491
-0.100996
0.163795
-0.266288
-0.263871
-0.393709
0.525769
-0.036755
0.045515
0.177847
0.062170
0.118210
0.108381
0.046213
-0.279016
-0.314829
0.112596
-0.078636
0.265847
0.033207
0.118874
-0.314982
0.228835
-0.348939
0.035947
-0.048555
0.253047
-0.108298
-0.083727
0.015941
0.117936
0.253076
0.034691
0.350021
0.352804
0.004536
0.572173
-0.226995
-0.341631
0.028661
-0.037785
-0.120361
-0.060024
-0.040720
-0.156851
-0.150569
0.044147
-0.467194
0.093403
-0.010258
0.323255
0.095629
0.279850
-0.418799
0.213659
0.036219
-0.311293
-0.019745
0.303438
-0.070305
-0.191682
-0.104122
0.277080
-0.387778
0.130146
-0.085528
-0.044192
-0.323840
-0.474714
0.162989
0.266814
-0.176365
0.051068
0.367513
0.488157
-0.131313
-0.078035
0.365434
-0.013695
-0.106380
0.095376
-0.123381
-0.256006
0.409342
-0.420150
-0.001324
-0.215462
-0.016997
-0.085722
0.272862
0.076496
0.158302
0.076501
-0.488878
0.567722
0.064543
0.041178
-0.038551
0.112711
0.089803
-0.096265
-0.020789
0.067478
-0.190795
-0.051702
-0.104783
-0.052284
-0.440239
0.087728
0.142965
-0.159658
0.477170
-0.070678
-0.362989
0.049897
-0.072107
-0.129115
-0.121100
-0.048345
0.257281
-0.173981
-0.531426
0.070330
0.011397
0.360200
0.067328
0.211778
-0.045499
0.246174
-0.073187
0.298415
0.091919
-0.136690
-0.098756
-0.014250
-0.281374
-0.343796
0.001646
0.514915
0.079687
0.629623
-0.249543
0.236056
0.475718
-0.338813
0.233386
-0.273085
-0.013179
-0.121566
-0.400165
0.332750
-0.109466
0.108106
-0.004937
-0.017837
0.195102
-0.213709
0.115882
0.147286
-0.119400
0.158338
0.304946
0.165182
0.177982
0.066013
0.052718
-0.301472
-0.349288
-0.043803
0.121042
-0.332180
0.091865
-0.174442
0.093713
0.026513
-0.079098
-0.050264
0.564915
0.108877
0.064730
0.024930
-0.230593
-0.022963
0.399379
0.502526
0.313431
0.063365
0.093430
0.043421
-0.073947
-0.108606
-0.214846
0.276037
0.473673
0.300243
-0.056326
0.008058
0.073369
0.145459
0.427450
-0.664237
0.001827
-0.194686
0.167249
0.091155
-0.155582
0.088424
0.003515
0.014430
0.051756
0.308343
-0.321175
0.392935
-0.087339
-0.666337
0.154512
0.250282
0.006945
0.162408
-0.175860
0.048127
-0.336835
0.464461
0.064700
0.025026
-0.061318
-0.078850
0.072024
-0.015954
-0.274731
0.274318
-0.339542
0.093246
-0.023937
-0.376046
-0.394113
-0.331625
0.146821
-0.599325
0.036846
-0.327611
-0.055974
-0.084396
-0.142520
0.062251
0.570825
0.036400
-0.361068
0.060946
-0.297479
-0.057228
0.430004
-0.169111
0.259447
0.128539
0.160271
-0.130768
-0.025645
-0.135839
0.017945
0.391743
0.107916
0.001896
0.087569
-0.099688
0.187236
-0.271611
0.003367
0.146764
0.352447
0.025824
-0.274358
0.113726
-0.218628
0.071013
0.455668
0.011941
-0.034310
0.107561
0.047201
0.385988
0.276361
-0.066510
0.219244
-0.311794
0.256403
-0.036091
0.226327
0.169767
-0.290708
0.222294
0.291682
-0.209017
0.304062
-0.123037
0.297184
-0.062173
0.201614
0.268666
-0.365462
-0.288657
-0.116011
-0.333465
-0.174752
-0.061935
0.018818
0.086885
-0.057799
-0.013670
-0.447756
-0.072590
0.530458
-0.405729
0.069208
-0.181497
0.133530
0.036788
-0.239694
-0.536966
-0.218352
-0.438175
-0.165197
-0.257279
0.071018
0.276164
-0.284436
0.261839
0.023552
-0.352967
0.083283
-0.120032
-0.019689
-0.322315
0.118007
0.173975
0.493706
0.102898
-0.114198
-0.032844
0.105577
-0.081944
0.126258
0.252963
-0.130988
-0.230541
0.205267
-0.262457
-0.192718
-0.179758
-0.032475
-0.204436
-0.166926
0.284876
0.145173
0.197980
-0.127385
-0.263041
0.157314
-0.049738
0.002256
-0.073121
-0.538096
-0.122567
-0.110054
0.013658
0.143103
-0.164301
-0.076860
0.069000
0.227747
-0.370874
-0.165420
0.137662
-0.249001
0.068438
0.164460
-0.101003
-0.421223
-0.128297
0.126705
-0.018909
0.239466
0.147712
0.487363
0.331623
0.315821
-0.320109
0.141666
0.227231
0.374053
0.048422
-0.216293
-0.200805
0.171226
-0.012896
0.229012
-0.170610
-0.256121
0.305364
0.094058
-0.304275
-0.151439
0.005436
-0.697403
-0.545939
-0.164279
0.011096
0.219391
0.047905
0.238233
-0.231229
-0.018364
-0.102304
0.254286
0.088966
0.044982
-0.071362
0.162559
0.186164
-0.134313
-0.178870
-0.244548
-0.166701
0.153488
-0.280414
0.007963
-0.137535
0.359549
0.159573
-0.126661
0.342413
0.043884
-0.254431
-0.350690
-0.173800
0.016532
-0.212333
0.204147
-0.309865
-0.085960
0.263091
0.213971
-0.001695
0.047211
-0.095820
0.083950
0.345431
-0.163375
0.150747
0.139398
0.648529
0.131207
0.086712
-0.291212
-0.348301
-0.118725
0.267553
0.183643
0.259659
0.306216
-0.184725
-0.357408
-0.220859
0.151186
-0.246258
0.068857
-0.071512
-0.075556
0.273663
0.494105
0.013849
0.028360
-0.112179
0.052363
0.107802
0.021875
-0.224103
0.285736
0.133463
-0.022427
-0.273109
-0.135513
-0.158002
0.176231
-0.274375
0.053982
0.191128
-0.422864
0.249437
-0.073191
-0.108036
0.055800
0.438649
0.074920
0.256685
0.164751
0.311178
0.020700
0.181785
-0.070936
-0.364079
0.529761
-0.048894
-0.504770
-0.150986
-0.396468
0.272271
0.200079
-0.085495
-0.043125
-0.035487
0.071974
0.083667
0.008430
0.044227
0.216227
0.117315
-0.315562
-0.484725
0.498515
-0.205678
0.064623
-0.110322
-0.066776
0.092924
-0.448953
-0.333676
0.161965
0.034340
0.054054
0.097748
-0.270348
-0.492904
0.402776
0.252580
-0.347963
0.303085
0.063611
0.277183
0.157967
0.480891
-0.174565
0.146601
-0.133526
-0.202613
0.265833
0.424231
-0.365749
-0.330011
0.221250
0.513069
-0.116842
-0.289694
-0.106645
-0.190104
0.214333
-0.055306
0.077128
-0.085948
0.241136
-0.182272
-0.092150
0.204269
-0.024886
0.201035
0.016683
0.588761
0.032168
0.175047
0.070711
-0.179774
0.027415
-0.498645
-0.065621
0.058884
-0.184056
0.138981
0.137827
0.032008
-0.364585
-0.050911
-0.000353
0.119960
0.051103
0.471338
-0.210607
-0.009403
-0.250263
-0.119895
0.590462
-0.230558
0.068286
-0.119675
-0.053669
-0.140208
-0.388209
-0.263420
0.088611
0.071180
-0.320377
0.073426
-0.203097
-0.461137
-0.322086
0.056943
-0.075990
-0.211682
-0.049305
-0.153601
0.158450
0.385107
-0.153385
-0.372687
-0.012372
0.024055
0.192011
-0.159971
0.113044
-0.013429
0.350066
-0.255205
0.099069
-0.474711
-0.020987
-0.320842
0.149706
-0.149602
-0.095964
-0.105891
0.291545
0.058871
-0.050578
-0.292411
-0.364655
-0.123378
-0.004869
-0.308260
0.151679
0.133347
0.438273
-0.123999
-0.129000
-0.097371
-0.214039
-0.491448
-0.110288
0.145132
-0.019027
-0.230702
-0.382372
0.172998
0.108594
-0.347710
-0.065586
0.319051
-0.292524
-0.218351
0.222282
-0.069337
-0.160922
0.072453
0.197308
0.390892
0.051692
0.006002
-0.160915
0.024685
0.304402
0.303833
0.020741
0.233392
0.228004
-0.008670
-0.034854
-0.223727
-0.196492
-0.383764
-0.199309
-0.012727
0.134205
-0.116895
0.175586
0.283014
-0.138084
-0.140482
-0.075612
0.274016
-0.184263
0.146536
-0.089822
0.290018
-0.152139
-0.040839
-0.115355
-0.212596
0.342124
-0.199259
0.115659
0.481753
0.172892
-0.309230
0.120178
0.139923
-0.026653
0.234156
-0.179204
0.096730
-0.222870
-0.061492
-0.135077
0.344698
0.013891
0.176301
0.050636
-0.052013
-0.415326
-0.272185
0.387701
-0.038696
-0.029888
-0.515808
-0.229830
0.610475
0.353252
-0.355622
0.180240
0.250546
-0.258709
-0.057458
0.012134
0.018919
-0.025124
-0.442323
0.300979
-0.102542
-0.117281
-0.028839
-0.005518
0.054939
0.307071
0.160032
-0.206138
0.052794
0.436515
-0.270957
0.217413
-0.133913
0.031338
-0.153028
0.452595
0.031834
0.247128
-0.033533
-0.381282
0.629852
-0.250165
0.057557
-0.388667
0.016383
-0.042844
-0.130670
-0.074219
-0.119588
-0.078073
0.178565
-0.164279
0.099500
0.203011
0.297290
0.044243
-0.129069
0.146976
0.005394
0.086604
0.426417
0.076775
-0.131675
0.015684
0.001402
0.266455
-0.161380
-0.306060
-0.153847
0.213901
-0.050151
0.111092
0.585323
-0.105804
0.000173
-0.179657
0.076442
-0.207639
-0.587809
-0.018321
0.203114
-0.173796
0.300149
-0.290899
-0.062798
-0.610720
-0.319017
-0.057394
0.319717
0.358201
-0.031242
0.306693
-0.066086
0.078857
-0.453751
-0.011630
0.030901
-0.131738
0.117972
0.045449
-0.209206
-0.093360
0.531272
0.343888
-0.209283
0.193260
0.280994
0.058879
0.082657
-0.285296
-0.241446
-0.259965
0.231942
-0.596785
-0.076259
0.202543
0.091948
-0.073534
0.120280
-0.150552
0.517045
-0.087428
0.193545
-0.227530
-0.562695
-0.227576
0.014002
-0.334249
0.018977
0.279440
-0.247072
-0.013875
0.355517
0.009958
-0.042889
-0.046849
-0.175001
-0.109758
0.379562
0.010687
-0.113285
-0.225090
-0.055928
0.081091
-0.000027
0.163915
0.081115
-0.310208
0.176083
0.216365
-0.431460
0.006938
-0.164348
-0.086855
0.057132
0.035270
0.073810
0.045448
0.040535
0.316157
-0.219137
-0.045181
0.164115
0.196689
0.007562
-0.337299
0.068628
0.027319
-0.038054
0.462867
-0.053808
0.067178
-0.209942
-0.081343
0.298353
-0.304617
-0.000884
-0.152109
0.016335
-0.052792
0.189051
-0.036860
-0.250194
0.063067
0.294453
-0.076003
0.147361
-0.367648
0.107922
-0.062171
0.554567
-0.251780
0.078659
-0.051892
0.270740
0.103331
-0.115191
-0.190692
-0.084921
0.075869
-0.239987
-0.490561
0.076823
0.201237
0.197822
0.045909
0.065956
-0.093548
0.304894
-0.001678
-0.400410
-0.116170
0.200515
0.228070
-0.006875
0.229874
-0.281371
-0.144774
0.512732
-0.405237
0.045655
-0.386782
-0.079189
0.099307
-0.173609
0.177877
-0.078930
-0.180894
-0.094635
-0.505867
0.202221
-0.262810
0.474332
-0.213306
-0.178213
0.068798
0.087659
-0.234974
-0.129028
0.043990
0.222217
-0.257483
-0.431174
-0.311770
0.307536
-0.246284
0.079666
-0.474279
0.118106
0.314758
-0.193408
-0.110716
0.098679
0.180693
-0.470088
0.108985
0.575316
0.043717
-0.089236
0.101658
0.581145
-0.083369
0.209304
0.223024
0.256377
-0.066737
0.278576
-0.207197
0.059907
0.090220
-0.001644
0.075777
-0.011361
-0.311636
0.074852
-0.110897
0.065650
0.322611
-0.271727
-0.074680
0.011166
-0.009392
0.189334
-0.000376
-0.126153
-0.261476
0.349434
0.024295
0.255302
-0.160307
0.204055
-0.232657
0.047449
0.340273
-0.096944
-0.125407
0.409010
-0.207851
-0.008476
0.029967
0.068020
0.006017
0.260655
-0.129794
0.010338
-0.274129
0.057141
0.137775
-0.113813
-0.220463
-0.170020
0.192653
0.179464
0.013503
0.344452
0.161401
-0.263626
0.220870
0.282207
0.156373
-0.084417
0.115548
0.165311
-0.228591
-0.417556
-0.060441
-0.055193
-0.085584
0.069812
-0.359611
-0.144283
-0.174863
-0.141893
0.210525
0.078285
0.087376
-0.183685
0.133132
0.085853
0.050157
0.250893
0.176877
-0.123308
0.112230
0.075094
-0.257546
0.036131
-0.168780
-0.014293
-0.157545
-0.238080
-0.047453
0.047782
0.352066
-0.256743
0.332238
0.010453
-0.531402
0.032303
-0.358784
0.215125
0.155930
-0.130628
0.133898
-0.177685
-0.326478
0.274079
-0.266826
0.233407
-0.271116
-0.105624
0.211208
-0.024114
-0.233391
0.105883
0.301451
-0.391962
-0.056374
0.230781
-0.049854
-0.073397
-0.038405
-0.084495
-0.134913
0.157235
-0.030021
0.310519
0.433662
0.191123
0.262601
0.024799
0.125384
0.106507
0.397236
0.498910
0.194988
0.332714
0.136749
0.180733
0.268157
0.025249
-0.021445
-0.281123
0.140586
0.312990
0.200245
-0.008985
-0.266430
-0.177852
0.183209
0.261841
-0.093042
0.159418
-0.261517
0.117742
-0.194889
-0.175034
-0.150111
-0.464959
0.224595
0.408045
-0.182805
0.040461
-0.013993
-0.103788
0.022937
0.215089
0.124060
0.383541
0.485710
-0.379031
-0.345385
-0.175154
-0.030546
0.221429
-0.085491
-0.093686
-0.092354
0.334960
-0.086637
0.066501
0.110191
0.106506
0.355151
-0.084384
0.172021
-0.027312
-0.118325
0.337362
-0.187065
-0.248404
-0.187982
0.149444
0.218519
0.058112
-0.236395
-0.673374
-0.109304
0.196764
0.226896
-0.237188
-0.126695
0.188368
0.029341
0.080084
-0.029943
0.260145
0.174523
0.110307
-0.559434
-0.211792
-0.044038
-0.004181
-0.133739
0.580893
-0.089158
-0.024662
0.089216
-0.110036
0.269590
0.057510
0.243078
-0.095976
-0.586068
-0.053578
-0.150925
0.115435
-0.020046
0.078115
0.252734
-0.031425
-0.172005
-0.113266
-0.205891
-0.391653
-0.191246
-0.148649
0.057402
-0.189112
-0.187170
0.049070
0.246600
0.189657
0.385703
-0.052845
0.067408
0.403805
-0.179424
-0.274004
0.312283
-0.195337
-0.176657
0.012121
0.025051
0.394311
0.046827
-0.057362
-0.054547
0.114789
-0.379705
0.233717
0.029873
0.124291
0.081413
0.400901
-0.145716
0.187922
0.151510
-0.029437
0.155042
0.393836
-0.171969
0.733148
-0.428137
0.285602
0.041709
0.377244
0.041869
0.089132
-0.214506
-0.204901
-0.029389
0.478096
0.175295
-0.328442
0.429778
0.073067
0.139586
-0.003294
0.165380
-0.340814
-0.175798
-0.140769
-0.133230
-0.176066
-0.121288
-0.079076
0.054835
-0.177201
-0.194124
0.623139
-0.208198
0.063130
0.107069
-0.168638
0.283434
0.163612
0.290175
-0.329676
-0.138817
-0.011235
0.347940
0.029412
0.226075
0.041465
0.100855
0.221338
0.124178
-0.115140
-0.270770
0.041647
-0.083351
0.104887
-0.199477
0.467276
0.199866
-0.118596
0.014173
-0.300839
0.332604
-0.077508
-0.154135
0.674334
0.003545
0.053234
-0.196512
0.234171
0.039862
-0.268429
-0.016795
-0.053617
0.144395
0.200758
-0.083964
0.006939
-0.460708
-0.014156
-0.151701
-0.202994
-0.078133
0.410490
-0.497444
0.083076
-0.000522
-0.027206
0.249897
0.089472
-0.144423
0.195214
0.313539
-0.281402
-0.110109
0.190443
0.014990
0.300513
-0.358988
0.791406
0.131878
-0.050270
-0.047542
-0.407750
0.232698
-0.451430
-0.081843
0.350164
0.059370
0.002624
0.235489
0.202004
0.054228
0.052056
-0.042389
0.112703
0.038326
-0.180467
-0.163867
0.528208
-0.376936
-0.286239
-0.237109
-0.094916
-0.302448
-0.142894
-0.289288
-0.148703
-0.034537
0.129580
0.008820
0.043408
0.191165
-0.084841
0.161896
0.307234
-0.001765
0.018677
-0.370906
0.073916
0.517964
0.520895
-0.103246
0.144549
0.257066
-0.251203
0.167314
-0.084782
-0.055199
-0.144548
-0.343237
0.008163
0.167019
0.282496
0.269842
-0.109283
-0.194270
0.222320
0.126457
-0.394094
0.279561
-0.036662
0.292098
-0.073313
-0.482203
0.132102
-0.259240
0.252020
-0.093525
0.240494
-0.376959
-0.224479
-0.111535
0.369764
0.241819
-0.380105
-0.159609
-0.076850
-0.037551
-0.048989
0.131158
-0.060384
0.238529
0.721017
0.281671
-0.020302
-0.225874
-0.097136
-0.223210
0.132258
-0.502533
-0.081506
0.402572
-0.333576
0.134698
0.257343
-0.338854
-0.695472
0.575180
0.243975
-0.324155
0.013541
-0.017038
-0.058376
0.197651
0.039751
0.057596
-0.136317
-0.427152
-0.380949
0.021004
-0.105016
0.150112
-0.410245
-0.074580
0.384318
0.469400
-0.191328
0.163506
-0.159448
-0.161382
0.135625
-0.210899
0.252028
-0.217450
0.106377
-0.061405
0.113962
0.182974
-0.080599
-0.442513
-0.119361
0.147886
-0.195001
-0.320714
-0.208717
-0.113857
0.319887
-0.501622
0.221775
0.204149
-0.112525
-0.141613
-0.244486
0.223580
-0.146063
-0.082791
-0.528215
0.057710
0.078857
-0.152335
-0.104968
-0.332098
-0.133341
-0.040876
-0.261732
-0.114968
0.408514
0.315827
-0.011125
0.299090
0.171682
-0.340603
-0.129011
0.239953
0.207607
-0.066561
-0.334630
-0.112424
0.068910
0.324565
0.043682
0.177533
-0.077886
0.127010
-0.054840
0.418764
-0.045433
-0.547266
0.244870
-0.102560
-0.310951
0.154973
-0.036076
-0.105858
0.599716
-0.310108
0.257911
0.592907
-0.102737
0.241203
0.227398
-0.249333
-0.361494
-0.120417
-0.191668
0.035887
-0.126238
-0.087727
-0.119547
0.211918
-0.147414
0.207184
0.039598
0.200305
0.316342
-0.386108
0.220194
0.308032
-0.165931
-0.207659
-0.030840
0.430607
-0.313430
-0.253031
-0.442055
0.108195
-0.055796
0.118548
-0.164053
0.183676
-0.314806
0.185165
-0.265552
-0.217611
-0.186216
-0.027638
-0.680916
0.092679
-0.117782
0.540806
0.172141
0.147342
0.283121
0.101104
-0.058497
-0.148671
0.219448
0.040211
0.039082
0.080753
-0.083343
-0.390209
-0.115244
0.269375
-0.377930
-0.229319
0.274695
0.016065
-0.019285
0.159570
-0.325184
0.094565
0.139605
-0.103911
0.189798
0.011114
-0.285107
-0.160221
0.089617
-0.232561
-0.145522
-0.318269
0.412407
0.449675
0.443074
-0.077095
0.154966
-0.309331
-0.302114
0.034682
-0.136741
-0.472327
0.080375
0.024340
-0.334483
0.181451
0.218470
0.280477
0.095195
0.297370
0.517053
-0.164250
0.031197
0.264661
-0.157120
-0.114011
-0.210958
-0.390316
-0.394622
-0.374877
-0.577654
-0.384628
-0.150601
-0.067481
-0.715026
-0.080307
0.220403
0.115941
0.025742
0.004516
-0.064902
0.154262
0.012756
-0.080934
-0.453009
0.314622
-0.038390
0.109543
0.044937
0.083891
0.003817
0.084804
0.160885
0.340227
0.045356
0.428442
-0.083637
-0.308462
-0.055241
-0.070341
-0.341895
-0.030375
-0.037739
0.044019
0.496547
0.094661
0.183760
0.163980
-0.198945
-0.109085
-0.293866
-0.113816
0.038400
-0.278730
-0.190266
-0.055404
0.119256
0.135751
0.127594
-0.040257
-0.019652
0.357546
0.078181
0.120420
-0.058415
-0.201118
-0.112450
0.123733
0.267062
-0.179774
-0.165515
-0.001738
-0.140477
0.308837
0.168300
-0.110969
-0.000613
0.256771
-0.069592
0.063564
0.027696
0.513813
-0.393159
0.218658
-0.075020
-0.195545
-0.182778
-0.357712
-0.284096
0.211793
-0.312595
-0.124586
0.217127
0.164130
0.299482
-0.418248
-0.171489
0.061235
-0.263270
0.175509
0.423248
0.110579
0.002017
-0.067307
0.073303
0.034269
-0.112022
-0.246583
0.031589
0.289782
0.248011
0.045430
0.107654
0.176461
0.160846
-0.122667
-0.055172
0.171460
-0.153088
-0.043554
0.290507
0.372252
-0.036648
-0.102766
-0.034463
0.056923
0.306508
0.039281
-0.221034
-0.139085
-0.092271
-0.251072
-0.076793
0.075140
0.027972
0.064733
0.158442
0.203686
0.137951
0.293303
-0.025747
-0.084393
0.301742
0.054148
0.340227
0.386663
0.137328
-0.098685
0.128127
-0.142275
-0.670382
-0.201646
0.221107
-0.266348
-0.425696
0.362136
-0.327609
-0.058073
-0.106906
0.104588
0.271651
-0.402667
-0.247092
0.083240
-0.445180
0.273891
-0.043081
0.018586
-0.102848
-0.136192
0.198618
-0.067704
0.237140
0.246971
-0.089108
-0.039130
0.084671
0.040003
0.159056
0.069950
-0.161672
0.106834
-0.148711
0.210224
0.380525
-0.484947
0.041682
-0.099829
-0.089947
0.244598
-0.064428
-0.108403
0.517078
0.327638
0.144184
0.057366
-0.568284
0.075319
0.418731
0.214098
0.246001
-0.203250
-0.232431
-0.140076
-0.066309
-0.188645
-0.119111
-0.292422
0.366199
-0.112875
-0.425600
-0.237041
-0.255949
-0.084593
-0.082608
0.290988
0.016921
0.087481
0.330858
-0.191095
0.222200
0.299767
-0.149597
-0.089304
-0.295462
0.278004
-0.104630
0.161778
0.091010
0.088018
0.344250
0.057186
-0.054541
0.411623
-0.337637
0.182789
-0.163315
-0.089186
0.072182
0.094858
-0.315172
-0.071984
-0.216341
-0.359519
-0.632726
0.084863
-0.240101
0.294086
-0.543211
-0.283165
0.064698
0.527914
-0.299744
-0.072357
-0.599387
0.284149
-0.162281
0.000067
-0.276986
-0.181026
0.021712
-0.034512
0.392636
-0.385774
0.283762
0.275443
0.409231
0.026693
0.110335
0.364384
-0.085227
0.553402
-0.190569
0.239791
0.061793
0.217757
0.094908
-0.583237
-0.396503
-0.195314
0.032882
-0.038055
0.138614
-0.225695
0.338812
-0.028421
-0.328940
-0.195904
-0.079876
-0.134866
-0.125288
-0.246278
-0.538412
0.156525
0.195919
-0.107626
0.028715
0.053064
-0.116001
-0.012454
-0.166418
0.319546
-0.103119
-0.111255
-0.155728
-0.059066
0.029620
-0.210122
0.160580
0.072677
-0.250288
0.585006
-0.124908
0.076621
0.036272
0.348919
-0.265150
-0.047148
-0.233174
0.206003
0.213048
-0.208452
-0.083655
0.275109
-0.200752
0.103635
0.115629
-0.003496
0.400498
-0.091268
0.113529
-0.040013
-0.246777
0.233569
0.141980
0.031059
-0.049637
-0.001489
-0.187425
0.652342
0.192283
-0.163017
-0.236311
0.007031
-0.166313
0.135332
-0.303051
0.193319
0.053077
0.357409
0.040684
0.025270
-0.159345
-0.254549
0.091881
-0.246372
-0.269837
0.048414
0.114416
0.182825
0.203775
0.227298
-0.113753
0.321656
-0.195384
0.079609
-0.001190
-0.270304
0.312216
-0.369606
0.078413
0.304054
-0.286812
0.034352
0.119823
0.298610
-0.087323
0.114909
-0.225745
0.317920
-0.075109
0.055601
0.406351
-0.364117
-0.297422
-0.144014
-0.143403
-0.004496
0.083652
-0.072720
-0.184143
-0.234042
0.057252
0.071383
-0.136737
0.328998
-0.162537
0.254168
0.048571
0.403485
-0.370850
-0.282714
-0.285473
-0.162110
-0.121156
0.445034
0.136833
-0.046209
0.168127
0.046305
0.573073
-0.291439
-0.249342
-0.035349
-0.257895
0.057049
-0.213365
-0.061199
-0.189850
0.068734
0.274617
-0.150153
0.003630
-0.294135
-0.072163
0.163894
-0.366517
-0.018675
0.082071
-0.378566
-0.634022
-0.427170
0.227091
0.131963
-0.310793
-0.041492
-0.096119
0.196824
-0.059981
0.172205
0.243403
0.570503
-0.068699
-0.484259
0.121942
0.084070
0.045898
0.007924
-0.228049
-0.385617
-0.251478
0.140147
0.185420
0.275780
-0.094049
-0.104497
-0.164799
-0.134364
0.060340
0.054479
0.236173
0.497571
0.131292
-0.148281
0.268325
-0.058091
0.078082
-0.186837
-0.194427
0.011259
0.159533
0.036282
-0.101581
-0.042382
0.167175
0.250361
0.165719
0.155339
0.253393
0.260549
0.172015
-0.044369
0.128285
0.250242
-0.448598
0.200371
0.154382
-0.133799
0.203258
-0.065660
0.022440
0.392687
0.441504
-0.195594
-0.255293
0.193861
-0.216757
-0.141955
0.053538
0.109140
-0.408614
-0.155596
-0.200601
-0.399004
0.109180
-0.181317
-0.200487
0.111156
-0.134729
-0.005864
0.311271
-0.153022
-0.004623
-0.141085
0.057159
-0.531449
0.109323
0.389595
0.026162
-0.114265
-0.517352
-0.183803
-0.130555
-0.070736
-0.039728
0.234341
0.122341
-0.500112
-0.016475
0.065793
-0.231505
0.574659
0.002442
0.095660
-0.579171
-0.058108
0.072765
0.118638
-0.122476
0.138103
-0.233760
-0.136693
-0.195226
-0.239529
-0.348412
0.292851
0.239542
-0.296829
-0.076779
-0.173000
-0.276359
0.220828
0.042884
0.112935
0.533995
-0.394784
-0.083631
-0.150724
-0.278953
0.238560
0.015514
0.779049
-0.174370
-0.256202
0.362196
-0.379115
0.013852
0.179188
-0.046107
-0.535774
-0.175979
0.069514
-0.130722
0.022725
-0.493828
0.148034
-0.150112
-0.173375
0.035775
-0.219887
0.139119
-0.347823
0.382308
-0.094597
-0.749294
-0.116288
-0.128002
0.602094
-0.019662
-0.218756
-0.036037
-0.041236
-0.258535
0.003838
0.168391
-0.094982
-0.213368
-0.063831
0.006248
0.139014
-0.192681
0.240915
0.017410
0.151295
0.065293
0.057719
-0.391440
-0.220023
-0.046737
-0.110726
-0.127233
0.150443
-0.277239
-0.081936
-0.110119
0.109206
-0.098827
0.186084
-0.149276
0.022837
-0.347007
0.081298
0.578369
-0.173861
-0.232014
0.048744
0.225170
0.407787
0.376861
-0.041989
-0.234426
-0.085657
0.174609
0.056863
0.250965
0.083692
-0.099847
-0.023973
0.038231
-0.350243
-0.445821
-0.592359
0.191901
0.282745
0.253652
-0.058345
0.151206
0.129321
0.198677
0.302868
-0.185521
-0.164029
0.511929
-0.208412
-0.451491
0.045215
-0.217920
0.081557
-0.272542
-0.292720
0.011895
0.242964
-0.102620
0.381390
-0.230699
0.224409
-0.270173
0.177043
0.085720
-0.040237
-0.113044
-0.317523
0.264090
-0.028209
-0.125292
0.164618
0.171539
0.236457
-0.091686
0.120915
-0.066141
-0.184392
-0.373871
-0.050754
-0.357614
0.318104
-0.109506
0.105621
0.318167
-0.022639
-0.001119
-0.023984
0.490451
-0.224807
-0.048932
0.051009
0.013099
0.049039
-0.025900
0.250417
0.306138
-0.319404
0.009601
0.056758
-0.107888
-0.371988
0.235532
0.021231
-0.114515
-0.536389
0.186857
0.007492
0.074082
-0.141419
0.130452
-0.314162
-0.402456
-0.181450
0.074083
-0.050560
-0.007358
-0.112125
0.056008
-0.192982
-0.184167
-0.110682
-0.304711
-0.050712
0.449148
0.062857
-0.194713
0.125644
0.184529
-0.089800
-0.132438
-0.033516
-0.560828
-0.250569
0.062995
0.186924
0.295860
0.011599
-0.262664
-0.410372
-0.128008
0.098990
0.083671
0.040562
0.065586
0.030888
-0.195704
-0.037165
0.119305
0.299187
0.542593
-0.185860
0.473545
-0.187839
0.209298
-0.201064
-0.163096
0.242189
-0.072776
0.075268
-0.236033
-0.236986
-0.347198
-0.123318
-0.169535
0.437711
-0.318464
-0.089347
0.058551
0.281846
0.172079
-0.056013
0.069031
0.078066
0.383065
-0.106887
0.271257
-0.112944
0.277869
-0.515960
-0.015409
-0.421387
0.032977
0.043244
-0.127835
0.101410
0.146487
0.105986
0.409295
0.322490
-0.011066
-0.049616
-0.076363
0.151951
0.019320
-0.185965
0.346487
0.413779
-0.011488
-0.098528
-0.108248
-0.107147
0.360719
0.073311
0.044319
0.140612
-0.086690
